date,ticker,close,volume,dev_price,dev_volume,order_flow,pre_agm,R30,Z30,Y_target,R5,Y_target_5,R21,Y_target_21,Y_target_30,R63,Y_target_63,R252,Y_target_252
2024-03-12,AIRA,1085.0,73740.0,-6.178509764385934,-0.8614057161049248,-0.16597162919335934,0.0,-0.1747751280081925,-3.070449309011622,13.678309375547693,-0.04730392985151058,22.95206840195558,-0.16796337685611878,11.862020784681294,13.678309375547693,-0.21470279057859704,15.821386633066853,-0.4240872503840245,24.67562499860309
2024-03-13,AIRA,1079.99,218010.0,-6.53963249987953,0.22258720077977398,0.10888887679012683,0.0,-0.17924568873874053,-3.1509432339075656,13.117995474891448,-0.02398723414105687,35.11397085614518,-0.17423470998849636,11.095841485687096,13.117995474891448,-0.2043995933053172,17.00647177919609,-0.41743683395731035,25.031326400098052
2024-03-14,AIRA,1072.03,118780.0,-6.99990617379072,-0.42218948747916063,-0.38205721647110763,0.0,-0.12500765479199896,-2.17436948977291,21.33882210109449,-0.004695614854121035,47.00104305203674,-0.16062815841596476,12.81585494128674,21.33882210109449,-0.18853996646178905,18.96695073591994,-0.41932804199242824,24.929827461289783
2024-03-15,AIRA,1064.0,223260.0,-7.454181138902759,0.24638324665079797,-0.41944846735541247,0.0,-0.0886922305764411,-1.520498262971993,28.65296298344783,0.00662543859649128,54.23371018481574,-0.1587187552213868,13.074648539672944,28.65296298344783,-0.18732704678362572,19.12378869591195,-0.4215025062656642,24.8134667005403
2024-03-18,AIRA,1025.0,315820.0,-7.454181138902759,0.5932184835409805,-0.2857142816326531,0.0,-0.049486604723190095,-0.8145879995533842,38.018742014779264,0.03639298296554385,71.74615826659617,-0.13223910181958962,17.137724465474403,38.018742014779264,-0.16169593495934964,22.670223503414107,-0.4011177797135114,25.91852899902315
2024-03-19,AIRA,1036.6,38280.0,-6.7920305917990085,-1.517021448969069,-0.2927683882520505,0.0,-0.05962182547338815,-0.997076002075216,35.47451750520401,0.02176270729399235,63.5832270762441,-0.14595171860692305,14.920848829667522,35.47451750520401,-0.16929728308971015,21.57213522066958,-0.4114323413081226,25.35540057594773
2024-03-20,AIRA,1057.0,131550.0,-4.265458332560438,-0.2212410339216054,-0.022004889486444086,0.0,-0.09434956375486178,-1.6223604183976952,27.420009485267,-0.007477591191001787,45.23127719324479,-0.14654893303899927,14.829895676803934,27.420009485267,-0.18740998633448963,19.113032636645816,-0.42465240197624304,24.645554746615357
2024-03-26,AIRA,1069.9,108850.0,-2.359814508348296,-0.3434035277809429,0.7472466754612741,0.0,-0.13042519616875642,-2.2719141144821964,20.37290701050803,-0.03185433340454613,30.67287253407059,-0.16159984099537567,12.68584188357646,20.37290701050803,-0.20231789226704175,17.254307910941037,-0.42977558149626804,24.374090150511613
2024-03-27,AIRA,1073.94,175760.0,-1.7356554244623783,0.21681949081562774,0.07794914222805233,0.0,-0.12239134433332718,-2.127261954441658,21.817095137266797,-0.07158936331017876,13.790397748984956,-0.16198415212519635,12.634732185974606,21.817095137266797,-0.20588640830338134,16.831198075284203,-0.4453574963840313,23.56096575462272
2024-03-28,AIRA,1065.1,151420.0,-2.310888510960006,0.05372233877493028,-0.837325589962479,0.0,-0.12529551607047845,-2.1795525273216554,21.286669109599483,-0.08261685503857592,10.763300098025908,-0.15416949243159214,13.709155962234354,21.286669109599483,-0.1970706048541533,17.89169119518496,-0.45476080601270014,23.0794303041858
2024-03-29,AIRA,1062.0,34370.0,-2.260590490523913,-1.4150060705608776,-0.7095133834776043,0.0,-0.12551279257465697,-2.183464662658391,21.24736587323098,-0.08181437315039007,10.962239841311112,-0.16017470406241593,12.876916061601213,21.24736587323098,-0.19788109362389023,17.79205272005491,-0.4641394673123487,22.6060609970739
2024-04-01,AIRA,1052.0,86890.0,-2.8961524352123686,-0.39112972654080486,0.09090908677685969,0.0,-0.11329547649224456,-1.9634878448852089,23.539530588651512,-0.09489062254813205,8.095808257536602,-0.10312846882732815,22.692131145050737,23.539530588651512,-0.1898919488200857,18.793294389880757,-0.4511805495201883,23.26195632630268
2024-04-02,AIRA,1038.76,30940.0,-3.938492306097056,-1.423719635766577,-0.5182272866966656,0.0,-0.11627721728043264,-2.0171750741903707,22.964708129167583,-0.08618536004772477,9.916687443856171,-0.06123221327076789,32.697875469771745,22.964708129167583,-0.18006195236139305,20.083934766867724,-0.4492456161864543,23.36101950857722
2024-04-03,AIRA,1000.0,279880.0,-7.439634836315556,0.7785870515524171,-0.6427933444759182,0.0,-0.08240277777777778,-1.4072545846672078,30.061883707454573,-0.05015031746031747,21.688762808769102,-0.020394047619047617,44.25765456196235,30.061883707454573,-0.1442403968253968,25.33862916534223,-0.41054880952380957,25.403319625128628
2024-04-04,AIRA,980.0,153330.0,-7.454181138902759,0.08039866917196978,-0.99999995171415,0.0,-0.06537602040816326,-1.1006821854677022,34.06476714417048,-0.03980623582766436,26.5211849414753,0.000538378684807302,50.526163350339424,34.06476714417048,-0.12782120181405895,28.030882995375737,-0.39269557823129253,26.38433038562093
2024-04-05,AIRA,977.97,117790.0,-7.454181138902759,-0.25744089700292544,0.6499733444333183,0.0,-0.07015450976682996,-1.1867204671812872,32.91499361447231,-0.04452473882975282,24.234552412099507,-0.014964131312821495,45.874279052245576,32.91499361447231,-0.12902558931596403,27.827566364108453,-0.39124420866693255,26.465140683968585
2024-04-08,AIRA,954.99,174160.0,-7.454181138902759,0.20778050090007008,-0.18972972460189885,0.0,-0.0446295363601414,-0.7271348768705439,39.2627506029635,-0.04448867291804103,24.251511553346976,-0.01895546194948943,44.684918048527294,39.2627506029635,-0.1113935209119617,30.892356837904146,-0.3711937505329151,27.597609792019995
2024-04-09,AIRA,952.0,23610.0,-7.454181138902759,-1.7905182431006157,-0.07382549840097491,0.0,-0.04981400560224091,-0.8204829606908324,37.93543033914871,-0.05304218020541549,20.457558565769514,-0.0030264005602240896,49.45434409465909,37.93543033914871,-0.11900266106442575,29.54682620390625,-0.3648698179271709,27.96094859085525
2024-04-10,AIRA,952.51,33980.0,-7.454181138902759,-1.3038578595844375,0.3751118733113772,0.0,-0.056754624906658474,-0.9454511073493919,36.186684301132146,-0.04523652600489303,23.901504009361563,-0.015123492745899587,45.82669216997597,36.186684301132146,-0.12176414732887031,29.067012473617947,-0.36842177186657876,27.7565125698298
2024-04-11,AIRA,943.59,158640.0,-7.454181138902759,0.2935402439123233,-0.22733332575555368,0.0,-0.04253738504515936,-0.6894650003227603,39.80302948683513,-0.04129248862878804,25.786281441975824,-0.00891140079756193,47.68646959088368,39.80302948683513,-0.12246656926762484,28.945701443339868,-0.3727295954432389,27.50981074629577
2024-04-12,AIRA,937.01,87920.0,-7.454181138902759,-0.3532051084832596,-0.13449781072062153,0.0,-0.03875183526187573,-0.6213049241463352,40.78687331980555,-0.04108114996570482,25.889966847100474,0.0023025315707867217,51.05647224640033,40.78687331980555,-0.1246108632482281,28.57723674068302,-0.3664184479701814,27.871702531927912
2024-04-15,AIRA,915.0,44570.0,-7.454181138902759,-1.0325699561005606,-0.6296296063100145,0.0,-0.021911436377829864,-0.3180879711302542,45.24311073058905,-0.022368377569607068,36.06405548312769,0.010209907624251887,53.42883471382886,45.24311073058905,-0.11313060759823056,30.582205431218778,-0.3490002732240437,28.885491884354742
2024-04-16,AIRA,903.99,89080.0,-7.454181138902759,-0.28356177922581466,-0.6817634997289163,0.0,-0.011908554666902667,-0.13798277679064436,47.9314397280708,0.008384590234615935,55.349327150893146,0.021532190516224625,56.79629104470304,47.9314397280708,-0.13233614666776233,27.273394257460637,-0.34498299663818444,29.12239329625168
2024-04-17,AIRA,911.91,66590.0,-7.454181138902759,-0.5316604971075598,0.9369988008591674,0.0,-0.026139961859226846,-0.3942239712955908,44.114057354001204,-0.005833786868587088,46.27582254433256,0.010381476503268164,53.48017591125143,44.114057354001204,-0.10396447780195514,32.238090798235376,-0.3499094501284849,28.832036197787403
2024-04-18,AIRA,907.1,53420.0,-7.454181138902759,-0.6165800523902591,0.254841188625786,0.0,-0.013122839836702725,-0.15984638298041243,47.60414046240313,0.002766746372969491,51.773238268648555,0.008523474774836217,52.92380764034695,47.60414046240313,-0.11114432090404973,30.93699317402224,-0.3517225821254898,28.725607759438592
2024-04-19,AIRA,901.0,36610.0,-7.454181138902759,-0.8826794904785239,-0.1608391495916652,0.0,-0.010768852069129527,-0.11746205448348608,48.23879811913619,0.01048363899018729,56.67339229103485,0.01835043382132727,55.85494051062487,48.23879811913619,-0.09988178346810422,32.99057693574143,-0.3459572186107147,29.064837730495434
2024-04-22,AIRA,896.99,94620.0,-7.454181138902759,0.06686624366641068,-0.4771428344217689,0.0,-0.008606812900004042,-0.07853382400168225,48.82221055457648,0.0049467718402834635,53.16514515920411,0.014224410457761976,54.62802334967445,48.82221055457648,-0.07926943476038115,36.91786298632015,-0.3368965011952674,29.602710664479083
2024-04-23,AIRA,914.01,137960.0,-7.257484090233008,0.44396083046722074,-0.4479310267598102,0.0,-0.027245561239561306,-0.4141306538908039,43.81980539849509,0.04251899977910005,74.81465774129155,-0.011558559846953838,46.89287562235177,43.81980539849509,-0.08212301730573959,36.36228477558188,-0.3595579054699308,28.26839353863912
2024-04-24,AIRA,909.07,177400.0,-6.872617067477583,0.6954039426867514,-0.838421030567865,0.0,-0.026267705666754203,-0.39652404081008513,44.08003718616625,0.08284997167434845,89.2962101354833,-0.0007462284977792985,50.1399258131354,44.08003718616625,-0.07798380871014002,37.16931578570436,-0.3477493684065051,28.959135801519487
2024-04-25,AIRA,912.11,7530.0,-5.171395750602347,-2.4640951584506103,-0.3751284300998544,0.0,-0.03500344183632825,-0.5538138604829456,41.768394494752954,0.08365366562408146,89.49130503354942,-0.007199347453219007,48.200375528442386,41.768394494752954,-0.09530022962194937,33.84549126296032,-0.34714766746143993,28.994599039600445
2024-04-26,AIRA,912.98,21490.0,-4.2373380643951135,-1.40296146364329,-0.4334763328359994,0.0,-0.0349248728392319,-0.5523991996981791,41.78904070903228,0.08345170884669671,89.44257774271809,-0.014761185401234536,45.93489157054479,41.78904070903228,-0.1098639417247618,31.166892647234278,-0.34393498918768367,29.18438289766761
2024-04-29,AIRA,904.0,23720.0,-4.93472452124899,-1.3042310332075076,-0.7532873667321595,0.0,-0.026096625228262393,-0.3934436809185337,44.125599831735144,0.07528032729315914,87.2978285938243,-0.006899427588144403,48.2904445700278,44.125599831735144,-0.09009737673830596,34.829263696888205,-0.3267940370838601,30.209169356696385
2024-04-30,AIRA,955.51,221180.0,1.0620943064192596,1.0518644474047092,0.6889983466502725,0.0,-0.08154451842637679,-1.3918013411175012,30.257183375928864,-0.010763433779982571,43.15673729957922,-0.06627220481275431,31.378158156686986,30.257183375928864,-0.14325688555251723,25.494990846519926,-0.35300729486189786,28.650338963942534
2024-05-02,AIRA,987.0,165100.0,4.429403436488533,0.6235482737504762,0.6721311318002081,0.0,-0.11540527693346841,-2.001475499789627,23.131776401580122,-0.03004451198919284,31.666947998194722,-0.08926656534954408,25.74896565553336,23.131776401580122,-0.17448458291117863,20.845210965743405,-0.37206492738939545,27.54778628554149
2024-05-03,AIRA,991.0,51650.0,5.350942054852796,-0.538511595147497,-0.7315435259673135,0.0,-0.11197308234427307,-1.939677700779057,23.79762906094143,-0.045086194800826485,23.971582351580984,-0.09703680024986786,24.003062092086907,23.79762906094143,-0.19723615195489563,17.871304045860885,-0.3652892064292922,27.936762376984483
2024-05-04,AIRA,991.7,87110.0,5.641001021399081,0.12005991838226528,0.5387705689525697,0.0,-0.1021335230028283,-1.7625131797319749,25.778598470918347,-0.04880073859061965,22.28138837781194,-0.0998080180978311,23.400346755301175,25.778598470918347,-0.2017126503951048,17.326899029853077,-0.3740079469917778,27.436864038268073
2024-05-06,AIRA,974.51,45760.0,3.8102989144187935,-0.5184443465430251,-0.8385026289570799,1.0,-0.09164169058996358,-1.5736042662502356,28.006029226291407,-0.027927688880842506,32.851211808491875,-0.08361071649683773,27.07080761963075,28.006029226291407,-0.1777690130188342,20.39436050530324,-0.3649105745125796,27.958597588934815
2024-05-10,AIRA,947.8,92060.0,1.0438867127133158,0.42801217397596036,-0.007593998748028951,1.0,-0.07270089446906287,-1.2325689661351509,32.31044395376126,-0.016340276312395912,39.69367288090663,-0.06169805690370679,32.574697770284686,32.31044395376126,-0.17156133795221679,21.252621440644702,-0.35124024583245406,28.753897355297486
2024-05-13,AIRA,960.0,48200.0,2.3077972218914224,-0.46649579289034254,0.6207206927603266,1.0,-0.08235396825396823,-1.4063757530439427,30.072971183608573,-0.02993015873015873,31.73033728634092,-0.07895416666666669,28.190582186727482,30.072971183608573,-0.18457619047619048,19.483155518480284,-0.3544082341269841,28.568395363313748
2024-05-14,AIRA,949.0,59710.0,1.1000946617940779,-0.25235563994816307,-0.6810289170087144,1.0,-0.0731166846471641,-1.2400554058427822,32.21228148013081,-0.020736609129074882,37.032886534181806,-0.06722568074999583,31.131762007345255,32.21228148013081,-0.16207405539665812,22.614678350149152,-0.3523574242728353,28.688398852436148
2024-05-15,AIRA,946.0,46860.0,0.7913770209089215,-0.2983479721147278,0.14449211094533312,1.0,-0.07544470955401184,-1.2819722644433622,31.665578865336126,-0.024581707439846986,34.767975966890916,-0.06516596697875768,31.665351793810014,31.665578865336126,-0.15081591412463505,24.309608948145883,-0.34889406355917985,28.89174039312192
2024-05-16,AIRA,950.0,25370.0,1.1842371150748858,-0.8018213386754036,0.45404909426304924,1.0,-0.07984319131161231,-1.3611683835863557,30.646438800205612,-0.02586384711779449,34.027232085464085,-0.07119465329991645,30.117639393182767,30.646438800205612,-0.14855114870509606,24.660799844972104,-0.3451584795321637,29.112021074343975
2024-05-17,AIRA,935.0,53970.0,-0.5053810631071529,-0.04696201680985403,-0.9791666203046081,1.0,-0.06256134665987606,-1.0500030534847573,34.75101223863327,-0.018514476699770833,38.369071626620574,-0.06032760376878023,32.937752702045294,34.75101223863327,-0.13705323614294201,26.49579947772258,-0.3353700959171547,29.69388874987494
2024-05-20,AIRA,934.0,54520.0,-0.8156749804744311,0.015247698152229492,-0.19999998000000202,1.0,-0.0652461702525407,-1.0983441904589357,34.09628196339631,-0.023995419088406238,35.10919632292925,-0.05178681214098773,35.245172065752904,34.09628196339631,-0.13179272968287958,27.36388519256091,-0.34222232249073786,29.2858538278438
2024-05-21,AIRA,932.0,37300.0,-1.1371952982894016,-0.36432594498027976,0.33333329629630043,1.0,-0.0632015702704544,-1.0615304913907815,34.59434948869461,-0.0166844267320662,39.48293972074081,-0.03859203283602427,38.94598969363187,34.59434948869461,-0.13947670141017784,26.101858285539624,-0.33615528476054224,29.64696612374501
2024-05-22,AIRA,925.39,54350.0,-1.9434101635921508,0.028744006926370195,0.16181816710743688,1.0,-0.057474100529386396,-0.9584055039521697,36.00739254393781,-0.012728238394382675,41.92714641235191,-0.0376074667746263,39.22792607761282,36.00739254393781,-0.13150931844780328,27.411153603862086,-0.3326384401677405,29.857465217477785
2024-05-23,AIRA,928.0,29960.0,-1.706103898427857,-0.5920783470354188,0.13725487205776013,1.0,-0.05725323617952925,-0.9544287682670662,36.06239021158725,-0.022088711001642083,36.22932370944403,-0.04763087027914619,36.39419995427513,36.06239021158725,-0.14135399562123696,25.79931508403488,-0.3329098453749315,29.84118984129345
2024-05-24,AIRA,920.14,45420.0,-2.822578799266127,-0.1507478080302939,0.19624999386718686,1.0,-0.05092470535022102,-0.8404814770927993,37.65332952378721,-0.0158019777787438,40.024054018953905,-0.036982922828168625,39.40714236221028,37.65332952378721,-0.1377825129440275,26.376854418092172,-0.3249788749538113,30.318879074829375
2024-05-27,AIRA,914.0,52670.0,-3.721262116853229,0.053524083799869095,-0.31034480618311683,1.0,-0.047755705776110574,-0.783422591398509,38.460356797496864,-0.01469186985516303,40.70822501289688,-0.032116317599249766,40.81307463690333,38.460356797496864,-0.1362623814733771,26.625174935943395,-0.32391603712965855,30.383222126584787
2024-05-28,AIRA,918.86,52810.0,-3.647246388614838,0.056178620453540176,0.9912915832668318,1.0,-0.057202436438665044,-0.9535141021273322,36.075045089713065,-0.012254287714694102,42.22289275106091,-0.042794645711784304,37.751038551889394,36.075045089713065,-0.14307359258833152,25.524201395796915,-0.32831091835155296,30.117660881401925
2024-05-29,AIRA,916.02,26410.0,-3.823948376103058,-0.6805720050655636,0.14367814027612852,1.0,-0.06515097814458196,-1.0966302250638658,34.119394160716936,-0.013556288618152413,41.41184221297043,-0.040322186742647474,38.45234579991382,34.119394160716936,-0.13814090412873078,26.31852654252499,-0.3253001102596013,30.299446991611813
2024-05-30,AIRA,909.92,82030.0,-4.455443537013041,0.45276867165416324,0.14340526890142077,1.0,-0.06116777013014925,-1.0249112470466804,35.093160527393884,-0.00925195621593104,44.108489871302126,-0.03156960723566134,40.97200570966483,35.093160527393884,-0.12992348219693478,27.676581090230666,-0.33033812014871006,29.99561309520884
2024-05-31,AIRA,908.0,105390.0,-4.48137928353118,0.6922929429527899,-0.3577392191561216,1.0,-0.06883922977414167,-1.1630384157945006,33.229506238001925,-0.007054193762673949,45.49995848525483,-0.033342701559331514,40.45726218383633,33.229506238001925,-0.12802238654639536,27.996857303131296,-0.32989012306831694,30.022560446189527
2024-06-03,AIRA,902.96,79370.0,-4.551421946250141,0.4087458951785851,-0.057988162249215595,1.0,-0.07241597356700577,-1.2274388710366202,32.377800133887725,-0.0059626313668907326,46.193818836134696,-0.027882812155014727,42.048546321616904,32.377800133887725,-0.12816620803396528,27.97254874115286,-0.32545691176532643,30.289964352845516
2024-06-04,AIRA,910.0,49960.0,-2.882825899239843,-0.05415143600770843,0.6806722117082208,1.0,-0.09015637973137973,-1.5468607528737108,28.330700181113034,-0.019164713064713085,37.97615668085188,-0.03658345543345543,39.5219216473119,28.330700181113034,-0.13561245421245424,26.731796970813104,-0.3197186202686203,30.63807902366914
2024-06-05,AIRA,905.99,148140.0,-2.9311676221734233,1.0327829022334505,-0.701250868193463,1.0,-0.11641522878944843,-2.0196600170669057,22.938342191624656,-0.013859533852908806,41.223592576430555,-0.02927088056089477,41.64228493917962,22.938342191624656,-0.1353800766485912,26.769984783935925,-0.317351295982103,30.78234225851071
2024-06-06,AIRA,903.89,53400.0,-2.3531520420340817,0.012436551094229855,-0.08426965503092945,1.0,-0.07779737985658808,-1.324332871547177,31.118187401358256,-0.01254518820066424,42.04130265162247,-0.0288597314657792,41.76250483946877,31.118187401358256,-0.14273601558045318,25.578057012325107,-0.28887014179629594,32.54691492464412
2024-06-07,AIRA,904.01,46160.0,-2.0400008105005023,-0.14015729388177167,0.14913956509181406,1.0,-0.09004790527232893,-1.5449076343531865,28.354500378873283,-0.014884178259195385,40.58943695122113,-0.03229866796757232,40.76010711890825,28.354500378873283,-0.14058129618421483,25.923565215114785,-0.29458322473869947,32.18875201270358
2024-06-10,AIRA,900.0,58010.0,-2.183115596230283,0.09524112933501813,-0.3333333111111126,1.0,-0.0809031746031746,-1.380253733412598,30.403591099413063,-0.014922222222222212,40.56595035718016,-0.03233531746031746,40.74946408592542,30.403591099413063,-0.155465873015873,23.599256306709748,-0.3126873015873016,31.067662642342857
2024-06-11,AIRA,895.02,62380.0,-2.442451615438912,0.16097346276224303,-0.6103225412695158,1.0,-0.05923544855608437,-0.990119157858682,35.5701210625385,-0.0015867984328096748,48.98748328226189,-0.03806092545417976,39.09798497952451,35.5701210625385,-0.16761531567264792,21.81174744986707,-0.3038906894073131,31.609721845335066
2024-06-12,AIRA,895.89,53340.0,-2.046609765210595,0.004415428149988623,0.12085560204752842,1.0,-0.04495083609329163,-0.7329199848576825,39.18000664403639,0.009045188862471956,55.76693856328481,-0.04141864282073324,38.14072674879018,39.18000664403639,-0.1632795048180341,22.43824379444572,-0.34784829488526703,28.953307701833552
2024-06-13,AIRA,895.0,33640.0,-1.9177604219161661,-0.4615323118347553,-0.7126434733783137,1.0,-0.04505019287044422,-0.7347089364993356,39.15443196170637,0.003908386538973116,52.502635585256165,-0.05026527223552363,35.66394901639293,39.15443196170637,-0.16861398421566015,21.669246835415944,-0.34457455440276674,29.146543413888292
2024-06-14,AIRA,892.99,68840.0,-1.997770699407255,0.2545359327297132,-0.599999919463098,1.0,-0.0573250651991873,-0.9557220735283496,36.04449996979984,-0.001376128449864504,49.12228165245881,-0.057043239628165564,33.81610568375753,36.04449996979984,-0.17655445699902078,20.560231110098076,-0.308103909307184,31.349461633778997
2024-06-17,AIRA,888.99,81810.0,-2.2086502607632017,0.4271503062812268,-0.19959877636923043,1.0,-0.06711487380810434,-1.1319908161778267,33.6441107852568,0.005653466226252489,53.6154066162158,-0.0634238728380361,32.12046359197509,33.6441107852568,-0.17038792901146788,21.417785260171346,-0.31334126194038286,31.027569010753353
2024-06-18,AIRA,896.0,98200.0,-1.1703352243228926,0.6097569026375883,0.4071145842772153,1.0,-0.06392589285714287,-1.0745721591831325,34.41750994524051,-0.003925198412698412,47.492675673526406,-0.10153000992063492,23.031161510337743,34.41750994524051,-0.1704946428571429,21.40272617669561,-0.32330897817460313,30.420007326676547
2024-06-19,AIRA,906.39,41490.0,0.1470322325520435,-0.2612137588398737,0.9999999252615901,1.0,-0.07728994519861368,-1.3151963426617763,31.23581250435433,-0.020941855918218677,36.91043102698165,-0.07553856862309347,29.02958741899479,31.23581250435433,-0.15721168197858695,23.336290410484377,-0.3338566617491997,29.784451975203662
2024-06-20,AIRA,900.89,143080.0,-0.36963010099156945,0.9861543783810435,0.4026115123715161,0.0,-0.07465899622278284,-1.2678252359863893,31.849536247768818,-0.01548545841440389,40.218744524046755,-0.08201201208522718,27.452085722757946,31.849536247768818,-0.09515421467254509,33.87291543443358,-0.3320930069726462,29.89018866189618
2024-06-21,AIRA,894.18,47610.0,-1.0174520718534021,-0.15702687530859158,-0.8953067784019278,0.0,-0.08892192194710978,-1.5246339320869464,28.602262476060524,-0.005742469823376286,46.3339539504174,-0.06995518557039218,30.43232026107455,28.602262476060524,-0.09151228388020304,34.56040214202397,-0.32939233375830357,30.052519041625196
2024-06-24,AIRA,896.48,84580.0,-0.667623360182324,0.41762749820873896,-0.02542372342715397,0.0,-0.095534071033375,-1.643687863803778,27.166078540164797,-0.012114377006082363,42.310305084509345,-0.05587282259503837,34.13187173896925,27.166078540164797,-0.10055354118683588,32.86615086558544,-0.3328405903583398,29.845342377510875
2024-06-25,AIRA,895.0,47620.0,-0.7450481769751003,-0.23433614059327137,0.33630282042253173,0.0,-0.08390205950164051,-1.4342496480948939,29.722449180653065,-0.010420832224882505,43.372051342789504,-0.03903211847122462,38.82020591225507,29.722449180653065,-0.08894766781945553,35.04844689345595,-0.3347831958854305,29.72898970329766
2024-06-26,AIRA,889.95,63830.0,-1.2099917027310176,0.05863394011468732,-0.2757863733879668,0.0,-0.09770621470173557,-1.6827980291370608,26.704271140106385,-0.0059036818547859,46.231335011326095,-0.03460040271122776,40.09340279794199,26.704271140106385,-0.0905366877887736,34.74568108602971,-0.32701738855045365,30.195685396901528
2024-06-27,AIRA,889.45,35010.0,-1.1824876135878384,-0.5891653494995838,-0.29698704490859157,0.0,-0.09943555507817838,-1.7139353747120187,26.340193824444146,-0.0022997480162076363,48.53141925561146,-0.04858753864747887,36.128267263699,26.340193824444146,-0.09213688294531938,34.44202749517317,-0.3317020326008493,29.91365795328137
2024-06-28,AIRA,891.49,43050.0,-0.8632373136923346,-0.3352265977696204,0.6347606253450004,0.0,-0.08807776764670953,-1.5094346546467146,28.788859329776873,-0.006504873698162191,45.84893686660068,-0.06486813113572837,31.7429144471384,28.788859329776873,-0.09542267960701428,33.8225013683492,-0.33961537489759874,29.440704502003456
2024-07-01,AIRA,888.0,27560.0,-1.1482596209533027,-0.7037032355130952,0.17785628058229785,0.0,-0.07541008151008151,-1.2813487750568127,31.673674241806378,-0.0059925675675675475,46.17476872718962,-0.05045498712998715,35.611612045382714,31.673674241806378,-0.08611007078507078,35.59210588491063,-0.34009406906906914,29.412234690192175
2024-07-02,AIRA,888.0,36380.0,-1.0924297649292478,-0.3832290538506038,-0.16279065035153667,0.0,-0.06911052123552121,-1.1679231083047663,33.164510745766165,-0.010476533676533676,43.33702751408747,-0.05297284427284432,34.920299276385734,33.164510745766165,-0.09850777563277563,33.24581903919507,-0.3406903582153582,29.376793518270862
2024-07-03,AIRA,887.0,22880.0,-1.120318246801013,-0.8469840331386428,-0.0025062650360215153,0.0,-0.07097651706304468,-1.2015209804845288,32.71920564326224,-0.020656514289293302,37.080718548703295,-0.05506224655965354,34.351386465715386,32.71920564326224,-0.11099466947620838,30.9638156191609,-0.33607289597537626,29.651887635412233
2024-07-04,AIRA,889.71,89220.0,-0.6684051559896454,0.5695275173629472,-0.233812935622725,0.0,-0.06936878758247073,-1.1725732793207757,33.10269534803106,-0.026092516181035003,33.89592474821248,-0.07945921323481009,28.067779990242503,33.10269534803106,-0.12292573722523825,28.866563719988015,-0.32850481477110527,30.10597512084076
2024-07-05,AIRA,888.0,101670.0,-0.7684524011457501,0.7001544652448359,-0.5774647480658642,0.0,-0.07764164521664525,-1.321528817835168,31.154261403015337,-0.03412042042042042,29.453129463422282,-0.08202015229515229,27.45013591475486,31.154261403015337,-0.12951275203775203,27.745584681263963,-0.3272666023166024,30.180644135250144
2024-07-09,AIRA,884.98,128440.0,-1.0059608733484764,0.8359300250865463,-0.7656804280662444,0.0,-0.0727813132715402,-1.2340169332777509,32.29144595817816,-0.03985368048851971,26.49751942692254,-0.06867486921953579,30.75930493452938,32.29144595817816,-0.13107895937564013,27.48302763033495,-0.31741159219991344,30.778663166087703
2024-07-10,AIRA,881.0,33190.0,-1.3244425657252428,-0.5557768319696225,-0.8014041322563547,0.0,-0.07622157225735543,-1.2959599344173105,31.484255703679786,-0.046293594490387904,23.4127180584553,-0.08371257904978109,27.046627374926103,31.484255703679786,-0.12773853530439802,28.04487141796377,-0.30018787588058304,31.83940918081213
2024-07-11,AIRA,870.98,51410.0,-2.4015624045268233,0.0182554648738292,0.0457142835374168,0.0,-0.06968765355354142,-1.1783145666165395,33.02645596727738,-0.06688152912592166,15.286919087175239,-0.07533909542507676,29.079039735380135,33.02645596727738,-0.12234522868237818,28.96663599178212,-0.29171030425679956,32.36860199528223
2024-07-12,AIRA,868.8,80260.0,-2.53596205162417,0.4829952159263711,-0.3671294682877184,0.0,-0.07203691133912125,-1.2206137302229119,32.46752491572526,-0.02655416557046385,33.631589854087714,-0.05918892835218796,33.24096496549601,32.46752491572526,-0.12544968210120144,28.433866402473612,-0.29669137507673415,32.05711262457606
2024-07-15,AIRA,860.0,55680.0,-3.36496582036808,-0.0342486735357142,-0.04479222640084738,0.0,-0.06459395533407161,-1.0866008450873967,34.25478776359573,-0.02935093207825766,32.05245805125114,-0.04013564045773348,38.50545855805768,34.25478776359573,-0.10433062938353635,32.171045432885094,-0.2846141565153193,32.81506485663576
2024-07-16,AIRA,852.0,47190.0,-4.109866486869437,-0.12634025100548643,-0.06666666222222252,0.0,-0.0533428739101274,-0.8840214019878527,37.04206045270845,-0.014932276995305164,40.55974372315018,-0.024448138832997963,43.05834136631429,37.04206045270845,-0.10387418399284595,32.25463559262075,-0.2813072490498547,33.02419557102779
2024-07-17,AIRA,842.5,38110.0,-5.03174670009939,-0.26179855277505754,-0.9019018116214386,0.0,-0.040095836277141916,-0.6455041070460711,40.43668458333744,0.013678481936790565,58.66992227856696,-0.016403547878102775,45.444738598124864,40.43668458333744,-0.10193982148744765,32.610137670965656,-0.2660254427488107,33.99927524146991
2024-07-18,AIRA,814.99,105010.0,-7.454181138902759,0.7909070468593685,-0.3488480253933436,0.0,-0.0071681119127569495,-0.05262953677796503,49.21062254138465,0.06469337678113489,83.97663764985367,0.022066939262279393,56.954039475724485,49.21062254138465,-0.07641796275813688,37.476516044122434,-0.23769457205824118,35.84284030152038
2024-07-19,AIRA,847.99,111500.0,-3.483791562670053,0.8117482173817675,0.7101886613789021,0.0,-0.05194673542215708,-0.8588834666440591,37.39448639591657,0.022016875783950028,63.7337760912221,-0.028706796838162817,41.80724796271112,37.39448639591657,-0.11385602381036614,30.453201532062792,-0.2610494249660775,34.3197772806897
2024-07-22,AIRA,837.0,42180.0,-4.158571649001474,-0.16032925938668025,0.06354514625116364,0.0,-0.039773860727086566,-0.6397068307519834,40.52049031193389,0.020029258405871265,62.5494976715394,-0.014052730841440517,46.146574167470746,40.52049031193389,-0.10115976275814988,32.75406967350105,-0.25195753541559995,34.9090710056706
2024-07-23,AIRA,841.5,49050.0,-3.418950703689637,-0.009435456045750393,0.3767208539773634,0.0,-0.04902986800780919,-0.8063643038961766,38.13508289629391,-0.0003534504710975294,49.776793486323946,-0.027441392920804657,42.177970221306374,38.13508289629391,-0.11022185722773958,31.102532700827734,-0.2615095068330362,34.290083131044035
2024-07-24,AIRA,856.23,115710.0,-1.392189145268558,0.8729303966079904,-0.11481544285056237,0.0,-0.07563687856734086,-1.2854323311013398,31.620673603049386,-0.006492246645455229,45.856963649408534,-0.04869572338985466,36.0982473832592,31.620673603049386,-0.1295955508449833,27.731665769547746,-0.2861791073048352,32.71633301274603
2024-07-25,AIRA,869.88,115120.0,0.4214989304880042,0.8293618881185936,0.26282050516257266,0.0,-0.08802072896754229,-1.5084076543588805,28.801493623504452,-0.02464953606080318,34.728599593832044,-0.06847088339497295,30.81158165283736,28.801493623504452,-0.13950323575008705,26.097566083175273,-0.2985809277470127,31.939365218424303
2024-07-26,AIRA,868.95,113040.0,0.4095659019896068,0.8111285457556161,0.685714267903528,0.0,-0.10654011450601306,-1.8418553175270642,24.878306298631458,-0.026788922796807352,33.4975614495523,-0.06960580894018237,30.521354815887804,24.878306298631458,-0.1404404001545379,25.946263191179664,-0.2966887836715906,32.057274265295504
2024-07-29,AIRA,856.04,9860.0,-1.0463612108879754,-1.6920304336706191,-0.8764845085223021,0.0,-0.11063772305551658,-1.915634115023968,24.060226110815535,-0.03438361551121698,29.313305413832367,-0.05307896170850933,34.89129966564571,24.060226110815535,-0.14578427307951042,25.094459892871452,-0.27326272568853405,33.53573546799992
2024-07-30,AIRA,843.5,32049.999999999996,-2.3952312912069207,-0.5132243783330394,-0.6591796553134928,0.0,-0.09168971217809394,-1.5744689108309335,27.995570302980088,-0.024559805374431927,34.78069516867693,-0.03643665283540802,39.56413166869584,27.995570302980088,-0.13318149081209246,27.132998136161966,-0.25816140090891126,34.50645284640925
2024-07-31,AIRA,853.02,119950.0,-1.184151889381038,0.8065518550972394,0.1471365573948614,0.0,-0.10850013012590555,-1.8771460471718804,24.48468564734308,-0.02489486881901946,34.586351860092165,-0.0472942803216806,36.48796355663383,24.48468564734308,-0.13678773182340387,26.539188314532357,-0.26802408267098077,33.87095337969293
2024-08-01,AIRA,850.8,17670.0,-1.274894979186132,-1.3471950845592353,-0.0966057315136285,0.0,-0.11651530996037339,-2.021462011658073,22.919235829070068,-0.04230787102335053,25.29191338550515,-0.05027842870575594,35.660318412085054,22.919235829070068,-0.14279095249289184,25.56928752944461,-0.2540587984418026,34.77245860079373
2024-08-02,AIRA,847.99,9920.0,-1.5404740544951554,-1.9245072411047577,-0.17183569389474013,0.0,-0.11113098481993935,-1.924515456272322,23.962996648632807,-0.04148352256231684,25.692791269338034,-0.04757666026123028,36.40929423814239,23.962996648632807,-0.14062939154250284,25.915820136343186,-0.2361380032090825,35.945413950290074
2024-08-05,AIRA,828.87,68040.0,-3.5433148622789643,0.23957307174356504,-0.40073258605375406,0.0,-0.08309946573849539,-1.4197986818769186,29.903879916526765,-0.004846322804943271,46.90493547508422,-0.029457206900157247,41.58783578718408,29.903879916526765,-0.12276855608639875,28.893639458122678,-0.2209694731984509,36.95159148592625
2024-08-06,AIRA,825.0,62420.0,-3.5770579381867726,0.1533631366311966,-0.18699185471610638,0.0,-0.05328210678210678,-0.8829272697449753,37.05737145561538,0.009540656565656565,56.07962796922581,-0.03522445887445882,39.913262050879915,37.05737145561538,-0.09427987012987013,34.037358874174245,-0.22763174603174602,36.50820427878999
2024-08-07,AIRA,834.0,49310.0,-2.0156444634511663,-0.08239541917380892,0.6918335368387111,0.0,-0.002431294964028729,0.032658419408690194,50.48986061707686,0.005327557953637117,53.40782700363624,-0.04332943074112137,37.6000088767885,50.48986061707686,-0.09598214571200189,33.717559309853975,-0.2418916238437821,35.566912952319086
2024-08-08,AIRA,817.0,210050.0,-3.8525449196761006,1.3668222758174846,0.04596751869068094,0.0,0.014872374249577429,0.34421670796671655,55.14497551288229,0.02311609595694663,64.38173902267772,-0.043999322919702356,37.41116325555999,55.14497551288229,-0.0549667856657147,41.777265994999055,-0.2320288419692642,36.216812327922064
2024-08-09,AIRA,815.0,98540.0,-3.464503306003412,0.5120775217223036,0.3333333111111126,0.0,0.010024410848183854,0.25692752313056283,53.84629883437299,0.03052331044892396,68.60294507097082,-0.0603559791605804,32.930214735674454,53.84629883437299,-0.04020835280942642,44.814973774035124,-0.22768436313175577,36.50471148747652
2024-08-12,AIRA,826.99,47880.0,-1.6598875222907428,-0.20968637149514313,0.2858455750990099,0.0,0.005988486689249988,0.18425937349217905,52.76107889062038,0.004702007663285265,53.00907272433532,-0.06855278649172744,30.79058591436472,52.76107889062038,-0.04813698715095498,43.17672958612287,-0.24719622320340523,35.21954107588849
2024-08-13,AIRA,835.0,39900.0,-0.5676079776887484,-0.3365612183208255,0.2919354603277864,0.0,-0.011221689953426466,-0.1256155503972229,48.11665819221565,-0.003205548426955613,47.952353627878196,-0.08426019152171843,26.916867699218916,48.11665819221565,-0.03980191284098469,44.89928923267186,-0.26185113819979094,34.26804184702538
2024-08-14,AIRA,840.6,63830.0,0.1621449849811466,0.133285070733955,0.546697007591286,0.0,-0.020163607627205087,-0.2866177362618611,45.71129822044088,-0.017928737976275443,38.72431943893644,-0.10095361731416339,23.154280685835698,45.71129822044088,-0.052399045749634644,42.301984756156756,-0.269086286156147,33.80285127753312
2024-08-15,AIRA,838.0,39480.0,-0.14465399363740164,-0.46932197045315743,-0.8461537810650938,0.0,-0.018281872940106834,-0.25273648070875493,46.216200799925716,-0.01931636454900178,37.88474313960278,-0.09569602985187717,24.298453416075137,46.216200799925716,-0.049976055044133806,42.79872386353969,-0.25693440258362693,34.58590859756537
2024-08-16,AIRA,841.99,43250.0,0.12043473310055758,-0.2559404630991682,-0.11234703978342049,0.0,-0.017072611332525356,-0.23096332541861775,46.54108372672962,-0.028844989788929777,32.33523127749302,-0.09297533216848144,24.905410640635694,46.54108372672962,-0.06000320765978257,40.75356137456018,-0.25073141537140753,34.98890134578351
2024-08-19,AIRA,833.03,46510.0,-0.88041858065202,-0.055819614921007725,-0.9986648198488117,0.0,-0.019535339858946718,-0.275305567252017,45.879780766057294,-0.020649710351710846,37.08478297662609,-0.057895118003905774,33.58717936116486,45.879780766057294,-0.06876505437026692,38.99207768613998,-0.25874961801333773,34.46839278193911
2024-08-20,AIRA,834.5,57180.0,-0.6880663299731772,0.15071695785515907,-0.5510948402285678,0.0,-0.035674302880728884,-0.5658929355203579,41.592225059789435,-0.020007180185835048,37.46942461947055,0.0016330123541328338,50.85523457909581,41.592225059789435,-0.07287769765185881,38.17477106665994,-0.25578660256593144,34.660313734290845
2024-08-21,AIRA,827.72,50960.0,-1.4612722764878547,-0.04386283495104107,-0.5955389891792546,0.0,-0.0374510214902824,-0.5978833418560513,41.126703061792504,-0.009522454223075238,43.937822445850074,0.006201814067175508,52.22759294330377,41.126703061792504,-0.06863700958226043,39.01762621344114,-0.2474500705514249,35.2029566615351
2024-08-22,AIRA,824.0,63720.0,-1.6777864789889094,0.2397788427263362,-0.4500457882634459,0.0,-0.04201802666050239,-0.6801137807938552,39.93754044565922,-0.005045835259670211,46.7777403276715,0.0035023925104022188,51.4170249855336,39.93754044565922,-0.06187770072430267,40.374541538097404,-0.24129874402835574,35.60583310999906
2024-08-23,AIRA,819.9,78820.0,-1.7371636224392524,0.4524469534406929,-0.7428570367347155,0.0,-0.042164878556618414,-0.6827578977646901,39.8994911233098,-0.0057751916610039936,46.313122441946334,0.01951150532294882,56.19897836331952,39.8994911233098,-0.07411771775303605,37.92962592836697,-0.2390681555241928,35.75243232951885
2024-08-26,AIRA,818.0,23380.0,-1.471914362838929,-0.7628370307478413,-0.9999997500000625,0.0,-0.04068683684557773,-0.6561452677944456,40.28300078370871,-0.003954267085807456,47.47411639684109,0.014347651065316118,54.66475942019815,40.28300078370871,-0.08066385881165829,36.645931806034895,-0.23766056875072766,35.845079647380295
2024-08-27,AIRA,819.98,60410.0,-1.1808339563683667,0.1864350797415768,0.991999801600047,0.0,-0.048370717510725164,-0.7944960811372609,38.303223003631224,-0.010506203200078073,43.31837469491231,0.009568508581510097,53.23683552057001,38.303223003631224,-0.08169303235038258,36.445772422917834,-0.23758829754655258,35.84983939593547
2024-08-28,AIRA,822.0,43030.0,-0.8388588628861212,-0.2283816596883338,0.8262380179740216,0.0,-0.05643532614992475,-0.9397020276045916,36.26637657853477,-0.023343282933611344,35.490534927884895,0.005837582551268683,52.11828243911872,36.26637657853477,-0.08695952670605955,35.42895993197837,-0.23318208202989227,36.14055447134311
2024-08-29,AIRA,822.0,36560.0,-0.5132493574613589,-0.31576418553831764,0.3084111861297901,0.0,-0.044047995597265674,-0.7166640430507537,39.41267074654547,-0.020872109257328214,36.95202486019081,0.011924672691461012,53.94162595606487,39.41267074654547,-0.08639238790406673,35.53784689298635,-0.2369314563781717,35.893111428082605
2024-09-02,AIRA,817.31,35610.0,-1.0217461140601312,-0.3420923843059141,-0.4378748553663445,0.0,-0.04708794423945521,-0.7713993240234235,38.631240969712124,-0.03603116055515445,28.44694208894467,0.004330512649607677,51.665787575926124,38.631240969712124,-0.06782738672043187,39.17930770039356,-0.22572282302201968,36.635016857030244
2024-09-03,AIRA,816.9,56910.0,-1.0201528123664168,0.12675156092527523,0.42028979416089746,0.0,-0.055423863589994724,-0.9214903096029249,36.51931968135905,-0.05423327722691474,19.965780934174397,-0.009861779287550469,47.40139940878048,36.51931968135905,-0.06288965805688167,40.1703986042608,-0.21682354225323375,37.22863249996791
2024-09-04,AIRA,813.5,64650.00000000001,-1.360792601007108,0.25426846781247003,-0.09090907910272236,0.0,-0.05734476858762354,-0.9560768395553817,36.039593182005994,-0.044588671573935895,24.20450938042556,-0.015657456512619405,45.66730133971191,36.039593182005994,-0.035752109735514716,45.74093985044133,-0.2093590008877962,37.7295417009601
2024-09-05,AIRA,804.95,74210.0,-2.324793090450405,0.39217915352523186,-0.33911880246202397,0.0,-0.047360510881579,-0.776306976584842,38.561455439112486,-0.04132217277618546,25.771739748307475,-0.01427700064186187,46.07954809839845,38.561455439112486,-0.011810745811876345,50.75025117699315,-0.200702486918738,38.3137314131639
2024-09-06,AIRA,806.98,40940.0,-1.8943864318507464,-0.2756716742218403,0.07384614816568372,0.0,-0.049149127208361065,-0.8085116052552158,38.10469176016203,-0.05469373481256987,19.778061589782382,-0.021876984736743404,43.81810702365876,38.10469176016203,-0.008982971628100401,51.34287537233069,-0.20814721491494648,37.811109835178435
2024-09-09,AIRA,790.0,57350.0,-4.016745521636281,0.14881749391751112,-0.7345132418356976,0.0,-0.03268823588507133,-0.5121278114185207,42.37796075170649,-0.031716902752662306,30.7477469931707,-0.0014075346594334508,49.941084201653254,42.37796075170649,0.0035111914808117345,53.95453524037277,-0.1883801838456901,39.1511272123233
2024-09-10,AIRA,774.76,68040.0,-5.745229203140487,0.3197402832875876,-0.99999995678479,0.0,-0.017179111237315116,-0.232880891436454,46.51245903050401,-0.004921671227218739,46.85689379020313,0.012841456709174524,54.21545033629071,46.51245903050401,0.023840062585689673,58.15170657648005,-0.1601162137665571,41.095447852273935
2024-09-11,AIRA,779.4,44530.0,-4.797962206106472,-0.19161629393732865,0.30526314182825326,0.0,-0.018373627149089026,-0.2543885455954328,46.19156266976252,0.016095453462370353,60.161991747711866,0.0007637340078448327,50.5939148367566,46.19156266976252,0.018810501667949737,57.12181471143557,-0.17376570805381425,40.15260034422631
2024-09-12,AIRA,773.84,51500.0,-5.212268916113737,-0.04619776416178619,-0.10824741919305685,0.0,-0.01337116630483478,-0.16431758319002152,47.537230791923406,0.0894230726502669,90.80166246793651,0.02119333974949085,56.69626001492798,47.537230791923406,0.03665628176285155,60.7422287303125,-0.16557095540032069,40.717831556401606
2024-09-13,AIRA,765.0,61910.0,-5.879680359765748,0.18935624497723,0.016949151967825357,0.0,-0.022849439775910363,-0.3349770326211996,44.99219090152616,0.09801470588235295,92.48141498978421,0.023925513538748857,57.50119373117866,44.99219090152616,0.048845681605975695,63.1514217049126,-0.12814960317460317,43.32817058478199
2024-09-16,AIRA,767.05,26390.0,-5.19214158931104,-0.7197869745479304,-0.13447781584565743,0.0,-0.026162745904480412,-0.39463420556775586,44.10798920158934,0.0872493614993746,90.32614842752037,0.011779889325523575,53.89835997476658,44.10798920158934,0.04340187026052199,62.08276892520153,-0.1075016091333215,44.78547967846094
2024-09-17,AIRA,773.0,43500.0,-4.168961637255462,-0.22001198034519626,0.09090908264462885,0.0,-0.026691193350992824,-0.40414907666219435,43.96729574007306,0.09047058050473317,91.02322967798354,-0.002328499558512496,49.66417284775477,43.96729574007306,0.03248450224850612,59.90485634237898,-0.10659488901209468,44.84969946096413
2024-09-18,AIRA,794.0,42400.0,-1.2486613344408002,-0.24562452588436465,0.901901856761667,0.0,-0.061810042581264275,-1.036475575004361,34.93527806724123,0.0537800897605054,79.85206142676358,-0.029214516612690398,41.6587598996571,34.93527806724123,0.006705760465395227,54.619396922538144,-0.126766456759026,43.425460189637505
2024-09-19,AIRA,845.08,113870.0,5.381449255670557,0.7987315986526927,0.5725909982499523,0.0,-0.12028932211546052,-2.0894143490219634,22.20691861419596,-0.012311621798180516,42.18708603985541,-0.08796332305535465,26.049779677622986,22.20691861419596,-0.0503940944259246,42.712914691916346,-0.19596090066799354,38.635168603627
2024-09-20,AIRA,842.0,50690.0,4.565869832071515,-0.06704443305381527,-0.41593657004853757,0.0,-0.11969843154997549,-2.0787751689131087,22.31739218895456,-0.009881446291897598,43.711542635838654,-0.08865389567545148,25.890098807017818,22.31739218895456,-0.057547066696829165,41.251853181088464,-0.18559353579911778,39.34140989730419
2024-09-23,AIRA,836.0,33170.0,3.7406783365027696,-0.43204022378649026,-0.2727272479338866,0.0,-0.08935063416116049,-1.5323530373266914,28.50777546968398,0.003233242196400091,52.071392855525325,-0.08560485494038131,26.599915971186917,28.50777546968398,-0.060126589200273445,40.72857941682328,-0.16724492671071622,40.60216463712904
2024-09-24,AIRA,845.0,36940.0,4.871047044170297,-0.253747536276743,0.8535680395210407,0.0,-0.09085306424344892,-1.5594047879893664,28.178130158507237,-0.02046179675025829,37.197107918163056,-0.09106086925894619,25.33853467511721,28.178130158507237,-0.07767418521649291,37.22997891268891,-0.16760693622616699,40.57716441198258
2024-09-25,AIRA,838.86,32860.0,3.965039705114569,-0.3707862191040213,-0.17206622231344612,0.0,-0.06307891177141772,-1.059321984537974,34.62433828554963,-0.02753136722967566,33.07543857707708,-0.08627772623390245,26.442209193819377,34.62433828554963,-0.06471561637505777,39.80291205536315,-0.16785052463490707,40.560345046856604
2024-09-26,AIRA,837.0,29380.0,3.7017064744164383,-0.40421573978447634,-0.18367343190337745,0.0,-0.04888734852363884,-0.8037981934356639,38.17141369837249,-0.035024803720771484,28.97430258380509,-0.10344561785287591,22.625285171476666,38.17141369837249,-0.0568649598907664,41.390559511700786,-0.16787561017238437,40.5586130589167
2024-09-27,AIRA,836.0,34630.0,3.5473671561826863,-0.23980981820640307,-0.15466100056557494,0.0,-0.04130821941216677,-0.6673334664704841,40.12162201930437,-0.042712246525404424,25.09678603667701,-0.10296193893825473,22.727286718662288,40.12162201930437,-0.05729177109440269,41.303751370904145,-0.18520502202475883,39.36796491481296
2024-09-30,AIRA,841.0,29580.0,4.107765673050539,-0.3974314735643296,0.44290905869751707,0.0,-0.02943680992016307,-0.4535848112897733,43.23791318608418,-0.05330915623879361,20.346553032374338,-0.1018511343261046,22.962767672322737,43.23791318608418,-0.06022979729347149,40.707685804658745,-0.2012794217013004,38.27468939987321
2024-10-01,AIRA,830.0,14790.0,2.6637497107710497,-1.0905769782116208,0.28289708558992127,0.0,-0.022404651941097725,-0.3269684805115297,45.11114253972145,-0.04149676802447892,25.68631729480343,-0.09835556511761334,23.714924772860485,45.11114253972145,-0.047367780646395095,43.33507251440994,-0.1755170204628036,40.032137333657936
2024-10-02,AIRA,818.0,10600.0,1.200711760551851,-1.3991792674014858,-0.41190333459614986,0.0,-0.00844982147708309,-0.07570714149638558,48.86458810166727,-0.03273405033570065,30.19600989392048,-0.08576809096906897,26.56160185748695,48.86458810166727,-0.03327493499437259,46.256991132379746,-0.1674237697442465,40.589813202655876
2024-10-03,AIRA,809.89,28500.0,0.22965400567560254,-0.37987686063484616,0.6313636220144625,0.0,-0.003925553431026378,0.00575380138264407,50.086306935020765,-0.028788589284219904,32.36683438015421,-0.07928812812517944,28.10934282680527,50.086306935020765,-0.02414322552033813,48.16541752945031,-0.15896033675551077,41.17560242723027
2024-10-04,AIRA,802.5,21560.0,-0.7255637165621674,-0.5911813724591884,-0.5762175473613177,0.0,-0.014557191069574234,-0.1856723514376198,47.21779156756957,-0.007121688176828364,45.45710963010485,-0.04578696039163328,36.909106841187395,47.21779156756957,-0.017329557929090657,49.59320373635622,-0.15243059264204123,41.62927723529592
2024-10-07,AIRA,798.41,19820.0,-1.2212822698897028,-0.5908363456846505,-0.19949967482804115,0.0,-0.011919262828522428,-0.13817558078306189,47.92855262507862,-0.010811442851794865,43.126585602357345,-0.031993676613817607,40.848710317268676,47.92855262507862,-0.023394480205002684,48.3222109062884,-0.14847646280315463,41.90469919307202
2024-10-08,AIRA,797.8,10970.0,-1.427624585339819,-1.1282482902010285,-0.5988538252970115,0.0,-0.014879593783698767,-0.19147731896208672,47.1309951598545,-0.01904084247553789,38.050887648263426,-0.0091791389615092,47.606144300049216,47.1309951598545,-0.03277098807434726,46.3620765051109,-0.13314921002996327,42.976935546264116
2024-10-09,AIRA,793.45,12690.0,-2.3294590351902147,-0.956145932790719,-0.7760617161342243,0.0,-0.006867529109864852,-0.04721744397365977,49.291785708398486,-0.01970327280301922,37.651910636191424,0.009040118049866569,53.078592491243285,49.291785708398486,-0.01975283956841086,49.08521468053468,-0.12501909680649212,43.54844070666251
2024-10-10,AIRA,788.8,50880.0,-3.109412929942778,0.4884105672035375,0.4670486838367426,0.0,-0.018656550436266402,-0.259482672977207,46.11560297748032,-0.014079703145625993,41.087075461276235,0.021886981229273385,56.900968273172914,46.11560297748032,-0.01886095817637394,49.2721620942737,-0.1179551064103802,44.046404182892665
2024-10-11,AIRA,799.0,128110.00000000001,-1.9907350601827551,1.411829500694438,-0.16291290985523946,0.0,-0.04034981623855212,-0.6500771002724312,40.370616456023534,-0.026022749667242814,33.935960225604575,0.02731913304328824,58.49544133676444,40.370616456023534,-0.02689622295726799,47.58925157469239,-0.13369304835409335,42.93877147520256
2024-10-14,AIRA,791.98,41310.0,-3.0108012921283533,0.280045384595322,0.014218008997361689,0.0,-0.030356125294971024,-0.4701373887393602,42.994331391972786,-0.02166779365921139,36.47867768209833,0.030212416489193025,59.337706179228945,42.994331391972786,-0.02301681615136187,48.40130956925782,-0.09696825698460401,45.53253766550581
2024-10-15,AIRA,784.8,22290.0,-3.9336504996857187,-0.39282328331296773,0.054545449586769046,0.0,-0.024377082423183292,-0.3624827438571933,44.584090528682914,-0.016479503422163973,39.608373589243115,0.039110739769914145,61.891981267953554,44.584090528682914,-0.013812203291102308,50.33066310305438,-0.06955065530799474,47.48569490678855
2024-10-16,AIRA,780.0,31030.0,-4.703406235947596,-0.006104429124729796,-0.23913041621658587,0.0,-0.017647527472527468,-0.24131488071202337,46.38658716699327,-0.0056475885225885335,46.394364876621225,0.03981816239316239,62.092453134996695,46.38658716699327,-0.01782811355311353,49.48868192811214,-0.058071092796092835,48.30610731931192
2024-10-17,AIRA,779.86,16040.0,-4.696427310378355,-0.6362260070961541,-0.40321877323972183,0.0,-0.003676865984085934,0.010231501135116535,50.15347203504683,-0.0075959813706896395,45.15619767519855,0.01948510182332278,56.19116121676371,50.15347203504683,-0.018938520355098354,49.255903389143825,-0.06331376577969432,47.93128803024084
2024-10-18,AIRA,780.4,31030.0,-3.974309643946456,0.05124235557561676,0.1443432842206252,0.0,0.00031868760830836007,0.08217276536764105,51.232341854028085,-0.028915043974193103,32.29600000452112,0.01621649032242322,55.221185510975566,51.232341854028085,-0.028654351451839893,47.22162432938186,-0.07027686514038384,47.43383566561031
2024-10-21,AIRA,777.0,44080.0,-3.9304586242576796,0.4022937401409135,-0.3333333209876548,0.0,0.028972361647361708,0.5980916455949248,58.87632305545948,-0.02527609395109395,34.36585838097355,0.01688188545688546,55.41899164071382,58.87632305545948,-0.02800427927927926,47.357522398358086,-0.0629765015015015,47.955393822017214
2024-10-22,AIRA,774.05,10050.0,-3.8720422036574935,-1.0761373109741814,0.012499998437488828,0.0,0.046879507419745545,0.9205157292347144,63.46712320040795,-0.01442094008221028,40.8757613660521,0.023414491342690486,57.35092873865379,63.46712320040795,-0.02563155042586758,47.85386042404742,-0.02952916780733776,50.348930143282246
2024-10-23,AIRA,777.76,21990.0,-3.0653192304979515,-0.2746365779779376,0.5739230996597011,0.0,0.04743344590733503,0.9304895749566435,63.605765394926436,-0.02824637730495066,32.671472267315885,0.0004782874220798615,50.50809699994655,63.605765394926436,-0.02554730222405078,47.871492213979664,-0.040046058440519394,49.59598124013252
2024-10-24,AIRA,776.1,14770.0,-2.9266447099044726,-0.5419533446874901,0.4424588675869323,0.0,0.04000535185082921,0.7967442841212614,61.728649485597295,-0.02699207545664835,33.3817911613633,-0.006579049245004007,48.38666976160577,61.728649485597295,-0.028374077346439184,47.280210907749684,-0.028733844435854514,50.405868567144395
2024-10-28,AIRA,760.0,32990.0,-4.650154994359853,0.3988181162351136,-0.999999941176474,0.0,0.06229876775271515,1.198144612500306,67.23618285935906,-0.00927736006683375,44.09245563173948,0.0161051587301587,55.18807296378484,67.23618285935906,-0.013635150375939854,50.367783442409184,-0.026086675020885547,50.59537508999226
2024-10-29,AIRA,759.5,18330.0,-4.1917939393642065,-0.18884658702996418,-0.5258166214005999,0.0,0.06431003949967083,1.2343582256693497,67.71303110413268,0.017703401360544217,61.14445210965551,0.013626450149952441,54.44971002475432,67.71303110413268,-0.015631519274376424,49.949217433178426,-0.018901521468802557,51.10964656250074
2024-10-30,AIRA,764.99,17530.0,-3.07118546775761,-0.2168485002839744,-0.09857034623247576,0.0,0.06696239163412655,1.2821147032963303,68.33627040270494,0.019602112414790273,62.292962230651995,0.00689332996779498,52.43506609395264,68.33627040270494,-0.01775232812463367,49.50457002024668,-0.027182329253396226,50.51694076165019
2024-10-31,AIRA,757.9,14970.0,-3.7550966355722672,-0.3747137141326361,-0.9382320619561246,0.0,0.07692673039748511,1.4615259191142618,70.61826400740179,0.052374915074443376,79.26701991577939,0.03060496573656949,59.45157114075914,70.61826400740179,-0.020138702230683345,49.00434156265248,-0.0128026679295547,51.54598707281723
2024-11-01,AIRA,757.25,14100.0,-3.6784894005965545,-0.4345869892466484,-0.37844602043959075,0.0,0.07529640145262465,1.4321713071197182,70.25149654178048,0.0666058918549262,84.62461982033024,0.03633475962521028,61.101448409657024,70.25149654178048,-0.027751078070713257,47.410465006197185,-0.004760022297683186,52.1210246335595
2024-11-04,AIRA,755.0,52940.0,-3.7336996455108613,0.939507859226964,-0.14217631912817744,0.0,0.07588244507516029,1.4427232164173127,70.38363982083155,0.07691445653316514,87.75457799691301,0.0643522758330706,68.75202504452953,70.38363982083155,-0.03091230421528435,46.749930233459594,-0.0020773573005361257,52.31271390824139
2024-11-05,AIRA,775.0,46190.0,-0.7779114390796245,0.792774166311692,0.36543297285544274,0.0,0.05020828213005632,0.9804514191127993,64.29683004491645,0.06824710701484896,85.16344679523391,0.05045816692268308,65.0546892367442,64.29683004491645,-0.07238419098822325,38.27250316856103,-0.04265681003584222,49.4090815679216
2024-11-06,AIRA,782.06,121820.0,0.2526820777623167,1.7051574497111124,-0.3352577181337068,0.0,0.04692802481561728,0.9213893009978179,63.479275315086234,0.05218325730295536,79.18625896492256,0.04646446678876999,63.9549839290788,63.479275315086234,-0.09647361751970471,33.62550347930286,-0.04220973385714319,49.44108603348633
2024-11-07,AIRA,799.65,51350.0,2.4994495771292864,0.6554999514915064,0.9599999451428576,0.0,0.012221703691793758,0.2964905076840124,54.435666048019286,0.02835268309349629,67.3936985422392,0.013764109967753778,54.49077082108912,54.435666048019286,-0.1303182981840269,27.61035107174016,-0.07806782342274743,46.87784782353142
2024-11-08,AIRA,809.74,54510.0,3.651308340341581,0.5634291499839322,0.9479999052000113,0.0,-0.010497991183531029,-0.11258511463260039,48.311865165631055,0.009945336990395888,56.334665091682425,0.0008928118706337859,50.63272021814408,48.311865165631055,-0.15955589578822282,22.986406213577226,-0.09134784686913025,45.932000613243645
2024-11-11,AIRA,815.12,13780.0,4.141575132662495,-0.8117346285846985,0.05078124504089222,0.0,-0.024584287443508178,-0.366213538795315,44.528791923517225,-0.01637665347160881,39.6713798732444,-0.004573242969776002,48.98935443320559,44.528791923517225,-0.17151254589839338,21.259470624913888,-0.08534604370259237,46.3591472186336
2024-11-12,AIRA,830.0,35890.0,6.375006675854622,0.2972940667222462,0.762892663728947,0.0,-0.03638782271944922,-0.5787400962617981,41.405088904633715,-0.03646008318990245,28.22393991082507,-0.01303021610250526,46.4523395495255,41.405088904633715,-0.1942797379996175,18.238127882857718,-0.10465003824823098,44.98750404213626
2024-11-13,AIRA,825.0,40310.0,5.470010510052965,0.4134348396176532,-0.3846153550295881,0.0,-0.024675865800865858,-0.3678624374153186,44.50435591885539,-0.03421991341991342,29.400227514195453,-0.007133441558441585,48.22016676910711,44.50435591885539,-0.17832774170274168,20.318390512869765,-0.09470227272727272,45.693523166623166
2024-11-14,AIRA,824.5,25570.0,5.07853714799945,-0.19353445391501442,-0.965811883263934,0.0,-0.025681213000664203,-0.38596404633474257,44.2362746726807,-0.03121085265721409,31.02432442301532,-0.00888554342699278,47.6942278134633,44.2362746726807,-0.17941080428735062,20.171728136549195,-0.09798129818937884,45.46059674405167
2024-11-15,AIRA,820.0,29440.0,4.27710159581714,0.03949244280982516,-0.5493866656302983,0.0,-0.01726984126984127,-0.23451451568722473,46.4880747203099,-0.04295779132791328,24.978790409975886,-0.005841037553232685,48.60837489814596,46.4880747203099,-0.12194799651567945,29.035232013650415,-0.07999529616724738,46.740411317102904
2024-11-18,AIRA,803.99,54010.0,2.0358126375111203,0.580168517395136,0.08856405593109709,0.0,0.0025995545579517373,0.1232405293480506,51.84776608815198,-0.03275395687717822,30.185268040693813,0.016626108158574966,55.34297509718782,51.84776608815198,-0.07745354610842714,37.27323229999182,-0.061208626296781296,48.08176711490743
2024-11-19,AIRA,801.99,22210.0,1.5834305382455516,-0.3403556465022164,0.0016806719864401415,0.0,0.0047476489731792595,0.16191767992274456,52.42685672755121,-0.029017720919213494,32.238544570627916,0.025378149353483204,57.92757298987703,52.42685672755121,-0.09028550885921272,34.793458514167185,-0.05738613355528127,48.35509273267684
2024-11-20,AIRA,799.0,19780.0,1.0516887312372478,-0.3296959883125709,-0.5412369739080028,0.0,0.007668987524087647,0.21451734696353164,53.213325334322825,-0.02836915886922146,32.60235898006694,0.017944689790809938,55.73457983004997,53.213325334322825,-0.06463687148618308,39.81873662798431,-0.042166364701909126,49.44419068943847
2024-11-21,AIRA,801.0,23450.0,1.2441804213306553,-0.1594970906144605,-0.11111110288065905,0.0,0.0026162698412698186,0.123541493553911,51.85227437080169,-0.030200191724629927,31.58075961522131,0.005377113429641485,51.980060900408986,51.85227437080169,-0.06861298377028714,39.02242070884511,-0.057630149812734024,48.33764134555992
2024-11-22,AIRA,787.0,77790.0,-0.619139235908062,1.0396442546954898,-0.3333333209739221,0.0,0.009314990117181936,0.2441541681796519,53.655777095714996,0.0007637587987333392,50.491884693175884,0.015772510639156127,55.089108559702524,53.655777095714996,-0.05464383433169964,41.84316156437866,-0.04451988614590266,49.275716620844264
2024-11-25,AIRA,779.84,479550.0,-1.4992890476801155,2.731948267115706,0.6308419597955645,0.0,0.008343917026528806,0.22666967593388326,53.39481407237411,0.014675019051527025,59.28721264201262,0.03158361910623909,59.73499990686395,53.39481407237411,-0.034164328051012535,46.071612404440444,-0.04080561108180117,49.54160464379079
2024-11-26,AIRA,780.9,530510.0,-0.8860930289426189,2.787532896576376,0.04499999887499889,0.0,0.01458962201733046,0.33912566048555237,55.069406566791436,0.03736380016342569,72.24728510279084,0.03625834629151953,61.079602812647806,55.069406566791436,-0.0214943439803889,48.720256162788395,-0.04518572328022,49.22805627056295
2024-11-27,AIRA,778.51,55860.0,-0.9575420217035854,0.38263355835281865,0.09383032816000729,0.0,0.01258373711136843,0.30300903917066396,54.53265755233436,0.05436814215515071,80.09320431083722,0.03777996924527989,61.51376726543722,54.53265755233436,-0.015847480540258724,49.90393758510836,-0.04177821754743952,49.47197706253162
2024-11-28,AIRA,779.0,68680.0,-0.8915236334415946,0.4624600475500981,-0.6978850909539139,0.0,0.017015495547812644,0.38280431592476694,55.716954081948536,0.059329544898832444,82.04145414812646,0.04026332497911445,62.2183939745637,55.716954081948536,-0.029347420889622427,47.07678303705944,-0.04452968294720541,49.275015360051185
2024-11-29,AIRA,789.79,86610.0,0.4854921040579755,0.5742990984202959,0.9809809318828308,0.0,-0.0021489243875757527,0.037742595051024855,50.566114732999914,0.03532646788065227,71.18935724790069,0.025890393588651417,58.07764928425504,50.566114732999914,-0.0684206301876106,39.06081366407115,-0.06045556162005686,48.13560610145757
2024-12-02,AIRA,793.49,133000.0,0.9062910841959213,0.9363197267762613,0.4629024623681186,0.0,-0.006900131301601704,-0.047804457221277054,49.28298229829488,0.030442592824306225,68.55841387825798,0.020702323885819315,56.55121212719757,49.28298229829488,-0.0841955632661178,35.961029466751036,-0.05944104902153183,48.20814365330198
2024-12-03,AIRA,812.32,107320.0,3.127254142494703,0.7115781965699439,0.07542856927347232,0.0,-0.04019159514899129,-0.6472282772124874,40.41177062247213,0.007752110826603575,54.948782392787756,-0.004086560382803306,49.13563894623358,40.41177062247213,-0.10141803566348086,32.706378522493736,-0.07871954996232626,46.83137171276181
2024-12-04,AIRA,823.1,74110.0,4.285334735513277,0.31176266734070346,0.2190152677410722,0.0,-0.05418890942680886,-0.8992545513495682,36.82916346096298,0.004228340786766224,52.70687731434614,-0.019684327831484973,44.468340907527505,36.82916346096298,-0.11489958152782842,30.26815901271027,-0.07592904785046083,47.03040643296132
2024-12-05,AIRA,827.5,89420.0,4.616577886385623,0.49955634481101197,-0.26050417978956714,0.0,-0.06778161295736825,-1.1439956751297047,33.4834967021048,-0.0012533951949360081,49.200819223868656,-0.03581860044118357,39.74200968731029,33.4834967021048,-0.12949832038555603,27.748011157696173,-0.08781756342013139,46.18318154605423
2024-12-06,AIRA,820.0,104610.0,3.485889623302147,0.6395471066448803,-0.9999999274836892,0.0,-0.06262470963995352,-1.051143924902673,34.73549252008945,0.005579945799458006,53.56859019165485,-0.036736275648470776,39.47799797505445,34.73549252008945,-0.12854198606271777,27.90909608861715,-0.14036648277197053,42.47115724745865
2024-12-09,AIRA,819.97,58660.0,3.3597696859760315,-0.05972160295288629,0.232911362922617,0.0,-0.06395725982328818,-1.075136931785339,34.40986156829604,0.0032112488774753414,52.05733926596204,-0.029375700741858378,41.6116513788539,34.40986156829604,-0.14593256236532853,25.071089981402334,-0.17084798268364834,40.35355812287457
2024-12-10,AIRA,821.0,44560.0,3.4118244749230886,-0.35687618551500805,0.45864654757195955,0.0,-0.06046748883475433,-1.0123024506573641,35.265675106559854,0.004379192525568895,52.803142021144254,-0.03547068373837558,39.84226124389471,35.265675106559854,-0.09133128202153781,34.594741661480455,-0.17944111613788838,39.762659757699424
2024-12-11,AIRA,829.0,69430.0,4.424947576213633,0.08660541826466064,0.38254308283711835,0.0,-0.07433806699599824,-1.2620467990889341,31.92483824600002,0.0006898495988664865,50.44458069755603,-0.04009577660979951,38.51681200056003,31.92483824600002,-0.08783844993968637,35.26051071046313,-0.1612600876941046,41.01617213839648
2024-12-12,AIRA,828.9,42180.0,4.340114394475033,-0.49295611950191526,0.7555554716049426,0.0,-0.08024643503438289,-1.368428920215164,30.553925949004583,-0.010054771814625208,43.60238514506981,-0.04478002904020816,37.191561916036285,30.553925949004583,-0.1010345992106578,32.777194462614176,-0.12262616850214568,43.71698539445352
2024-12-13,AIRA,826.99,53680.0,4.058349915486243,-0.251862345596954,0.20536909995045147,0.0,-0.08048439724612322,-1.3727135085597564,30.499405706355887,-0.017403752060685986,39.0437446561385,-0.0425650322444927,37.8159573665311,30.499405706355887,-0.09894659909325018,33.164193284983476,-0.07685309763635073,46.96448709453807
2024-12-17,AIRA,825.01,61500.0,3.750484660219004,-0.1158659184404123,-0.5847807622183019,0.0,-0.07336642372588846,-1.2445520405734227,32.153396744646,-0.022350666653776,36.0745119638677,-0.04994817324965562,35.751504071623586,32.153396744646,-0.09226066156389068,34.41859169783187,-0.05007039085913914,48.87846225202101
2024-12-18,AIRA,827.0,44690.0,3.9201381622073104,-0.4351526559699597,0.03614457395847979,0.0,-0.08651688787163396,-1.4813304979291906,29.135787862242147,-0.018662325099326308,38.27959648836951,-0.053450153068079306,34.78994913531002,29.135787862242147,-0.10386298103683231,32.25668865265217,-0.06489476305637128,47.81830008368566
2024-12-19,AIRA,832.0,47950.0,4.4742938240699255,-0.36474377798710134,0.47226620663500113,0.0,-0.09979265873015873,-1.7203651441022783,26.26541142076905,-0.018820146520146575,38.18417344307125,-0.0676285409035409,31.027974559597578,26.26541142076905,-0.11912957875457875,29.524673383151544,-0.06797345848595845,47.598342360063754
2024-12-20,AIRA,823.0,702750.0,3.2488636825042487,2.320096449882886,0.3552361323360125,0.0,-0.09536586433682423,-1.640659246586561,27.2020482059805,-0.009618883681459644,43.8770158851963,-0.0608118729387259,32.809226451362655,27.2020482059805,-0.11764322021639761,29.78471334681168,-0.07190684246562135,47.31745796683901
2024-12-23,AIRA,815.03,71200.0,1.4631009362905112,-0.007973726666722502,-0.07024389901249539,0.0,-0.10106574871915316,-1.7432875505153398,25.999923518638802,0.0031336493310500746,52.007751067715425,-0.05288679778853204,34.94382212593946,25.999923518638802,-0.11117158768038334,30.932107454853963,-0.041760347798084685,49.47325631607376
2024-12-24,AIRA,809.0,358400.0,0.6224028585560598,1.6286628611923124,0.4871794746877058,0.0,-0.10906738036376479,-1.8873595753611845,24.37155592626726,0.010637450212882857,56.770065175412434,-0.04098031667549587,38.26518603556652,24.37155592626726,-0.10309585614220967,32.39743491872725,,
2024-12-25,AIRA,814.0,305540.0,0.6473030561853937,1.4690940199791773,-0.20930232071389954,0.0,-0.12754728852228853,-2.22009643524359,20.881917457817316,0.004065155415155471,52.6027193636045,-0.051669975819975816,35.27724991182728,20.881917457817316,-0.1041717542217542,32.20012778148585,,
2024-12-26,AIRA,818.8,33370.0,0.45219029276816375,-0.7453258233003871,0.7089585853133845,0.0,-0.1504559529625235,-2.632574517090964,17.08599718175613,-0.002662089313823504,48.29972344728618,-0.06338365087119358,32.131012004035654,17.08599718175613,-0.12649931626615787,28.25507567989729,,
2024-12-27,AIRA,817.52,53980.0,0.1909811299584522,-0.2643709893681425,-0.5320333767842759,0.0,-0.15519728443127256,-2.717943758704079,16.372541897777598,-0.003488589959257344,47.771514548778676,-0.06431889648445083,31.88621257794314,16.372541897777598,-0.14476104043665936,25.256112518217734,,
2024-12-30,AIRA,820.0,42820.0,0.3680566216096316,-0.49597870306615327,-0.383125837958099,0.0,-0.16510700735578784,-2.896371598275729,14.958967036373105,-0.017448857917150645,39.01626285973712,-0.06227828106852498,32.42161189872716,14.958967036373105,-0.16212884243128148,22.606638236194122,,
2024-12-31,AIRA,819.99,5900.0,0.244837807796228,-2.4065440273670413,0.44493879616580617,0.0,-0.15415756015317258,-2.6992231791172743,16.526916007757848,-0.02730096512501025,33.206148204375786,-0.07324958187643406,29.60003266773087,16.526916007757848,-0.1536885110532707,23.869071395650703,,
2025-01-05,AIRA,819.7,21880.0,0.040790052523744416,-1.0101005833724346,0.336363621074385,0.0,-0.15543457599663832,-2.7222162718388354,16.337472750406505,-0.019651923806812844,37.68277874415238,-0.08072678181719604,27.761011702913272,16.337472750406505,-0.16200192448456757,22.62526680099633,,
2025-01-06,AIRA,819.0,26190.0,-0.08535599736279376,-0.7656697179074529,-0.1983967538283073,0.0,-0.1018482905982906,-1.7573774759282303,25.837600043931563,-0.02370860805860806,35.276679243616,-0.08559221611721612,26.60288397504027,25.837600043931563,-0.1466647435897436,24.955913021728087,,
2025-01-08,AIRA,817.02,10500.0,-0.3122229307289447,-1.6344470943662104,-0.7681817308884427,0.0,-0.07374159314162622,-1.251307090016616,32.06504398204184,-0.01648196555775864,39.60686569704646,-0.09805288688509109,23.780845707800708,32.06504398204184,-0.14089626683382467,25.87287098074379,,
2025-01-09,AIRA,808.04,25250.0,-1.3669428885587058,-0.6993632792134212,0.043617445233392255,0.0,-0.07831863627684622,-1.3337182658349858,30.997611656343764,-0.010445512401947682,43.35653217968118,-0.1027502949327512,22.77202163675999,30.997611656343764,-0.13096827706942055,27.501531529128986,,
2025-01-10,AIRA,800.0,31380.0,-2.327572760236189,-0.3894020167793959,-0.99999990000001,0.0,-0.0467071428571428,-0.764542869158897,38.728816164102184,-0.00044583333333332196,49.7176621479756,-0.10668412698412698,21.950689864780248,38.728816164102184,-0.11934007936507937,29.48795288676107,,
2025-01-13,AIRA,806.0,17830.0,-1.5568991505956138,-0.9174083511153533,0.8490245251039438,0.0,-0.05543206408287053,-0.9216379621900254,36.51726591339482,-0.01784648469809758,38.77430281305643,-0.13140789022805152,17.280158134943598,36.51726591339482,-0.12149691204852502,29.113243774334308,,
2025-01-14,AIRA,802.0,27780.0,-2.0261010494922,-0.45428822304527455,0.4545454132231443,0.0,-0.05379372798163322,-0.8921391786960042,36.92854391861557,-0.01416043720064917,41.03705014360131,-0.13324842457348693,16.966024089312654,36.92854391861557,-0.12058856430352691,29.27070998421802,,
2025-01-15,AIRA,805.98,29400.0,-1.4681018047064338,-0.3685083611530517,0.9949998756250202,0.0,-0.047424424716907804,-0.777457766333791,38.54509830348476,-0.02773136368148095,32.962189750136226,-0.14502845707503084,15.06236220766164,38.54509830348476,-0.1386284020695303,26.23931986032793,,
2025-01-16,AIRA,802.0,17270.0,-1.9052025519909705,-0.7911090267388131,-0.41860459031909986,0.0,-0.028908453073665047,-0.4440715714785661,43.37805549030412,-0.026505996912480685,33.659123163790305,-0.12952914242172345,17.605541751203056,43.37805549030412,-0.13300356845980288,27.16251005069029,,
2025-01-17,AIRA,801.99,13570.0,-1.8584041587796702,-0.8695209036716989,0.22018345257134708,0.0,-0.026391216224641214,-0.3987478892643693,44.047149683455025,-0.02789312553772491,32.87073580120343,-0.13111314199678295,17.330889640741066,44.047149683455025,-0.13428402068604348,26.95057130693318,,
2025-01-20,AIRA,793.98,13760.0,-2.795263529666986,-0.7923440209580065,0.10880828210153562,0.0,-0.028973997455855334,-0.44525171976317046,43.360664580277934,-0.013212861694968908,41.62533905174297,-0.06768666474146526,31.013016039478536,43.360664580277934,-0.1315082933899019,27.411324659149415,,
2025-01-21,AIRA,793.0,14530.0,-2.8659595546519987,-0.6768383866529285,-0.38854801753087403,0.0,-0.05296371524650213,-0.8771945248167294,37.13763647403377,-0.01683446976520747,39.39118580413019,-0.03982916691687188,38.59277599131412,37.13763647403377,-0.1280318311015033,27.995260597981865,,
2025-01-22,AIRA,786.0,9960.0,-3.652956471486367,-0.9966983097561796,-0.45404909426304924,0.0,-0.0557404125772447,-0.9271898788384966,36.44007740436929,-0.014398397552405186,40.88971072869675,-0.04665114503816794,36.66740614981935,36.44007740436929,-0.12678377862595425,28.206738971382116,,
2025-01-23,AIRA,783.11,17880.0,-3.446482346819446,-0.3635851659707064,-0.9818015485166885,0.0,-0.0471371286048525,-0.7722849047934802,38.61864478024821,-0.013281540917542264,41.582618101897204,-0.020476582249488312,44.23316671474117,38.61864478024821,-0.12287457521323711,28.875375140407034,,
2025-01-24,AIRA,781.99,124810.0,-3.498169514510982,1.6670281665172928,0.07538460958580066,0.0,-0.04702245828053256,-0.7702202276690803,38.648014383501796,-0.006717139625664055,45.71403593538062,-0.02059021188209894,44.19945763641627,38.648014383501796,-0.11519072646769932,30.216647176639622,,
2025-01-27,AIRA,785.84,6480.0,-2.5871779884422077,-1.2910373307145464,0.626890650942746,0.0,-0.061969248435401886,-1.0393421290762876,34.89619320805255,-0.023036509996784405,35.67056433485726,-0.028659838829827672,41.82098888181142,34.89619320805255,-0.12858076004808938,27.902553862699996,,
2025-01-28,AIRA,782.0,41330.0,-2.5390782861361973,0.731873716499398,-0.4984246692864081,0.0,-0.06497648276701985,-1.09348837806463,34.161780419162845,-0.02639470933300856,33.722777809087916,-0.01235595238095238,46.654113930082175,34.161780419162845,-0.11528326736491695,30.200284469153438,,
2025-01-29,AIRA,777.0,23870.0,-2.8575999939695973,0.1829080068455129,-0.99999989989991,0.0,-0.07725374302874302,-1.314544510616922,31.244213561668722,-0.026071181896181895,33.90816497433305,0.008211465036465037,52.83030297992624,31.244213561668722,-0.10550779708279709,31.955994462050157,,
2025-01-30,AIRA,775.0,17360.0,-2.7587771275023187,-0.1355453012751484,-0.9999998988877757,0.0,-0.01581748591909883,-0.20836437713166317,46.878598820165195,-0.03904927035330261,26.900583472077177,0.013413991295442908,54.38632651940903,46.878598820165195,-0.09844454685099849,33.25758856465506,,
2025-01-31,AIRA,779.01,7350.0,-1.9170610729931432,-0.8875812789212101,-0.4846153224852144,0.0,-0.007550931936811117,-0.05952233795485498,49.107259815569584,-0.05942652787023333,17.925556697281213,-0.004701626407998907,48.95076839156111,49.107259815569584,-0.09261432546253759,34.351672051692226,,
2025-02-03,AIRA,770.01,35420.0,-2.9855560734964115,0.6849923592066061,-0.19566090013415455,0.0,-0.010072070724498927,-0.10491627586552854,48.426775342279285,-0.062037255514925276,16.963127895047965,-0.0188937105949768,44.703276400497685,48.426775342279285,-0.05951852506862927,40.851744749459854,,
2025-02-04,AIRA,763.62,55350.0,-3.4560697320551017,1.1313921070001534,0.20173065431418938,0.0,-0.0017159229971027562,0.04553892833119034,50.683041430880095,-0.07314634594494145,13.323272982711531,-0.022283942306133394,43.69764992186986,50.683041430880095,-0.04335287627478637,44.16368932329604,,
2025-02-05,AIRA,759.0,78120.0,-3.533572193200326,1.475961356070694,-0.1959798798010208,0.0,0.009294789510006837,0.24379044956473767,53.65035043917322,-0.07406648315452664,13.053556722498167,-0.011050334086203652,47.04512762671263,53.65035043917322,-0.024298119392684607,48.13298589664872,,
2025-02-06,AIRA,747.0,84130.0,-4.562702561785493,1.393809854624288,-0.7635933354850268,0.0,0.015476329126027921,0.35509111531641496,55.30630976845382,-0.06717091700133868,15.191214961780197,0.0036885685599541158,51.472957771708785,55.30630976845382,-0.018762033849684442,49.292898989186995,,
2025-02-07,AIRA,735.0,66380.0,-5.436353175278389,1.1568424394092924,-0.263424936007402,0.0,0.021427210884353738,0.4622387100344938,56.88947604158964,-0.039671031746031725,26.588699121125213,0.009378231292517004,53.179858384524806,56.88947604158964,-0.007948242630385464,51.559640776461315,,
2025-02-10,AIRA,724.5,127120.0,-6.182766148562621,1.8065778450117576,-0.6173838680279559,0.0,0.026770824706694275,0.5584522446699303,58.29927995815446,-0.027490407177363625,33.09865664807972,0.015871963423050375,55.1187004992173,58.29927995815446,-0.0037219634230503743,52.44430817677645,,
2025-02-11,AIRA,710.0,36780.0,-7.071583243665345,0.3536107359868219,-0.4391999824320014,0.0,0.04521202772188687,0.8904922056422964,63.04843695425737,0.05341104404202996,79.69961478938654,0.016739442208808422,55.37666087315797,63.04843695425737,0.026803023697742095,58.755175737357426,,
2025-02-12,AIRA,705.0,42230.0,-7.276261092641137,0.46090415952032315,0.26847108496919425,0.0,0.05409905437352244,1.0505060604943048,65.25583076129668,0.09091966396487668,91.11673759715963,0.08892032252617357,74.72572110925427,65.25583076129668,0.024888112124282283,58.36545268864759,,
2025-02-13,AIRA,699.0,29430.0,-7.454181138902759,-0.007278904641454634,0.599999880000024,0.0,0.06874221847537301,1.3141610743719143,68.75084399153256,0.08289087812521288,89.30621661003515,0.11334215035084133,79.86316523469299,68.75084399153256,0.035378537366305585,60.4864016799316,,
2025-02-14,AIRA,707.98,36170.0,-5.977453465355811,0.10930018071252669,0.7292224712317396,0.0,0.03545135165462933,0.7147480040429706,60.55987396024343,0.09411846026723922,91.75770517789108,0.08348568415303631,73.47141304964975,60.55987396024343,0.031235178724446033,59.652934546541715,,
2025-02-17,AIRA,706.69,25630.0,-5.8185394996232365,-0.33404419734973967,-0.04428571112244141,0.0,0.01458793454034641,0.33909527690420666,55.068955497599006,0.09440712489389942,91.81342907169305,0.08540222076562157,73.91825375192921,55.068955497599006,0.02920116494918063,59.24169688133435,,
2025-02-18,AIRA,750.0,119710.0,0.2142843901208048,1.2072630704256595,0.6296296179698219,0.0,-0.061091825396825415,-1.023543836999292,35.1118508181128,0.02768015873015873,67.01419293927583,0.026888809523809457,58.36973172471739,35.1118508181128,-0.042035317460317426,44.436347091085196,,
2025-02-19,AIRA,771.17,89670.0,3.106762353882752,0.899508369137333,0.6597412520681568,0.0,-0.07838475009936453,-1.3349086670810775,30.982336768815934,0.01102534212599249,57.01363117600843,-0.011642760937771064,46.86765654341816,30.982336768815934,-0.06406058516836192,39.93461170917082,,
2025-02-20,AIRA,759.0,65910.0,1.262972015149569,0.5233187103463174,0.037037035665294975,0.0,-0.07260415960850744,-1.2308272229692072,32.333304163462124,0.04176721249764728,74.45024561293152,-0.006171114875462702,48.50920950658412,32.333304163462124,-0.05107239004956396,42.573777306073595,,
2025-02-21,AIRA,776.7,37110.0,3.621511727482668,-0.11853111339972694,0.538888873919756,0.0,-0.07875712722323389,-1.3416134403854392,30.89638059944938,0.020534633246886952,62.852106667964705,-0.03817840083503472,39.06434687705385,30.89638059944938,-0.07110645818389155,38.525979607582386,,
2025-02-24,AIRA,775.5,102510.0,3.8723193216918474,0.9607727268148978,0.4499999775000011,0.0,-0.07346843204077247,-1.2463887340291067,32.12936100735452,0.009243811979982192,55.89234584349375,-0.0393131297780234,38.73996595068675,32.12936100735452,-0.06831095453010344,39.08271052741397,,
2025-02-25,AIRA,773.0,50090.0,3.203550987934879,0.18140340856106987,0.33670599568825327,0.0,-0.07041271227335263,-1.1913694887292918,32.85342989569579,-0.013308415470543544,41.56590460076717,-0.0349015236452494,40.006447147602195,32.85342989569579,-0.07028477022115444,38.68931642877264,,
2025-02-26,AIRA,782.0,375880.0,4.42509848158882,2.097155247303165,-0.39500733489340384,0.0,-0.07876579385377339,-1.3417694859353813,30.894381643280344,-0.03609000629237209,28.416284701342796,-0.041259331993667006,38.18594389894728,30.894381643280344,-0.08139424044980312,36.50383519749118,,
2025-02-27,AIRA,793.0,39620.0,4.7816643292075325,-0.285660384086008,0.2571428424489804,0.0,-0.08703375968294005,-1.4906369458823094,29.02063303878526,-0.04450658389879701,24.243088330272688,-0.07214064532916986,29.878717733137293,29.02063303878526,-0.09404832312496247,34.08097204060855,,
2025-02-28,AIRA,795.0,169210.0,4.9428935402181065,1.166144674503461,-0.053740776936733604,0.0,-0.09306966157532197,-1.599315356240268,27.69604486656052,-0.04818567684935608,22.555277180782983,-0.0947661650194669,24.504760598220425,27.69604486656052,-0.10839826295297994,31.43120703736788,,
2025-03-03,AIRA,785.0,24140.0,3.118196531144147,-0.9209175270364568,-0.5790621276411045,0.0,-0.09515561874431304,-1.6368737051403486,27.247049476773622,-0.04624345111717723,23.435746666178176,-0.09840702406227884,23.703729953252918,27.247049476773622,-0.09793829491456886,33.35189852764452,,
2025-03-04,AIRA,765.0,24010.0,0.4699960231802748,-0.9263173279717627,-0.9047618616780065,0.0,-0.0697970588235294,-1.1802844446959173,33.000318188152775,-0.0291140289449113,32.18470176454462,-0.06544829598506069,31.591921440389132,33.000318188152775,-0.07337724089635861,38.07594088826348,,
2025-03-05,AIRA,756.06,11360.0,-0.7012510685076193,-1.6303388499215525,-0.9879999012000209,0.0,-0.059954808354842015,-1.0030714690125584,35.39221848149357,-0.0365056754439997,28.200298394690904,-0.0635768248740651,32.08036782311237,35.39221848149357,-0.04734817339389787,43.339110506086314,,
2025-03-06,AIRA,760.0,13640.0,-0.19445562726180815,-1.2191029486140943,-0.001004016013853701,0.0,-0.07156808688387635,-1.2121723908106097,32.57867488630242,0.018659001670843764,61.724120532514846,-0.05276931913116123,34.97594954260612,32.57867488630242,-0.05395751879699254,41.983295046321864,,
2025-03-07,AIRA,758.99,12270.0,-0.4324689785076122,-1.2045796229356038,0.8364371792358578,0.0,-0.06784804940232816,-1.1451918852995868,33.46751336502652,0.033800735611047,70.38156833025062,-0.04758851032083783,36.405994468814974,33.46751336502652,-0.02095832227017652,48.83257487062046,,
2025-03-11,AIRA,751.0,9430.0,-1.640140712197013,-1.4032437605472785,-0.5070921536265858,0.0,-0.06487653551877925,-1.0916887947956988,34.18606977550224,0.03017982108511403,68.41320865093661,-0.03732042356223448,39.31025896542263,34.18606977550224,-0.016784150233551037,49.70755208568009,,
2025-03-12,AIRA,745.0,14450.0,-2.894387786918746,-0.9387331356117801,-0.8115941538892478,0.0,-0.0565969878555449,-0.9426128000949016,36.226018728304346,0.038452940236497306,72.80292606758594,-0.02678035847448599,42.37198576680823,36.226018728304346,-0.03490031959092361,45.91828949570888,,
2025-03-13,AIRA,730.74,171700.0,-4.924053662824948,1.5446068407316629,0.2157308430158937,0.0,-0.03096365302231138,-0.4810761264512943,42.83354603203281,0.06383352270431661,83.67818365567179,-0.0023192914684006666,49.66694141892265,42.83354603203281,-0.010084278070371003,51.112107341854,,
2025-03-14,AIRA,776.51,74180.0,1.3847539217830145,0.7053530502755652,0.8242103036254594,0.0,-0.09814821924021874,-1.690756467075554,26.610912434360156,-0.008953276626615658,44.297099824554714,-0.06565502880409353,31.53821090797027,26.610912434360156,-0.12043517286748823,29.29735030757045,,
2025-03-17,AIRA,787.0,51150.0,2.5029218731141722,0.287616428988519,-0.3402548211300234,0.0,-0.10161713811742398,-1.7532154990408013,25.885479450517877,-0.03237768247917549,30.388677283534914,-0.09208610606885706,25.105970079000517,25.885479450517877,-0.1297696784050342,27.702408062624954,,
2025-03-18,AIRA,776.0,73520.0,0.7914875349044725,0.4941217690797293,-0.8461538136094686,0.0,-0.08472363361152022,-1.4490423617348676,29.537387482754298,-0.027655171003109148,33.005310944929974,-0.07778576746849943,28.475925796812408,29.537387482754298,-0.07687997054491905,37.38576941601374,,
2025-03-19,AIRA,775.98,67060.0,0.612185239093652,0.28124061553723073,0.1959999804000056,0.0,-0.07998471306329696,-1.3637165295433955,30.613952835946538,-0.030231223742879995,31.563594579813483,-0.0790527282551465,28.16659129545872,30.613952835946538,-0.08705306985084299,35.41101472216005,,
2025-03-20,AIRA,779.68,48920.0,0.8386043482960234,-0.0341603936031703,0.15513125257507332,0.0,-0.07372096187609725,-1.2509356172555708,32.06989933405522,-0.03358281500916936,29.739938871889827,-0.08989700104886329,25.60426559290659,32.06989933405522,-0.09543631901081098,33.819941052913485,,
2025-03-26,AIRA,772.0,92670.0,-0.1995113282883686,0.6269704453833258,-0.9999999614495003,0.0,-0.042290268525372154,-0.685015585633373,39.86701223378319,-0.018972072127642046,38.09240119210694,-0.07824849905419859,28.362710854804696,39.86701223378319,-0.0872655563779916,35.37026681798151,,
2025-03-27,AIRA,764.0,250160.0,-1.3048397416615838,1.6200258534253003,0.3472137099976787,0.0,-0.024054321449347608,-0.35667132574810834,44.67025521903801,-0.026698745117593223,33.5490146704561,-0.07547359968420184,29.045688708874728,44.67025521903801,-0.08094843347461142,36.59053968927758,,
2025-03-28,AIRA,757.0,51220.0,-2.0109820685433393,0.011783306262291104,-0.06666666222222252,0.0,-0.001770599274496236,0.04455446386881829,50.668277160591515,-0.038884170493384496,26.983787312780073,-0.06618896804428509,31.399718293750254,50.668277160591515,-0.07602430699712728,37.553906650797444,,
2025-03-31,AIRA,755.0,56680.0,-2.1841731309496537,0.11307448812899533,-0.11172873197727948,0.0,-0.009649261536844306,-0.09730345656887313,48.54086257968308,-0.05219059970566594,20.814638126964812,-0.05701535530326921,33.823611970771324,48.54086257968308,-0.07501674813413224,37.75227632528679,,
2025-04-01,AIRA,756.01,35650.0,-1.9744769288618826,-0.3616966791205198,0.0,0.0,-0.016599500993415058,-0.2224448172494713,46.6682720600694,-0.044215595000318075,24.38018163573451,-0.06743512990505925,31.077778607167005,46.6682720600694,-0.08008887717324639,36.75795893920623,,
2025-04-02,AIRA,759.85,50090.0,-1.0204837733322323,0.00109862541050724,0.591013790840225,0.0,-0.03182975148603894,-0.4966705158117611,42.6045907711113,-0.0582976916131108,18.3547206439333,-0.06307965698639352,32.21079484989321,42.6045907711113,-0.08109950099800403,36.56114897095919,,
2025-04-03,AIRA,746.07,11700.0,-2.679573784787379,-1.4647536368883072,-0.6356082708837767,0.0,-0.0046273155142470285,-0.00688165708134582,49.896775290432785,-0.024767311601681767,34.660277295174765,-0.0414841749816659,38.12213273256611,49.896775290432785,-0.06941305264985356,38.862876732371284,,
2025-04-04,AIRA,730.0,53430.0,-4.224982582292052,0.07629862651606263,-0.6689069448564963,0.0,0.00859768971515542,0.23123893714520524,53.463030640945505,0.0008790334855403349,50.565661990728906,-0.015089791258969374,45.83675513172337,53.463030640945505,-0.055326685148945356,41.703866041837045,,
2025-04-07,AIRA,718.01,96670.0,-5.558231487774844,0.646955809293836,-0.6515540162088957,0.0,0.027136988464368992,0.5650451442604638,58.39541712869804,0.01766286084356168,61.11978904644776,0.013221512307053259,54.32889139526982,58.39541712869804,-0.04326060049568223,44.182773763705555,,
2025-04-08,AIRA,725.0,9030.0,-4.2142533388447045,-1.7348884711225663,-0.1011089301298848,0.0,0.026395634920634896,0.5516968284523573,58.20070749028526,0.01062603995621237,56.76289540233175,0.026821428571428572,58.350037946602626,58.20070749028526,-0.05341674876847289,42.093801955543405,,
2025-04-09,AIRA,718.0,43920.0,-5.111004426103965,-0.1530765222205977,-0.8823528892733594,0.0,0.03273755029402663,0.6658851127706972,59.85749888672056,0.02584078790290483,65.96495589890304,0.045513310783923615,63.690848869126484,59.85749888672056,-0.039055991068665155,45.05410571288019,,
2025-04-10,AIRA,730.0,8910.0,-3.3502590733061957,-1.7482663746120195,-0.16666665277777895,0.0,0.005679832572298357,0.17870195400809508,52.67796422707747,0.004955397912589674,53.17064441189223,0.04166713959556425,62.6144614892352,52.67796422707747,-0.043136176342683186,44.20850983787558,,
2025-04-11,AIRA,733.0,12680.0,-2.925686946849523,-1.3954168024839908,0.3350041491224589,0.0,0.007154055956170569,0.20524583373449948,53.074802627397276,-0.013975108274323864,41.151913079327954,0.026428763615496235,58.235218899519694,53.074802627397276,-0.047484731154853986,43.31098912494396,,
2025-04-14,AIRA,733.0,40590.0,-2.901303171834119,-0.23192446472809986,-0.557848153437868,0.0,0.004450693497044109,0.15657089833668347,52.34683778600036,-0.012659319171051776,41.970116678206054,0.020607507200242563,56.52318992215132,52.34683778600036,-0.03883336094328592,45.100331422408615,,
2025-04-15,AIRA,735.0,5070.0,-2.5623040363715552,-2.3120941528624366,-0.6666666111111158,0.0,0.004328287981859472,0.1543669465418236,52.31385032169346,-0.016734013605442175,39.45260825322839,0.007270464852607709,52.54818163231517,52.31385032169346,-0.0252708049886621,47.92936232923925,,
2025-04-16,AIRA,738.8,23970.0,-2.5092426990043735,-0.747542462095392,0.20300749335744284,0.0,0.00045236999510155085,0.08457976096640624,51.268424207023614,-0.02858992424437735,32.47828117612023,0.011078435214547966,53.68866065341699,51.268424207023614,-0.031838903068897556,46.55652371746373,,
2025-04-17,AIRA,735.89,14190.0,-2.674757089770372,-1.249533460944239,-0.47475680987694435,0.0,-0.0008987262966536208,0.06025282526624034,50.903693957941044,-0.02216367434466032,36.18499217853815,0.0060863537985641515,52.192944109909455,50.903693957941044,-0.03615058078361866,45.65801170303777,,
2025-04-18,AIRA,725.03,20840.0,-3.8842094044124207,-0.8008548008643754,-0.4583333025313676,0.0,0.014386795056537366,0.33547369395764204,55.01518417631597,-0.01487106774892076,40.597531775807866,0.022700760800483583,57.14083102099449,55.01518417631597,-0.016991182384571243,49.66414599382982,,
2025-04-21,AIRA,726.0,6610.0,-3.4717480282074926,-1.855132696951373,0.4672896884319295,0.0,0.013730935983208698,0.3236647343723041,54.83977030284017,-0.0155633608815427,40.170797978158966,0.03061191788009967,59.45358680512619,54.83977030284017,-0.023839869473960388,48.22893858119405,,
2025-04-22,AIRA,725.0,27120.0,-3.36050213156466,-0.3404671193488452,0.22898995921434556,0.0,0.00208370279146141,0.11395244763928875,51.70862116484851,-0.007283962780514504,45.354117184303924,0.028221469622331706,58.75867865358405,51.70862116484851,-0.01588305966064587,49.89647784772117,,
2025-04-23,AIRA,720.0,33740.0,-3.7276621227635873,0.07235390402561473,-0.8243366125949978,0.0,0.0077095238095237426,0.21524721619294565,53.224228001757254,-0.010002380952381016,43.63537353907811,0.02554920634920638,57.97770536873428,53.224228001757254,-0.01022182539682533,51.08328210828569,,
2025-04-24,AIRA,721.91,62770.0,-2.988892331604429,0.7240475669266186,0.15166665402777355,0.0,0.0050076952882707505,0.16659989985399584,52.496919744292846,-0.003012558813887165,48.075688377144985,0.02856208510910107,58.85791668172581,52.496919744292846,0.0013023412044284588,53.49398502407177,,
2025-04-25,AIRA,716.55,8760.0,-2.455030841453867,-1.2452303564645464,-0.5593704493032371,0.0,0.028125271971184748,0.5828395157427577,58.65457273862616,0.008685871371087051,55.539885687670385,0.03359233546324824,60.31469476348522,58.65457273862616,0.006244704038198906,54.523536721059074,,
2025-04-28,AIRA,717.0,5030.0,-2.114146822136413,-1.6250166498934404,-0.05191873198505075,0.0,0.025968431626485967,0.544004891814622,58.08838990100583,0.013139526466095473,58.33492209529128,0.0356673889220961,60.910505976222055,58.08838990100583,0.0001139054924619784,53.24594172560197,,
2025-04-29,AIRA,722.0,9440.0,-1.1112787010024905,-0.8643264186941271,0.8387621466806051,0.0,0.05208592863738294,1.0142590656366735,64.7611207894476,0.017658559776634566,61.11717213266763,0.0298213241436926,59.224163930696314,64.7611207894476,-0.018173544607131855,49.416265135899664,,
2025-04-30,AIRA,715.05,32180.0,-1.8162882468356967,0.608286776477997,-0.5444443839506341,0.0,0.055494416474372484,1.075630016731155,65.59681532495512,0.05135147716942878,78.8330780154108,0.03442046710020285,60.552854453415506,65.59681532495512,-0.0068396598139989565,51.79181250585076,,
2025-05-02,AIRA,721.98,39600.0,-0.3432184636707171,0.8157706231483797,0.28383231833339384,0.0,0.01799789398598297,0.4004927247992126,55.97865025492577,0.049697224299842094,78.11769915082047,0.02440656735643643,57.64252008606788,55.97865025492577,-0.015495003324191865,49.97784030567512,,
2025-05-05,AIRA,725.0,20290.0,0.16120443535957568,-0.09915586539924984,-0.39660335698268473,0.0,0.018931814449917844,0.4173082717101575,56.22712511380343,0.05895666392993979,81.90036311688057,0.02080411877394635,56.5812920155437,56.22712511380343,-0.007140530925013731,51.7288079632913,,
2025-05-06,AIRA,728.65,77030.0,0.7470999369963619,1.320603425417161,0.44550895535874346,1.0,-0.039202089453315964,-0.6294118998154548,40.66945034205901,0.04264473874821783,74.87526919524402,0.0026065134315580683,51.14782929016638,40.66945034205901,-0.009759329413276768,51.18020253778893,,
2025-05-08,AIRA,737.0,53540.0,1.643254207471492,0.9568376850429294,0.15972587455319417,1.0,-0.04717854181473585,-0.7730305633376695,38.6080399766355,0.025009290129439407,65.4853767865911,-0.01033564052034208,47.25932475811982,38.6080399766355,-0.021258144881652345,48.76974811308257,,
2025-05-12,AIRA,754.0,92160.0,3.8204001944249626,1.4142411259831633,0.8899388054508715,1.0,-0.02792064334133304,-0.42628573046258517,43.64034649655799,-0.008431230263988884,44.627153301351086,-0.03294626121005438,40.57217422041164,43.64034649655799,-0.030934900635762708,46.74521255678135,,
2025-05-13,AIRA,760.11,101470.0,3.958750832518644,1.5104780062498844,0.13999999391304493,1.0,-0.046315671588260096,-0.7574942994568808,38.82921973556968,-0.0076287138578312996,45.135443584507726,-0.02626102393701164,42.5245774245875,38.82921973556968,-0.022235785766596485,48.56491499540826,,
2025-05-14,AIRA,770.0,30910.0,4.697122153182847,0.19063791993936782,0.8666666088888928,1.0,-0.06273069985569979,-1.0530523138006669,34.70953921276088,-0.029049855699855746,32.220573769260064,-0.04033217893217898,38.44950163657831,34.70953921276088,-0.04148113275613276,44.55113212419483,,
2025-05-15,AIRA,761.99,37450.0,3.3889699732703367,0.25519349856678714,-0.45636359487603523,1.0,-0.05392041234136932,-0.8944201725025325,36.89667314220666,-0.017523498516936787,38.970801651126244,0.0014986116917753024,50.8148341665004,36.89667314220666,-0.04279774553346845,44.27852706179976,,
2025-05-16,AIRA,757.73,48270.0,2.5932337901804807,0.508996829354054,0.01708278505988614,1.0,-0.05217329571365933,-0.8629627596428032,37.33720387569312,-0.0030745917002727293,48.03604210837974,0.0006159420661000798,50.54948246385207,37.33720387569312,-0.04183695782348237,44.47742540380194,,
2025-05-19,AIRA,750.0,62280.0,1.3730439710053588,0.6802246661067062,-0.6028083648136018,1.0,-0.04620277777777772,-0.7554616090518292,38.85819212338971,0.0035184126984127108,52.25358449055256,-0.015101904761904756,45.833138109245134,38.85819212338971,-0.04122833333333329,44.60351237478373,,
2025-05-20,AIRA,756.69,86020.0,2.1614161175917985,0.9592843890019422,0.9499582193529502,1.0,-0.056381003386302184,-0.9387239282746137,36.27994227140595,-0.014820554369311498,40.628725033873295,-0.01889838408066724,44.70188694726966,36.27994227140595,-0.04767843864474923,43.27110627702198,,
2025-05-21,AIRA,750.04,30220.0,1.0331823302800893,-0.16370100796940606,-0.40788696834097066,1.0,-0.05171187737712182,-0.854654769847906,37.45390420607072,-0.0005295037386365237,49.66410805389573,-0.06151724940807381,32.62247816242309,37.45390420607072,-0.04557765606998307,43.70409581538919,,
2025-05-22,AIRA,751.02,113790.0,1.0718201682082622,1.1621486309477569,-0.42734633504781744,1.0,-0.04910363122027057,-0.8076924349387499,38.116284524925945,-0.0044768037056903956,47.14061994833352,-0.059700810453339,33.10448467513932,38.116284524925945,-0.05344233886358999,42.088570798137,,
2025-05-23,AIRA,757.77,71570.0,1.836565231498094,0.6193680280399207,0.04091213675975038,1.0,-0.06364414742631416,-1.0694992394945724,34.48624563289642,-0.010776065658193727,43.1488034611369,-0.027223192063554922,42.24198642645154,34.48624563289642,-0.06357242991182774,40.03285438257198,,
2025-05-26,AIRA,754.99,44940.0,1.2626611293672192,0.0226169719386994,0.5515308084721485,1.0,-0.06714261430352168,-1.1324902929748741,33.637420666824,-0.005750928951650129,46.32856854306361,-0.03407780110406171,40.244464001611156,33.637420666824,-0.04939195172773232,42.918692749810674,,
2025-05-27,AIRA,747.85,15080.0,0.13695042582034456,-1.128336163964386,-0.08666666088888625,1.0,-0.06226699915418919,-1.0447032292693814,34.82315026041921,-0.0015170203790549083,49.0321296269273,-0.028777361239786827,41.786601698954726,34.82315026041921,-0.028093023439680516,47.33896801301073,,
2025-05-28,AIRA,751.99,28800.0,0.47447039205782626,-0.3837016852466608,0.7329772541403706,1.0,-0.06811921893169383,-1.1500743823836053,33.402314528275824,-0.006999326591011346,45.534795844529526,-0.03546124269319692,39.84498285532641,33.402314528275824,-0.0531362934738029,42.15114456749861,,
2025-05-29,AIRA,750.0,72290.0,0.15751822743213137,0.5366077011861669,0.42067873554233015,1.0,-0.061093095238095224,-1.0235667009114413,35.111538267744066,-0.0036731746031746153,47.65361207905693,-0.03660277777777772,39.51636707238249,35.111538267744066,-0.04537769841269835,43.74535995425289,,
2025-05-30,AIRA,751.95,69520.0,0.3871140972889442,0.3999062720057824,0.7131146956463376,1.0,-0.05159706429948806,-0.8525875224028654,37.48296507178935,-0.01889360139826932,38.139791682315966,-0.04312887753745025,37.6566194222127,37.48296507178935,-0.04672664904581428,43.46715514864756,,
2025-06-02,AIRA,752.97,51370.0,0.46892410772276644,0.009093183896172091,0.879736336100794,1.0,-0.05318802911897466,-0.8812333702976873,37.08108057682517,-0.021644177074657475,36.49268995669321,-0.046037011766737086,36.83910269910463,37.08108057682517,-0.04568757197687642,43.68141679431218,,
2025-06-03,AIRA,749.0,27210.0,-0.21032932349604494,-0.6563700923807436,0.38674881458021265,1.0,-0.039628330366414485,-0.6370865084640045,40.55838799625441,-0.016465624536418998,39.616873841325415,-0.044797704346536085,37.1865961862067,40.55838799625441,-0.04285916777926122,44.26581784787962,,
2025-06-04,AIRA,749.01,23840.0,-0.3365510372810275,-0.7885895193190838,-0.9955553343210408,1.0,-0.023688477997305606,-0.35008419336645485,44.767959967147576,-0.0017223029160396363,48.90078763603619,-0.040960677268597714,38.270766109212296,44.767959967147576,-0.04356078893981324,44.12069523386423,,
2025-06-05,AIRA,749.51,95360.0,-0.3257620076157051,0.5977030561838709,0.0029498520722905336,1.0,-0.025710509442888888,-0.38649153846879153,44.22846757456006,-0.003852260323305449,47.53924699429734,-0.04761829861647176,36.3977001804101,44.22846757456006,-0.041654811535070564,44.51515274256798,,
2025-06-09,AIRA,740.0,89430.0,-1.7669545197532637,0.5335000815582601,-0.7333332844444478,1.0,-0.021222147147147145,-0.30567709050245523,45.42765345644415,0.04150332475332476,74.32151379626102,-0.0424110467610467,37.859518309498796,45.42765345644415,-0.02137608322608322,48.74503560839664,,
2025-06-10,AIRA,738.93,50550.0,-1.8743416580264474,-0.11701329407793318,-0.12878048152290822,1.0,-0.015726826708245382,-0.20673202804853855,46.90298937482724,0.03623908096198307,71.66621357918629,-0.04527414176096324,37.0528472848362,46.90298937482724,-0.023976774138667632,48.200270792535186,,
2025-06-11,AIRA,738.93,71000.0,-1.7834650000071677,0.33163854719845526,-0.056994808809213794,1.0,-0.021121367543674743,-0.3038625204022172,45.454645732728125,0.009679990952168364,56.16747604185112,-0.045860073542632024,36.88863243816522,45.454645732728125,-0.017249956887468495,49.60989238719393,,
2025-06-12,AIRA,750.0,28280.0,-0.10574001130881142,-0.5888852890186589,0.46666663555555765,1.0,-0.029526984126984127,-0.4552084277148466,43.214005963603874,-0.00020071428571434092,49.874556361971514,-0.055626031746031736,34.19863450396154,43.214005963603874,-0.023028571428571426,48.39884739925533,,
2025-06-13,AIRA,748.92,48330.0,-0.1762690639176056,-0.05298846575324253,0.06389529916124924,1.0,-0.02950556706419137,-0.45482280641411094,43.219683825731245,-0.05026666157997666,21.638211277413056,-0.04221246455212962,37.91572413506865,43.219683825731245,-0.01758013285162373,49.54067039235822,,
2025-06-16,AIRA,773.0,79900.0,3.094733095533855,0.449734440587338,0.8407362608748988,1.0,-0.04702792459804099,-0.7703186505241764,38.646614151152,-0.07698161820571266,12.229557552194525,-0.07272134746093353,29.732594550664317,38.646614151152,-0.050685806690075774,42.65306208902642,,
2025-06-17,AIRA,768.0,128479.99999999999,2.254908274897176,0.8157963113228344,-0.07775211102755036,1.0,-0.043358506944444514,-0.7042495717613796,39.590678029065444,-0.03054228670634925,31.391811700008574,-0.05834610615079366,33.46629541848225,39.590678029065444,-0.049463888888888884,42.90391306479794,,
2025-06-18,AIRA,748.37,139970.0,-0.6007609805082872,0.8396936770943161,0.8479783909445642,1.0,-0.023030104241366058,-0.33822995608880535,44.94389124951262,-0.015625840827398194,40.132357093305814,-0.017315528118147117,45.17293829253071,44.94389124951262,-0.023921014597651426,48.21194667888347,,
2025-06-19,AIRA,752.17,82070.0,0.003553072494841789,0.3058384020114843,-0.20028009801961028,1.0,-0.038709385658974776,-0.6205406050030065,40.797949314464795,-0.02464244863697004,34.732713061396225,-0.023680148025680532,43.284954172542314,40.797949314464795,-0.019348594627058863,49.169945676812056,,
2025-06-20,AIRA,713.59,450260.0,-5.132016254326407,1.8576217469944831,0.9443206601157762,0.0,0.015678746499090068,0.3587357070817306,55.36035662906892,0.026925842186956716,66.58588033334712,0.021251365546709117,56.713393518310916,55.36035662906892,0.027393201144581436,58.87507022162154,,
2025-06-23,AIRA,715.88,125430.0,-3.5012013533781685,0.5795446650141914,0.09565217044738455,0.0,0.013627259046696639,0.32179799683219684,54.81203009068973,0.019720132708239725,62.363912476294615,0.022128965548894874,56.97232787609071,54.81203009068973,0.025354363904210253,58.460442640592824,,
2025-06-24,AIRA,746.91,40220.0,1.0292806558631848,-0.5578373471585762,-0.029999995000011444,0.0,-0.017016068440068324,-0.2299452519345164,46.556282067629276,-0.026789197350225686,33.49740485575657,-0.02621968835411416,42.53672886974421,46.556282067629276,0.007900066464309193,54.867549222395596,,
2025-06-25,AIRA,738.98,90610.0,-0.01193054304270098,0.254361660911298,-0.00380228112786213,0.0,-0.003764978367866172,0.008645008515981576,50.12967483699783,-0.017936492825589307,38.719608222968795,-0.009221828124738242,47.59333807243143,50.12967483699783,0.04349355487636967,62.10086789471152,,
2025-06-26,AIRA,735.95,61890.0,-0.4113528710139089,-0.14636455519716896,-0.0175879374889365,0.0,0.0005623994254267441,0.0865608772591389,51.298121375654915,-0.01782102398152914,38.78977948448383,-0.00652115400998817,48.40405981240499,51.298121375654915,0.05742640844842585,64.80963898560302,,
2025-06-27,AIRA,735.0,79140.0,-0.49842638671982376,0.09949494710120045,0.8180163040931482,0.0,0.015485034013605445,0.3552478496969827,55.3086342936134,-0.012602777777777779,42.00537862032057,0.00874892290249437,52.99135834787098,55.3086342936134,0.06697709750566895,66.61405751294853,,
2025-06-30,AIRA,732.2,100320.0,-0.7961788835625002,0.28994375803952194,-0.9499998812500036,0.0,0.03687978694345798,0.7404674539705849,60.92785076478614,-0.014947707062429889,40.550219601691005,0.009864027739840228,53.32530977294705,60.92785076478614,0.06288003581292291,65.84557236100969,,
2025-07-01,AIRA,729.2,77220.0,-1.0908971756515855,-0.02935003660962359,0.3643319492545072,0.0,0.034682012033191344,0.7008957896475044,60.36118554656017,-0.0181639929385541,38.58149188620362,0.008681469799475771,52.97114860645111,60.36118554656017,0.0754574275788208,68.17666473317054,,
2025-07-02,AIRA,728.0,154470.0,-1.1522680149858764,0.6639907639168454,0.8973019626935651,0.0,0.024056227106227106,0.5095750168354867,57.58463280484083,-0.020868620268620332,36.95410604883244,-0.0006380036630036501,50.172466614224746,57.58463280484083,0.09050921855921851,70.85055779778179,,
2025-07-03,AIRA,725.1,14010.0,-1.4364470644428262,-1.7544866395560577,-0.6891190519656273,0.0,0.023358084434987627,0.4970047270815848,57.4003126529506,-0.017547128803252106,38.95641318716597,0.004802554327481891,51.80755007566216,57.4003126529506,0.10687897958245493,73.602797645598,,
2025-07-04,AIRA,728.0,82970.0,-1.010994795585831,0.024215114693704916,0.0,0.0,0.00923598901098906,0.24273172712765298,53.63455388208303,-0.016829761904761893,39.39406360945811,0.001984432234432204,50.96086486703305,53.63455388208303,0.09378925518925513,71.41540525034137,,
2025-07-08,AIRA,723.51,34520.0,-1.4899523224493285,-0.85272342858089,-0.8986401855821856,0.0,0.01808857425210829,0.4021254529894727,56.00278959807581,0.0017439447475304055,51.11911565339078,0.02091606641827437,56.614366396289824,56.00278959807581,0.09833043145814946,72.18649067177603,,
2025-07-09,AIRA,718.2,52160.0,-2.152920880909528,-0.4216920050059766,-0.13333332222221558,0.0,0.018764250905040337,0.41429123465158374,56.182566498685894,0.008879504316346307,55.662271787019904,0.031136897800055612,59.60570394505786,56.182566498685894,0.08529849624060147,69.93987502834446,,
2025-07-10,AIRA,715.05,107890.0,-2.50863588464844,0.30510330625354615,-0.4842577984621219,0.0,0.016427176421229303,0.3722114354240156,55.56008168081229,0.02219804034682895,63.840919467300864,0.0358919865743655,60.974803578771706,55.56008168081229,0.07821182085168878,68.67573132492498,,
2025-07-11,AIRA,714.61,32800.0,-2.4089254187284386,-0.9038336427949863,-0.8286557733636842,0.0,0.015609473004811348,0.35748841490031624,55.34186153911409,0.03957297855662419,73.36700658277373,0.050531845747586124,65.07483194188019,55.34186153911409,0.09430365159773016,71.50339056745172,,
2025-07-14,AIRA,717.99,25230.0,-1.8743001948292402,-1.1662274846116234,-0.6378525352272475,0.0,0.021855575170499138,0.46995155071720285,57.0029357412534,0.0332662026397768,70.0954805905318,0.06331140661197693,68.48244724606303,57.0029357412534,0.0819815635779514,69.35180388536621,,
2025-07-15,AIRA,727.0,57450.0,-0.5612281996753063,-0.3433484524250826,0.4454664621901116,0.0,0.021147257155957336,0.4571980505409549,56.81528627297687,0.012026308923385954,57.64056675448156,0.04341162474618458,63.104293667199826,56.81528627297687,0.06663945492456497,66.55105166363661,,
2025-07-16,AIRA,726.79,14550.0,-0.3377903959136551,-1.7119642336030994,0.0979591636817843,0.0,0.001298735508412075,0.09981885202659692,51.496835381949055,0.016444584601958172,60.37603849550561,0.03133602332566103,59.663354069484754,51.496835381949055,0.06416973805450674,66.08840394189532,,
2025-07-17,AIRA,733.13,24560.0,0.9121499309196877,-1.1578922114207337,0.3020908217670597,0.0,-0.0022489835222709274,0.03594099722946498,50.53909406727563,0.002188408268613001,51.40342815362139,0.017497879092666212,55.60195914991435,50.53909406727563,0.053442471819567246,64.04390220461347,,
2025-07-18,AIRA,745.1,81960.0,2.799881082379291,0.16411333105076006,0.9999999502487587,0.0,-0.017326632251343732,-0.23553705609666145,46.47281261323626,-0.0075988185776704395,45.154398672352094,-0.008793127107685539,47.72195723099115,46.47281261323626,0.05154741725303726,63.67710721805375,,
2025-07-21,AIRA,744.1,58600.0,2.7102482039960583,-0.17138288044201638,0.002441008751746465,0.0,-0.013563661171586945,-0.16778351694668117,47.48537059042877,-0.007671659275186996,45.10821653513321,-0.005032069315653542,48.851458609157035,47.48537059042877,0.05580868573519087,64.49959430840279,,
2025-07-22,AIRA,738.0,18530.0,1.2261836023543344,-1.1790260822921208,0.14285713265306196,0.0,-0.007709949670925269,-0.06238550486352565,49.064326672344464,0.014474128919860663,59.16300324391215,-0.0034975609756097304,49.312696879121454,49.064326672344464,0.06601383081687959,66.43415093020475,,
2025-07-23,AIRA,741.0,58870.0,1.428388843935963,0.01445765592491436,-0.7979797173757858,0.0,-0.012471569950517318,-0.148120053227775,47.77966040680198,0.007600563909774368,54.85271146074098,-0.014245943384101328,46.08882914064766,47.77966040680198,0.05888773215089008,65.08864068151448,,
2025-07-24,AIRA,737.01,16450.0,0.8870817249056103,-1.2727076374684336,0.07846153242603457,0.0,-0.004387830849358433,-0.0025696564641638003,49.96145516067305,0.007741894857018816,54.94230728125123,-0.010245535871775326,47.28633688651485,49.96145516067305,0.0946777260727224,71.56727201031889,,
2025-07-25,AIRA,741.75,265650.0,1.615397942054567,1.5213049238171696,0.17721516744111568,0.0,-0.003396260051037603,0.015283903789174574,50.229256950222876,-0.009512097757876311,43.94435411920025,-0.005889186207007213,48.59390885875477,50.229256950222876,0.10630090800391603,73.50849577971623,,
2025-07-28,AIRA,740.7,33710.0,1.189512297293276,-0.543078579266043,-0.23209165729344258,0.0,-0.006012554726224299,-0.031823347355206755,49.52266429188418,-0.006736073501899809,45.702005951121144,0.007503616270323419,52.61809864271927,49.52266429188418,0.113068881752782,74.59898429030606,,
2025-07-29,AIRA,750.97,110170.0,2.5865991594947033,0.6982425951938307,0.9017608061389477,0.0,-0.01324789291563867,-0.16209800503647662,47.57044477512405,-0.019160641411710762,37.97861219999136,-0.02595071362202237,42.615821489414216,47.57044477512405,0.09172922725761448,71.06141924806485,,
2025-07-30,AIRA,748.93,88090.0,2.089569620120914,0.47457713280835606,-0.005050504625383377,0.0,-0.0011897056096326353,0.05501364647482846,50.82512978079223,-0.004270901745749844,47.27200311855106,-0.018104019734821546,44.93817297816964,50.82512978079223,0.08842169647215217,70.48767050112168,,
2025-07-31,AIRA,745.0,27250.0,1.378586646882176,-0.6987266801511529,0.11012234592632505,0.0,0.00818181793970386,0.2237510282502875,53.35123359774548,0.0034835996591029966,52.23134601910693,-0.011611289549376798,46.87708235621974,53.35123359774548,0.0971131112176414,71.98104941562872,,
2025-08-01,AIRA,736.99,30450.0,0.13743993689031053,-0.3529894132653973,0.14244877834927247,0.0,0.017990342420273614,0.400356756360421,55.97663987908595,0.014573917131179427,59.2247165462171,0.001708246445160714,50.87784922383928,55.97663987908595,0.14028277655336366,78.67712391129524,,
2025-08-04,AIRA,738.0,23080.0,0.2542472306602729,-0.6301083170820219,0.7142856122449125,0.0,0.011142044134727063,0.27705088018809854,54.14622003100904,0.026732917150600076,66.47589031828726,-0.002137330623306219,49.721651483718226,54.14622003100904,0.1333098141695703,77.67960571501547,,
2025-08-05,AIRA,738.9,15310.0,0.2923673862333857,-0.801228868815429,0.3111110765432087,0.0,0.009465387255186385,0.2468621184035181,53.696176794770736,0.04276182114339849,74.93162060649207,-0.004043993967867261,49.148434077373686,53.696176794770736,0.1413351990410456,78.82482161712522,,
2025-08-06,AIRA,748.04,191840.0,1.4739138556042328,1.7524551392084855,0.3556756564499606,0.0,0.006657076249211757,0.1962975497008215,52.94106421445428,0.023606874600543438,64.66936537670679,-0.013778013589800282,46.22869610565865,52.94106421445428,0.10544954874665055,73.36922025297767,,
2025-08-07,AIRA,749.89,60960.0,1.3951629333861468,0.6060119033221414,-0.46839073730017766,0.0,-0.0038552854206976746,0.007019000154542345,50.10528484670813,0.00907265478831077,55.78428450377179,-0.00885748697110495,47.702645973505966,50.10528484670813,0.10923010155246052,73.98411529163795,,
2025-08-08,AIRA,750.0,134060.0,1.0479051478319081,1.3940809323694785,-0.6931216197754819,0.0,-0.0026944444444444438,0.027920325959192978,50.418795095350035,0.004217936507936544,52.700237165332034,-0.013015238095238107,46.456820503237765,50.418795095350035,0.10900238095238096,73.94733896896109,,
2025-08-11,AIRA,760.0,103060.0,2.1945284910437683,0.8158415012233539,0.18413261195188893,0.0,0.010242209690893903,0.26084906334535757,53.90476852714157,-0.01858855472013362,38.324231081715375,-0.01964362990810359,44.480428536737335,53.90476852714157,0.0977797827903091,72.09367511005682,,
2025-08-12,AIRA,772.77,50820.0,3.6820179438801794,-0.13258380145116255,0.5020600057645651,0.0,0.01653076797938401,0.37407663569855404,55.58771199228206,-0.03254082638399768,30.300388867453854,-0.027034495479157518,42.297367638902976,55.58771199228206,0.08596456926443347,70.05718716002083,,
2025-08-13,AIRA,768.0,70990.0,2.8022618669488506,0.26049221888628826,-0.5973153961533285,0.0,0.03203958333333333,0.6533179867433075,59.67618499516606,-0.033049355158730136,30.026122275220885,-0.01702879464285713,45.25836410840584,59.67618499516606,0.09230218253968255,71.16013392985153,,
2025-08-14,AIRA,759.0,38760.0,1.4324053956659346,-0.4156463718051738,-0.37499997656250145,0.0,0.05237513332078551,1.0194662916354817,64.83238861736393,-0.028055633979547072,32.778990330271256,-0.006531829161176987,48.40085327716481,64.83238861736393,0.09473977664847237,71.5778601609848,,
2025-08-15,AIRA,755.47,49020.0,0.8888432062581941,-0.1808071737189561,0.4082840050849345,0.0,0.04930936602905238,0.9642661373365029,64.07359219801015,-0.02487639487958829,34.59705378091948,-0.007134288331178714,48.21991248354801,64.07359219801015,0.11097162503275051,74.26425204657356,,
2025-08-18,AIRA,748.21,65840.0,-0.13886847721437948,0.18518082494754473,-0.5738076997044773,0.0,0.06751053894129962,1.2919842768990342,68.46426463523113,-0.004719717148207503,46.98567132777809,0.0022091589917354326,51.0284091176725,68.46426463523113,0.11005755930079042,74.11746405214265,,
2025-08-19,AIRA,750.0,78950.0,0.07858758494963182,0.36430331142434536,-0.6999999650000017,0.0,0.07774365079365077,1.4762348410992814,70.80104634674143,0.004708888888888931,53.01346131578006,0.009514047619047632,53.220528441277416,70.80104634674143,0.10754492063492066,73.71116658376012,,
2025-08-20,AIRA,744.98,19440.0,-0.6138763934325345,-1.1255914626967316,-0.33777774024691376,0.0,0.09666737748792231,1.8169628005410328,74.84151784941062,-0.008159676002807325,44.79902746942058,0.008369340297619543,52.87761836228844,74.84151784941062,0.1296127459264913,77.13739928058743,,
2025-08-21,AIRA,740.04,18000.0,-1.3100478787729082,-1.1330109397984824,-0.9839998032000539,0.0,0.09572680981208223,1.8000275683807165,74.64971135609657,0.003696136244887781,52.36709968214367,0.016515341513071415,55.31004767776131,74.64971135609657,0.13736614867664826,78.26388549151903,,
2025-08-22,AIRA,739.0,18920.0,-1.4518231807972548,-1.0831633304426918,-0.4261118470427788,0.0,0.09485719709173701,1.784369903667269,74.47151740426564,0.006365116953411947,54.068230877255495,0.045017294391820784,63.55277602089502,74.47151740426564,0.14310350806538222,79.07129941466026,,
2025-08-25,AIRA,746.98,29610.0,-0.5986364968801856,-0.5223087377985889,0.05608465311721731,0.0,0.06234312707635019,1.1989433167972223,67.24673884850306,-0.0020165320930375734,48.7125635402957,0.057809593412543256,67.0370507850613,67.24673884850306,0.1262125710320541,76.63061147396233,,
2025-08-26,AIRA,755.84,54950.0,0.5552255031707239,0.09600184450997017,0.9999999368686909,0.0,0.03827927805330428,0.7656657543803634,61.28716999443097,-0.016150112562665513,39.810280374102085,0.05448271138260549,66.14691485733823,61.28716999443097,0.12583532283644475,76.57390500908055,,
2025-08-27,AIRA,741.2,28150.0,-1.426770148054996,-0.5728734636639488,-0.9999999275362372,0.0,0.07401729135079102,1.4091405065834246,69.96190150650837,0.002677990431646603,51.71649614104958,0.08364454423971418,73.50863661847517,69.96190150650837,0.1461234201937655,79.48734077216795,,
2025-08-28,AIRA,745.07,48880.0,-0.907593679842727,0.10768168213491962,-0.1291248113970686,0.0,0.061622696919283744,1.1859717334879019,67.07508593957694,7.250533719958818e-05,50.04943978264188,0.06977914208977051,70.13682325773689,67.07508593957694,0.14123605929431146,78.81094025749272,,
2025-08-29,AIRA,746.0,102780.0,-0.7669056837560224,0.7417908074837825,-0.3963782297406241,0.0,0.05887029873611645,1.1364138936568255,66.4151101962971,0.006252028809736584,53.996315675823936,0.07629608493978465,71.75219188109521,66.4151101962971,0.15175250648963784,80.2463801858191,,
2025-09-02,AIRA,747.8,44930.0,-0.5117819097946573,-0.10531586711127262,0.20216047822834918,0.0,0.05356895507244537,1.0409614472119664,65.12587688202225,-0.00019268022177217634,49.879698812308185,0.08654461138917548,74.18227376463395,65.12587688202225,0.13538186596025603,77.9794561502151,,
2025-09-03,AIRA,745.99,33270.0,-0.7679008039163056,-0.4057650198616359,-0.8012047388348645,0.0,0.05500413741768948,1.0668023801223894,65.47718673016267,0.00889973528837889,55.67505487575644,0.10073809400930306,77.31479105429294,65.47718673016267,0.13153250654238735,77.42009876353579,,
2025-09-04,AIRA,745.5,75880.0,-0.8335975113243485,0.41873099499168515,-0.6226412744749875,0.0,0.07136840487368656,1.3614464292635557,69.35710690117844,0.01893478090766823,61.89079839277599,0.09315807064609875,75.67614608747036,69.35710690117844,0.1256009836798569,76.53863201320705,,
2025-09-05,AIRA,747.45,26890.0,-0.6022896719887162,-0.6186662867818723,-0.01999999599998261,0.0,0.07131362059573974,1.3604600202154924,69.34452695515793,0.02027002403409683,62.693787654254365,0.08787461416434919,74.48744970165909,69.34452695515793,0.11965385525070946,75.63117276324323,,
2025-09-08,AIRA,753.0,82960.0,0.13508504208873734,0.5275587371672618,0.7777776913580343,0.0,0.06441528805413266,1.2362532607105623,67.737884201448,0.011417757541263517,57.25969251388734,0.05932265857206099,67.43792469746566,67.737884201448,0.11118236419401759,74.29801695594342,,
2025-09-09,AIRA,750.01,123460.0,-0.30709032326554137,0.9251172055757109,0.338235271508333,0.0,0.06613481532944646,1.2672139181533408,68.14250180760475,0.010142441449987029,56.45876362947294,0.05214151020843534,65.51353768531662,68.14250180760475,0.11373618306253272,74.70488464838753,,
2025-09-10,AIRA,755.0,165420.0,0.49155162415969705,1.2176875611488838,0.9999998459168188,0.0,0.08812380689582676,1.6631329856625245,73.06415161583001,0.0030670792599601267,51.965207844516215,0.05971593608745926,67.54170670518012,73.06415161583001,0.10539868600861979,73.36088476817159,,
2025-09-11,AIRA,762.0,757710.0,1.4783224767757528,2.7395002330354923,0.6231883665287724,0.0,0.09634760967379072,1.8112052752626113,74.77641701638903,0.003431492938382714,52.19805874250195,0.04330901762279715,63.075556233102944,74.77641701638903,0.10130272778402694,72.68420051392387,,
2025-09-12,AIRA,764.99,273720.0,1.3552920018459595,1.7213047537707913,0.16430357261855325,0.0,0.09697215418522948,1.8224504058016975,74.90346276574552,-0.008316571276893985,44.69970870580306,0.03781359825846878,61.52334222997248,74.90346276574552,0.10342689690206552,73.0364660338535,,
2025-09-15,AIRA,764.0,143140.0,1.0559850432123052,1.012866671363714,-0.0008340282874030534,0.0,0.09294495969417435,1.7499394367214025,74.07679212340066,-0.005732483586802959,46.340311683883314,0.036527108784176844,61.15641883084438,74.07679212340066,0.12318535485747528,76.17288513391141,,
2025-09-16,AIRA,760.0,60880.0,0.45602960621522814,0.007998379033329613,-0.6708437200631775,0.0,0.0925065162907268,1.7420451181973138,73.9857313042054,0.025833082706766916,65.96052660594174,0.04091073517126143,62.401258354489975,73.9857313042054,0.1226887635756057,76.09721333909243,,
2025-09-17,AIRA,759.69,37940.0,0.36902324469626263,-0.42296945938204517,-0.3099998450000229,0.0,0.09564594063744039,1.7985714921383031,74.63317499618728,0.049949677123939565,78.22798759384429,0.05669635339978893,66.74051259630582,74.63317499618728,0.05592229161142794,64.5214075958787,,
2025-09-18,AIRA,766.99,503400.0,1.2929405798216287,2.2717754624551394,0.057931778130382056,0.0,0.1146398359532429,2.1405628608237697,78.3187247041407,0.04902289302627441,77.82113696676947,0.049221530702269034,64.71581345064195,78.3187247041407,0.012876917524638147,55.89889621968498,,
2025-09-19,AIRA,761.01,170010.0,0.24323924481247866,1.0768793428759658,-0.9981800729590488,0.0,0.11836165465568634,2.2075754378062715,78.99369258204769,0.06515436129366928,84.13481808589532,0.05869008651409999,67.27063611869173,78.99369258204769,0.013269665829433418,55.98008056571319,,
2025-09-22,AIRA,762.0,52360.0,0.3423864184664188,-0.26693682058200363,0.0,0.0,0.12605937070366202,2.3461753617939047,80.34037438035047,0.055775471816022965,80.6614811884667,0.05472392513435824,66.21184879872803,80.34037438035047,0.04199426321709786,61.80448120482749,,
2025-09-23,AIRA,782.0,1100000.0,2.9509124596166685,2.77798314326266,0.8070997720328278,0.0,0.07624800775382617,1.4493052933814443,70.46589581986191,0.036202191166321576,71.64703079628454,0.05553276600495269,66.42913941730365,70.46589581986191,0.055141859497422153,64.37143675577907,,
2025-09-24,AIRA,800.01,269590.0,4.436537690194585,1.2221503345745655,0.7475982206288996,0.0,0.05777938856121442,1.1167716950648783,66.15172696286031,0.024841118414591228,65.38799295591576,0.04896707527763041,64.64589962194435,66.15172696286031,0.07533186553918084,68.15381332556008,,
2025-09-25,AIRA,807.0,125040.0,5.024059364178569,0.29743245222533016,0.6551723686088022,0.0,0.0484096078952027,0.9480656944802592,63.84953335016377,0.02660723726913318,66.40414153362842,0.04449703634861625,63.40771511944461,63.84953335016377,0.09043410338112942,70.83754567021695,,
2025-09-26,AIRA,812.99,55610.0,5.620495328026263,-0.7100842418859814,0.5983988927018765,0.0,0.044197931650304355,0.8722330703921131,62.792840090573506,0.011401623943713877,57.24958304529242,0.03156025144396432,59.72823986676084,62.792840090573506,0.06976979636895901,67.13290204405354,,
2025-09-29,AIRA,806.9,79610.0,4.712481630582695,-0.35130870669720815,0.0615384568047306,0.0,0.05893250830633413,1.1375339975486471,66.43009918929907,0.016835049041304492,60.614955769808155,0.03351753315156773,60.293158333848915,66.43009918929907,0.08180206458383746,69.31979716253379,,
2025-09-30,AIRA,812.77,92640.0,5.297203038035169,-0.10804450260572496,0.15577077031712525,0.0,0.050523841581532586,0.986133171429409,64.37505005169402,-0.009471677411813869,43.96984865389778,0.028463672447993377,58.82925160030973,64.37505005169402,0.05766241115772811,64.8547666588263,,
2025-10-01,AIRA,822.4,348130.0,6.386109535869979,1.1699805405388743,0.7833333006944438,0.0,0.0278520443456242,0.5779199619558949,58.582972088284635,-0.03156308597368905,30.8316692587599,0.04387592335247979,63.23421451801139,58.582972088284635,0.06416819066147865,66.0881130945591,,
2025-10-02,AIRA,831.0,105480.0,6.9480103579951695,-0.16377397807296476,0.1997713575372578,0.0,0.026946090481920808,0.5616079629339755,58.34530432776227,-0.028362821614807174,32.60592434968356,0.02817230531201654,58.744348772791085,58.34530432776227,,,,
2025-10-03,AIRA,824.8,183120.0,5.909131047855934,0.3878454189337378,-0.6388139817351042,0.0,0.02385331662894714,0.5059215465656014,57.53108290049257,-0.02711177197358084,33.31367344608801,0.04447729820023715,63.40220682158375,57.53108290049257,,,,
2025-10-06,AIRA,823.0,69840.0,5.412751576908731,-0.652302682118116,-0.2727272479338866,0.0,0.026346600223726625,0.5508139425129585,58.18781989460607,-0.026259928349630646,33.79994936884646,0.02729282773052518,58.4877599697687,58.18781989460607,,,,
2025-10-07,AIRA,807.6,223290.0,3.292940247664195,0.5099594560909109,-0.9294117100346025,0.0,0.059516168423783614,1.1480429910486587,66.5705668036566,-0.01014841151913963,43.5434381542932,0.05328031734239012,65.82233024487164,66.5705668036566,,,,
2025-10-08,AIRA,798.99,126040.0,1.929716729251017,-0.20216946667797625,-0.7151037426554222,0.0,0.07109245228648794,1.3564778116409328,69.29371147451579,-0.0005449680370277622,49.654210053125084,0.06472396811689042,68.8479853969106,69.29371147451579,,,,
2025-10-09,AIRA,810.0,195610.0,3.15027315249221,0.3738892071328945,0.5007503501375505,0.0,0.059978659611992946,1.1563702978928259,66.68166493825733,0.00022341269841269279,50.146032876338595,0.0537187389770723,65.94085526611518,66.68166493825733,,,,
2025-10-10,AIRA,805.0,52150.0,1.8225242408024283,-0.9481064631809878,-0.3333333111111126,0.0,0.06276963423050379,1.206622719204046,67.34814369250994,0.00905291580400276,55.771818609205525,0.06708502415458942,69.45374727551203,67.34814369250994,,,,
2025-10-13,AIRA,803.99,66450.0,1.4454895236094099,-0.6361732332368184,0.8946258277528107,0.0,0.07668994156525283,1.457262457855887,70.5651588201547,0.011430147373111498,57.267455691058665,0.06786967789814963,69.65359417929642,70.5651588201547,,,,
2025-10-14,AIRA,802.0,271960.0,1.0366950351323017,0.8584635715442956,-0.599999940000006,0.0,0.07690090547440921,1.461060932830928,70.61247490993658,0.011543441000672956,57.338426166129466,0.060199617028856484,67.6691092378382,70.61247490993658,,,,
2025-10-15,AIRA,801.17,555350.0,0.8000460951817507,1.486972840201814,-0.8933601160281686,0.0,0.07926836120725032,1.50368775649795,71.14039913594566,0.040098702725636814,73.62919034659363,0.07167336185015928,70.61179907112064,71.14039913594566,,,,
2025-10-16,AIRA,812.88,16340.0,2.13880909488757,-2.203752442640134,0.24281148866818228,0.0,0.07448128207291185,1.4174948130317413,70.06713656447134,0.04233860805320056,74.72753212597621,0.044961215150364844,63.53715151292661,70.06713656447134,,,,
2025-10-17,AIRA,815.0,97560.0,1.9489799029409256,-0.25215638452131756,0.19520546273925493,0.0,0.05929483883532969,1.1440578785887108,66.51733453194497,0.04434236293699481,75.6840685102176,0.042476338981400366,62.84200429635888,66.51733453194497,,,,
2025-10-20,AIRA,815.89,14430.0,1.8094143485466567,-2.0778686873162546,-0.1410658218767506,0.0,0.05203583845141749,1.013357175267625,64.74877052877804,0.038120091906647086,72.63385979541049,0.05446266878782882,66.14151671603412,64.74877052877804,,,,
2025-10-21,AIRA,813.97,203580.0,1.4987586434764335,0.568867840145461,-0.5754109667325935,0.0,0.04847390446315338,0.94922337545668,63.865564696179646,0.03475113093556151,70.88629102896635,0.05698828543367013,66.81840529573022,63.865564696179646,,,,
2025-10-22,AIRA,836.01,215890.0,3.2506366186140965,0.6275779353949043,0.6807999727680003,0.0,0.017747064030334547,0.3959764484686723,55.91186391665379,0.00987820361000468,56.29237918492659,0.0324124044568845,59.974518576585076,55.91186391665379,,,,
2025-10-23,AIRA,850.05,320310.0,4.638752417524765,1.0220979704931825,0.035926595091064245,0.0,0.0007183890443419848,0.08936952195189783,51.34022171770065,0.01990661095565812,62.47590945852705,0.011451874049425714,53.800316705728456,51.34022171770065,,,,
2025-10-24,AIRA,853.9,52350.0,4.614462598245361,-0.7935654219692045,0.7799999220000033,0.0,-0.005648142044810246,-0.025261976472034257,49.62107760736988,0.010712525582899807,56.817232608882115,0.018654060175813343,55.94496390617799,49.62107760736988,,,,
2025-10-28,AIRA,849.76,21530.0,4.0238894339250635,-1.6820655512712968,-0.16444442617284358,0.0,-0.0013020768515778665,0.05299036508916333,50.794788524985755,0.023930644544267222,64.85853601299188,0.021325804260698827,56.73537097630358,50.794788524985755,,,,
2025-10-29,AIRA,845.02,77960.0,3.3847874962392206,-0.3953225308084022,-0.3315543474613527,0.0,0.010253336729514784,0.26104940935675236,53.90775537497417,0.010764877651059657,56.85011641504133,0.02830704847598237,58.783618709452526,53.90775537497417,,,,
2025-10-30,AIRA,847.12,113130.0,3.5400726579902724,-0.02298145007835788,-0.05418059838256486,0.0,0.013716188594933038,0.32339920276769774,54.83582461623615,0.0141741282133151,58.97729663712408,0.03634872516702717,61.10544049833435,54.83582461623615,,,,
2025-10-31,AIRA,869.88,121890.0,6.243587651378904,0.10897671802115393,0.9899916184323758,0.0,0.002766531836903615,0.12624701049468606,51.89280020299824,-0.0124368953462656,42.10887788979167,-0.002687976338279772,49.55609172926458,51.89280020299824,,,,
2025-11-03,AIRA,865.97,23670.0,5.553665870126135,-1.602309954248696,0.6638855516930646,0.0,0.001613452352082989,0.10548543291092136,51.581753515393224,-0.004485964390606337,47.13477554980388,-0.003848617318023613,49.20716417451023,51.581753515393224,,,,
2025-11-04,AIRA,873.0,66900.0,6.398038376884628,-0.4540409367099647,0.8075948958179823,0.0,-0.06508086647029943,-1.0953678411741976,34.13642177526336,-0.00628609474717718,45.988040696718066,-0.0176687285223368,45.06774928445749,34.13642177526336,,,,
2025-11-05,AIRA,857.0,121040.0,4.298437065782816,0.13888021663733022,-0.8724399723557617,0.0,-0.07636965234946566,-1.2986261654633304,31.449756892535213,0.011793798040414144,57.49514967938447,-0.0015534357578115138,49.89721467380497,31.449756892535213,,,,
2025-11-06,AIRA,862.0,120740.0,4.561642729862971,0.13639862962469115,-0.08108107560263335,0.0,-0.08876940301255849,-1.5218877782143256,28.63592246767668,-0.0037218373660368492,47.62253329696301,-0.00731245902846831,48.16640995603521,28.63592246767668,,,,
2025-11-07,AIRA,862.0,29200.0,4.203012567474524,-1.283068591535691,0.23140070644429359,0.0,-0.06212207122601554,-1.0420937539778323,34.85869447997957,0.005906932935587228,53.77676008734421,-0.009058947445954407,47.642201972292305,34.85869447997957,,,,
2025-11-10,AIRA,865.01,70990.0,4.350966634427906,-0.21206644904158237,0.17924527245015828,0.0,-0.028462682714191938,-0.43604532868734747,43.49637492344287,-0.008008800430419823,44.89457476637841,-0.013148414326983628,46.416980333803856,43.49637492344287,,,,
2025-11-11,AIRA,870.46,312640.0,4.821832257588767,1.2704454950651742,0.8230382599268441,0.0,0.0066258110471784926,0.19573460939511772,52.93264924248021,-0.01398809295869472,41.143862290526435,-0.013755273940179138,46.23549465119941,52.93264924248021,,,,
2025-11-12,AIRA,870.0,93200.0,4.133350691337181,-0.12249278171021043,-0.011122344679238536,0.0,0.030189422550629466,0.6200052297840416,59.19429183414259,-0.001143130815544546,49.27138127995194,-0.007388765736179531,48.14349724392746,59.19429183414259,,,,
2025-11-13,AIRA,861.7,166090.0,2.5688487037879506,0.5546603061117346,0.07442640881777458,0.0,0.02872591485822593,0.5936542896274755,58.811845208335335,0.00851047025904866,55.428964971082586,0.01855634211442492,55.91599532327872,58.811845208335335,,,,
2025-11-14,AIRA,870.0,281100.0,2.1992482047342246,1.0808407824944106,0.7613635882977555,0.0,0.02213947728516696,0.47506330221175647,57.07809169671678,0.002372126436781609,51.52092272223867,0.002955268199233717,51.25263265687654,57.07809169671678,,,,
2025-11-17,AIRA,861.0,56510.0,0.865530335197765,-0.6228220292926074,-0.8165303527220403,0.0,0.017961256291134337,0.3998330509830503,55.96889639430764,0.009255516840882688,55.89973376580396,-0.04569185056136271,36.935748187250454,55.96889639430764,,,,
2025-11-18,AIRA,861.22,112270.0,0.6925223409690842,0.08457693863203737,-0.7605633037662576,0.0,0.03625108693168015,0.7291475022731789,60.766042845528375,0.020722505928282592,62.96434620342693,-0.07492142119908896,29.18274806725405,60.766042845528375,,,,
2025-11-19,AIRA,871.94,244280.0,1.888949438581693,0.7735850705238991,0.456010714841462,0.0,,,,0.005825501336010024,53.72493029597752,-0.09331717518425442,24.828595619014276,,,,,
2025-11-20,AIRA,871.94,185350.0,1.3262452868600556,0.4975160526505322,-0.007499999531243208,0.0,,,,0.006954115271510899,54.44250710123434,-0.0669736194350056,31.196796324316022,,,,,
2025-11-21,AIRA,875.0,98850.0,1.3451210581133166,-0.13112571036038423,0.014198782241439658,0.0,,,,0.013687698412698414,58.67564411154852,-0.03371388888888889,40.34976470314436,,,,,
2025-11-24,AIRA,871.88,51410.0,0.7169518801791633,-0.7194456233096824,0.5235954467870263,0.0,,,,0.005799114866542781,53.70813403643998,0.011032560928364306,53.674941932788045,,,,,
2025-11-25,AIRA,881.99,81290.0,1.8383723744722795,-0.2612561688942785,0.7823497140038067,0.0,,,,-0.01138183601584944,42.76875070499437,0.022000808052749413,56.934538652137235,,,,,
2025-11-26,AIRA,880.0,100640.0,1.5291717547816641,-0.04772966244828008,0.325842660017677,0.0,,,,-0.014753751803751835,40.669988875494724,0.0130262987012987,54.270628511456685,,,,,
2025-11-27,AIRA,881.0,20410.0,1.499901494847926,-1.6516925302454912,0.42857139795918586,0.0,,,,-0.018282164928021934,38.5098214712151,0.015257867592742756,54.935920639004785,,,,,
2025-11-28,AIRA,890.0,112650.0,2.4054393938616676,0.12166860224143151,0.7273355898037626,0.0,,,,-0.028113545568039952,32.74632759439581,-0.009716332263242377,47.445016367375345,,,,,
2025-12-01,AIRA,879.95,5000.0,1.1371493884263106,-2.853475959039239,-0.18235293044982226,0.0,,,,-0.01867821334094565,38.26998592894078,0.0199237644274521,56.32099361323868,,,,,
2025-12-02,AIRA,874.99,87080.0,0.5598213711774723,-0.13578952292150487,0.2508861657784105,0.0,,,,-0.013679879457125767,41.33508843869847,,,,,,,
2025-12-03,AIRA,870.03,57620.0,-0.02152776803966704,-0.5487463380556036,-0.9955521871347567,0.0,,,,-0.0023706975621530443,48.48604593784358,,,,,,,
2025-12-04,AIRA,867.9,62510.0,-0.3458502973270002,-0.429281391728285,0.09629628916323447,0.0,,,,0.005944380387251137,53.80059200354139,,,,,,,
2025-12-05,AIRA,868.0,97870.0,-0.37992343881177393,0.082275952516862,-0.26265821399482037,0.0,,,,0.021959114183307732,63.69958627365262,,,,,,,
2025-12-08,AIRA,866.5,135730.0,-0.549488981049206,0.3511745896889758,-0.30609095558281135,0.0,,,,0.017969704109764697,61.306316614911715,,,,,,,
2025-12-09,AIRA,865.99,93850.0,-0.5981632904379239,-0.04693639660361917,-0.11135856220951401,0.0,,,,-0.04036474488689609,26.243456926145925,,,,,,,
2025-12-10,AIRA,870.92,86140.0,-0.018501269276535164,-0.10691478793453439,-0.0356756737472653,0.0,,,,-0.07447302416565146,12.935874295602023,,,,,,,
2025-12-11,AIRA,876.0,94640.0,0.5599878422664724,-0.012808559694867057,-0.08607377506223088,0.0,,,,-0.08667329310719725,9.805643793604158,,,,,,,
2025-12-12,AIRA,890.0,182420.0,2.0521536175532997,0.6604134166308439,0.46272096607528845,0.0,,,,-0.0752839218833601,12.703839084166047,,,,,,,
2025-12-15,AIRA,885.0,114840.0,1.2511790783592152,0.1976418936279192,-0.43901065548000595,0.0,,,,-0.03388268092547754,29.579763406687178,,,,,,,
2025-12-17,AIRA,833.96,140890.0,-4.695593388314428,0.38097819097192104,-0.5637499911914052,0.0,,,,0.06855890570291141,85.26403296104229,,,,,,,
2025-12-18,AIRA,809.0,52130.0,-7.329520857090283,-0.6132594182077264,-0.26382305087819574,0.0,,,,0.12638776119842252,96.21695406216365,,,,,,,
2025-12-19,AIRA,803.03,100670.0,-7.454181138902759,0.06595000319439694,-0.6320582302314949,0.0,,,,0.12235809925957028,95.82297453958537,,,,,,,
2025-12-22,AIRA,826.0,114730.0,-4.77257295014229,0.19668359899360907,0.9999999374217812,0.0,,,,0.09465739171374767,91.86146270411632,,,,,,,
2025-12-23,AIRA,858.0,287170.0,-0.7321613732103295,1.1141759614823497,0.2717536768448182,0.0,,,,0.038577486402486406,72.86601929884205,,,,,,,
2025-12-24,AIRA,893.95,70370.0,3.5574206083468236,-0.3132334963359291,0.8940873806147231,0.0,,,,0.014552286579005043,59.211341749219784,,,,,,,
2025-12-25,AIRA,913.98,123970.0,5.839039108114931,0.25303844670336534,0.19185535910382132,0.0,,,,,,,,,,,,
2025-12-26,AIRA,904.0,52440.0,4.411039121659953,-0.6073303752820681,-0.6871165117241986,0.0,,,,,,,,,,,,
2025-12-29,AIRA,906.98,80410.0,4.656511257306067,-0.17986216114784137,-0.3719704756601403,0.0,,,,,,,,,,,,
2025-12-30,AIRA,894.0,135510.0,3.1230715955039217,0.36314733416080264,0.32440811267745007,0.0,,,,,,,,,,,,
2025-12-31,AIRA,909.98,57530.0,4.765764946104964,-0.5146936098920035,0.38681362754003706,0.0,,,,,,,,,,,,
