date,ticker,close,volume,dev_price,dev_volume,order_flow,pre_agm,R30,Z30,Y_target,R5,Y_target_5,R21,Y_target_21,Y_target_30,R63,Y_target_63,R252,Y_target_252
2022-02-07,KCEL,1699.88,560.0,3.981355292990047,-3.257299363118523,0.9939957672171845,0.0,-0.015586431918070045,-0.10035954224148262,48.49506157279765,0.009818808517202467,54.995034924244514,0.004794577198913321,51.77421581439453,48.49506157279765,-0.3213314769277832,19.346880704163162,-0.09744895979585494,43.38286046537494
2022-02-08,KCEL,1719.98,9750.0,5.206083043124057,-0.5381374879139558,0.9999999812417937,0.0,-0.02736329244415357,-0.22721739203071906,46.5970081512691,-0.002493278036455531,49.461362495372136,-0.01012567354511506,48.8570534843371,46.5970081512691,-0.3298161461272067,18.74609238095616,-0.1109310443117002,42.52973155456806
2022-02-09,KCEL,1720.98,11610.0,5.222536801037093,-0.36353950068478275,0.747385999691094,0.0,-0.02750501425267664,-0.22874398936603266,46.5742159744858,0.005528070343641429,53.07356476524554,-0.01551002070249012,47.805193602699816,46.5742159744858,-0.38849762041727054,14.980918695301392,-0.11117496966014381,42.51433558508191
2022-02-10,KCEL,1721.66,4920.0,5.229193670180112,-1.2220868754330785,0.9999999487704944,0.0,-0.036959646255026284,-0.33058728484449623,45.05738515891663,0.0016832861289832572,51.34385441521165,-0.024771654234958588,46.00094960485059,45.05738515891663,-0.4237715013463381,13.032368911311599,-0.11357934005276195,42.36265576457177
2022-02-11,KCEL,1719.0,15170.0,5.040211024119136,-0.09608836717304955,0.4639865841210508,0.0,-0.01966776988282224,-0.14432285125112268,47.83650896849279,0.00430242873763813,52.52276951947995,-0.01234440704728663,48.42343664233497,47.83650896849279,-0.4526529294440289,11.601272653475498,-0.11741208135959444,42.121165504221246
2022-02-14,KCEL,1719.98,15530.0,5.035779308376165,-0.02417406304191457,0.9982608261625743,0.0,-0.027336117054332677,-0.22692466448145182,46.60137875128846,0.003763955750131387,52.28058111762884,-0.02815031301582138,45.345109133627815,46.60137875128846,-0.4473456888849021,11.85359060375527,-0.11473368977896937,42.2898844789484
2022-02-15,KCEL,1719.15,16180.0,4.92600208856966,0.01682797221186378,0.2766666574444508,0.0,-0.029885338234703525,-0.254384335661456,46.19162545240799,0.004215662882958505,52.4837526574537,-0.013364893191956738,48.224074270202244,46.19162545240799,-0.4844748254605335,10.18450253397542,-0.11506587363910464,42.26894948158898
2022-02-16,KCEL,1733.95,18700.0,5.754162248042191,0.1525023808518419,0.7862796626311465,0.0,-0.03668856400447279,-0.32766724419825793,45.100761503952334,-0.004425442871286261,48.59067601791286,-0.024906044461288294,45.97483476652896,45.100761503952334,-0.48647632981535416,10.100725780276237,-0.12700878226931173,41.51817921658557
2022-02-17,KCEL,1728.0,24930.0,3.682539884556927,0.4400502117113962,0.677419332986473,0.0,-0.09651044973544973,-0.9720559399258851,35.818889053002366,0.0006458994708994706,50.876424190174575,-0.018783862433862434,47.16652245106571,35.818889053002366,-0.47726547619047616,10.491387674153035,-0.1191670634920635,42.010713970071265
2022-02-18,KCEL,1729.81,1430.0,3.672409979538379,-2.4822410589868547,0.9934947237623775,0.0,-0.12995226005645355,-1.3322840449447075,31.016020675345178,-0.0005898224142058355,50.3194339566617,-0.029293617690648206,45.123533079583304,31.016020675345178,-0.476834596450312,10.50998535950728,-0.12066405482600484,41.91656249139951
2022-02-21,KCEL,1729.87,2290.0,2.2542541374183678,-1.947454732540854,0.9991624372209852,0.0,-0.12027159725324799,-1.2280059935039724,32.37035043548756,-0.019285147113082386,41.96174556862224,-0.02941273192746563,45.10045932964359,32.37035043548756,-0.4643803732957821,11.06023514683323,-0.12202364686363706,41.831103534964775
2022-02-22,KCEL,1729.88,19170.0,2.044664854364449,0.197776449545349,0.9993862994877837,0.0,-0.14061098148472365,-1.4470975369528758,29.56167964732058,0.003119164390153066,51.99043385137665,-0.028950652196812685,45.18998098090754,29.56167964732058,-0.46051265202907915,11.236182994778005,-0.12286517951882897,41.77823241052524
2022-02-23,KCEL,1729.86,4690.0,1.8726845265428196,-1.2101321320165945,0.9999999874749501,0.0,-0.12626605454721626,-1.2925770191420856,31.528057233770923,-0.0027969000656809973,49.32450694021267,-0.03792338345024331,43.45789184173074,31.528057233770923,-0.4576866543838119,11.366282745930889,-0.12311366720841152,41.76262423683599
2022-02-24,KCEL,1733.0,56190.0,0.957831516452302,1.297622518994736,0.9741852147519509,0.0,-0.14286071726247723,-1.4713312147422692,29.25981494187746,-0.013254073127616117,44.63104774102564,-0.02387168319915002,46.17588874617128,29.25981494187746,-0.4495576665384369,11.74785595119871,-0.11470638149277793,42.291605633780236
2022-02-25,KCEL,1732.99,3580.0,0.6065259371324216,-1.4557490648612121,0.9993939091092761,0.0,-0.13418921914661303,-1.3779236717902617,30.433181394649715,-0.011537372274379967,45.39724240265218,-0.03074818574640746,44.84191358899669,30.433181394649715,-0.4438821915045994,12.02080319723558,-0.12513748269689312,41.63556470141496
2022-02-28,KCEL,1701.0,2600.0,-1.377124012300638,-1.6389925735214361,0.5187608051826393,0.0,-0.1405061875367431,-1.445968718717974,29.575784659649134,0.01596603468547913,57.72072560015103,-0.015181701940035272,47.86928612380534,29.575784659649134,-0.43148234861845974,12.636223011378146,-0.09799894179894184,43.347977902199865
2022-03-01,KCEL,1740.0,1780.0,0.9830180792859269,-1.791753698183953,0.9999999888591802,0.0,-0.15736120689655175,-1.6275274210058703,27.358354218579674,-0.011442515051997811,45.439645929507776,-0.03573435960591133,43.879153941626754,27.358354218579674,-0.44615028735632184,11.91107411310573,-0.12663505747126436,41.54161509904336
2022-03-02,KCEL,1729.98,2440.0,0.31600800164787674,-1.1033791615083455,0.8789261685978113,0.0,-0.1678574989306235,-1.7405912579472291,26.031061543742556,-0.008564884565139493,46.72888022086276,-0.09302123984092302,33.30915683435052,26.031061543742556,-0.4403490205089077,12.193473961918311,-0.0947710655614516,43.55279876625608
2022-03-03,KCEL,1715.0,16670.0,-0.5596200292808212,0.8182294598552735,0.5942028899390885,0.0,-0.16510367670877873,-1.7109276676388179,26.375222335581515,-0.004526652089407192,48.545087334216085,-0.11757614188532556,29.186704410401898,26.375222335581515,-0.4403922254616133,12.19134963804261,-0.1071841917719469,42.766404057861486
2022-03-04,KCEL,1717.95,4260.0,-0.4459628428800331,-0.5461100422484693,0.7235797079477763,0.0,-0.15782199111898318,-1.6324908911552358,27.299209053687235,-0.014964873624294757,43.870015461817005,-0.10917403743941771,30.563587379109446,27.299209053687235,-0.4355962268498307,12.429114605151986,-0.10179999577292428,43.107078338390835
2022-03-05,KCEL,1733.0,13670.0,0.40251639930767674,0.6225455048350217,0.9123860148457624,0.0,-0.18777496107310013,-1.9551379459254872,23.629821164956198,-0.012573864479432857,44.93435277928106,-0.1371837159618608,26.1202541058308,23.629821164956198,-0.4407525526887039,12.173645289543794,-0.12446703532730653,41.67764462293443
2022-03-09,KCEL,1725.0,700.0,-0.08681201692879385,-2.7250313872494125,0.5597659359218147,0.0,-0.19842501725327813,-2.0698580977146372,22.410285275562593,-0.0230324534161491,40.32559360210214,-0.11864359903381642,29.014407044528795,22.410285275562593,-0.42902242926155965,12.761470079940935,-0.10881254313319531,42.66350678720633
2022-03-10,KCEL,1720.0,3710.0,-0.391663848883828,-0.8009960979838913,0.9999999811320759,0.0,-0.1960717977113326,-2.0445097147128983,22.675850273567722,-0.0057312846068659756,48.00267963090923,-0.13116758028792913,27.038656703384156,22.675850273567722,-0.4212480712440015,13.164284939920062,-0.10063692321889997,43.180756354162895
2022-03-11,KCEL,1712.0,380.0,-0.8655185941937845,-2.5372133677465465,0.3043478128544429,0.0,-0.19272155466547988,-2.0084216054815025,23.05775423385605,-0.0039781449339860555,48.79218396811367,-0.11829966622162884,29.069855262404747,23.05775423385605,-0.41835115338970474,13.317120555062589,-0.10400982791870644,42.96717476022768
2022-03-14,KCEL,1696.99,9130.0,-1.7398454899883538,0.7130580664154542,-0.0056060312080791095,0.0,-0.18553377077920508,-1.9309963182801282,23.89221672047215,0.007795448420952986,54.09043928893629,-0.13338748907145304,26.697417551236896,23.89221672047215,-0.4068185671347878,13.940501371354824,-0.08781227961094887,43.99510027627972
2022-03-15,KCEL,1716.0,66120.0,-0.5988852690146456,2.6929626500140436,0.4654788366873178,0.0,-0.19475350482850487,-2.0303093427090366,22.82559078871581,-0.01277654290154285,44.84393802372602,-0.140308793983794,25.65122577138157,22.82559078871581,-0.41665599678099674,13.40724837740488,-0.10664079254079253,42.80075601575632
2022-03-16,KCEL,1690.06,32700.000000000004,-1.9778630463210027,1.9888661355739716,-0.9977129503226737,0.0,-0.2055665682339821,-2.146785373839355,21.617945503807007,0.0024909435027102773,51.707613715900656,-0.1427886103038701,25.282989736708405,21.617945503807007,-0.4017990811446724,14.219375259507789,-0.08957796612461771,43.8827797899178
2022-03-17,KCEL,1714.95,81330.0,-0.32461682667218933,2.900005589833305,0.9684800580621309,0.0,-0.2642714853202718,-2.7791423196593397,15.875972943124994,-0.011499201351143124,45.414304951014294,-0.16006099959182485,22.816504373857825,15.875972943124994,-0.4097747624878693,13.77841435896962,-0.10038973085429395,43.19641933179362
2022-03-18,KCEL,1710.0,1710000.0,-0.4950611431969261,4.416687747781348,0.0,0.0,-0.2854983082706767,-3.0077931652205283,14.128282343516485,-0.017585964912280642,42.709739685908765,-0.14880695488721804,24.40395547204868,14.128282343516485,-0.4061609022556391,13.976777448986532,-0.09816021303258145,43.337750535672214
2022-03-24,KCEL,1715.0,1900000.0,0.2200334549346336,4.416687747781348,0.9999999795793347,0.0,-0.3272943148688046,-3.458010904920509,11.156971457470638,-0.0044901441528992555,48.56153169521875,-0.17405828474246843,20.94563994974246,11.156971457470638,-0.4074350826044703,13.906566732809084,-0.10409877712989957,42.96154575751004
2022-03-25,KCEL,1698.9,631010.0,-0.8258772156590981,4.416687747781348,-0.2936708823585941,0.0,-0.30546397620028654,-3.222859115738202,12.63399038647426,-0.002067932191418025,49.65309734300889,-0.18083164106186358,20.081720952921994,12.63399038647426,-0.40079967773265057,14.275452823772527,-0.09431866796162228,43.58152284638129
2022-03-28,KCEL,1699.0,4520.0,-0.7060757904953809,-0.9250709192827989,0.8181810743809919,0.0,-0.3041782776049404,-3.209009842502655,12.72599494186482,-0.0050372625820977795,48.315126400153154,-0.18090393765707186,20.07264533012558,12.72599494186482,-0.3921135490531312,14.770631917432143,-0.09663151854031787,43.43471871574873
2022-03-29,KCEL,1700.0,3130.0,-0.6423320360213927,-0.7918969144144661,0.5733788151288911,0.0,-0.3100081232492997,-3.2718077062804065,12.313360806725793,-0.0038260737628384688,48.86070138066529,-0.1818848739495798,19.949808815465808,12.313360806725793,-0.38812616713352005,15.00265992016917,-0.09525074696545283,43.52234708212095
2022-03-30,KCEL,1684.64,1020.0,-1.538501338581422,-1.9006002856386552,-0.9390475743310583,0.0,-0.29824089295324935,-3.1450535912914828,13.15832317437295,-0.05938447161053302,25.97187487716097,-0.17442763045225063,20.897835006228654,13.15832317437295,-0.3846884658320859,15.205103741047592,-0.0685464687100028,45.2244117452756
2022-03-31,KCEL,1712.0,37630.0,0.07708307896734937,2.148427218415719,0.9999999629629643,0.0,-0.3097358070019285,-3.268874373281542,12.332376435610708,-0.1071232495178757,12.917472285964864,-0.18783717178460171,19.216548171367194,12.332376435610708,-0.389466655540721,14.924323070599621,-0.0853206497552292,44.15370455263888
2022-04-01,KCEL,1699.99,15510.0,-0.6245879050155047,0.820874082764913,0.9986657105626623,0.0,-0.3636081572795433,-3.8491759319333134,9.033876847246274,-0.09079494013596905,16.605659385419113,-0.20534418399473311,17.179463092991178,9.033876847246274,-0.3876724314298021,15.029252395658855,-0.0633727483971194,45.55559498241064
2022-04-04,KCEL,1695.0,4940.0,-0.9144906406798312,-0.8362220105254469,-0.36054420477822086,0.0,-0.3971309734513274,-4.210276614837182,7.404408483246017,-0.10877717727208877,12.58567720282141,-0.2505020473381093,12.716724156380032,7.404408483246017,-0.38626879477454695,15.111762227589892,-0.05721324975417898,45.95039122183042
2022-04-05,KCEL,1698.0,2420.0,-0.7374620517317027,-1.5497719484493933,0.259650964587472,0.0,-0.42830720595658756,-4.546100394985307,6.136078473964346,-0.09567326686858489,15.422969417832045,-0.2754703670985473,10.701762399974141,6.136078473964346,-0.3968308920859274,14.499966795795881,-0.0639258665657076,45.52016915922577
2022-04-06,KCEL,1589.0,109220.0,-7.108508319668822,2.2597330121301673,-0.10999999945000001,0.0,-0.3817320030067827,-4.044402163387549,8.116359389142824,-0.049866219145514305,29.40501283658319,-0.2678331567722537,11.28628921422013,8.116359389142824,-0.35014827459618203,17.365060643815934,0.025363039297951223,51.27248902697197
2022-04-07,KCEL,1533.01,34680.0,-10.230314520801109,1.1125361608736528,-0.7280169689506214,0.0,-0.40036725223527986,-4.245137125152427,7.262274541983532,-0.00534076897737131,48.17847101976541,-0.22376211453957734,15.225169385566728,7.262274541983532,-0.31988248926041646,19.45093201249855,0.0823977235960626,54.93886044181703
2022-04-08,KCEL,1549.99,22340.0,-9.166376830908568,0.4260368888959202,-0.2012317136069009,0.0,-0.40397456598542314,-4.283994345618338,7.10681166265934,-0.041474110426928515,32.64107062205387,-0.23097869270687563,14.510691936536757,7.10681166265934,-0.3218267374996888,19.311413372197787,0.06859576013393628,54.05501461539157
2022-04-11,KCEL,1514.99,4880.0,-11.174474632386566,-1.3553030666177133,-0.7340267277358362,0.0,-0.38128398598052454,-4.039576218774025,8.137979591871158,-0.016110947623207146,43.36178167415069,-0.21902205393309215,15.70999370237165,8.137979591871158,-0.3054202024304839,20.512733535334153,0.0946270073970838,55.71941743385616
2022-04-12,KCEL,1540.0,29790.0,-9.697422863449962,0.4536844629709131,0.8899388301851344,0.0,-0.3902739898989899,-4.136414638840853,7.714048463100459,-0.04953023088023088,29.530938341080205,-0.22605198412698413,14.995387275196887,7.714048463100459,-0.3235483405483406,19.18850826408729,0.07223802308802307,54.28852773115026
2022-04-13,KCEL,1514.01,830.0,-11.166231199380743,-3.257299363118523,-0.7646366353446122,0.0,-0.3650879154333446,-3.865115573672601,8.955591197958418,-0.03846208317489252,33.84632369280158,-0.212567325568083,16.39030396510738,8.955591197958418,-0.31220641760716805,20.00922554102426,0.09406661957475906,55.68370831403116
2022-04-14,KCEL,1529.0,520.0,-10.284899218490331,-3.257299363118523,0.8888888395061756,0.0,-0.3669619787287053,-3.8853025869680233,8.85732325126638,-0.038100725134178365,33.9923773680013,-0.28581507910554677,9.952601771898939,8.85732325126638,-0.31969274554382465,19.464588828799194,0.08301983530059073,54.978629959942246
2022-04-15,KCEL,1490.0,2640.0,-11.670990049678892,-2.2897346318671254,-0.8336389259270055,0.0,-0.34653130659422604,-3.665227709543044,9.98280472101446,-0.039023322147651,33.62009190409406,-0.30709487056567597,8.556903702769919,9.98280472101446,-0.3002645307339938,20.901504986268293,0.11650406413124531,57.1084975197192
2022-04-18,KCEL,1494.8,510.0,-11.670990049678892,-3.257299363118523,-0.08847910525327189,0.0,-0.3380647126971384,-3.5740273514812,10.485414231155083,-0.05883720198274651,26.162062540475915,-0.34348435879302214,6.576371705714934,10.485414231155083,-0.3025521347018872,20.728339042369864,0.10838086838606648,56.59390228263783
2022-04-19,KCEL,1468.0,1090.0,-11.670990049678892,-2.2384696386011744,0.3958333292100695,0.0,-0.31898963280134945,-3.3685546268294795,11.700191020380368,-0.041622782319103845,32.58215376713836,-0.32450012758963714,7.549838946753668,11.700191020380368,-0.27825333679339126,22.621950144882675,0.13042617317590066,57.98682511281319
2022-04-20,KCEL,1459.98,260.0,-11.670990049678892,-2.9375253681203097,0.439999984144146,0.0,-0.31368594447477754,-3.311424418352354,12.059002279447133,-0.03690627811926972,34.47730739622965,-0.36458800218398296,5.631883338880861,12.059002279447133,-0.2688891500959896,23.383607383893068,0.14659182028912332,59.0003492795931
2022-04-21,KCEL,1474.99,4170.0,-11.670990049678892,-0.11964267773474624,0.9999999704054463,0.0,-0.32220308398916236,-3.403169243109068,11.487324619894862,-0.04683846089567252,30.55097907868018,-0.36781831298936973,5.4990695942360555,11.487324619894862,-0.274298022025869,22.94150666514779,0.11879246966377058,57.25319334627837
2022-04-22,KCEL,1435.99,7240.0,-11.670990049678892,0.5105912553315923,0.07459572118595845,0.0,-0.3004772087880968,-3.1691427122953395,12.994042304990977,-0.020897090370815517,41.25554668113433,-0.34130870706753164,6.681720289669796,12.994042304990977,-0.149842431594397,34.52390418908832,0.1586236800157891,59.749819715333544
2022-04-25,KCEL,1411.0,4330.0,-11.452956620154792,-0.003458205248401484,0.17260117013297233,0.0,-0.2941784420595548,-3.1012937298150693,13.461260076032072,-0.03156892049992688,36.682781353048924,-0.32798050127681594,7.361976976075141,13.461260076032072,-0.04206136563058959,46.380592545273885,0.16439204268052598,60.107548057512005
2022-04-26,KCEL,1411.0,110410.0,-11.207077233586986,3.2572784783231636,0.5499999862500004,0.0,-0.28709371350950014,-3.024978532890577,14.003646674273368,-0.08860687933808062,17.159275554486324,-0.312480967005276,8.232903647313488,14.003646674273368,-0.03488767844487198,47.20084044130361,0.19582819766460802,62.037285667905984
2022-04-27,KCEL,1410.2,260.0,-8.33088102762529,-2.8741447512458227,0.9146514502299106,0.0,-0.2866166717318044,-3.0198399397957463,14.040817188803617,-0.11646678068854359,11.137606446354036,-0.30716891361801657,8.552372300056005,14.040817188803617,-0.005970306868551833,50.5180928902208,0.2120267771879705,63.017401194424316
2022-04-28,KCEL,1410.07,230.0,-8.311696962500854,-2.996737337359769,0.9999999667332014,0.0,-0.27555309431615516,-2.900665424752664,14.926222884584671,-0.1646104098850884,4.99777890512067,-0.303476977465714,8.780983821855909,14.926222884584671,0.028912632230573762,54.51096064133571,0.20913792789584584,62.843365855400336
2022-04-29,KCEL,1410.07,130.0,-7.197029320177586,-3.257299363118523,0.9999998027613801,0.0,-0.2681957146391809,-2.821413287577667,15.540167109561182,-0.14615613278401912,6.83617051987474,-0.29219464332852546,9.5141712434124,15.540167109561182,0.03888248717754758,55.643812570934735,0.19651953757840018,62.07932375326628
2022-05-03,KCEL,1370.5,16410.0,-9.308448525009192,1.5726419984510887,-0.999999974683545,0.0,-0.24653204701678796,-2.5880568436392584,17.467731204123808,-0.11975288534482259,10.564503279855098,-0.2642363456449101,11.571110579790012,17.467731204123808,0.0866761537036072,60.97399770547284,0.23537320190754155,64.41115891667111
2022-05-04,KCEL,1290.02,10880.0,-11.670990049678892,1.161677746984213,-0.9995563823937413,0.0,-0.1904663551543313,-1.9841290735120178,23.317355614766992,-0.0717717339868977,21.911984060412053,-0.21590299434880178,16.035821519250497,23.317355614766992,0.16593554858138043,69.21589059503779,0.33653455035027147,70.15103819729028
2022-05-05,KCEL,1250.0,2029.9999999999998,-11.670990049678892,-0.738878547662169,-0.35095156173039127,0.0,-0.16796468253968255,-1.7417458171056541,26.017725206049846,-0.034758333333333336,35.35747629716718,-0.19200601587301588,18.715335609459338,26.017725206049846,0.2459964285714286,76.4574559225851,0.35266238095238095,71.01577109100018
2022-05-06,KCEL,1182.0,11720.0,-11.670990049678892,1.2360492022170724,-0.5884003686772654,0.0,-0.11146655789219241,-1.1331599725139825,33.628451839423654,0.020943425187333817,59.89455726307907,-0.141350259850133,25.496148233780158,33.628451839423654,0.3831234086697285,85.90842333591122,0.44784812061880586,75.80400694225101
2022-05-11,KCEL,1208.0,9730.0,-11.670990049678892,1.0499667547313758,0.9999999736842113,0.0,-0.1292526227267949,-1.3247476996618366,31.11285260458404,-0.08387622463996636,18.406047538938015,-0.16755232050877747,21.8008864507886,31.11285260458404,0.37748296804372966,85.59189828947076,0.40660141911069053,73.79703314507064
2022-05-12,KCEL,1210.24,780.0,-11.670990049678892,-1.4736955228432151,0.9990122963450726,0.0,-0.1283956368092804,-1.315516428683059,31.23168756630985,-0.1351832521215784,8.209140379198143,-0.16089440268439476,22.70188893360738,31.23168756630985,0.372396120302519,85.30138898074226,0.40603876864512767,73.76892625067046
2022-05-13,KCEL,1201.02,560.0,-11.670990049678892,-1.427815864558932,-0.8009755316121469,0.0,-0.12081818755644994,-1.2338937486001862,32.29306197046065,-0.17101257958513041,4.477259766674091,-0.15432896371417626,23.615823765257566,32.29306197046065,0.38152741156128406,85.81945497199759,0.4195372849149651,74.43785987221887
2022-05-16,KCEL,1210.0,800.0,-11.670990049678892,-0.6678237478331109,0.9999999444135661,0.0,-0.1265201331496786,-1.2953139000887894,31.492617928171295,-0.1689576971008789,4.638434593448809,-0.14791111111111108,24.533480769385797,31.492617928171295,0.3709687524596616,85.21900581690059,0.40296933293978754,73.61525256480095
2022-05-17,KCEL,1210.0,700.0,-11.670990049678892,-0.8013534922843327,0.9999999370673419,0.0,-0.11427033648170015,-1.163361682244881,33.22520289232867,-0.22187135970090516,1.838870455962266,-0.13936260330578512,25.79265107187261,33.22520289232867,0.3677532893873803,85.03202119772465,0.39812843040797585,73.37171825858977
2022-05-18,KCEL,1110.0,5000.0,-11.670990049678892,1.1647480143474764,-0.9999999900249378,0.0,-0.02629195624195617,-0.21567718513847306,46.76934933634879,-0.14703184255684257,6.736282189124843,-0.060720860145860124,39.137345064198,46.76934933634879,0.49225707850707845,90.96130939466755,0.556274377949378,80.56472655046952
2022-05-19,KCEL,1050.0,15990.0,-11.670990049678892,2.327272289811134,-0.9999999907407409,0.0,0.02636904761904762,0.35157600621533946,55.25417116419364,-0.08576547619047618,17.899907492793687,0.003450396825396834,51.511605096924285,55.25417116419364,0.5804503968253969,93.78455580504827,0.6527765873015874,84.17337489274246
2022-05-20,KCEL,999.0,13740.0,-11.670990049678892,1.4889066433309022,-0.6705882274048444,0.0,0.08922122122122117,1.02860632173043,64.9573223071274,-0.036872425997425975,34.49109870724034,0.05031325253825254,60.518111513005834,64.9573223071274,0.6528775597025597,95.46353936142233,0.7267813492063492,86.55647855934834
2022-05-23,KCEL,1008.99,8500.0,-11.670990049678892,0.6931459136799998,0.9996610000057461,0.0,0.07366433537497884,0.8610308389861155,62.63567199538426,-0.024753188549228155,39.58120474899428,0.04877354985820331,60.2299403579741,62.63567199538426,0.6312627172080143,95.01370204197285,0.7062504985891125,85.92747831994258
2022-05-24,KCEL,945.0,32270.000000000004,-11.670990049678892,1.9340481215572978,-0.6642977042990345,0.0,0.14663928571428572,1.6471015636938837,72.87442882685855,0.048848148148148196,71.182468030789,0.12276891534391535,72.98647659932547,72.87442882685855,0.7408880952380953,96.92550158116921,0.8561251322751323,89.9919081135953
2022-05-25,KCEL,950.0,730.0,-11.670990049678892,-2.126257657553724,0.17501472156660583,0.0,0.12376269841269842,1.4006798056058458,69.85511139985341,0.04872328738512952,71.1362601294778,0.12002775689223057,72.5615908394498,69.85511139985341,0.7294963868003342,96.76570758327384,0.8369988304093567,89.5381807680018
2022-05-26,KCEL,963.0,350.0,-11.670990049678892,-2.5898775589180465,0.9999999534883742,0.0,0.11329447782228165,1.287918348316064,68.41156915560464,0.051060224744103246,71.99375066631777,0.10574765242545626,70.28226814030208,68.41156915560464,0.6870161771250557,96.09614540351042,0.8090982421005786,88.84376095435272
2022-05-27,KCEL,965.1,8950.0,-11.670990049678892,0.9346119233324277,-0.7288572802545304,0.0,0.11929639797997736,1.352569762343225,69.24379674111645,0.05897611486103082,74.77964111256675,0.10453978800617747,70.08452812673191,69.24379674111645,0.686378615712164,96.08514589135093,0.7913437204878843,88.38115047215067
2022-05-30,KCEL,986.99,3710.0,-10.299926392364997,0.05399224686366027,0.9990867123704705,0.0,0.10343761679128005,1.181742326846273,67.01901929434486,0.037634216859758145,66.86418055757937,0.09482644719306105,68.46742064211047,67.01901929434486,0.6401071726696062,95.20266355308333,0.7699205841771286,87.80085581287366
2022-05-31,KCEL,993.95,2590.0,-9.379247341074977,-0.5196656141257419,0.999999888268169,0.0,0.09554307103611767,1.096703950332894,65.8816001530689,0.028363062041222374,63.061764174166754,0.09457182346050753,68.42439899548826,65.8816001530689,0.6253590003050199,94.88366660124167,0.7554972833459891,87.39624746237988
2022-06-01,KCEL,999.09,240.0,-8.717101301262511,-2.898412310617098,0.9961163114337295,0.0,0.08014061156366577,0.9307919158128676,63.60996459379069,0.02718905268079657,62.567278657707824,0.08477791315096735,66.74612505035793,63.60996459379069,0.6077924803714237,94.47752709457461,0.740080710696734,86.95113315244329
2022-06-02,KCEL,1015.0,8160.0,-7.226274462311847,0.6279187787593331,0.0006671113853525822,0.0,0.061672742200328506,0.7318599345405554,60.80483617351828,0.002173522167487658,51.56467035795009,0.07707613574165292,65.39555878686349,60.80483617351828,0.5849985769020252,93.90520851701531,0.7082758347016969,85.99060594768815
2022-06-03,KCEL,1024.84,480.0,-2.9835413741449717,-2.2052810477024507,0.9999999077490861,0.0,0.050726614917202845,0.6139505674744238,59.10651366260219,0.0022695483088960213,51.60791631854249,0.062092309709359195,62.69725346257887,59.10651366260219,0.5571509669957001,93.13079379588594,0.691452614221469,85.4590007802661
2022-06-06,KCEL,1027.0,390.0,-0.8902242039148427,-2.088996723278338,0.8664751711073015,0.0,0.049517070833526564,0.6009216145254928,58.91742855977282,0.00022192315420163514,50.68533831982632,0.05904737098344694,62.138464402367624,58.91742855977282,0.5923212172145716,94.09486850435006,0.6870267163567796,85.31639172319926
2022-06-07,KCEL,1024.99,780.0,-0.749961832788092,-1.3958577646633112,0.7607142404336765,0.0,0.0516882004075301,0.6243085629199222,59.25664430061639,0.01727998558870962,58.29786120162446,0.045584166167629656,59.630773416025725,59.25664430061639,0.575656197497552,93.65496489148799,0.6898209101110858,85.40655906168102
2022-06-08,KCEL,1029.07,140.0,1.1473204899608334,-2.493758099141102,0.999999889746429,0.0,0.06303152244799248,0.7464964278719459,61.013931446319866,0.023264223360250916,60.895533447812,0.04595831508600553,59.70121476789152,61.013931446319866,0.5830438571018276,93.8536250159402,0.6827528512259722,85.17758436247422
2022-06-09,KCEL,1020.03,194310.0,2.0308881184123226,4.416687747781348,-0.9939878763539257,0.0,0.08001812646266705,0.9294725322208227,63.59163821190338,0.03236762141216206,64.727424398594,0.0632827139654623,62.91480014348518,63.59163821190338,0.5973253216175248,94.22128085227453,0.6988490108017366,85.69475651451452
2022-06-10,KCEL,1029.97,280.0,1.7357007346137499,-1.8006039361624264,0.9999998987854354,0.0,0.07281097689160615,0.8518386419604058,62.50650511981476,0.03235443206775477,64.72199417943312,0.061797337189355726,62.643267233052725,62.50650511981476,0.5924530225491234,94.09823112677763,0.6818731570236827,85.14887934940944
2022-06-13,KCEL,1030.0,168810.0,1.7726240318367434,4.416687747781348,-0.0404040383634302,0.0,0.2174812683002003,2.4101964110644074,80.94002476701874,0.02747605563260903,62.688409608960015,0.06165297426413931,62.61683426279059,80.94002476701874,0.5760329403606104,93.66523907619222,0.6817056364617045,85.14340784174212
2022-06-14,KCEL,1045.44,360.0,2.6735533527086695,-2.168996362278894,0.9982531879254875,0.0,0.3235621616598888,3.5528773492929133,89.39487908134308,0.020877024574751796,59.86579204948863,0.03649595631641081,57.908174751609934,89.39487908134308,0.5512286752809478,92.95473691300826,0.6420750142113778,83.80172110194017
2022-06-15,KCEL,1055.74,1820.0,3.7123393496526984,-0.5485605489828644,0.9999998973306061,0.0,0.3200235975082248,3.5147606849554904,89.17609996723719,0.012790805027753037,56.317611917600715,0.024987534125616037,55.69942584667832,89.17609996723719,0.5052901494580947,91.4415162476145,0.6249739979119437,83.19325175195053
2022-06-16,KCEL,1055.73,200.0,3.7976459830589544,-2.400060267760756,0.9726014073953579,0.0,0.35784333975858723,3.9221469464160936,91.3195234016705,0.01564285232786339,57.57844207571268,0.024357607193938948,55.57779145032297,91.3195234016705,0.4863302290606409,90.73500448277576,0.6556147736524445,84.27077294623672
2022-06-17,KCEL,1065.99,371160.0,4.926055759147494,4.416687747781348,0.9999999085087001,0.0,0.39057519593903095,4.274727575647889,92.85639457762578,0.006677220895487803,53.58930872125474,0.015343678791322554,53.83063603452916,92.85639457762578,0.4716426420510511,90.15214039367527,0.6285057771470204,83.32039233861224
2022-06-20,KCEL,1061.0,279990.0,2.0849757168109773,4.416687747781348,-0.46027197850594653,0.0,0.41038105224182037,4.488072069135069,93.66030168260933,0.012483684529419684,56.181322005087374,0.020230114222880482,54.779212397346434,93.66030168260933,0.4786738454288407,90.435136839703,0.6369431926304923,83.62101553684505
2022-06-21,KCEL,1070.0,275580.0,2.3717526496457557,4.416687747781348,0.8032786226820734,0.0,0.41985745067497404,4.590149828000721,94.01439166809381,0.017753949710725386,58.505495611098354,0.026514923601839487,55.99406745240484,94.01439166809381,0.45192627206645897,89.3184843409211,0.6215215583741285,83.068220995467
2022-06-22,KCEL,1072.0,1000000.0,1.8197355224935454,4.416687747781348,-0.7037036776406045,0.0,0.42835663349917086,4.681701227090082,94.31613455752475,0.02272907486377643,60.665498910069395,0.031625592276711634,56.97676243660668,94.31613455752475,0.44913993721866846,89.19578061186928,0.6182158374792702,82.94781073956672
2022-06-23,KCEL,1075.0,193960.0,1.30636467433431,4.416687747781348,0.9136275953153663,0.0,0.4726919342930971,5.159271706592644,95.67093526712348,0.015986000369139903,57.72951147183141,0.031929189737910674,57.034974348679455,95.67093526712348,0.43834623477297896,88.70869597130051,0.6112127906976744,82.69048073073068
2022-06-24,KCEL,1075.89,1700.0,1.2867612814957539,-0.616740195590911,0.9999988764057568,0.0,0.5411533851818803,5.896723970204588,97.17508035066454,0.024029451652208943,61.22362641903858,0.1695859742034168,79.57915977773399,97.17508035066454,0.43426715545358,88.51968544112648,0.6077329730225561,82.56147574584801
2022-06-27,KCEL,1077.0,500660.0,1.3572585839598617,4.416687747781348,-0.7563116623148753,0.0,0.5673873181677499,6.179310345642381,97.60509517897549,0.018599278197815716,58.87506422781236,0.2890119113940841,90.84197218731984,97.60509517897549,0.41786412985807136,87.73162297569188,0.6057272704160588,82.48677575954065
2022-06-28,KCEL,1091.78,670.0,2.50713957130412,-1.1910491612366785,0.998647667434236,0.0,0.543197523993874,5.918743000979889,97.21112209817045,0.003995561224178287,52.384763867847475,0.28062714036667075,90.28144264764786,97.21112209817045,0.3972264800353697,86.67444490749989,0.5853963605014325,81.71531818163191
2022-06-29,KCEL,1099.16,120.0,3.1935191588293743,-2.68441346969016,0.9999997596154424,0.0,0.5308998983639454,5.786275579677706,96.98736425962643,-0.017300945700526364,42.83554445170943,0.30827253235804297,92.02075589159422,96.98736425962643,0.37760235689360466,85.59865886954377,0.5763078147988332,81.36201723307042
2022-06-30,KCEL,1095.0,880.0,2.8023203567613697,-0.6930619763940925,-0.9999997596154424,0.0,0.5366982767993043,5.84873448533807,97.09495543640688,-0.009278593172428715,46.40864965177286,0.3580303272450533,94.45085716013637,97.09495543640688,0.38381047510328337,85.94657973848344,0.5800276744944554,81.50725249565214
2022-07-01,KCEL,1104.56,1000000.0,3.685678186293014,4.416687747781348,0.9999999488752582,0.0,0.5196954913886561,5.665584078415493,96.7684229000648,-0.010548248875369128,45.83972187412059,0.35883969254151055,94.48395040455011,96.7684229000648,0.4230876248647742,87.9875027210047,0.564886004597392,80.91058280159261
2022-07-04,KCEL,1099.85,540.0,2.298547895175122,-1.1812438019900118,0.5423162281560987,0.0,0.5244346318148724,5.716633096359409,96.86284556895644,0.0020039064670436682,51.48827720391866,0.38559101515286004,95.47846535744468,96.86284556895644,0.38151767194444275,85.8189106034413,0.5684647954879851,81.05292281806406
2022-07-05,KCEL,1098.99,370.0,2.2177931781420317,-1.5591401753172534,0.877103081411636,0.0,0.5265303846193843,5.73920810214141,96.90374503516735,0.0026721283698148738,51.7891937546885,0.39758353504451494,95.8666473617898,96.90374503516735,0.38210773772151835,85.85185920000986,0.572435157183284,81.20988365177337
2022-07-07,KCEL,1083.0,139330.0,0.7294272799608482,4.371419453605141,-0.9999999500000024,0.0,0.5400478663764675,5.884815555543006,97.15540009687498,0.00851049114013103,54.41045703778724,0.4663836070439256,97.54480770275576,97.15540009687498,0.4041633953304313,87.03813130768575,0.5987215725717803,82.22387931589232
2022-07-08,KCEL,1087.66,290.0,1.1378216602241527,-3.257299363118523,0.9964600006265518,0.0,0.5287570806951518,5.763193601135846,96.94663425804538,0.002911069840043992,51.896764546387566,0.5289814844610344,98.48101755212717,96.94663425804538,0.3950107082074259,86.5564707066386,0.5818491860201409,81.5780503862242
2022-07-11,KCEL,1095.75,770.0,1.6316119111854408,-0.8265348070666065,0.8595040814932595,0.0,0.5145947011179557,5.61063944486619,96.66372622309,-0.005133898829894681,48.271612579629355,0.5449694037026172,98.65720765757649,96.66372622309,0.36599674798735377,84.92905461071292,0.5779852604217595,81.42761868492858
2022-07-12,KCEL,1104.88,430.0,2.4777733388243015,-1.4089380152954638,0.9733332251852216,0.0,0.5001156266341642,5.45467391807033,96.3483964463887,-0.012462791333800016,44.983916701927704,0.5293756854439696,98.48562392237838,96.3483964463887,0.3679347400220435,85.04262454257304,0.5562610934118535,80.56418936868495
2022-07-13,KCEL,1104.75,880.0,2.2608051225863854,-0.3824075427532861,0.7954545092975223,0.0,0.48393963000678886,5.280429504985716,95.96221289618487,-0.012304517828855915,45.054559920591686,0.5277267489412601,98.46626352029756,95.96221289618487,0.35719041234280546,84.40403382623852,0.5671614424724405,81.00117865007768
2022-07-14,KCEL,1095.0,110.0,1.3574521384916505,-2.460351344914186,-0.06746268253954785,0.0,0.49995633833442055,5.45295809820838,96.34477269588106,0.011124820613176777,55.57721041304321,0.5413355783866058,98.61902146553858,96.34477269588106,0.369536844966297,85.13597753233854,0.5787252935420744,81.45650314646346
2022-07-15,KCEL,1093.63,290.0,1.229486238315958,-1.1096056498272941,0.7993398812316946,0.0,0.494451048100479,5.393656276640849,96.21738236779856,0.0192983044452658,59.17991845847427,0.539676097154387,98.60122848135127,96.21738236779856,0.36393563430959264,84.80749219263402,0.5843237793309277,81.67389560084743
2022-07-18,KCEL,1092.95,1110.0,1.166325411707141,0.23214903734402112,0.7885263454975892,0.0,0.49256148718663695,5.373302326278196,96.1726832739926,0.02309067650025375,60.82098651869293,0.5387912054495005,98.59164846655275,96.1726832739926,0.36483599828482244,84.8606934711645,0.5853309037467405,81.7127923562292
2022-07-19,KCEL,1093.96,70.0,1.1126161432244415,-2.5291957227057855,0.9999997474748112,0.0,0.4828446905432252,5.26863504875611,95.93470319248986,0.15837201522704458,94.68106208999232,0.5382544961018277,98.58580646410778,95.93470319248986,0.36480144581764107,84.85865464042556,0.5799312151368523,81.50349748792448
2022-07-20,KCEL,1094.0,620.0,0.9409880538508698,-0.28560144494301104,0.9999998753117363,0.0,0.4854448202315661,5.296643095612532,95.99973897559366,0.27708844781056846,99.34386901944444,0.5290316800150895,98.48160486956048,95.99973897559366,0.36332319143379477,84.7712161487162,0.5796799722875134,81.49371424071997
2022-07-21,KCEL,1110.0,360.0,2.2907884809033905,-0.6929498223353423,0.6025640784229112,0.0,0.4523711711711712,4.940380745795879,95.09316725525989,0.26769444444444435,99.22369428299798,0.5023059738309738,98.13509511928233,95.09316725525989,0.3441289360789362,83.59799293960677,0.5544874624624625,80.49236855783755
2022-07-22,KCEL,1117.55,501310.0,2.3138337426362128,4.416687747781348,0.9999999555950285,0.0,0.4777906947986419,5.214194475941158,95.80538239226803,0.29482276370930466,99.52259476941691,0.48937661886865624,97.94067954281957,95.80538239226803,0.34536133058923546,83.67545372232411,0.5427984380514916,80.01400847371805
2022-07-25,KCEL,1121.0,529280.0,1.934453757771639,4.416687747781348,0.7094016487690833,0.0,0.4549989631564788,4.96868676506232,95.17180968186597,0.33452234222562055,99.76609131562061,0.48295279618537873,97.83683986108439,95.17180968186597,0.3339214466250372,82.94502574329819,0.5365180348470044,79.75337891747873
2022-07-26,KCEL,1270.05,48390.0,14.448605841083886,4.317593327852132,0.5941176438817234,0.0,0.29344192963906557,3.2284285829301145,87.40284842364767,0.18861549095367452,96.8464645455693,0.2933829650032526,91.12251198144685,87.40284842364767,0.17317692933911494,69.91995588411031,0.33836044353334427,70.24967980086407
2022-07-27,KCEL,1400.0,29370.0,14.448605841083886,3.8183099673624734,0.46764509361143947,0.0,0.17179960317460313,1.9181231798505198,75.96705035953602,0.09445992063492065,84.8996513263019,0.17436587301587303,80.18012500036224,75.96705035953602,0.06090198412698414,58.123543249773824,0.19936309523809526,62.25203983173346
2022-07-28,KCEL,1410.07,28950.0,14.448605841083886,3.7292553487145383,0.368999993849998,0.0,0.171253733876884,1.9122431912728137,75.9025803597567,0.09513495333339868,85.05504193010441,0.1601551853302116,78.35401521890675,75.9025803597567,0.04944973734558494,56.83814624425955,0.1895436929169677,61.654323821719125
2022-07-29,KCEL,1450.0,15110.0,14.448605841083886,2.9075978493871513,0.9333110881408622,0.0,0.1269140257252327,1.434625236645364,70.2822578275931,0.1007720853858785,86.30167692521024,0.12575844280240833,73.44510717807124,70.2822578275931,0.02294172140120416,53.83018026897921,0.15367344006568143,59.44199669761875
2022-08-01,KCEL,1499.0,21840.0,14.448605841083886,3.2759810659590736,0.943767561577229,0.0,0.08881103672289456,1.024187901103019,64.89695306896643,0.11473382996071455,89.01563681680568,0.08250365640585788,66.35005021324592,64.89695306896643,-0.010398972860213688,50.009626063758105,0.11599873645922681,57.07652918645937
2022-08-02,KCEL,1513.0,21740.0,14.448605841083886,3.271448847229067,0.1949685510066849,0.0,0.05731983340152541,0.6849713219666195,60.13235107878233,0.12422202367838522,90.58030575784346,0.07429819972932994,64.9021285857213,60.13235107878233,-0.01135995682917362,49.89928907153428,0.11471069199215264,56.99501751948155
2022-08-03,KCEL,1535.99,343990.0,14.448605841083886,4.416687747781348,0.19942856573061293,0.0,0.028202487444889734,0.3713254320923929,55.54695558531652,0.10540155930144633,87.25900608303992,0.049784055960702504,60.41914827826375,55.54695558531652,-0.04498630681757705,46.046687228616804,0.09804280347548974,55.93695018374659
2022-08-04,KCEL,1547.99,14190.0,14.448605841083886,0.559435173958965,0.9999999869927161,0.0,0.020064117569973224,0.2836606337503561,54.244668242065195,0.09551973734603304,85.14302688655792,0.06706754496896487,63.60297022330354,54.244668242065195,-0.04691361833578967,45.82686117174365,0.0978502078963227,55.924690841826184
2022-08-05,KCEL,1600.0,23330.0,14.448605841083886,1.1150275894510682,0.4453574317444794,0.0,-0.01368611111111111,-0.0798896885867984,48.80188406671409,0.05977142857142862,75.04915335167736,0.019255654761904807,54.59030068992862,48.80188406671409,-0.0706226190476191,43.13850354426889,0.06050416666666664,53.53562269326374
2022-08-08,KCEL,1675.0,22060.0,14.448605841083886,0.40932386456795455,0.7283950527358636,0.0,-0.0675671937929401,-0.6602853108491261,40.22326000742762,0.009858742004264391,55.01285702712144,-0.018462668798862884,47.229144275256516,40.22326000742762,-0.11169336057806212,38.58413616922321,0.006933629471689157,50.082930462127074
2022-08-09,KCEL,1705.0,9450.0,14.448605841083886,-0.6676895640743908,0.7894182575754376,0.0,-0.08428129916678309,-0.8403261174953749,37.65551784457687,-0.009130184331797235,46.47521501821039,-0.03597454033421778,43.83288862112369,37.65551784457687,-0.14462185914443978,35.06788044459034,-0.003614065772936742,49.401982324137
2022-08-10,KCEL,1702.0,7260.0,14.448605841083886,-0.9313218799755818,0.10220440625740265,0.0,-0.08684234700539048,-0.867913182935569,37.2677364007764,-0.006791379889205976,47.525737398219825,-0.027675594538638017,45.43716579924234,37.2677364007764,-0.13106574757987802,36.49836942882367,0.0015237036726166997,49.73365925815539
2022-08-11,KCEL,1700.0,2520.0,14.448605841083886,-1.989421810441167,0.09090908677685969,0.0,-0.08756150793650794,-0.8756598323224685,37.159136005504664,-0.011502100840336135,45.41300883042667,-0.03643629785247427,43.74397178979365,37.159136005504664,-0.13506281512605042,36.07396675655645,0.006552194211017742,50.05830441749192
2022-08-12,KCEL,1699.92,135200.0,14.448605841083886,1.9930429255481603,0.6612203847542435,0.0,-0.09695352924171226,-0.9768286986187176,35.753083363688454,-0.014396769932030457,44.12242907381424,-0.03702963954606278,43.62977594429015,35.753083363688454,-0.1353756474254251,36.04084130478243,0.004099644857236934,49.899963915744664
2022-08-15,KCEL,1696.0,11090.0,14.448605841083886,-0.6754034596142788,0.599999976000001,0.0,-0.09546215932914046,-0.9607639774708195,35.97479253816406,-0.013881401617250672,44.351675326071685,-0.053746031746031736,40.44452170124025,35.97479253816406,-0.132469204851752,36.34910931373184,0.0072326519916142695,50.10223578646424
2022-08-16,KCEL,1694.0,5900.0,14.448605841083886,-1.3064878835611395,0.12711332954831808,0.0,-0.10087377672832219,-1.0190567750820108,35.17321377384568,-0.013896215400760855,44.345082448647545,-0.0644431326249508,38.445938878940375,35.17321377384568,-0.12910306309851766,36.70753985566528,0.0072800537845992275,50.10529611180466
2022-08-17,KCEL,1695.0,14490.0,14.448605841083886,-0.4079903442041988,0.9999999761336522,0.0,-0.10088295406658238,-1.0191556314279697,35.17186133222295,-0.02514030762747577,39.41438726245475,-0.0650402022756005,38.3354592761156,35.17186133222295,-0.12085109917123191,37.592393036370005,0.005266343587582545,49.975287792999275
2022-08-18,KCEL,1685.0,5580.0,14.448605841083886,-1.3622504684421135,0.2132867039647457,0.0,-0.06165205242334323,-0.5965686595663446,41.14580355985217,-0.017616557156987424,42.696242133344036,-0.0594674273468042,39.37116832295771,41.14580355985217,-0.09536502284395454,40.375672264403164,0.007318882765767032,50.10780296396602
2022-08-19,KCEL,1680.0,1790.0,14.448605841083886,-2.4991896108153084,0.3150357920039212,0.0,-0.0901186507936508,-0.9032048341285592,36.77403800914797,-0.019515873015873014,41.860454340581704,-0.06557103174603178,38.23733752576548,36.77403800914797,-0.1167900793650794,38.03095574285793,0.01266111111111115,50.452693899979664
2022-08-22,KCEL,1677.0,12380.0,14.448605841083886,-0.3976244594613296,0.8909090747107441,0.0,-0.08880514950166113,-0.8890560761273801,36.97164013742575,-0.01961037070164977,41.81898855989047,-0.06388856518158849,38.548660925085954,36.97164013742575,-0.10349390635204586,39.48024199334381,0.02031907104523381,50.94700362582735
2022-08-23,KCEL,1675.0,301270.0,7.706843093889089,3.0133772034435,0.842022094733489,0.0,-0.08696406657190242,-0.8692243203520973,37.24934647759627,-0.023881651267472156,39.95765121632771,-0.06702696043591566,37.968708684258395,37.24934647759627,-0.10841765576877516,38.941242818782996,0.02456748400852876,51.22115859859729
2022-08-24,KCEL,1657.0,1950.0,3.322595394616125,-2.0267749334427605,0.4818652537652056,0.0,-0.07877832787309245,-0.7810492750615754,38.49406584329658,-0.011458924859422747,45.432309864367575,-0.05857881546301883,39.53723172125508,38.49406584329658,-0.10379766047839373,39.44691463429303,0.02888996776542041,51.500017963663765
2022-08-25,KCEL,1660.0,2020.0,3.1183032958344596,-1.9599340564198597,0.12633953394417596,0.0,-0.09259922069229298,-0.9299250082273094,36.40207640245871,-0.020840380569898596,41.28033228900411,-0.06990553165041118,37.4397700737137,36.40207640245871,-0.10314482214572576,39.518554968200824,0.03508551348250141,51.89954827613498
2022-08-26,KCEL,1652.0,500130.0,2.2373767015088073,3.6282289200866567,-0.8460329597001953,0.0,-0.07901357949959645,-0.7835833558067468,38.4580738043647,0.00788715361850955,54.1315014272434,-0.06592469061070755,38.172018207084626,38.4580738043647,-0.11079035512510088,38.68245807396568,0.03838766478342748,52.11239717905165
2022-08-31,KCEL,1649.0,5240.0,1.1677756882907202,-0.9303056550985177,-0.46666663555555765,0.0,-0.08454645985541984,-0.8431823723295551,37.615294065009635,-0.0025750423537111997,49.4245069084715,-0.07081497227757083,37.273275094509486,37.615294065009635,-0.10916931353297332,38.85919307188999,0.045926803883065276,52.598052672484506
2022-09-01,KCEL,1639.99,756720.0,0.4884146197149399,4.166411427648548,-0.99999995002499,0.0,-0.07938424486376564,-0.7875760846826388,38.40138994523967,0.011617519994072687,55.796450531656916,-0.06502554604233457,38.33816977594516,38.40138994523967,-0.09932260179770738,39.93888759092896,0.052491080680224816,53.02051287150803
2022-09-02,KCEL,1643.0,510990.0,0.4291596538535356,3.7737651304590654,0.028571427755102068,0.0,-0.08592623129389715,-0.8580449783269822,37.4062650578012,0.00979508617608128,54.9844471622389,-0.03203124172777246,44.593774303151875,37.4062650578012,-0.09982591513781411,39.883451561233194,0.04960149455602894,52.83459616620326
2022-09-05,KCEL,1630.41,500.0,-1.318033907906204,-3.1554986666131475,-0.9453332703111045,0.0,-0.07864619250022134,-0.7796259407827663,38.51428726158252,0.02454617125958087,61.444598569881514,-0.056661670202149024,39.896325789465706,38.51428726158252,-0.09019692005604203,40.94835319386576,0.06256859900270478,53.66821411898209
2022-09-06,KCEL,1670.0,10780.0,1.0396613220345114,0.048465004906791384,0.8181817995867773,0.0,-0.1000007984031936,-1.0096532372721554,35.30197092980157,-0.00984223695466205,46.1559587775793,-0.07959122231727023,35.68254410821983,35.30197092980157,-0.10668449054272408,39.13067049303423,0.03378438598992489,51.81566129040532
2022-09-07,KCEL,1649.67,1410.0,-0.22728430137100722,-1.9703590499410832,-0.4914451041999141,0.0,-0.0896017017184101,-0.8976363680683282,36.851754850723125,0.0017735944086363065,51.38453597341955,-0.0673211398773262,37.91451937982441,36.851754850723125,-0.08620068922875489,41.392876382474256,0.04143977537931823,52.309061037239566
2022-09-08,KCEL,1663.85,950.0,0.6430806863127941,-2.1740463305619744,0.6988445509189383,0.0,-0.09684220272737105,-0.9756295129611668,35.76961241658484,-0.026105131696376335,38.99970465957448,-0.07730773156634703,36.09357039878753,35.76961241658484,-0.1073202421139344,39.06114714790196,0.03587806929425019,51.95064113954441
2022-09-09,KCEL,1663.8,320.0,0.6528076375515379,-3.0231289530193552,0.32209736621358054,0.0,-0.08972319231936068,-0.898945039116275,36.83348410187015,-0.038113802025197596,33.9870866187456,-0.08943061093652509,33.93605600221025,36.83348410187015,-0.0950679248307088,40.40852454352166,0.03638809752774777,51.983518443515194
2022-09-12,KCEL,1675.0,11510.0,1.3398255678162396,0.6957470509832933,0.7499999812500006,0.0,-0.10073605780620706,-1.017573295992136,35.19351192642629,-0.044600568585643215,31.413851368200003,-0.08668440535418147,34.41936915550754,35.19351192642629,-0.10086532812129828,39.769050532877905,0.02526884624496567,51.26641168694971
2022-09-13,KCEL,1658.15,700170.0,0.3167707400611225,4.416687747781348,-0.7185109271539553,0.0,-0.09146197755052131,-0.9176748657268371,36.57240744476849,-0.03490339806650082,35.29771111021468,-0.08453844659304288,34.79930665365825,36.57240744476849,-0.09448498224737936,40.47300969372503,0.026350804934644534,51.33621741024742
2022-09-14,KCEL,1657.12,10380.0,0.31161507774146285,0.2188142972966692,0.7695999692159925,0.0,-0.0909429294427049,-0.9120837893318229,36.650260151736234,-0.043329704317760676,31.909695159153063,-0.08395835329529443,34.9023463662297,36.650260151736234,-0.09699928497098032,40.19511504402173,0.03901337497375454,52.152720579559876
2022-09-15,KCEL,1624.98,698450.0,-1.6248667343644319,4.416687747781348,-0.40068012801199926,0.0,-0.07575590253418504,-0.7484923488083435,38.95758621111599,-0.024342260520129548,39.75854760810945,-0.07053129935958187,37.32517607692636,38.95758621111599,-0.0470273051565763,45.813899223387786,0.06576456079459439,53.87337687512497
2022-09-16,KCEL,1605.0,15380.0,-2.518404459806813,0.37409730612654624,-0.8117115267988788,0.0,-0.0609617230381249,-0.5891325774915707,41.25388952030257,-0.016584149236018395,43.152337737011834,-0.05875015947188849,39.50519210728799,41.25388952030257,0.0020043576620679404,51.43334426851016,0.08094025738021066,54.84566487985341
2022-09-19,KCEL,1605.0,6410.0,-2.496021060984771,-0.501095247964706,-0.9999999545040966,0.0,-0.05974617267467734,-0.5760389261677774,41.44441467235917,-0.01846457869752261,42.32252772562756,-0.05784756712653909,39.674068565472695,41.44441467235917,0.02251113707165109,53.78102834595928,0.08332651683726452,54.99823274576984
2022-09-20,KCEL,1605.0,626430.0,-2.4880001240470095,4.0810551221821925,0.24999999218750027,0.0,-0.05166473816941106,-0.4889874235809877,42.71735417225438,-0.028409457053849577,38.01581203760928,-0.05876587672452158,39.502253589358375,42.71735417225438,0.0193444036493102,53.419320741877954,0.08073747960243285,54.83269584019062
2022-09-21,KCEL,1590.06,627680.0,-3.032695913974837,4.0310211250949095,-0.993637274992727,0.0,-0.06021770193757285,-0.5811181396195411,41.370476536808674,-0.019883184821417297,41.69934221199011,-0.0490860977094005,41.32559790844018,41.370476536808674,0.02168899423082571,53.68715902496173,0.0947570168211683,55.72770107115434
2022-09-22,KCEL,1590.1,150.0,-2.6375171084687574,-3.257299363118523,-0.9777776691358349,0.0,-0.05460715628347218,-0.5206825289364407,42.25267122321688,-0.026795798407407694,38.70382505500649,-0.041658416686381844,42.741319711047886,42.25267122321688,0.030407687297294934,54.68116752279509,0.09020065609330752,55.437202651803496
2022-09-23,KCEL,1583.0,5280.0,-2.905235016421397,-0.6950180412597285,0.5282391851083373,0.0,-0.04172361148713018,-0.38190371034489745,44.296378803308386,-0.021812469291780726,40.85609219371151,-0.04236344293034122,42.60639091591749,44.296378803308386,0.026922282134584724,54.28420312409068,0.09934269069177465,56.01967327362225
2022-09-26,KCEL,1579.98,440.0,-3.0864717661062366,-3.179457002438121,0.9979999501000043,0.0,-0.03753344641493357,-0.3367681387599638,44.96559524909697,0.016141510350643366,57.79792664806413,-0.04051831796846134,42.95974108531823,44.96559524909697,0.029513606049262814,54.57939234227385,0.10254043250396777,56.22303012312876
2022-09-27,KCEL,1564.0,790.0,-4.065583612056137,-2.594424881975474,0.7999999200000081,0.0,-0.04564648439085779,-0.4241600672458855,43.67171814798821,-0.007039740388909187,47.414060761742284,-0.030646167742459304,44.86165476598524,43.67171814798821,0.048001614703852565,56.67491367392221,0.11539926216863555,57.0385972394131
2022-09-28,KCEL,1562.98,6560.0,-3.9670069544569726,-0.246639040346844,0.999230750014794,0.0,-0.03192246414917212,-0.2763278249884336,45.86455140970882,-0.006722404388482987,47.556757042933214,-0.03324714643090215,44.35887008326533,45.86455140970882,0.037743454521247256,55.51466089694084,0.11681563491758823,57.12820533816219
2022-09-29,KCEL,1552.02,1610.0,-4.632545379732127,-1.6601959450486194,-0.6900539174977726,0.0,-0.03047114370457915,-0.2606945082357685,46.09753566863213,0.0011350196916951561,51.09683821448995,-0.023158813843832386,46.31452557545932,46.09753566863213,0.056816153894064955,57.666120645537646,0.12579269675280327,57.69503770701026
2022-09-30,KCEL,1553.0,1330.0,-4.397326590273465,-1.5842161726946704,0.9999998750000157,0.0,-0.031430283680331975,-0.2710261611157035,45.943542680112124,-0.0015412864501885223,49.89050906742736,-0.022516925765798914,46.439406996013034,45.943542680112124,0.07210576150614786,59.37048174899889,0.11563539232821266,57.05353944776322
2022-10-03,KCEL,1610.0,5080.0,-0.6734911379043645,-0.1402718211064532,0.8553413414213458,0.0,-0.0654379917184265,-0.6373499966080053,40.5545766613738,-0.04951996204278813,29.53479194357122,-0.04951192201518288,41.2448451401578,40.5545766613738,0.01407876121463078,52.817095220085456,0.04950900621118012,52.828644115990244
2022-10-04,KCEL,1557.5,748970.0,-3.911092275054652,4.416687747781348,-0.9999999130434859,0.0,-0.030776007668985195,-0.2639784383559492,46.04858056726924,-0.00773286962725165,47.10253178549127,-0.03504055644729802,44.01285874337512,46.04858056726924,0.05274158640984483,57.20864642256965,0.06979716425896199,54.1320593445906
2022-10-05,KCEL,1557.01,260.0,-3.1141500200353507,-3.112022969336504,-0.9981800729590488,0.0,-0.02084111842926863,-0.15696191353141747,47.64730993977087,-0.01510136208359469,43.80941912877302,-0.028959856926630737,45.18819738409262,47.64730993977087,0.04726549005251518,56.591881808773714,0.07667264172284632,54.57258522667492
2022-10-06,KCEL,1558.32,150.0,-3.0313627505996448,-3.257299363118523,-0.7599999309091088,0.0,5.91934782025183e-05,0.06817182415986991,51.02243481653914,-0.015910318682634983,43.45065420736687,-0.021067448644327608,46.72156941614081,51.02243481653914,0.08095632372102807,60.34712967031969,0.08793732511691471,55.29276071057973
2022-10-07,KCEL,1555.16,14750.0,-3.2269338703519184,0.9256385811401948,0.59578944232688,0.0,-0.023983834440349606,-0.19081458545369606,47.14090354488009,-0.019020066316863482,42.07820258752791,-0.01667294544694435,47.57823360738198,47.14090354488009,0.07034197705171555,59.174934962207026,0.0900215981247475,55.42577878821828
2022-10-10,KCEL,1535.0,16460.0,-4.468061988277829,0.9314251094005765,0.8550094119905842,0.0,0.0018401375316684995,0.08735577668416415,51.31003675603202,-0.006031799027971714,47.86743590209781,-0.022061669510366578,46.52800575085772,51.31003675603202,0.08161436068455612,60.4194251174706,0.09672423866397806,55.85300478487958
2022-10-11,KCEL,1550.0,5680.0,-3.5006484831561817,-0.1325367751370316,0.6956521663516069,0.0,-0.01450555555555553,-0.08871657076084795,48.66956556446592,-0.014740642601126473,43.96960619151465,-0.018436968766001025,47.234155286140826,48.66956556446592,0.07070956221198157,59.21571248174372,0.09346109831029184,55.6451165913933
2022-10-12,KCEL,1538.0,13180.0,-3.458325978123991,0.7794565424836496,-0.1999999900000005,0.0,-0.012575026833446858,-0.06792132383568864,48.981321122890755,-0.008009893801473777,46.97808419634607,-0.01624363066856565,47.662008862159006,48.981321122890755,0.09536515986541998,61.91931859524973,0.10447520537907404,56.34596884909746
2022-10-13,KCEL,1538.0,21470.0,-3.4281637272773877,1.267408518635152,-0.3103448168846615,0.0,-0.01007345294858299,-0.040974899241470214,49.38540746702939,-0.007278744813920296,47.30661554232691,-0.016600077404173633,47.59245192100461,49.38540746702939,0.09523942607385383,61.90570169367678,0.11089699723409085,56.75345359737187
2022-10-14,KCEL,1530.0,4600.0,-3.248127668651895,-0.27316967739865555,-0.9999999499499524,0.0,-0.01798015873015873,-0.12614426098650453,48.108738832700496,0.005662815126050425,53.134074963254086,-0.010447549019607844,48.794135730326516,48.108738832700496,0.10117857142857146,62.54683036635106,0.1288759803921569,57.88926472065194
2022-10-17,KCEL,1530.08,4240.0,-3.2256505275279324,-0.25653620884727674,-0.9919999504000097,0.0,-0.018137602308168507,-0.1278402098962507,48.08333648723212,0.0003682959206200297,50.75131098363938,-0.007924582883102651,49.28739251122709,48.08333648723212,0.10451001499662227,62.90455636242898,0.11657435183387041,57.1129436320282
2022-10-18,KCEL,1531.5,813930.0,-3.1250818879360915,4.416687747781348,-0.8888476884458063,0.0,-0.014021884085008415,-0.08350656401736062,48.7476635180553,-0.000586881053433453,50.32075989688203,0.0008962839886199336,51.01239340689008,48.7476635180553,0.11748392798843331,64.2839401043364,0.10947341308707614,56.66319908769666
2022-10-19,KCEL,1530.0,8039.999999999999,-1.7202793836310213,0.4396161551474192,-0.9999999629629643,0.0,-0.011768814192343602,-0.059236971847589436,49.11153894911387,0.0003366246498599443,50.737036423989956,0.024009967320261505,55.51063593760364,49.11153894911387,0.09136935107376284,61.48566805628802,0.11061437908496732,56.735539296975745
2022-10-20,KCEL,1531.13,3330.0,-0.8442325532236548,-0.44182378115355325,-0.6087499619531137,0.0,-0.009992426202703967,-0.040102096278841426,49.39849757522863,-0.0037122233693157518,48.91200079954126,-0.0032969844918978274,50.19241025587172,49.39849757522863,0.10353996652695235,62.80053784283785,0.10762374566133792,56.545865134712734
2022-10-21,KCEL,1542.99,110.0,-0.07423859556093924,-3.257299363118523,0.5501638983499,0.0,-0.01130894777887954,-0.054283388142226545,49.18582115048223,-0.008186987956901249,46.89854776371714,0.0016556522061834979,51.16084059572121,49.18582115048223,0.08044800830422319,60.29125245201408,0.0964642048570509,55.83644597000769
2022-10-22,KCEL,1535.0,4590.0,-0.583768705160668,-0.05303375646632676,-0.6294923812711234,0.0,0.003634757768471126,0.10668704616169629,51.59975946982044,-0.001731195388035779,49.80489705268712,0.00039413034486326763,50.91421854695467,51.59975946982044,0.09118165813556686,61.46525290051987,0.10230824155938165,56.20827115115833
2022-10-26,KCEL,1535.0,17780.0,-0.5815701304310179,1.3011469151481558,-0.3323809365532896,0.0,-0.010436439429191872,-0.04488491280838121,49.32676699735751,0.006718018716715784,53.607605520156255,-0.005496177808799958,49.76229417065206,49.32676699735751,0.09400366320252315,61.77176990030166,0.10617298872860764,56.453784708854585
2022-10-27,KCEL,1535.0,13700.0,-0.5748924894574784,0.9346979083631028,0.4285714132653067,0.0,0.002907101494235044,0.09884888673620344,51.48229881570895,-0.011496436326973787,45.41554096925731,-0.0029296003309032623,50.264261838945444,51.48229881570895,0.09400366320252314,61.77176990030166,0.10747433302311152,56.536383898857856
2022-10-28,KCEL,1530.0,9660.0,-0.889424410964655,0.5852982770991858,-0.032591157386538665,0.0,0.00688067226890756,0.141651350376141,52.123492166701325,-0.002357516339869281,49.52255888640559,-0.012755555555555556,48.343108196026996,52.123492166701325,0.09746384220354815,62.14632656332233,0.1109481325863679,56.756694722480304
2022-10-31,KCEL,1535.0,90.0,-0.5600258912601492,-3.257299363118523,-0.09090908264462885,0.0,0.0002260392430588204,0.06996905143697259,51.04938165335119,0.003259230391396456,52.05347372429864,-0.01606566232356135,47.696740979296976,51.04938165335119,0.10047308308774108,62.47089825798847,0.10607444289333542,56.4475283222893
2022-11-01,KCEL,1537.0,340.0,-0.42996256802411104,-3.0042786767661855,0.6871035577640799,0.0,-0.004402654366886579,0.020109743229123338,50.301642488903006,0.0043723794549265895,52.5542227117493,-0.012289840546932225,48.43409823442327,50.301642488903006,0.10323121340273256,62.76740523083715,0.10444653984777602,56.34414795817234
2022-11-02,KCEL,1550.0,420.0,0.4251819412115226,-2.793017890952662,0.7831411821635026,0.0,0.02002356630824373,0.28322382413901265,54.23816324610535,-0.022335791090629803,40.628261988987965,-0.01939645417306708,47.047112801057786,54.23816324610535,0.11448161802355356,63.96673775015089,0.09828609831029189,55.9524356648762
2022-11-03,KCEL,1522.0,580.0,-0.677777011562056,-2.18170739031983,-0.8786775590331346,0.0,0.07786439521932294,0.9062729949630445,63.26875376459087,0.009177281354942328,54.70855210707239,0.0014462862148801811,51.11991404102908,63.26875376459087,0.14624828337817827,67.25662046297087,0.11754471299251193,57.17431294302918
2022-11-04,KCEL,1531.0,340.0,-0.08960764651332101,-2.715731860253839,-0.8418971666484465,0.0,0.09294051429193494,1.0686697597444712,65.50250912090748,-0.0023265940406208205,49.536497730837596,0.001986749764133827,51.22555985889182,65.50250912090748,0.13597874275553895,66.20962903795645,0.10992251148227639,56.691676500080355
2022-11-07,KCEL,1544.6,4310.0,0.7982054300070623,-0.17611338956987518,0.5374999832031199,0.0,0.07987611705090347,0.9279428368842547,63.57038564001422,-0.011462509377267185,45.430707418778574,0.0027064938988673876,51.36623295983931,63.57038564001422,0.11846822519417372,64.38766350096978,0.10417230104264949,56.32672690609854
2022-11-08,KCEL,1548.31,184370.0,1.0601414348444682,3.6919658485010958,0.8309999584499965,0.0,0.06946470331502258,0.8157932910121001,61.998297758480504,-0.012869946715071688,44.802282056238674,-0.013663627239038781,48.165723941343025,61.998297758480504,0.12212829004394246,64.77216511715773,0.09826414973653305,55.951038706854305
2022-11-09,KCEL,1520.0,34490.0,-0.9591593067703544,2.0156901948608033,-0.5238095113378688,0.0,0.0989107769423559,1.132980165801497,66.36914017631888,0.008200083542188805,54.271577107922184,0.018397201336675023,54.42376851361209,66.36914017631888,0.12137071846282374,64.69273478145836,0.12109665831244779,57.39876185514754
2022-11-10,KCEL,1540.5,21860.0,0.4107205877181213,1.5596799334241678,0.9999999672131158,0.0,0.075558584102255,0.881435285483213,62.92174591069227,0.004478600794423579,52.60198102904834,0.005284217013647393,51.86985250581181,62.92174591069227,0.12146151720993492,64.7022591974975,0.10075300999984543,56.109386294390006
2022-11-11,KCEL,1532.0,11590.0,-0.1482823541581256,0.9251663606743072,0.33460436917996217,0.0,0.08223128393219778,0.9533121962134321,63.92216117708715,0.03219092274855989,64.65464379034881,0.007600548095652571,52.322081981280796,63.92216117708715,0.12523993431140953,65.09755691750809,0.10580839964358243,56.430636990451674
2022-11-14,KCEL,1531.5,5700.0,-0.1747930435813366,0.21549501771032809,0.6717230388283515,0.0,0.09035781369028187,1.040849455322132,65.1243507253562,0.00602109121154172,53.294921657882746,0.004611591499152773,51.73847158229693,65.1243507253562,0.12090392783296797,64.64375194868121,0.09577344767812446,55.792452625008124
2022-11-15,KCEL,1533.0,5410.0,-0.0772468376468968,0.050223181157693024,0.39478470604048727,0.0,0.0781192487497282,0.9090182232695869,63.307023869915355,0.01784602631006743,58.54579779011304,0.03690926288323548,57.986967012526705,63.307023869915355,0.11858454555338116,64.39991222937192,0.11084588497499454,56.75021387821243
2022-11-16,KCEL,1537.0,480.0,0.1828484864499867,-2.4485590552972436,0.9298998236802626,0.0,0.08688289106794311,1.0034183240730579,64.61254011298281,0.008675973861676553,54.48446803067804,0.07252880973035494,64.58616417933303,64.61254011298281,0.11619318219371896,64.14772072533378,0.10613310122791247,56.45125239296141
2022-11-17,KCEL,1552.0,1190.0,0.7202001099385803,-1.435474129820814,0.9999999755680437,0.0,0.09219962772050402,1.0606890863569176,65.39422671203698,-0.006911217476681395,47.47184862262456,0.0832669448535428,66.48324103802814,65.39422671203698,0.10302648093601705,62.74542856364239,0.09066856897398137,55.46705268777124
2022-11-18,KCEL,1585.89,5280.0,2.898535054869393,0.1710214357387822,0.9999999772157673,0.0,0.04948857950875707,0.6006147120033902,58.912971379075096,-0.025744317656692158,39.154600420863105,0.05664141128955974,61.69463848519583,58.912971379075096,0.07292783254648352,59.461521903604634,0.05947552991875668,53.469538096842115
2022-11-21,KCEL,1545.3,21210.0,0.2105397720820834,1.4581175901061918,-0.5150129474925667,0.0,0.08076834433443347,0.9375537204012346,63.70382472687276,-0.013079164702184475,44.70900216128024,0.07695990399460118,65.3749785357469,63.70382472687276,0.10601371855672967,63.065562278976664,0.09953580442077822,56.031959932969585
2022-11-22,KCEL,1564.96,40000.0,1.4722872020420583,2.012715126625052,0.3592614957738871,0.0,0.06117768860261957,0.7265273219315593,60.7285559974565,-0.025573356101804137,39.22806996204077,0.0721864657426205,64.52488264451588,60.7285559974565,0.09093916444743046,61.43887115276663,0.0778094940709474,54.64535863141165
2022-11-23,KCEL,1554.96,42660.0,0.6616514638789965,2.0385603243919923,0.18480073800184024,0.0,0.10282361395914025,1.1751284182517676,66.93124569405651,-0.014271740139694265,44.178022219879956,0.07077861344465756,64.27236942449677,66.93124569405651,0.09493338202544482,61.87254946698745,0.08946416775075516,55.39021117388889
2022-11-24,KCEL,1546.0,24950.0,-0.016057062631825606,1.5021725746068157,-0.17730217598071443,0.0,0.0964052839894043,1.1059915258350506,66.00674734047996,-0.007217491118914147,47.33415000335455,0.07769358097702211,65.50478827053259,66.00674734047996,0.10663648278198731,63.132158622856394,0.09702870336146532,55.87239128080262
2022-11-25,KCEL,1550.0,30770.0,0.21952963994675748,1.7118387057500233,0.5655577078059634,0.0,0.09035222734254991,1.040789280366346,65.1235306852187,-0.0072049027137736695,47.33980888300853,0.08261900921658986,66.37019556196742,65.1235306852187,0.10351207117255501,62.79754485773796,0.09156871479774703,55.524465484812005
2022-11-28,KCEL,1530.0,44370.0,-1.1124652006873237,2.0778617089223723,-0.9999999734466285,0.0,0.10488538748832867,1.197337406469461,67.22551273603791,0.012394607843137255,56.1417751687582,0.08584243697478991,66.93071199424465,67.22551273603791,0.11726316526610644,64.26065811099554,0.10745980392156856,56.53546190421312
2022-11-29,KCEL,1530.0,15570.0,-1.010885445759712,0.5883636311447803,-0.9999999627976204,0.0,0.1210680672268908,1.3716538086137378,69.48711497642125,0.022213211951447244,60.443305527350766,0.0975813492063492,68.93085987307678,69.48711497642125,0.11657782446311858,64.1883381042621,0.10682119514472455,56.49493230578445
2022-11-30,KCEL,1537.9,118720.0,-0.4685333930576364,2.168168041437346,0.8561332394502217,0.0,0.11519056541748837,1.3083426027094343,68.67579230702776,0.002991087955437008,51.93278460109417,0.10810146917513776,70.66543494721385,68.67579230702776,0.11060778424402679,63.55565115824851,0.10037312767771336,56.085225181051555
2022-12-01,KCEL,1540.0,350.0,-0.24201249209752415,-3.257299363118523,0.16144017645527245,0.0,0.11375992063492066,1.2929319998134616,68.47654055197609,0.014963961038961039,57.27914816800235,0.08712276334776335,67.15202988803274,68.47654055197609,0.1206992784992785,64.62226729614517,0.10164704184704187,56.16623667872411
2022-12-02,KCEL,1543.98,170.0,0.014610601289056651,-3.257299363118523,0.11734080427149604,0.0,0.11428952964169901,1.2986368359775744,68.5503811339333,0.013006063596308601,56.413079837192114,0.08754219840930581,67.22436892141675,68.5503811339333,0.10608361249744788,63.07303899006912,0.10201446071038422,56.189595707560045
2022-12-05,KCEL,1554.0,190.0,0.6632125310296442,-3.257299363118523,0.9090908677685968,0.0,0.12089200986700982,1.3697573559840575,69.46298387936815,0.0032047297297297652,52.02894523454672,0.07465998498498498,64.96657402543771,69.46298387936815,0.10744271771771768,63.21830040774048,0.09389327541827538,55.67266125939588
2022-12-06,KCEL,1569.0,38390.0,1.6350454146835325,0.7359891073142218,0.6704870900074681,0.0,0.08350360557224802,0.9670173757168837,64.11158237861166,-0.009607459255212543,46.26119027293598,0.09868762026161644,69.11590423113734,64.11158237861166,0.0908624685119427,61.43052573011673,0.08106284788612711,54.85350507043864
2022-12-07,KCEL,1547.5,150.0,0.22413839530275131,-3.257299363118523,-0.5592821253520995,0.0,0.11176614034412904,1.2714554203734827,68.19772226313773,0.03722740467215427,66.70144805827177,0.10124121022129907,69.54069918930975,68.19772226313773,0.1356745954817037,66.17837099069258,0.09866150665435802,55.97632776973101
2022-12-08,KCEL,1568.0,650.0,1.4247956375141517,-3.039349617562577,0.7471636710805893,0.0,0.08296184807256236,0.9611816785576026,64.03097978823634,0.061258106575963714,75.54777249537324,0.08350311791383219,66.52439931871474,64.03097978823634,0.09673971088435371,62.068059070931646,0.08232599206349209,54.93427447835375
2022-12-09,KCEL,1569.0,200.0,1.467919801665728,-3.257299363118523,0.7194936344560203,0.0,0.08710767853349109,1.0058396870904625,64.64575135333786,0.08161458997238155,81.68455223350726,0.08279599229111659,66.40109251949934,64.64575135333786,0.10393759067043008,62.84318957446536,0.08208001456796868,54.918547929628005
2022-12-12,KCEL,1563.94,290.0,1.1125963891163844,-2.952508002917445,0.19146096121008374,0.0,0.09350401628081778,1.0747396839405938,65.58475882644933,0.08192240569757575,81.76744897876875,0.10214019904145227,69.68946395539542,65.58475882644933,0.09265462460907133,61.62535690973676,0.08615540568478752,55.17897862110709
2022-12-13,KCEL,1558.9,230.0,0.7714501911288304,-3.145756175765504,0.2842712637611145,0.0,0.09710380236063884,1.113515817934531,66.10797133951574,0.07773679998717037,80.61514143175616,0.10568475973086423,70.27199058080782,66.10797133951574,0.1084806865239734,63.32907752060556,0.08704512744028903,55.235797471187695
2022-12-14,KCEL,1610.0,28610.0,4.061038647170415,2.179722090186599,0.9999999833333336,0.0,0.061468426501035255,0.7296590890577445,60.77336062439229,0.05213228088336784,72.38186943297717,0.07024342650103521,64.17616876831849,60.77336062439229,0.07761903036576949,59.979786522590715,0.04739361628709454,52.69248742709311
2022-12-15,KCEL,1669.0,15890.0,7.571706531523052,0.42148253004195213,0.9618866035075122,0.0,0.029463007503780426,0.3849034874606221,55.74802776296871,0.00703573996405033,53.75006191634023,0.035111023376796294,57.643861196799186,55.74802776296871,0.02969947644725955,54.60055354694953,0.003515365630973849,49.862242093099525
2022-12-19,KCEL,1702.0,6490.0,9.39169891965542,-0.8853052464942626,0.7439703015960953,0.0,0.012983708242403861,0.2073919625765957,53.106871543568445,-0.011985383209296253,45.19706166628989,0.027474416186372655,56.178944290729206,53.106871543568445,0.015977643015686493,53.03437194691551,-0.018590504635069838,48.43556084953501
2022-12-20,KCEL,1696.99,490.0,8.941033589507539,-3.257299363118523,0.1451863297676118,0.0,0.03508548281845815,0.4454676019233306,56.642516527245526,-0.0020246172751997773,49.672623248171675,0.006035818856954657,52.01662885478202,56.642516527245526,0.01199296372278947,52.57830818306887,-0.01406559973555413,48.72746027276247
2022-12-21,KCEL,1685.0,138660.0,8.115071903551147,2.5314043531150934,-0.6648044321338322,0.0,0.052130506099571386,0.6290729862496904,59.32564289454879,-0.00501930431915595,48.323213014091124,0.025163762893881586,55.73344219752424,59.32564289454879,0.02064227897885168,53.567611091528555,-0.005817450897272841,49.25975369218566
2022-12-22,KCEL,1699.0,2690.0,6.684041693410027,-1.4110705029357464,0.34964148672958517,0.0,0.040362209563048285,0.5023073859439938,57.47809176851949,-0.002711021656062857,49.36321510885414,0.003660530704335885,51.55266454566196,57.47809176851949,0.0165482956828013,53.099645936405956,-0.01302895050309702,48.79434695649119
2022-12-23,KCEL,1686.0,430.0,5.599851652148462,-2.3678007931837146,-0.755178884018235,0.0,0.0420096156018754,0.5200528952291336,57.73811074934932,0.019766990058182228,59.38392490699277,0.016019139411399142,53.961940519724436,57.73811074934932,0.023951821725131342,53.94545552891581,-0.00591425747048524,49.253505080463064
2022-12-26,KCEL,1687.0,280.0,5.468658365259657,-1.7857234155411452,-0.9034282518866128,0.0,0.04733885101758546,0.577458291545095,58.57625093275023,0.0013885743924125665,51.21108225031933,0.01804171606401897,54.3547784055625,58.57625093275023,0.020488063953105443,53.549994313605175,-0.007726559309754327,49.13653024325322
2022-12-27,KCEL,1698.99,680.0,5.969754970735745,0.17645057966758243,0.9995742656540177,0.0,0.019834637574592633,0.28118872379445997,54.20785450338212,-0.002731322818122481,49.354064649807924,0.010796203479714413,52.94534681288089,54.20785450338212,0.0129917889942456,52.69267145582639,-0.010510828134866673,48.95683876109516
2022-12-28,KCEL,1682.0,13650.0,4.325430858151644,3.175827412607792,0.3264575810048919,0.0,0.04463181492176737,0.5482986714870374,58.1510980471325,0.002063471302115773,51.51510539911984,0.0209718952305457,54.9229243866695,58.1510980471325,0.0214785176377328,53.663123333382856,2.9965271879678346e-05,49.63722487167361
2022-12-29,KCEL,1700.0,2740.0,5.045717491246463,1.5700513285587452,0.9999999444444475,0.0,0.031058286647992556,0.4020874968661971,56.002228461607515,0.023238118580765646,60.88432339804901,0.0161577964519141,53.988887668745335,56.002228461607515,0.012373856209150338,52.62192278217931,-0.012449346405228767,48.831746070512196
2022-12-30,KCEL,1725.0,17380.0,4.088267253176398,3.417417723270096,0.9884151763573871,0.0,0.011753605935127663,0.1941415607928419,52.908835053153865,-0.003153174603174603,49.16393168543859,0.005109782608695615,51.83578342596695,52.908835053153865,0.013971325051759832,52.80479872813335,-0.015428364389233923,48.6395389404285
2023-01-04,KCEL,1695.0,14070.0,1.9984579593135365,3.0519938930356285,-0.9999999666666678,0.0,0.028963801095659502,0.3795261416565372,55.6684188804437,0.011621379407220104,55.79816700346798,0.04222114060963623,58.99586251610697,55.6684188804437,0.03321774125579435,55.0007834103863,0.004362336704593323,49.916923680892744
2023-01-05,KCEL,1700.0,359680.0,2.1931341073121966,4.416687747781348,-0.29027677144947983,0.0,0.026476260504201682,0.3527308807296654,55.271302366544525,0.008630578898225957,54.464167407645924,0.04857700746965453,60.19310387377023,55.271302366544525,0.04460340802987862,56.291304085777426,0.001562231559290389,49.73614661261691
2023-01-06,KCEL,1691.0,16580.0,0.4156720435632198,1.8093953146425106,-0.27272726652892576,0.0,0.030238338120582377,0.39325518481709637,55.87161173661423,0.028624611153351572,63.17155870080754,0.0512712016464382,60.697034660074614,55.87161173661423,0.053456209812921825,57.28897264249897,0.028312174396665862,51.46274741015511
2023-01-09,KCEL,1744.99,12460.0,3.1738777844034614,1.5237226322535997,0.8024839582835723,0.0,-0.00734479033718027,-0.011582322933364168,49.82626585519311,-0.0033520684113622183,49.07429624105986,0.012030917228160765,53.18592418549486,49.82626585519311,0.015062081515089358,52.929624031557346,0.011161620574166198,50.3558906589753
2023-01-10,KCEL,1725.0,330.0,1.9261334478299548,-2.6378855655989883,-0.14285713877551032,0.0,0.007849603174603176,0.15208846908181356,52.27974527877092,0.008298309178743982,54.31553167289025,0.029715217391304352,56.610029873622345,52.27974527877092,0.04110260524499657,55.895324784266364,0.07234327122153209,54.2952726589029
2023-01-11,KCEL,1720.02,15110.0,1.6231700447354152,1.1860401537233305,-0.323095813172733,0.0,0.010219706415373918,0.17761871971497326,52.66176204168811,0.014302252105595683,56.98691526635694,0.0129675253776119,53.368319139463594,52.66176204168811,0.05694811783750018,57.6809154566216,0.11430041148469483,56.969045639350036
2023-01-12,KCEL,1720.0,15380.0,1.5811731073330064,0.4844099027723927,0.04761904535147403,0.0,0.007281044665928389,0.14596407712437187,52.188062801675905,0.02687222222222217,62.43337581905204,0.026927131782945743,56.073513184618704,52.188062801675905,0.056780214101144276,57.662091106245825,0.12072846991509778,57.375509868956875
2023-01-13,KCEL,1744.7,20940.0,2.998633869368064,0.4724890488181743,0.9999999719887964,0.0,-0.002719922513626325,0.03823577471295232,50.573511467141266,-0.011553295058685697,45.390125176620735,0.009886535412009704,52.7680146271185,50.573511467141266,0.039482617469142396,55.71182907984023,0.12207197803597467,57.46033981396461
2023-01-16,KCEL,1744.6,10730.0,2.895306622563632,-0.2559627188647876,-0.027091160231539645,0.0,-0.0028499016011310774,0.03683566748387373,50.55251252187093,-3.251238743036747e-05,50.57065440261962,0.005830811401713085,51.97659737876155,50.55251252187093,0.0376637871691151,55.50562483365591,0.11073565823975665,56.74322702781362
2023-01-17,KCEL,1744.71,6360.0,2.6310253002213306,-0.7191401451097148,0.7041379067538678,0.0,-0.004010164644636013,0.024337559472578468,50.365056905231576,-0.012705697515291823,44.87553827639129,0.004752466530800158,51.765990120759454,50.365056905231576,0.03838824987561036,55.58778167221978,0.12674377352519478,57.75497508605738
2023-01-18,KCEL,1750.0,3450.0,2.8704554051603792,-1.2121930701215313,0.9999999629492418,0.0,-0.007720634920634918,-0.015630841263558213,49.76553909957122,-0.01135714285714291,45.4778150726071,0.0022472222222222234,51.27647123723351,49.76553909957122,0.0361788888888889,55.337138085841396,0.12002023809523812,57.33077415745272
2023-01-19,KCEL,1771.6,63690.0,4.124864051235463,1.703451293659747,0.9999999806201555,0.0,-0.02012575745357971,-0.1492561964603836,47.76265212289355,-0.02096555494629547,41.22562943364061,-0.011854864672594332,48.51909194002339,47.76265212289355,0.024114651180710163,53.964034130379865,0.10158662548785607,56.16239538512367
2023-01-20,KCEL,1730.0,82430.0,1.3075814157978125,1.8427759405298454,-0.8697904737600662,0.0,0.014231170290852371,0.22082935981921056,53.30760289473041,0.00265177539223782,51.78003011963067,0.007049467841086338,52.21452341802622,53.30760289473041,0.04627373841636852,56.4799578121123,0.14003963207633724,58.59042152651766
2023-01-23,KCEL,1750.0,11860.0,2.0269373010341782,-0.09599955425001609,0.9999999665775412,0.0,-0.007863809523809462,-0.017173087795469045,49.74240596211387,-0.009044047619047566,46.51385543148184,-0.0011869047619047605,50.605071632921806,49.74240596211387,0.03311626984126985,54.9892490588759,0.1167035714285714,57.12111723496338
2023-01-24,KCEL,1728.0,6280.0,0.7042480425600717,-0.7317984606669442,-0.999999966588708,0.0,0.012869047619047596,0.2061568626021795,53.08841615181634,0.009586243386243386,54.89121701013951,0.011098015873015874,53.004166414151996,53.08841615181634,0.054561739417989426,57.41316227046814,0.12784179894179892,57.82414484676931
2023-01-25,KCEL,1735.6,20420.0,1.1393996167098157,0.4473426794332474,0.44021736139826206,0.0,0.0032570355798461903,0.10261830266587951,51.538788443608716,0.008925530990609366,54.59604315792672,0.0036885933047261076,51.5581477253615,51.538788443608716,0.0374068836722674,55.47648374232561,0.1216822987887636,57.43573972120729
2023-01-26,KCEL,1740.0,29710.0,1.3611399591564417,0.7624753596412207,0.9999999750000007,0.0,0.02652820197044335,0.35329038321402656,55.27960147674573,0.02494748221127536,61.61589249627863,0.005655993431855501,51.942458947982274,55.27960147674573,0.03915403667214013,55.67459160528247,0.12481208264915145,57.63321514386042
2023-01-27,KCEL,1740.0,27930.0,1.3035186052893541,0.6493638335981486,0.3049151672503184,0.0,0.0052874110563765515,0.12448907770367257,51.86646847667157,0.03418449644225507,65.47177041182121,0.005466652983032273,51.90548252420213,51.86646847667157,0.025080076628352474,54.07416495709136,0.1300553229337712,57.963491538082835
2023-01-30,KCEL,1739.65,1040.0,1.1943583817255479,-2.6849978286637977,0.7242191676948145,0.0,0.012636313110783507,0.20364989572210587,53.05095338876189,0.03151866387555601,64.37712719982002,0.004574437694774346,51.73121377915915,53.05095338876189,0.05083284008733735,56.99391125151547,0.18499032215018615,61.37594370663999
2023-01-31,KCEL,1750.0,6910.0,1.790478053109187,-0.7912790316355917,0.642729523303697,0.0,-0.0068477777777778,-0.0062286088034906924,49.906570976686574,0.019123253968253973,59.10364200850234,-0.002072619047619047,50.43186219186148,49.906570976686574,0.05686880952380947,57.672024166201616,0.17767007936507923,60.92684867267213
2023-02-01,KCEL,1756.57,13740.0,2.1634358866477665,-0.0600249219606544,-0.09828477815723789,0.0,0.0001681594071635817,0.06934558209116845,51.04003369597092,0.021010188134053857,59.92347257142255,-0.005917116397748786,49.6799694667185,51.04003369597092,0.050393794329605814,56.944480772038816,0.19027819743808091,61.69915838851829
2023-02-02,KCEL,1788.92,7690.0,3.9737062847463993,-0.6290398278775845,0.9965481188626846,0.0,-0.013226125756819182,-0.07493482367600372,48.876166955838436,-0.016505323013015962,43.18721025412243,-0.014138483119548271,48.072982915785296,48.876166955838436,0.020752422628674744,53.58019282410231,0.1905349461624269,61.714825785206095
2023-02-03,KCEL,1805.0,11020.0,3.6299669116330584,-0.17290015774056647,0.8375304403593169,0.0,-0.029956474519632417,-0.2551506006713954,46.1801983596848,-0.011999567998944725,45.190726105715214,-0.03301101987424696,44.40446867404901,46.1801983596848,0.011294277360066829,52.498293994821196,0.19247539902387548,61.83315776698512
2023-02-06,KCEL,1800.0,2300.0,3.095084786659629,-1.6652362759577692,0.1989318959324512,0.0,-0.02056547619047619,-0.15399275365669074,47.6917505803013,-0.01148849206349204,45.419092237133235,-0.022746428571428598,46.394751265584134,47.6917505803013,0.02477142857142857,54.03896023131812,0.22685079365079366,63.90506157970242
2023-02-07,KCEL,1788.99,23560.0,2.4420908145676137,0.7224335694385644,0.37085713226122535,0.0,-0.021159826168210376,-0.16039496586177265,47.595930677663794,-0.00939828250390818,46.35497506831405,-0.021587912034164533,46.62022834299584,47.595930677663794,0.009362127187221111,52.27695688128752,0.23542979637486328,64.41450914555699
2023-02-08,KCEL,1799.0,8980.0,2.8586857599176225,-0.3544446562607623,0.9999999705882362,0.0,-0.025634746155271445,-0.20859785713998247,46.87511028427837,-0.01591107096535112,43.45032088992325,-0.0020994672966462846,50.42661159101959,46.87511028427837,0.009248743128898763,52.26396532764077,0.22771052899759137,63.956258849398004
2023-02-09,KCEL,1765.0,17420.0,0.7782326404480161,0.42050242370668844,-0.9999999714204068,0.0,-0.002018160663698882,0.045795004878643845,50.68688185822563,0.003673073204730428,52.239694083482746,-0.003551148882593667,50.14270127767926,50.68688185822563,0.024854362831062488,54.04842019874053,0.2336330298124915,64.30807700323835
2023-02-10,KCEL,1788.99,13240.0,2.036604665138678,0.14612634086715756,0.5497415843106711,0.0,-0.01637759680974553,-0.10888180305661205,48.367353575652146,-0.011532771889911793,45.39929873484868,-0.010154397593055295,48.85143857719149,48.367353575652146,0.012182239606332794,52.59998196495892,0.24397073064503796,64.91847439802633
2023-02-13,KCEL,1784.95,19170.0,1.703541047240592,0.5162299212087873,0.6631929694375617,0.0,-0.016810471637416394,-0.113544639110804,48.297488845288896,-0.01430297413959844,44.16413298632431,-0.021016425752444313,46.731505714632746,48.297488845288896,0.01565159801728469,52.997072680935055,0.25486381840316547,65.55642220979873
2023-02-14,KCEL,1777.77,12360.0,1.1896868249379644,-0.015255190447160127,0.2769999861499989,0.0,-0.012802013578005814,-0.0703663770212666,48.94466110302973,-0.006940681343159437,47.45860015665189,-0.006344600378162357,49.59636643170948,48.94466110302973,0.016617059574635655,53.10751076869627,0.2780174596344217,66.89372053183958
2023-02-15,KCEL,1776.0,7720.0,1.0385622523794098,-0.5056298219005613,0.7599999392000049,0.0,-0.013880952380952435,-0.08198847752019292,48.77042078821467,-0.006532346632346632,47.642239451498305,-0.0002713320463320519,50.78410484495443,48.77042078821467,0.0143970077220077,52.85351777445379,0.27918703346203333,66.96057588479688
2023-02-16,KCEL,1777.0,7350.0,1.0705742472185449,-0.5547437354075018,0.9999999166666736,0.0,-0.012463808273262397,-0.06672330103747286,48.99928413644559,-0.009950970290573555,46.10723413011196,-0.008735284186831739,49.128875232559345,48.99928413644559,0.025380290037605738,54.10840371737833,0.30149250475654527,68.22227690514711
2023-02-17,KCEL,1773.95,11370.0,1.021433782642219,-0.06305316082201716,0.597023434629457,0.0,0.005586970931161131,0.12771587329271247,51.91480120162976,-0.0037922740905977723,48.875930801751316,-0.0002692717064465399,50.784507707637914,51.91480120162976,0.02656317945961325,54.24327192044047,0.36039338447246005,71.42498873382647
2023-02-20,KCEL,1765.0,5170.0,-0.0024195994431909936,-0.8094232820645121,-0.28755362749973884,0.0,0.011332901659247267,0.18960982334744028,52.84108374151769,0.0010885977337110279,51.07592061600842,-0.0019626972885471456,50.45335903434683,52.84108374151769,0.021721280183461478,53.69084581666759,0.3906672366113585,72.99357049575922
2023-02-21,KCEL,1771.0,5650.0,0.29755458084509534,-0.6838105942592795,0.9999998333333611,0.0,0.021799885500972456,0.3023579586419927,54.52297143165392,-0.0033892857142857145,49.057524168133135,-0.004287411380889642,49.998703245866075,54.52297143165392,0.01702164502164505,53.15378186774852,0.4544890316205533,76.11716940105973
2023-02-22,KCEL,1770.0,5320.0,0.18104733519737112,-0.7439927000815908,0.9145663855375319,0.0,0.025346058649448482,0.340556585483131,55.090648876863504,-0.003438888888888889,49.035170700880734,0.0007622074253430446,50.98618115099753,55.090648876863504,0.03045527306967985,54.68658322400457,0.4678249596448749,76.73760250216051
2023-02-23,KCEL,1765.0,10190.0,-0.25734271280587534,0.018821732084823774,-0.9999998322147933,0.0,0.023852847475156206,0.3244720306535618,54.85176600798307,-0.0006357896038490934,50.29871228444477,0.002956494221862503,51.41509026287508,54.85176600798307,0.028928518593461953,54.51276981049721,0.48524677368586705,77.53106275669899
2023-02-24,KCEL,1773.0,5640.0,-0.020661777525424318,-0.5303145150839415,0.29964980992247103,0.0,0.03263439489162842,0.4190650013870244,56.25306562875757,0.004978094029489968,52.82649358566862,-0.004294271211022481,49.99736159842879,56.25306562875757,0.023597260494722418,53.904996827933715,0.44626926113931187,75.72914340348662
2023-02-27,KCEL,1772.79,5150.0,-0.2994438655463452,-0.48326409552362687,0.042140465408656486,0.0,0.045162159874977764,0.5540114351104015,58.23448877137487,-0.004986570838433498,48.3379531409165,-0.00414738238139019,50.02609015323009,58.23448877137487,0.01646207853963849,53.08978468058315,0.46565946877117836,76.6376249547645
2023-02-28,KCEL,1771.0,500290.0,-0.40363694435253067,4.092925214103174,0.5412370436550267,0.0,0.046132251082251025,0.564461052339167,58.38690251085333,0.0037553328314197617,52.276701893939006,-0.005144394253089962,49.831094945592206,58.38690251085333,0.029708548215069956,54.601586318397175,0.5328161678900808,79.5985718093035
2023-03-01,KCEL,1770.0,190.0,-0.1849220909961036,-3.257299363118523,0.430215765436579,0.0,0.04506845574387952,0.5530020740365259,58.219758270414246,-0.0005985539413505517,50.31549785643963,-0.002512261232176476,50.34588207639473,58.219758270414246,0.02986353914447131,54.61923058060899,0.567470164110842,81.01344491692673
2023-03-02,KCEL,1770.0,5680.0,-0.20387736113264263,-0.38530839269937245,0.434720198370138,0.0,0.0432863196125908,0.5338052807021499,57.9393260912399,0.024893825665859563,61.59300653718683,0.013916552327145547,53.55304069931325,57.9393260912399,0.02679570890503094,54.26977672466358,0.5788673728813558,81.46204471730425
2023-03-03,KCEL,1788.0,3330.0,0.8225917779254935,-0.9192831166902258,0.999999956521741,0.0,0.03342881644827953,0.4276223423082124,56.37937731696703,-0.006056154788537364,47.856476160589324,0.004181615532118887,51.65447359641906,56.37937731696703,0.014926930861830258,52.9141594549259,0.5844429929689996,81.67850316837595
2023-03-06,KCEL,1770.13,240.0,-0.1599052893776871,-3.257299363118523,-0.9868780214938075,0.0,0.045173416381668274,0.5541326878187727,58.236258220846615,0.011101537630318374,55.56684456608433,0.028491603889912426,56.37475063822423,58.236258220846615,0.026295967967198824,54.21281092721488,0.5541990514417422,80.48067075181024
2023-03-07,KCEL,1783.8,525470.0,0.6164597100168562,4.244729898915294,0.9894179370678196,0.0,0.03812981315970723,0.4782604842270343,57.12508197115137,-0.009757349879070358,46.19400275427725,0.023475225441673506,55.407297680934654,57.12508197115137,0.017888855252831064,53.25294346259363,0.5798787552256017,81.5014550604717
2023-03-09,KCEL,1775.0,1200.0,-0.1381243665498104,-1.8371962926637155,0.004514672431460613,0.0,0.04002829197406667,0.4987104963271733,57.425336799234806,0.005868846411804159,53.22658010328597,0.02416623071763912,55.540824705523306,57.425336799234806,0.022733635144198537,53.8064277977083,0.5525649452269171,80.41429189121065
2023-03-10,KCEL,1820.0,9540.0,2.4033224319668793,0.38138344680452463,-0.11999999904000001,0.0,0.013123382173382176,0.20889650060829573,53.12935184534363,-0.014127564102564107,44.242146648531765,0.011595665445665471,53.101134025467,53.12935184534363,-0.003390323565323594,50.81426493054783,0.5108632478632478,78.66246814751973
2023-03-13,KCEL,1783.05,680.0,0.29392479864682997,-2.2596936807141064,0.029209621156654025,0.0,0.042061431756180254,0.5206110478798254,57.74628229968815,-0.0014935474060631543,49.91203021705921,0.04511026995610781,59.54149556273109,57.74628229968815,0.018073327771702077,53.2740337790861,0.564759436712909,80.90553386300961
2023-03-14,KCEL,1795.48,920.0,1.0002731157829066,-1.817636532712267,0.7392330165417954,0.0,0.022767886988525967,0.3127850658520887,54.67805378953978,-0.0017667136895081613,49.78888531498196,0.03761019980154746,58.1204995632073,54.67805378953978,0.01131036778952154,52.50013683111815,0.5722825007222723,81.20386718293906
2023-03-15,KCEL,1772.04,5220.0,-0.3121635024362847,-0.07827198553438358,-0.8367999665280043,0.0,0.04095482204529408,0.5086908822153015,57.57167543234426,0.00467475140301038,52.690159988478015,0.0497835443626448,60.419052564622575,57.57167543234426,0.025222417181811466,54.09039910419766,0.6088180225965018,82.60178224625298
2023-03-16,KCEL,1791.0,9820.0,0.7560341071369401,0.583311519951095,-0.7142856122449125,0.0,0.016052004067958824,0.2404429960065243,53.600402620686324,-0.004907581558586584,48.37352377993426,0.03669230677195502,57.94561181244822,53.600402620686324,0.006675406795884187,51.96903329969843,0.5879444843263939,81.81343401730823
2023-03-17,KCEL,1800.01,290.0,1.2555731058978326,-2.9387968490265504,-0.15125795237169007,0.0,0.03554889773980974,0.4504594094048497,56.716057431702936,-0.00551784461206253,48.098754220252395,0.03220331528801913,57.08751859844043,56.716057431702936,0.0017346813152625123,51.40240578662235,0.5766395605694608,81.3750052845069
2023-03-20,KCEL,1786.0,3140.0,0.4668846205835362,-0.5178004101313429,-0.9999999677106888,0.0,0.0560658574628059,0.6714637584762418,59.93789949760509,0.0016023036314189837,51.30737236620422,0.04144885751613077,58.849629450907635,59.93789949760509,0.028087224710712955,54.41694539247901,0.6131581178122611,82.76226913373263
2023-03-24,KCEL,1798.0,6390.0,1.138370891974609,0.20703565831939924,-0.19651823915238276,0.0,0.04658587584088143,0.5693474022592974,58.458117958576274,-0.007762086621819659,47.08940490663637,0.03548317398520402,57.71492954967318,58.458117958576274,0.015282750675353549,52.95487282986908,0.5725025350036196,81.21253866336215
2023-03-27,KCEL,1786.0,4370.0,0.4533723111698029,-0.1872651955911705,-0.9999999392835495,0.0,0.04386069606640716,0.5399923423336713,58.02976532642734,-0.0010798463356973941,50.098530538371676,0.03922155121847176,58.42701760484622,58.02976532642734,0.022488517392772703,53.77844606765066,0.5820106742921133,81.58431692014241
2023-03-28,KCEL,1788.0,6490.0,0.5620454983750953,0.22449055015668917,-0.49906070763552324,0.0,0.042701725790987535,0.5275081597466617,57.84722331318773,-0.0042374640460211485,48.67535537202333,0.037358106956429105,58.072488004693646,57.84722331318773,0.021151376904229233,53.62576162957888,0.57514996537765,81.31663200546845
2023-03-29,KCEL,1795.95,3230.0,1.0036475660711983,-0.47328125944674343,0.4357864043444322,0.0,0.04860574666014403,0.5911050233516217,58.774788908872154,-0.006664622185631972,47.58274429280965,0.04020950153718881,58.61462938680215,58.774788908872154,0.016519244689440105,53.09632319873595,0.5414360293795961,79.95768463732821
2023-03-30,KCEL,1794.73,300.0,0.9251461826007594,-2.764049135273769,0.7868851652781667,0.0,0.02746401003060196,0.3633707096358456,55.429072302598904,0.010174909580952124,55.153915151647034,0.029007580697684575,56.473999479335255,55.429072302598904,0.0160735924530895,53.04534783598188,0.5237817431684245,79.21707518183473
2023-03-31,KCEL,1790.0,420.0,0.6573595273646524,-2.2154579125340232,0.0,0.0,0.0360469362419083,0.45582417477237225,56.7950598850091,0.013444697171233484,56.60746754619711,0.03616614126097368,57.84527027803977,56.7950598850091,0.017743273920368896,53.236298664415514,0.5317513922142413,79.5538816404842
2023-04-03,KCEL,1789.99,505070.0,0.6550615609811998,4.416687747781348,0.0178571405794593,0.0,0.03152070657794748,0.4070685865109157,56.075854829224795,0.027292349677931156,62.61089387353023,0.022525871870171812,55.22372154019879,56.075854829224795,0.01770550951025087,53.23198081592769,0.5279420773167394,79.39340390751511
2023-04-04,KCEL,1786.36,3500.0,-0.04095723373851318,0.06491849978430383,-0.8195486667798333,0.0,0.03532301290520019,0.4480262257601001,56.68021466780171,0.03233420555127272,64.71366592920288,0.049538412545579134,60.37318227652947,56.68021466780171,0.02207289393488654,53.73099460971348,0.5286997389388443,79.42539660227597
2023-04-05,KCEL,1789.98,330.0,0.16157140465779768,-2.3366902132424783,0.9999997487437817,0.0,0.034324451443724535,0.4372699329769226,56.52168249364482,0.025858088863988313,62.00349907046794,0.05964148339779263,62.2477509411318,56.52168249364482,0.02161537028346685,53.678751621666734,0.5254482518426649,79.28784064025238
2023-04-06,KCEL,1819.0,6540.0,1.780315240389801,0.6900854610359722,0.9999999800000005,0.0,0.014318450090316508,0.22176951935201078,53.32164331197522,0.022571599387418543,60.59771711751021,0.040254233531418826,58.62311812366522,53.32164331197522,0.003021231358587055,51.5499945101246,0.4998317115631298,78.18039423614324
2023-04-07,KCEL,1820.0,84720.0,1.825565661863398,3.225908140398059,-0.6316080193109591,0.0,0.010574358974358954,0.1814389620414784,52.71889976753544,0.03404246031746026,65.4138472120759,0.029954914529914535,56.65608486076794,52.71889976753544,0.002451282051282054,51.48461501193565,0.5176855006105007,78.9566903749632
2023-04-10,KCEL,1844.75,270.0,3.074708668764891,-2.6790411076954688,0.7208671891363864,0.0,0.007920827928677907,0.15285568706267322,52.291229503272184,0.01997556396638245,59.47460803799957,0.015968508497946766,53.95210013276027,52.291229503272184,-0.013734720151782065,49.62663308966736,0.4780501093299949,77.20564631153066
2023-04-11,KCEL,1849.99,600.0,3.0914786862421115,-1.7242089127959142,0.41947260812428955,0.0,0.004405558309753203,0.11498994650316292,51.72416530881503,0.015436823708270627,57.487670617852196,0.023340602752721866,55.3812745977163,51.72416530881503,-0.015007021136193184,49.48056327779644,0.49566030000634054,77.99607159487962
2023-04-12,KCEL,1842.09,310.0,2.646272149782682,-2.384515500182132,-0.3372585883829855,0.0,-0.0010127159458368437,0.056625442643227,50.849299944321466,0.018041923252806322,58.63150430811432,0.006473375518853009,52.102061114302266,50.849299944321466,-0.010079025280291046,50.046361415999776,0.48551110754373483,77.54295227131051
2023-04-13,KCEL,1865.95,2580.0,3.9963404280498134,-0.21066052450416606,0.7615610595680002,0.0,-0.015067146442703126,-0.09476590897343742,48.57889421528885,0.005742992250000719,53.1700759559947,-0.0010222300164561809,50.63727379230275,48.57889421528885,-0.028650011909334264,47.91530895361155,0.4712743900187868,76.89624105423734
2023-04-14,KCEL,1887.86,230.0,5.199944343619833,-2.627998275873318,0.9204070339740661,0.0,-0.014695902494955601,-0.09076694771765866,48.63883219270342,-0.004973294171665541,48.343931804078174,-0.01708429242718596,47.49797731460962,48.63883219270342,-0.03513412095142912,47.17263427389634,0.4418565758045685,75.51907714299395
2023-04-17,KCEL,1887.61,2980.0,5.184137627933856,-0.06652829322945338,0.8920239748494979,0.0,-0.018839305399882853,-0.13539880713090305,47.970134166237706,-0.0038076837843066835,48.86898749197088,-0.01537677030153941,47.83120512861891,47.970134166237706,-0.03924851407167015,46.70200870838791,0.44608590564216477,75.72043918708316
2023-04-18,KCEL,1884.65,2250.0,4.983190386145523,-0.30748092579464564,0.9819958595165722,0.0,-0.017729180716052333,-0.12344077892153535,48.149234277108846,-0.0053498185950066985,48.17439678910041,-0.01271902302604296,48.350245425728595,48.149234277108846,-0.03128908861230185,47.61290540162925,0.41678637206436786,74.30244841337141
2023-04-19,KCEL,1881.49,400.0,4.784843927993005,-1.9386738144594549,0.8350584028361119,0.0,-0.022882907746115115,-0.17895563604210743,47.31824147355833,-0.004287957294400331,48.652608768154856,-0.01409114365370843,48.08222789480434,47.31824147355833,-0.03167514765399966,47.56868224325318,0.4373349381235929,75.3025531497574
2023-04-20,KCEL,1883.0,560.0,4.86589291579581,-1.6022242116720098,0.9999999629492418,0.0,-0.012223238626305529,-0.06413193570119227,49.03813964276675,0.002108992742078249,51.5356078157201,-0.017911593497374187,47.33660540598968,49.03813964276675,-0.030372515784504582,47.717913912973344,0.4616422316634212,76.45136516485967
2023-04-21,KCEL,1884.97,310.0,4.968276845766515,-2.0527934877815044,0.3164845100982595,0.0,-0.01369302769628522,-0.0799641925788537,48.8007671491264,-0.010250167524033755,45.9731991048437,-0.007969479731941353,49.27861337902538,48.8007671491264,-0.03135384774765057,47.60548696352541,0.4399120232598539,75.42611741892998
2023-04-24,KCEL,1887.0,5810.0,5.08007773217785,1.4053921940207956,0.9999999696969707,0.0,-0.017644518888636534,-0.12252881962971826,48.16289506189747,-0.00711834733893556,47.378720059001694,-0.009591303278067974,48.961515994506414,48.16289506189747,-0.0345159165467989,47.24339320727671,0.44710277714689484,75.76868517839925
2023-04-25,KCEL,1881.16,230.0,4.7016026353174,-1.8237335067057998,0.3182701574764323,0.0,-0.015582657121053629,-0.10031888092670924,48.495670940194806,-0.01696806572742863,42.982591725153995,-0.016026323701991425,47.70441856556914,48.495670940194806,-0.03137346958664819,47.603239218129836,0.5024651428348669,78.2961834873384
2023-04-26,KCEL,1880.0,3300.0,4.629926358922981,1.7386055454892388,0.27397595599764835,0.0,-0.014300295508274233,-0.08650555296131886,48.70270792980147,0.007337107396149949,53.88512924672876,-0.01638549476528197,47.6343244305122,48.70270792980147,-0.030731231003039504,47.676814723289695,0.48173530901722394,77.37269604954706
2023-04-27,KCEL,1893.49,2230.0,5.3545066423083325,1.346689170030252,0.9855558167254125,0.0,-0.021688569207511086,-0.16609047400744145,47.5107026450966,0.011708708796899461,55.83700298932052,-0.011478869121493726,48.59256789012368,47.5107026450966,-0.03791904706577348,46.85401991433446,0.4649891571178676,76.60661717392631
2023-04-28,KCEL,1872.11,310.0,4.14487259036259,-1.518234093005428,-0.20505395617126174,0.0,-0.010660228932331874,-0.047295525985879994,49.29061471358431,0.02110537612979438,59.96468693550653,-0.004340089865920669,49.98840037367222,49.29061471358431,-0.02700160713321259,48.10427346459949,0.4793410410272154,77.26426285188566
2023-05-02,KCEL,1879.97,2220.0,4.579664935543571,0.45036968835208074,-0.08647856199196124,0.0,-0.01466068770221009,-0.09038762142109813,48.644517887897294,0.007434820388471234,53.92891026274606,-0.00904633503734568,49.06805960815175,48.644517887897294,-0.030717003234854066,47.67844478622664,0.4742088087820719,77.03059739952194
2023-05-03,KCEL,1855.54,940.0,1.314138068772288,-0.4054629861336057,-0.9134588110857336,0.0,-0.0014461491764430241,0.05195659159076508,50.77928576472033,0.020773775147986718,59.82105017520827,-0.0027871543619441743,50.29212059707346,50.77928576472033,-0.017423447074235508,49.20316570451185,0.5011992908965361,78.24058079399492
2023-05-04,KCEL,1900.0,1240.0,3.6544625203889702,0.476473261154961,0.9999999776336396,0.0,-0.02471157059314954,-0.19865360531417767,47.023718698679986,0.006828968253968254,53.6573586770855,-0.015140601503759388,47.87731001558224,47.023718698679986,-0.04140119047619047,46.456002787149124,0.4548241228070177,76.1328972001973
2023-05-05,KCEL,1921.86,140.0,4.799919560102652,-2.05225381413642,0.6776668964824634,0.0,-0.03602733809954934,-0.3205446586553835,45.2065965240811,-0.025099383372655285,39.432010772540345,-0.026967901816841104,45.57445821125054,45.2065965240811,-0.051773114029414896,45.273334526161236,0.42553306413727177,74.73136962011611
2023-05-10,KCEL,1917.7,190.0,4.51723855577991,-1.3993443154779563,0.6349413160595165,0.0,-0.04066222934881487,-0.37047072652266655,44.46570756901001,-0.017588719249497817,42.7085244049388,-0.027715388825569013,45.42944774644187,44.46570756901001,-0.0454875046455286,45.989506260679775,0.42894503437484227,74.89739573328553
2023-05-11,KCEL,1899.99,3300.0,0.9709871470218435,1.7386477183159152,-0.07360197217101079,0.0,-0.031243524984717996,-0.26901443596174085,45.97352140586059,-0.012695831369037333,44.87993935351957,-0.019629938879377508,47.001609536977426,45.97352140586059,-0.027770520822290094,48.01612213835567,0.4442459940578633,75.63297790133392
2023-05-12,KCEL,1900.0,340.0,0.8465161948517805,-0.8174424228565784,0.915038193923611,0.0,-0.01417136591478697,-0.0851167506597403,48.72352616431931,-0.011164598997493745,45.56391914924557,-0.019040538847117792,47.116485689145705,48.72352616431931,-0.02577957393483709,48.24439628036572,0.44880313283208007,75.84921363263463
2023-05-15,KCEL,1919.0,170.0,1.8082001082840522,-1.4842679755559178,0.5644444344098768,0.0,-0.029455607872817383,-0.2497553711273778,46.26066435534927,-0.019975312249270055,41.65896046894657,-0.0291460025889807,45.152130672170735,46.26066435534927,-0.028067943373284693,47.9820277157282,0.43329428563157074,75.10797584690856
2023-05-16,KCEL,1879.7,318100.0,-0.31069764343388406,4.416687747781348,-0.781344480545602,0.0,-0.008687705907139884,-0.026047925313238643,49.60928907312447,-0.0025422917030833384,49.43926931993444,-0.00896135684434617,49.084673994635125,49.60928907312447,-0.0038284608486157112,50.76397193311367,0.47674280744732145,77.14617800320288
2023-05-17,KCEL,1890.02,254400.0,0.5165524972344013,4.416687747781348,0.12080536237105587,0.0,-0.014376245233316601,-0.08732366732971265,48.69044455377049,-0.011083250861710888,45.60030538685707,-0.0142701005011621,48.047279900563,48.69044455377049,-0.008511197891078001,50.226372846093206,0.4626500743672318,76.49819032733024
2023-05-18,KCEL,1881.85,6870.0,-0.13672748384674666,1.8409632766224069,-0.8277392856022179,0.0,-0.00997587046013058,-0.03992376132277463,49.40117221415347,0.004156498122625918,52.45714571129514,-0.00997546088765229,48.88641715643352,49.40117221415347,0.005083472992424343,51.78651051433836,0.4845336792969263,77.49896607781857
2023-05-19,KCEL,1884.77,500.0,0.020618697589318568,-0.7792922220085421,0.3095558338118463,0.0,-0.012676901539331417,-0.0690186966123979,48.96486747469901,0.0019845669140211904,51.4795664212132,-0.010983855770873806,48.68931117674937,48.96486747469901,0.0063447459527502525,51.93112562337036,0.4822469642121295,77.3958207176141
2023-05-22,KCEL,1886.78,53640.0,0.12732120766740157,4.2699375884075,0.9898647812614297,0.0,-0.014830034414893792,-0.09221178837903647,48.617175901495976,-0.008647181794733168,46.69194040778377,-0.012024085596742696,48.48602535207044,48.617175901495976,0.00864471085953613,52.19475014611407,0.4903776115039027,77.76104458618714
2023-05-23,KCEL,1880.99,620.0,-0.19044511866204356,-0.564190728372806,0.012964562405816941,0.0,-0.011769523565224899,-0.05924461306217466,49.11142436708991,-0.006581101681763809,47.62030952175248,-0.015805747207840656,47.74746973616225,49.11142436708991,0.009733429040279955,52.31949850900634,0.4921451250574145,77.8398803330405
2023-05-24,KCEL,1875.29,11160.0,-0.49279180402908723,2.326131155670016,-0.9758030464829798,0.0,-0.006570370493808042,-0.003240436235569597,49.95139347177813,0.008604571411473564,54.452536193259796,-0.012418662586535826,48.408928296083126,49.95139347177813,0.013471303543147253,52.74756484277084,0.48884064982922854,77.69232944677803
2023-05-25,KCEL,1896.0,8270.0,0.614450233177287,1.5644978853783433,0.9108279840387616,0.0,-0.01601476290938316,-0.10497343305183293,48.42591883374341,-0.0066671187462326465,47.581621450302926,-0.006171192485432991,49.63027956475375,48.42591883374341,0.0009060427968655832,51.30733403087475,0.46052414104882455,76.39934230814272
2023-05-26,KCEL,1894.98,1230.0,0.5538715332167763,-0.34109938919732746,0.6649999722916693,0.0,-0.017004863777931575,-0.11563859011812597,48.26611667180949,-0.00657792835104681,47.62173685212734,-0.010955643884167175,48.69482508959136,48.26611667180949,0.0004329141556463148,51.25304651944313,0.45524173981733174,76.15248846640661
2023-05-29,KCEL,1877.01,2840.0,-0.4007511976367558,0.49567508476960986,-0.9988371512303992,0.0,-0.007344653883417925,-0.01158085308230765,49.8262879026928,-0.0038804403013303164,48.83620540732748,-0.0012133046770687172,50.59990908005295,49.8262879026928,0.00619848101882399,51.91435678219541,0.460033424911352,76.37648505619086
2023-05-30,KCEL,1875.19,4890.0,-0.496820579686236,1.0390584057874288,-0.9799999484210495,0.0,-0.008452186421828845,-0.023510959249672454,49.64734145935663,0.00859830340790015,54.44973290878477,-0.00032956799425282526,50.77271780304425,49.64734145935663,0.009038726344513498,52.23990078135024,0.4693756334448056,76.80901142772126
2023-05-31,KCEL,1898.0,120.0,0.7187772899622714,-2.668124649897993,0.8888888395061756,0.0,-0.018956969742586177,-0.13666626253458622,47.95115396328629,-0.003975756853496608,48.79325991079945,-0.012400624299596902,48.41245266464843,47.95115396328629,0.0014680545101777992,51.37181610515593,0.42685323314432905,74.79569500902478
2023-06-01,KCEL,1889.95,130.0,0.2911657354965975,-2.5881035222741335,0.20479785851630578,0.0,-0.014157928245771195,-0.08497200293230096,48.725695967535934,-0.0026142710166599933,49.406824654243465,-0.009230178603448413,49.032116412914746,48.725695967535934,0.008545907204650136,52.18342756947033,0.45010234764126184,75.91062108927767
2023-06-02,KCEL,1889.0,1970.0,0.23990380327585065,0.46695246620838343,0.15463916888085902,0.0,-0.018971809851521335,-0.136826117048103,47.94876017648437,-0.003210747897182461,49.137984558886,-0.009822907055887469,48.91623926935089,47.94876017648437,0.0016318302704882923,51.390605968355,0.44943357911719484,75.87902502828712
2023-06-05,KCEL,1876.03,110.0,-0.4511965362222924,-2.680114991947422,-0.92215084582059,0.0,-0.006760717234359033,-0.0052908110504200755,49.920637900890426,0.004312052204719048,52.527096810441364,-0.0029490033559553853,50.26046709452827,49.920637900890426,0.01626479015252491,53.067218525545016,0.4616810186895004,76.4531684343975
2023-06-06,KCEL,1897.48,130.0,0.6886229611509175,-2.5099880927420677,0.870260353117383,0.0,-0.022465421933050057,-0.1744585671971767,47.385508279973074,-0.007335736654563741,47.28099832008581,-0.01232282782912408,48.427652926814105,47.385508279973074,0.0021522113372757154,51.45030624158646,0.4187461923767898,74.39896701968408
2023-06-07,KCEL,1896.56,340.0,0.6400865523932578,-1.5487358214513183,0.8961863932104638,0.0,-0.01569955819759882,-0.10157811458883208,48.47679974856645,-0.0072526198142534755,47.31835892485905,-0.010290489564732375,48.824836045387755,48.47679974856645,0.007332320388258547,52.04433653090962,0.4285604857181692,74.87871994920825
2023-06-08,KCEL,1891.0,2420.0,0.3452233490455169,0.4137568257334125,0.49184146891181646,0.0,-0.014890216606649711,-0.09286005821502971,48.607459344079786,-0.00415038591322307,48.7145843120499,-0.008950534066967171,49.08679000863717,48.607459344079786,0.010372696691932547,52.39273419530686,0.4179636897417172,74.36045831337357
2023-06-09,KCEL,1888.88,440.0,0.23554336704246934,-1.2909291292931289,0.6130917233727898,0.0,-0.011729547080221564,-0.05881399482411175,49.117881615438804,-0.0030772173045520695,49.19816480028621,-0.007839500774121346,49.30402959143873,49.117881615438804,0.01098511404759546,52.462884216425046,0.42193479275196577,74.55549250339956
2023-06-12,KCEL,1890.0,740.0,0.2952431580941726,-0.7710844499848925,0.9999999285203769,0.0,-0.012323015873015862,-0.06520671509146603,49.0220240185883,-0.0031301587301587304,49.174304603665696,-0.010582539682539669,48.76774991456011,49.0220240185883,0.013501984126984126,52.75107683926063,0.4284178571428572,74.87179077937486
2023-06-13,KCEL,1889.5,1350.0,0.26884992064351576,-0.16989516581899297,0.932614492411422,0.0,-0.01420567274453223,-0.08548629657097276,48.71798660414849,-0.0028779737227871602,49.28796517080088,-0.008735443784993926,49.128844027782684,48.71798660414849,0.01399751309450304,52.80779608418771,0.4581244730696371,76.28742190610468
2023-06-14,KCEL,1888.74,5260.0,0.0005892172462714314,1.405478506087169,0.8951723520570805,0.0,-0.013861776898884962,-0.08178192328459133,48.77351723277048,-0.009358244385145657,46.37292919629733,-0.007840076717811874,49.303916970043545,48.77351723277048,0.00828732753052299,52.15379412305721,0.46627474956849546,76.66606191761298
2023-06-15,KCEL,1889.07,200.0,0.18713959682701323,-1.8640583670422788,0.9970759505061466,0.0,-0.01408631421558651,-0.08420059175154955,48.737259687304615,-0.009244270561957032,46.424043139250294,-0.013357297436859171,48.225557977456035,48.737259687304615,0.012290700015653994,52.61240121107402,0.4564628625461207,76.20971043427919
2023-06-16,KCEL,1888.98,90.0,0.16799615685581037,-2.392783330299944,0.9985443232500506,0.0,-0.014064576448161246,-0.08396643712021297,48.74076977282023,0.007974127117733976,54.17043970618817,-0.008065766924351726,49.25978552703144,48.74076977282023,0.012829057190854823,52.67404092091219,0.44926138369460156,75.87088505708368
2023-06-19,KCEL,1890.0,820.0,0.22163779033703568,-0.1833363208676632,0.999999932432437,0.0,-0.015181746031746032,-0.09600035149914407,48.5603927310376,0.002012169312169288,51.49199886779351,-0.012885052910052909,48.31780930723574,48.5603927310376,0.009578835978835978,52.301786531797745,0.4481357142857143,75.81762660583098
2023-06-20,KCEL,1889.99,60.0,0.280350038839674,-2.564916181180524,0.9986485811723944,0.0,-0.014688199490347522,-0.09068397258185458,48.64007589817609,0.0020911655890175564,51.527578699470965,-0.006568876179071068,49.55250569008726,48.64007589817609,2.8001764853541333e-05,51.20658389342818,0.43476487997500957,75.1789106572954
2023-06-21,KCEL,1877.0,3810.0,-0.41213546753555996,1.5860883782559398,-0.9999999230769291,0.0,-0.007771800661305188,-0.016181987796195528,49.757272089852165,0.008880376487302409,54.575858304110255,-0.001749578439082966,50.495037125265384,49.757272089852165,0.017818728594261396,53.2449257385193,0.45169576472926243,75.98578837966436
2023-06-22,KCEL,1877.55,1090.0,-0.497139844536924,0.334638413444818,-0.9605141891407571,0.0,-0.008102055268327111,-0.019739420546375425,49.7039121528683,0.00862096060468876,54.45986591703964,3.294376790493811e-06,50.8378022209107,49.7039121528683,0.0201632586349232,53.512887233936866,0.44709502039131543,75.76831740207265
2023-06-23,KCEL,1910.0,2280.0,1.3858994560386793,1.0726356197426585,0.9999999692591465,0.0,-0.024289825895454156,-0.19411066066512186,47.09162688027557,-0.009693193717277478,46.2227586678018,-0.01721453087343139,47.47256967710951,47.09162688027557,0.002067300340729661,51.440565178105416,0.45354328928779186,76.07274180191595
2023-06-26,KCEL,1899.8,300.0,0.7600952640945781,-0.9555084614477073,0.9839935580634794,0.0,-0.014755721947339456,-0.09141131020188595,48.629173969549875,-0.005451797850066066,48.12848637355509,-0.01398044004632064,48.10384784182132,48.629173969549875,0.009746975120188114,52.321050477567745,0.4717653551251008,76.91875880140373
2023-06-27,KCEL,1900.0,180.0,0.713721980981358,-1.1871605610342189,0.9999999540018419,0.0,-0.006398078529657524,-0.0013845436519994098,49.979231846414365,-0.005595843776106929,48.06364321101665,-0.014106662489557211,48.079197188908445,49.979231846414365,0.0075170634920634985,52.06551231903733,0.4670132414369256,76.70016162612528
2023-06-29,KCEL,1899.8,1520.0,0.5617974437236852,1.3603167931413445,-0.9999999342105307,0.0,-0.004234145407118854,0.021924886089906077,50.32886854874271,-0.0033805450281315873,49.061463161821614,-0.013983532769531256,48.10324383635969,50.32886854874271,0.009681429624171047,52.31354091664806,0.4746704726228493,77.05168530904496
2023-06-30,KCEL,1900.0,120.0,0.5378641395612233,-1.592623080320855,0.44865608378166455,0.0,0.0035746867167919805,0.10603997350309458,51.59006325588834,-0.001869862155388471,49.742385990023756,-0.014042063492063493,48.09181295496778,51.59006325588834,0.0058945906432748,51.87951527672412,0.474732059314954,77.0544974418225
2023-07-01,KCEL,1897.98,80.0,0.4282202789044355,-1.9980833522234096,-0.18290293530003615,0.0,0.007751632700730912,0.1510331518662669,52.2639482014445,-0.002336504248376354,49.5320304986667,-0.013479253206040116,48.20173628088329,52.2639482014445,0.010060397194209932,52.356957852360544,0.43975780452551305,75.41873478504218
2023-07-03,KCEL,1896.0,220.0,0.3174946415908311,-0.572517078676785,0.5997998699449791,0.0,0.009874522804902544,0.1739004748983773,52.606143151796836,-0.0012355334538878843,50.0283453681438,-0.011883549326903758,48.51348672762305,52.606143151796836,0.01192358850713282,52.57036385651514,0.42050337050431985,74.48530334297725
2023-07-04,KCEL,1895.99,220.0,0.30989699174510693,-0.5725170677794322,0.4725756703564865,0.0,0.018990968388420768,0.2721008978280952,54.072471843352574,-0.003297850166144293,49.09873020409874,-0.011850882957908579,48.519870002078704,54.072471843352574,0.011987995011945425,52.577739208105555,0.4048709348560793,73.71052577798054
2023-07-05,KCEL,1899.99,420.0,0.5206990281471635,0.07410777490149993,0.9990360964319962,0.0,0.01971871382029829,0.2799400176408373,54.18925598344937,-0.003768778877031684,48.88651737370437,-0.013936006655674132,48.11252569552591,54.18925598344937,0.01035537311098629,52.390749708000975,0.37276578857933845,72.07261704030768
2023-07-10,KCEL,1903.0,210.0,0.6751330231888671,-0.7166750443146692,0.9999998571428775,0.0,0.02146181259331548,0.298716308811601,54.46878834032655,-0.004821395624285793,48.41233711238429,-0.014475281510397108,48.007213014718054,54.46878834032655,0.008733957869362492,52.20497736857153,0.3836429797562746,72.63449139364698
2023-07-11,KCEL,1900.0,250.0,0.5141303627905871,-0.36464192742514373,0.9999999476439817,0.0,0.020960171261487054,0.29331273452453027,54.38837060368882,-0.008532602339181287,46.74337135478693,-0.00870678780284043,49.134446882125395,54.38837060368882,0.00281875522138679,51.526768850600114,0.35887437343358386,71.3448584253966
2023-07-12,KCEL,1900.0,250.0,0.5057032060089118,-0.09530983035106172,0.7254004244667986,0.0,0.0214468045112782,0.2985546449273686,54.46638274227129,-0.003303174603174603,49.09633067712909,-0.0002667293233083196,50.78500482513362,54.46638274227129,-0.01479438178780284,49.504975339658834,0.37584118629908103,72.23219524221118
2023-07-13,KCEL,1895.97,160.0,0.28483403011745556,-0.4462849955135328,0.5522221915432146,0.0,0.022561827530423535,0.31056543696833705,54.645048753551215,-0.005426057845249224,48.14007406580821,0.003898199407665918,51.599101677017366,54.645048753551215,-0.029478526602917436,47.82035454062207,0.3792000306288751,72.40583833187571
2023-07-14,KCEL,1898.99,480.0,0.43752701244478426,0.7141986849315118,0.8950158592250337,0.0,0.019812254709834467,0.2809476203111458,54.20426354320671,-0.0007226841992113218,50.25954056310577,0.010143351463689507,52.81808604142299,54.20426354320671,-0.02572685244462029,48.250442157296256,0.425604745628357,74.73486509739001
2023-07-17,KCEL,1899.99,240.0,0.4305849360496305,0.021053352637700622,0.9999999469777334,0.0,0.015064763874697053,0.22980865352914523,53.44167867021689,-0.00334394316361064,49.07795793262454,0.012655550160790282,53.30757488382356,53.44167867021689,-0.016102494486813085,49.35480163207228,0.40623310763665677,73.77863654408986
2023-07-18,KCEL,1890.0,450.0,-0.1078246678102948,0.6079881821993632,0.07834101021470191,0.0,0.02232460317460321,0.3080101064003685,54.60704690626908,0.00402711640211645,52.398956701123346,0.019116798941798928,54.56337078315736,54.60704690626908,-0.01097883597883604,49.94304804608195,0.4304850529100528,74.97209489815202
2023-07-19,KCEL,1900.0,1090.0,0.4232972105196263,1.4724700290339492,0.99999990000001,0.0,0.021867564745196324,0.30308698514091276,54.53381713103729,-0.0012219298245613936,50.034478016540085,0.02274726399331662,55.266544971883725,54.53381713103729,-0.0242029657477026,48.425216449856805,0.4212629490392648,74.52256478805815
2023-07-20,KCEL,1892.0,153730.0,-0.04030282702916109,4.416687747781348,-0.14957478365245702,0.0,0.028903143561864495,0.37887275153667377,55.658743778128496,0.0009128536192489684,50.99672748028282,0.030041382261149694,56.67269580142691,55.658743778128496,-0.012505262760495319,49.76779021373126,0.4111606186449211,74.02406799544103
2023-07-21,KCEL,1903.98,1360.0,0.6298931051244117,1.5984446430703452,0.36987086456611723,0.0,0.014930901960254674,0.2283667213098394,53.42015152671621,-0.005431114560026886,48.13779760694356,0.026851527539554977,56.05894414134131,53.42015152671621,-0.017927197089405208,49.14534250859492,0.4087370038275713,73.90353818528527
2023-07-24,KCEL,1900.0,120.0,0.3958232779121334,-0.8292406889865692,0.4281629429476099,0.0,0.024448350041771094,0.33088665830219705,54.94706152230056,-0.003352297410192133,49.074193041509325,0.02689985380116959,56.06825680000639,54.94706152230056,-0.010501211361737678,49.99788736370348,0.4136923141186298,74.1495863068759
2023-07-25,KCEL,1903.9,280.0,0.5963118473596899,0.11332517798709654,0.9910793491936143,0.0,0.020190456098050973,0.28502152564357186,54.26493380011148,-0.005395649135400483,48.153763783711106,0.025267968068050744,55.75355375090783,54.26493380011148,-0.0034429757173454548,50.8082211690272,0.4078259013453587,73.8581343115554
2023-07-26,KCEL,1903.98,15190.0,0.6125334041678875,4.106899874442459,0.9989258324959283,0.0,0.024840460509038955,0.33511038929122283,55.009789374555254,-0.005969541946969241,47.89545162261163,0.024153624137708517,55.538389372168076,55.009789374555254,-0.013232633571080891,49.68427833315932,0.40804273498020927,73.86894462347144
2023-07-27,KCEL,1900.0,110.0,0.3500053529195846,-0.8209356095759849,0.4302075568928005,0.0,0.02702873851294904,0.3586820569442687,55.359561124947035,-0.0033591269841269844,49.071115261027806,0.025264160401002503,55.75281890598895,55.359561124947035,-0.01575246449456976,49.39498468066857,0.4078149749373433,73.8575894954458
2023-07-28,KCEL,1899.97,280.0,0.3485601753165983,0.11332490329049913,0.9968050587430775,0.0,0.026524904451289983,0.3532548630354095,55.2790746140513,-0.003344527737321849,49.07769449064958,0.021086772999172627,54.94517342122434,55.2790746140513,-0.01573795106497505,49.39665082326314,0.4105725142172253,73.99485395456557
2023-07-31,KCEL,1899.97,190.0,0.3509568202278416,-0.2744257770983648,0.999999946524067,0.0,0.029697134764700952,0.3874254567776264,55.78535409650649,-0.003333019800813912,49.082880627077124,0.022860589726521184,55.28846232099344,55.78535409650649,-0.017303326790205804,49.216954091628025,0.40125622010238915,73.52923350992249
2023-08-01,KCEL,1900.0,210.0,0.3524018100540765,-0.17434670816319287,0.9999999468367917,0.0,0.029936967418546366,0.39000888338004647,55.823583250920336,-0.002303926482873842,49.54671563143887,0.027866374269005848,56.25441847925236,55.823583250920336,-0.018370551378446117,49.09445375285466,0.43032623224728483,74.96439809607631
2023-08-02,KCEL,1899.0,140.0,0.2992740866928795,-0.5797909243148424,0.8181817438016598,0.0,0.02443381290904988,0.33073006738435184,54.944735641613576,0.002438446926954041,51.683974962764665,0.031036199503498077,56.86369705266775,54.944735641613576,-0.0183310953133228,49.09898249447479,0.45764855751147215,76.26518181372577
2023-08-03,KCEL,1900.0,130.0,0.3520285085988174,-0.65389409122027,-0.49999987500003124,0.0,0.02809486215538847,0.3701661152456972,55.52977919472022,0.010381286549707554,55.24594564671873,0.023112865497076023,55.337245402187406,55.52977919472022,-0.01566278195488722,49.405280263006375,0.49643565162907266,78.0304165389956
2023-08-04,KCEL,1900.0,100.0,0.35194313607918004,-0.9162381481002364,0.6799999637333353,0.0,0.028625939849624058,0.37588677180034835,55.614523301950946,0.01241764828738513,56.15200504524257,0.030470572263993315,56.7551233671791,55.614523301950946,-0.014565309106098576,49.53127429423015,0.5360652882205514,79.73449280294957
2023-08-07,KCEL,1900.0,160.0,0.3525877967725777,-0.42606542620643834,0.24999996875000394,0.0,0.025995551378446117,0.34755278373748727,55.19448168353559,0.020297702589807853,59.61453933889873,0.028354406850459472,56.34835197069127,55.19448168353559,-0.01506752297410192,49.47361740862956,0.5077918546365914,78.52903367306924
2023-08-08,KCEL,1901.98,1180.0,0.45745810210576543,1.5719832214298959,0.9982948850558512,0.0,0.015441699723279169,0.23386892673639792,53.50228908915123,0.022280884406675906,60.4724783314994,0.03196767274020373,57.04235171089624,53.50228908915123,-0.01666849716510961,49.289826948805334,0.5083184377575115,78.55195369060506
2023-08-09,KCEL,1909.99,9300.0,0.8779341838448718,3.636476526915129,0.9993299497711915,0.0,0.021535368302019724,0.2995086353425366,54.48057805070873,0.01899841985169538,59.049220016566714,0.027584319295862678,56.20010978072815,54.48057805070873,-0.020882801902395075,48.80613305863482,0.5475996117926155,80.21154850315858
2023-08-10,KCEL,1926.1,3530.0,1.6843790927362383,2.6083385808284074,0.9999999379267573,0.0,0.015459862020713012,0.2340645671614999,53.50520928513248,0.019397726263203182,59.22322084016089,0.0183669811849424,54.41790425330879,53.50520928513248,-0.025742172994528738,48.248685256312434,0.5335631829430802,79.62988172120923
2023-08-11,KCEL,1930.0,480.0,1.8581840942237855,0.5389824929209887,-0.02123456737692741,0.0,0.01337796282589029,0.2116387895318668,53.170322931543446,0.020201365243852278,59.57270838342386,0.01941685171477918,54.62156010013056,53.170322931543446,-0.030841415823669706,47.66419111275164,0.5313949913644216,79.53890674547965
2023-08-14,KCEL,1945.0,1820.0,2.6455450856999136,1.871773730063233,0.7947451808368005,0.0,0.0074607183661810905,0.14789948420737598,52.217037572503855,0.015632263230913615,57.57377800451818,0.011705280124046192,53.122489455018986,52.217037572503855,-0.03863088403313335,46.77262106025945,0.5124274044150652,78.73018917539763
2023-08-15,KCEL,1950.82,890.0,2.9269377862658126,0.8913087683060097,0.9999998281787237,0.0,0.0023409345691506878,0.09275025641117654,51.39089490489901,0.010527840795641036,55.31127738057462,0.0027534705308293154,51.375413756191136,51.39089490489901,-0.03721732566915688,46.93427844078464,0.5135242307142149,78.77758323372265
2023-08-16,KCEL,1952.77,310.0,3.0150322901543123,-0.20359330162118874,-0.7299950549830622,0.0,0.0033022943680085237,0.10310582075591922,51.54609425574647,0.010022280802012552,55.08583005084289,0.0058374273244412925,51.97788929925948,51.54609425574647,-0.040417915271517835,46.56834992552233,0.5148227071865598,78.83359083508658
2023-08-17,KCEL,1970.0,270.0,3.920228228428299,-0.08855042333593224,0.5292035164069278,0.0,-0.009218235839174976,-0.03176268148936389,49.523574197093744,0.0001338550479413423,50.64564338067895,-0.00256812706470067,50.334956328225275,49.523574197093744,-0.04962515107565868,45.51786489861107,0.51589078438482,78.87957944627809
2023-08-18,KCEL,1975.52,1540.0,3.3246164546641968,1.7047428252130064,0.9999998188406125,0.0,-0.009131529251370141,-0.030828696471275126,49.53758273741496,-0.003685840882882665,48.923888715484416,-0.007910056906053899,49.29023293098489,49.53758273741496,-0.054840980265111625,44.92447779779587,0.4828523359571954,77.42315936586218
2023-08-21,KCEL,1982.0,310.0,3.50106676154975,0.10178206821932682,0.8882768773975652,0.0,-0.011718326846379312,-0.05869313283918733,49.11969398209115,-0.010961139942017866,45.65493323018671,-0.02026322057245367,46.8782161222628,49.11969398209115,-0.05949918552688482,44.39574293692562,0.4958515564685343,78.00454706318713
2023-08-22,KCEL,1978.0,180.0,3.258755940659188,-0.4940145616964197,0.22267869986206412,0.0,-0.009629247115091404,-0.03619000799003938,49.45717120853945,-0.007235034586804019,47.32626378313862,-0.00815913139775624,49.241529379538775,49.45717120853945,-0.06551177756913348,43.71516556182935,0.4968115103439421,78.04705169526353
2023-08-23,KCEL,1979.0,2060.0,3.2894244793513763,1.9434806310835606,0.11870726421956664,0.0,-0.009579849932224868,-0.035657911987864985,49.46515172160036,-0.002903424448775636,49.276494095943704,-0.006098441974060972,49.64450738109104,49.46515172160036,-0.05328884497541648,45.100915778817644,0.4897202224548234,77.73167226617821
2023-08-24,KCEL,1977.0,640.0,2.4654265178417516,0.7744907012302562,0.8704065912066401,0.0,-0.008495475949610998,-0.023977264883561257,49.64034722975612,0.000639392297131296,50.87349159009411,-0.005070295902883156,49.84558696944445,49.64034722975612,-0.05328621347881596,45.10121501841159,0.48885218645374184,77.69284579445896
2023-08-25,KCEL,1975.0,2009.9999999999998,2.286491626743554,1.8693144678243734,0.8064892013505104,0.0,-0.014724512758689978,-0.0910751314251253,48.634212874706705,-0.005430475185854933,48.138085443396186,-0.0020219107896323075,50.44177896973575,48.634212874706705,-0.0547058368495077,44.93983512882829,0.486999095840868,77.60979732212412
2023-08-28,KCEL,1967.05,1220.0,1.6732605501289102,1.127718194344625,0.4969896970870114,0.0,-0.02763510307514715,-0.23014527863694417,46.55329591237011,0.005717800293566694,53.15876466130837,3.607896443108896e-05,50.84421242538071,46.55329591237011,-0.054163494484327696,45.001475118288724,0.4801645665614814,77.30160055131705
2023-08-29,KCEL,1970.43,270.0,1.7564229558454565,-0.7295122853220588,-0.4271626881594388,0.0,-0.04552911268098844,-0.42289576402117346,43.69037980086602,0.001962159824674437,51.46947386843118,0.0002642664714470333,50.888827992982364,43.69037980086602,-0.049580354964821605,45.52296696189363,0.4854551129279734,77.54043405373642
2023-08-31,KCEL,1980.0,250.0,2.2171583466585196,-0.8064729275210853,0.9999999771533019,0.0,-0.04505667388167386,-0.41780675323554706,43.765513778438,0.001633152958152963,51.321269938593986,-0.008181926406926459,49.23707215739188,43.765513778438,-0.05892813852813851,44.46049451210252,0.48032279942279943,77.30876968434013
2023-09-01,KCEL,1985.0,120.0,2.4434034436406087,-1.5404363163035877,0.8335372806892842,0.0,-0.0377680160729279,-0.3392948734846429,44.928081342664065,-0.0008850765663108232,50.186333944244474,-0.007811916756627129,49.309423443888285,44.928081342664065,-0.058463073247770975,44.51324262953501,0.48206355403622403,77.3875332714279
2023-09-04,KCEL,1971.0,360.0,1.7000427707201866,-0.4418314308544841,-0.38476753784532264,0.0,-0.03107859679640507,-0.2672378644134345,45.999998296649636,0.005742737551641661,53.16996159698555,5.3691019786916705e-05,50.84765600996618,45.999998296649636,-0.05121087374066825,45.3373200495748,0.4906699518011163,77.77409754034699
2023-09-05,KCEL,1985.0,340.0,2.3916483069347736,-0.4989896120272893,0.5723269540366671,0.0,-0.04550813741953542,-0.42266982294283556,43.693714975505905,0.001670323057854544,51.33801473753907,-0.007057420734876654,49.456965417166316,43.693714975505905,-0.0598860371436568,44.351888255754204,0.47926523029866847,77.26082350288375
2023-09-06,KCEL,1981.02,110.0,2.1436502204349046,-1.6274465267758456,-0.8070677357146407,0.0,-0.036474530244400304,-0.32536171782092127,45.135014684650116,0.003951826199682616,52.3650921678697,-0.0044718548188980006,49.962629755152435,45.135014684650116,-0.05829026732741337,44.53284558756715,0.495776614572291,78.001226316598
2023-09-07,KCEL,1989.99,580.0,2.507025790515375,0.322772538078139,0.9977727173972496,0.0,-0.03987454662370881,-0.36198597486905154,44.591454754736766,-0.006357287599435178,47.72098810903452,-0.008963341183336887,49.08428602719444,44.591454754736766,-0.06317402682569116,43.979513680894016,0.48307639914558076,77.43327214072642
2023-09-08,KCEL,1990.0,440.0,1.540692484674906,0.04651992207447496,0.9999990000010001,0.0,-0.034824583233628456,-0.3075888377236224,45.39921854854319,-0.00234060979500678,49.530179840356844,-0.016172154422908196,47.67595782211451,45.39921854854319,-0.06309282723139507,43.988701796024266,0.48316876246310925,77.43743989397667
2023-09-11,KCEL,1989.0,570.0,1.0095923742696706,0.3541712843354484,0.8902890700411747,0.0,-0.025542652445593596,-0.20760584318490755,46.889932647141876,-0.0013369550384256267,49.98262351713816,-0.032471626086331966,44.508666690659624,46.889932647141876,-0.06026663434604611,44.30875118214373,0.472116336278101,76.93484687090384
2023-09-12,KCEL,1995.0,350.0,1.2060038213581854,-0.1335311374464396,0.7765956069865597,0.0,-0.037838742690058436,-0.34005672563973754,44.91677141169701,-0.006858375104427736,47.495610154532855,-0.05143446115288221,40.88084949009816,44.91677141169701,-0.06037949039264829,44.29596166923569,0.47277403926482875,76.96497312938111
2023-09-13,KCEL,1995.5,120.0,1.007325615385847,-1.0846225106731424,0.5873006550780503,0.0,-0.04253027118556435,-0.390592877939975,44.167775841068554,-0.01611962520830599,43.35793872612742,-0.0465414853062247,41.80911376671557,44.167775841068554,-0.06054234318884156,44.2775075631152,0.45988269539002435,76.36946110019713
2023-09-14,KCEL,1984.0,248670.0,0.32222269920374796,4.416687747781348,0.09246975838978237,0.0,-0.036865946620583706,-0.32957797220764395,45.072377355091675,-0.00035156490015357793,50.4268367804651,-0.031197209421402958,44.75504385864844,45.072377355091675,-0.05546301523297485,44.85380395208144,0.46199677419354834,76.46784484631081
2023-09-15,KCEL,1992.0,648530.0,0.4162684061152803,4.416687747781348,-0.07692306508875922,0.0,-0.042306631287052976,-0.38818387627188183,44.20342221402036,-0.0018352457448842993,49.757991021029774,-0.0354317651558616,43.93745697871127,44.20342221402036,-0.05914336871294703,44.43608713076374,0.4633106712564544,76.52884716098727
2023-09-18,KCEL,1993.0,160.0,0.1688739125317126,-0.9161203901078421,0.1320754467782273,0.0,-0.04379977122309034,-0.4042676637380419,43.965542836267446,-0.0023476781831648866,49.52699362422913,-0.04336395678525635,42.41510061513364,43.965542836267446,-0.059458473506479,44.40035868504692,0.4635586674392118,76.54034895230484
2023-09-19,KCEL,1988.0,280.0,-0.08366115553167393,-0.23729396251776294,-0.3043477996219305,0.0,-0.0418312094790968,-0.38306273314832573,44.27922036959116,0.0021641515761234072,51.56045012822881,-0.03389453386988599,44.23390153327367,44.27922036959116,-0.05651838810641627,44.73394316389836,0.46619128101945,76.6622055918472
2023-09-20,KCEL,1970.0,14250.0,-0.9884410152230784,3.692269804649708,0.7379747444769467,0.0,-0.029809823946499073,-0.2535709117265487,46.20375625064337,0.009307815647409555,54.766869909887376,-0.023915379502054628,46.16739271341383,46.20375625064337,-0.0474525400854081,45.76542130409481,0.4769307590041093,77.15473451287555
2023-09-21,KCEL,1989.93,4420.0,0.028412043856653635,2.4023256905756414,0.9995994994072992,0.0,-0.03867367040668818,-0.3490503903457515,44.78329771227819,0.0011059789791600942,51.083752598887585,-0.028777634837837112,45.223508779230585,44.78329771227819,-0.0598076991401708,44.36076818268908,0.458851711432539,76.32137885805182
2023-09-22,KCEL,1995.0,190.0,0.2819657007862542,-0.7443128827548302,0.9821427597080757,0.0,-0.04163197577276524,-0.3809166298184286,44.31099283838919,-0.004971157059315004,48.344894179196736,-0.02251048454469505,46.440660385548085,44.31099283838919,-0.06220877192982456,44.088763330087374,0.4553795739348371,76.15895212124293
2023-09-25,KCEL,1995.0,210.0,0.28147453919389887,-0.5249204892161496,0.4207096002382598,0.0,-0.04212585630743522,-0.3862366064405707,44.23224063667263,-0.0020884085213033034,49.64386686698222,-0.031799853801169536,44.63850451073375,44.23224063667263,-0.06304482038429401,43.99413418986647,0.4602954469507101,76.38869178160921
2023-09-26,KCEL,1999.0,230.0,0.48088911027520237,-0.4053983482377075,0.9999997500000625,0.0,-0.04399320850901642,-0.4063513292537623,43.93474543697688,-0.0033835739298220496,49.06009818474931,-0.03819717676298467,43.4052673995376,43.93474543697688,-0.06449504593566624,43.83009256036516,0.4429849599402876,75.57291068817224
2023-09-27,KCEL,1995.0,290.0,0.2782109084509027,-0.06668113747242142,0.11111109876543349,0.0,-0.0384843776106934,-0.3470113683986625,44.81355202914793,-0.0013398287385129495,49.98132802484743,-0.03623402255639097,43.78291736000868,44.81355202914793,-0.06151255221386796,44.16759860454203,0.4529685045948204,76.0457128054694
2023-09-28,KCEL,1998.88,300.0,0.4728681571257014,-0.048782859945844886,0.9733332251852216,0.0,-0.04333460718955001,-0.39925701519011025,44.039621181151404,-0.0027305592401586708,49.35440882089742,-0.039612471047278594,43.13348032014915,44.039621181151404,-0.0633010329594097,43.965143168434814,0.4433845259059358,75.59195417304147
2023-09-29,KCEL,1991.86,1830.0,0.11972703211563691,1.7436315796378126,-0.18999998416668468,0.0,-0.03988486427856606,-0.36209711446412096,44.58980717332732,0.0008526439075290946,50.969594841302815,-0.03716979742074046,43.60281066606402,44.58980717332732,-0.057825278139966116,44.585602000205164,0.479199827540152,77.25785604325968
2023-10-02,KCEL,1997.6,400.0,0.40797696273641687,0.14790175459203567,0.9110828545226092,0.0,-0.03839993166402849,-0.34610173452861703,44.827050108175804,-0.009212580175575729,46.43825669490075,-0.04044965895582631,42.97290369932937,44.827050108175804,-0.06209048810954093,44.10215491008158,0.4797082403646281,77.28091659970063
2023-10-03,KCEL,1998.99,420.0,0.47730217949771786,0.19668642887991916,0.9977776669135947,0.0,-0.04123730608957524,-0.37666533149697917,44.37394585985929,-0.02661861952786157,38.77964946711677,-0.038083169875787276,43.427178293077226,44.37394585985929,-0.06369428098689839,43.92065429723477,0.48092869273983363,77.33620639454153
2023-10-04,KCEL,1999.0,720.0,0.4775027717552153,0.6522662636331967,0.9999998742138523,0.0,-0.04171594567124831,-0.38182113579818355,44.297601307421935,-0.04261737892755902,32.18942844833278,-0.03706889873508183,43.6222224030724,44.297601307421935,-0.0591342113517076,44.437125532773486,0.4837803667706869,77.46502383617411
2023-10-05,KCEL,2000.0,530.0,0.5273411232494436,0.25669436499180825,0.999999885844762,0.0,-0.04466904761904762,-0.41363132515013395,43.82718103553078,-0.03802261904761903,34.023986444161494,-0.03806888888888889,43.42992312589664,43.82718103553078,-0.060580555555555554,44.273177653805696,0.4780392857142857,77.2051544003389
2023-10-06,KCEL,1999.99,210.0,0.5265493451243737,-0.6689424563108207,0.9959837357462414,0.0,-0.04614950005503996,-0.42957844555028374,43.59176093746574,-0.028411872307377406,38.01478577363099,-0.03861528390578457,43.32493383965901,43.59176093746574,-0.06076772764816207,44.25197011896122,0.49025689089953395,77.75565283121949
2023-10-09,KCEL,1985.51,240160.0,-0.2013744911950352,4.416687747781348,0.5169999913833332,0.0,-0.047108346118421615,-0.43990693246834367,43.4394394803579,-0.021663617669939395,40.92096761565198,-0.03149330389545271,44.69777783833911,43.4394394803579,-0.0418113690952858,46.409147128072014,0.47830218479311193,77.21710050956243
2023-10-10,KCEL,1951.99,67620.0,-1.845376378076621,4.416687747781348,0.3428095251170523,0.0,-0.01759409501471718,-0.12198566432875453,48.171031441305686,-0.012459993791846305,44.985165171843796,-0.01106430511857781,48.67358781372853,48.171031441305686,-0.025161251647382723,48.31530604474097,0.5303592297811341,79.49534091873764
2023-10-11,KCEL,1920.0,91560.0,-3.3558037746429727,4.416687747781348,0.26522220325150364,0.0,-0.001984623015873068,0.046156265324986775,50.69229973416254,0.011300396825396825,55.65536323135729,0.002525942460317466,51.3309463508555,50.69229973416254,-0.007697222222222223,50.31982813291496,0.5588339285714286,80.66801598573228
2023-10-12,KCEL,1930.2,2200.0,-2.6158284569829044,1.5327888162741465,-0.9915860119565397,0.0,-0.00986642958292009,-0.038744887349424814,49.418852861477816,0.0069718932407695,53.72143985681813,-0.0028633990556122795,50.2772091226509,49.418852861477816,0.004886929679135156,51.76397248258897,0.536998403323613,79.77340290256399
2023-10-13,KCEL,1949.48,2200.0,-1.6153917408137062,1.5328091557756518,0.94794790050311,0.0,-0.023350303898703486,-0.18399032850414346,47.24294449564593,0.002116945731722996,51.539189712547085,-0.008474161982470828,49.17993097290852,47.24294449564593,0.012236018575242355,52.606139959624855,0.5256330550580685,79.29567702003833
2023-10-16,KCEL,1948.87,750.0,-0.8412459414823391,0.4567418768583836,0.017524938864247133,0.0,-0.016717733353173853,-0.11254568193489999,48.312455982080884,0.011390305208203352,55.69537261268957,-0.010382337756409208,48.806882426721636,48.312455982080884,0.05470852056433849,57.429643930172666,0.5267671882367162,79.34372072642574
2023-10-17,KCEL,1934.03,5510.0,-1.5943433967888265,2.1765378422261215,-0.5832449319594376,0.0,-0.013712966778637783,-0.08017897215516051,48.797547313785905,0.009578591995872817,54.88780067317715,-0.003159366524246695,50.21932515840517,48.797547313785905,0.0972699694420459,62.12537807161507,0.5731531442118272,81.23816097360562
2023-10-18,KCEL,1948.0,420.0,-0.8627302837410868,-0.5595936459771369,0.199999960000008,0.0,-0.017951852123464028,-0.12583934820842022,48.113305996363465,-0.0022534646849841924,49.56946253229259,-0.01290212916788892,48.314473315911464,48.113305996363465,0.09482300365046772,61.86059001087051,0.5533787596558131,80.44737108556379
2023-10-19,KCEL,1950.0,6220.0,-0.7514438293036649,2.297743300528391,0.27821521396931753,0.0,-0.018725244200244188,-0.1341701640219442,47.98853371269061,-0.0032971916971916925,49.09902695200635,-0.01541517094017094,47.82370890078374,47.98853371269061,0.11115589133089135,63.613937515159215,0.5543119963369963,80.48525237283188
2023-10-20,KCEL,1960.0,5990.0,-0.2180370986828541,2.2600648066238107,0.7122301902075466,0.0,-0.02558344671201814,-0.2080452703914101,46.8833667951295,-0.009945351473922903,46.10975180446797,-0.02862358276643991,45.25336507959731,46.8833667951295,0.09515918367346937,61.89701050621953,0.5452510770975056,80.1151044282627
2023-10-23,KCEL,1977.45,370.0,0.6741008070281874,-0.6863387880651592,0.9932432127382368,0.0,-0.034758411235489735,-0.30687604696062204,45.40982009176155,-0.019737800787209138,41.76309028824434,-0.024617687672555705,46.030871234031174,45.40982009176155,0.09938110806485972,62.35324744183293,0.5415613408442089,79.96287014752733
2023-10-24,KCEL,1958.89,4970.0,-0.2706227832117292,1.9112798145387153,-0.3548621061370703,0.0,-0.025917734500920435,-0.21164614772344773,46.82956713933901,-0.010910767370928533,45.67747108141415,-0.01627946439662511,47.65501586144619,46.82956713933901,0.10767823761261941,63.24344853221879,0.5602295704860226,80.72416036079441
2023-10-26,KCEL,1950.0,550.0,-0.7192019406127,-0.8524566562808061,-0.3297872252716196,0.0,-0.02131529304029304,-0.16206962211351172,47.5708695139224,-0.003269444444444444,49.111531682852444,-0.014202380952380914,48.060504443507895,47.5708695139224,0.11040842490842491,63.5344411739764,0.575794017094017,81.3418879567298
2023-10-27,KCEL,1949.99,330.0,-0.717758565383098,-1.3632560296837057,-0.5227163786362334,0.0,-0.018927840142769964,-0.13635248464872934,47.95585274668033,-0.00219859056257269,49.59419859930209,-0.017684913726053304,47.3808157771606,47.95585274668033,0.11760058548733293,64.29624027032321,0.5946730923833797,82.07055066540674
2023-10-30,KCEL,1947.0,100.0,-0.8682330132995868,-2.557027636050583,0.49999995819398346,0.0,-0.014483574852642648,-0.08847979927984005,48.67311462879061,-0.0011475187712475803,50.068023219803806,-0.009818991977890303,48.91700462187935,48.67311462879061,0.11182868454520997,63.685428531359875,0.6059120594565508,82.49366853301848
2023-10-31,KCEL,1945.0,250.0,-0.9639135193282343,-1.0783526740134386,0.1648535426900818,0.0,-0.013376848451462843,-0.0765583766521629,48.851826232885095,-0.0006355163830741866,50.29883545067797,-0.013442677602317687,48.20888053108397,48.851826232885095,0.1084819439343861,63.32921163248264,0.6104077528869303,82.66070334297979
2023-11-01,KCEL,1944.0,5370.0,-1.012703791086897,1.9886873773221856,-0.9999998330551196,0.0,-0.013500661375661322,-0.07789206327476912,48.83183166753794,-6.516754850088196e-05,50.555935001142906,-0.00996753380364491,48.88796676971461,48.83183166753794,0.10864341563786017,63.34643203642446,0.6201519547325103,83.0184157720555
2023-11-02,KCEL,1950.0,88000.0,-0.6930920545163198,4.088664291861978,0.0020040078152278517,0.0,-0.016363400488400487,-0.10872888328680069,48.36964492995273,0.0004278693528693574,50.7781609937878,-0.012830799755799743,48.328408218902965,48.36964492995273,0.11081282051282039,63.57745962421985,0.6378955433455433,83.65467249261688
2023-11-03,KCEL,1952.0,170.0,-0.4727712197792753,-2.560272192772281,0.7509386263492717,0.0,-0.017251089643507647,-0.11829088304460607,48.226381225049536,-0.0036725767629456106,48.929865557682696,-0.015636475409836065,47.78050975011949,48.226381225049536,0.11431830601092896,63.94944807159718,0.6274521597710122,83.28254386189134
2023-11-06,KCEL,1950.99,44500.0,-0.5221247262575706,3.0070205312353773,0.2181105695206537,0.0,-0.01627948761788581,-0.10782499160025505,48.3831890090982,-0.003192592124779592,49.14616695115618,-0.015552815261799975,47.79684002009595,48.3831890090982,0.16368060524949604,68.99478751203371,0.614606637008952,82.8155705807741
2023-11-07,KCEL,1949.92,12840.0,-0.5352131054340181,1.2758011218205194,-0.2135655296802398,0.0,-0.01568041856987868,-0.10137194656867374,48.479889404655665,0.0017224522031673182,51.361497946515,-0.015520402660394082,47.803167012690075,48.479889404655665,0.16492378832635854,69.11679309022102,0.6142302015809193,82.80173138577722
2023-11-08,KCEL,1950.0,10480.0,0.3972589872494535,1.0727070857422463,0.08130454380778317,0.0,-0.018229365079365078,-0.12882865905202667,48.068531705612656,-0.0005648351648351599,50.330697979974104,-0.015519261294261294,47.803389810504456,48.068531705612656,0.180748656898657,70.64622679069922,0.6115745115995116,82.70384718406488
2023-11-09,KCEL,1956.99,1150.0,0.8628208040378742,-1.1369881808946736,0.7214644133909186,0.0,-0.02175633562256323,-0.1668204394920797,47.499780421912845,-0.004645963997431421,48.49134758926129,-0.016744717695712973,47.56422949336944,47.499780421912845,0.19899039132375054,72.35304462034982,0.6079619041657511,82.56998601187478
2023-11-10,KCEL,1950.99,4800.0,0.05143959833889309,0.7801561893658369,0.39869932972989963,0.0,-0.01960051249316887,-0.14359836888037825,47.847355959414024,-0.004103725135639323,48.735605776319595,-0.010818839586690915,48.7215634506804,47.847355959414024,0.21573808341869902,73.86490169881083,0.6285406089130817,83.32164240853571
2023-11-13,KCEL,1950.91,4700.0,0.03461630420914541,0.29479882908559457,0.9855999211520194,0.0,-0.01909490331455418,-0.13815205378725964,47.92890492440756,-0.005573917080454072,48.07351323291494,-0.010739620643455558,48.73704710614756,47.92890492440756,0.24404096893773541,76.29541756212646,0.6527672960432871,84.17305524190881
2023-11-14,KCEL,1959.4,830.0,0.4686874449388477,-1.7444643791550836,0.9409113199343437,0.0,-0.022435736846880567,-0.1741388057298545,47.3902916114563,-0.01803872022695647,42.510092178605206,-0.015739620283825133,47.760376759519154,47.3902916114563,0.23851626214536029,75.83347350674008,0.6407469728342494,83.75511192446726
2023-11-15,KCEL,1954.99,730.0,0.24031865308627065,-1.8728439116273952,0.49899997505000215,0.0,-0.020144105758832694,-0.14945384052235705,47.75969340592901,-0.00301155155098833,49.22776023673634,-0.013270682166441485,48.242477082825005,47.75969340592901,0.2414407807326909,76.07876601646994,0.6177077074055589,82.92924200071026
2023-11-16,KCEL,1953.97,5770.0,0.16321911788783533,0.6793759750771536,0.7711110254321144,0.0,-0.017619611566553436,-0.12226052322623521,48.16691408689762,-0.003575217085508762,48.97373697220605,-0.012627884901971236,48.36805104800636,48.16691408689762,0.22326611372036945,74.52680962488067,0.6443225719842979,83.88035592724627
2023-11-17,KCEL,1949.0,280.0,-0.09660141295855494,-2.8310770013853253,-0.7030334910572948,0.0,-0.01661551100686555,-0.11144456444910136,48.32895411310111,-0.0035545271486394766,48.983060306806216,-0.009651204321304363,48.949805643225055,48.32895411310111,0.25313274491599264,77.04227916109281,0.64118262702892,83.77041362481833
2023-11-20,KCEL,1946.0,930.0,-0.2517012602360215,-1.1458581264367773,-0.9999999756038065,0.0,-0.01608616820829051,-0.10574259582342911,48.4143929107754,-0.005572170834760767,48.074299289577084,-0.008086596437135996,49.25571258304048,48.4143929107754,0.26217809181226454,77.76877850988481,0.6342231614708234,83.52458023093321
2023-11-21,KCEL,1930.0,5030.0,-1.055836290544941,1.576192134883017,-0.9999999444444475,0.0,-0.0030994900896455305,0.03414715309457931,50.5121893797283,0.00902251624311208,54.63939214895209,-0.0023246072867834523,50.38258153673011,50.5121893797283,0.28898575746360733,79.8244957577165,0.6346279628258902,83.53896077186896
2023-11-22,KCEL,1955.0,38000.0,0.2562502360991478,2.564288653099415,0.9999999714285723,0.0,-0.01708729955750416,-0.11652657089357253,48.252813100883415,-0.008618784760280905,46.7046862510074,-0.015231751106239597,47.859515351855656,48.252813100883415,0.2717637518775625,78.52059156211996,0.6359396328096456,83.58548852296565
2023-11-23,KCEL,1952.86,630.0,0.11323002463496214,-1.535315941274653,0.9745222043200725,0.0,-0.016206495373736723,-0.10703873459028743,48.3949706218701,-0.004626782257816685,48.49998707981462,-0.015072164699750808,47.89067093189089,48.3949706218701,0.2942108004556281,80.20820134758505,0.6353163582870481,83.56339282847215
2023-11-24,KCEL,1947.92,5560.0,-0.14041701991109418,0.6423018057025975,0.8094877941884766,0.0,-0.0016191963165268289,0.05009256441182483,50.751331908302845,-0.0018964668866164026,49.730392647141905,-0.012107467208001148,48.46973266715578,50.751331908302845,0.34891213872738164,83.89698949752902,0.6321624742745537,83.45121808477869
2023-11-27,KCEL,1941.01,10970.0,-0.4913292238728907,0.8370182827877121,-0.7979999202000099,0.0,0.001520300405295466,0.08391055883135969,51.25839258411747,-0.00013858094906079753,50.522843365856616,-0.007559483233773762,49.358785700023105,51.25839258411747,0.3743430915098776,85.41314883944274,0.6436497309635802,83.85684777467841
2023-11-28,KCEL,1953.29,350.0,0.1605475610414951,-2.6420819031213516,0.77217009573396,0.0,-0.004326825686527888,0.020926553729795704,50.313894182135435,-0.006874580662727224,47.48832291000525,-0.013812460322336077,48.1366549260781,50.313894182135435,0.4281099059344482,88.22916729889776,0.6304242715850921,83.3891332246471
2023-11-29,KCEL,1944.21,610.0,-0.30556132974850064,-2.0865707667248476,-0.997959081840912,0.0,0.018312751194572614,0.26479528571601235,53.96359538295174,-0.0027194589441518974,49.359412116454855,-0.007089840028058904,49.450625599671284,53.96359538295174,0.44627409120266986,89.06828475719676,0.6351754151337267,83.55839294400471
2023-11-30,KCEL,1949.99,7490.0,-0.015574850776931272,0.4554232694370667,0.7645673475828519,0.0,0.03291311142051441,0.42206727686416756,56.29739040738736,-0.005616923989923599,48.054154364585436,-0.011566050880033006,48.57553053264814,56.29739040738736,0.4534667704421276,89.38579638110365,0.6253858171779798,83.2081165776166
2023-12-01,KCEL,1950.47,510.0,0.001278994842439114,-2.2314755351655924,0.7445742283327071,0.0,0.07475559122461406,0.8727856161058789,62.80058538067797,-0.003499665223139959,49.00778262192639,-0.012780253275950353,48.33828312895592,62.80058538067797,0.4243990079843188,88.05101469548195,0.6260369934727168,83.23159969846341
2023-12-04,KCEL,1947.0,280.0,-0.17654665332516206,-2.8310840523220735,0.27930533434837795,0.0,0.11061457553745688,1.2590510079289405,68.0360847571893,0.0011545203854525887,51.10562505591021,-0.006328735294836991,49.599469128353455,68.0360847571893,0.4444353529239123,88.98578941088748,0.6148505343996871,82.82453246213639
2023-12-05,KCEL,1946.09,1380.0,-0.21164582578215552,-0.7512088392282724,0.4925847196724022,0.0,0.11678704111181994,1.3255395010997246,68.89732877416903,0.001632002720636386,51.32075176208439,-0.00686928405568932,49.493757187131756,68.89732877416903,0.5046649794822617,91.41901945263379,0.620951706908529,83.04751266058807
2023-12-06,KCEL,1945.0,1150.0,-0.2665825193343801,-0.09530978265183085,0.3437849559031309,0.0,0.13489843514098013,1.5206316054968336,71.34867254456833,0.0015001132329539061,51.26133432292288,-0.006531934753335805,49.55973013472596,71.34867254456833,0.5361028502060635,92.48599918810262,0.619736104990411,83.00327047642678
2023-12-07,KCEL,1945.0,630.0,-0.26439752147022677,-0.6017941309065247,0.23076921301775286,0.0,0.12463272228342923,1.4100515186580445,69.97338732713901,0.0016943128493899702,51.34882176577717,0.005522274248173999,51.916345056872025,69.97338732713901,0.5463794681111518,92.80748481004883,0.617165825070388,82.90942215412764
2023-12-08,KCEL,1949.49,1100.0,-0.027876856816431577,0.056089228985967035,0.9988551231336517,0.0,0.13636668791764575,1.5364473137479715,71.54226496785829,-0.0005200654310321224,50.350879681496366,0.00267697485716044,51.36046391006413,71.54226496785829,0.5638114573371936,93.32392203515784,0.607997556778586,82.57131106404316
2023-12-11,KCEL,1955.0,4300.0,0.25775111921800475,1.4437231387623677,0.9999999564649561,0.0,0.13054950066983315,1.4737858035395046,70.77065945018342,-0.0029391984329963775,49.260370282178094,0.0003293904518329085,50.90156087585031,70.77065945018342,0.5158705405350545,91.8142211277218,0.6005177363699102,82.29157580464542
2023-12-12,KCEL,1954.99,360.0,0.24701191947321532,-1.0365321045948845,0.9986666000888946,0.0,0.12798908655157332,1.4462055644008092,70.42717514065156,-0.0029324960680592884,49.263391116199976,0.01807537945227182,54.361312282161755,70.42717514065156,0.551216077155674,92.95435798999385,0.6041095941504837,82.42634390546051
2023-12-13,KCEL,1953.63,94740.0,0.1808108337581873,4.416687747781348,0.8173332788444627,0.0,0.13587877860700326,1.5311916578876368,71.47802046853687,-0.004784666876532459,48.42887827434005,0.036360865542605245,57.88241245249337,71.47802046853687,0.5196157557981806,91.94256917226004,0.5940612860418809,82.04728995424432
2023-12-14,KCEL,1954.0,250.0,0.10557077725529375,-1.5040493865038491,0.8358458261435634,0.0,0.12805981584377182,1.44696744537117,70.4366950080134,-0.00497367020844503,48.343762468961756,0.0781246884697243,65.58095670249146,70.4366950080134,0.5198832720020796,91.95166631576687,0.6234504902438628,83.13816868540651
2023-12-15,KCEL,1954.19,40590.0,0.1185963689490953,3.688624734887846,0.9067846072693492,0.0,0.12335998262423017,1.396341836340768,69.80027438015576,-0.0060177787784765424,47.87374490563835,0.11176088906685405,71.25535435954961,69.80027438015576,0.537277656556766,92.52340883274131,0.6119633902878772,82.71820807587504
2023-12-19,KCEL,1954.98,110.0,0.13644299785935884,-2.3249698392662617,0.9999999472851898,0.0,0.12241388271418206,1.386150648289532,69.67122350030128,-0.006001711964901367,47.8809749305348,0.11691101732133173,72.07347223140265,69.67122350030128,0.5544789544065485,93.05187087036421,0.6102384246532299,82.65443494349807
2023-12-20,KCEL,1954.98,310.0,0.13496518110329236,-1.2889410080182158,0.6258724697127767,0.0,0.12805729258465184,1.4469402653578114,70.43635541846336,-0.005048529396720139,48.31005299344615,0.13429218212681748,74.72663493693733,70.43635541846336,0.5667933900675637,93.40874273426168,0.6148448300896027,82.82432290257654
2023-12-21,KCEL,1950.0,14220.0,-0.14777470795176584,2.7996638330819397,0.5003573802588496,0.0,0.13562896825396825,1.5285007536206698,71.44509346495137,-0.0024847985347985348,49.46518469821074,0.12697765567765568,73.63071599989911,71.44509346495137,0.5688762210012209,93.46739332844145,0.6034123931623931,82.40024788054744
2023-12-22,KCEL,1950.0,12890.0,-0.11431559515241267,2.701467583908312,-0.2731902460314611,0.0,0.18437112332112332,2.0535409349336717,77.4190205793248,-0.0005009157509157417,50.35951211125773,0.14133705738705726,75.75325542000797,77.4190205793248,0.5664784188034188,93.39983094379059,0.6180107448107448,82.94031791295625
2023-12-25,KCEL,1948.15,1970.0,-0.20154206656313534,0.560246736313011,0.6916666090277978,0.0,0.18604816927455375,2.0716057191075805,77.60794211420948,-0.0011174169307552727,50.08159339715197,0.13985787012424072,75.54007158346691,77.60794211420948,0.5889513763159104,94.0082849010542,0.5911851532935805,81.93762424155373
2023-12-26,KCEL,1949.0,16650.0,-0.1620551272200465,2.6946191324648083,0.6512641390033077,0.0,0.20137536424865835,2.236707020376189,79.28226253173547,-0.002569852875304389,49.42684606806394,0.1367954323340419,75.09469276491176,79.28226253173547,0.5616079082068948,93.26059236063541,0.622270090685496,83.09539196179165
2023-12-27,KCEL,1950.91,2060000.0,-0.08205729601911647,4.416687747781348,0.736909291745035,0.0,0.22282457474261289,2.4677533775028015,81.46710452580578,0.001090036751672946,51.07656903898966,0.1427952045638774,75.9621669698528,81.46710452580578,0.5580536621839397,93.1572684331273,0.6101208367047759,82.6500808757571
2023-12-28,KCEL,1951.0,330.0,-0.0026328334630364497,-1.3434817566391186,0.38674881458021265,0.0,0.2357030885667098,2.606478003525795,82.69103765081967,5.153645261282355e-05,50.60853918167601,0.13516065448732031,74.85473485991587,82.69103765081967,0.5534468677031722,93.02116219779558,0.5938972810036367,82.04105052184764
2023-12-29,KCEL,1954.98,210.0,0.20126526461493122,-1.7952713908504487,0.7482779744346932,0.0,0.26135688929225437,2.882815317002191,84.93726599565707,-0.0021635893973340203,49.60997647176112,0.12829488493123056,73.8303082387592,84.93726599565707,0.5262869378641799,92.16664892196438,0.6173505731151068,82.91618153602468
2024-01-03,KCEL,1952.0,1390.0,0.04832713659335751,0.21150163168865943,0.6160061325122682,0.0,0.2633392922196201,2.9041693418906167,85.10045371290506,0.011410603695029935,55.704404452940246,0.12958982890970608,74.02557054212515,85.10045371290506,0.5113545602393963,91.65698416525501,0.6033672033567524,82.39855538842912
2024-01-04,KCEL,1950.0,510.0,-0.05421800514810601,-0.9082848730891384,0.4618937466553597,0.0,0.2646738705738707,2.918545137546897,85.20949036303966,0.011953540903540904,55.94584331659151,0.13642393162393152,75.0402973382003,85.20949036303966,0.5160982600732601,91.82207793072104,0.6112709706959707,82.69263117200538
2024-01-05,KCEL,1959.0,250.0,0.40705659019733,-1.6210050177727309,0.4356079929295028,0.0,0.23996394661999557,2.6523750649455025,83.08165016127175,0.0077991200563941755,54.092083416318026,0.13576844174627484,74.94412679894252,83.08165016127175,0.5054122353484528,91.44590327490971,0.6062946686842171,82.50793335798782
2024-01-08,KCEL,1957.0,370.0,0.3043462675737201,-1.1118311184796719,0.6047430232467326,0.0,0.26776923923887375,2.951887793875175,85.45984738729466,0.026551065162907304,62.297450140318055,0.18550761308611333,81.52896649954276,85.45984738729466,0.5044814645837896,91.41240548693364,0.6090974187085838,82.61214910217392
2024-01-09,KCEL,1956.55,240.0,0.2810725766417736,-1.2817518152466318,-0.561230379499111,0.0,0.2750647446631239,3.030473434691443,86.03601005268911,0.04432892065236309,69.48240391286468,0.18631606880713653,81.62402211766593,86.03601005268911,0.5049027488152332,91.42758190983993,0.6169099618882931,82.90005737464097
2024-01-10,KCEL,1979.98,460.0,1.4818357728137703,-0.5595109576205849,0.9988571143183693,0.0,0.2753845223745246,3.0339180125387366,86.06082158343307,0.07334413263273303,79.34722690162697,0.1877182530703774,81.78798678224508,86.06082158343307,0.4877474209215195,90.78957559376559,0.598413107126944,82.21223302489697
2024-01-11,KCEL,1979.0,270.0,1.4312595000240271,-0.5855422716126275,0.9199999632000014,0.0,0.2757520206212853,3.0378766258960166,86.08929010937578,0.10719593048437161,87.61442242199105,0.21061063628415821,84.30555419668093,86.08929010937578,0.5057088689172823,91.45655399614793,0.6169443379693127,82.90131580114092
2024-01-12,KCEL,1980.0,150.0,1.4827295254028297,-1.0171653798661222,0.9999999333333378,0.0,0.29580948773448773,3.2539314177960916,87.57036227566006,0.11216857864357865,88.55510959815769,0.22270919913419915,85.51762965295005,87.57036227566006,0.4888966450216451,90.83361595729686,0.5908020562770563,81.92297757105167
2024-01-15,KCEL,2014.68,21470.0,3.260145899406414,3.945868046010147,0.9999999829497019,0.0,0.32281518622359495,3.544831087941364,89.34902272195848,0.10983856051345028,88.12233086103738,0.228767250618555,86.09477304250379,89.34902272195848,0.4830296738132582,90.60678494028541,0.5540802551651827,80.47585088978104
2024-01-16,KCEL,2049.0,8820.0,4.991355883172233,3.0562492156463374,0.9676504757770539,0.0,0.31975792546886994,3.5118989219595687,89.15951520335787,0.08145127123567826,81.64045086683728,0.20797363928978133,84.03065983580395,89.15951520335787,0.442048581770434,88.87789327231684,0.5353997414534384,79.70670598062546
2024-01-17,KCEL,2131.0,35230.0,9.1710409966788,4.285282634332798,0.9999999919891053,0.0,0.32567677966227937,3.575655566994884,89.52375166398552,0.0528658095163608,72.64550526476611,0.1610425962548324,78.47153003482137,89.52375166398552,0.3910859356960365,86.34533960389751,0.47575033462939365,77.10095820694147
2024-01-18,KCEL,2197.0,11400.0,12.387702406736297,3.1570049973230527,0.9401940099990641,0.0,0.2953177859779931,3.248634910511459,87.53573048789181,0.018893609431331324,59.00351031353941,0.10905341519098911,70.81957452728611,87.53573048789181,0.339185562563669,83.28431178060849,0.4125192226412641,74.09147504364535
2024-01-19,KCEL,2208.0,12770.0,12.877525605296805,2.5982854219752336,-0.2736143071742147,0.0,0.29897514665286395,3.2880312258613977,87.79135510173212,0.011550293305728088,55.76654928203504,0.12699961180124214,73.6340508816192,87.79135510173212,0.3357365769496205,83.06262948372769,0.41270435645272596,74.10065163377034
2024-01-22,KCEL,2242.0,7400.0,14.448605841083886,1.4826356067036564,0.9259259087791499,0.0,0.2540045990682921,2.803618002338191,84.31917670757933,0.0023539038273649743,51.64590435795735,0.11584745125525683,71.90569317271466,84.31917670757933,0.28812891055321915,79.76104471046823,0.38919276935276037,72.91844255481882
2024-01-23,KCEL,2222.0,820.0,13.449891535984692,-0.7171762941594056,-0.8260869206049165,0.0,0.2806754278999329,3.090910527386367,86.46600094973094,0.004706717457460031,52.704528663572624,0.139903564285,75.5466760639521,86.46600094973094,0.31509652143785805,81.68693620195013,0.4096921170688498,73.95108048833859
2024-01-24,KCEL,2249.99,5170.0,14.448605841083886,1.5429497735743052,0.814478785142026,0.0,0.3160129889307445,3.4715592579403216,88.9233507987801,-0.01181702361357928,45.27227041389431,0.1253295786270514,73.37962040775226,88.9233507987801,0.31961110011282595,81.99506830212844,0.38555201145867546,72.73237478896782
2024-01-25,KCEL,2245.0,330.0,14.448605841083886,-1.2082759333453015,0.25156444507450165,0.0,0.34548084013857955,3.788980716219091,90.66489684217976,-0.010019716654293395,46.076431932578906,0.14613711245448438,76.43631037538196,90.66489684217976,0.30571354774277937,81.03347081594272,0.3951917082051825,73.223282758827
2024-01-26,KCEL,2240.0,240.0,14.312177587474295,-1.0188596014084605,0.4112452042612505,0.0,0.35745863095238084,3.9180029445539475,91.29979351524639,-0.0028643849206350185,49.29408990571345,0.19334920634920635,82.43498907161336,91.29979351524639,0.3161256944444445,81.75753816087249,0.36514831349206345,71.67494774942931
2024-01-29,KCEL,2253.87,490.0,6.056543612138179,0.010256386734822766,0.46648130264934534,0.0,0.36724395687037337,4.023408404922105,91.78920572909746,-0.004987315293884946,48.33761790393431,0.20356433006657135,83.56231574195292,91.78920572909746,0.3497790850689197,83.950708121234,0.3683879081788849,71.84448851007129
2024-01-30,KCEL,2239.0,4810.0,5.301522422156432,2.2638345882924664,0.15151514692378343,0.0,0.33850990291158894,3.7138912553501973,90.27652814455365,0.04408403092366915,69.38868607553613,0.2662284050064867,89.24726276100631,90.27652814455365,0.3406190458467145,83.37576382899985,0.39127248346413146,73.02437135732204
2024-01-31,KCEL,2230.0,4650.0,4.625561193256368,1.944828203192274,0.025641024983563465,0.0,0.3749475763399529,4.106390163884173,92.15672438393472,0.04876303829454044,71.1509757414511,0.2811798918072461,90.31931817617456,92.15672438393472,0.34178558260374403,83.44988948809227,0.3980328760054097,73.36689675747563
2024-02-01,KCEL,2229.01,7350.0,4.280187552880706,2.4026606291575763,0.46497436014221066,0.0,0.346884565357615,3.804101347272449,90.7413996208655,0.06305910979911857,76.14272417116229,0.2918120496194372,91.02259288170916,90.7413996208655,0.3388177887392956,83.260784164345,0.4095549112361291,73.94425429858852
2024-02-02,KCEL,2239.99,4280.0,4.487842475795791,0.44782076405403304,0.9994858354887849,0.0,0.3406691559316061,3.7371502720179772,90.39834224809795,0.07751107278540152,80.55145344337517,0.2603521090814819,88.79807068706884,90.39834224809795,0.33342674336627226,82.91286124941297,0.4065720761827381,73.79556781541355
2024-02-05,KCEL,2249.0,6630.0,4.731568650120889,0.3953351264890135,0.9999999772727278,0.0,0.3504569233592354,3.842582031811357,90.93355813215211,0.0843561935816271,82.41263104514483,0.27028818628385104,89.54827591710392,90.93355813215211,0.3324262469386746,82.84766406431226,0.40616898568676013,73.77543289893114
2024-02-06,KCEL,2344.0,28310.0,8.871845136153397,1.7892887257766874,0.6138349477315825,0.0,0.3098977612546725,3.4056873192992936,88.52802832771904,0.06374972642071619,76.36821169007717,0.2677180359174386,89.35858730593358,88.52802832771904,0.270788937645593,78.44498709949713,0.33352417113603117,69.98799678387145
2024-02-07,KCEL,2344.99,560.0,7.230951273127831,-2.1872416393816203,0.8186381920728313,0.0,0.319583317079499,3.510018077333643,89.14860299894627,0.06326334158902912,76.20955973644752,0.29251391411152333,91.06736010949363,89.14860299894627,0.2611846962677,77.68980050800084,0.3126415888479439,68.8431751310076
2024-02-08,KCEL,2375.8,730.0,8.583215077649502,-1.9221372317209646,0.9993508276744448,0.0,0.30057993213981715,3.3053176355795872,87.9020869195664,0.049424590781117016,71.39522326813182,0.2839866505785184,90.50961494877994,87.9020869195664,0.24428919030782612,76.31602885541841,0.3050069880554852,68.41871445821943
2024-02-09,KCEL,2419.87,8060.000000000001,10.53688780231652,0.47947702996066527,0.855945934379111,0.0,0.27463269607786234,3.025819498745664,86.00242868422579,0.015000241891191715,57.2951565219032,0.2773431525755581,90.05368100502125,86.00242868422579,0.22133763051255345,74.35830226907716,0.2655997275401322,66.17972664829344
2024-02-12,KCEL,2445.0,1420.0,11.11871143223068,-1.4242909469113718,0.7958766932868598,0.0,0.2780343509591976,3.0624614053909456,86.26500247571944,0.025746401791800475,61.956039805761186,0.2293472855195248,86.14900840441071,86.26500247571944,0.21192117051319498,73.52508122375198,0.26298956324861233,66.02869189855168
2024-02-13,KCEL,2500.0,34050.0,12.140639289345764,1.9203928446238507,0.9999999850029997,0.0,0.22876190476190478,2.53170904022533,82.03949245093504,0.008584206349206385,54.443428076486896,0.22966663492063483,86.17879288426019,82.03949245093504,0.1847467619047619,71.02555675429119,0.2313285396825396,64.17136278117567
2024-02-14,KCEL,2500.0,1600.0,9.113088719729525,-1.1374285716570642,0.6342983704903983,0.0,0.22720753968253968,2.514965748469517,81.89099120053626,0.020964444444444518,59.90366153423127,0.20412777777777777,83.62277280226368,81.89099120053626,0.19243174603174604,71.7464692385936,0.23331888888888883,64.28945419943642
2024-02-15,KCEL,2500.01,7120.0,7.132114818925745,0.4089820223545607,0.08251491434131063,0.0,0.22364067334048113,2.476544218925461,81.54660798637175,0.02073595325142491,59.80465642059921,0.2045625947369225,83.66930564625056,81.54660798637175,0.18848280563226943,71.37738657028471,0.23472228419975197,64.37261633033835
2024-02-16,KCEL,2463.12,3910.0,4.65232739400489,-0.1903875252574018,-0.9198773065003505,0.0,0.22318293360801406,2.4716135433778255,81.50204800776162,0.05270076337560265,72.5863233872436,0.23669664966152104,86.8209242357912,81.50204800776162,0.21812467648464437,74.07594291658542,0.24227448137785765,64.81864594248745
2024-02-19,KCEL,2514.99,4890.0,6.050401184160792,0.09092296464941234,0.5967407319001335,0.0,0.18413611429203838,2.0510094673965686,77.39245649305546,0.0706482342114776,78.53920912679455,0.22480329088215642,85.71934859875832,77.39245649305546,0.19244304908246357,71.74752151434141,0.22505702026364208,63.7981406105643
2024-02-20,KCEL,2528.65,2980.0,6.034628422054741,-0.4043452139292444,0.9999999267399322,0.0,0.1800716115224291,2.0072275035469467,76.92953246489202,0.08053599149775324,81.39177211415969,0.22763421434016953,85.98831644285112,76.92953246489202,0.19311968753168057,71.81047095837536,0.20854934221284396,62.80786613796533
2024-02-21,KCEL,2559.55,6810.0,7.1323676151483815,0.4221224138768467,0.999999985621855,0.0,0.16290460654976235,1.8223081582485723,74.90185833497047,0.11520397503684447,89.09825769131339,0.2111378744961679,84.36005204799373,74.90185833497047,0.17581446461943173,70.17410666154387,0.19577547235950757,62.03407887470039
2024-02-22,KCEL,2558.99,1960.0,6.460670124223884,-0.823322891694326,0.9764458259422373,0.0,0.16124970207429937,1.8044818773905418,74.70025381461964,0.12398531413869458,90.54382263193239,0.2095770598513043,84.19827048249256,74.70025381461964,0.1699191145182714,69.60433936170934,0.19566802410325956,62.027543464652304
2024-02-23,KCEL,2600.0,3650.0,8.044244449974448,-0.20154171955439618,0.2149948108609491,0.0,0.14274068986568986,1.6051067140941333,72.37348550761511,0.11485515873015867,89.03701090954065,0.20602167277167277,83.82467443282621,72.37348550761511,0.1432986568986569,66.95760002516145,0.17462860195360194,60.739704158775446
2024-02-26,KCEL,2700.0,11320.0,11.941148172385395,0.9303009479972858,0.999999989999,0.0,0.10064206349206341,1.1516292182020489,66.61843480813215,0.05271031746031738,72.58975144169504,0.14171865079365079,75.80804608270235,66.61843480813215,0.09532791005290997,61.9152846560215,0.1263871693121693,57.73250435930668
2024-02-27,KCEL,2739.8,2500.0,12.518053915608277,-0.6376331025536509,0.9999999748743725,0.0,0.09689852341209006,1.1113045965345478,66.07823909926515,0.049779197994987395,71.52563404866842,0.1235753041584543,73.11067683064178,66.07823909926515,0.07161794291554113,59.31642783820609,0.1080448282924138,56.57258307804154
2024-02-28,KCEL,2862.1,43820.0,14.448605841083886,2.28381968387642,0.9999999934253782,0.0,0.038277249097815394,0.4798486329572189,57.14841886459209,0.045309610492462196,69.85608858778474,0.07199716336600447,64.49097594506541,57.14841886459209,0.029425919266184326,54.569408693287436,0.05511749073690486,53.189424204838595
2024-02-29,KCEL,2884.0,55620.0,12.989086513895941,2.495750922477042,0.3142857131632653,0.0,0.04452693789489899,0.5471689583439341,58.13460179074696,0.05799404761904759,74.444191045778,0.04754392433348744,59.99929175937171,58.13460179074696,0.006156437817845584,51.909536573841784,0.044367945754353544,52.497671567836576
2024-03-01,KCEL,2906.41,3150.0,9.971152776190687,-0.37538650916666905,0.17771722138306736,0.0,0.025378219924455013,0.3409030199326833,55.09579147269069,0.05667989019945676,73.9907468333404,0.027716706523834095,56.2256023368853,55.09579147269069,0.008805146582679328,52.21313507586044,0.027621395113635955,51.41818656998868
2024-03-04,KCEL,2850.24,3270.0,7.392721658189259,-0.2968136564080557,-0.9914953757708197,0.0,0.0502763437799056,0.6091003420537209,59.036155019234904,0.09195226413682123,84.31074316608169,0.050329684250482565,60.521182975868285,59.036155019234904,0.028318265195378778,54.4432644784428,0.055409164808844974,53.20817809352902
2024-03-05,KCEL,2884.0,1600.0,8.064629164374628,-0.8597163121902437,0.9999999705275576,0.0,0.030834292649098427,0.3996746809037029,55.96655468403058,0.04966220141778394,71.48264681625623,0.0354556210510094,57.70966894895652,55.96655468403058,0.01657333949761134,53.10251032679215,0.03999277238403451,52.21583142276114
2024-03-06,KCEL,2999.74,64959.99999999999,10.418455221698137,2.932500383962929,0.9981428535780597,0.0,-0.007115250522770036,-0.009109768619537507,49.86335381090611,0.03205499605468453,64.59861050491014,-0.006598635627786081,49.54668580133278,49.86335381090611,-0.03963286459429651,46.65807336662734,-0.00671178813010348,49.202027462680924
2024-03-07,KCEL,3059.1,16810.0,9.751773899986256,1.4922472369249702,0.9999999887766556,0.0,-0.04639914003651867,-0.43226751461089397,43.55209157994629,-0.00894326961244434,46.55906915048132,-0.026077818872964474,45.74722962601122,43.55209157994629,-0.05337456639908093,45.09116819496938,-0.03157916217188057,47.59833032416648
2024-03-11,KCEL,3078.99,9730.0,9.779184161842773,0.7936076154208949,0.933268813671715,0.0,-0.04182792927690103,-0.38302739950431186,44.27974343663298,-0.01503409655902926,43.83928048636248,-0.0317699853105819,44.64427910134472,44.27974343663298,-0.06912676101346771,43.30709762541198,-0.04109200526332142,46.98597446460882
2024-03-12,KCEL,3119.99,4330.0,10.432921887757376,-0.016036947256876134,0.9570405499512953,0.0,-0.039308346248006394,-0.35588698422104453,44.6818869526,-0.017051450163632482,42.94574553379013,-0.033746164798706776,44.26253559393879,44.6818869526,-0.08051971549104978,42.027207490365285,-0.04984962180129082,46.42303045909187
2024-03-13,KCEL,3035.0,5690.0,7.1821299593500925,0.21048180631264518,-0.8899768853561789,0.0,-0.024514528908762857,-0.19653111398087353,47.05544445752852,0.02201169686985173,60.356390762935,-0.016855081587824526,47.54269617291717,47.05544445752852,-0.04924613046206946,45.561036497512795,-0.01762315119897491,48.49795605923944
2024-03-14,KCEL,3103.99,32360.0,7.765776582314364,1.948692856767139,0.9999999919348336,0.0,-0.041252314010891245,-0.37682699364995603,44.37155164268546,0.006959471091918272,53.71587080486243,-0.025764136052843813,45.808142290545916,44.37155164268546,-0.053356102601070945,45.093267724874195,-0.04602578515302644,46.66872502684649
2024-03-15,KCEL,3040.0,2300.0,4.549929738703196,-0.8329056028752164,-0.999999988377499,0.0,0.01034395363408527,0.17895708446618228,52.68178019030139,0.02688859649122807,62.44030079711994,-0.015529375522138608,47.801415488396366,52.68178019030139,-0.028107121971595653,47.977536697081305,-0.022771303258145345,48.165953949013854
2024-03-18,KCEL,3041.0,4120.0,4.176377630814987,-0.11237433032510867,0.09811827825109462,0.0,-0.0035371817958795484,0.029432430643680525,50.441474986645574,0.024975734146557887,61.62794063956357,-0.011773192819822278,48.53505148118923,50.441474986645574,-0.034428389784062235,47.253412317077064,-0.02160109312934866,48.24140713132856
2024-03-19,KCEL,3075.2,960.0,5.056211433788168,-1.5690382280610848,0.9791959241159233,0.0,-0.017998089787423757,-0.1263374105414348,48.10584574094449,0.026786058669045203,62.39692730342511,-0.029412941215334547,45.10041879011142,48.10584574094449,-0.050091044381679106,45.46480747182156,-0.03870840270551504,47.139332581067514
2024-03-20,KCEL,3110.0,760.0,5.964028048581512,-1.7154411103771194,0.966101667624252,0.0,-0.031745235543306355,-0.2744187559448223,45.892992896853464,-0.0014610485887817076,49.926680967525336,-0.03802868371357111,43.4376508533537,45.892992896853464,-0.061316449752462615,44.189809263814624,-0.046646062369213495,46.628858797969386
2024-03-26,KCEL,3134.0,2220.0,6.604725320560551,-0.6435091179875772,0.7239498011571199,0.0,-0.038331736408666835,-0.3453671496669005,44.837951187120225,-0.010406754641869511,45.90307395826735,-0.06470431139271281,38.3975965665777,44.837951187120225,-0.07687827260663885,42.43521025650941,-0.07265604202753213,44.96164689428182
2024-03-27,KCEL,3130.0,25290.0,6.0666898780970415,1.8732831234635317,0.09913792996618395,0.0,-0.03387111161823629,-0.29731824322215683,45.552015905362566,-0.012005255083929205,45.18818604332884,-0.05282957807191034,40.61733324291601,45.552015905362566,-0.07213036158020183,42.96873077163707,-0.05828155839545622,45.881879575004
2024-03-28,KCEL,3125.25,30300.0,5.264182755356298,1.9701254528860028,0.3388429725396076,0.0,-0.03705480561555072,-0.3316123213418473,45.04216032115806,-0.025516430114162294,39.25254435736766,-0.036068444524438116,43.814803038927536,45.04216032115806,-0.07318869604717337,42.84966010796792,-0.061188776612156756,45.69551647156797
2024-03-29,KCEL,3166.0,820.0,5.960702281178289,-1.8098704788197302,0.9999999756097567,0.0,-0.056367043187036905,-0.539639658297359,41.97538858134311,-0.0488050509380421,29.80379388414005,-0.06065970655476342,39.148741572663745,41.97538858134311,-0.06530902671239058,43.738078307251364,-0.09126143649289577,43.77574763226618
2024-04-01,KCEL,3114.0,1550.0,3.8393655867365974,-1.0027579861019913,-0.4399999912000002,0.0,-0.040418868703550714,-0.36784929714315107,44.50455064183908,-0.030915999174236188,36.95667050707028,-0.03947794293054404,43.15929701225736,44.50455064183908,-0.04331440499128367,46.23750662718832,-0.07707815166529032,44.67921267813792
2024-04-02,KCEL,3110.0,1180.0,3.6138054791241068,-1.275495365839875,0.42857139795918586,0.0,-0.038913004644515956,-0.3516284481162866,44.745050894944036,-0.03192314857347012,36.53454669594802,-0.007844085898024752,49.30313300563216,44.745050894944036,-0.044897158423926914,46.05685914024081,-0.05911995993467059,45.82812297750783
2024-04-03,KCEL,3101.0,760.0,2.5160747108268477,-1.581403446405598,0.2350691310659224,0.0,-0.03334247464975462,-0.29162387764890785,45.63676822319456,-0.030715783439034004,37.04082701689323,-0.018211203375255253,47.278177568353044,45.63676822319456,-0.03752988731233649,46.898527601638676,-0.04412507524454472,46.7909130336171
2024-04-04,KCEL,3054.0,9270.0,-0.26453424811766674,1.0605102821043173,-0.06581401486975602,0.0,-0.01804017447843577,-0.12679073792856008,48.09905562390575,-0.015750751551439172,43.52136770712373,-0.006161366046090995,49.632201317890896,48.09905562390575,-0.022155831540212674,48.66006178178831,-0.04275037421648423,46.87931039448889
2024-04-05,KCEL,3020.0,16230.0,-1.4361299234752345,1.4798785458676362,-0.09909909820631443,0.0,-0.0004960396299800267,0.062190970597086316,50.93275633234704,-0.003969878061599989,48.79590858807141,0.0024777830337432277,51.32153394406546,50.93275633234704,-0.033940873015873015,47.30922194866784,-0.020855290129296794,48.28949946159296
2024-04-08,KCEL,3026.06,35490.0,-1.2362355924536506,2.1282292950668222,-0.7833093468826674,0.0,-0.005812481235750086,0.0049233864948304805,50.07385074371879,0.005264342210296238,52.95510567600202,0.0014284122688111994,51.11641999811813,50.07385074371879,-0.04913738244313495,45.57342446175019,-0.023871344505385944,48.09503275835214
2024-04-09,KCEL,3019.0,530.0,-1.3383581108850924,-2.246291821585877,0.5483870790842877,0.0,0.005762351141185191,0.1296050318074084,51.94309640301057,-0.002926181669532056,49.26623709415859,0.007116114213157861,52.22753241357443,51.94309640301057,-0.05675286913042792,44.70732094690925,-0.022341238426473675,48.19368285268082
2024-04-10,KCEL,3014.0,25250.0,-2.1216924527801218,1.787804917192787,-0.4939377913132542,0.0,0.007563917064282031,0.14901111874810427,52.233679060109225,0.012314705711968413,56.106294863219695,0.003943060690323507,51.60786663510483,52.233679060109225,-0.07339614945071146,42.826329681864415,-0.02129687595454019,48.26102387086743
2024-04-11,KCEL,3014.0,940.0,-1.9222587198388867,-1.502886015147539,-0.11392404702771748,0.0,0.013651124645832714,0.2145812308595586,53.21427963380415,0.0016954911471335548,51.34935256735652,-0.003137672607198185,50.22356797736131,53.21427963380415,-0.06510033389157474,43.761665340972385,-0.0309509503270452,47.6387967159624
2024-04-12,KCEL,3015.99,7690.0,-1.8394699491586595,0.8736480283289378,0.19976470353217482,0.0,0.010807784461202848,0.18395337199661352,52.75650284192048,0.005128143554378982,52.89391603569601,-0.003928062983819903,50.06898465913587,52.75650284192048,-0.0829578918530897,41.75462791554878,-0.030145458195910968,47.69068718183909
2024-04-15,KCEL,3049.9,73500.0,-0.6341721272720672,3.1310114346071627,-0.12478229043888855,0.0,-0.005834588565745355,0.0046852510136833996,50.0702787189234,-0.012682366543894048,44.88594585381133,-0.014910417918984682,47.92224994971599,50.0702787189234,-0.08304478735186221,41.74492249068201,-0.046887886488081607,46.6133175309
2024-04-16,KCEL,3018.05,620.0,-1.5259009514796105,-1.6442890708250073,-0.47672900224598974,0.0,-0.0017820614488016223,0.04833821566665117,50.725022413458845,0.00019299303818323286,50.67229874095888,-0.0015857234895969782,50.52708057165861,50.725022413458845,-0.07300170368468248,42.87069218851289,-0.04305069852866736,46.85999695745799
2024-04-17,KCEL,3058.99,12640.0,-0.013673713271570727,1.7214972190777167,0.3109579872087321,0.0,-0.01926754439698091,-0.14001170699903326,47.901058633790385,-0.03293530000461295,36.11240137264211,-0.014921528259379237,47.92008074255716,47.901058633790385,-0.05560577371813296,44.837587059907044,-0.056230006926759724,46.01346105357999
2024-04-18,KCEL,3027.01,280.0,-1.064061649486587,-2.42665654551641,-0.735923402704856,0.0,-0.01542456837678853,-0.09861598242256772,48.521191685782334,-0.011679345826776696,45.3337892027312,0.0019017329164936134,51.20894209576272,48.521191685782334,-0.056993513033947396,44.68000217191423,-0.032675408800910674,47.52772296178326
2024-04-19,KCEL,3039.45,35620.0,-0.666349891427429,2.9389732700614846,-0.0035181771901878667,0.0,-0.01481674163323715,-0.09206860134757382,48.61932206670068,-2.979549088231656e-06,50.58396632363098,-0.005513191981788624,49.758966610348274,48.61932206670068,-0.05110374920979596,45.34951306653433,-0.05320392771561884,46.2076473057176
2024-04-22,KCEL,3019.41,30810.0,-1.236150814686212,1.8274397658397132,-0.01596958134424666,0.0,-0.022727614548159074,-0.1772828505713136,47.343261744646206,-0.005971509239979203,47.89456631933263,0.010387052815900223,52.86559524217128,47.343261744646206,-0.0452248375865294,46.019472275574294,-0.04519250079367444,46.72228826083698
2024-04-23,KCEL,3026.78,980.0,-0.8694953823647499,-2.157899124076245,0.3821935385240481,0.0,-0.014913844824564607,-0.09311457637905114,48.603644541062415,-0.002948090440183871,49.25636255920355,0.0080177276244218,52.403491844894454,48.603644541062415,-0.058180666824202226,44.54527945834828,-0.04103992551097055,46.98932461561129
2024-04-24,KCEL,2966.56,22340.0,-2.820694001761049,0.9686672107457432,-0.03134098277666827,0.0,0.004420380829102063,0.1151496115453778,51.72655743263357,0.04920889515128641,71.31572393001136,0.03493563216398156,57.61035633907432,51.72655743263357,-0.0336991028034822,47.33690166700214,-0.021793000219162487,48.22903272579321
2024-04-25,KCEL,3000.0,750.0,-1.3164942349456148,-2.4253738780920537,0.6222114301112648,0.0,-0.006266666666666669,3.099713146281928e-05,50.000464956971925,0.023781904761904806,61.11760000493193,0.021147222222222248,54.95688017450134,50.000464956971925,-0.04383071428571436,46.17856660036127,-0.03267460317460319,47.5277748471955
2024-04-26,KCEL,3047.99,142110.0,0.5738453903159779,3.4262037975211683,0.9761061802934075,0.0,-0.03752820081352591,-0.3367116342514869,44.96643422543701,0.004449723728939941,52.58899804084414,-0.00025135071840467343,50.788011832621706,44.96643422543701,-0.061094274776294144,44.2149757169824,-0.047563619560993975,46.569893809687436
2024-04-29,KCEL,3010.04,580.0,-0.8628653187572874,-2.6824040126654647,-0.03986847458735976,1.0,-0.019476376862997958,-0.14226120613731646,47.86737656777322,0.01454144654092024,57.092608872640625,0.005938022724161459,51.997532681086476,47.86737656777322,-0.048670149945800496,45.62665518029341,-0.023868403425741452,48.09522236374492
2024-04-30,KCEL,3026.59,830.0,-0.30711065692291456,-2.3240173355766385,0.39680930876654474,1.0,-0.03448069740019117,-0.30388457228664845,45.454317688243016,0.0099831894603791,55.06838899216243,-0.003543923451071385,50.144114417912554,45.454317688243016,-0.05630085640935847,44.75864370958717,-0.0369071717767447,47.25525759833081
2024-05-02,KCEL,3121.07,9760.0,2.812691474474405,0.14058162799588717,0.37326903824635876,1.0,-0.06290562234049674,-0.6100718494783212,40.949749065971275,-0.01745305630583256,42.768392647202745,-0.0405211894058922,42.959190623944274,40.949749065971275,-0.08428974331961149,41.605942960199,-0.07905751691740237,44.55290334326081
2024-05-03,KCEL,3079.86,7910.0,1.3937572481820601,-0.18474126451184217,-0.026750406760285183,1.0,-0.04566360884369202,-0.424344528228552,43.66899557514087,-0.009036218529413675,46.517367722346265,-0.022904642094121196,46.36397007826976,43.66899557514087,-0.07742143479465521,42.37428516873073,-0.06593776356717525,45.391350729098114
2024-05-04,KCEL,3070.0,560.0,1.0548878034336746,-2.7585040722268745,-0.4242115909866079,1.0,-0.024578579184116642,-0.19722104999495757,47.04513143533106,-0.012783400548058559,44.84087942319392,-0.034064398169691326,44.20112376981013,47.04513143533106,-0.05642202057804671,44.74488529773066,-0.06023533167881699,45.756622688376424
2024-05-06,KCEL,3061.99,570.0,0.7661495371906935,-2.616209381642988,-0.1705660312994115,1.0,-0.01739910589062392,-0.1198852827406418,48.20249572994333,-0.01028151057044173,45.95916131528165,-0.02139080162465151,46.65860509828893,48.20249572994333,-0.0374994842924797,46.902004963612306,-0.05672848946610447,45.981484424306004
2024-05-10,KCEL,3064.96,880.0,0.8229154412532809,-1.5945380334579446,0.005268703787803945,1.0,-0.024304067191016434,-0.19426406488768544,47.08933360861891,-0.010995293446953571,45.63965317503378,-0.02332436113514106,46.28232524411613,47.08933360861891,-0.013968377018100355,49.599806956054735,-0.0609336179637861,45.71186830914588
2024-05-13,KCEL,3074.99,970.0,1.149914533540323,-1.4971658284616278,-0.24268547227422838,1.0,-0.032086540284012754,-0.27809521839701756,45.83822302073049,-0.01147124368761658,45.42680281692896,-0.025897608555908513,45.7822223195522,45.83822302073049,0.007119266934511204,52.0199148170792,-0.05384295556103749,46.16663052298865
2024-05-14,KCEL,3060.36,1850.0,0.6033772262333523,0.6404949496858878,-0.4886894016913278,1.0,-0.027605499306337482,-0.22982639310301647,46.558056497039765,-0.006541532648820063,47.63810752875743,-0.03653957979733481,43.72408911784973,46.558056497039765,-0.005523506945027987,50.569386967691386,-0.0702823065166937,45.11338947057776
2024-05-15,KCEL,3039.1,520.0,-0.10113982630333186,-1.0010346366174867,-0.9999999831621489,1.0,-0.029057598662511203,-0.24546810012642412,46.32461985295787,0.006714156133316442,53.60587328998775,-0.024120412919865032,46.127530293523975,46.32461985295787,0.003011304529379817,51.548855837613,-0.05496536485060065,46.094599907062126
2024-05-16,KCEL,3039.01,410.0,-0.12316013670250188,-0.8662559961767528,-0.8559024412358642,1.0,-0.025336328706252194,-0.20538336751956743,46.92314217284835,0.0035427930986609733,52.18107730859442,-0.03356312540795586,44.29786600598221,46.92314217284835,0.032085306483998495,54.872028280926976,-0.04870480675541641,46.49657107543682
2024-05-17,KCEL,3039.95,71440.0,-0.028431222831039597,4.346805019699766,-0.3348446414876119,1.0,-0.02818139247930398,-0.23602979251230935,46.46545842469627,0.01244460869892133,56.163974709441035,-0.03248453060396508,44.50617327807075,46.46545842469627,0.03182601910093036,54.84253868073142,-0.04743327824679647,46.5782693547926
2024-05-20,KCEL,3048.47,1700.0,0.2563529557647279,0.5559385836668984,-0.05127231230191013,1.0,-0.009917175890367213,-0.039291515836127826,49.41065455756055,0.00972895090464591,54.954927268080766,-0.030662219356355644,44.85854856212595,49.41065455756055,0.02955056638091847,54.58360038019537,-0.050937686667280005,46.35314977037165
2024-05-21,KCEL,3048.98,390.0,0.294882735225299,-0.9162652810914139,0.022845438430043156,1.0,-0.004180762720855878,0.022499913091397334,50.33749357074252,0.015577737098027199,57.54975930254073,-0.012746825178173046,48.34481381251285,50.33749357074252,0.02542900342315884,54.113959020133784,-0.05773052872378763,45.91721570300714
2024-05-22,KCEL,3068.0,46360.0,0.9198215287362332,3.8617382102337023,0.6585573956671303,1.0,-0.01338132695929306,-0.07660661819092847,48.851102991625815,0.0071429849340866585,53.798133548324145,-0.014391595269137643,48.0235546058675,48.851102991625815,0.02260833902444072,53.792124757588944,-0.058068426253595706,45.895546706687725
2024-05-23,KCEL,3058.0,800.0,0.46348836869829196,-0.19782191000700683,0.198542801483739,1.0,-0.0055608056412012954,0.0076343827487281015,50.11451554099896,0.005242314460120216,52.94520991927267,-0.017105806004546982,47.493780237100125,50.11451554099896,0.02784761800948845,54.38964787603422,-0.05949248756838682,45.804240373653826
2024-05-24,KCEL,3085.75,350.0,1.293418838893686,-0.9718329030676401,0.5420950113338519,1.0,-0.014617939221382471,-0.08992714383052658,48.65142000125988,-0.010305003510761836,45.948639817949235,-0.030600239226912268,44.87054277477611,48.65142000125988,0.0281615241078743,54.425409513232005,-0.06634626103864538,45.365202790868736
2024-05-27,KCEL,3086.0,312320.0,1.2981014077726156,4.416687747781348,0.6967859097396634,1.0,-0.037392067349730995,-0.3352452333831795,44.98820827807618,-0.014281922198561933,44.17349432966392,-0.030933237663179333,44.806108937812326,44.98820827807618,0.009789527975804707,52.325925710804924,-0.08214654378709789,44.355924209972244
2024-05-28,KCEL,3104.36,380.0,1.12013555106556,-0.8108862815912887,0.7387883410938622,1.0,-0.05605899322959397,-0.5363214093342908,42.02388798864696,-0.0266555079522565,38.763858424435405,-0.0449457598703472,42.113137715425296,42.02388798864696,0.015218157043641808,52.947482231377954,-0.09171572580356524,43.74687457923191
2024-05-29,KCEL,3097.9,480.0,0.9061235958781765,-0.5772879225705609,0.5258426907208708,1.0,-0.06372376481866623,-0.6188847071471327,40.82194866839507,-0.020012085132427162,41.64284512135533,-0.03938044234522415,43.17801023995018,40.82194866839507,0.015801744166683285,53.01424968903352,-0.08170853422466934,44.383844281740075
2024-05-30,KCEL,3082.0,260.0,0.1641530847677886,-1.142446368146231,0.49942240085825235,1.0,-0.07668431702769792,-0.7584930332946166,38.814987451127884,-0.02923109993510707,37.66731158691773,-0.036947785400121544,43.64552578488317,38.814987451127884,0.017089754385422838,53.16157077921934,-0.08555295031055904,44.13891240572846
2024-05-31,KCEL,3062.0,260.0,-0.4886698924517201,-1.1424464100479128,-0.3754429773724591,1.0,-0.062383370398017654,-0.6044462620542014,41.03139308890936,-0.012787288368428218,44.83914542151247,-0.00968335018091713,48.94352133754241,41.03139308890936,0.022210538293262,53.746710128708905,-0.08391829129213192,44.24302414537199
2024-06-03,KCEL,3049.99,64080.0,-0.8816494082107736,4.416687747781348,-0.34224672167820475,1.0,-0.07565169187387916,-0.7473698136248588,38.973604172258916,-0.009894383513981786,46.13259038753026,0.0001603680954041127,50.86851379614337,38.973604172258916,0.02398704058332335,53.949474041948164,-0.07166086808793581,45.02525278314685
2024-06-04,KCEL,3029.72,5160.0,-1.4048737975177203,2.0192405788598906,-0.07081444316376069,1.0,-0.058796393322741905,-0.5658081039470432,41.59346155787111,-0.002610756821993438,49.40840866562749,0.003966608816488741,51.612467407800835,41.59346155787111,0.02223832458507881,53.74988253319722,-0.048086911075024164,46.5362698023923
2024-06-05,KCEL,3043.98,550.0,-0.9232384438133509,-0.21949142771646896,0.9561975546086287,1.0,-0.06327582077693403,-0.6140595487074798,40.891905854274405,-0.02274449107043129,40.45061238560231,0.0037839257438335196,51.576774545504456,40.891905854274405,0.02243024222047635,53.77179324000143,-0.0523200477898766,46.26438866883294
2024-06-06,KCEL,3000.0,1130.0,-2.3538274276185867,0.5005394217373965,-0.5925925816186559,1.0,-0.018453571428571427,-0.1312437624071541,48.032360232258,-0.002709920634920635,49.363711379644606,0.01871984126984127,54.486369540454874,48.032360232258,0.039634206349206356,55.729006215466015,-0.04737936507936502,46.581733793707855
2024-06-07,KCEL,3030.99,27580.0,-1.3403703817692756,3.491414810674811,0.8088928422870062,1.0,-0.040333785036289344,-0.36693279388177213,44.51813253066547,-0.02248626072433658,40.56282856860807,-0.014873893886470152,47.92938103687894,44.51813253066547,0.03241000253885309,54.908952195203454,-0.041405837079948216,46.965787080304075
2024-06-10,KCEL,3028.0,9130.0,-1.370176369894386,2.333705931418444,0.7340303361719999,1.0,-0.02944676773395407,-0.249660147021976,46.26208473106326,-0.02019219139879642,41.563941211248576,-0.027076253905349016,45.55343348835471,46.26208473106326,0.031452518294856506,54.80005324185533,-0.04051071271309052,47.02336899109284
2024-06-11,KCEL,3030.0,470.0,-1.2820963388036464,-0.7193656593507327,0.7214484579185458,1.0,-0.030747120069149772,-0.263667267242682,46.053219016951026,-0.01626590444758757,43.29316968388409,-0.03760383074021688,43.51933011484639,46.053219016951026,0.030740495835297775,54.719041884239374,-0.04778366729530091,46.55575429835348
2024-06-12,KCEL,2983.0,500.0,-2.8132558340589546,-0.30009049537678517,-0.967207439295701,1.0,-0.025938367947469478,-0.21186840684396255,46.826246670993,0.017774212202480724,58.51436553785554,-0.040714581703728506,42.922120875741676,46.826246670993,0.05620454160879903,57.59753333489257,-0.032093964742003586,47.565171561919776
2024-06-13,KCEL,3000.0,2160.0,-2.257785078319558,1.1631231195653733,0.09200273285027037,0.0,-0.026940714285714214,-0.2226654695188763,46.664976986552794,0.016660714285714286,58.02612754034826,-0.03785912698412695,43.47024439679008,46.664976986552794,0.046420317460317474,56.496504158853575,-0.0387738095238095,47.13512365122653
2024-06-14,KCEL,2971.0,680.0,-3.194690009307767,-0.3500234575283906,-0.7327382322725523,0.0,-0.016287175100041212,-0.1079077995314832,48.38194818992503,0.020482114674659303,59.69457449930784,-0.04581309750872195,41.94781336608042,48.38194818992503,0.056937943506809245,57.67977483567546,-0.023986843321419246,48.08758682921548
2024-06-17,KCEL,2975.0,450.0,-3.1980311278915368,-0.49738193244870504,-0.45109529159905964,0.0,-0.01941335200746971,-0.14158231572863048,47.877541486166294,0.014404645191409864,57.032167879546336,-0.03633865546218487,43.762770647108255,47.877541486166294,0.04745123716153128,56.612836836305355,-0.023926937441643314,48.091448805716446
2024-06-18,KCEL,2988.84,520.0,-2.747562051742448,-0.1677864237638251,0.9956740450127227,0.0,-0.02393682728320794,-0.19030823430293825,47.14847404304245,0.009456501152541374,54.83328104013917,-0.04084431553633497,42.89725773143143,47.14847404304245,0.04604700815605476,56.45436087803238,-0.02954008572206071,47.72968906230885
2024-06-19,KCEL,3044.0,37460.0,-0.9503940984177143,4.109368835409275,0.9381768847227385,0.0,-0.04417817825334254,-0.4083437842029659,43.90530053363286,-0.017255348017437302,42.855679475085346,-0.028025671109442464,45.36927644180888,43.90530053363286,0.018211469870471175,53.289826480073984,-0.05340582045345517,46.19468801634233
2024-06-20,KCEL,3058.0,5410.0,-0.43539916812148727,2.174348617633933,0.2623626337587548,0.0,-0.04700534196019808,-0.43879739347001323,43.45579674543121,-0.018169507770407038,42.45246510425566,-0.04412137692443448,42.27043857596449,43.45579674543121,0.0086530580730221,52.19570669924355,-0.054593042708690254,46.118491887687235
2024-06-21,KCEL,3039.9,630.0,-1.0204791367175428,0.024096643115441334,-0.32801437995263844,0.0,-0.04710106868333705,-0.4398285414774031,43.440595104649375,-0.014872684173508243,43.910954867727995,-0.028446050817774494,45.28777616938879,43.440595104649375,0.01989394434967315,53.482116724345765,-0.043536077079603205,46.82878493197169
2024-06-24,KCEL,3026.1,3890.0,-1.468113021571324,1.781499389628199,-0.6874910141104237,0.0,-0.0244282674068934,-0.1956019233343075,47.06933420611738,0.010860587610015121,55.45954260184649,-0.024556838009318897,46.04269745569166,47.06933420611738,0.02536839881916221,54.10704762041446,-0.0379692348787769,47.18690085601149
2024-06-25,KCEL,3025.5,35410.0,-0.5227849910874929,3.990102233320645,0.35340021508583563,0.0,-0.007647799852051215,-0.014846277315525036,49.77730731278906,0.017063262467439392,58.20282043251632,-0.034891703063641547,44.04155609698597,49.77730731278906,0.024594671089390972,54.01879726719153,-0.03148194552651662,47.60459234894891
2024-06-26,KCEL,3000.01,490.0,-1.263772747388969,-0.6135203716398442,-0.6845901414888216,0.0,0.025927876995700944,0.3468238096053871,55.18366484384877,0.022741026678059148,60.6706416280734,-0.02200353476202698,46.53932111417662,55.18366484384877,0.03086748509118719,54.73349210997275,-0.015377971892210185,48.642789960879156
2024-06-27,KCEL,3010.96,1250.0,-0.8955123072409255,0.322960894540403,0.4371929747860895,0.0,0.04705181973286164,0.5743664512773378,58.53123064668752,0.023625488385078698,61.05055121632195,-0.024631955921035238,46.02809824355904,58.53123064668752,0.02566055638638274,54.14036405378748,-0.009619061557543662,49.014388989846665
2024-06-28,KCEL,3003.0,600.0,-1.150021295959325,-0.6847707829579255,-0.8553773111917623,0.0,0.031892063492063485,0.4110687646165139,56.13496282915615,0.026380949605949607,62.22537226328498,-0.023797477522477576,46.19031733725381,56.13496282915615,0.028759490509490504,54.49351996141472,0.010611219336219335,50.32035746700233
2024-07-01,KCEL,3067.0,62710.0,0.9612504865493322,3.9645594745565234,0.9999999850746272,0.0,0.011336879014185827,0.18965266657329297,52.841724314517016,-0.01791608792522552,42.564144423871106,-0.044323610399490815,42.23183567923364,52.841724314517016,0.009693631515207975,52.314938897740134,-0.015562052132014642,48.630914268167736
2024-07-02,KCEL,3084.99,1200.0,1.3748463033035827,0.008368180980604326,0.659228429288411,0.0,0.03386607302038032,0.4323323775862955,56.44886518201098,-0.03662617602063688,34.5914991103335,-0.05221236609704219,40.73384947710345,56.44886518201098,-0.005636455273683769,50.556420242903165,-0.017388794773433608,48.51307298192826
2024-07-03,KCEL,3076.0,18890.0,1.0587815256597644,2.785903853531965,0.03703703612254232,0.0,0.03691866885462465,0.46521429403169623,56.933256990378936,-0.0435579236072409,31.820346115673757,-0.04781856048878155,41.56624673167806,56.933256990378936,0.0016688468842239873,51.39485280084458,-0.014842539269717403,48.677333553196995
2024-07-04,KCEL,3089.9,6340.0,1.4191349705573686,1.6439309907701052,0.6548785544337803,0.0,0.03284752688868037,0.42136081416390264,56.286961286334304,-0.0656993146642132,23.843067203895636,-0.05797210246440402,39.650753067699505,56.286961286334304,-0.007287942076514557,50.366818160864526,-0.020993134891096832,48.28061044422605
2024-07-05,KCEL,3090.0,400.0,1.3720151894814567,-1.4498351992693164,0.666109044292116,0.0,0.028921702111265216,0.37907266030412234,55.66170398141559,-0.05763743257820925,26.582141859423025,-0.040203656187394125,43.02007301685781,55.66170398141559,0.012052585144090022,52.58513547437214,-0.019510217290799825,48.376243034707485
2024-07-09,KCEL,3020.0,14480.0,-1.0089526760357432,2.469820496647837,-0.9999999866666669,0.0,0.056941643014821824,0.6808975351401628,60.07373919027976,-0.05292173867339438,28.274371867269632,-0.0011352727846105325,50.615168325415084,60.07373919027976,0.03959014243666561,55.72401330031405,0.00635963681278251,50.04587260544765
2024-07-10,KCEL,2980.0,18700.0,-2.280831188326037,2.725575282532829,-0.9999999897959185,0.0,0.073171266112709,0.8557196012186153,62.56106140876155,-0.029438891552146587,37.57937678394602,0.037589860977948225,58.11662656489991,62.56106140876155,0.05545128102695217,57.513021116246,0.02113240918291251,50.999494187234276
2024-07-11,KCEL,2950.0,108570.0,-3.0711064568993316,4.1538238912446515,-0.31618086745720986,0.0,0.09455667204735005,1.0860786691323403,65.73815597024463,-0.019550161420500478,41.84540718471923,0.07367909604519773,64.79172050353752,65.73815597024463,0.06836435969868174,58.955335368092776,0.01701552999730968,50.73378210296266
2024-07-12,KCEL,2894.9,48080.0,-3.8837720624333327,2.7659502385632466,-0.37853389569009066,0.0,0.09620312700989751,1.1038139336250283,65.97742493237719,0.031112876065022912,64.20914310748336,0.07567366808733693,65.14685188428,65.97742493237719,0.0858409937536565,60.88268814954699,0.05283171458618796,53.04242392170959
2024-07-15,KCEL,2919.9,119920.0,-2.559067772477433,3.249953849666961,0.30804597347073803,0.0,0.09900745822182427,1.1340215960876983,66.38308590407348,0.0100991685543699,55.120130767083594,0.06773819561661437,63.72434093122278,66.38308590407348,0.08454199846211305,60.740515292354615,0.03804164485411263,52.09009701172146
2024-07-16,KCEL,2867.99,86920.0,-3.683586074465481,2.6942782435249435,-0.6003076830721963,0.0,0.11743710021154694,1.3325418001797427,68.98728819929757,0.03888414048979716,67.36164518351785,0.11794584234702958,72.23612692108435,68.98728819929757,0.0881935883736839,61.13970456710951,0.05659060430270929,53.28413227274189
2024-07-17,KCEL,2900.0,84150.0,-2.0603130702554417,2.0898316310717804,0.8524559619563296,0.0,0.10054685276409421,1.1506036283854513,66.60474899922978,0.02669209085933224,62.35716145839042,0.10547562944718118,70.23780098117966,66.60474899922978,0.09205717022441162,61.56044679743889,0.04320740284619598,52.422926417678596
2024-07-18,KCEL,2899.99,36900.0,-1.8001866052088766,0.7994103594693641,0.999491068715229,0.0,0.09871715723349246,1.1308945352644935,66.34120305184602,0.01566016168528672,57.58606586057957,0.10618637858056121,70.35390513212923,66.34120305184602,0.09238103062698035,61.59563756356201,0.03656744859191366,51.99507931719328
2024-07-19,KCEL,2992.5,53180.0,1.6142523395308819,1.1648809234909472,-0.10714285671768707,0.0,0.061843629908103596,0.733700700771568,60.831155127703,-0.011218358395989902,45.53987568437549,0.06763166248955724,63.705072780781165,60.831155127703,0.04919367167919799,56.809293192940466,-0.00043886800334169696,49.6069579464212
2024-07-22,KCEL,2957.0,860.0,0.31589759941927564,-3.0843747817577287,0.19297439796837934,0.0,0.06574199800312415,0.7756930970579942,61.42981792151343,0.0016743150501097007,51.3398130767108,0.08447014321679523,66.69266190821503,61.42981792151343,0.065549610823926,58.64216402532515,0.012888111610330155,50.467348188750805
2024-07-23,KCEL,2986.99,2770.0,1.3357545054904523,-1.9147327384666117,0.9999999721758495,0.0,0.06010971841138377,0.7150233729971969,60.563820185795,-0.01019921620942714,45.996020324379025,0.07530200903261058,65.08080441201005,60.563820185795,0.05481362084153631,57.44144434326838,-0.007057170708081761,49.1797348291845
2024-07-24,KCEL,2985.0,280.0,1.277849512677254,-3.257299363118523,0.882213646575519,0.0,0.06255507896625986,0.74136427949464,60.94065981189238,-0.00944677155619374,46.33323258878439,0.08623246390683581,66.99821222951846,60.94065981189238,0.07720075376884421,59.93366575330455,0.00011771556193670984,49.642889882611456
2024-07-25,KCEL,2953.11,21280.0,0.33664621597659017,0.24896711742990785,-0.70509089627107,0.0,0.0780502646120772,0.9082751407347647,63.29666651401005,-0.0010257321579139826,50.12292562551311,0.07902260018937254,65.73934327562664,63.29666651401005,0.08420104810812035,60.70316855246399,-0.0024177313553702118,49.479209978672515
2024-07-26,KCEL,2967.01,260.0,0.7998039464602128,-3.257299363118523,-0.31996085322991025,0.0,0.0708987813208134,0.8312408758622163,62.216424470866805,-0.004019386123211175,48.77360304824469,0.08609222224709888,66.97394927313698,62.216424470866805,0.08066576800127404,60.31519325936252,-0.006483234850883868,49.216779552866875
2024-07-29,KCEL,2969.99,620.0,0.9049523083428225,-3.257299363118523,-0.2417344107931191,0.0,0.06979961443940517,0.8194008827820436,62.049282298891306,-0.011058614189123647,45.611326061621845,0.08332501681503185,66.49336366427939,62.049282298891306,0.07920510562218244,60.15451195082473,-0.009756500044599437,49.00551921176004
2024-07-30,KCEL,2964.68,12370.0,0.7255066167967571,-0.41831574202516697,0.5931654569574571,0.0,0.08049230800037097,0.934580315415643,63.66256391568608,0.009282842073375604,54.75571366555925,0.08100834247268006,66.08837078583178,63.66256391568608,0.08858201901819332,61.18208076943091,-0.020586196374201088,48.30685247492642
2024-07-31,KCEL,2964.99,480.0,1.1406895091651452,-3.257299363118523,-0.3040862295290643,0.0,0.07673142197219336,0.8940688468642145,63.09841876738644,0.026073641226446034,62.095028952652534,0.07912490154548028,65.75736651062375,63.09841876738644,0.09019151065152561,61.35748899061153,0.003506187148467066,49.86164951953469
2024-08-01,KCEL,2958.1,23360.0,0.9147653434438532,0.3422244987229912,-0.6582308831470153,0.0,0.07924998824857019,0.9211983099044888,63.47661861567189,0.05384079598766479,72.9934839740093,0.07922684489400375,65.77532215119109,63.47661861567189,0.09786654063392253,62.18982476307393,-0.0013095488416792478,49.5507493386623
2024-08-02,KCEL,2963.0,2480.0,1.1956111877999573,-1.9005305711256302,-0.14878636003731463,0.0,0.06936719085654286,0.8147429074414531,61.983448156481955,0.07740673826398599,80.52196230249157,0.06839801654265035,63.84358128583633,61.983448156481955,0.10830706317063894,63.31055735774422,-0.0033234283678597043,49.42074375709112
2024-08-05,KCEL,2945.0,7360.0,0.6316298327464237,-0.8127377674074757,-0.41547813402527295,0.0,0.0796366251650632,0.9253630809626849,63.53453223273371,0.06567309874147734,76.9884079959228,0.08029154404829274,65.96258063753606,63.53453223273371,0.12084853329560452,64.63793706046376,-0.003542329614358408,49.4066130723321
2024-08-06,KCEL,2999.99,41910.0,2.506807737476232,0.9267231869054068,0.6088755965868473,0.0,0.051143873627726974,0.6184451900188349,59.17168056116305,0.04742294445611123,70.65243020098005,0.06199214780715945,62.67892524992944,59.17168056116305,0.10132997382213504,62.563117859488514,-0.022964663808138608,48.15348718169833
2024-08-07,KCEL,3050.0,8880.0,4.124187215810282,-0.8114284934211249,0.9999999857081608,0.0,0.028873497267759566,0.37855340792926323,55.65401492769946,0.05905323315118397,74.8058588839116,0.048085044236273744,60.10084830086059,55.65401492769946,0.08826324486078585,61.14730504758761,-0.039894886807181854,47.06298869181855
2024-08-08,KCEL,3125.0,10430.0,6.677854446702693,-0.4781784027901475,0.7667844468778484,0.0,0.008647019047619067,0.1606780641453329,52.40830596219605,0.0335595015873016,65.21655223060831,0.020696412698412728,54.86956210384633,52.40830596219605,0.07570944444444444,59.769085551131106,-0.06687375555555562,45.33144163193294
2024-08-09,KCEL,3200.0,7720.0,9.251275709615205,-0.3897978153588132,0.6969696927456382,0.0,-0.014804960317460317,-0.0919416955067662,48.62122420480962,0.0099098710317461,55.03567376128572,-0.0035161210317460716,50.14955197573179,48.62122420480962,0.04437063492063492,56.264999185373476,-0.09512038690476196,43.53062226613509
2024-08-12,KCEL,3146.0,950.0,7.146140595898304,-2.3187444340514243,-0.9877519649431998,0.0,0.001375367814004179,0.08234937562341782,51.234989395132516,0.023463256945075124,60.98096560010605,0.02200342561478922,55.12263520524425,51.234989395132516,0.05425822788322789,57.37907655634446,-0.0736491997901089,44.898186287875184
2024-08-13,KCEL,3150.0,410.0,7.087761114135891,-3.007806898113028,-0.7792604731926573,0.0,-0.002511111111111108,0.04048504695965052,50.60724584569919,0.02580595238095238,61.981347528859665,0.017232936507936513,54.197754244474,50.60724584569919,0.05196388888888882,57.121187261248664,-0.07209484126984125,44.99751366015046
2024-08-14,KCEL,3238.0,32090.000000000004,9.319341449226808,1.448320666680922,0.8708249409373735,0.0,-0.03129478808200237,-0.26956663119922614,45.96529230204392,-0.0004537858956636595,50.38075755212555,-0.010746084443660075,48.73578372173578,45.96529230204392,0.020822499436257934,53.588197475650254,-0.111913876143416,42.467706493238204
2024-08-15,KCEL,3237.96,910.0,7.3896934530674345,-2.1145200782587503,0.5167862192713576,0.0,-0.031015869603965823,-0.26656218036856244,46.01006885476967,0.008952915224694696,54.60828365469253,-0.018121043114153603,47.29575921947145,46.01006885476967,0.022354313488975118,53.76312483996467,-0.11260480627426209,42.42411709857956
2024-08-16,KCEL,3240.01,1430.0,6.768037937025564,-1.2646739571146115,0.5694323061218033,0.0,-0.028708514249637645,-0.2417078366917,46.38072366165261,-0.009094071696721755,46.491414417533875,-0.01543971304737798,47.81891806232281,46.38072366165261,0.03077069991161592,54.722478906408156,-0.11478475987948905,42.28666574241484
2024-08-19,KCEL,3228.0,660.0,5.8723910453911365,-1.3805863109334837,-0.003109368620936193,0.0,-0.03386579778131823,-0.2972610036951995,45.552867704814055,0.005757169410515134,53.17644141767616,-0.01954887885761493,47.01740656563384,45.552867704814055,0.04925858411518257,56.81660785575484,-0.11288771759013395,42.40627218816196
2024-08-20,KCEL,3239.5,360.0,6.2106720855653625,-1.9867109739105617,0.6108949303150824,0.0,-0.0332596010431749,-0.29073118069357773,45.65005701789818,0.0006337012497029475,50.8709267902575,-0.02756013236904578,45.4595607842066,45.65005701789818,0.042773696153874365,56.08444028662616,-0.11821470808007312,42.070641543607465
2024-08-21,KCEL,3244.97,490.0,6.34140284866708,-1.3837267581370678,0.9755813764422172,0.0,-0.039013369973435255,-0.3527095622036864,44.729013857338586,-0.004975562977543002,48.34291012664886,-0.024548210364504962,46.04437428726468,44.729013857338586,0.024594383318093653,54.01876443965744,-0.10187005931793527,43.102640942194746
2024-08-22,KCEL,3275.4,32520.000000000004,7.315762272281286,2.8114608978349263,0.9999999895178199,0.0,-0.02981112063375757,-0.2535848793673387,46.20354794386293,-0.015868940834561855,43.468988596647186,-0.033164884768708755,44.374754624785915,46.20354794386293,0.030027104795633808,54.63784973596775,-0.11139247303855292,42.50060852994565
2024-08-23,KCEL,3219.0,560.0,3.752877597384148,-1.2501968584570056,-0.49999999305555565,0.0,-0.009430599934910279,-0.034050222595735063,49.489264425615715,-0.0008300008136215031,50.21116224618984,-0.017004438305300372,47.5135563405129,49.489264425615715,0.04395258768620841,56.21774824616293,-0.09983944954807024,43.23129197209825
2024-08-26,KCEL,3255.0,640.0,4.894948646504565,-1.116667522468745,0.5618221136264214,0.0,-0.019224411162314384,-0.13954708492151685,47.9080157241077,-0.020121044546850996,41.59510524844215,-0.03050841013824885,44.88831436681727,47.9080157241077,0.026170839733742984,54.198545747407515,-0.1078623271889401,42.72354429514258
2024-08-27,KCEL,3250.0,380.0,4.701215483668673,-1.6379545022762294,0.7135491058851576,0.0,-0.01601626984126984,-0.10498966540327326,48.42567558982555,-0.013803571428571457,44.38631693095822,-0.03023732600732596,44.94078460582352,48.42567558982555,0.019258974358974307,53.40955776357441,-0.10608876678876678,42.835660422358266
2024-08-28,KCEL,3237.3,5320.0,3.9495888993890933,1.4975143200171182,-0.1764705834515913,0.0,-0.015212003389067665,-0.09632627735023365,48.55550790986624,-0.008337452175754979,46.83098371645673,-0.026113888226961677,45.74022629095478,48.55550790986624,0.03782890426766568,55.524352408020064,-0.10055793209508807,43.1857613614829
2024-08-29,KCEL,3232.0,3630.0,3.644313463976086,0.6188403440586694,0.6087587910986578,0.0,-0.006079836555084017,0.002043491563129508,50.03065236960694,-0.0032184150557912935,49.13452915932575,-0.021554781549583533,46.6266784620974,50.03065236960694,0.03797969118340408,55.5414532831014,-0.10139446016030175,43.132764654774
2024-09-02,KCEL,3224.75,1010.0,2.552886011427506,-0.660436054705108,0.5289593784071223,0.0,-0.018561339134201316,-0.13240461333025438,48.014974673526446,-0.002880252991187919,49.28693786271156,-0.028174092060784826,45.3404987701639,48.014974673526446,0.035688221586021814,55.281436451268604,-0.09362322592990478,43.62568694144554
2024-09-03,KCEL,3198.0,2800.0,1.5933444094261902,0.8307649123346383,-0.37652580981139294,0.0,0.004502676524017993,0.11603608335854257,51.73983853211618,0.0054476689299859625,53.03745437146377,-0.015814337085678556,47.745793137738964,51.73983853211618,0.0476936641948837,56.64018264217234,-0.0852029944310432,44.16119685859706
2024-09-04,KCEL,3213.6,5590.0,1.7440917138590675,1.5221235232600863,0.9999999813049172,0.0,-0.00017015926360583813,0.06570128495252907,50.985391669602876,0.008609152471045675,54.454584995748675,-0.0247871800798985,45.997932495228845,50.985391669602876,0.04111539054257505,55.89677233893872,-0.09608388930379227,43.46946821370652
2024-09-05,KCEL,3218.73,490.0,0.02143696515420325,-0.9121936164212188,0.6564910883431436,0.0,-0.009582676615429369,-0.03568836042126233,49.464695047404994,0.0036174917036932487,52.214687109151605,-0.007756806877246598,49.32019982490344,49.464695047404994,0.03717880172496303,55.450608781846945,-0.10282985821603988,43.04186433337589
2024-09-06,KCEL,3230.0,10810.0,-0.05601161658338365,2.4006693102231114,0.9999999166666736,0.0,-0.010019557472111649,-0.04039434857235275,49.39411442989063,7.660695857293663e-05,50.61983950862159,-0.008161167624944714,49.24113122536143,49.39411442989063,0.030604368765049877,54.70355097481408,-0.115527681949973,42.239849865581384
2024-09-09,KCEL,3223.9,360.0,-0.5543820422668099,-1.0014389828585235,0.9999999489535503,0.0,-0.007826571755494827,-0.016771970434107605,49.748422566539155,-0.005426901374506012,48.13969432076555,-0.0048973796894917505,49.8794057123376,49.748422566539155,0.03318748966671046,54.997344739879026,-0.11555172857039467,42.23833477944094
2024-09-10,KCEL,3223.89,460.0,-0.6504216689646353,-0.7039525260344995,0.999275063455038,0.0,0.012243236963508621,0.19941576263236704,52.987672997567024,-0.002073057238305238,49.65078703307419,-0.0031832312937830256,50.21465776821251,52.987672997567024,0.0244649470271718,54.00399863116569,-0.11096996197583836,42.527275069870676
2024-09-11,KCEL,3249.85,26750.0,0.1237943050067357,3.5285997951724224,0.119741097740208,0.0,-0.0005302564819230672,0.06182239390770149,50.92722959467483,-0.017809912746888666,42.61095728035057,-0.01432773451570778,48.03602511632964,50.92722959467483,0.01911243463373525,53.39281039173668,-0.11996924101014672,41.96025469884203
2024-09-12,KCEL,3238.98,1130.0,-0.2465427271808898,0.16303863009906774,0.8799999482352993,0.0,0.004400032571982532,0.11493042442505613,51.72327353875853,-0.01899430286548176,42.089525878523204,-0.003508740244209688,50.15099549912223,51.72327353875853,0.021263361555033923,53.63855150108719,-0.12927019651101213,41.37645055215132
2024-09-13,KCEL,3238.88,430.0,-0.33863984980378203,-0.8031418937749705,0.47720928012981106,0.0,0.004100972195758012,0.11170900932881915,51.67500811897455,-0.01428180248865178,44.17354756325931,-0.01815963168534055,47.28823419444845,51.67500811897455,0.019690003971586392,53.45881374710481,-0.12332852647868098,41.7491296838071
2024-09-16,KCEL,3215.0,4090.0,-1.0753790821894589,1.5888639578708588,-0.32703553020612736,0.0,0.018485757485990795,0.2666588728817694,53.99137229378398,-0.006372980078501074,47.71392852695589,0.0038741224172406177,51.594397495125875,53.99137229378398,0.024356311560393987,53.99160519245149,-0.11595198844701177,42.21311807309157
2024-09-17,KCEL,3225.75,280.0,-0.7046670982527588,-1.0926304331105476,0.7878260595538635,0.0,0.016609108162369032,0.24644400343708112,53.68993928549407,-0.010655655569210557,45.79164098172887,0.0007835859508493782,50.990360735332885,53.68993928549407,0.019219635798983628,53.40506201026013,-0.11950442126784847,41.989491155239854
2024-09-18,KCEL,3200.54,610.0,-1.482913696901609,-0.30192233365291726,-0.9992716314904895,0.0,0.029413855734761372,0.3843740350044871,55.74019079118385,-0.005386950518072286,48.15767987127628,0.0009232170717024951,51.017658815756725,55.74019079118385,0.02965191191694736,54.595138518973705,-0.11804196656397559,42.08151392370495
2024-09-19,KCEL,3186.0,340.0,-1.9224728537634395,-0.8864292661820677,-0.6396455320103325,0.0,0.04564417765222849,0.5592036286195956,58.31023978398683,-0.0020944018473679034,49.641165154350844,0.008661694018473682,52.5291324609222,58.31023978398683,0.02754449600932652,54.35511051689505,-0.11345594565509816,42.37043662884513
2024-09-20,KCEL,3201.17,5340.0,-1.4494481349535637,1.8675925135973508,-0.605358993166505,0.0,0.045735525691474516,0.560187610370551,58.32459108253845,-0.006557290546199624,47.63101961173513,0.004109437582370035,51.640372338485086,58.32459108253845,0.04058749896305269,55.836996009243435,-0.12000548440101588,41.957975281442444
2024-09-23,KCEL,3203.0,460.0,-0.9058765770635724,-0.5841534815492796,-0.3370473443719369,0.0,0.04668174875736536,0.570380125030467,58.473164726639645,-0.004152551923048332,48.71360849921809,0.023711877877386767,55.45303631348764,58.473164726639645,0.03301209134293743,54.97740643256195,-0.11757080242233224,42.11117297609446
2024-09-24,KCEL,3200.0,140.0,-0.9960851560720746,-1.773719933647292,-0.4314357167405686,0.0,0.053007142857142864,0.6385159319197542,59.462287132651085,-0.01208531746031746,45.15242989297536,0.02007559523809524,54.74926591426724,59.462287132651085,0.03336686507936508,55.017733480307264,-0.1194763888888889,41.991254529315185
2024-09-25,KCEL,3192.0,340.0,-1.235306107337542,-0.8680826211316787,-0.48871829521474836,0.0,0.06981597744360903,0.8195771416011741,62.05177260840695,-0.005399248120300758,48.15214353973381,0.02425238095238095,55.557466455514295,62.05177260840695,0.03885467836257309,55.64066030951027,-0.11416925647451967,42.32546272210694
2024-09-26,KCEL,3188.09,490.0,-1.3474203497724484,-0.5026260193899543,-0.6562824336375096,0.0,0.06583398605160759,0.7766839728530391,61.44390340840148,-0.008309561286558294,46.84350689632696,0.025220462529263753,55.7443854361374,61.44390340840148,0.030407628083232545,54.68116078361782,-0.10975765215845262,42.60381338881514
2024-09-27,KCEL,3189.0,490.0,-1.2952733525356221,-0.11551215744185749,-0.2502084966551965,0.0,0.057038819827084176,0.6819443032007739,60.08880240012991,0.010191132464274538,55.161150772707515,0.03178763383057836,57.00783476688752,60.08880240012991,0.038971535337245525,55.65390629744877,-0.11006094872254321,42.58466163662604
2024-09-30,KCEL,3198.5,490.0,-0.989111108799522,0.0,0.9660664485434202,0.0,0.05295659795886458,0.6379714729700029,59.45441249345531,0.010307768460414233,55.21316552298672,0.030267679914444023,56.71616175500244,59.45441249345531,0.018359360042281725,53.3067328709377,-0.10584003712057496,42.85138984965685
2024-10-01,KCEL,3170.0,270.0,-1.8664825817659596,-0.5959782863470455,-0.9999999704927717,0.0,0.06090651069050124,0.723606250839185,60.68674940598161,0.020793680837213967,59.82967733731878,0.044344712332882605,59.39713803506523,60.68674940598161,0.047342302588753694,56.600547687793544,-0.1020483951730008,43.09134674032985
2024-10-02,KCEL,3183.27,4730.0,-1.493771712467285,2.2672696607407405,0.8200382373938727,0.0,0.0579708928315253,0.6919843963926829,60.233184091585635,0.01824089532746127,58.718502733130975,0.05141170626132127,60.723253731802544,60.233184091585635,0.03637181259552364,55.35903554884097,-0.11642908015597014,42.18306620076638
2024-10-03,KCEL,3170.0,129340.0,-1.8379313221950566,4.416687747781348,0.5104918497483323,0.0,0.0717616168444244,0.8405351575601812,62.34742658182645,0.019334003054428922,59.19546834726953,0.061038558409693994,62.50425011216218,62.34742658182645,0.03085439011566772,54.73200205736165,-0.100618614491012,43.18191641283428
2024-10-04,KCEL,3229.92,128100.0,1.3020424665332702,4.416687747781348,0.49837458741717344,0.0,0.06610518279090496,0.7796052467478025,61.48541870741456,0.007877716918243039,54.12727628581834,0.04268662930174297,59.083926976429964,61.48541870741456,0.02732776433206656,54.330413798367715,-0.13102993528366907,41.26626178475366
2024-10-07,KCEL,3240.0,650.0,1.111404736124456,0.28255932012546114,0.14722751938551043,0.0,0.06012460317460312,0.7151837085172149,60.56611784006575,-0.009918430335096946,46.12181487949006,0.044657363315696655,59.45611290255627,60.56611784006575,0.013923677248677185,52.79934514038646,-0.10872345679012346,42.669134615371526
2024-10-08,KCEL,3244.48,260.0,1.2495423149523228,-0.6336962362458607,0.9986196688323536,0.0,0.04230980470664113,0.5232864687503953,57.78544550449287,0.003264176361276667,52.055699651599376,0.05708616402638249,61.776831240003894,57.78544550449287,0.016103739450213463,53.0487963633967,-0.10719962720565099,42.765428380914926
2024-10-09,KCEL,3250.0,240.0,1.4216513701906093,-0.7137340787756511,0.9999999791666672,0.0,0.0559247557997558,0.6699438412167501,59.91599941446397,0.0018634004884004888,51.4249894844236,0.05004798534798535,60.468515529304135,59.91599941446397,0.016125543345543412,53.0512905018207,-0.10159435286935281,43.120103140447455
2024-10-10,KCEL,3240.0,88310.0,1.2462783659224275,4.416687747781348,0.8669778267478664,0.0,0.054582186948853646,0.6554819736212023,59.70742520328738,-0.0027460317460317463,49.347434837489324,0.044995149911816586,59.51979840532552,59.70742520328738,0.019960317460317463,53.489700432589075,-0.10353298059964727,42.99735434632581
2024-10-11,KCEL,3264.28,40420.0,1.702491050215842,4.412637766837605,0.9999999965431416,0.0,0.04080049950974868,0.5070285525146182,57.54731045966979,-0.007118275519470944,47.378752346942555,0.036286145232250225,57.86816117446445,57.54731045966979,0.016514119105678897,53.095736951896534,-0.1108547160452118,42.53454950526026
2024-10-14,KCEL,3216.8,920.0,0.05432108773522468,0.629948945289961,-0.060674156621634605,0.0,0.047797270480769496,0.5823962890081933,58.64812337963703,0.00787850905760624,54.12763095665499,0.05013347080604597,60.48450077400884,58.64812337963703,0.03340931488652828,55.02255829932645,-0.10645827056761525,42.81229602893389
2024-10-15,KCEL,3263.98,167870.0,1.5216494246103436,4.416687747781348,0.9996773852756081,0.0,0.04675695772188535,0.5711902600832469,58.48496728654761,0.013091512995576423,56.4509638040124,0.03632514116809578,57.87559896685334,58.48496728654761,0.028628883998569478,54.47864485257643,-0.12139670949489358,41.870504453121896
2024-10-16,KCEL,3265.0,1270.0,1.1003192108342381,0.8368245348715908,0.9941158871987142,0.0,0.044859638664041454,0.5507527406349072,58.18692648173756,0.008250240039864848,54.294022257314154,0.04504453377573592,59.529106445378154,58.18692648173756,0.012947124990884566,52.68755812123046,-0.1169800730450424,42.14836651762761
2024-10-17,KCEL,3240.0,1430.0,0.3227790098049167,0.9197632687538749,-0.5598149248774059,0.0,0.048398721340388015,0.5888749904104987,58.742364846748195,0.0175957671957672,58.436232141427794,0.06769488536155198,63.71650813851928,58.742364846748195,0.016678350970017575,53.1145208082126,-0.11470449735449734,42.291724385741794
2024-10-18,KCEL,3250.0,6040.0,0.6307968613716246,2.0404439001593206,0.4999166444421278,0.0,0.048160622710622714,0.5863102423485775,58.70506474103286,0.014148473748473748,56.91893102307427,0.06176657509157503,62.6376353000084,58.70506474103286,0.019495995115995104,53.436644180571925,-0.11923440170940171,42.0064775589899
2024-10-21,KCEL,3251.0,1420.0,0.6467837954389848,0.5927121335926343,0.5221027401119666,0.0,0.0465606930468281,0.5690761385300365,58.45416538508539,0.020593091136793102,59.742713635643554,0.045138143208683,59.54674839111889,58.45416538508539,0.022258873093992992,53.75222856913966,-0.12427609172757591,41.689631217969556
2024-10-22,KCEL,3315.79,5270.0,2.650262947381311,1.5712552637032628,0.9935384462532536,0.0,0.023682930131520234,0.3226417169797421,54.824568365954704,0.002172459541471538,51.56419178459009,0.039629198248955694,58.504459710183845,54.824568365954704,-0.00821563931327714,50.260307138624384,-0.14191746212937742,40.586505861804405
2024-10-23,KCEL,3301.0,10400.0,2.1674899063971833,2.0453930738496267,-0.9080459352622559,0.0,0.02558900753980275,0.343173579525878,55.129493762741,0.011220633838711629,55.61986242452475,0.0397643291114285,58.530121733605725,55.129493762741,0.0016252339358442877,51.389849183669824,-0.13013524316825587,41.3222734554592
2024-10-24,KCEL,3306.0,410.0,2.2823452011101275,-1.2457188240135446,0.9834664926021809,0.0,0.024577802264281388,0.33228109025303165,54.96777238403791,0.02075035721487626,59.81090002147646,0.03243138521591338,57.13122276308263,54.96777238403791,1.8969838389081006e-05,51.205547479680405,-0.1336282113329301,41.103726861891154
2024-10-28,KCEL,3305.0,6510.0,2.248617561270177,1.5191515182084216,0.640811261173383,0.0,0.016380283000744483,0.24397914721185263,53.65316580579845,0.026042888360588747,62.0819756275153,0.02436915267872146,55.580021407135995,53.65316580579845,0.0048436297817160134,51.75900709622343,-0.14515547030713438,40.38502437974817
2024-10-29,KCEL,3326.9,410.0,2.8996695170773576,-2.0164648856810357,0.9999999834983502,0.0,0.012609212136566392,0.20335796976197734,53.04659078009324,0.02077054543841039,59.8196503558059,0.031609840516005384,56.973741659152644,53.04659078009324,-0.005350452325368942,50.58925388208414,-0.14393958621091088,40.46064380445358
2024-10-30,KCEL,3332.0,370.0,3.05443815654695,-2.1191112139907338,0.9950124192013574,0.0,0.009698659463785515,0.17200611219777082,52.57780407374748,0.02429889955982393,61.338912498881285,0.028465319461117806,56.36969341845435,52.57780407374748,-0.0027690409497132806,50.88557800438945,-0.14559108309990662,40.357943422093236
2024-10-31,KCEL,3346.99,6330.0,3.5151713872128685,0.7203656852082133,0.9417142319020189,0.0,0.003563587621988905,0.10592041640226905,51.58827171099139,0.033144589631754956,65.04663690939401,0.019299106096845108,54.59872715628945,51.58827171099139,-0.02984276927546888,47.778614359516006,-0.1532639185578114,39.88191917139516
2024-11-01,KCEL,3383.54,1950.0,4.593679948444405,-0.541124587131092,0.9995407347981362,0.0,-0.010457530278938618,-0.04511209897936237,49.32335982574762,0.016931435651925,58.14497984488525,0.011075015382593109,52.999684187179305,49.32335982574762,-0.03244214026194596,47.480834429922226,-0.1712939650672054,38.770972083943
2024-11-04,KCEL,3399.99,24720.0,4.50317494105447,2.682871188211625,0.56553521850988,0.0,-0.01684309056091055,-0.11389600325303385,48.29222451273677,0.004047102053801629,52.407945612646486,0.004893559154725882,51.7935500900615,48.29222451273677,-0.028857354657485682,47.89154437557445,-0.17498059275804587,38.54520495699635
2024-11-05,KCEL,3405.0,540.0,4.0755656074737985,-1.1408916587910494,0.16504852766517092,0.0,-0.01630112055101042,-0.10805801697868628,48.379697291199406,0.0017433885742255259,51.370929223102436,0.0013128872106845033,51.093836614180546,48.379697291199406,-0.029987904691979535,47.76198351035103,-0.18031926089084682,38.2191419296893
2024-11-06,KCEL,3422.0,6530.0,4.587072678476941,1.3516704084108848,-0.3908210758189173,0.0,-0.027741358668930266,-0.23128984141117,46.53620945871008,-0.004768603248819497,48.43611279949739,-0.00637841023999703,49.58975432777838,46.53620945871008,-0.027953209855927585,47.99517973564871,-0.18358972150325167,38.01991685527221
2024-11-07,KCEL,3467.0,51250.0,5.876393518271817,2.6530030644990243,-0.13669064617083312,0.0,-0.023877908030821234,-0.18967356858261217,47.15796316820673,-0.016279801507181085,43.287017577820656,-0.018895368920570824,47.14478455735887,47.15796316820673,-0.038090475732644805,46.83441542776773,-0.19661467487100603,37.23053551976584
2024-11-08,KCEL,3450.0,7030.0,4.610882195018311,0.21764586582824616,0.10361741135968594,0.0,-0.025442546583850922,-0.20652752402303517,46.906045177847076,-0.0028703243616287097,49.29141288261928,-0.0221669599723947,46.507512897020895,46.906045177847076,-0.02942693236714982,47.82626720008143,-0.1972339544513457,37.19316919505161
2024-11-11,KCEL,3422.98,20320.0,3.2239939141050713,1.2790633366159505,-0.7159636818657465,0.0,-0.018238920027633963,-0.12893158293310292,48.06699015302402,0.018741531582941638,58.937158791165466,-0.011404197296479915,48.60716077380668,48.06699015302402,-0.028376094810917102,47.94670539212451,-0.18776775614481284,37.7659922257671
2024-11-12,KCEL,3420.2,266360.0,2.7284676375621686,3.8523058898254123,-0.8294573584957212,0.0,-0.014830145897900653,-0.09221298925039834,48.61715790220358,0.017095687874003472,58.2170440163049,-0.011883872937904813,48.513423491641014,48.61715790220358,-0.04146566315160252,46.448637506732304,-0.16751569466372973,39.0028526896024
2024-11-13,KCEL,3415.0,87290.0,1.311370126664093,2.647104498079292,-0.9999999931034483,0.0,-0.022431578121731854,-0.17409400882247314,47.390961734980074,0.0031253991494108197,51.993240082124615,-0.011863642543401028,48.51737666943221,47.390961734980074,-0.03218663517627651,47.51009710489371,-0.179220485602733,38.2861648512189
2024-11-14,KCEL,3420.0,14170.0,0.17950296860383824,0.8289977434688414,-0.8823529307958479,0.0,-0.015610213032581519,-0.10061570737529188,48.49122258571569,0.016297117794486213,57.86635475952452,-0.016291520467836256,47.65266312342704,48.49122258571569,-0.042956954887218055,46.27831802696654,-0.1905282999164578,37.59858370867832
2024-11-15,KCEL,3449.5,660.0,1.0278849628046791,-2.2748983032941794,0.6605478491796617,0.0,-0.04031665964931655,-0.3667483228367627,44.520866351831806,0.0032000116764104563,52.02682178804974,-0.02630069943424053,45.70395716108535,44.520866351831806,-0.043104827304164164,46.26143427856391,-0.1905254560702379,37.59875601734727
2024-11-18,KCEL,3496.45,91660.0,2.3871629192044272,2.6586642098301505,0.8911764618512076,0.0,-0.0357341725008154,-0.3173867408550332,45.253534188566036,-0.015743769162009372,43.52446261520452,-0.037576742214949485,43.52453916335387,45.253534188566036,-0.057070015556595174,44.671317998248774,-0.20535706216872573,36.70446520329222
2024-11-19,KCEL,3487.95,740.0,1.720355471679489,-2.175943314593978,0.38046271515519225,0.0,-0.0392274362959822,-0.3550154393371083,44.69481258912325,-0.021284547820762504,41.08632358029539,-0.04155717459907882,42.76070446684359,44.69481258912325,-0.053310027943143025,45.098506978939085,-0.2051301945166317,36.71807755182582
2024-11-20,KCEL,3434.91,9200.0,0.1591730468235229,0.34432776124125186,-0.3608723494435898,0.0,-0.03334816439011152,-0.29168516632817315,45.63585589527611,0.007491093888784264,53.95412126709811,-0.009714337763892316,48.937463498988045,45.63585589527611,-0.037137475231554515,46.943412249743794,-0.18514537289463878,37.92529297900062
2024-11-21,KCEL,3485.0,1790.0,1.5880663421332777,-1.331749006410962,0.9566736414161566,0.0,-0.032419598164469064,-0.28168284741550426,45.78478622799865,-0.008502099132335836,46.75706441162555,-0.030508649882717308,44.88826796760777,45.78478622799865,-0.060737605611350234,44.25538295518942,-0.20640965247887771,36.64133621405994
2024-11-22,KCEL,3469.9,8540.0,1.0767550022322177,0.26988554671235765,0.5973333253688914,0.0,-0.03756699912901758,-0.3371295614968522,44.9602289287073,-0.00852214865301916,46.74806401668704,-0.026850756666058285,45.59719092121891,44.9602289287073,-0.048362298144999455,45.66173349247967,-0.1851175433329812,37.926984932599154
2024-11-25,KCEL,3450.9,2400.0,0.5055385876201929,-1.038500203715027,0.1386595417841255,0.0,-0.028779961369635825,-0.24247744995123793,46.369240142612675,-0.00019157818043328808,50.49895418400753,-0.018856188137256147,47.152422624127595,46.369240142612675,-0.04965544606031004,45.51441449773827,-0.1677299613696358,38.9896892664123
2024-11-26,KCEL,3423.2,227650.0,-0.34354400322036316,3.5138279506705326,-0.785858581889605,0.0,-0.019068903040689558,-0.13787198433843734,47.933098772688034,0.006698167592190793,53.5987029100276,-0.01992905422198476,46.94332297116308,47.933098772688034,-0.039092580876706785,46.719834989231956,-0.16278867067665265,39.29366073025238
2024-11-27,KCEL,3470.0,83190.0,1.112660416722215,2.368923514028434,0.7931034455410226,0.0,-0.031998507616303004,-0.27714694912677057,45.852348847539325,-0.008962691551164238,46.55035511981262,-0.02515566076574728,45.92633496155079,45.852348847539325,-0.05287911234618727,45.147512616909296,-0.17546055990119389,38.515848028176194
2024-11-28,KCEL,3464.9,860.0,0.8605301564078963,-2.33344978831735,0.09910323984587681,0.0,-0.026392352776392024,-0.21675863536509465,46.7531956453907,-0.010116116489309825,46.03324449239234,-0.03975721180253493,43.10570793310888,46.7531956453907,-0.05145117320548432,45.30997097075202,-0.17587248251970902,38.49065966834649
2024-11-29,KCEL,3449.98,1700.0,0.4073768339899355,-1.6520249854371463,0.9989997249562469,0.0,-0.020788458736866786,-0.15639467446682423,47.65579975511607,-0.005237263236492658,48.22507207521562,-0.017559243462833052,47.405327585584224,47.65579975511607,-0.046881872142438004,45.83048079972071,-0.17982979109747774,38.24899301148453
2024-12-02,KCEL,3460.0,510.0,0.6949216031080949,-2.8559355816538368,0.4537177472880471,0.0,-0.013566058812735112,-0.0785965106298629,48.821270777319015,-0.016215095421598255,43.31566415168071,-0.026320297733736998,45.70015244243371,48.821270777319015,-0.049740969354986696,45.504674185600805,-0.18014400633085603,38.229829082898064
2024-12-03,KCEL,3455.96,6360.0,0.5473238448969117,-0.20216915815833256,0.5046649649632619,0.0,-0.026862077934103085,-0.22181841537753158,46.6776264852649,-0.012097212544898303,45.147117930780276,-0.03428934169303474,44.15772545516475,46.6776264852649,-0.048312134780917684,45.6674497882633,-0.1733046186280081,38.64778026398336
2024-12-04,KCEL,3448.99,12000.0,0.34003643923943433,0.4327058407621844,-0.22447843603677953,0.0,-0.028927499453831367,-0.24406669897746328,46.345527930820246,-0.011345041789781782,45.48322578244759,-0.017049734884429207,47.50471920947841,46.345527930820246,-0.0477359899886955,45.733111704695844,-0.1670622018744203,39.030718190972316
2024-12-05,KCEL,3440.0,26830.0,0.07066987298194617,1.1068424959214538,-0.32352940383505774,0.0,-0.020592764857881155,-0.1542867014081259,47.68735077890175,-0.010215586932447462,45.988687653607876,-0.023932798080472564,46.16400601723059,47.68735077890175,-0.05158316722037645,45.29494960771644,-0.1666062938353636,39.058739318407184
2024-12-06,KCEL,3442.0,537410.0,0.17722943357594537,4.1040816886868505,-0.6120066533627937,0.0,-0.018226678149470186,-0.12879971601171084,48.068965203518594,-0.013694008651300923,44.43509170518093,-0.02106189461645592,46.72265100587198,48.068965203518594,-0.04815352784925704,45.685524368774196,-0.1721206812668898,38.720302081537206
2024-12-09,KCEL,3414.03,4390.0,-0.7023461292091314,-0.8815154349816114,-0.2519234969012543,0.0,-0.019536542168499933,-0.14290929407815509,47.85767301459752,-0.007044830264833003,47.411772338282546,-0.011172714375539697,48.652400262802395,47.85767301459752,-0.041221020741023476,46.4765859782304,-0.17153786212091482,38.75602093492434
2024-12-10,KCEL,3424.29,640.0,-0.4081779034638412,-2.6288616023620057,-0.4520790194019751,0.0,-0.017437244728104272,-0.12029610622840434,48.19634136920381,-0.007978190136460672,46.99232456127538,-0.013580989055221586,48.18186477881028,48.19634136920381,-0.04522761766811863,46.01915509863273,-0.17283225435401353,38.67670881373921
2024-12-11,KCEL,3420.0,670.0,-0.6574786118458134,-2.4086156736397455,-0.8499338338700916,0.0,-0.0161812656641604,-0.10676696549693945,48.39904296826173,-0.013162886382623223,44.67168522255594,-0.008087614870509609,49.25551344171325,48.39904296826173,-0.04653172514619883,45.870406666408456,-0.1655360066833751,39.12454990155497
2024-12-12,KCEL,3414.99,900.0,-0.8699301696619146,-1.7870713870732178,0.7768373991795587,0.0,-0.010309739413585334,-0.04352012704799035,49.34723518398406,0.005288595166352758,52.966000816527234,-0.005293685392510956,49.80189693813749,49.34723518398406,-0.0471682563875596,45.79782952328551,-0.17155142499545759,38.75518957840581
2024-12-13,KCEL,3405.0,480.0,-1.1691248664233103,-1.9561818836272244,-0.332888570187544,0.0,-0.010569398993077407,-0.046317125098411856,49.305287833430086,0.0017514317180616795,51.374552418892385,0.007929396545696105,52.386255662340034,49.305287833430086,-0.03902719390252429,46.72731027677316,-0.17323699391650926,38.6519212480635
2024-12-17,KCEL,3400.0,1050.0,-1.3136285276921174,-1.1734801169806788,-0.3037423714646493,0.0,-0.004965406162465052,0.01404789995654634,50.21071725183932,0.0026433940242763776,51.776256494563356,-0.005277684407096172,49.80502636685395,50.21071725183932,-0.035992343604108315,47.07442203181321,-0.1696762138188609,38.87019537859577
2024-12-18,KCEL,3407.0,1230.0,-0.9635216888538393,-0.5325238204304599,0.6465613032147458,0.0,-0.02905511470315557,-0.24544134344181182,46.325019034819505,0.003220923309153424,52.0362333963937,-0.011460093481674115,48.59623713282564,46.325019034819505,-0.04117321329568908,46.48204786191383,-0.16886237508211388,38.9201463824209
2024-12-19,KCEL,3385.0,550.0,-1.6006818512170378,-1.3373283551849875,-0.43618687876492584,0.0,-0.014317123279641712,-0.0866868181539986,48.69999078612735,0.0005902897939087009,50.85136228141106,0.0008977345197064383,51.012676985812845,48.69999078612735,-0.03444459977491736,47.25155675728812,-0.15809365079365081,39.58325333398286
2024-12-20,KCEL,3443.08,163220.0,0.08711617832626219,4.416687747781348,0.9999999863163659,0.0,-0.022855604054029924,-0.17866152644799588,47.32264044716114,-0.00806911539704857,46.95148489650498,-0.013246118176582796,48.24727539492918,47.32264044716114,-0.04996086268551356,45.479631950230846,-0.17359301677752162,38.63012211168043
2024-12-23,KCEL,3420.98,560.0,-0.5662437618559376,-1.2975881679624994,-0.45933561770710546,0.0,-0.016029626076237098,-0.10513353594037211,48.423519674196754,-0.01786644825250576,42.58602900459142,-0.01627418835334194,47.65604548269528,48.423519674196754,-0.047742997307371415,45.73231300692984,-0.16936120884371111,38.889526681869555
2024-12-24,KCEL,3419.0,700.0,-0.6167296676487206,-0.7384901818952673,-0.2681105202348492,0.0,-0.008365659340659358,-0.022578907839078885,49.66132156221793,0.0008550591465990706,50.97068324509151,-0.010600406690901051,48.76425760867168,49.66132156221793,-0.04315241855736153,46.25600059578081,,
2024-12-25,KCEL,3428.0,360.0,-0.3540230659583057,-1.1525777530826158,0.5559877589333866,0.0,-0.007990244207367943,-0.01853501545517831,49.72197763357723,-0.007724349428608428,47.106359893914636,-0.013233082365579449,48.249821814004825,49.72197763357723,-0.06186078142653405,44.128163752012945,,
2024-12-26,KCEL,3397.0,920.0,-1.3863293173018456,-0.058061214751706884,-0.6491227907488031,0.0,0.005085543967366098,0.1223146081327406,51.83389609580005,-0.007910764867226451,47.022611658050145,0.0003248945147679323,50.90068184486773,51.83389609580005,-0.0409211889809403,46.510842415166195,,
2024-12-27,KCEL,3425.49,72570.0,-0.477915259077381,4.378820986323547,0.46241666473992876,0.0,-0.010260362698892234,-0.04298825152464946,49.35521197358419,-0.0008013686675899592,50.22406965660304,-0.011283265584944404,48.630794586590454,49.35521197358419,-0.053320839792263236,45.0972775292404,,
2024-12-30,KCEL,3370.0,11960.0,-2.0486331000900053,2.496642583069002,0.08577632958582723,0.0,-0.0077418774433611354,-0.015859661223782632,49.76210687675009,0.00603561772879274,53.301441861012236,0.009368277518722557,52.666953051622976,49.76210687675009,-0.05227898356177289,45.215777594354435,,
2024-12-31,KCEL,3432.0,780.0,-0.21701412696760566,-0.2333364713142106,0.8988458774805516,0.0,-0.018234324009324055,-0.12888207559631348,48.06773165358855,-0.008750124875124875,46.6457386389034,-0.030948551448551513,44.80314620060534,48.06773165358855,-0.07309913142413135,42.859733621983196,,
2025-01-05,KCEL,3411.59,8280.0,-0.8098634446203746,2.128918879873377,0.1483097028660598,0.0,-0.021550543335772773,-0.1646036885211714,47.532949641837504,-0.0010566715633733295,50.10897791022318,-0.016843119296606902,47.545030115552635,47.532949641837504,-0.05218942465243488,45.225966519410704,,
2025-01-06,KCEL,3380.0,3360.0,-1.7169808856445166,1.227024275690507,-0.9999999749874945,0.0,-0.0036938809054193646,0.027744500990774985,50.41615790468802,0.008882732225039918,54.57691139738389,0.0009785080304310426,51.02846810907865,50.41615790468802,-0.03207551657743959,47.52282391250244,,
2025-01-08,KCEL,3432.6,250880.0,-0.1764680729853348,4.416687747781348,0.3718518490973924,0.0,-0.01983999425674836,-0.14617801576709663,47.80873427322361,-0.0024159281594126635,49.496228795527074,-0.014174880973189766,48.06587482656189,47.80873427322361,-0.061248546083352035,44.19750060836867,,
2025-01-09,KCEL,3399.99,16960.0,-1.0825526987536143,2.8459205440022415,0.18332748064739837,0.0,-0.00881678080565782,-0.02743829280986336,49.58843490333594,0.00850586942202504,54.408389725429075,0.002514842998838,51.32877705084387,49.58843490333594,-0.043363367483293676,46.231916789828006,,
2025-01-10,KCEL,3412.0,19220.0,-0.5612641540738696,2.97103901319311,0.5555555246913597,0.0,-0.011280853290906046,-0.05398076026212612,49.190359371731496,0.015237827276279797,57.39994941441482,0.0020314357356853944,51.23429426502912,49.190359371731496,-0.04746874290552486,45.76357429725681,,
2025-01-13,KCEL,3418.01,1540.0,-0.3707097869577559,0.4468858960567814,-0.7731647334748968,0.0,-0.022421169006815178,-0.17398188403899506,47.39263903022097,-0.0011808516261412006,50.052996460825646,0.0040767604367675184,51.63398818556247,47.39263903022097,-0.050123357385665396,45.46112794355628,,
2025-01-14,KCEL,3420.0,1330.0,-0.31189663460479017,0.15414719500644655,-0.6295610181596388,0.0,-0.01471892230576447,-0.09101491224906327,48.635115488805084,-0.0058653926482874486,47.942321814991665,-0.00338266499582289,50.17565306682714,48.635115488805084,-0.05137644110275691,45.31847611439119,,
2025-01-15,KCEL,3434.5,1090.0,0.11112768748415018,-0.16067859015527816,0.36069291893806854,0.0,-0.025678813313552724,-0.20907253924507352,46.868017927313254,-0.004307222060464907,48.64393036826738,-0.021455629097370994,46.64598296163975,46.868017927313254,-0.06395960959868005,43.8906426989627,,
2025-01-16,KCEL,3439.01,1750.0,0.2416291762899113,0.312749866167551,0.5931372427872431,0.0,-0.02437738699763315,-0.1950538503312473,47.07752713630427,-0.002673230848135957,49.380248889306394,-0.015010212297854564,47.90276615875981,47.07752713630427,-0.06383214355986454,43.905059960288206,,
2025-01-17,KCEL,3474.0,110580.0,1.260111996922421,4.344555191023472,0.6688189066373396,0.0,-0.034658701373468215,-0.30580199342395864,45.42579558657598,-0.022082965293198403,40.73828098485054,-0.034160529237601774,44.18257613201247,45.42579558657598,-0.07743327370671929,42.372957486231655,,
2025-01-20,KCEL,3424.0,8960.0,-0.4064911589877361,1.6950132706661514,0.18478260769139887,0.0,-0.020292393561786085,-0.1510511653604133,47.7357821501741,-0.0026715787716956583,49.38099354744023,-0.011418673045542204,48.604331804330904,47.7357821501741,-0.07015749332443252,43.19090975276137,,
2025-01-21,KCEL,3409.99,580.0,-0.81027800804483,-1.4827343824606036,-0.4310221278755269,0.0,-0.015892293393123973,-0.10365421733530485,48.44568770279162,0.0014386772011201906,51.23365559271959,-0.007901953771497817,49.29181742560122,48.44568770279162,-0.06477502735077605,43.79843799809426,,
2025-01-22,KCEL,3429.81,314140.0,-0.234308725480192,4.416687747781348,0.35920644315924766,0.0,-0.021675271631039935,-0.16594723532725142,47.51284590432541,2.299418293476383e-05,50.595673909808006,-0.01225918141238148,48.44008869744316,47.51284590432541,-0.059682737309063726,44.37493385312129,,
2025-01-23,KCEL,3439.97,430.0,0.18044812904404797,-1.7819423660203122,-0.1933306791055838,0.0,-0.024333041136940434,-0.1945761661027493,47.0846679805261,-0.006114378124652284,47.83027733604752,-0.014172100197348471,48.066417877879566,47.0846679805261,-0.07665858344971713,42.459858759141014,,
2025-01-24,KCEL,3407.55,40870.0,-0.7640463137085636,2.7723289130334043,-0.1888708937307318,0.0,-0.016304393849512096,-0.10809327625756805,48.37916895761152,0.007494085123301011,53.955461308960906,-0.014066342194608525,48.08707145289165,48.37916895761152,-0.0667692456037749,43.573120156067205,,
2025-01-27,KCEL,3424.99,800.0,-0.2205435104225966,-1.9843970991699842,0.15220338725078264,0.0,-0.027847692315125155,-0.23243524494946077,46.51911126756885,-0.01953484467478691,41.8521286125233,-0.010866616076784276,48.71222546533247,46.51911126756885,-0.06564925375868313,43.699630990084984,,
2025-01-28,KCEL,3425.0,410.0,-0.2201041730640434,-2.6528001033348847,-0.01010509276262958,0.0,-0.02382832811956896,-0.18913950426892906,47.16594832318406,-0.011320070096164956,45.49439162943374,-0.017611426833507124,47.395149139884865,47.16594832318406,-0.06831237110415943,43.398950743565344,,
2025-01-29,KCEL,3440.0,2730.0,0.21589027919949136,-0.7569902269366401,-0.20844326626798962,0.0,-0.029344970468807675,-0.248563608420513,46.2784412866521,-0.007268530823182049,47.31120677206518,-0.019357299741602066,47.054743995231405,46.2784412866521,-0.07114186969361389,43.08001717408437,,
2025-01-30,KCEL,3429.0,380.0,-0.12412332536749388,-2.0809931917438544,0.45072535140756936,0.0,-0.027214691913510836,-0.22561669855616148,46.620908113092064,-0.0036959744615256,48.91932252293867,-0.016475283297921094,47.616803168001034,46.620908113092064,-0.06577720284964378,43.68517407431347,,
2025-01-31,KCEL,3442.99,560.0,0.2552786752670068,-1.3862417917711407,0.05854150821925179,0.0,-0.03377912252187404,-0.296327356139583,45.566761975517686,-0.0007330756899790892,50.25485610011461,-0.020520434821164286,46.828109357857834,45.566761975517686,-0.06110637156256338,44.21360539963782,,
2025-02-03,KCEL,3367.99,10780.0,-1.9288630618600318,1.5712028210936402,-0.27531882798625723,0.0,-0.013988352403630812,-0.0831453678403354,48.75307807649987,0.024660966825533988,61.49362660211729,0.0018674913307297081,51.20224901065229,48.75307807649987,-0.045549647940128266,45.98241715059076,,
2025-02-04,KCEL,3396.13,650.0,-1.0902024078943724,-1.2372157930311474,-0.07393862181684653,0.0,-0.017056904580559258,-0.11619916263301924,48.257718244811024,0.019997920687641613,59.484324401863866,-0.006532952950555004,49.5595310108847,48.257718244811024,-0.06173250147378308,44.14268982191661,,
2025-02-05,KCEL,3424.99,30840.0,-0.25543833180792846,2.9310495876353886,0.8311045826872159,0.0,-0.023934086520563058,-0.1902787113876297,47.148915446654605,0.004527958833804097,52.624171347977914,-0.014729907834975861,47.957494225250564,47.148915446654605,-0.07090775510895941,43.10638454913903,,
2025-02-06,KCEL,3426.34,14090.0,-0.217193669235474,2.1477097842928874,-0.7481481331702081,0.0,-0.027429515999348134,-0.22793073815541628,46.586357679487904,-0.009714148057564554,46.21336628878275,-0.016547525470512286,47.60270631382909,46.586357679487904,-0.0692316720136652,43.295268290973716,,
2025-02-07,KCEL,3450.56,840.0,0.4637566520213746,-0.6720774093259957,-0.001828896528576487,0.0,-0.034130305639829876,-0.30011022638140056,45.510470692305844,-0.008960318674751146,46.551419745700436,-0.029938352477223772,44.99866608748078,45.510470692305844,-0.07540661310646238,42.60039753560439,,
2025-02-10,KCEL,3460.93,77910.0,0.7414779466282144,3.994370881958214,0.4799562594760131,0.0,-0.035692792997101985,-0.31694100959628196,45.26015999040445,-0.021090910448466896,41.17086913502718,-0.0289074213319302,45.19835797351636,45.26015999040445,-0.08105472404563796,41.967353140473485,,
2025-02-11,KCEL,3473.99,14640.0,1.0261824746949797,2.251957088058642,0.9008935458613295,0.0,-0.0434964788623958,-0.401000662600515,44.013839750111714,-0.01645321765097233,43.21026524171501,-0.03377010201823184,44.257915640824535,44.013839750111714,-0.07522419560267757,42.620884681934925,,
2025-02-12,KCEL,3450.5,42230.0,0.31812178382390993,2.936641622547247,0.1298388566431078,0.0,-0.03289111561931443,-0.2867619336734502,45.709151180540914,-0.01033162349371963,45.93671828658845,-0.02813322609099673,45.34842205500483,45.709151180540914,-0.08783191508937052,41.21125220664201,,
2025-02-13,KCEL,3403.04,10780.0,-1.08165345196874,0.6121033304507435,-0.9131428440979604,0.0,-0.03536605304165014,-0.3134214359291702,45.312484387076125,0.004961603779850952,52.819083311776026,-0.016971561916254888,47.519970453518525,45.312484387076125,-0.06756068213892047,43.48377224621443,,
2025-02-14,KCEL,3429.68,34470.0,-0.29036614414221756,1.2505870571026467,0.18487207597613903,0.0,-0.031094232411150037,-0.2674062879472181,45.99748812246457,-0.0018326220355417934,49.75917378761086,-0.026784220213242116,45.61010353128827,45.99748812246457,-0.06961346461866215,43.25222538268558,,
2025-02-17,KCEL,3398.0,7820.0,-1.0151044502706574,-0.2328144926719564,-0.13669064502354814,0.0,-0.02604838513784953,-0.2130534887408361,46.8085424647347,-0.001932283929856031,49.71424646747955,-0.012352137812158413,48.421926161930614,46.8085424647347,-0.05915740655100572,44.43449531490437,,
2025-02-18,KCEL,3427.0,80200.0,-0.16105002858240247,2.154506234697109,0.6342800136095679,0.0,-0.04935766335033187,-0.46413610177047054,43.08260563190982,-0.0021198607232018963,49.62968865122794,-0.019250033001236677,47.07565097482663,43.08260563190982,-0.06780302488177456,43.456421802101985,,
2025-02-19,KCEL,3424.99,770.0,-0.20135965617231838,-2.639015992892359,-0.12763636131571046,0.0,-0.05179361182122776,-0.4903756232907273,42.69697416911609,-0.00827082404875049,46.86090081237395,-0.021767249219636173,46.585315450638326,42.69697416911609,-0.0730550780231683,42.864688614109106,,
2025-02-20,KCEL,3429.95,66670.0,-0.10777262935125989,1.969738954533496,0.08640776615137738,0.0,-0.038119526731959855,-0.34308127192962984,44.871876282472456,-0.0070956861095434025,47.38890799678299,-0.022948383069122384,46.35546055307071,44.871876282472456,-0.06867575340077373,43.35796006940302,,
2025-02-21,KCEL,3433.5,400.0,0.012186504277185822,-3.257299363118523,0.9171531577105161,0.0,-0.028384847822921153,-0.2382213704258153,46.432750556970035,-0.008414675258482598,46.79631216743676,-0.022571490461628076,46.42878949749275,46.432750556970035,-0.07405083369739332,42.75272416716975,,
2025-02-24,KCEL,3401.5,410.0,-0.9955469988995306,-3.1215661273152158,-0.9124797111027703,0.0,-0.03292349477004776,-0.2871107150342326,45.70395803606404,0.0009624880713224085,51.01909409001168,-0.017435384599231434,47.42948730679575,45.70395803606404,-0.06227504648976058,44.08126038830111,,
2025-02-25,KCEL,3429.97,610.0,-0.16649738384127963,-2.7242802715049916,0.9307770298345094,0.0,-0.032622660130397704,-0.28387018794778185,45.75221111512216,-0.007032048904726815,47.41751889667442,-0.021659907974575683,46.60621196264731,45.75221111512216,-0.08441805794983345,41.59162621727817,,
2025-02-26,KCEL,3407.0,290.0,-0.8351323757257951,-3.257299363118523,-0.999999956521741,0.0,-0.026588352644648504,-0.21886990447547608,46.72166144861163,-0.00027703059993197925,50.46043493466657,-0.031132351810697862,44.76758947926614,46.72166144861163,-0.08088643607232542,41.98617790300821,,
2025-02-27,KCEL,3416.0,250.0,-0.5717065485490742,-3.257299363118523,0.5422221920987792,0.0,-0.030105503512880626,-0.25675590945448323,46.1562601477692,-0.0026289942753057235,49.40018820808903,-0.021751301066874895,46.588420060131256,46.1562601477692,-0.07626684231069475,42.503820307344,,
2025-02-28,KCEL,3415.0,4790.0,-0.6006384803279122,-0.6634819881622399,-0.07142856887755111,0.0,-0.030491984475586244,-0.2609190006114788,46.09418881366734,-0.003768556671082293,48.88661749667209,-0.02559666678286737,45.84066754265176,46.09418881366734,-0.08434325222524347,41.59997251587145,,
2025-03-03,KCEL,3415.0,590.0,-0.5931801548103517,-2.757615439491627,-0.4944059603835105,0.0,-0.03896569232378164,-0.35219598864945545,44.73663197173386,-0.010249065165353535,45.97369283617924,-0.04058335366845617,42.94727401431788,44.73663197173386,-0.08902492098352274,41.078571441062884,,
2025-03-04,KCEL,3416.0,1610.0,-0.6171672360010116,-1.3650997888153404,-0.04344295398119164,0.0,-0.037844769711163156,-0.3401216474358551,44.915807651832345,-0.006518247462919562,47.64858140129913,-0.043895491803278626,42.31356732740141,44.915807651832345,-0.08203592896174858,41.85764185895818,,
2025-03-05,KCEL,3416.0,480.0,-0.6166152531869479,-2.5752745928922076,0.42816295825007333,0.0,-0.041707136351808484,-0.38172624367309066,44.29900618001597,-0.007700110590684361,47.11725054192891,-0.028766764246682335,45.2256154585238,44.29900618001597,-0.06743890840489207,43.497516948719706,,
2025-03-06,KCEL,3416.9,151160.0,-0.6198549768173762,3.8551825650646627,0.6733403227955671,0.0,-0.04875008164366937,-0.4575913601809977,43.178923786546214,-0.009005740223548084,46.531041246737516,-0.018238711978787008,47.27281340276285,43.178923786546214,-0.0668596215032005,43.56291519708956,,
2025-03-07,KCEL,3412.0,600.0,-0.5846506924143855,-1.6739427887738993,0.10455622584786925,0.0,-0.04595730847243157,-0.42750819848713034,43.62230697621398,-0.010137569083905545,46.023634467994725,-0.030637545823331287,44.863323240214484,43.62230697621398,-0.0751585640782299,42.62825631963586,,
2025-03-11,KCEL,3390.01,590.0,-1.2237748831506652,-1.6907492218433389,-0.6915384349408126,0.0,-0.02877129792027119,-0.2423841291077312,46.37063257692994,-0.005766936253126255,47.98663336881468,-0.015685707402745497,47.7708999989774,46.37063257692994,-0.053479590498937135,45.07922617223279,,
2025-03-12,KCEL,3403.88,710.0,-0.6624146103810127,-0.5164317041247543,0.7701346870124895,0.0,-0.04701937042993512,-0.43894850517781797,43.45356891263494,-0.0045646104417536165,48.52798999286355,-0.020373063144001342,46.856817403149165,43.45356891263494,-0.05760306378659203,44.61081815425165,,
2025-03-13,KCEL,3400.0,64750.0,-0.7248943246603206,4.416687747781348,0.384615378698225,0.0,-0.0451384687208217,-0.4186878299363512,43.75250353548717,-0.0018161531279178341,49.76659796728656,-0.02011685340802994,46.906732075902255,43.75250353548717,-0.062234243697478965,44.085879639749045,,
2025-03-14,KCEL,3396.6,330.0,-0.6416958365995807,-0.807521608053174,-0.11460566798652135,0.0,-0.03801822536822534,-0.3419900750732507,44.888072603030274,-0.0039107094489447165,48.82256725553816,-0.019765174628409904,46.975256046780615,44.888072603030274,-0.06257618143353433,44.04717231620149,,
2025-03-17,KCEL,3388.0,4910.0,-0.9043616519584549,2.006762008998853,0.14666666471111114,0.0,-0.03818496326905418,-0.34378614046187184,44.86141469986255,-0.0010866620752984389,50.095457947023256,-0.02574074183392365,45.812685613770896,44.86141469986255,-0.06035750688705234,44.29845291051074,,
2025-03-18,KCEL,3381.0,420.0,-1.070114693205054,-0.45196833043822077,0.6666666481481487,0.0,-0.03467781967859608,-0.3060079317616645,45.422732382342176,0.0024490042393769105,51.688728889943135,-0.02222589224095435,46.49604332796714,45.422732382342176,-0.05474334516415264,44.9355726888939,,
2025-03-19,KCEL,3399.0,17480.0,-0.5539537872627377,3.3635538305869876,0.4065689291785384,0.0,-0.03754338846159233,-0.3368752323829919,44.964005135771785,-0.007019098754535648,47.42334141363476,-0.03130161356981745,44.73485002461103,44.964005135771785,-0.05849470012188458,44.50965508821575,,
2025-03-20,KCEL,3404.5,300.0,-0.2959233775928455,-0.7014192805482554,0.8154603072491222,0.0,-0.030347863530294814,-0.2593665602825159,46.117334160758475,-0.00454598634626906,48.536378683980686,-0.03963270140826678,43.12959832401273,46.117334160758475,-0.060356696435856366,44.298544753984686,,
2025-03-26,KCEL,3394.0,790.0,-0.602414460383054,0.2834649574451253,0.0,0.0,-0.033408502165352426,-0.29233511207654767,45.626181146065264,-0.017670972350833872,42.672236386737794,-0.03516826145111354,43.98824176137471,45.626181146065264,-0.06052253837303929,44.279751715241936,,
2025-03-27,KCEL,3395.0,102650.0,-0.452366819457799,4.416687747781348,0.18845500528938688,0.0,-0.04161365570283099,-0.38071928990133436,44.313914635618815,-0.005889952544591778,47.93126882286436,-0.024588655702830933,46.036513584437046,44.313914635618815,-0.05729594174439541,44.6456739172115,,
2025-03-28,KCEL,3400.0,420.0,-0.1739448475541364,-0.36496087074677275,-0.1641515194286531,0.0,-0.04394659197012145,-0.4058491857601092,43.942166889884476,-0.011452357609710551,45.43524575387261,-0.040245868347338884,43.011978226082725,43.942166889884476,-0.05459451447245565,44.95248622641464,,
2025-03-31,KCEL,3386.0,3950.0,-0.5849376730917073,1.8762176439922427,0.18518518175583,0.0,-0.037758691484075395,-0.3391944309864594,44.929572481781,-0.022382101135394118,40.60811998699913,-0.03541542884332315,43.94060509049205,44.929572481781,-0.049975773024311165,45.477933990392934,,
2025-04-01,KCEL,3400.0,214770.0,-0.16622483343613462,4.416687747781348,0.03365384574935508,0.0,-0.04108048552754435,-0.37497609358353723,44.39896504160631,-0.029371148459383687,37.60803584638246,-0.03325595238095238,44.35716974244328,44.39896504160631,-0.048379645191409845,45.65975676072227,,
2025-04-02,KCEL,3345.0,3120.0,-1.7197756457972981,1.4254861310789328,-0.9999999897959185,0.0,-0.02780538116591931,-0.23197947820258652,46.525914699467435,0.0021451864901415926,51.55190876152235,-0.019817853583884975,46.96499091551668,46.525914699467435,-0.026029372197309417,48.21575117661816,,
2025-04-03,KCEL,3385.97,650.0,-0.5065741645540297,-0.613084221588991,0.6897618965504488,0.0,-0.03007582573580583,-0.25643622671918254,46.16102708532816,0.0009187444891059866,50.99938208461784,-0.030363504992660835,44.916360368483254,46.16102708532816,-0.029419643739049935,47.82710247613056,,
2025-04-04,KCEL,3372.0,380.0,-0.9136135439440085,-0.6798649377269178,0.3324852864925277,0.0,-0.04554475653843981,-0.42306427634364635,43.68789238407438,-0.008865193752471332,46.594101517909,-0.023934426368412115,46.16368943083039,43.68789238407438,-0.00980287098231938,50.07806852564899,,
2025-04-07,KCEL,3321.04,1380.0,-2.4101278874634446,0.6097482221732259,-0.7337834490742301,0.0,-0.023369014544688482,-0.1841918756238166,47.239930491090675,0.015171521141398032,57.370710102227015,0.0002511184773253943,50.886257314981066,47.239930491090675,0.004209771695154602,51.68631592467759,,
2025-04-08,KCEL,3311.01,520.0,-2.698138091056786,-0.3662275927599913,-0.9997297162198628,0.0,-0.014579068266610127,-0.08950843413019915,48.65769609903145,0.01766947883187989,58.46851246253807,-0.0029098014762004003,50.26813399456304,48.65769609903145,0.011953092604026237,52.57374245913289,,
2025-04-09,KCEL,3362.95,4990.0,-1.1690027625614021,1.8950857011410236,0.9999999876314164,0.0,-0.028578500811952415,-0.24030735944974527,46.40162138413679,0.0010463345319691574,51.05687661306311,-0.026472219437441165,45.67066080594635,46.40162138413679,-0.004831028537633543,50.648883322838024,,
2025-04-10,KCEL,3400.01,277610.0,0.08260892925353576,4.416687747781348,0.11683955452612504,0.0,-0.03969569009437564,-0.36005937017829215,44.62001746125678,-0.010530720480374012,45.84756924462797,-0.038133189758825764,43.417564694484405,44.62001746125678,-0.016970769818697613,49.25512831151641,,
2025-04-11,KCEL,3353.0,1020.0,-1.3330998427024194,-0.061775301989437995,-0.9130434650283556,0.0,-0.031875751400072906,-0.27582464513881705,45.8720475688929,-0.005189666799217947,48.24650230674132,-0.022315782715312964,46.47854929720103,45.8720475688929,-0.001136169930741962,51.07298693388756,,
2025-04-14,KCEL,3382.1,266930.0,-0.47506428126857037,4.416687747781348,0.20900900712604334,0.0,-0.03447153863970112,-0.30378591605649874,45.455785304306964,-0.012304994079474406,45.054347322571466,-0.03016139438350266,44.955483729073585,45.455785304306964,-0.010182471477991274,50.034484059802885,,
2025-04-15,KCEL,3380.0,620.0,-0.406185872331195,-1.2889095033726137,-0.016949152255099114,0.0,-0.03826548088663473,-0.344653459202193,44.848542672870316,-0.015554606931530008,43.60832692432597,-0.0323388818446511,44.53431715311015,44.848542672870316,-0.01006259744528978,50.04824760617368,,
2025-04-16,KCEL,3376.99,22230.0,-0.4815354643457794,2.9190855684672132,-0.08311384133576877,0.0,-0.034652805664920745,-0.3057384860989241,45.42674022538345,-0.021490954139116062,40.99626081606682,-0.02172107585053782,46.59430404249997,45.42674022538345,-0.023019165710499053,48.561013074405516,,
2025-04-17,KCEL,3374.79,12270.0,-0.5348255090416347,1.6962102539706954,0.8369766270108818,0.0,-0.048283136160570964,-0.452561522235353,43.25298240268718,-0.019401354098364347,41.91072089251205,-0.04063710762814306,42.9369702809139,43.25298240268718,-0.010539048091034616,49.99354307059813,,
2025-04-18,KCEL,3346.0,27010.0,-1.3771681717220814,2.4852579557916994,-0.565642822352748,0.0,-0.042895707976356515,-0.3945292857297334,44.109541150664384,8.262104004784498e-05,50.6225502976268,-0.02510359301321651,45.936450957899545,44.109541150664384,-0.005548042438732886,50.56657024371286,,
2025-04-21,KCEL,3351.0,2790.0,-1.1916216576333207,-0.23666808120754992,-0.7503125424127137,0.0,-0.03703455649344187,-0.3313942020828853,45.045399962601564,-0.015834527006863566,43.4842386126176,-0.020907290645294226,46.75275976980831,45.045399962601564,-0.00946173885549445,50.117236082076445,,
2025-04-22,KCEL,3338.0,5390.0,-1.5674016420186374,0.601039515124616,-0.41605838982212373,0.0,-0.04170661145824421,-0.3817205896306755,44.29908988808498,-0.011192766317631544,45.55132127996644,-0.015540692316471226,47.79920643050757,44.29908988808498,-0.00543947378432099,50.57903411589679,,
2025-04-23,KCEL,3315.03,302560.0,-2.2359320388777593,4.416687747781348,-0.2937636163353316,0.0,-0.039701107089744135,-0.36011772090625094,44.61915233546208,0.0019917280752899287,51.482791910596895,-0.008956424695862214,49.08563830263939,44.61915233546208,-0.003988733237780144,50.74557415971464,,
2025-04-24,KCEL,3320.0,260.0,-1.5570636917513012,-2.844235454713947,-0.6213145625827796,0.0,-0.033625879709313376,-0.294676656986439,45.59132888640291,-0.002205909351692484,49.59089943578672,-0.01641841174220692,47.62790097010183,45.59132888640291,-0.005819454006502196,50.53541141441828,,
2025-04-25,KCEL,3356.9,2470.0,-0.4032356131982955,-0.35848814229859505,0.5593517220126851,0.0,-0.029552009518892003,-0.25079378926182744,46.24517556359686,-0.011715879458419478,45.317463423785256,-0.021430711465179275,46.65083446143505,46.24517556359686,-0.017462919196991514,49.198634798288396,,
2025-04-28,KCEL,3308.55,420.0,-1.8365815792520808,-2.13009314094568,-0.8099999909999961,0.0,-0.014182924669920915,-0.08524125912439305,48.72165975636386,0.0051698208681546926,52.91264123361358,-0.01143617861298761,48.60091073487239,48.72165975636386,-0.009937078805922091,50.06265924004314,,
2025-04-29,KCEL,3311.14,200.0,-1.757516541985698,-2.692669171118986,-0.9108147340943009,1.0,-0.024920597991426825,-0.20090520422152358,46.99006574467919,0.013390846170469749,56.583613405659946,-0.00942814248936078,48.993413678575834,46.99006574467919,-0.004880581025131926,50.6431948133766,,
2025-04-30,KCEL,3332.0,51920.0,-0.9377435053576716,2.98270339046682,-0.4168142471422655,1.0,-0.015450106709350436,-0.09889107593741663,48.51706890270129,0.0007843237294918618,50.93880664654156,-0.030165572895824996,44.95467481434783,48.51706890270129,-0.024529555155395493,48.38775657983484,,
2025-05-02,KCEL,3323.0,580.0,-1.1580255243413193,-1.5116450646008803,-0.6314423199317021,1.0,-0.012836640132028336,-0.07073936693476511,48.93906876004164,-0.0045904441865019935,48.51635405886424,-0.03048625059111818,44.89260307755859,48.93906876004164,-0.020573649145684953,48.84160935490655,,
2025-05-05,KCEL,3328.0,50500.0,-1.008155421684902,2.9549718014505717,-0.47312958518811504,1.0,-0.0202267399267399,-0.15034395829496833,47.746368603951225,-0.007021556394993961,47.42223642852924,-0.024601335470085445,46.034049264806214,47.746368603951225,-0.02392585088522586,48.45700296922297,,
2025-05-06,KCEL,3335.94,440.0,-0.7228767983901472,-2.1792857417963503,0.9924999379687607,1.0,-0.023941501281711977,-0.19035858162587946,47.147721290151814,-0.007238883193342801,47.324533757690794,-0.03546764512294248,43.930542851126006,47.147721290151814,-0.037692078715872775,46.87997738114548,,
2025-05-08,KCEL,3365.8,520.0,0.16449777773084945,-2.0122497696639345,0.7535027130491097,1.0,-0.03302060726146387,-0.2881567902442971,45.68838316642088,-0.015388739439761538,43.68189371856292,-0.04883885019434523,41.37250705472486,45.68838316642088,-0.025173887502393473,48.31385688447062,,
2025-05-12,KCEL,3345.01,463920.0,-0.4550209089668658,4.416687747781348,-0.37297800101270556,1.0,-0.023273798863533514,-0.18316623245254998,47.25526851869551,-0.012067867780593246,45.16022255856532,-0.03538098144343223,43.94724348427415,47.25526851869551,-0.025424638098692737,48.28509979995951,,
2025-05-13,KCEL,3318.1,11120.0,-1.1154560061463445,1.0001888060201778,-0.9952380715419551,1.0,-0.013725164513732492,-0.08031036357675257,48.795577584197446,0.005881816018251055,53.23240253825039,-0.012390714374214006,48.41438889899789,48.795577584197446,-0.017222242385798305,49.226261689186735,,
2025-05-14,KCEL,3314.99,73230.0,-0.899941802189093,2.8850460851075894,-0.14914893458352663,1.0,-0.013083056602148216,-0.0733937130130622,48.89927217569578,-0.01307954233815346,44.70883382565316,-0.010539258673815274,48.77620971982635,48.89927217569578,-0.02257598865724738,48.61185658230751,,
2025-05-15,KCEL,3322.17,340.0,-0.6345617924095744,-3.189446105829386,0.4092026622900893,1.0,-0.018521070565323317,-0.1319708488264939,48.021470919566966,-0.007997294797419502,46.983743244020765,-0.022618776228016165,46.419588634866585,48.021470919566966,-0.023275571023070638,48.531598316323624,,
2025-05-16,KCEL,3324.5,510.0,-0.26502169896694294,-2.081801243455753,0.920529725121708,1.0,-0.015625990959375745,-0.10078566386435911,48.48867556364381,-0.0029769823962070914,49.24334071110453,-0.007568469957291612,49.35702836405424,48.48867556364381,-0.022491002167649005,48.62160699279988,,
2025-05-19,KCEL,3315.1,40500.0,-0.5460517833492545,2.2927456985612347,0.6704870900074681,1.0,-0.00854515860088012,-0.024512435890967705,49.632320089330754,0.00135966474711915,51.198057060135646,-0.004814185738848616,49.89567672533128,49.632320089330754,-0.01987089655415124,48.92225681266651,,
2025-05-20,KCEL,3348.0,970.0,0.4901504333539948,-1.4389630113185627,0.9999999852941179,1.0,-0.017958107185526595,-0.12590672641348583,48.11229676309991,-0.008851954258405903,46.60004236706781,-0.02057135603345278,46.818190378106316,48.11229676309991,-0.03256788701143546,47.46643344740622,,
2025-05-21,KCEL,3282.0,530.0,-1.476183035280256,-1.6017841095377339,-0.9999999852897914,1.0,0.00798697077856133,0.15356816384683478,52.30189410853997,0.005097325962682453,52.88006947757703,-0.0019813891065261907,50.44970358164888,52.30189410853997,-0.008971507646324834,50.17352239141135,,
2025-05-22,KCEL,3305.99,270.0,-0.743423735414314,-1.851500080843213,-0.07731760382976109,1.0,0.0066569847446701184,0.13924183569380347,52.087413535329816,0.003811194729173023,52.301832198880504,-0.009580792507606496,48.96357080881308,52.087413535329816,-0.013562012723705826,49.646461760231006,,
2025-05-23,KCEL,3325.0,980.0,-0.17080060358066376,0.23467595763383955,0.11790649462198466,1.0,0.009838137009189642,0.17350853480561776,52.60027998679945,-0.0064099206349206295,47.697310424558715,-0.011658583959899778,48.55744776389456,52.60027998679945,-0.029611403508771943,47.80512723171875,,
2025-05-26,KCEL,3330.0,850.0,-0.019334247360111242,0.09236761513258589,0.6406249871669727,1.0,0.023928850278850278,0.32529071677396115,54.86393038021093,-0.005114435864435853,48.28037624585526,-0.011671021021021022,48.555017348241996,54.86393038021093,-0.03169545259545262,47.56635641213819,,
2025-05-27,KCEL,3328.87,740.0,-0.25519561957161585,0.034365988580130014,0.5598086002651463,1.0,0.022485820232338753,0.30974670243531194,54.63287345042557,-0.019237430498008228,41.982702175562146,-0.011630426164443677,48.56295030661348,54.63287345042557,-0.03273889913117476,47.44684918411142,,
2025-05-28,KCEL,3309.0,740.0,-0.8504960904139174,-0.07168865174465573,-0.33466843937097596,1.0,0.03326613276921528,0.42586994813863,56.353517569642776,-0.016333576537293674,43.263213796645935,-0.00890895717307778,49.09491894035005,56.353517569642776,-0.0285126908575458,47.931048518698866,,
2025-05-29,KCEL,3328.9,10460.0,-0.25126268096265864,2.648619646521269,0.9405405151205316,1.0,0.02637647489017533,0.3516560112084339,55.255357984238415,-0.014885622759222146,43.90520861129772,-0.011340410829736977,48.619626553775056,55.255357984238415,-0.03607072934383685,47.065452937013326,,
2025-05-30,KCEL,3313.98,2810.0,-0.695159431600264,1.2625656586204248,0.5258387577382966,1.0,0.030171435856583318,0.3925345277847612,55.86095068209875,-0.019021599492367012,42.07752876803502,-0.002608604263496725,50.32704013364793,55.86095068209875,-0.01376244017767157,49.62345054328521,,
2025-06-02,KCEL,3323.21,1250.0,-0.416064392960416,0.3174435913120676,0.9999999841797187,1.0,0.028761238911144568,0.3773441846639022,55.636107782781565,-0.026526471793646846,38.81910597726013,-0.004903791439602139,49.87815170788152,55.636107782781565,-0.016316079827292638,49.33028268189386,,
2025-06-03,KCEL,3275.0,252050.0,-1.871724679781854,4.416687747781348,-0.6546762472180558,1.0,0.0440332030776687,0.5418505513592208,58.05691715628332,-0.004544695868169084,48.53695994599057,0.015752729310553795,53.91015885634809,58.05691715628332,-0.007695438022537266,50.320032980671336,,
2025-06-04,KCEL,3265.0,1050.0,-1.6633453559903195,0.07410462897128317,-0.9230621095775702,1.0,0.046723170227764385,0.5708263083454761,58.47966512777116,0.013798218843433172,56.76398898890642,0.02506824302972848,55.715005253453164,58.47966512777116,-0.000896042684557237,51.100544556244856,,
2025-06-05,KCEL,3289.4,4110.0,-0.9128809467230878,1.4387070688377572,0.7849586307951902,1.0,0.0245549039434991,0.33203443438648794,54.96410904208284,0.007149549442605899,53.80107580415255,0.026470314289960703,55.985467958652045,54.96410904208284,-0.008353664826219086,50.24445989132392,,
2025-06-09,KCEL,3260.89,16730.0,-1.7671971208210457,2.802274787521171,-0.36439999271200524,1.0,0.045883218632200344,0.5617785274785554,58.347791501797516,0.0058510741200414286,53.21860145999786,0.05148174224954756,60.73632059390649,58.347791501797516,0.002152491670523164,51.4503384014787,,
2025-06-10,KCEL,3245.02,630.0,-2.211735180950467,-0.6017657098882344,-0.9991998199800004,1.0,0.04710162120702065,0.574902902219773,58.53904293273364,0.0268920645094955,62.44176742024749,0.05483288617195403,61.35972819036153,58.53904293273364,0.004781768635368312,51.75191315098547,,
2025-06-11,KCEL,3270.01,960.0,-0.5749226034123742,-0.05570942206128141,-0.03980796079599579,1.0,0.03651962925650966,0.4609159239112798,56.870009901666876,0.018919985099797938,59.01501468329062,0.051269309952598006,60.69668161564326,56.870009901666876,0.0022499612350099507,51.461520058512974,,
2025-06-12,KCEL,3319.99,920.0,0.9704008948711704,-0.05806254490334535,0.9999999848461891,1.0,0.02062674826377616,0.2897211725402302,54.334907132173306,-0.002368141818126439,49.51776925673233,0.03464748510191064,57.55529663320653,54.334907132173306,-0.013724278343351222,49.627831918325086,,
2025-06-13,KCEL,3323.0,4450.0,1.2390790513149585,1.5285175831128712,0.5555555478395063,0.0,0.013970990427468005,0.2180267573807851,53.265745506743244,-0.004626821241085433,48.49996952158809,0.03279814878504316,57.20148090986724,53.265745506743244,-0.020081935547817346,48.89803749820999,,
2025-06-16,KCEL,3290.05,310.0,0.22024866185513056,-1.1458276059575394,-0.43991762847598653,0.0,0.024008776028154093,0.3261516600344353,54.87672199920133,0.005103666460175804,52.88291834344928,0.04479341504193857,59.48176762022464,54.87672199920133,-0.014739275130425711,49.511301898819774,,
2025-06-17,KCEL,3342.35,1210.0,1.8151192488644556,0.21593476828874533,0.9999999808722269,0.0,0.007400087347059634,0.14724637969796597,52.20726018109792,-0.007045625838060428,47.411414647159,0.028121461773284222,56.303521782402875,52.20726018109792,-0.0394152267699207,46.68295104635052,,
2025-06-18,KCEL,3342.0,560.0,1.9316856762110493,-0.5544892096459888,0.9838523417796503,0.0,0.0001743922943204801,0.06941272143284205,51.04104034993844,-0.005472347610498418,48.11923538144756,0.027703280043315924,56.22301707610939,51.04104034993844,-0.04114177638140833,46.48563949846262,,
2025-06-19,KCEL,3322.4,13440.0,1.3371390598688362,2.62868011785373,-0.2543759887616201,0.0,0.012022426893544162,0.1970372432786342,52.95212108414593,0.00010627037635824264,50.63320997138197,0.01973602358593326,54.68344332922186,52.95212108414593,-0.03074433952889289,47.67531289534651,,
2025-06-20,KCEL,3317.9,320.0,1.142271487119447,-1.1542892466156647,-0.2484455191012202,0.0,0.00018808669855715013,0.06956023465775975,51.043252087054825,-0.0018115200162467052,49.768686574805145,0.03315755314965433,57.27030114980515,51.043252087054825,-0.029987520433894674,47.76202754125375,,
2025-06-23,KCEL,3317.0,670.0,1.1143373695801313,-0.4153581999323344,0.9333110725804905,0.0,0.0016700067234209533,0.0855231636147143,51.28256603779205,0.002045114154595548,51.50683737261353,0.029544561565958846,56.57723339982914,51.28256603779205,-0.042084613654526225,46.377937278295974,,
2025-06-24,KCEL,3329.1,1080.0,1.4850771324723708,0.07197241388967861,-0.2664443690074463,0.0,-0.003870351811085736,0.025843593733394062,50.38764613886709,0.002599035453597525,51.75628416615841,0.02335104210919299,55.383292671131315,50.38764613886709,-0.03987016203435509,46.6309503357596,,
2025-06-25,KCEL,3334.0,650.0,1.6334214226330503,-0.4937482886877257,0.4545454309327049,0.0,-0.016728931356585826,-0.11266630445833305,48.31064870749388,0.00163088358518767,51.32024759663539,0.021816804496243614,55.086516219437065,48.31064870749388,-0.041498772864474724,46.44485515338178,,
2025-06-26,KCEL,3332.98,380.0,1.6024289153903617,-1.0305322183121353,0.8542856532653131,0.0,0.005176941355783643,0.12329912146253012,51.84864376901388,0.007668964593580302,54.03379548444261,0.016433720541044014,54.04250487782532,51.84864376901388,-0.041212698496040645,46.47753676829054,,
2025-06-27,KCEL,3322.1,300.0,1.2708792985152177,-1.2669100084102995,-0.22384700653278777,0.0,0.001928368458849191,0.08830618156348351,51.32428293592317,0.01705889634974629,58.20090510657884,0.019500487511962965,54.63777737022906,51.32428293592317,-0.044276082445460156,46.127733534634736,,
2025-06-30,KCEL,3333.99,940.0,1.6837957663715084,-0.06686189982365084,0.999393725389689,0.0,-0.0017288809675921751,0.048911064558089204,50.733613318603666,0.022418611819185974,60.53182796165356,0.015515464789150956,53.864035058704616,50.733613318603666,-0.04786055214265639,45.7189143741331,,
2025-07-01,KCEL,3348.0,540.0,2.11593652877078,-0.5648807766751893,0.9187257316984826,0.0,-0.012239648404164477,-0.06430869835623897,49.03548918686604,0.033659383000512036,65.25739822325072,0.0038896356033452806,51.597428477235475,49.03548918686604,-0.05348453661034307,45.07866377647669,,
2025-07-02,KCEL,3349.7,640.0,2.1696768822357986,-0.3737090698016535,-0.22424622763432805,0.0,-0.01127479482881908,-0.053915499790400244,49.19133802244105,0.031340834194580856,64.30355425853419,0.00916433266234227,52.627177259582936,49.19133802244105,-0.051012918735674456,45.359851915480306,,
2025-07-03,KCEL,3368.8,420.0,2.1624715974133153,-0.6380846018397676,-0.20768306907396122,0.0,-0.015527693437067721,-0.09972682375226072,48.50454380616053,0.029928627781358665,63.71691272129525,-0.009663469258517993,48.94740792414704,48.50454380616053,-0.05929570211049675,44.41881394821167,,
2025-07-04,KCEL,3389.0,610.0,2.734538352174034,-0.07878057196756633,0.9599198204424887,0.0,-0.02177374594275604,-0.16700797977744783,47.49697435952587,0.023181672146580675,60.86007995143537,-0.014463456701653808,48.0095220446003,47.49697435952587,-0.06253274974591,44.05208837942009,,
2025-07-08,KCEL,3419.0,1130.0,3.579713860754459,0.5607210724067947,0.9607842823273168,0.0,-0.033151687117276535,-0.2895687547166833,45.6673619592898,0.013299296299391358,56.543052967675,-0.025009154027214837,45.95479991395977,45.6673619592898,-0.06812097278513624,43.42054471536022,,
2025-07-09,KCEL,3471.0,1770.0,4.314843065766279,1.0094830227673777,0.9971866507640109,0.0,-0.044740641162832176,-0.41440251565571773,43.81578981475429,-0.00048803967568012514,50.36531646852279,-0.05072858651959776,41.01437933970751,43.81578981475429,-0.08259624782209046,41.79502706757816,,
2025-07-10,KCEL,3465.0,13720.0,3.8294201410860444,3.034367809117144,0.5527022909420377,0.0,-0.04031075036075036,-0.36668466923063986,44.52180969226419,0.0011266594516594255,51.093071142930135,-0.028284415584415648,45.31910991074638,44.52180969226419,-0.07410209235209242,42.74696255612883,,
2025-07-11,KCEL,3480.0,990.0,3.005413678541289,0.4054639954849967,0.9999999736842113,0.0,-0.05427965243568693,-0.517154726782741,42.3043262514889,-0.0037114668856048426,48.912341668463775,-0.03883014504652437,43.283664831723264,42.3043262514889,-0.08328806787082643,41.717753706579494,,
2025-07-14,KCEL,3478.0,710.0,2.8397711808467863,0.07302489958031,0.8974358744247213,0.0,-0.054288714322224985,-0.5172523395071769,42.302896752807065,-0.016612719862719862,43.13969983994788,-0.03828681827724381,43.38804107734007,42.302896752807065,-0.09181753927179453,40.76849904117527,,
2025-07-15,KCEL,3475.0,680.0,2.5030116573442895,0.02985287315440888,0.0,0.0,-0.05479024494689968,-0.5226547212802115,42.2238012270565,-0.004284221194472967,48.654291817437205,-0.043473732442617284,42.39412610237186,42.2238012270565,-0.08045575254082452,42.03436495047313,,
2025-07-16,KCEL,3480.0,30620.0,2.584625248187861,3.8146930256422467,0.9999999666666678,0.0,-0.05789599069512863,-0.556109157353372,41.734902010485186,-0.00943185550082108,46.33992079638297,-0.04344478653530384,42.39965644626643,41.734902010485186,-0.0918902846195949,40.76043161847627,,
2025-07-17,KCEL,3479.6,555470.0,1.4033979921678383,4.416687747781348,0.2444444399176922,0.0,-0.0592296501422349,-0.5704750547363197,41.52545222704397,-0.011610693164877528,45.36447072094149,-0.04191431440760382,42.69233309200992,41.52545222704397,-0.06798905913286873,43.435428953108904,,
2025-07-18,KCEL,3477.85,740.0,0.10168026420526396,0.06273560610361806,0.11404561596547123,0.0,-0.04178164487569973,-0.3825288337276199,44.28712416709677,-0.011116349380923367,45.585500169090174,-0.041680205231931555,42.737148163829,44.28712416709677,-0.06468009691606127,43.80917022236808,,
2025-07-21,KCEL,3431.0,950.0,-1.3415855536316155,0.3125383138920521,-0.7728993040707935,0.0,-0.028154298228569578,-0.235737938976114,46.469814377959246,-0.0031023809523809524,49.186823737502664,-0.031034559085462675,44.78650710621906,46.469814377959246,-0.04431244592950361,46.123583463251414,,
2025-07-22,KCEL,3470.9,1240.0,-0.19457924487228928,0.5366774459259849,0.8176967359338251,0.0,-0.04559000991005949,-0.4235517360878346,43.68069715107843,-0.014884084053493311,43.9058919693668,-0.039144728392571916,43.223258710447475,43.68069715107843,-0.06053137262097981,44.27875067318977,,
2025-07-23,KCEL,3457.99,790.0,-0.5704301576687029,-0.06136663490521705,0.14307304425507214,0.0,-0.03849534077439329,-0.3471294612784053,44.81179970204624,-0.011481781513180047,45.42209204325852,-0.03275670048735067,44.45359103992042,44.81179970204624,-0.056360051074720585,44.751921947210256,,
2025-07-24,KCEL,3450.0,760.0,-0.8069124338797232,-0.0065571368441738505,0.22958397180918488,0.0,-0.03597346445824704,-0.31996434319008704,45.21522139745866,-0.0162876121463078,43.283559967416686,-0.040319547964113196,42.99784999179736,45.21522139745866,-0.06425460662525877,43.85728052158743,,
2025-07-25,KCEL,3449.98,8370.0,-0.8108494703182528,2.3795102249901303,0.6227322932392754,0.0,-0.034528405181920976,-0.3043984704172286,45.44667303625759,-0.010654305382676685,45.7922453478685,-0.04087647319924655,42.89109535467136,45.44667303625759,-0.06400964745183245,43.884983364913666,,
2025-07-28,KCEL,3431.0,630.0,-1.348280518797148,-0.3169962899477172,-0.18688524345068533,0.0,-0.031405995521690655,-0.27076453420981006,45.94744127833484,-0.017955344015581555,42.546839702557726,-0.0368449894287843,43.665306930181586,45.94744127833484,-0.05404107437787123,45.015390921032875,,
2025-07-29,KCEL,3430.0,740.0,-1.3778178739074063,-0.15607325043438694,-0.6300940043828397,0.0,-0.025934985422740562,-0.21183197100327147,46.82679100693504,-0.016499173955296403,43.18993086578849,-0.03830530450275348,43.38448879600093,46.82679100693504,-0.05909177194687396,44.441938026560784,,
2025-07-30,KCEL,3429.01,560.0,-1.4108365065280275,-0.3249108515672911,0.10513968639072453,0.0,-0.025934920195162137,-0.2118312683855978,46.82680150375126,-0.01798771639535187,42.532570806028055,-0.03949118827300014,43.1567549923278,46.82680150375126,-0.06000669150631341,44.3382123059109,,
2025-07-31,KCEL,3404.5,250.0,-2.1174719560732047,-1.1313179097675807,-0.9780219541386669,0.0,-0.024087318546648175,-0.1919292943511413,47.124237903402175,-0.02202567202139092,40.7632255264278,-0.015156538090342614,47.87419875952483,47.124237903402175,-0.05740821024694209,44.63293177618572,,
2025-08-01,KCEL,3423.9,580.0,-1.562610703375075,-0.28982145322329983,0.6481731982655864,0.0,-0.03439809170550427,-0.3029947612215419,45.46755485694349,-0.006557457695832884,47.630944428184264,-0.020523997071009277,46.82741545647182,45.46755485694349,-0.060552205157304674,44.27639007809668,,
2025-08-04,KCEL,3380.0,8260.0,-2.8253886587581656,2.3662805143982544,-0.5770656703248772,0.0,-0.030171212548135654,-0.25746371327925605,46.14570600682807,-0.00010104959143422253,50.53976096297737,-0.01385146285338593,48.12903743794517,46.14570600682807,-0.04068298581760121,46.53805999771617,,
2025-08-05,KCEL,3384.0,420.0,-2.676699714872262,-0.7281997734569663,0.5448338519609962,0.0,-0.033150937183383994,-0.28956067658746704,45.66748222140945,-0.0013035376561972302,49.99768840329901,-0.011498649105032082,48.588702389250265,45.66748222140945,-0.043699848024316174,46.19350482174852,,
2025-08-06,KCEL,3377.9,550.0,-2.853314581487697,-0.34292817055804314,0.6817148203405322,0.0,-0.026935363205842673,-0.22260782881870408,46.66583775143799,-0.005696161464082335,48.01848842463777,-0.00943678267985604,48.99172451379694,46.66583775143799,-0.05341458072240804,45.086618201482345,,
2025-08-07,KCEL,3340.0,580.0,-3.941371866109337,-0.2570328512667486,-0.9999999742268049,0.0,-0.01628891740328866,-0.10792656725342084,48.381666968960914,0.0071008530557931104,53.77924913484505,0.003432363843741116,51.508081417480525,48.381666968960914,-0.03431374156449004,47.26653633021347,,
2025-08-08,KCEL,3411.99,870.0,-1.8748764158513964,0.16183682766871374,0.6952835737876536,0.0,-0.049465343538521445,-0.46529600997422105,43.06554084310789,-0.012773549516348352,44.84527312511893,-0.0203527429531069,46.86077594586145,43.06554084310789,-0.055568394460208115,44.841833114141,,
2025-08-11,KCEL,3390.06,850.0,-2.502840904992747,0.13858079666600584,-0.2469446397026533,0.0,-0.03746293882844612,-0.33600864595661295,44.97687240254347,-0.006635805785710261,47.5957048112233,-0.008690128696977712,49.13770410184985,44.97687240254347,-0.05224356744072231,45.219806762610645,,
2025-08-12,KCEL,3390.0,32750.0,-2.5011581662990663,3.7765450453039455,0.14529914347286085,0.0,-0.037604003371260006,-0.33752816336477426,44.95431071728239,-0.00927303694339099,46.41114154123676,-0.008967825537294563,49.083409270486115,44.95431071728239,-0.05935639837055771,44.4119319355658,,
2025-08-13,KCEL,3369.05,640.0,-2.980728516076957,-0.19138606234616165,-0.006860371128719129,0.0,-0.03152271770479326,-0.27202184086962033,45.92870614632919,0.00017477755610532377,50.664088487815306,-0.00808140015448764,49.25672864852342,45.92870614632919,-0.05210112198978428,45.23601291575266,,
2025-08-14,KCEL,3373.99,1380.0,-2.8251083343182466,0.6097468243889581,0.3663235633897615,0.0,-0.03920257327330913,-0.35474762011749694,44.698784684617685,0.0015215344043934872,51.27098500651487,-0.014299056713597453,48.04162529958461,44.698784684617685,-0.05740747267953719,44.63301548559232,,
2025-08-15,KCEL,3378.9,790.0,-0.6913507549917408,0.05195952995264876,0.15477144838068946,0.0,-0.040662159775863946,-0.3704699770975598,44.465718672664764,-0.009982970296052999,46.09289597519555,-0.02431170918543516,46.09034310316016,44.465718672664764,-0.057176170252646416,44.659268400830115,,
2025-08-18,KCEL,3377.99,36350.0,-0.6830461147384683,3.8480825414239095,0.278779923273526,0.0,-0.04186309098671755,-0.3834061540027928,44.27413655218354,-0.01029606369303767,45.952643542822045,-0.02586063002291626,45.789403214813646,44.27413655218354,-0.05726679468493921,44.64898213685213,,
2025-08-19,KCEL,3368.99,1240.0,-0.6859020055028887,0.47000127377388584,0.1759168429904401,0.0,-0.03629938129212757,-0.32347505036579216,45.16304831454036,-0.009020211563571141,46.52454888437346,-0.01877598988972102,47.1680572233666,45.16304831454036,-0.060030155891476374,44.33555276066185,,
2025-08-20,KCEL,3380.0,41010.0,-0.3232009233027933,3.968702026464911,0.49999998750000035,0.0,-0.04217159058889828,-0.38672924644383894,44.22494949305232,-0.014032459847844464,44.28445619815186,-0.022615471494317647,46.420231661909604,44.22494949305232,-0.06122213769136846,44.20049192166463,,
2025-08-21,KCEL,3389.5,1060.0,0.06471620021357566,0.31315877126471015,0.1920529775887023,0.0,-0.04230658083905247,-0.3881833328566944,44.20343025569479,-0.018294775063981437,42.397289569385286,-0.03749860329636108,43.53956586194595,44.20343025569479,-0.0442573408308103,46.12987248812187,,
2025-08-22,KCEL,3355.56,750.0,-0.9276453413323027,-0.08923034905192075,-0.9996990067765458,0.0,-0.029392356949574455,-0.24907404556510165,46.270827233650145,0.009242509659873693,54.73769528152496,-0.021838638260081818,46.57141854861992,46.270827233650145,-0.04755081378794762,45.754218976401944,,
2025-08-25,KCEL,3353.6,810.0,-0.8617267728491812,0.05064331512138311,0.4110945911071189,0.0,-0.0287399453229128,-0.24204640556270116,46.37567177555702,0.010125218102508207,55.13175073697625,-0.02141886208045556,46.65314157637521,46.37567177555702,-0.0569709083060705,44.68256820674659,,
2025-08-26,KCEL,3348.97,340.0,-0.9864782896612769,-0.8556550803555265,0.6579044554644549,0.0,-0.02029654817821031,-0.1510959180094838,47.73511223744111,0.005251483592846969,52.949329092896114,-0.020065382672028377,46.916760332835764,47.73511223744111,-0.047028106803366304,45.813807826023144,,
2025-08-27,KCEL,3343.0,840.0,-1.152507290377917,0.04878977714869317,0.49979051111059214,0.0,-0.02373785391412516,-0.18816493527080175,47.18052013367731,0.010636683023992326,55.359785795526065,-0.024575949033517022,46.038983151937096,47.18052013367731,-0.047123126504565335,45.802974638312485,,
2025-08-28,KCEL,3338.0,350.0,-1.2871177262111355,-0.8574395130322892,-0.15789472853185638,0.0,-0.03169166785547846,-0.2738417361456171,45.901589918682056,0.01242640707771028,56.155893780308475,-0.023116475030195798,46.322761323149955,45.901589918682056,-0.04771905237429504,45.73504227170466,,
2025-08-29,KCEL,3397.0,760.0,0.4624361869605938,-0.08206427703914244,0.9333333177777781,0.0,-0.03804297279111824,-0.3422566490764891,44.8841158216957,-0.0037495417291634275,48.89518540295666,-0.041762543514118435,42.721384940910845,44.8841158216957,-0.05952838241959525,44.392432782415085,,
2025-09-02,KCEL,3398.0,1310.0,0.4949200466341209,0.4623960994607265,0.5918367237136051,0.0,-0.048624855423825344,-0.45624244983672874,43.198781971756894,-0.006385214224987621,47.70842480973828,-0.03911226935545652,43.229490547778674,43.198781971756894,-0.06723409475228193,43.52063668952345,,
2025-09-03,KCEL,3377.0,620.0,-0.13388227607064151,-0.28566143048238246,-0.42592182764579717,0.0,-0.01807632008780217,-0.12718009078481474,48.09322379875499,0.005080634991139839,52.87256992289484,-0.03572303925715978,43.88133481098784,48.09322379875499,-0.043467870421290675,46.21998645539013,,
2025-09-04,KCEL,3389.0,630.0,0.22190720110323706,-0.26966124366476685,0.41843970444142686,0.0,-0.018718816596177176,-0.13410092723091388,47.989570584631394,0.0012280685176598426,51.13876457934386,-0.03656846403162428,43.71852901227264,47.989570584631394,-0.03465460710890041,47.227517878375075,,
2025-09-05,KCEL,3389.9,410.0,0.24691863935438169,-0.699218624216784,0.41690960748591926,0.0,-0.011832965621030167,-0.05992799746397174,49.101176876007784,-0.00434985492618839,48.624725388495364,-0.03380770854316531,44.250657672628144,49.101176876007784,-0.0379246207922976,46.85338249077578,,
2025-09-08,KCEL,3394.9,339470.0,0.3881778186667274,4.416687747781348,0.5387139019239866,0.0,-0.01819083384647469,-0.1284136087639319,48.074748199558556,-0.010522061804190842,45.85144576457849,-0.03516143926440545,43.98955676163578,48.074748199558556,-0.038565028553568005,46.78015094740452,,
2025-09-09,KCEL,3387.0,2290.0,-0.12838699783827176,1.020905783933577,0.033194107865599426,0.0,-0.015308795183263803,-0.0973688980776991,48.53988179359477,-0.016723291787928668,43.09079801883302,-0.025862839006284596,45.78897424538989,48.53988179359477,-0.03803878766150688,46.84032634408005,,
2025-09-10,KCEL,3404.89,730.0,0.3996971415255804,-0.12233519426937686,0.7046212146440639,0.0,-0.030857403163200264,-0.26485521339763257,46.03551135191216,-0.023671201886483768,40.04873136600457,-0.036151579271586284,43.79879298104585,46.03551135191216,-0.05156126833363422,45.29744171549912,,
2025-09-11,KCEL,3404.0,600.0,0.36977885419923995,-0.2876730773183166,0.5238953776422164,0.0,-0.030328718314587846,-0.2591603320697458,46.120408945260074,-0.018980753268796745,42.095481393948916,-0.04513964243746846,42.07616601937013,46.120408945260074,-0.04868743355156399,45.62468592032779,,
2025-09-12,KCEL,3385.99,860.0,-0.16275195618199007,0.0723187790414427,-0.10191534400768645,0.0,-0.020429972352931158,-0.15253313498912813,47.7135986393522,-0.014333650317599485,44.15049269546591,-0.02915687552542014,45.15002413996048,47.7135986393522,-0.037548473374437286,46.896401825483316,,
2025-09-15,KCEL,3370.01,910.0,-0.6352486843092023,0.128829614082056,0.14342856733062484,0.0,-0.02111940020619791,-0.15995950595246963,47.6024475166281,-0.02181195643501229,40.85631566243044,-0.03486683320095654,44.046351131538565,47.6024475166281,-0.02838600235772469,47.94556975849217,,
2025-09-16,KCEL,3341.12,620.0,-1.4864233483474671,-0.2856552648931642,-0.9502222011061782,0.0,-0.013711105030078278,-0.08015891779359412,48.79784795527419,-0.007499042921449806,47.207601875931246,-0.001623501063420579,50.519692833117865,48.79784795527419,-0.021767680906925203,48.70459705096529,,
2025-09-17,KCEL,3335.0,7510.0,-1.700648315895582,2.258284463088747,-0.08422701428814057,0.0,-0.016411990433354777,-0.10925228389298317,48.361802308452376,-0.005829250850765088,47.95858751858136,0.0031727065038909125,51.45734222683009,48.361802308452376,-0.024959710620879986,48.338420433710965,,
2025-09-18,KCEL,3350.0,7090.0,-1.2292622681719823,2.2007341387477095,0.20010004752251057,0.0,-0.018421369343757443,-0.13089688836299054,48.037555306417936,-0.010309227671168035,45.94674803290519,0.00585007107320543,51.98035829265331,48.037555306417936,-0.037119515517649845,46.9454666260854,,
2025-09-19,KCEL,3348.0,690.0,-1.3027749569724005,-0.12898889344649367,-0.007672634155666179,0.0,-0.010599743983614953,-0.04664399491596144,49.300385739394834,-0.015990104966717805,43.41530622842417,0.0015096859532343389,51.13230748923292,49.300385739394834,-0.03478693036354333,47.212371911169605,,
2025-09-22,KCEL,3307.0,1020.0,-2.5092718186148626,0.3008338325722908,-0.9109556897213187,0.0,4.233216217636518e-05,0.06799019763122444,51.019711554782646,-0.003777381552358851,48.882641132503494,0.014640966612428594,53.6939776469905,51.019711554782646,-0.015989795095540483,49.3677393066804,,
2025-09-23,KCEL,3326.47,3500.0,-1.9306255343085734,1.4948163545253887,0.6111111023156084,0.0,-0.01760669303930114,-0.12212136758402985,48.16899861917184,-0.011103019174814216,45.591462777334236,-0.001917812985269907,50.46213678278948,48.16899861917184,-0.029620259055060924,47.80411242620692,,
2025-09-24,KCEL,3325.98,470.0,-1.9296119315382485,-0.5318627726348389,0.9603399224157848,0.0,-0.009508644970805575,-0.0348909072093019,49.47665550492238,-0.007950630691305024,47.004703861054274,-0.0015105128413279417,50.54178860999855,49.47665550492238,-0.03411507029507087,47.28927952499604,,
2025-09-25,KCEL,3325.99,430.0,-1.9280435973219372,-0.620806584815254,0.9124578685686151,0.0,-0.009518520783428686,-0.03499728737331203,49.475059977814176,-0.010646092038379533,45.795921805212,0.003220654293074377,51.466711850456136,49.475059977814176,-0.03190542554533345,47.54230566495302,,
2025-09-26,KCEL,3305.01,610.0,-2.5476429886711593,-0.1999197616995605,0.08786428691031166,0.0,-0.006211736921478982,0.0006226887243578137,50.009340330756714,-0.0016605566246396563,49.836741296764224,0.004150545827179216,51.648403604085615,50.009340330756714,-0.022510914263497,48.61932248956483,,
2025-09-29,KCEL,3304.92,730.0,-2.5476591754848146,-0.020339173268071515,0.9948556446168639,0.0,-0.013486958145518178,-0.0777444549790543,48.834044585688716,0.001460165925779953,51.2433369789265,0.002941061508296698,51.412074341079936,48.834044585688716,-0.017997633470560218,49.13725761225159,,
2025-09-30,KCEL,3300.0,430.0,-2.68751631371977,-0.5292416213778018,0.2822966445781507,0.0,-0.01079877344877345,-0.048787898203156536,49.26823378000058,0.0030408008658009207,51.95516179618145,-0.00013253968253971148,50.811242983691926,49.26823378000058,-0.015007034632034632,49.48056172841401,,
2025-10-01,KCEL,3310.0,76240.0,-2.3888780475365037,4.416687747781348,0.503572752780266,0.0,-0.017765736344890475,-0.12383454842078595,48.143335853191026,0.007171263127607474,53.810807831621574,-0.0006732496523282408,50.70551514934702,48.143335853191026,-0.020270619335347434,48.876384155714284,,
2025-10-02,KCEL,3301.0,106400.0,-2.2550165042462504,4.416687747781348,-0.17602995595392862,0.0,-0.013323699768708923,-0.07598587028695974,48.860409333709526,0.004635897731808128,52.67269474418333,0.009416740958728234,52.676404481856,48.860409333709526,,,,
2025-10-03,KCEL,3309.85,5490.0,-1.5639333943108802,1.9323117840261435,0.61330447232816,0.0,-0.016368271178787933,-0.10878134933309308,48.368858776408544,-0.007589539250447884,47.166934341272764,0.004813153583663538,51.77784440474085,48.368858776408544,,,,
2025-10-06,KCEL,3320.05,298350.0,-1.2447394606727813,4.416687747781348,-0.3011627871957773,0.0,-0.024918482503968786,-0.20088241663822934,46.99040631987617,0.0003926554044055212,50.76228996428321,-0.010028540692994919,48.87604099126007,46.99040631987617,,,,
2025-10-07,KCEL,3320.3,344370.0,0.1327869572047785,4.416687747781348,-0.9856856288094581,0.0,-0.022952935848214194,-0.179709963941078,47.30695924218765,-0.010222688569449398,45.98550678724138,-0.002153128769201894,50.416117211044806,47.30695924218765,,,,
2025-10-08,KCEL,3343.99,720.0,0.799218060171552,-0.20632533713950593,0.06565768827824807,0.0,-0.010036842061168408,-0.04058053450852604,49.391322052831086,0.007495160174113899,53.9559429191148,-0.009350401494991873,49.00861221371263,49.391322052831086,,,,
2025-10-09,KCEL,3326.51,450.0,0.27388873458157253,-0.676293259277425,-0.9523310384407637,0.0,-0.018215051061904696,-0.1286744714845635,48.070841072004576,0.015753926326475945,57.62735755437007,-0.007169460315026797,49.435055376065,48.070841072004576,,,,
2025-10-10,KCEL,3295.01,5750.0,-0.6739710311185504,1.8713265292805075,-0.9999999756038065,0.0,-0.018790630141402444,-0.1348744875454682,47.97798604779703,0.03286413299538119,64.93156676608338,-0.004853929272464683,49.8879037106611,47.97798604779703,,,,
2025-10-13,KCEL,3331.85,960.0,0.4431381381163606,-0.005194584325986335,0.5816869681570157,0.0,-0.0211815711205772,-0.16062919788777952,47.592425331656095,0.01648280321052395,57.94797006550954,-0.014788580418286111,47.94603828211634,47.592425331656095,,,,
2025-10-14,KCEL,3297.03,6680.0,-0.6053762214779084,1.909131248384188,-0.9541501868531838,0.0,-0.012479166303786022,-0.06688873449275659,48.996803631104655,0.02784635926301913,62.84446292584405,-0.008127724703315346,49.247670507312115,48.996803631104655,,,,
2025-10-15,KCEL,3380.0,6590.0,1.9011716742212275,1.0701759191880509,0.7483971172683422,0.0,-0.039234359443974826,-0.355090014022456,44.69370656490184,-0.007793023856485358,47.07550558143289,-0.031105355968817573,44.77281157004534,44.69370656490184,,,,
2025-10-16,KCEL,3390.0,1430.0,2.192706467087367,-0.4576792364037279,0.6773152520600961,0.0,-0.036615458631830314,-0.3268797685920957,45.112460500159436,-0.010428996347801625,45.89311465976182,-0.034297661188369216,44.1561205470929,45.112460500159436,,,,
2025-10-17,KCEL,3414.4,1010.0,2.9328675667082345,-0.19298302983589585,0.9849981124515823,0.0,-0.05097479507891882,-0.4815555025912692,42.826503254129904,-0.012876920530786538,44.799172185586976,-0.046560176879249016,41.805556211752624,42.826503254129904,,,,
2025-10-20,KCEL,3398.0,580.0,2.4357039869244494,-0.7476289117016227,0.2444444390123458,0.0,-0.02864348099255404,-0.24100731220640578,46.39117663009335,-0.013428172033969534,44.55348032615091,-0.03983861351682129,43.09009073983303,46.39117663009335,,,,
2025-10-21,KCEL,3399.99,470.0,2.49363959635465,-0.9538171253115254,0.9994280526328714,0.0,-0.01686604936793225,-0.11414331066455058,48.28851923858837,-0.015157037394647736,43.784706435395655,-0.02069528045180512,46.79405210321642,48.28851923858837,,,,
2025-10-22,KCEL,3365.11,920.0,1.4419344419017126,-0.06826489355868721,-0.9965619472329708,0.0,-0.009435918158858312,-0.034107509378851056,49.48840521367972,-0.009357424901745064,46.37329668368495,-0.023666792607737103,46.21572933156784,49.48840521367972,,,,
2025-10-23,KCEL,3366.13,300.0,1.4712605126546263,-1.188759658401481,-0.32675584737866314,0.0,-0.008850630596749095,-0.027802915597417252,49.58296593704027,-0.007131921036069045,47.372617759246225,-0.03386873261244523,44.23888069771281,49.58296593704027,,,,
2025-10-24,KCEL,3382.0,330.0,1.9492674742138647,-1.0934624991585096,-0.1434357857584493,0.0,-0.015377356781466775,-0.09810742910698989,48.52881334699599,-0.004605351158795866,48.509639791965824,-0.02991326396515634,45.00352385878603,48.52881334699599,,,,
2025-10-28,KCEL,3363.9,510.0,1.4026211119573262,-0.6581903442410728,0.021621621037258402,0.0,-0.01829094191973888,-0.1294919517478461,48.05859723842856,-0.0010133073289366012,50.12852682604431,-0.026419220781151158,45.68094876915338,48.05859723842856,,,,
2025-10-29,KCEL,3360.0,980.0,1.2838902358122861,-0.005088847311641187,0.6393442273582226,0.0,-0.014444444444444444,-0.08805829480210553,48.67943276445751,-0.011358730158730105,45.477105355668215,-0.02729265873015873,45.51144688007229,48.67943276445751,,,,
2025-10-30,KCEL,3345.1,4360.0,0.8330016483683842,1.4774513033830863,-0.9878418852375862,0.0,-0.003963728241687767,0.024837762579927324,50.37255954360346,0.0010331120905110276,51.050918453779545,-0.01728918299355653,47.458006717155584,50.37255954360346,,,,
2025-10-31,KCEL,3353.64,2870.0,1.0637192921377119,1.0592987468355402,-0.2653714255386152,0.0,-0.0020665577445061444,0.04527368176424614,50.67906347055781,-0.0014817277573592723,49.917358616236136,-0.02727701218462835,45.51448239105274,50.67906347055781,,,,
2025-11-03,KCEL,3378.0,590.0,1.7104826141766294,-0.5225966374580645,0.5180722829147918,0.0,-0.011480910090501565,-0.05613572977850907,49.158043647512365,-0.011701833291042851,45.323740113677516,-0.01663590811694726,47.58546043534798,49.158043647512365,,,,
2025-11-04,KCEL,3371.99,340.0,1.5252063409023489,-1.0482856798081894,-0.21866294883944185,0.0,-0.01463491918624462,-0.09011004841932918,48.648678432344376,-0.017042108255089516,42.94987317929721,-0.0024012696755723213,50.3675887298094,48.648678432344376,,,,
2025-11-05,KCEL,3333.3,500.0,0.3285366585113352,-0.6312539802963071,-0.9939301821861802,0.0,-0.010550219359336506,-0.04611052614186253,49.30838622218365,-0.004365406725495881,48.61771981452958,0.006337983879838744,52.07562739705681,49.30838622218365,,,,
2025-11-06,KCEL,3359.9,310.0,0.526863156604,-0.9727283973571651,0.4609756041344461,0.0,-0.016766361338229636,-0.11306949230100706,48.30460781853642,-0.016088473650718138,43.37173484969339,-0.0008499973307973824,50.67095334133999,48.30460781853642,,,,
2025-11-07,KCEL,3360.0,360.0,0.5263096656975713,-0.7406111070009103,-0.000500250112549567,0.0,-0.010537301587301588,-0.04597137863469899,49.31047303664461,-0.014388690476190541,44.126021072767166,-0.0026722222222222234,50.31459822832992,49.31047303664461,,,,
2025-11-10,KCEL,3349.88,420.0,0.2122511815634848,-0.5864611448211632,0.16516223066206984,0.0,-0.015009284805463752,-0.09414263565970374,48.588235812172684,-0.011698687240348532,45.325145982655016,-0.007976645754285284,49.2772121387395,48.588235812172684,,,,
2025-11-11,KCEL,3325.91,830.0,-0.7749774021052562,0.3498130838199976,-0.9237855559553912,0.0,-0.012362109509544314,-0.06562782347255429,49.01570982508983,-0.009951666528024473,46.10692216203828,0.0019794880281721154,51.22414045889926,49.01570982508983,,,,
2025-11-12,KCEL,3330.0,240.0,-0.6506877438645704,-0.8909691913210531,-0.6730244969628546,0.0,-0.01135329257829258,-0.05476106093884443,49.178657975156106,-0.009078721578721579,46.498300395094184,0.006735703560703563,52.15327439478287,49.178657975156106,,,,
2025-11-13,KCEL,3317.18,460.0,-1.4760396985513502,-0.16955889933743937,-0.9016666290972374,0.0,-0.004439931587042187,0.019708200900878325,50.295619568845076,0.014964849422204883,57.279540171323106,0.015203188939314253,53.80331912054888,50.295619568845076,,,,
2025-11-14,KCEL,3322.99,240.0,-1.1231739925172184,-0.7439175588883674,0.14094600377703692,0.0,-0.0017053650537139885,0.04916437300678896,50.73741212312508,-0.0002603351951103185,50.467960739770476,0.011296271020643792,53.04279942465703,50.73741212312508,,,,
2025-11-17,KCEL,3321.99,300.0,-1.0627600847875,-0.4803653596857126,0.9999999523582681,0.0,0.00010639864960467274,0.06868030827834501,51.03005886514178,-0.009994458141053948,46.08774880549587,0.006577492256147791,52.12238795369253,51.03005886514178,,,,
2025-11-18,KCEL,3304.03,390.0,-1.4722393485368657,-0.1758903374733796,-0.6899999734615241,0.0,0.0035348448580518332,0.10561080543065393,51.583632218902665,0.004162992988024328,52.460066581455386,0.004469375030656343,51.71068993790215,51.583632218902665,,,,
2025-11-19,KCEL,3311.0,480.0,-1.1798045248129958,0.08701122812624819,0.5308641844231066,0.0,,,,0.00020602872579616755,50.678174286263264,0.004127868384845069,51.643973151470114,,,,,
2025-11-20,KCEL,3378.01,750.0,0.9010086960574583,0.5332977407857636,0.9916488116525851,0.0,,,,-0.021719461509765628,40.8966249440688,-0.00984898406890548,48.91114152748109,,,,,
2025-11-21,KCEL,3333.34,380.0,-0.4461631275274788,-0.14660319500580507,-0.9995522498421159,0.0,,,,-0.002957159726156782,49.25227494462525,-0.003947338136276098,50.065214826377435,,,,,
2025-11-24,KCEL,3300.02,430.0,-1.4205336861549756,-0.022989476892849206,-0.9988795238409108,0.0,,,,-0.000432521936134485,50.39034298566032,0.0016254086507220544,51.154928725053296,,,,,
2025-11-25,KCEL,3329.0,490.0,-0.49476199002476806,0.09633094652182932,-0.2608807589379281,0.0,,,,0.008867768813743515,54.57022218431384,-0.00495733870698575,49.86767898648615,,,,,
2025-11-26,KCEL,3323.0,380.0,-0.64110347301678,-0.15790272731747027,-0.011272141447621287,0.0,,,,0.02335882103568682,60.93614643124944,-0.00010258264906925878,50.81710043490661,,,,,
2025-11-27,KCEL,3316.25,480.0,-0.7970347715595788,0.1216967311543321,-0.6159695739420822,0.0,,,,0.022444821376219795,60.54311869881162,0.006499898437827197,52.10723928291733,,,,,
2025-11-28,KCEL,3335.0,260.0,-0.17661427225584891,-0.49140669872483056,-0.6060605968778697,0.0,,,,0.01759506080293187,58.435922757813884,0.002281039837224245,51.283080962472596,,,,,
2025-12-01,KCEL,3310.0,420.0,-0.7938316770279615,0.036367606119768234,-0.816300714837334,0.0,,,,0.02349496355440464,60.99456897848974,0.007851206061477965,52.370997755528826,,,,,
2025-12-02,KCEL,3369.99,510.0,1.1317792155411717,0.23052344357935403,0.42848977813273464,0.0,,,,-0.0030943434656227667,49.19044616200394,,,,,,,
2025-12-03,KCEL,3412.0,490.0,2.3720763463040098,0.15415053305869086,0.7440224960415706,0.0,,,,-0.01277231433409628,44.84582403985935,,,,,,,
2025-12-04,KCEL,3402.0,530.0,1.935230332038971,0.23262208228602058,0.4343230946864228,0.0,,,,-0.003976381540270428,48.792978459891,,,,,,,
2025-12-05,KCEL,3405.0,350.0,1.930937731101889,-0.1941557915840712,0.5066891738318113,0.0,,,,-0.00044965037409971367,50.382621777558946,,,,,,,
2025-12-08,KCEL,3399.0,580.0,1.697693656565971,0.31093865699966505,0.3584905615284206,0.0,,,,-0.0007327179562616457,50.25501736582471,,,,,,,
2025-12-09,KCEL,3371.0,240.0,0.7603096393701236,-0.6174344960211855,-0.03896103823819791,0.0,,,,0.002643777339869058,51.77642907892479,,,,,,,
2025-12-10,KCEL,3380.0,250.0,0.948797452250331,-0.5306275592983875,-0.3103448168846615,0.0,,,,-0.007517805485113178,47.19916998770702,,,,,,,
2025-12-11,KCEL,3400.0,310.0,1.5017268161424817,-0.31551650440580725,0.7435897340565419,0.0,,,,-0.011618323996265233,45.36106025647551,,,,,,,
2025-12-12,KCEL,3415.0,260.0,1.8370794821402945,-0.443204867383301,0.8914981420798244,0.0,,,,-0.009815976434497664,46.16772752077141,,,,,,,
2025-12-15,KCEL,3408.0,620.0,1.543072732955669,0.4258320564526109,0.5639207026019211,0.0,,,,-0.015169980997093619,43.77896157832671,,,,,,,
2025-12-17,KCEL,3391.3,1140.0,0.8973568373333675,0.9866937378928416,-0.4739999952599964,0.0,,,,-0.014813091587296896,43.9374231024243,,,,,,,
2025-12-18,KCEL,3366.0,410.0,-0.0355814009878545,-0.10414014648134419,-0.9577985434457658,0.0,,,,-0.005159912146676852,48.2598996269862,,,,,,,
2025-12-19,KCEL,3371.97,280.0,0.05691422017173832,-0.41729900037779305,-0.21488229196037756,0.0,,,,-0.003962402813983062,48.79927655485967,,,,,,,
2025-12-22,KCEL,3393.0,600.0,0.6993620150036464,0.36865080770662534,0.7626716263320618,0.0,,,,-0.005739144667592943,47.99914190195942,,,,,,,
2025-12-23,KCEL,3367.8,670.0,-0.13995961122441164,0.45518815498858806,-0.07333333211110507,0.0,,,,0.003211284815012714,52.031895458828146,,,,,,,
2025-12-24,KCEL,3352.51,320.0,-0.6823205619189383,-0.3409261685336117,-0.636929449568991,0.0,,,,0.00571531323628492,53.15764794447473,,,,,,,
2025-12-25,KCEL,3360.0,930.0,-0.5104232430610428,0.8069054587788543,-0.09069212255894306,0.0,,,,,,,,,,,,
2025-12-26,KCEL,3370.0,270.0,-0.22834135631477062,-0.5108249089521979,0.1477291335017399,0.0,,,,,,,,,,,,
2025-12-29,KCEL,3385.0,420.0,0.12964078616708907,0.011976177506857165,0.15429010564486903,0.0,,,,,,,,,,,,
2025-12-30,KCEL,3390.0,220.0,0.2352259940445272,-0.6466261259657407,0.8136334955086452,0.0,,,,,,,,,,,,
2025-12-31,KCEL,3383.0,190.0,-0.07236129602278271,-0.7812531069185403,0.6861514184748644,0.0,,,,,,,,,,,,
