date,ticker,close,volume,dev_price,dev_volume,order_flow,pre_agm,R30,Z30,Y_target,R5,Y_target_5,R21,Y_target_21,Y_target_30,R63,Y_target_63,R252,Y_target_252
2024-01-31,KEGC,1392.84,23830.0,-3.370572157926053,-0.6251045514743166,0.32656511619583795,0.0,0.04704408464514441,0.9234789966231467,63.508337762335856,-0.023515059569963873,35.38990671334713,0.057663105186935695,66.9981068796917,63.508337762335856,0.04204747935359209,61.81501640730793,-0.07155753455427138,47.34239556630989
2024-02-01,KEGC,1382.5,44400.0,-3.9270983801949266,-0.002811356562455934,-0.15919281618873962,0.0,0.055028697006228644,1.0672445836387936,65.48318397523865,-0.006773538276069922,45.67820350086835,0.06928463934096846,70.012103425861,65.48318397523865,0.04938588507132811,63.2567856100502,-0.0628809473578461,47.96222367913546
2024-02-02,KEGC,1370.0,26870.0,-4.490707766129632,-0.4571980146517133,-0.999999941176474,0.0,0.07066505039972193,1.3487822992774288,69.19537916673974,0.01764509906152242,61.1089817668574,0.07623902502606882,71.73828014245011,69.19537916673974,0.05564586954003013,64.46832171619793,-0.05310599582898855,48.66125811160025
2024-02-05,KEGC,1365.0,28930.0,-4.64754342782651,-0.3833294494517093,-0.8533723714536395,0.0,0.06880793650793651,1.3153443492889352,68.76609488914556,0.02870818070818071,67.59339251116667,0.07953021978021976,72.53387396815408,68.76609488914556,0.06405744810744811,66.06729481851113,-0.048447161172161135,48.99462577078066
2024-02-06,KEGC,1365.02,12700.0,-4.391271725757457,-1.206604382949293,-0.9973613459945477,0.0,0.07312661141891529,1.3931035197569552,69.75930139018618,0.04260275351509474,74.8550413359555,0.07586895013224994,71.6479517214056,69.75930139018618,0.06268233199908921,65.80827374574227,-0.04697304482194922,49.100127702692
2024-02-07,KEGC,1363.99,19080.0,-4.204208792331434,-0.7433576042724821,-0.505785082166517,0.0,0.06970860741833854,1.3315612269889667,68.97469927597936,0.057285788516463765,81.25753083221193,0.08036413905073315,72.73323660836564,68.97469927597936,0.06930136493518024,67.04616098513483,-0.043971560220091924,49.314966559088965
2024-02-08,KEGC,1377.0,52210.0,-3.035148388313448,0.36884228915416173,0.1570247868998,0.0,0.05938169156551509,1.1456216907281545,66.53822861701379,0.047978402842618534,77.35613388271017,0.06499255109451188,68.91722533900098,66.53822861701379,0.061716425459072514,65.62576620290183,-0.05869873430853824,48.26122388530086
2024-02-09,KEGC,1398.0,35780.0,-1.2985065498759358,-0.16218328879690386,0.9221967541328796,0.0,0.04336659683902176,0.8572646120943637,62.5827714090498,0.04076114347026364,73.95718786429259,0.05581152496764083,66.50386613996842,62.5827714090498,0.04793223141903395,62.972972572737795,-0.07637617685128414,46.998508090509965
2024-02-12,KEGC,1408.0,29820.0,-0.38973163993795035,-0.3443927868469344,0.0828370307840528,0.0,0.037834325396825394,0.7576542346020668,61.17305952085316,0.03006097582972591,68.34741744941812,0.04272599206349206,62.9120912262978,61.17305952085316,0.04890999278499278,63.16397187404977,-0.08395892857142856,46.45794617226871
2024-02-13,KEGC,1427.0,43540.0,1.2423608667498602,0.14216475368433212,0.1874999941406252,0.0,0.02513807855307511,0.5290541100320298,57.86983973199593,0.02725735281031357,66.77445940502638,0.026620039265414168,58.29116099109315,57.86983973199593,0.03873570093769814,61.15730187635593,-0.09872352198529491,45.407899876611545
2024-02-14,KEGC,1446.0,45350.0,2.685774323245342,0.08510871422348062,0.2919359288582241,0.0,0.008795368174932486,0.23479820320910466,53.516159573833434,0.02411539880129092,64.96627501115364,0.013030958967266016,54.27201953762692,53.516159573833434,-0.0022647961535928324,52.749003096104694,-0.10963621484555092,44.634362126902964
2024-02-15,KEGC,1447.0,62550.0,2.744451113533975,0.35245832266048216,-0.027777775848771707,0.0,0.010889035058851922,0.27249536807698377,54.078349586605825,0.02755178777108632,66.94149858760755,0.01788411546604359,55.716605132845544,54.078349586605825,-0.010524326466361707,51.019885682402354,-0.1103377370805498,44.584719974956585
2024-02-16,KEGC,1459.0,45110.0,3.5125731437789605,0.0052230986652162465,0.9999999473684238,0.0,-0.0009231524092387887,0.05981302502854413,50.89709909369818,0.023516905197079975,64.61671652527478,0.003963031593720421,51.55540780755826,50.89709909369818,-0.018515156608679598,49.3446513844249,-0.1177928897809981,44.05785383566297
2024-02-19,KEGC,1454.38,33090.0,3.319228389847015,-0.30197165497832856,0.21032256707597752,0.0,0.003702177751191346,0.14309362471004436,52.145086862354404,0.027998833872809246,67.19430162177046,0.011265478809821745,53.74459030151407,52.145086862354404,-0.015608692958566175,49.95400335364518,-0.11804371568248037,44.040150187682116
2024-02-20,KEGC,1470.0,47930.0,4.544986792428069,0.086233939088864,0.9999999545454565,0.0,-0.0030462585034013497,0.02158579744121382,50.323782435670616,0.010638378684807256,56.77064857952628,-0.003531009070294846,49.302641610661205,50.323782435670616,-0.012106179138321994,50.68832138727182,-0.12520447845804988,43.53538961345219
2024-02-21,KEGC,1485.0,69290.0,5.547621611788231,0.4547926181341367,0.7007873795027597,0.0,-0.018552465127465192,-0.25760858255893665,46.143545887576025,-0.0009801948051948051,49.3756549982815,-0.013753535353535355,46.2360144477549,46.143545887576025,-0.028454870129870132,47.26332176238252,-0.13614052429052428,42.76712338696235
2024-02-22,KEGC,1491.0,221030.0,5.562816947835338,1.614789993045581,0.08474575983912679,0.0,-0.019241493404873685,-0.27001476463670515,45.95861414359577,-0.0036925162083612786,47.641259221318286,-0.017607634697071287,45.08594092456376,45.95861414359577,-0.036474374021909235,45.59064289275258,-0.1401842387659289,42.48390978232393
2024-02-23,KEGC,1497.5,30320.0,4.7197210957756095,-0.37169947415471793,0.5833332847222263,0.0,-0.01761862694437823,-0.2407945171418784,46.39435194253302,-0.004664290351644275,47.02102173519912,-0.020017880329649948,44.369297772456356,46.39435194253302,-0.03472754061001139,45.95427625130401,-0.14517684301878794,42.1349192852747
2024-02-26,KEGC,1499.34,130120.0,4.239760729620488,1.1391549269353531,0.9999999482936944,0.0,-0.022794087080855195,-0.33398038903505767,45.006991034206244,-0.008496574461016763,44.58581416873161,-0.019911666545978528,44.40083145649942,45.006991034206244,-0.036665724331404206,45.55083788521214,-0.14769526399552307,41.95917331801477
2024-02-27,KEGC,1490.0,18640.0,2.856115351271681,-0.8039900156242689,-0.1791044642459411,0.0,-0.020311766272504528,-0.2892853816840397,45.671580669396064,-0.0028389581335890187,48.186652235884594,-0.016242034196228827,45.49290380357361,45.671580669396064,-0.03688456375838926,45.50532151613376,-0.1421172126344945,42.34870111635144
2024-02-28,KEGC,1488.0,83290.0,2.508477947861901,0.7419846968545981,0.09090908264462885,0.0,-0.01989350998463903,-0.28175453885426904,45.78371850124589,-0.004790360983102924,46.940620102166875,-0.01214505888376856,46.71724690393279,45.78371850124589,-0.038154083461341526,45.24142485323739,-0.1380608678955453,42.63256609911807
2024-02-29,KEGC,1490.0,28600.0,2.356854113369047,-0.43010020533557153,-0.055967629402043285,0.0,-0.020176051986790244,-0.2868418010730112,45.7079619948089,-0.002726949504634062,48.25825662009582,-0.01675097741557475,45.34116018526262,45.7079619948089,-0.03910574464685203,45.04377631456192,-0.13938225205070842,42.54004071677661
2024-03-01,KEGC,1495.0,29140.0,2.420622344070406,-0.30823083794430695,0.6666666111111158,0.0,-0.021467440409831715,-0.31009367684454303,45.36196666696687,-0.010719273238838463,43.1844764389888,-0.01872373254764559,44.753817422812794,45.36196666696687,-0.04268749270053625,44.30134195869649,-0.15080957822370866,41.742125611454746
2024-03-04,KEGC,1491.0,15480.0,1.9214385704215342,-0.940792154681978,-0.4936708235859775,0.0,-0.020802375363290854,-0.2981189606660169,45.540100449626735,-0.0015017661524703901,49.04189000206448,-0.012040453834115792,46.74856533383471,45.540100449626735,-0.03807255756762799,45.258363868103125,-0.14487034428794993,42.15632175262572
2024-03-05,KEGC,1490.02,30160.0,1.6388941651426705,-0.27382616176912394,-0.29986050907527684,0.0,-0.014789015919249393,-0.1898464345478783,47.155378563959026,-0.006064717214832302,46.12886039964253,-0.016669729973796076,45.3653787289214,47.155378563959026,-0.03473534822053096,45.952649975084285,-0.146663547991153,42.031146388923524
2024-03-06,KEGC,1485.01,22680.0,1.167769351642075,-0.5588586337934093,-0.9985548411448828,0.0,-0.01782632334900635,-0.24453415961693856,46.33855355084767,-0.004718204289255495,46.98663616730229,-0.010012322636275332,47.35625833068752,46.33855355084767,-0.03762811444912505,45.35072710076062,-0.1495889739746288,41.82715625985664
2024-03-07,KEGC,1489.99,32680.0,1.3546353243448577,-0.1935795638674988,0.9979999002000118,0.0,-0.021510864795406648,-0.31087554727239264,45.35033977828632,-0.008055343817157834,44.86509546644432,-0.007428854151253002,48.13146015681235,45.35033977828632,-0.04477335146970734,43.87012803584114,-0.14579918742929668,42.09147076288013
2024-03-11,KEGC,1483.01,8360.0,0.5225488318155452,-1.4156102857933406,-0.9971427146939005,0.0,-0.014865262382501103,-0.1912192773424358,47.13485305734239,0.0020177520423660094,51.29427325436823,-0.0067706623102328336,48.32911755927184,47.13485305734239,-0.041477661623512796,44.55185126408238,-0.1458617205590989,42.08710573393757
2024-03-12,KEGC,1492.77,30970.0,0.9954821714853587,-0.05999753619745677,0.9979549081845717,0.0,-0.011388004283822615,-0.1286100949357971,48.07180528343093,-0.00991041013717865,43.69329742595284,-0.017156333296329568,45.220363343978526,48.07180528343093,-0.04193308347823811,44.45751778836882,-0.14715416230038308,41.99691662205201
2024-03-13,KEGC,1485.0,17820.0,0.3018600231043704,-0.6126938829125176,-0.5905833581797989,0.0,-0.008209668109668108,-0.07138310066899707,48.92941714112196,-0.0007471380471379861,49.52481291738436,-0.012940271765271778,46.479248954685204,48.92941714112196,-0.0380907768157768,45.25457827457056,-0.14138964646464647,42.39957996223436
2024-03-14,KEGC,1482.01,87340.0,-0.062374173654365116,1.0095554023921063,-0.986710635644319,0.0,-0.009575821463193,-0.0959811437474754,48.56068060851556,-0.002648001823563784,48.30873026212149,-0.009923895700208943,47.38277301321733,48.56068060851556,-0.036735149790669316,45.53639728901937,-0.14081340900919312,42.43988780380623
2024-03-15,KEGC,1482.01,29310.0,-0.16511825641837657,-0.08232324889784778,-0.9799990200009983,0.0,-0.004859649362946904,-0.01106490488743048,49.834027036300746,-0.0027234142594629307,48.26051673409347,-0.007889300401010506,47.99322086326307,49.834027036300746,-0.038758237153359826,45.11593163051982,-0.13925072496458316,42.54924811846249
2024-03-18,KEGC,1490.0,47150.0,0.2214993203880428,0.4308639145122354,0.6713091298691645,0.0,-0.0032621817407051997,0.01769802812224195,50.2654679273408,-0.007963867582827284,44.923037398571246,-0.015290337701075955,45.776878793079675,50.2654679273408,-0.04412706935123043,44.00363945173557,-0.1486409422605732,41.89323231204782
2024-03-19,KEGC,1482.0,6170.0,-0.4094838301688548,-1.6027641201858942,-0.9999997500000625,0.0,-0.004154646230962027,0.0016289097317569129,50.02443364403143,-0.0007161846925004818,49.54462397011659,-0.0045233934194460505,49.00433719771469,50.02443364403143,-0.0401974776685303,44.817229422408694,-0.14281818488529013,42.29969732886328
2024-03-20,KEGC,1487.9,11210.0,-0.08637329392145933,-0.9923565453202696,0.9699497545994006,0.0,-0.00884775773248123,-0.08287211541934675,48.75717432203906,-0.0034193104001911715,47.81577298323878,-0.014905838312653342,45.89168779677817,48.75717432203906,-0.04247992515284678,44.344300952190395,-0.1431868828656987,42.27392834830647
2024-03-26,KEGC,1482.1,24830.0,-0.5395011930969903,-0.18027188815438883,-0.9666108569932095,0.0,-0.008273233121600243,-0.07252760973729193,48.91225750258358,-0.002141563049212607,48.632589562631715,-0.011344852782891652,46.95689014770482,48.91225750258358,-0.03824038483575958,45.22349481552482,-0.14004961468765356,42.49333075261934
2024-03-27,KEGC,1482.0,13210.0,-0.5577473101055468,-0.7940485111029565,-0.9999996666667778,0.0,-0.004150282758177495,0.0017074755027582118,50.02561213030123,0.0006337397982134822,50.40866828899654,-0.009305478439688935,47.5682449187666,50.02561213030123,-0.03613619947304157,45.661004266112585,-0.1400611111111111,42.49252621353928
2024-03-28,KEGC,1482.2,12840.0,-0.5192687906529229,-0.8102361873391212,-0.865771521553151,0.0,-0.005550875950164274,-0.023510668260548484,49.64734582397636,-0.0028329483414830012,48.19049396293124,0.0006619533276360657,50.563315449221626,49.64734582397636,-0.03892946943946475,45.08037493432332,-0.14162674044160012,42.382998158309896
2024-03-29,KEGC,1485.0,28190.0,-0.2989994303585543,0.05374203312458003,0.9999996666667778,0.0,-0.0021435064935064925,0.03784014602607933,50.56757780955825,-0.0033634800384800385,47.85144205437532,-0.003318001443001442,49.36667754488292,50.56757780955825,-0.043419757094757136,44.14985813557444,-0.15033275613275615,41.77533653472797
2024-04-01,KEGC,1486.9,25790.0,-0.0074566623913810606,-0.027535169969311424,0.9666665055556127,1.0,-0.000808348732368562,0.06188010320972732,50.928094936232235,-0.0006043698832235876,49.61618986612355,-0.007977981568128916,47.966599672845824,50.928094936232235,-0.04126184668859373,44.5965676880023,-0.15370742108061203,41.54045134436756
2024-04-02,KEGC,1483.0,16540.0,-0.26301428237629715,-0.4896840524724207,-0.599999880000024,1.0,0.004386566269573653,0.1554162663916301,52.32955618237958,-0.0032695763627996204,47.911440443214815,-0.0006146300934399395,50.1794945085676,52.32955618237958,-0.03432206622140876,46.03874578258581,-0.1513309665628446,41.705819197107694
2024-04-03,KEGC,1487.0,17550.0,0.02616352101877439,-0.36614517176264816,0.33333329629630043,1.0,0.009824525517447509,0.25332852162496877,53.792628837062374,-0.00266031746031746,48.30085627298897,0.0037034641496141475,51.47743268940973,53.792628837062374,-0.041213342353305336,44.60661889593053,-0.15198122378070258,41.660551716998626
2024-04-04,KEGC,1482.03,6050.0,-0.2962453045092562,-1.3677316370784218,-0.9949065369349336,1.0,0.017320837610767487,0.3883021007809513,55.798327312137495,0.006644882791075158,54.24606662170065,0.0007316112985952788,50.58425749857975,55.798327312137495,-0.03733764416760407,45.411109362776855,-0.14809725632120418,41.93113935446017
2024-04-05,KEGC,1484.0,14160.0,-0.12538666422787637,-0.3577331909594628,0.3201319075472371,1.0,-0.010325389338125187,-0.10947736130625291,48.35842977894988,0.0012258610362384011,50.787619977873966,-0.0013183737646001812,49.96789313966855,48.35842977894988,-0.0339476115603474,46.11677342533457,-0.1475012353998203,41.97270625702168
2024-04-08,KEGC,1489.98,13450.0,0.29187194442005665,-0.4091750845466767,0.8315333875233981,1.0,-0.02172323690506553,-0.3146993773633395,45.293484429124554,-0.006627365579851195,45.77108229686701,-0.00872856450933507,47.741330003629656,45.293484429124554,-0.041956646222160866,44.45263821721934,-0.15647982275569053,41.34777188507287
2024-04-09,KEGC,1482.1,40670.0,-0.22792859997749024,0.8327731521861932,-0.9843749230957234,1.0,-0.01604399581032059,-0.2124427626566838,46.81766613965183,-0.002328126248362688,48.513270648227575,0.0006476957566645125,50.559029012720636,46.81766613965183,-0.036630228183304865,45.558221424698665,-0.15178320280747068,41.67433540807721
2024-04-10,KEGC,1487.0,65459.99999999999,0.11959187787844038,1.3087214471181872,-0.36842103324099823,1.0,-0.019687077956042316,-0.2780376618879329,45.83908038819261,-0.004629786456165071,47.04302933133244,-0.003960348149571491,49.1735776790628,45.83908038819261,-0.03690678285885078,45.50070058847451,-0.1554602288617756,41.41860229506331
2024-04-11,KEGC,1495.81,17310.0,0.7179474461234153,-0.021432421799342422,0.9999999275362372,1.0,-0.011522208037095756,-0.13102647791051125,48.03561446061076,-0.00851081721343733,44.5768046738907,-0.00465311365780155,48.96534890503456,48.03561446061076,-0.04571910408365041,43.67491124130035,-0.15943477659500288,41.142696590125176
2024-04-12,KEGC,1489.74,25770.0,0.2832472540028172,0.3764937354202338,0.18889744110274476,1.0,-0.01349123426459204,-0.16647944652610583,47.50488255300125,-0.006503418157978356,45.84986211547518,0.0020322616698215806,50.9752408644969,47.50488255300125,-0.041766680874962527,44.49198087635901,-0.1538027889654123,41.53381902760095
2024-04-15,KEGC,1484.0,30500.0,-0.08820272078830596,0.5450092422691089,-0.9999998257840025,1.0,-0.013664106019766397,-0.16959205966712648,47.458311807038996,0.0027055181191973647,51.734095212999165,0.008439585205151208,52.898669178181294,47.458311807038996,-0.037932023060796655,45.287565953897726,-0.15347938005390835,41.55631159744701
2024-04-16,KEGC,1482.52,62480.0,-0.18350799571842782,1.0813163013400302,-0.9454646107142667,1.0,-0.0065772912188555716,-0.04199161473008876,49.37015909656902,-0.002719838989297056,48.26280244366815,0.01766336139794577,55.651086399907314,49.37015909656902,-0.03626481102104566,45.634242996148245,-0.15192064559529483,41.66476825826382
2024-04-17,KEGC,1484.0,35420.0,-0.09871176395386597,0.5137467778985965,-0.6289424277418889,1.0,-0.008380652890086878,-0.07446173820529796,48.88325967543356,-0.004067153339323151,47.40204934650152,0.0206958071278826,56.54928629272591,48.88325967543356,-0.03527145852051508,45.84100236893809,-0.15031566337226715,41.77652719366909
2024-04-18,KEGC,1487.0,108470.0,0.09678247926686874,1.63294328744427,0.6666665555555741,1.0,-0.016992336226129102,-0.22951794557149466,46.5626613143106,-0.004134963866739223,47.35876400953219,-0.007604712801955573,48.07865880710005,46.5626613143106,-0.03991753397166982,44.87530076984943,-0.1510724690705693,41.723818319041186
2024-04-19,KEGC,1484.0,6480.0,-0.09894084550057775,-1.1848057762372497,-0.199999960000008,1.0,-0.017654851752021562,-0.2414467567873188,46.38461936273058,0.007968972746331238,55.086194471167396,-0.01296397873614855,46.47215614089833,46.38461936273058,-0.03758393980233599,45.359909142398095,-0.1498259359089548,41.81064502349199
2024-04-22,KEGC,1492.0,14880.0,0.4382152099163542,-0.3535107661437751,0.99999990000001,1.0,-0.022673200987276047,-0.3318037949288567,45.0393164722788,0.00048295246606238577,50.312156669813604,-0.017917907144984924,44.99356616670691,45.0393164722788,-0.04257522022213708,44.324577256833855,-0.15364047299885106,41.545107401784946
2024-04-23,KEGC,1482.49,26590.0,-0.21006702607357022,0.22700555501659977,-0.9530650884547365,1.0,-0.016567832819236943,-0.22187462129698898,46.6767871198751,0.0035295656080337537,52.260708749271025,-0.011878144042728633,46.79716544940465,46.6767871198751,-0.03660014173922525,45.56447984673678,-0.14288482770621758,42.29503922876115
2024-04-24,KEGC,1482.0,25810.0,-0.24353380418882675,0.17529455620813494,-0.99999989989991,1.0,-0.014266184692500484,-0.18043268534822887,47.296149996564694,0.008595985155195683,55.48304997988367,0.002654564295353769,51.16226954750994,47.296149996564694,-0.03627994344836443,45.631094432085966,-0.14127087108797634,42.40788748084019
2024-04-25,KEGC,1484.95,4920.0,-0.03980298995925832,-1.6562855791234201,-0.15714283469386775,1.0,-0.013539302108937484,-0.16734492396525869,47.49193288824684,0.013660776777797553,58.65892978894848,-0.00539162981544462,48.74340828584334,47.49193288824684,-0.036352718505833936,45.61595280684108,-0.14029070697158852,42.47645954184963
2024-04-26,KEGC,1500.0,56860.0,0.968661003635272,0.7909924869536452,0.2145748915460522,1.0,-0.029739285714285687,-0.4590309880274198,43.15773250881957,-0.002764761904761911,48.23408326059679,-0.01940952380952381,44.54997268008249,43.15773250881957,-0.048428174603174605,43.11682416808596,-0.1513357142857143,41.70548863489372
2024-04-29,KEGC,1497.0,29980.0,0.6746923614781587,0.15093132801880677,0.5714285306122479,1.0,-0.03149157441867864,-0.4905815258388425,42.69395154803826,-0.0013814549734389415,49.11887328094169,-0.01132420634920635,46.96307518302358,42.69395154803826,-0.04505961685275313,43.8110184762623,-0.14733674491840829,41.98417994282221
2024-04-30,KEGC,1492.0,4540.0,0.3054891711114791,-1.7370541875834038,-0.6694489700419056,1.0,-0.029518317800757476,-0.4550523876441582,43.21630346565453,-0.001353961870717903,49.13646583860222,-0.008735182348185055,47.73934421131127,43.21630346565453,-0.04238456530065109,44.36403984094183,-0.1427782214136772,42.30249070143264
2024-05-02,KEGC,1499.0,16590.0,0.7655696031174629,-0.44118606271299526,0.8399999328000054,1.0,-0.02811237041625634,-0.42973783987336667,43.58940931070563,-0.0020217774812838186,48.70920827935525,-0.01992482925124686,44.39692335117179,43.58940931070563,-0.04631876753814713,43.55123322532903,-0.14625588752289878,42.059594365439665
2024-05-03,KEGC,1509.45,8470.0,1.4455838491665733,-1.1134539072310932,0.9999999331103724,1.0,-0.036296477982361935,-0.5770954040520487,41.429032331500835,-0.010210807153031244,43.504169691912374,-0.029440193684549275,41.5928066187956,41.429032331500835,-0.05446913378256669,41.87881992991253,-0.15193466529909186,41.663792406704125
2024-05-04,KEGC,1500.01,3580.0,0.7869016093135771,-1.9746166969049668,-0.9978834922874632,1.0,-0.03078275932128706,-0.4778190755214402,42.881404828376816,0.001275052743034629,50.81909870717687,-0.02294301737194767,43.50272567869943,42.881404828376816,-0.05029068249597912,42.73413755894372,-0.148382023447886,41.9112835403632
2024-05-06,KEGC,1499.0,6200.0,0.707411735942348,-1.4254338632276926,0.5959998808000274,1.0,-0.03210670552855343,-0.5016571649686458,42.53144365479628,0.004554967067992424,52.91528465418188,-0.02254084945519241,43.621645048874825,42.53144365479628,-0.047593069718436624,43.288681995637624,-0.14844430678653495,41.90694109025803
2024-05-10,KEGC,1494.0,10800.0,0.3663644054432699,-0.8704390955018155,0.0,1.0,-0.02883862115127176,-0.44281422461421077,43.39658580901548,0.010424388028303654,56.636138487208584,-0.01728957257601836,45.18067000172504,43.39658580901548,-0.045585652132338894,43.70244589370264,-0.14455446069994263,42.178382638099244
2024-05-13,KEGC,1500.0,132160.0,0.7307199336664403,1.8141005478458523,0.748486836013003,1.0,-0.034187301587301586,-0.5391189853052504,41.98299769640384,0.014486507936507936,59.17066053179026,-0.0186,44.79061470100476,41.98299769640384,-0.04688785714285713,43.43393507887907,-0.14796031746031746,41.94068855236759
2024-05-14,KEGC,1498.12,11760.0,0.4350783421380934,-0.6052065173120359,-0.31997325851883257,0.0,-0.031313606524409995,-0.4873771550275341,42.74099744010108,0.019791994940537187,62.40708794458275,-0.023556918184018047,43.321342311048895,42.74099744010108,-0.04727106030033826,43.354992325567174,-0.14813196032148643,41.92871942614539
2024-05-15,KEGC,1506.0,14280.0,0.9629277877738216,-0.39419667346177406,0.5939085691463345,0.0,-0.036115556820337694,-0.5738378586778063,41.476467618704255,-0.011427376209447922,42.74021323718083,-0.032489821665718094,40.70460553197768,41.476467618704255,-0.053068075317776506,42.16509583491234,-0.15341493707708848,41.56079392353952
2024-05-16,KEGC,1509.99,19920.0,1.202205695837089,0.23583631389725648,0.716494783806277,0.0,-0.03664290905111639,-0.5833330100506421,41.33824681197971,-0.021242498980598743,36.73136392806722,-0.036343233998080725,39.59100040842989,41.33824681197971,-0.054578824733623285,41.85642976773347,-0.15343369801566012,41.559488993549024
2024-05-17,KEGC,1513.81,18900.0,1.3899668950027633,0.18327407217257471,0.6630768720710015,0.0,-0.04166388656635629,-0.6737373712428001,40.02934803338453,-0.023271311978196922,35.53273436895249,-0.03279283759269025,40.616673331095356,40.02934803338453,-0.05630488037227205,41.5045539032041,-0.19688848093053968,38.572207985145845
2024-05-20,KEGC,1526.0,36500.0,2.077370143764835,0.8414237238524517,0.9824139902147251,0.0,-0.051991703072666415,-0.8596931240675926,37.3831141535875,-0.03141569462647444,30.912204786181174,-0.04191416921508664,38.00021326801698,37.3831141535875,-0.06342512013979903,40.06251669273602,-0.2091043614387651,37.7466763257779
2024-05-21,KEGC,1532.0,56780.0,2.292082854197018,1.2832953394949325,0.9999999166666736,0.0,-0.05247952049401142,-0.8684764381177439,37.259835770673966,-0.021515218202163372,36.56924461024042,-0.04636153383894898,36.74833244625177,37.259835770673966,-0.06788101454681089,39.16859084864372,-0.21089662542998053,37.626140621539605
2024-05-22,KEGC,1493.0,139390.0,-0.7189675531067081,2.1813868028513097,0.6409335562725429,0.0,-0.02304180248567387,-0.3384405868475585,44.94076411580351,-0.0019329854134107318,48.76600648788389,-0.023188405415749687,43.4302020825465,44.94076411580351,-0.04326447814669523,44.18197175481868,-0.183629977726746,39.47568382492229
2024-05-23,KEGC,1482.0,35240.0,-1.3088259661643769,0.6860771212296218,0.09049567573916928,0.0,-0.01990609054687999,-0.2819810560392953,45.78034492362384,0.001442630614999036,50.92633001946448,-0.015903503952188168,45.593884610631655,45.78034492362384,-0.03663373176531074,45.55749263732431,-0.17450983548615134,40.10140134623462
2024-05-24,KEGC,1482.55,43960.0,-1.2174243764525134,0.8174907839337153,0.8999999000000011,0.0,-0.019738788059826106,-0.2789687194131985,45.82521156584729,0.007138386844738263,54.55950064350391,-0.017711048437564377,45.055148641849996,45.82521156584729,-0.03582783835016137,45.72517769323097,-0.17200729486357963,40.27367155101273
2024-05-27,KEGC,1482.0,75430.0,-1.2233560302073965,1.357415382188785,0.7721518009934225,0.0,-0.014662378703168171,-0.18756628957845217,47.189471356133254,0.00669189801426641,54.275941791188686,-0.015714536340852132,45.650267917901964,47.189471356133254,-0.03601413630229419,45.68640527820163,-0.1703881739605424,40.385257094039666
2024-05-28,KEGC,1503.0,158910.0,0.2601133369594682,2.1025479647185716,0.5492957591747674,0.0,-0.03263260621613915,-0.5111261808260952,42.392636741137224,-0.013922616671419067,41.18446384674284,-0.029295817888033454,41.63499645194742,42.392636741137224,-0.04927520672939834,42.94268101331016,-0.18471313325729494,39.401594651863405
2024-05-29,KEGC,1494.0,58930.0,-0.39227552516704745,0.8594754594861974,-0.2592592400548711,0.0,-0.02665778351501246,-0.40354752151278933,43.97618790457717,-0.010638874545802255,43.23498928962209,-0.02136981736469687,43.96832755331271,43.97618790457717,-0.04266684834576401,44.30561421466674,-0.17231309045706633,40.252608187424386
2024-05-30,KEGC,1488.0,11510.0,-0.7658112096675229,-0.7736555348048635,-0.6029411361670337,0.0,-0.019673220686123913,-0.2777881571588163,45.842797063844124,-0.0063279569892473065,45.96141898084531,-0.02005163850486431,44.35927629671774,45.842797063844124,-0.037352022529441864,45.40812010450945,-0.16981954685099845,40.424469047048774
2024-05-31,KEGC,1497.0,39530.0,-0.16115519823229338,0.711270347510226,0.9999999166666736,0.0,-0.028601044151795714,-0.4385365721438719,43.45964208415864,-0.012613160447879947,41.998902873207115,-0.028637579126507023,41.827502991475505,43.45964208415864,-0.04466477558291186,43.892551907792146,-0.17775781881222763,39.87818105707951
2024-06-03,KEGC,1495.79,47270.0,-0.23727501646052246,0.5387842936777292,0.4567741640790815,0.0,-0.027872745834684985,-0.4254233200100246,43.65307378974796,-0.009898103255836437,43.70104969778968,-0.024478691904272737,43.049331947961846,43.65307378974796,-0.044529660217242514,43.920460385860416,-0.1817787398616243,39.60242263471
2024-06-04,KEGC,1486.0,21140.0,-0.8786753888296575,-0.5287334082962353,-0.6969696547291118,0.0,-0.02135740616120832,-0.30811247379675727,45.391430623508604,-0.0006843320728919652,49.5650107279665,-0.01368423486936271,46.25673432933562,45.391430623508604,-0.0380153944754214,45.27024156545486,-0.17283118737849562,40.216929605744035
2024-06-05,KEGC,1482.0,88110.0,-1.119901449533035,0.8986839636622219,-0.08333332986111125,0.0,-0.018003658183921335,-0.2477271319851568,46.290919154793805,-0.0042634647516226155,47.27674927891828,-0.015215217531006972,45.799305698335665,46.290919154793805,-0.033967620975515714,46.112603443854944,-0.1709734898142793,40.34490712526727
2024-06-06,KEGC,1482.49,16880.0,-0.9917727262129327,-0.8118496386983842,0.11958145593560839,0.0,-0.01633805968818865,-0.21773748005935284,46.73857516653953,-0.00842328126467195,44.632182637683115,-0.014983387756998715,45.868528488220086,46.73857516653953,-0.03495540025859539,45.906818075874504,-0.16031238643757542,41.08184888833011
2024-06-07,KEGC,1482.1,34390.0,-1.0011870455925445,-0.10021485041053566,-0.5692307108481509,0.0,-0.018688964098560218,-0.2600662916898335,46.10690165096218,-0.009508702500634495,43.946495504680094,-0.009972798276362408,47.36810946661113,46.10690165096218,-0.03534003944424625,45.826723042993464,-0.15836790544411988,41.21670290341911
2024-06-10,KEGC,1485.0,60700.0,-0.7773621593047364,0.46796235785913015,0.9999998333333611,0.0,-0.020313949013948982,-0.28932468266583744,45.670995573140125,-0.005382491582491582,46.563207643592186,-0.015938011063011064,45.583589748890546,45.670995573140125,-0.0379574555074555,45.28228102869613,-0.16077518037518032,41.04977276780119
2024-06-11,KEGC,1489.0,29880.0,-0.4327114553592987,-0.24079110407568866,0.9999999090909174,0.0,-0.022645131226880694,-0.3312983896069535,45.04682304173014,-0.009411094587823923,44.008066328046894,-0.01855511928747325,44.803963353681006,45.04682304173014,-0.03997895173068107,44.86255910575083,-0.1611758480177386,41.02200874817864
2024-06-12,KEGC,1479.7,55570.0,-1.039845509940573,0.3796622499290626,0.22435361866749318,0.0,-0.016796810432402075,-0.2259974389719671,46.61522313512687,-0.003823881530039904,47.55736815139404,-0.009288280094313442,47.573403923497345,46.61522313512687,-0.035077075147150194,45.881478896010265,-0.15600098615013125,41.38103185952137
2024-06-13,KEGC,1474.02,5450.0,-1.3557177959543711,-2.035955708079605,-0.6210130749518755,0.0,-0.01297258183160911,-0.1571409378906335,47.644630526717094,-0.0020077705381008467,48.7181679755305,-0.008391186250622738,47.84257526864481,47.644630526717094,-0.031218000337270072,46.686112010367694,-0.15226940659847607,41.64049443956506
2024-06-14,KEGC,1472.0,9600.0,-1.4639113703632345,-1.4698124363559517,-0.9999996666667778,0.0,-0.009697222222222194,-0.09816700457536502,48.52792048910734,-0.0006638932022084258,49.578092375653284,-0.0070651828847481035,48.2406651272113,48.52792048910734,-0.029150897170462386,47.11784870281187,-0.1526708247066943,41.61256069627998
2024-06-17,KEGC,1481.0,63340.0,-0.8234464291551996,0.41693693882895155,-0.03999999840000006,0.0,-0.017970102783404607,-0.2471229558981191,46.299932046264466,-0.00817358096738583,44.79022357971906,-0.013147477573068396,46.41726055134276,46.299932046264466,-0.03457147063867186,45.986786448882214,-0.16181730223036772,40.97757148576824
2024-06-18,KEGC,1478.98,4370.0,-0.8342027111799726,-2.34546271717444,0.5919998816000309,0.0,-0.015267478358637142,-0.19846130905309195,47.02659293201253,-0.005162099979028888,46.703637299287685,-0.011110302075411482,47.02715976722362,47.02659293201253,-0.032359157228051,46.44797744245631,-0.15886719816767758,41.182063190029524
2024-06-19,KEGC,1478.0,21200.0,-0.7428915705317208,-0.6775773416920235,-0.010121456465430313,0.0,-0.015282140172261958,-0.19872529985780013,47.0226470924271,-0.004157148226904654,47.34460397689317,-0.008454910110187463,47.82345072361889,47.0226470924271,-0.03186110574134931,46.55189065917109,-0.16134232768434392,41.01047432243548
2024-06-20,KEGC,1475.0,9690.0,-0.8851988520748388,-1.350171759348043,-0.9999999213218002,0.0,-0.012549455205811138,-0.14952240301519276,47.75866703416259,-8.859967715898727e-05,49.94631896482197,-0.009059355663169223,47.64207950220766,47.75866703416259,-0.02988233118105993,46.965028196531165,-0.16180077347323107,40.97871634429343
2024-06-21,KEGC,1475.01,6410.0,-0.891522130730686,-1.7519714577067438,-0.6488146928169748,0.0,-0.01385583160695278,-0.1730441422907126,47.406667111395656,-0.002740906599180435,48.24933379385792,-0.008708685437483678,47.74729509178843,47.406667111395656,-0.029774114945467677,46.987634592952645,-0.16184391248679186,40.97572835630079
2024-06-24,KEGC,1473.0,31250.0,-1.0401284190146747,-0.027926366582788142,-0.9999999321113421,0.0,-0.014442226748133063,-0.1836023807977926,47.24874605487731,-0.0039654099182103685,47.46700229365972,-0.006935624575695828,48.27957363874362,47.24874605487731,-0.02154860989881356,48.70888591092682,-0.15781119031455082,41.2553367027798
2024-06-25,KEGC,1475.5,42050.0,-0.8726134321863379,0.3190034770594022,0.22222219753086697,0.0,-0.01405129401924556,-0.17656350768654883,47.35402154728266,-0.00219296135826979,48.599715493946135,-0.008999643919467646,47.65999404553621,47.35402154728266,-0.027293877512600005,47.50607712532414,-0.16018630703608677,41.090588732457746
2024-06-26,KEGC,1476.0,16800.0,-0.5490923057895033,-0.598475796112489,-0.4999999375000079,0.0,-0.015714992257065446,-0.20651894483999308,46.90617337286484,0.0017945799457994762,51.15150975770407,-0.009377555168408765,47.54662455671886,46.90617337286484,-0.027708914053426244,47.419281777071255,-0.15906526325977552,41.16832433402449
2024-06-27,KEGC,1478.98,44460.0,-0.26993554314577495,0.5543435454547013,0.9959917843703875,0.0,-0.015062762608593176,-0.19477533424987398,47.08169062526806,-0.004471737321324181,47.143852269727994,-0.009523965503252223,47.50270969241863,47.08169062526806,-0.02977362598354465,46.98773674002265,-0.16469807996158659,40.77818583029841
2024-06-28,KEGC,1475.0,15060.0,-0.5139134242433997,-0.7078122496006832,-0.7499999062500118,0.0,-0.01403206887274684,-0.17621735256381285,47.35919936154828,-0.001234147161689534,49.213136496131035,-0.009003006456820017,47.658985210837265,47.35919936154828,-0.022988740920096867,48.407190022767935,-0.1593346314231907,41.14964172424375
2024-07-01,KEGC,1471.07,43460.0,-0.7056126171123785,0.5315946208194885,-0.8439094935149993,0.0,-0.012034206059491693,-0.1402451716819653,47.89756284507915,0.0061910561133506495,53.95753489160025,-0.004992683904847966,48.86329485772148,47.89756284507915,-0.01011729890002317,51.10518736767615,-0.15692755637808606,41.31667946152427
2024-07-02,KEGC,1476.1,14710.0,-0.24348137310348453,-0.5517174226387609,0.4194193774354801,0.0,-0.014444967191537485,-0.18365172338787752,47.24800815758942,-0.0013064751280454205,49.16685262498726,-0.009116315838712634,47.62499104169316,47.24800815758942,-0.008194153969651844,51.50812981421865,-0.15904831282670007,41.16950005305271
2024-07-03,KEGC,1482.47,25410.0,0.20755941847198314,-0.005103047128806077,0.33264672166357206,0.0,-0.018074815159941693,-0.24900833687841925,46.2718073826337,-0.005577145507695754,46.43922280126663,-0.012748677951779551,46.53657650444421,46.2718073826337,-0.01849917711603364,49.348001183934144,-0.16810893140480587,40.5425049203875
2024-07-04,KEGC,1476.2,36230.0,-0.19774856955179662,0.4412191535974043,-0.6566522665733399,0.0,-0.013159156392539437,-0.16050027458242658,47.59435470107011,0.0016772382113663478,51.07643840520261,-0.009858033980425965,47.40252250987816,47.59435470107011,-0.013701559559830826,50.353860353843906,-0.16066361265411194,41.057504800763425
2024-07-05,KEGC,1477.0,2760.0,-0.12438111114278509,-2.3042049044652853,-0.2727272231405049,0.0,-0.014384395922666066,-0.18256111765377528,47.26431797877916,-0.001844136011434651,48.82284456159893,-0.012428302490032348,46.63245769531079,47.26431797877916,-0.014278392763108397,50.232921694962386,-0.16258230647709326,40.92459445609596
2024-07-09,KEGC,1483.99,49480.0,0.3630611968163649,0.7529000066413796,0.8367815130136118,0.0,-0.01970276704149278,-0.278320149061702,45.83487245490213,-0.006623716927027602,45.7734010462543,-0.015105462958773633,45.83207566041718,45.83487245490213,-0.019099762339026598,49.22210410011759,-0.1687302606620269,40.49961924289995
2024-07-10,KEGC,1478.0,54730.0,-0.02645796192478417,0.8537434259056623,-0.6666665555555741,0.0,-0.01638760175698609,-0.21862950139746404,46.72525200935663,-0.0025864880683892926,48.34806026499254,-0.012400739416199517,46.64070787778848,46.72525200935663,-0.014369409004016575,50.21383897471425,-0.16352268885452242,40.8595012502609
2024-07-11,KEGC,1478.05,20730.0,0.018396417206262936,-0.11708585626065905,-0.9818180033058341,0.0,-0.015240987374506201,-0.1979843301201172,47.033722374374,-0.0019616459749895324,48.747672641782195,-0.009767657837465981,47.42962429796762,47.033722374374,-0.01191720688670126,50.72793468143478,-0.16771252729760303,40.569873256438854
2024-07-12,KEGC,1482.5,34830.0,0.3328042573847249,0.5076242127441776,0.044776112719976086,0.0,-0.01879453946840118,-0.2619672111500637,46.07856198495279,-0.0029928183302550438,48.088305365405894,-0.014437760646698251,46.03151150019231,46.07856198495279,-0.015493440001070696,49.97816808286657,-0.170368231216039,40.386632118155795
2024-07-15,KEGC,1478.1,9800.0,0.011405880238601113,-0.8662839281742848,-0.9599998080000748,0.0,-0.015147856240798131,-0.19630747324823827,47.058787447384134,-0.0026744004529623967,48.29185243019275,-0.012148343755335779,46.71626346526029,47.058787447384134,-0.008435915396535387,51.457485008304616,-0.16525295585387928,40.73981614709028
2024-07-16,KEGC,1478.0,15650.0,-0.0026110467270799593,-0.39819643904481766,-0.14326645511941866,0.0,-0.014407534312777883,-0.1829777320223369,47.258087513431185,-0.0023038678394226124,48.528784498843585,-0.011067857142857143,47.03987721585586,47.258087513431185,-0.0023050352256373946,52.74059171582781,-0.16530051173829927,40.736528181058006
2024-07-17,KEGC,1478.01,10450.0,0.02358189329189531,-0.6962512045409617,0.006688962092140704,0.0,-0.013084213844806103,-0.15915090921813632,47.61454872003049,-0.001982263684020401,48.734483928123964,-0.010392482032630096,47.242285282654315,47.61454872003049,-0.002269353113468906,52.74805053916164,-0.16667754259185702,40.64135774364881
2024-07-18,KEGC,1478.99,24570.0,0.090187199272162,0.15867162914233254,-0.20040078152296742,0.0,-0.01508654597995179,-0.19520356171915565,47.075289143335176,-0.0030560637423414846,48.04788338344797,-0.010379403122808934,47.246205912621065,47.075289143335176,-0.000347441679687685,53.14960813490366,-0.16775726136090088,40.5667844557469
2024-07-19,KEGC,1481.92,11850.0,0.28507364121178075,-0.6478309612361537,0.9771427175510611,0.0,-0.01773073224611235,-0.2428130101860646,46.36423331667719,-0.005075693737510828,46.758708218081146,-0.013035496121719448,46.45075994572207,46.36423331667719,-0.005799048595901371,52.009678679745974,-0.1652959255774577,40.73684525999322
2024-07-22,KEGC,1478.0,8050.000000000001,0.009705594446980978,-1.034485715866382,-0.1428571220324895,0.0,-0.01508293382305561,-0.19513852363927303,47.07626137765441,-0.0005535628369525217,49.64870892053641,-0.010991448117361581,47.06277203203951,47.07626137765441,-0.002414162209764377,52.71777955904944,-0.16702744163068925,40.61718640892742
2024-07-23,KEGC,1478.45,12670.0,0.0375917468489656,-0.5809219667454977,0.3793102678884029,0.0,-0.014031173051249006,-0.17620122300139038,47.359440630137506,-0.003034531553047597,48.06164494749366,-0.01201281068708279,46.75684203601464,47.359440630137506,-0.0020873383052929517,52.7860961550179,-0.16674607979077188,40.63662277599075
2024-07-24,KEGC,1478.95,6510.0,0.04948766472504568,-1.0586514997443033,0.5855129606613894,0.0,-0.01503646542189684,-0.19430184470382098,47.088768832168356,-0.0020332908187222364,48.701843707771225,-0.011155391561044281,47.01365037435629,47.088768832168356,-0.00316262832865662,52.561288387017704,-0.16784446934413466,40.5607631275493
2024-07-25,KEGC,1478.4,7640.0,-0.005298104891692737,-0.7531540727079861,0.7201015979385523,0.0,-0.015306060606060667,-0.19915599518165847,47.016209619863915,-0.002309632034632096,48.52509812809666,-0.011292009379509435,46.97272058910341,47.016209619863915,-0.057074891774891806,41.347855232842015,-0.16753658008658012,40.58202279545198
2024-07-26,KEGC,1478.4,7100.0,-0.011478575369857033,-0.7713446697527908,0.9999997041420994,0.0,-0.015953896103896165,-0.21082048763589792,46.84190243869047,-0.0015856060606061217,48.988246188722265,-0.010565981240981305,47.19027912411779,46.84190243869047,-0.053473665223665284,42.08216726852856,-0.16759493145743148,40.577993378041896
2024-07-29,KEGC,1481.2,18350.0,0.18109403957988301,0.20927531890203302,0.7765041867472595,0.0,-0.017187673657995037,-0.23303506065339977,46.510157750582934,-0.004804854922435293,46.9313775920873,-0.011764915834008493,46.8310727632311,46.510157750582934,-0.05431969199147841,41.90932943247543,-0.16958216836198875,40.440842049985385
2024-07-30,KEGC,1478.0,13880.0,-0.05198345832864734,-0.08952968886857753,-0.06312291310252445,0.0,-0.016373415383293597,-0.21837407104602144,46.7290670483965,-0.004657150911785553,47.02557538449743,-0.008261556801340275,47.8814810765934,46.7290670483965,-0.05281158418712552,42.21756190698691,-0.16748103292737934,40.58585868761868
2024-07-31,KEGC,1480.0,6610.0,0.026413516362366104,-0.7713246046579267,0.99999950000025,0.0,-0.017704011154011153,-0.24233188808296155,46.371412064379,-0.0039489703989704,47.47749808438043,-0.01092936507936508,47.08137519194001,46.371412064379,-0.05791400686400686,41.17729321576713,-0.17022614757614757,40.396429021682195
2024-08-01,KEGC,1479.0,3700.0,-0.0508763624765999,-1.277546069933442,-0.49999987500003124,0.0,-0.016345180141021928,-0.21786568616819071,46.736660261999205,-0.004588669145819266,47.069256658164036,-0.010908714865256453,47.08756320109808,46.736660261999205,-0.05861650648765253,41.03466284674594,-0.16917479474548439,40.46894529708074
2024-08-02,KEGC,1480.0,8730.0,0.030357423712145195,-0.3395759742635539,0.5999997600000959,0.0,-0.01635742170742171,-0.21808609962095055,46.7333681580283,-0.0026000321750321567,48.339400402429604,-0.011589167739167738,46.88370806455821,46.7333681580283,-0.06335314242814244,40.07701278220269,-0.17108277563277563,40.337374724716454
2024-08-05,KEGC,1478.0,28480.0,-0.13060199478320664,0.9377616933836606,-0.6666665555555741,0.0,-0.014172116974890995,-0.178738964973366,47.32148220131583,-0.0029164695964087033,48.13710539063672,-0.008884118929484288,47.69465522167205,47.32148220131583,-0.05937117350774319,40.88160864024156,-0.1700625894065339,40.40770757777947
2024-08-06,KEGC,1475.0,28620.0,-0.3243760585293612,0.8477630187932561,-0.99999980000004,0.0,-0.01231651869787463,-0.14532830413018194,47.821455609536,-0.001563606403013183,49.00232214692043,-0.007531598062953995,48.10061090566009,47.821455609536,-0.05740262308313156,41.28121425983517,-0.16830971213344095,40.52864495767325
2024-08-07,KEGC,1478.0,8090.0,-0.051721710367564615,-0.41571249952259415,0.4285713673469475,0.0,-0.014431145692377025,-0.18340286272309128,47.251729774430665,-0.002586111111111111,48.34830128623968,-0.010254759219881006,47.283571780960706,47.251729774430665,-0.04755376527697233,43.296774545627805,-0.17080267091951795,40.35668153477226
2024-08-08,KEGC,1476.03,4260.0,-0.19335019292411082,-0.9621682610850067,-0.9898988232493656,0.0,-0.013037733722988576,-0.15831401924834598,47.62707364601909,-0.0005755441881907623,49.6346397166634,-0.009616926081964374,47.47482874852181,47.62707364601909,-0.04730074044339657,43.34887939290365,-0.16885316349712853,40.49113790164717
2024-08-09,KEGC,1479.97,8430.0,0.07175685972839488,-0.18321057304794564,0.9849997537500752,0.0,-0.008965295915479215,-0.08498842928798436,48.72544973227531,-0.002572983287091531,48.35669508241007,-0.011650678510107086,46.86528523246279,48.72544973227531,-0.05468046493274051,41.835685922419145,-0.17223430861854666,40.25803437891729
2024-08-12,KEGC,1477.5,11810.0,-0.06302077379621648,0.2427024873628016,-0.573676598901772,0.0,-0.011362889775199444,-0.12815789989970275,48.07857815697309,-0.0015863588751913627,48.98776452102299,-0.011345155507211343,46.95679946152187,48.07857815697309,-0.05578034606397551,41.611396244592484,-0.17137961888647166,40.31691744180609
2024-08-13,KEGC,1476.5,3580.0,-0.1285263158455501,-0.9853559401336259,-0.7499998125000469,0.0,-0.01076486435639839,-0.1173902543965544,48.239873784985264,-0.0015163295061788797,49.03257167845674,-0.010676043867146136,47.15729115138761,48.239873784985264,-0.05176173853331829,42.43249307693492,-0.17149942848004987,40.30866158398819
2024-08-14,KEGC,1478.0,5010.0,-0.026908705992456247,-0.5379970292864784,-0.023136240838991,0.0,-0.01182141246214318,-0.13641375256573082,47.954935264676756,-0.003249109693494027,47.92451812989085,-0.011017857142857142,47.054858824175014,47.954935264676756,-0.052792158536847295,42.221536202320806,-0.17326083349442617,40.18735001467686
2024-08-15,KEGC,1479.0,8280.0,0.04012065018629456,0.0024183775314793625,0.0,0.0,-0.008437496377861507,-0.07548522400753502,48.86791515250184,-0.0027451471393155273,48.24662282171471,-0.011030158730158729,47.05117282359744,48.86791515250184,-0.05178378167358898,42.42797729031735,-0.17604008419459738,39.99618198445807
2024-08-16,KEGC,1480.0,6240.0,0.11077379429587283,-0.27132262544276947,0.33333322222225925,0.0,0.000995066495066494,0.09435119098210239,51.41489001813486,-0.0039676319176319115,47.46558367802654,-0.010869573144573146,47.09929259017409,51.41489001813486,-0.05415002145002146,41.94397626450475,-0.1764480694980695,39.96814459274391
2024-08-19,KEGC,1479.0,18810.0,0.053622544826231376,0.846234432139221,-0.6666665555555741,0.0,0.007090489874110564,0.20410130539819832,53.057699266933255,-0.0026071428571428574,48.334853997774154,-0.010365930970089185,47.25024445947798,53.057699266933255,-0.04848854357835084,43.10440709281801,-0.17555879294246435,40.02926550250012
2024-08-20,KEGC,1478.11,8490.0,-0.011758143107252485,0.03658574192259593,-0.8899995550003225,0.0,0.0017962927265653926,0.10877753434038312,51.6310840596002,-0.0013288797722487704,49.152515805764516,-0.009834232148454573,47.409660000235945,51.6310840596002,-0.047660758083601575,43.27474620461083,-0.17508010004839938,40.06217943291672
2024-08-21,KEGC,1477.05,8770.0,-0.08232446340087204,0.06903350892244606,-0.9099090901720647,0.0,0.0030129323490677533,0.13068353322995171,51.95924928858927,0.0007190589833984255,50.46327563646271,-0.00905317262851788,47.64393449016371,51.95924928858927,-0.04589554988949973,43.63851181130245,-0.17251846582070754,40.23846384079889
2024-08-22,KEGC,1478.8,4630.0,0.04081909915310676,-0.5903022593692862,0.45799445582806875,0.0,0.0017845120024387352,0.10856541850520583,51.62790570140158,-0.0018071820351979629,48.84648538716843,-0.003487005873488126,49.31586999776411,51.62790570140158,-0.04532564198341853,43.75610396974835,-0.17506050572965637,40.06352688889986
2024-08-23,KEGC,1477.99,4590.0,-0.014373213137027963,-0.598979097948092,0.19599996080001147,0.0,0.0023204541007376227,0.11821523328442629,51.77248545547498,-0.0019261433857457972,48.77038330702773,-0.007008587013336569,48.25766154754568,51.77248545547498,-0.043794728251700055,44.07232965711484,-0.1729353569578676,40.20975724974628
2024-08-26,KEGC,1479.0,26840.0,0.05472173770061081,1.1670322871692822,-0.49999987500003124,0.0,0.0022495951254064943,0.11693939399215743,51.753371657541656,-0.0026095238095238094,48.33333167838993,-0.007772908818699893,48.02816216739686,51.753371657541656,-0.044831612415080976,43.85809659835993,-0.17015214189123923,40.40153214019166
2024-08-27,KEGC,1480.0,6130.0,0.13278953646816982,-0.30966493889351626,0.99999960000016,0.0,0.004051297726297757,0.14937964535704365,52.23919589978523,-0.0019278957528957525,48.76926232261016,-0.008485392535392535,47.814302687657324,52.23919589978523,-0.042850900900900865,44.267528349354734,-0.17372275847275856,40.15555610737984
2024-08-28,KEGC,1481.97,8700.0,0.2620226506398005,0.061019738863472076,0.9899998350000365,0.0,0.002193203866025159,0.11592405071174697,51.73816007521446,-0.003930502135670781,47.489289390023316,-0.005755341032544555,48.63412259499367,51.73816007521446,-0.0457121391908518,43.67634818585368,-0.17620458477567025,39.984876456190705
2024-08-29,KEGC,1480.0,12600.0,0.12200229361912926,0.4108362240959164,0.0,0.0,0.007581188331188333,0.2129364934498169,53.189709751849016,-0.0032752788502788503,47.90779674812195,0.0057022093522093534,52.07764999525216,53.189709751849016,-0.04093906048906055,44.66346464834638,-0.17435238095238093,40.112233061554825
2024-09-02,KEGC,1479.01,5910.0,0.04898247661939656,-0.35870277840573456,-0.7608369565266289,0.0,0.014322964744864195,0.33432440807974395,54.99811774013952,-0.0032995558966245377,47.89228479273158,0.011785557289877416,53.900053857868556,54.99811774013952,-0.03484560289041477,45.92968554195196,-0.17349422415551888,40.17128489865404
2024-09-03,KEGC,1479.0,15720.0,0.051619102241210565,0.6320730129735,0.33333327777778704,0.0,0.014364608487072928,0.33507421743471605,55.00925224316893,-0.0026615385234553465,48.30007559217412,0.005877535496957392,52.13027383511935,55.00925224316893,-0.03700468302263428,45.480341121308385,-0.16283664477285162,40.90698602735095
2024-09-04,KEGC,1481.0,13980.0,0.18073443854739574,0.5147670799107416,0.7163322755970933,0.0,0.015570631437359997,0.35678905962886087,55.331490716380735,-0.0053719095313119625,46.569949113602775,0.004985425441840026,51.86246182568135,55.331490716380735,-0.03902812342582768,45.05989153300854,-0.16525782504313904,40.73947949242923
2024-09-05,KEGC,1480.0,15620.0,0.06606474469669465,0.6256914510940124,0.6666665555555741,0.0,0.012856424281424288,0.3079188618773724,54.60568985492669,-0.004700836550836552,46.997712761241786,0.005651801801801807,52.06251939738278,54.60568985492669,-0.035034405834405834,45.89036467334602,-0.16638381595881596,40.66165213993765
2024-09-06,KEGC,1479.0,3730.0,-0.009568029510203259,-0.8189394530246628,0.599999880000024,0.0,0.014214455552335876,0.3323706641714662,54.969102725821486,-0.0033487515695933548,47.86085219006247,0.006322302714189125,52.2637484723563,54.969102725821486,-0.031057493802118526,46.7196185936817,-0.16615733925754209,40.67730222740652
2024-09-09,KEGC,1478.0,18540.0,-0.08151980745437845,0.7845807507056631,0.1135857208049597,0.0,0.015567189681465733,0.3567270896753895,55.33057173415572,-0.0019896798548016403,48.72974000307086,0.007650035440427874,52.66200131892861,55.33057173415572,-0.03108054213115106,46.71480695112085,-0.16510781783620077,40.7498513563784
2024-09-10,KEGC,1478.98,31150.0,-0.005907746796011633,1.287632730346131,0.5951902614849219,0.0,0.014170437938029787,0.33157811246406127,54.95733159031919,-0.0017913000851938626,48.856645817242644,0.009488929097853172,53.21300704731168,54.95733159031919,-0.03585225256059143,45.72009630067749,-0.16508412372147518,40.7514897006377
2024-09-11,KEGC,1477.0,16840.0,-0.14446507759190466,0.6725757225238899,0.20481923598006868,0.0,-0.03881514518919729,-0.6224448403318301,40.770356166629064,-0.0006057605506657642,49.61529977374568,0.01036871285639058,53.47635670120299,40.770356166629064,-0.030501600466410893,46.83568693342396,-0.16438864439930792,40.79958819566461
2024-09-12,KEGC,1477.0,4210.0,-0.13701586514596764,-0.7298738157538139,0.1594202667506707,0.0,-0.03524901263823065,-0.5582354440104654,41.70388248903685,-0.000673862183103828,49.57171184476928,0.014407985405852705,54.682742280478166,41.70388248903685,-0.025829748739938308,47.812382829818375,-0.1648271684345144,40.76925835333084
2024-09-13,KEGC,1478.0,3060.0,-0.0684489207733932,-1.048920482178935,0.599999880000024,0.0,-0.034919716691367564,-0.5523063615501347,41.79039573264465,-0.0012857089159524883,49.18014112753514,0.019780679060076894,56.27865360164284,41.79039573264465,-0.028580888480787003,47.23697979199396,-0.16653556017355076,40.651167308315586
2024-09-16,KEGC,1479.0,24270.0,2.7211343544866146e-05,1.0219022167390668,0.43266469446064176,0.0,-0.036198137415885956,-0.575324749619809,41.45481404373047,0.004796981551241186,53.06963942075825,0.019132862455326895,56.08684628690123,41.45481404373047,-0.027980341446923594,47.36252737980579,-0.16473782478508642,40.77543710019088
2024-09-17,KEGC,1480.25,7490.0,0.08621361829121704,-0.35527158704522027,0.49999992857143877,0.0,-0.04081807482380443,-0.6585082510083166,40.24889941753972,-0.00011263755854199137,49.93093270806621,0.02087393753200205,56.601920313845035,40.24889941753972,-0.027536522747927072,47.45533159098611,-0.1644621551486101,40.7945034478133
2024-09-18,KEGC,1480.0,5510.0,0.06676409406928246,-0.46077251209293385,0.4285713673469475,0.0,-0.042019723294723296,-0.6801443292542799,39.93710077832026,-1.5948090948090642e-05,49.99282211290822,0.017641344916344923,55.6445509333149,39.93710077832026,-0.023369465894465896,48.327449694477906,-0.160886036036036,41.042090521086706
2024-09-19,KEGC,1479.9,8390.0,0.05628273120105321,-0.04029736701897117,0.266666577777868,0.0,-0.04602249983106973,-0.7522156449821433,38.9044738911445,2.006063794523106e-05,50.01587074870641,0.018373120288050288,55.86166825025337,38.9044738911445,-0.019989585605848584,49.03559438419596,-0.151680455404001,41.681487883081715
2024-09-20,KEGC,1480.0,308470.0,0.056026683966065506,3.586276923779968,-0.09157064332500586,0.0,-0.0434135564135564,-0.7052407556641002,39.57645554373903,0.004021471471471453,52.574832896732325,0.018948659373659374,56.03227345569638,39.57645554373903,-0.008630394680394678,51.416742810013524,-0.15425019305019308,41.50270860947592
2024-09-23,KEGC,1490.0,106660.0,0.6997403376904215,2.304084023554179,0.5384614970414233,0.0,-0.04994117396399275,-0.8227726691137706,37.903089733355685,0.0073194950463406835,54.674436741381015,0.011310096409928633,53.75793043918995,37.903089733355685,-0.015613326941514835,49.953031761223414,-0.15768839352295727,41.263859759993146
2024-09-24,KEGC,1484.04,264100.0,0.18000903041888494,2.9893136462731538,-0.4619492348498551,0.0,-0.0342312570512154,-0.5399104179742819,41.971431850202514,0.016803981345644668,60.59596448890845,-0.038669460488165455,38.92384886609523,41.971431850202514,-0.01083274375867161,50.95524599247814,-0.15309408955733442,41.58311252382173
2024-09-25,KEGC,1484.0,6220.0,0.11840163216129519,-0.7592381981801729,-0.33333329629630043,0.0,-0.03520482929020664,-0.5574399082126418,41.715487466122916,0.010994743935309961,56.99443005930662,-0.035046810422282124,39.96451469483215,41.715487466122916,-0.011562638514525249,50.80225854450663,-0.15244412997903561,41.6283351889912
2024-09-26,KEGC,1484.0,13270.0,0.11651000696871579,-0.001506019384578423,-0.3552035797281165,0.0,-0.039903556454028155,-0.6420420452212612,40.48672565474533,0.011515625935908956,57.32100477495167,-0.034024520814615156,40.25987545364288,40.48672565474533,-0.008860527103923311,51.36852907297922,-0.15384462413896374,41.53090971599166
2024-09-27,KEGC,1490.03,22550.0,0.5213611935319439,0.5038274389275003,0.9999999002991127,0.0,-0.04655301089335687,-0.7617676721612874,38.768336167741225,0.007399590116913618,54.7252513952048,-0.03858844377693902,38.94701611379347,38.768336167741225,-0.012388309242521888,50.62917829201162,-0.15682422162534487,41.323854828712186
2024-09-30,KEGC,1505.0,137450.0,1.5157345256948493,2.228630333689917,0.764289878356519,0.0,-0.05290199335548173,-0.8760832017501881,37.15320450828874,-0.002667063492063492,48.29654324057806,-0.05200219638242894,35.18607239514681,37.15320450828874,-0.01997713178294573,49.03820457096653,-0.16793827980804724,40.55428624401027
2024-10-01,KEGC,1513.0,29820.0,1.8474003969211075,0.6434296976606222,0.6581196018701209,0.0,-0.05802629250201953,-0.9683479030945309,35.87005152217775,-0.00734137580125682,45.31768776385825,-0.05841473106096372,33.44791999306251,35.87005152217775,-0.026054400224509278,47.765372946329315,-0.17255744919690724,40.23577921142031
2024-10-02,KEGC,1504.27,52670.0,1.1994621328995558,1.1771824324746543,-0.43066663795555993,0.0,-0.050811396009096205,-0.8384413049210656,37.68207042015565,0.0008878989212824321,50.5713358868919,-0.05688572711691299,33.858517762763846,37.68207042015565,-0.023566726691562977,48.2861380487729,-0.16500632377873317,40.75686937052938
2024-10-03,KEGC,1505.0,24530.0,1.184590909104036,0.3268964988991607,-0.0010010009007997995,0.0,-0.052946936138796606,-0.8768924114316587,37.14186838291926,-9.02085640457728e-05,49.945289142153925,-0.05471614987080102,34.44531881518487,37.14186838291926,-0.024893327796234807,48.00837621577777,-0.16629333702473237,40.66790422575652
2024-10-04,KEGC,1504.99,5730.0,1.1497271185982623,-1.2768952197528918,0.4341316715371504,0.0,-0.048015427769545864,-0.7880989718110489,38.39396896540298,0.0038908895244465524,52.49146394691812,-0.05470205880184618,34.44914578344197,38.39396896540298,-0.028758519763407188,47.199851641251556,-0.16575447620703487,40.7051457139456
2024-10-07,KEGC,1505.0,6800.0,1.142226721369787,-1.1056896236147224,0.005025123102948621,0.0,-0.04776530084902181,-0.7835953538604996,38.45790342370069,0.009866648209671466,56.28509975640692,-0.04305700442967887,37.67691539958006,38.45790342370069,-0.030804789590254705,46.77237791253513,-0.16721572535991142,40.604181482666846
2024-10-08,KEGC,1505.98,5080.0,1.18911710494645,-1.3550456526926025,0.995545435290553,0.0,-0.04732039598430548,-0.775584694588698,38.571723156310675,0.009286000551873863,55.9189733731158,-0.0446857076086299,37.218065305006434,38.571723156310675,-0.03020313549980744,46.89801945418876,-0.16797437670708332,40.551794121203464
2024-10-09,KEGC,1509.7,43110.0,1.4145026191688903,1.0520425506887026,0.9398796653427282,0.0,-0.04797861776911425,-0.7874361955758632,38.403375387363575,0.009369629438624905,55.97174608826284,-0.05169713976602103,35.26979076417825,38.403375387363575,-0.03139682676364802,46.64878457525233,-0.1688710262787414,40.48990526498285
2024-10-10,KEGC,1509.0,11340.0,1.2978918819599328,-0.4570211719370493,0.7999999200000081,0.0,-0.046527021995014045,-0.7612997334490267,38.775001274985165,0.006525008678090196,54.16988051307335,-0.0538923522357916,34.66939014280934,38.775001274985165,-0.03360716652466156,46.18773078177428,-0.1700916532550727,40.4057033344964
2024-10-11,KEGC,1515.0,35840.0,1.6835427188136793,0.6937038545524729,0.9999998333333611,0.0,-0.050693273613075594,-0.8363144721036874,37.71204137566853,0.003196943265755147,52.048197897011995,-0.054383655508407985,34.53567406832679,37.71204137566853,-0.032675047147571884,46.3820862470847,-0.17223094845198803,40.25826581963331
2024-10-14,KEGC,1524.0,35870.0,2.2302586934776967,0.4267371796154407,0.9893403737947883,0.0,-0.05380025621797272,-0.8922567217509557,36.926901290463626,-0.002097006624171978,48.66108855927758,-0.0600435476815398,33.01326097373558,36.926901290463626,-0.041475737407823954,44.552249918878104,-0.18208409261342332,39.58150801004217
2024-10-15,KEGC,1524.1,7810.0,2.1474261141352167,-1.103291300008599,0.6999998833333224,0.0,-0.05534268345200853,-0.9200286343626242,36.53965344223027,-0.0028539197736264198,48.17708818176264,-0.058453941540310486,33.437423008772875,36.53965344223027,-0.04431110954890884,43.965610805604314,-0.20147574540478214,38.261407336929594
2024-10-16,KEGC,1528.0,9950.0,2.388264253053378,-0.861125268913544,-0.20713575746919502,0.0,-0.05442175891298934,-0.9034470833790733,36.77065858961872,-0.05794595071885645,18.490063605850587,-0.06250446480511926,32.36203725366897,36.77065858961872,-0.04491349414111194,43.841188466693595,-0.2081157296601014,37.813230102866584
2024-10-17,KEGC,1522.99,240710.0,2.02710595124546,2.324889611295056,0.6096608780273024,0.0,-0.04595706145659379,-0.7510374054015051,38.921278478896774,-0.05135666871672755,21.16874918708057,-0.054503250367880104,34.503161293506174,38.921278478896774,-0.04300376680448037,44.23590103727671,-0.21268955683666124,37.50571312803267
2024-10-18,KEGC,1524.0,7370.0,1.7265560612357567,-1.3048729630957465,0.5384614003944769,0.0,-0.048672609673790716,-0.7999317494046492,38.22617951079117,-0.051002949631296084,21.32027339679366,-0.054887129733783305,34.39889878817542,38.22617951079117,-0.04436034245719285,43.95543889647933,-0.21764748468941386,37.17350720025786
2024-10-21,KEGC,1525.0,20250.0,1.4262417916191268,-0.15054594010913452,-0.012722644691763707,0.0,-0.04992714676034348,-0.8225201046716125,37.90665651089908,-0.052196194379391166,20.812277280114756,-0.05445509367681492,34.51625131588833,37.90665651089908,-0.04374326697892271,44.08296801064205,-0.22108988420504813,36.94355806735277
2024-10-22,KEGC,1523.99,31980.0,1.229965092823396,0.4017190275041584,0.13999998000000546,0.0,-0.04600968314742307,-0.7519848763530943,38.90776501061218,-0.05520349088602736,19.57179878676884,-0.0520785008744277,35.16514593739784,38.90776501061218,-0.04247725545161993,44.34485353926211,-0.2209117232729832,36.955444623838304
2024-10-23,KEGC,1443.7,148660.0,-4.632525370420227,1.9382694004880368,0.1698467259979147,0.0,0.011367235613739382,0.28110552726513355,54.20661539132598,-0.0038890378942554225,47.51576379834673,0.002312776557368546,51.05955133690744,54.20661539132598,0.0072168985169279234,54.725629758258385,-0.17057032555789745,40.3726986973353
2024-10-24,KEGC,1449.0,82800.0,-3.550033396875576,1.25772560540008,0.4161219816927102,0.0,0.006904934437543135,0.200760318377704,53.007768837736236,-0.01167567287784679,42.584705182762875,-0.001736180124223604,49.842267347023494,53.007768837736236,0.0047208419599724175,54.20646928065289,-0.17498295376121462,40.0688601058225
2024-10-28,KEGC,1450.5,36170.0,-3.1701320079856994,0.2859321735482754,0.18137594292035714,0.0,0.0016604352357971822,0.10633137527498393,51.59442984980744,-0.009951084191001448,43.66767848043873,-5.392434464303146e-05,50.34808305703034,51.59442984980744,0.003631037327030094,53.97950478135599,-0.1840526214277507,39.4467687008506
2024-10-29,KEGC,1449.6,23780.0,-3.1280792482375115,-0.2619108207833231,0.32132128915700875,0.0,0.006376553137811481,0.19124663827793562,52.865556008851165,-0.009327278461053232,44.06095205250081,-0.0009934063912539724,50.06560451708222,52.865556008851165,0.0035574477031431323,53.96417282855124,-0.18669537475034156,39.266133222106006
2024-10-30,KEGC,1444.0,9100.0,-3.3300448412100585,-1.094019875569632,-0.7088790816769849,0.0,0.015137125709009373,0.34898364557836464,55.21571201248802,0.006657901332278045,54.25433937925034,0.0064810271292265135,52.3113739404764,55.21571201248802,0.01017409752451301,55.33936754015747,-0.1762659125884888,39.980661890989246
2024-10-31,KEGC,1442.0,48750.0,-3.3848215982887093,0.7022129226765916,0.0007147962319653086,0.0,0.014467352442595147,0.3369241563434542,55.03672127792618,0.006997229927569733,54.46988492690983,0.013486565726614278,54.4079794814384,55.03672127792618,0.009652700724302667,55.231269406852235,-0.17651989135460008,39.963209561615535
2024-11-01,KEGC,1436.0,9110.0,-3.548501790004235,-0.9751158301345197,-0.8317913514052705,0.0,0.020108077994428968,0.43848728595835634,56.5396312713318,0.006342210505372066,54.05366552909171,0.015566517442631711,55.027804337078976,56.5396312713318,0.009797907547420083,55.261379296432814,-0.17618351350753858,39.98632454847281
2024-11-04,KEGC,1439.98,31590.0,-3.211594827044174,0.3611160109751127,0.21544713257652473,0.0,0.01858501590740787,0.4110640492250291,56.13489316313267,0.0007714769903109202,50.49682450656486,0.012057074161303373,53.98118662670577,56.13489316313267,-8.481571723770176e-05,53.20444980895284,-0.1803608765068828,39.69958653232346
2024-11-05,KEGC,1440.0,44560.0,-3.086438276342754,0.4759452666756089,0.009372746260083916,0.0,0.022694841269841268,0.48506281448027794,57.22501573023838,0.004223809523809524,52.70398541386726,0.015476984126984127,55.00115416796365,57.22501573023838,-0.004310714285714286,52.32114694842215,-0.183,39.518797354358796
2024-11-06,KEGC,1457.53,67500.0,-1.7440175771080628,0.7531323818541277,0.9955594584565112,0.0,0.01357469204804957,0.3208515106314415,54.797963912594284,-0.007896151245872668,44.965938467090325,0.006494925430487521,52.3155439450665,54.797963912594284,-0.01608006849269566,49.85517185580976,-0.19549941933183546,38.66650637791205
2024-11-07,KEGC,1456.0,60650.0,-1.716855409626139,0.5814090641064721,0.9524726427442244,0.0,0.02629065934065934,0.5498067084070751,58.173115808104846,-0.005127258852258853,46.72584229257343,0.006859432234432233,52.42489777323479,58.173115808104846,-0.01506221001221,50.068582732688505,-0.19598394383394385,38.63360405982941
2024-11-08,KEGC,1449.0,115980.0,-1.9998538735563052,1.229706800710062,0.12499999218750048,0.0,0.031243719806763316,0.6389882006613513,59.46911727345214,-0.002028364389233961,48.704994919450584,0.007582798481711525,52.641841334468566,59.46911727345214,-0.009506849551414731,51.23310839508041,-0.1942543823326432,38.75109977157904
2024-11-11,KEGC,1445.0,64709.99999999999,-2.036319047607954,0.5904320573562012,-0.025748084499082058,0.0,0.03483384412588564,0.7036295767052703,60.400424774280935,0.005879853902345296,53.759525655796246,0.01451067309276652,54.71334589061638,60.400424774280935,-0.005274004503762288,52.11957534803947,-0.19311585516559565,38.828515844320975
2024-11-12,KEGC,1450.0,123740.0,-1.4918782606744414,1.2341071705638935,0.3342227929137555,0.0,0.03040652709359612,0.6239142689022695,59.25093247688924,0.002666215106732316,51.70896777977353,0.015753913519430767,55.08357463045023,59.25093247688924,-0.006793240284619591,51.80153258195732,-0.19587671045429667,38.64088500013384
2024-11-13,KEGC,1449.99,7220.0,-1.2330327766635278,-1.7211013804927657,0.7306665692444598,0.0,0.03317066731002087,0.6736835279266238,59.96987643101931,0.0037780414249162933,52.41940581791762,0.013677392873645415,54.46490579009353,59.96987643101931,-0.010961003499531531,50.928363700369786,-0.19834311288353718,38.47355012826531
2024-11-14,KEGC,1452.5,18640.0,-1.0297310388277923,-0.7726515534076093,0.5982905343706516,0.0,0.032009997131382674,0.6527852773895347,59.66849337788752,0.0038317173455727676,52.45368136423819,0.013223532224134632,54.32949419220494,59.66849337788752,-0.014148991202906865,50.26005227071069,-0.20372181583476756,38.10957711751901
2024-11-15,KEGC,1450.01,22020.0,-1.1495783564611195,-0.606010710140784,0.23574726721921468,0.0,0.03651599468991074,0.7339172540964032,60.83425095568479,0.006589495225703431,54.21086744712353,0.01631797690940939,55.25136589683343,60.83425095568479,-0.012451274794163972,50.615978541162136,-0.19819945985594184,38.48328893996609
2024-11-18,KEGC,1457.43,85950.0,0.33032734917929796,0.9252008911416653,0.9999999194847087,0.0,0.030433520624857213,0.6244002963625744,59.25797313415019,0.0011055260597339369,50.710612705662626,0.01515688130737631,54.905850125459345,59.25797313415019,-0.01840142165612467,49.36849390029081,-0.20011537031264756,38.35347792627132
2024-11-19,KEGC,1457.8,18330.0,0.363248230534212,-0.7894224427677897,0.508452469642049,0.0,0.026704042185768103,0.5572498032877876,58.281739218797235,0.0035559462290427383,52.27755980309809,0.018271530268484625,55.83153975338286,58.281739218797235,-0.01598578054123734,49.87494078263172,-0.19623832242322087,38.61633427622081
2024-11-20,KEGC,1459.39,13490.0,0.5630005657253395,-1.096011808434097,0.2699999807143014,0.0,0.02471692329432694,0.5214710702724846,57.75887249875337,0.0009070511467228278,50.58359329809201,0.028752975705113516,58.91350105965891,57.75887249875337,-0.017122902969788377,49.63652988641192,-0.20017990407385913,38.34910836897176
2024-11-21,KEGC,1462.0,17040.0,0.892090997100118,-0.8623978003440782,-0.2021276326957916,0.0,0.018881659718150815,0.41640521917259893,56.21378898258011,0.0026348332356197672,51.68890391610621,0.026814996308600986,58.34815781654083,56.21378898258011,-0.017967928256573947,49.45937064469736,-0.19860894512843896,38.455530736524466
2024-11-22,KEGC,1463.5,7940.0,0.9168521824902546,-1.450907249802747,-0.33222031181630957,0.0,0.015720289071100478,0.35948369483381293,55.37144722486707,0.007119573239841439,54.547558220003644,0.02643116821492291,58.23592230084179,55.37144722486707,-0.022505598939268224,48.50839254137087,-0.1964471991746249,38.60215575745945
2024-11-25,KEGC,1463.0,10910.0,0.8650975356739575,-0.9312086559509195,-0.1267175379057439,0.0,0.017352337282600445,0.3888692627929654,55.80672016667118,0.005305399863294662,53.39370956124036,0.025988921166552804,58.1064986584621,55.80672016667118,-0.018478898002582216,49.35225232634614,-0.1954117433735855,38.6724612439117
2024-11-26,KEGC,1466.95,22840.0,1.1256614454179459,-0.002623521178005199,0.12857141020409724,0.0,0.015883944673566817,0.36243036809645557,55.41513305132322,0.0019340643744687538,51.24074048767463,0.0259126804778514,58.08417548244446,55.41513305132322,-0.02195809855725926,48.623090792634294,-0.19882611312370935,38.440812392633205
2024-11-27,KEGC,1464.69,23700.0,0.9353193341644217,0.055075604038582915,-0.7700204811758637,0.0,0.01471106453047594,0.3413122731101188,55.101866431620515,0.006862048949737093,54.38403597727225,0.028164638738767695,58.742114069415265,55.101866431620515,-0.02043159952748009,48.94295655147168,-0.18382645562249644,39.46224089296037
2024-11-28,KEGC,1469.85,38300.0,1.2578076150163957,0.4982842319385137,0.046666663555543636,0.0,0.016146699412152597,0.36716135408871703,55.48525463637025,0.006669857103980571,54.261936583010716,0.02719360608549308,58.458782725991924,55.48525463637025,-0.02470140437880762,48.048553654681754,-0.18872717535155023,39.12745628478832
2024-11-29,KEGC,1477.99,18680.0,1.7168988865742099,-0.21971111991010978,0.9985713572449044,0.0,0.007533523848401204,0.2120782786689608,53.17688870997889,0.00046553241763239205,50.3010067826284,0.020812280545747613,56.583703569324605,53.17688870997889,-0.031613017222983125,46.60366295124967,-0.1907598670282259,38.98889399892934
2024-12-02,KEGC,1474.9,13560.0,1.45093904264564,-0.5400394426861994,-0.033444810460703515,0.0,0.006863934089693397,0.2000220935510121,52.99673538939693,-0.001505142909877191,49.03972938675681,0.01960540017778977,56.22677482790017,52.99673538939693,-0.030176284456196717,46.9036276023352,-0.18712635489411716,39.23670288614305
2024-12-03,KEGC,1474.0,9660.0,1.32572586464176,-0.8424033553482951,0.09638551313687631,0.0,0.009522756348129484,0.24789506790069318,53.7115860125253,0.003172501130710086,52.03257891376849,0.019440418578105117,56.177931381105765,53.7115860125253,-0.026840314122030536,47.600946693447,-0.17543658923994743,40.03766712147458
2024-12-04,KEGC,1479.0,11590.0,1.592154179158723,-0.5629368415768533,0.33333329629630043,0.0,0.004692531955310858,0.1609252797823166,52.41200558051654,0.0044910138768151,52.874486418975465,0.012056674393895479,53.9810671864117,52.41200558051654,-0.030249785891368043,46.88827617173247,-0.176808224669178,39.94339962375666
2024-12-05,KEGC,1483.96,27020.0,1.917632327502535,0.37019455267690965,0.9938270071254675,0.0,0.0005909598491723109,0.08707511713698307,51.30582974355464,-0.0008831879052060561,49.43773887978604,0.006593403888865333,52.34509019802142,51.30582974355464,-0.04174134384959679,44.49722880876678,-0.17548505130202885,40.03433523920372
2024-12-06,KEGC,1483.0,224200.0,1.7729053878062278,2.4861546661140017,-0.32692304548817464,0.0,0.0025856171531323316,0.12298958176353136,51.844007004703904,0.0011014085562298646,50.70797768505181,0.008557542090785518,52.934015875697405,51.844007004703904,-0.03775288026201715,45.324795272896175,-0.16817981435100451,40.53761167398168
2024-12-09,KEGC,1477.0,73940.0,0.7633460668705492,1.3768701964353895,-0.9999999090909174,0.0,0.007378434138268292,0.20928583713153384,53.13516897437262,0.00654335552546453,54.18154214251656,0.01406638268261491,54.58091040625457,53.13516897437262,-0.03610270631159256,45.66797387735298,-0.1651200876401113,40.74900296125907
2024-12-10,KEGC,1483.0,139030.0,0.9827964130999379,2.0083057119018215,-0.1847825961424882,0.0,-0.0021325634974151495,0.038037178290845186,50.57053291070622,0.0065113554142718,54.16120192426224,0.007226781566751222,52.53508085066697,50.57053291070622,-0.04637930085947621,43.53875291898616,-0.16699349827141463,40.61953104729018
2024-12-11,KEGC,1489.99,40490.0,1.0902942066804735,0.7746716730369223,0.8690364013997676,0.0,-0.005576058886407768,-0.02396409535858383,49.64054476241551,0.005124777073181592,53.27861044036561,0.0074646981890898,52.606428667786446,49.64054476241551,-0.043879742984852255,44.05475614301621,-0.16803731276773243,40.54744914439847
2024-12-12,KEGC,1487.02,20690.0,0.8215208724592187,0.01656954606082411,-0.32666661222223736,0.0,-0.0035313037708526503,0.012852396938997252,50.19278499873538,0.018569194685311832,61.66978242030412,0.006589647735868101,52.34396327852669,50.19278499873538,-0.046576083252047984,43.498187465439834,-0.1651437312517866,40.74736814019467
2024-12-13,KEGC,1489.0,20210.0,0.9012990376249835,-0.05510826153376636,0.33555920942250056,0.0,-0.005529207042118393,-0.023120512402715322,49.653197875517904,0.01717250391761812,60.82102988960126,0.0024400961548711724,51.09781606399694,49.653197875517904,-0.04263109682646286,44.31301302933083,-0.153791878537849,41.53457777285871
2024-12-17,KEGC,1491.0,45200.0,0.9686590377716168,0.7931130830181184,-0.09008188443295032,0.0,-0.004336552649228732,-0.0016463755070715708,49.97530436940209,0.01651189917281466,60.41726260282543,0.0030893807288173494,51.292931574643255,49.97530436940209,-0.04335209031969595,44.16385186694809,-0.1485218365750056,41.901535819194166
2024-12-18,KEGC,1497.0,11830.0,1.1769920529813582,-0.5473427849237029,0.7134669464947075,0.0,-0.010257129338041163,-0.10824831742309622,48.37684578747869,0.011686401374176985,57.427937623647395,-0.0023176583325380928,49.66743244961147,48.37684578747869,-0.04871358510672138,43.058126769975175,-0.14597833285618855,42.07896612240014
2024-12-19,KEGC,1501.99,55490.0,1.4617245011340039,0.9982187216561854,0.747499906562514,0.0,-0.017598500896218432,-0.24043214098670015,46.399759360373864,0.011013373701999804,57.006120946726156,-0.006341370984863792,48.458063867925006,46.399759360373864,-0.050408217043167156,42.71001656481092,-0.1374477077447623,42.67551809756878
2024-12-20,KEGC,1519.0,49700.0,2.4873797537496127,0.8257006833832162,0.9074868427521747,0.0,-0.03537643917782167,-0.560529801010808,41.67041842360938,0.00033132177602223723,50.215102913954844,-0.016299407504937455,45.475793463918826,41.67041842360938,-0.06535532696949754,39.67443506411411,-0.14106006327262088,42.422633090271454
2024-12-23,KEGC,1518.95,7630.0,2.3104052743522088,-1.1150733223223495,-0.9914710039507528,0.0,-0.039289045181586935,-0.6309775664695028,40.64678516425821,0.0029937774214330087,51.918359227003485,-0.015640160287207588,45.67246297634308,40.64678516425821,-0.06481302814914441,39.78333913475854,-0.13452562686891584,42.880361221828124
2024-12-24,KEGC,1520.01,14560.0,2.3475489279457533,-0.4688858231217285,0.7524999059375096,0.0,-0.03931339095983391,-0.6314159202608638,40.640440103562874,0.0016514317340017557,51.05992761313236,-0.02156942557708736,43.90919121915762,40.640440103562874,-0.061943762118106364,40.36120466708467,,
2024-12-25,KEGC,1518.9,4250.0,2.2134237494991584,-1.7002376446487932,0.9333330222223866,0.0,-0.03861163694591015,-0.6187806070872338,40.823457563715955,-0.0008963508993037536,49.4293145301577,-0.019553933611103313,44.5070714035942,40.823457563715955,-0.06194230959748445,40.361497895365034,,
2024-12-26,KEGC,1522.97,21180.0,2.4406566616093217,-0.04680960637774315,0.25359709949668097,0.0,-0.040579681102432354,-0.6542158931900534,40.3108515023363,-0.004331196708269844,47.23352574946254,-0.02216937737884967,43.731553027937956,40.3108515023363,-0.06457558983016791,39.831053262093945,,
2024-12-27,KEGC,1524.0,3480.0,2.4050726910677245,-1.7943799566289536,-0.07264295631484838,0.0,-0.039871219222597176,-0.6414598026716049,40.495143406612286,-0.00876937257842771,44.41331361292996,-0.023462792150981127,43.34914133586164,40.495143406612286,-0.06657694663167105,39.42948631266592,,
2024-12-30,KEGC,1528.0,4920.0,2.6036128332710775,-1.4246680823043856,0.6540158293013304,0.0,-0.04045179090833541,-0.6519131879369462,40.344099464396955,-0.013334696251973739,41.5495622468908,-0.02355356519571182,43.32233250489567,40.344099464396955,-0.07570890883403972,37.61595816122043,,
2024-12-31,KEGC,1527.0,4360.0,2.501933388728766,-1.5455036192075704,0.2452829880147228,0.0,-0.04375348722986247,-0.7113613224669592,39.48867075106328,-0.011436044063991018,42.73478212887354,-0.02474031714847039,42.97220340867505,39.48867075106328,-0.07711871940000625,37.338909565446286,,
2025-01-05,KEGC,1522.0,5980.0,2.1347265192490377,-1.2295576441076064,-0.599999880000024,0.0,-0.0418771817575037,-0.67757782172132,39.97404477161757,-0.0068806734038337185,45.610148394997786,-0.025452112404313457,42.76253596782361,39.97404477161757,-0.07415421907264885,37.922419078226824,,
2025-01-06,KEGC,1520.8,45470.0,2.023998703786794,0.7990688282316657,0.06666665925924999,0.0,-0.041139448327112686,-0.6642946872515548,40.165432398774904,-0.008738015497273752,44.433135111492156,-0.03126954422484404,41.059315775977396,40.165432398774904,-0.07139910677755229,38.467868480451,,
2025-01-08,KEGC,1515.02,30960.0,1.5110636284687071,0.3912730153842086,-0.7753058091984663,0.0,-0.03809799310103926,-0.6095322797376505,40.9575776740185,-2.5588917784706306e-05,49.98665116743614,-0.0315060531182678,40.99049347612378,40.9575776740185,-0.06711484902079976,39.32179811229328,,
2025-01-09,KEGC,1512.0,22610.0,1.2322766740926459,0.07696974110151603,-0.199999960000008,0.0,-0.03352142857142855,-0.5271297213716075,42.15831353812641,-0.0008873015873015274,49.43510610935276,-0.028893121693121693,41.75273787104932,42.15831353812641,-0.06324047619047618,40.09970690152843,,
2025-01-10,KEGC,1514.0,11880.0,1.062501114851625,-0.5665649532807345,0.6611294582841482,0.0,-0.03475519437629741,-0.5493440828403362,41.83363830874741,-0.004914839277851167,46.86124955973703,-0.03015589052441759,41.38384700240047,41.83363830874741,-0.06935163814975567,38.87511516562262,,
2025-01-13,KEGC,1516.0,11610.0,0.9855645259007155,-0.5661150444090269,0.38674881458021265,0.0,-0.03507108409766721,-0.5550317817756382,41.750621898401675,-0.00425259454705365,47.28368654303354,-0.030810425304686483,41.19301564573832,41.750621898401675,-0.07110375256523013,38.526517014283726,,
2025-01-14,KEGC,1512.0,5510.0,0.3015791664588239,-1.1490404615079435,-0.263157867036014,0.0,-0.03582195767195767,-0.5685515088833104,41.55347928213843,-0.0029384920634920636,48.12302886237197,-0.026851058201058202,42.35122384430817,41.55347928213843,-0.0689111111111111,38.96294264329652,,
2025-01-15,KEGC,1519.48,7230.0,0.674774848588317,-0.6034905526341235,0.8959999104000127,0.0,-0.037073199551141356,-0.5910805328514792,41.22556713493052,-0.008522523275506545,44.56940007236669,-0.02972264942559716,41.51030241303856,41.22556713493052,-0.07181501149516058,38.38533904318732,,
2025-01-16,KEGC,1515.15,5920.0,0.2954016785062157,-0.694411646698263,-0.27380949121312037,0.0,-0.034945525195525254,-0.5527710522054142,41.78361344231868,-0.004377982377982432,47.203671628732586,-0.030876240801240858,41.173841504866424,41.78361344231868,-0.06737950532950539,39.268851853573004,,
2025-01-17,KEGC,1511.0,15000.0,-0.06244860202186031,0.24675307200343002,-0.5206929238986627,0.0,-0.03223529093525784,-0.5039723877547392,42.49749369022183,-0.0010028092927000635,49.36118212059655,-0.029490877743111363,41.57799852242397,42.49749369022183,-0.06806691904866954,39.13144824345683,,
2025-01-20,KEGC,1514.0,7490.0,-0.04557702089812475,-0.4477271684763029,0.6923075857988329,0.0,-0.03483694040804344,-0.5508159471849907,41.81215084168035,-0.008244730137761842,44.74518080237994,-0.03144939873351366,41.00697627108823,41.81215084168035,-0.06937573598792225,38.87031287859155,,
2025-01-21,KEGC,1512.0,9140.0,-0.2177262889616986,-0.05118378770924308,0.07550075878262706,0.0,-0.0348505291005291,-0.5510606160885804,41.80857926796537,-0.005628439153439135,46.4065585696186,-0.03081931216931217,41.190426464056976,41.80857926796537,-0.06550132275132275,39.64513371928877,,
2025-01-22,KEGC,1511.0,11650.0,-0.4448252170218102,0.32886130196569796,-0.3859111496239537,0.0,-0.03485595710819073,-0.5511583491622113,41.80715262568223,-0.004940074112592306,46.84516110688628,-0.027541561879549946,42.14859123918362,41.80715262568223,-0.06357390800794176,40.032556789972666,,
2025-01-23,KEGC,1512.99,29160.0,-0.2768510354733749,1.2463524462522848,0.20361081207514095,0.0,-0.033489216929013785,-0.5265497400937352,42.16679950336099,-0.006884444803242025,45.607752998097595,-0.028808232940827676,41.77756992893251,42.16679950336099,-0.06554681142260406,39.63600566271185,,
2025-01-24,KEGC,1513.95,8170.0,-0.18074567925647944,-0.23892980299382618,0.3187918928201655,0.0,-0.03409038615479221,-0.5373739908815394,42.00850182208638,-0.0049936043997176015,46.811035081723006,-0.0284406798126629,41.885136261107135,42.00850182208638,-0.0646329327728318,39.819528207718314,,
2025-01-27,KEGC,1506.0,70990.0,-0.6875031683454198,2.104400484242799,-0.45155388925467466,0.0,-0.03689083191045342,-0.5877969431503757,41.273312384048275,-0.0015644390691203441,49.00178938240129,-0.026596863340289635,42.42588412297397,41.273312384048275,-0.05509907512805919,41.750281875412945,,
2025-01-28,KEGC,1507.97,7700.0,-0.4094252002372861,-0.2981781802253135,0.48370915195260833,0.0,-0.03488373278235611,-0.5516584593642548,41.799852564797426,-0.006849837716762309,45.62973438168353,-0.024272635073578908,43.11010239112385,41.799852564797426,-0.055090034060822454,41.75212589576319,,
2025-01-29,KEGC,1507.99,6160.0,-0.3598409996519311,-0.3400596641259106,-0.6638368991787973,0.0,-0.03727952743413207,-0.5947955346417261,41.171568814452776,-0.013508677321130825,41.44142146975308,-0.024973477259280386,42.90349527448149,41.171568814452776,-0.05217135341883136,42.34859955230149,,
2025-01-30,KEGC,1507.0,18190.0,-0.4108826308789965,0.742733829081024,-0.9999998305085033,0.0,-0.042782462266038934,-0.6938776967606787,39.73960914493455,-0.016855208234587797,39.37850973774422,-0.024336720436902916,43.09120005303315,39.73960914493455,-0.05253988687711318,42.27315761150891,,
2025-01-31,KEGC,1510.79,13330.0,-0.12383053848893431,0.25061770998837823,0.09759546002890712,0.0,-0.038187605740694665,-0.6111457849601296,40.93416872014305,-0.018678474564500395,38.26982792638587,-0.02747569618785586,42.16790864499208,40.93416872014305,-0.053043632037039004,42.17009502482925,,
2025-02-03,KEGC,1508.0,16320.0,-0.29151865457593745,0.3388029578083783,-0.3981945438119832,0.0,-0.040994426550461094,-0.6616835221871137,40.20309037805281,-0.01687311902656729,39.36756319566325,-0.02697616100374721,42.31449235061996,40.20309037805281,-0.04999316555092418,42.79521080832302,,
2025-02-04,KEGC,1502.0,183810.0,-0.6642782520781589,2.748772183111018,-0.6666666111111158,0.0,-0.03187668452645151,-0.4975155607306888,42.59219286604774,-0.012289026800245139,42.20119625867887,-0.0237019725022721,43.27851044776551,42.59219286604774,-0.04481493775495101,43.861540000036605,,
2025-02-05,KEGC,1492.0,75580.0,-1.0275476807929875,1.8600609073010383,-0.422928688683588,0.0,-0.02465400017022001,-0.3674687395019936,44.510190120234604,-0.004260720668964637,47.27850051720347,-0.014385283416315581,46.04719138305368,44.510190120234604,-0.03686057810970672,45.510309921403234,,
2025-02-06,KEGC,1486.0,960790.0,-1.2544593800670372,4.104982775960408,0.0,0.0,-0.02202855807643829,-0.3201967860596772,45.21176670690455,0.0017967436817705996,51.15289399653123,-0.010343459057018951,47.256980944304736,45.21176670690455,-0.03546423070349719,45.80086676083398,,
2025-02-07,KEGC,1487.0,7030.0,-0.3669969418366328,-0.5149380924281723,0.3139841274427447,0.0,-0.021088423479681016,-0.3032693516315173,45.463469876869176,-0.0029091269841269845,48.14179877666912,-0.019115425753354467,44.63736840551563,45.463469876869176,-0.0368357529808606,45.5154730120996,,
2025-02-10,KEGC,1486.98,17490.0,-0.3549822622946945,0.4080392039264863,0.9942855722449234,0.0,-0.025061564907204133,-0.37480707742118646,44.40146848442183,-0.004239494430706161,47.29204705559074,-0.015772482625378777,45.63297697392846,44.40146848442183,-0.0362151847080276,45.6445688563231,,
2025-02-11,KEGC,1487.94,4170.0,-0.27399357534869073,-1.0970004940797486,0.646666558888925,0.0,-0.02519138662145238,-0.37714456033359955,44.366848554873926,-0.004902870251424665,46.86888063328311,-0.018822887939669894,44.72433338036096,44.366848554873926,-0.036228935034502835,45.641707756990144,,
2025-02-12,KEGC,1490.0,11670.0,-0.1301602445552715,-0.06790646285236081,0.21739128544423605,0.0,-0.022953542132736763,-0.3368514299948032,44.9643585498997,-0.006965337701075956,45.55637894318139,-0.026404919036966047,42.48228355251906,44.9643585498997,-0.03900512410780867,45.06466670263961,,
2025-02-13,KEGC,1493.0,7040.0,0.08097298716081554,-0.5741158835569221,0.7777776913580343,0.0,-0.025678430293751792,-0.3859139427762148,44.23701624054297,-0.00631508733879797,45.9696030130229,-0.02125928486375573,44.00108151552384,44.23701624054297,-0.0410581385088083,44.63878364275654,,
2025-02-14,KEGC,1487.0,5150.0,-0.31537197235058906,-0.8867234757626935,-0.7060133106151939,0.0,-0.021712077956042315,-0.31449845679459415,45.2964715507032,-0.0022739336151407436,48.54792856377869,-0.02193815608287706,43.79999596656429,45.2964715507032,-0.034417826720466234,46.01879462336982,,
2025-02-17,KEGC,1485.0,8700.0,-0.4352148991070834,-0.292839009101115,-0.7777776913580343,0.0,-0.021763828763828763,-0.31543024720889334,45.282618744127575,6.800144300144308e-05,50.04655691153903,-0.015333297258297263,45.764054112562356,45.282618744127575,-0.0748358706108706,37.78793144405089,,
2025-02-18,KEGC,1485.0,3710.0,-0.42500884975853165,-1.1451187761780277,-0.3610223257697272,0.0,-0.028539502164502163,-0.437428488303448,43.47597965334054,-0.003323208273208273,47.87717236446369,-0.014704725829725828,45.95175612519902,43.47597965334054,-0.0795726911976912,36.85865254130789,,
2025-02-19,KEGC,1484.0,10370.0,-0.4824015721339415,-0.11724637623672347,-0.5740148483477311,0.0,-0.029949992512728382,-0.4628248336390043,43.10189923511553,0.0010248727163821502,50.65899742325729,-0.01541446540880503,45.739824586467556,43.10189923511553,-0.07692513477088948,37.376903099279204,,
2025-02-20,KEGC,1487.97,5360.0,-0.2022281456693039,-0.720740807134755,0.9924998759375224,0.0,-0.03276610770762477,-0.513529919345004,42.35741918799459,-0.0023363531714829305,48.508009392964475,-0.016468482371476374,45.42537679549666,42.35741918799459,-0.07649365993842044,37.461641707873504,,
2025-02-21,KEGC,1488.0,3440.0,-0.16966589857813288,-1.0194843726794172,-0.6666665555555741,0.0,-0.030727726574500767,-0.476828192709724,42.89596741210845,-0.0023545442908346134,48.49637598472604,-0.020469252432155725,44.23534134250778,42.89596741210845,-0.07445592677931394,37.86287009602713,,
2025-02-24,KEGC,1489.5,6480.0,-0.059696188320546205,-0.38624517615422593,0.8567334016141261,0.0,-0.031085354625233784,-0.48326740407300584,42.801355144076624,-0.004013398551767132,47.43636529348002,-0.020941679854217615,44.09522600212372,42.801355144076624,-0.07249807221982449,38.249942131016404,,
2025-02-25,KEGC,1484.5,22850.0,-0.34090767587326065,1.0248115975194456,-0.7628457894983584,0.0,-0.025746094698123993,-0.38713226276154633,44.21898497809516,-0.0019486857581249633,48.75596310856529,-0.013932663448224244,46.18246367744824,44.21898497809516,-0.06787280910680203,39.170230535781606,,
2025-02-26,KEGC,1490.0,3880.0,0.04079451226762743,-0.8991234801518856,0.7910446580530239,0.0,-0.03432121018429739,-0.541530053893548,41.947765549768384,-0.00627435549163737,45.99550652618511,-0.018303651326302333,44.878770048467025,41.947765549768384,-0.07209344572280814,38.33012568665418,,
2025-02-27,KEGC,1489.0,3210.0,-0.020910144995264425,-1.0886839879047807,0.7101448246166959,0.0,-0.03413232274776935,-0.5381290731114771,41.99746532403183,-0.0028991762341829437,48.14815933244167,-0.01766145916616031,45.06991377971132,41.99746532403183,-0.06473315184367903,39.79938841767355,,
2025-02-28,KEGC,1489.0,4490.0,-0.005096780796068342,-0.5611988067505796,-0.09090908264462885,0.0,-0.03449986461564702,-0.5447467860321183,41.900773293531955,-0.002890079365079365,48.153974136975904,-0.019049483780528106,44.65696863908675,41.900773293531955,-0.06609297173984882,39.52646605800936,,
2025-03-03,KEGC,1488.0,5610.0,-0.057967400954903915,-0.22634451302215114,0.33333327777778704,0.0,-0.03193947772657443,-0.49864617307202946,42.5756067732784,-0.010323822324628777,43.43306479033877,-0.02516621863799283,42.8467184525351,42.5756067732784,-0.06747620327700973,39.24951306846003,,
2025-03-04,KEGC,1486.0,3020.0,-0.17655641434030508,-0.8050137742320572,-0.6638369555316638,0.0,-0.028910879318079858,-0.4441152568119003,43.377411705071836,-0.005662028135614946,46.38517048756382,-0.025926528552201518,42.62293502089571,43.377411705071836,-0.0709408014484394,38.55888852730595,,
2025-03-05,KEGC,1485.0,12880.0,-0.10230757394871932,0.756439100976504,-0.6666665555555741,0.0,-0.03166802549302549,-0.49375858580566745,42.64731967430061,-0.007400108225108219,45.28042635130333,-0.025445658970659042,42.76443574505663,42.64731967430061,-0.06761576479076478,39.221607873021696,,
2025-03-06,KEGC,1488.99,2980.0,0.19250277345775318,-0.7072987632896792,0.6633332227777993,0.0,-0.03370490799292202,-0.5304333290539118,42.109985824124365,-0.01628841137600787,39.72546465979944,-0.02604924642910711,42.58684329050682,42.109985824124365,-0.07093687605116797,38.55966846314328,,
2025-03-07,KEGC,1489.0,29800.0,0.13341619573688956,1.6924901875931941,0.7667843619806387,0.0,-0.031082300894389542,-0.4832124206389258,42.80216280189557,-0.009147896478940803,44.17418242002524,-0.025434285021373668,42.767784087391405,42.80216280189557,-0.05996776866331931,40.76073785024805,,
2025-03-11,KEGC,1477.0,100420.0,-0.6965269997604354,2.9073428120230593,-0.29999998500000075,0.0,-0.021712557361017078,-0.3145070886397606,45.29634321884014,-0.005749614458737743,46.32940539433851,-0.015390295644324075,45.747039299069506,45.29634321884014,-0.050253404047242906,42.74178874031864,,
2025-03-12,KEGC,1482.0,3270.0,-0.08830356591144418,-0.517225532841601,0.7721518412396298,0.0,-0.025760733564680935,-0.38739584039670616,44.21508420203905,-0.003798968575284371,47.57327674248965,-0.023701669237195504,43.278599985889954,44.21508420203905,-0.05399870830923457,41.974881206254395,,
2025-03-13,KEGC,1478.49,47710.0,-0.3187030601361524,2.1631218739270315,0.476521697693767,0.0,-0.021803328814566023,-0.3161414586897496,45.27204574737461,-0.0007656387517637913,49.512971995898056,-0.021797014585988476,43.84178634428657,45.27204574737461,-0.049312708888315654,42.93497486795321,,
2025-03-14,KEGC,1469.3,54240.0,-0.8681715904768428,2.291399170633657,-0.38527516902965886,0.0,-0.01103623078260998,-0.12227629667342076,48.16667780324283,0.004137141269085083,52.64866933689451,-0.015930313187685716,45.58588630263954,48.16667780324283,-0.0440476184804555,44.02005874466193,,
2025-03-17,KEGC,1480.0,19570.0,0.00849459546344003,1.271978472942643,0.9999999305073016,0.0,-0.01697257614757615,-0.22916215882015703,46.567972932178535,-0.0014973723723723416,49.044701363819705,-0.021188642213642146,44.02201770487643,46.567972932178535,-0.0512390283140283,42.539613041119814,,
2025-03-18,KEGC,1473.1,4940.0,-0.45121817837003536,-0.2018655016316031,-0.9999999197431847,0.0,-0.009226680345842255,-0.08969474242737266,48.654903492886156,-0.0007879046239816106,49.498721343955545,-0.014778342912527564,45.929766781696586,48.654903492886156,-0.0482856682215347,43.146139218414305,,
2025-03-19,KEGC,1481.01,4019.9999999999995,0.0985559050899567,-0.3107340342663854,0.9999998735777657,0.0,-0.015587789984698366,-0.2042286258452092,46.94039807312089,-0.0055712008471696,46.4430086099384,-0.023490134186097578,43.34106575287758,46.94039807312089,-0.05659616034231465,41.44525752795876,,
2025-03-20,KEGC,1482.0,3250.0,0.16825562681562267,-0.5233599124516044,0.9999998437500244,0.0,-0.01418973234367977,-0.17905613551589084,47.31673832053283,-0.0025494425165477797,48.371747041803445,-0.02347423526765632,43.34576152108794,47.31673832053283,-0.05554353833301202,41.65965749011457,,
2025-03-26,KEGC,1480.0,4760.0,0.04069354661173939,-0.07874877484599706,0.0,0.0,-0.011535017160017164,-0.13125711040620097,48.032160322372974,-0.0018823788073788076,48.79837978498516,-0.019446160446160446,44.53908789343387,48.032160322372974,-0.057243500643500644,41.31356628576698,,
2025-03-27,KEGC,1482.45,8540.0,0.21486397726265316,0.5657807846802761,0.2432431994156663,0.0,-0.01191355678903485,-0.13807284165442688,47.930091068915715,-0.0035337102833308746,47.74269183554846,-0.019740852457884258,44.45155369916375,47.930091068915715,-0.061221582194211976,40.507079620747824,,
2025-03-28,KEGC,1476.61,47420.0,-0.17936271386125816,2.196062487158495,0.2760241587626403,0.0,-0.006570715489135579,-0.04187321654110985,49.371934788386405,-0.0009212643304703154,49.41336996008229,-0.016470825492819554,45.4246781625573,49.371934788386405,-0.05732140440356567,41.297726320822335,,
2025-03-31,KEGC,1477.49,6720.0,-0.0863254918401393,0.2421086866786963,0.2424241812060218,1.0,-0.009763653767914209,-0.09936312653230776,48.50999440201418,-0.008266630475408375,44.731317973287226,-0.015431971921599837,45.73459897651587,48.50999440201418,-0.055160511727471745,41.737751848798844,,
2025-04-01,KEGC,1483.0,40180.0,0.3118235792188037,2.0303876273387758,0.9999999166666736,1.0,-0.014134212075479796,-0.1780564747198404,47.33169028795787,-0.013966331117747185,41.157355377032914,-0.014604570047843816,45.9816750792353,47.33169028795787,-0.05941895342987724,40.87192429636613,,
2025-04-02,KEGC,1482.0,5240.0,0.22083525198700302,-0.16256605554684656,-0.22279789860131122,1.0,-0.012793792172739541,-0.15392177093583087,47.69281305297636,-0.013430208534155975,41.49018488127092,-0.012566109183214446,46.59121215147385,47.69281305297636,-0.05719952766531717,41.32250798889526,,
2025-04-03,KEGC,1482.0,4260.0,0.22345990575343536,-0.3696174927666932,0.5991982767137729,1.0,-0.012114266435319064,-0.14168668523415887,47.875978766662286,-0.011324943769680611,42.80440862275559,-0.00953165606323501,47.50040306322026,47.875978766662286,-0.060733307628044506,40.60580268564914,,
2025-04-04,KEGC,1480.0,3550.0,0.09353530456716844,-0.5519380907050324,-0.199999960000008,1.0,-0.012104365079365072,-0.14150840804465945,47.87864810481785,-0.009311636636636637,44.070823119844896,-0.009152638352638381,47.61409431754148,47.87864810481785,-0.056594734019733986,41.44554782671421,,
2025-04-07,KEGC,1470.0,38450.0,-0.5748824172274696,1.8609352558674876,-0.5444015023628129,1.0,-0.0052386621315192675,-0.017889155169861507,49.73166524863682,-0.0004999999999999935,49.68299214030215,-0.00023339002267579873,50.29412342091262,49.73166524863682,-0.0500156462585034,42.790595277140206,,
2025-04-08,KEGC,1467.03,45740.0,-0.7226965088894874,1.7908829289147445,-0.6616666115277869,1.0,-0.0004543654201896903,0.0682536898495962,51.023662287787275,-0.003412457246792366,47.820151227517485,0.0031673792336508987,51.31636825216203,51.023662287787275,-0.04660430627088158,43.492370179994815,,
2025-04-09,KEGC,1466.87,73410.0,-0.6511045927287683,2.2639695312912296,-0.05890410555452241,1.0,-0.042552259932903166,-0.6897328275974697,39.79917923001361,-0.003721671021582323,47.62263953078135,0.004609552847705992,51.749591690016594,39.79917923001361,-0.05122446547724274,42.542598437996816,,
2025-04-10,KEGC,1470.0,7260.0,-0.34718405713623146,-0.6605965592637453,0.4545454132231443,1.0,-0.04938446712018141,-0.8127489782222446,38.044746814950564,-0.006174319727891156,46.05913365707585,0.003797789115646332,51.50576914562129,38.044746814950564,-0.049910941043083905,42.81209345209413,,
2025-04-11,KEGC,1471.0,8840.0,-0.22108880276916595,0.11242376522954374,0.9999998461538698,1.0,-0.04798498969494891,-0.7875509242084646,38.40174704428488,-0.004876287322089429,46.88582959345537,0.0004751613199097896,50.507157138222226,38.40174704428488,-0.05186110086001322,42.41213858034344,,
2025-04-14,KEGC,1473.99,4660.0,0.029544892323222816,-0.5278454130988026,0.5540740330315544,1.0,-0.04688975450986778,-0.7678308523774511,38.682013062132995,-0.0051380314656137484,46.71897653735726,-0.0022485278620162745,49.68821778502842,38.682013062132995,-0.0552862656802285,41.712107592556336,,
2025-04-15,KEGC,1466.67,57500.0,-0.4632191537922526,1.984919825659711,-0.5638370901423568,1.0,-0.03991697927147579,-0.6422837274899169,40.48323170585694,-0.003585388572168879,47.70968176412223,0.003450900249577305,51.40155455636774,40.48323170585694,-0.04901455158218801,42.99625126768855,,
2025-04-16,KEGC,1466.0,7460.0,-0.41236087846242064,-0.057307180054334765,0.1135857208049597,1.0,-0.03646953647761969,-0.580211379510048,41.38367340636678,-0.002461125728144827,48.42821937248986,0.004598826306329719,51.746370367813476,41.38367340636678,-0.05264844193248014,42.250942319887024,,
2025-04-17,KEGC,1465.5,4160.0,-0.4642611383446779,-0.5705427902792422,0.14613176328602473,1.0,-0.034756195268963945,-0.5493621042439105,41.83337519895252,0.0005867154879693262,50.37857061386064,0.003568956637585099,51.437023231035305,41.83337519895252,-0.051928126675439924,42.39840971176077,,
2025-04-18,KEGC,1468.39,25200.0,-0.23618806106119666,1.282361472213695,0.9999999037536186,1.0,-0.037340781040610685,-0.5958984260901755,41.155542143681146,-3.550708599220961e-05,49.98030270043023,0.001563956744764233,50.83447681825939,41.155542143681146,-0.05154177789960439,42.477561410086714,,
2025-04-21,KEGC,1471.0,11740.0,-0.0429786918935285,0.46694086627621056,0.9999999090909174,1.0,-0.03225497528945863,-0.5043268110640651,42.49229712133633,-0.0024868570133695896,48.41176561733261,0.002453218844755245,51.10175989466125,42.49229712133633,-0.053294757642463275,42.11874196372708,,
2025-04-22,KEGC,1466.0,5580.0,-0.3752567017242421,-0.36025165845448015,-0.0345937220761335,1.0,-0.030215775027609942,-0.4676103357451145,43.031496970218,0.002549739058879515,51.63449660031646,-0.036336407782758394,39.59296398285825,43.031496970218,-0.05119660343446161,42.548310337645844,,
2025-04-23,KEGC,1467.0,3640.0,-0.2965977542867322,-0.7874547856598748,0.272871895555146,1.0,-0.03289707128250073,-0.5158879618357674,42.322878677241796,0.006415904664524298,54.100522388835415,-0.04176120605706495,38.04356679039492,42.322878677241796,-0.052189275976239236,42.34492982364656,,
2025-04-24,KEGC,1471.0,7170.0,-0.015284840423142028,-0.1095355907593987,0.4336916785498971,1.0,-0.04033615589222318,-0.6498311412176888,40.37416905296218,0.005048192030041113,53.22979717957303,-0.042336973821933035,37.88047978147751,40.37416905296218,-0.05032519962664424,42.72705343171712,,
2025-04-25,KEGC,1473.0,11720.0,0.1369101607511869,0.4652358198307062,0.503330113860141,1.0,-0.038923344809750106,-0.624393010294277,40.742132409980606,0.006737110044289271,54.30466824629203,-0.04058459088998804,38.37768167393688,40.742132409980606,-0.05590942440112502,41.58509693692724,,
2025-04-28,KEGC,1472.0,8280.0,0.1133441885637839,0.11778275449763517,0.5211072303731985,1.0,-0.03893083160800552,-0.6245278125736341,40.74017971230629,0.00643610679779155,54.113366221803425,-0.037805641821946234,39.17111902816351,40.74017971230629,-0.05455590493443756,41.86110788965547,,
2025-04-29,KEGC,1474.35,5120.0,0.27942480620465404,-0.42990234701331476,0.9478622577828716,1.0,-0.029369517196439952,-0.45237318353748734,43.25575606269582,0.006887345230424384,54.400102801919246,-0.036378598034323376,39.58082841041801,43.25575606269582,-0.05680760016116862,41.40222986492201,,
2025-04-30,KEGC,1481.0,69660.0,0.8311885476536919,2.247564272656796,0.777406745831567,1.0,-0.03206073813275029,-0.5008295068003634,42.54358197993512,0.0036387085624256387,52.33042221708833,-0.03939904075967546,38.715447098286916,42.54358197993512,-0.061217559188879236,40.50789271010199,,
2025-05-02,KEGC,1483.0,46390.0,0.8344044430971271,1.7740237282324336,0.49874674216873743,1.0,-0.033793744715238244,-0.5320328636280115,42.086592027200375,0.0035597844352396554,52.28001147707065,-0.04135311386186302,38.15932333254738,42.086592027200375,-0.06253810781449014,40.24127885949949,,
2025-05-05,KEGC,1487.5,55110.0,1.0599793905803048,1.862228799568773,0.9756096073766062,1.0,-0.034443207282913224,-0.543726652012975,41.91567453278049,0.0018490429505136122,51.186351638668505,-0.03754731559290382,39.24517424469263,41.91567453278049,-0.065541690009337,39.63703332320455,,
2025-05-06,KEGC,1486.05,47260.0,0.8469212649413675,1.5254621198914693,-0.5550846281600582,1.0,-0.034394569296040435,-0.5428509089690039,41.92846780954156,0.00021986698518446784,50.143763338616154,-0.037915562949718054,39.13962267284688,41.92846780954156,-0.06451391820918667,39.84344957272807,,
2025-05-08,KEGC,1489.1,38390.0,0.9554390224343986,1.3175949472809305,0.5721648747209996,1.0,-0.0363983951369368,-0.5789304561362091,41.402317907877965,-0.0024937156565220065,48.40737994664385,-0.0418980223219948,38.004788792384616,41.402317907877965,-0.06784087946485194,39.17661124558066,,
2025-05-12,KEGC,1491.01,8390.0,0.9605560829197424,-0.2031591933069201,0.2769830589098875,1.0,-0.03931544289302989,-0.6314528659968741,40.63990533761291,-0.003132897339323514,47.99878024044963,-0.04785533269075195,36.33172897419544,40.63990533761291,-0.06861057085997845,39.02290223134391,,
2025-05-13,KEGC,1492.9,19740.0,0.9545426018161767,0.8291407459936603,0.26086950850669305,1.0,-0.04356897587735393,-0.7080391345253471,39.536311163950884,-0.0037322185859630366,47.61590350249366,-0.04638519521502313,36.74171791934288,39.536311163950884,-0.07097647313686906,38.55180120110142,,
2025-05-14,KEGC,1494.88,16140.0,1.0359819568716622,0.4510996151982934,0.945945732895155,0.0,-0.04318079722702174,-0.7010498495095908,39.63660281050001,-0.0063989433562858175,45.916281454399986,-0.04832963240453347,36.19987662540864,39.63660281050001,-0.07245164196436008,38.25913982898735,,
2025-05-15,KEGC,1491.0,7540.0,0.7252333021029489,-0.4419264068813777,-0.8018016212158289,0.0,-0.043650905432595574,-0.709514303271253,39.51515468012876,-0.003804381846635361,47.569819963982155,-0.03481491728146652,40.03145031892118,39.51515468012876,-0.07006093226022804,38.73385569993295,,
2025-05-16,KEGC,1490.03,10380.0,0.6432827045492981,-0.12226853202505635,0.16162487799265224,0.0,-0.04535249773121642,-0.7401520355254599,39.07665460536088,-0.0004965614386798368,49.685193022927464,-0.03242052761747951,40.72472236547112,39.07665460536088,-0.06981347328524004,38.7831170083759,,
2025-05-19,KEGC,1491.0,23050.0,0.5602865483430366,0.7352343778383192,0.21836503713717745,0.0,-0.045967767717415606,-0.7512301751694268,38.918528928749595,-0.04270567851553767,25.09994735319846,-0.03345171026156936,40.42568323871608,38.918528928749595,-0.06969344399731724,38.8070193368865,,
2025-05-20,KEGC,1492.0,11850.0,0.5772525184352373,0.0101781865852076,0.9999997777778271,0.0,-0.04394174432954594,-0.7147509538256168,39.440083766622955,-0.04804426145793438,22.618586174511073,-0.031792292225201135,40.90724725281174,39.440083766622955,-0.07100888335673858,38.54536229123978,,
2025-05-21,KEGC,1489.99,12450.0,0.4141869554177349,0.05404481362850987,-0.5686955532703354,0.0,-0.04327256452237829,-0.7027021500207682,39.61288548397145,-0.044733671148533334,24.13646572842389,-0.03138305243233229,41.0262813604688,39.61288548397145,-0.07036847361658016,38.67266598378105,,
2025-05-22,KEGC,1489.99,66920.0,0.3390947288160553,1.7358206980493882,0.29352515873919005,0.0,-0.04173401957688651,-0.6750001392986662,40.0111611075129,-0.041702802365137855,25.585751566047183,-0.03137432227360213,41.0288218210053,40.0111611075129,-0.0710372035308216,38.53973627540762,,
2025-05-23,KEGC,1493.95,104710.0,0.5343577659730216,2.1538637273994063,0.7522122562456063,0.0,-0.04781772660311941,-0.7845392969064156,38.44449966709834,-0.04215316696655355,25.36682913196911,-0.03561665746287808,39.80018875830956,38.44449966709834,-0.07425202786158142,37.90311025950907,,
2025-05-26,KEGC,1432.0,236040.0,-3.740974317414297,2.804089570606994,-0.540788755526894,0.0,-0.0029106987674026447,0.024026595333485393,50.36039268862853,0.002504212113150667,51.60538608875559,0.0035383923029174424,51.427840668042215,50.36039268862853,-0.03459259554846147,45.982385818357464,,
2025-05-27,KEGC,1425.0,47990.0,-3.157020713340593,0.9839583920821406,-0.9999999234889118,0.0,0.0019499582289055906,0.11154433254534857,51.672540735295634,0.008868045112781962,55.655030872054134,0.010292815371762742,53.453645389542636,51.672540735295634,-0.029296282372598167,47.087468581009674,,
2025-05-28,KEGC,1428.0,18050.0,-2.7795202093820057,-0.1700111982084419,0.49999987500003124,0.0,0.001196732026143791,0.09798224558375783,51.46931052375919,0.0060671335200746974,53.878701035640916,0.0049892857142857135,51.86362092363503,51.46931052375919,-0.031084617180205415,46.71395623725908,,
2025-05-29,KEGC,1432.5,22820.0,-2.4119784510217666,0.06447997001642905,0.5555555144032953,0.0,-0.006894770630765396,-0.04770793656946237,49.284429810936835,0.009887663093160482,56.298338069807244,-0.0006600203606748033,50.16584669378905,49.284429810936835,-0.03426684326435635,46.050251751368435,,
2025-05-30,KEGC,1435.6,8780.0,-2.1361321429923827,-0.9601846696644829,0.8697828264135183,0.0,-0.005599726014674405,-0.024390229832539134,49.63415308157539,0.006318557585567972,54.03862480086371,-0.0028435571432993464,49.50931567234846,49.63415308157539,-0.03442547986130448,46.01720018966432,,
2025-06-02,KEGC,1439.99,5150.0,-1.8128272269682852,-1.4936608509724567,0.9530330815982645,0.0,-0.010009266995571137,-0.10378547394957313,48.44372075859298,0.001175624221707001,50.755471819420315,-0.0031527102618768184,49.41637004952544,48.44372075859298,-0.03881448407875849,45.10425130209126,,
2025-06-03,KEGC,1441.99,383770.0,-1.581535801250463,2.8922739589971256,0.368998577640808,0.0,-0.01288525582261375,-0.15556860420964727,47.6681637154772,-0.005108424862488858,46.737846136668935,-0.005239340543717327,48.78917085050368,47.6681637154772,-0.03848679828702333,45.17230661238699,,
2025-06-04,KEGC,1441.0,21480.0,-1.0756923529850433,0.009354580128039497,0.20300750353327454,0.0,-0.010834666181994426,-0.11864705935811863,48.22104532318529,-0.0016561225670004296,48.943128969914916,-0.002986653338180087,49.46629392507193,48.22104532318529,-0.03418341649868368,46.06763491732995,,
2025-06-05,KEGC,1450.99,54070.0,-0.26441731351801734,0.9645014407231564,0.8831290402329093,0.0,-0.021924599753293795,-0.31832498206016513,45.23958776897135,-0.009260849149847013,44.102876746384815,-0.013576801802097499,46.288857876565444,45.23958776897135,-0.04399253174378924,44.03144372136951,,
2025-06-09,KEGC,1448.98,16170.000000000002,-0.29937878346811037,-0.2426179767652517,0.6051079955689634,0.0,-0.020175782006039557,-0.2868369399802806,45.70803437391457,0.0034098550879907916,52.184235283987626,-0.009349053105118042,47.5551740157141,45.70803437391457,-0.04375393112878311,44.080763415057106,,
2025-06-10,KEGC,1446.0,13430.0,-0.4141328197488988,-0.3414051466407736,0.0,0.0,-0.015761922874267274,-0.20736394612820983,46.893547080778006,0.007271856681815188,54.64420894311145,-0.007417723770005933,48.13480218215657,46.893547080778006,-0.04104611736810907,44.64127511502124,,
2025-06-11,KEGC,1438.98,492980.0,-0.8722937008926966,3.2615684678659425,-0.5742856732653064,0.0,-0.01087871226907419,-0.11944012372723282,48.209164517211676,0.01179030583171021,57.49296458481636,-0.0011197965622474788,50.02760146599119,48.209164517211676,-0.03585650520309029,45.719211196336005,,
2025-06-12,KEGC,1443.0,14070.0,-0.28736051119482225,-0.33986621419029056,0.9375671757193644,0.0,-0.014992680592680656,-0.1935134843689694,47.10055430987886,0.011355016830016766,57.22037517785997,-0.008788027588027587,47.723487377435625,47.10055430987886,-0.02762871002871,47.43605340520803,,
2025-06-13,KEGC,1442.0,9390.0,-0.3201421530874623,-0.744263010513628,0.7714791167866207,0.0,-0.014639331946370848,-0.18715132509803195,47.19567619972262,0.011110433040530141,57.06701670663313,-0.00462187548158422,48.97473763634974,47.19567619972262,-0.027941997996609638,47.37054443404145,,
2025-06-16,KEGC,1458.4,197250.0,0.8302707935585365,2.3005556812095582,0.9999999509803945,0.0,-0.021360441971632393,-0.3081671345677438,45.39061767878433,-0.00029011201664799627,49.817334791773014,-0.017261072364583185,45.189159992063416,45.39061767878433,-0.0410313376694617,44.64433835616426,,
2025-06-17,KEGC,1461.0,52010.0,0.9340860316854263,0.8535962298263348,0.6012809766788638,0.0,-0.027418948208989283,-0.4172525436349032,43.77369784320423,-0.0037658119031322313,47.59445026295211,-0.020471549982073595,44.23465969751515,43.77369784320423,-0.04315399840292037,44.20482330561729,,
2025-06-18,KEGC,1460.4,68100.0,0.9043196931973166,1.1231369912276574,0.2720847736060538,0.0,-0.026326217213809722,-0.39757756057149873,44.064456502971986,-0.006433816566889759,45.89410935797408,-0.018697880554577412,44.7615051688005,44.064456502971986,-0.042272366018442455,44.387266663772,,
2025-06-19,KEGC,1463.85,7350.0,1.1289968740923448,-1.5721427911021806,0.6581195456205852,0.0,-0.029355389896505726,-0.452118816828605,43.259502182927456,-0.007074485700623051,45.48707543702831,-0.02513823149815305,42.85496160365112,43.259502182927456,-0.04386765452158932,44.057254875364386,,
2025-06-20,KEGC,1462.48,9420.0,1.04985640504548,-1.3240107945438087,0.5182926302548322,0.0,-0.028429561527581342,-0.43544897076533545,43.50516915142507,-0.009217635861849812,44.13015392311173,-0.023827895928898397,43.241335725884426,43.50516915142507,-0.043490353632837646,44.13525950910514,,
2025-06-23,KEGC,1462.48,16250.0,1.1562691144613566,-0.30974312637461365,0.49599995040000866,0.0,-0.02843679605332278,-0.43557923079462213,43.503248229155815,-0.011617271857414634,42.6212686348189,-0.02149416431580018,43.931486251200674,43.503248229155815,-0.04384255611038611,44.06244291066488,,
2025-06-24,KEGC,1460.0,13200.0,1.181897914998452,-0.4036937351368179,-0.6666665555555741,0.0,-0.0268166394868449,-0.4064077758380639,43.933911199035066,-0.009927489671667754,43.682539305604585,-0.01982809306370949,44.425646660983695,43.933911199035066,-0.043114405305501265,44.21301331127922,,
2025-06-25,KEGC,1455.5,4470.0,0.7367983176585371,-1.3445975935665353,-0.7872338750566243,0.0,-0.023681439858664177,-0.34995746935187216,44.7698400210008,-0.004115618780433271,47.3711121118132,-0.018054401612929673,44.95293973117908,44.7698400210008,-0.03744433607062422,45.38892892903867,,
2025-06-26,KEGC,1458.0,4580.0,0.8609295384893183,-1.2639181512573239,0.146131791200399,0.0,-0.026759024103468546,-0.4053703918001607,43.94924349959317,-0.0064938124632569205,45.85596827643594,-0.020101597099745315,44.34444639548529,43.94924349959317,-0.03794949539486573,45.283935148314114,,
2025-06-27,KEGC,1453.5,10620.0,0.5312521957734643,-0.35327737258738584,-0.9999998461538698,0.0,-0.023206934001670815,-0.34141383442157863,44.89662601465619,-0.0018405781610890285,48.82512062733272,-0.012449212492014361,46.62619903392747,44.89662601465619,-0.03128860877684401,46.67137307224649,,
2025-06-30,KEGC,1449.99,9400.0,0.2694208209064134,-0.38032677467775006,-0.6805777944961636,0.0,-0.02196997447273036,-0.31914196889439916,45.22744433507352,-0.0030379854836437665,48.05943746575168,-0.01435044729372519,46.05760064059095,45.22744433507352,-0.019430789079333606,49.15271706205871,,
2025-07-01,KEGC,1450.0,9290.0,0.26374994676600433,-0.39209782171094354,-0.460188871769389,0.0,-0.0221821565407772,-0.322962377223252,45.170666557649966,-0.00018241652983029153,49.88626840847908,-0.013668869731800773,46.26132846727517,45.170666557649966,-0.02189934318555009,48.63540059572077,,
2025-07-02,KEGC,1453.99,7980.0,0.5363215079513852,-0.5440967124620167,0.6156968043711892,0.0,-0.025053057923696997,-0.3746539063688763,44.40373725632623,-0.003066403477371584,48.041275199765266,-0.01710660297165862,45.23518007667216,44.40373725632623,-0.021272404861412006,48.76676008051057,,
2025-07-03,KEGC,1453.02,5530.0,0.35553278204168315,-0.8786979507643259,-0.9833329236112975,0.0,-0.024802376216759632,-0.37014029930542197,44.47060330824167,-0.001029257847858405,49.34425564247091,-0.016442968536466894,45.432984202882146,44.47060330824167,-0.019920278290666844,49.05012051529255,,
2025-07-04,KEGC,1455.3,20190.0,0.5009699737533578,0.5278073004948222,0.97297284149012,0.0,-0.025602578506149904,-0.38454820624729824,44.25723108907717,-0.007408766233766202,45.27493392650369,-0.018011114546828796,44.96582303758444,44.25723108907717,-0.020837916580773684,48.85780650209822,,
2025-07-08,KEGC,1450.05,27910.0,0.13930935070387732,0.8516043015981272,-0.7959182899982307,0.0,-0.022696873096329978,-0.33223001908353506,45.03298612241957,-0.0003557179062790624,49.77534216487084,-0.014470802730940218,46.02163912564913,45.03298612241957,-0.018525301713733976,49.34252465738047,,
2025-07-09,KEGC,1454.2,7440.0,0.4230439303063421,-0.4705050288550874,0.5333332888889002,0.0,-0.02622524188284403,-0.39575946633299397,44.09134533874768,-0.004525045353033344,47.10984328540822,-0.017250814171540375,45.19221589618894,44.09134533874768,-0.020268623778306075,48.977112402482874,,
2025-07-10,KEGC,1454.01,19680.0,0.4047667487605313,0.6750173773954027,0.33555920942250056,0.0,-0.026788221784680186,-0.4058961057094978,43.941473422850905,-0.005844795010252429,46.26881556547321,-0.018494617250618232,44.82195936588361,43.941473422850905,-0.02130386630274698,48.76016768921181,,
2025-07-11,KEGC,1456.0,15620.0,-0.07987864376754819,0.4439681289804335,0.20079918073934186,0.0,-0.028830097680097675,-0.4426607566960027,43.39884768965614,-0.00584090354090354,46.27129257376985,-0.019372680097680065,44.56091951625637,43.39884768965614,-0.021997680097680113,48.61479818164844,,
2025-07-14,KEGC,1449.0,13720.0,-0.5842245199675505,0.31427083268936384,-0.9999999028182797,0.0,-0.026112474120082815,-0.3937290454588608,44.121378491244954,-0.005162698412698419,46.703255916127254,-0.01574544513457557,45.64104472439062,44.121378491244954,-0.015049378881987579,50.07127299189147,,
2025-07-15,KEGC,1454.0,10490.0,-0.24497327934065224,-0.12695566544247053,0.8779341349085567,0.0,-0.02917598906137421,-0.4488886454430179,43.30708039066526,-0.008207528765747523,44.76873099849602,-0.01938067236523217,44.55854484519868,43.30708039066526,-0.019316528569245213,49.176667032746515,,
2025-07-16,KEGC,1452.1,16610.0,-0.33407587038710734,0.45340466685069125,-0.31111107654323394,0.0,-0.02754959186093916,-0.419604825807546,43.73896381193138,-0.004553324249608878,47.0918032534391,-0.018215942182258145,44.9048672352992,43.73896381193138,-0.017344514403332602,49.59006806658324,,
2025-07-17,KEGC,1450.0,22650.0,-0.41152510705328765,0.7635594171923759,-0.7575756657484042,0.0,-0.026121524356869184,-0.39389199796618146,44.11896800555469,-0.0031177613574165175,48.00845310555188,-0.017181102900930424,45.2129837641443,44.11896800555469,-0.01729611384783799,49.60021540004049,,
2025-07-18,KEGC,1452.0,20400.0,-0.15572788968487636,0.6589346425359853,0.4366196568141256,0.0,-0.025490446674537523,-0.3825292355238774,44.28711821883341,-0.005788728191000981,46.304505137409954,-0.01778800013118195,45.03223810532713,44.28711821883341,-0.018759081070444703,49.293517965815774,,
2025-07-21,KEGC,1446.01,11700.0,-0.5375643723976582,-0.017789521561475508,-0.9966665005555863,0.0,-0.022692375590609864,-0.332149040005188,45.03418882437779,-0.0019958879129137914,48.7257688928026,-0.014351142991941805,46.057392758120066,45.03418882437779,-0.012856133168522944,50.53110429361454,,
2025-07-22,KEGC,1446.58,12990.0,-0.454121526697878,0.04245916307443469,-0.8050418815055921,0.0,-0.021356953400982717,-0.30810432169911406,45.39155186615049,0.0022155898466158213,51.420812787969396,-0.015430358193501558,45.73508066267382,45.39155186615049,-0.014939143923917209,50.09438556002112,,
2025-07-23,KEGC,1450.0,25690.0,-0.1572413934660161,0.732850131896036,0.34744943720408356,0.0,-0.020089272030651348,-0.28527929925434986,45.731227753940644,-0.004473604269293931,47.14266116586479,-0.0184745347564313,44.82793309802747,45.731227753940644,-0.01544937055281883,49.98740799035813,,
2025-07-24,KEGC,1449.98,11570.0,-0.1187573544785858,-0.06483550645283627,0.9920157700567397,0.0,-0.02294633864681667,-0.3367217288477684,44.96628434112615,-0.003768181093685602,47.592937292692525,-0.01914572043905587,44.62836433634336,44.96628434112615,-0.019627843717384626,49.11141366084271,,
2025-07-25,KEGC,1448.1,10200.0,-0.2393299124198248,-0.19086316056252256,-0.9333330222223866,0.0,-0.022768605907247864,-0.3335215920746241,45.01380445498721,-0.0031638972742607913,47.97896975901483,-0.019914735811457314,44.399920162500145,45.01380445498721,-0.03856573465723553,45.15591107888089,,
2025-07-28,KEGC,1447.61,7010.0,-0.25769986934071787,-0.5659125288294646,0.043999991199961744,0.0,-0.02176630540892628,-0.3154748400231932,45.28195580687676,-0.0028214634373262383,48.19783568516331,-0.019222731435931062,44.60547701416211,45.28195580687676,-0.04259868629113135,44.31972064190387,,
2025-07-29,KEGC,1454.27,46970.0,0.21302228399183087,1.3362571231193245,0.9723403220914322,0.0,-0.026020063183393914,-0.3920651559725662,44.145993270031035,-0.0074064130195250774,45.27642673555866,-0.0234409864748593,43.35558198557642,44.145993270031035,-0.05513415991943156,41.743126183279315,,
2025-07-30,KEGC,1448.01,9870.0,-0.2515625075132885,-0.30239056528448444,-0.9015871584782454,0.0,-0.010740771916531715,-0.1169564620465396,48.246372636523695,-0.003158506008739018,47.98241499707409,-0.019172332718696686,44.620455028414206,48.246372636523695,-0.055357761662064346,41.69752983980637,,
2025-07-31,KEGC,1449.01,15830.0,-0.17830579644908803,0.1700158375469442,-0.10666664296297226,0.0,-0.01244616082978602,-0.14766255360321084,47.78650941028482,-0.003777186355917,47.587186552908314,-0.01786036986336477,45.01069366088711,47.78650941028482,-0.058946090508100596,40.96779828996895,,
2025-08-01,KEGC,1448.0,4350.0,-0.23545418976017446,-1.2156260619639807,0.49999987500003124,0.0,-0.013479172147680435,-0.16626226412074574,47.5081321870837,-0.004460183723581514,47.151223482042454,-0.018484385687976848,44.82500282449547,47.5081321870837,-0.05867815487152504,41.02215336650613,,
2025-08-04,KEGC,1448.0,10610.0,-0.23052490858844166,-0.3240072079765362,-0.03870967117586067,0.0,-0.013833999824607557,-0.17265105382723803,47.41254761228328,-0.00397517100762954,47.460770444028846,-0.01676223143032535,45.33780571974283,47.41254761228328,-0.060118894150662114,40.73013734945994,,
2025-08-05,KEGC,1447.99,5730.0,-0.20653260537443174,-0.8461737150439952,0.7114284697959354,0.0,-0.013353315463460705,-0.1639961728856998,47.542040272746554,-0.005141518689235012,46.71675403699371,-0.013135031352163389,46.420983695105406,47.542040272746554,-0.060862262652651405,40.57972216384943,,
2025-08-06,KEGC,1447.9,7960.0,-0.2147983186425833,-0.43882145552773083,0.28104572101899955,0.0,-0.012528960305949488,-0.14915338556309982,47.76419120061767,-0.00528628785860642,46.62450039787114,-0.01595219751758718,45.57935746721653,47.76419120061767,-0.06880424599611705,38.98425906392217,,
2025-08-07,KEGC,1448.0,9070.0,-0.19677559489718716,-0.3082784204456653,0.4999999375000079,0.0,-0.013159265105673945,-0.16050223199837768,47.594325407798586,-0.005492920722616855,46.49286447767832,-0.017141502236253624,45.2247820452737,47.594325407798586,-0.07203978119793038,38.34076499639666,,
2025-08-08,KEGC,1446.0,24350.0,-0.31370990698184636,0.7385134041719225,0.4999999375000079,0.0,-0.012124596588289533,-0.14187268305579379,47.8731938406793,-0.004527678983073111,47.108163174812326,-0.015103260225251925,45.83273337839759,47.8731938406793,-0.06395474214582103,39.955906080293694,,
2025-08-11,KEGC,1446.7,7700.0,-0.2201916906097268,-0.4127968139546644,0.1304347389850702,0.0,-0.013583156932965216,-0.16813454457984778,47.48011852181365,-0.004250484957006728,47.285032876070545,-0.015276613140359977,45.78097609270277,47.48011852181365,-0.06595980512847521,39.55316471993137,,
2025-08-12,KEGC,1445.0,12240.0,-0.33453503530863665,0.09866535213706404,0.6661100724357146,0.0,-0.009791711978909146,-0.0998683239034358,48.502423205283065,-0.0037674383478881754,47.59341161130495,-0.0030976190476190157,49.43293272124967,48.502423205283065,-0.06846463448124349,39.052029397484084,,
2025-08-13,KEGC,1444.7,11030.0,-0.33112582976046157,-0.0533988943071771,0.7999997333334525,0.0,-0.008358888235158393,-0.0740698583931687,48.88913495571462,-0.004252111714301128,47.28399468486978,-0.0039034602669198396,49.190678190916444,48.88913495571462,-0.06965823744370511,38.81403130306794,,
2025-08-14,KEGC,1444.5,9500.0,-0.32196343235174224,-0.17351068572601622,-0.24999993750001562,0.0,-0.0046354027592344724,-0.007027270602751804,49.89459109711943,-0.004813022301340052,46.92616950222839,-0.005504352717203184,48.709536673818185,49.89459109711943,-0.07206862977797557,38.33504545577428,,
2025-08-15,KEGC,1443.9,7270.0,-0.34754480583555153,-0.3976393618534576,0.8999995500003158,0.0,0.005243897809833708,0.17085280439480732,52.560550132508645,-0.0050907718513682094,46.74909762688476,-0.005443042569891791,48.72795934696897,52.560550132508645,-0.07241827012819124,38.265751211773136,,
2025-08-18,KEGC,1445.0,7770.0,-0.24554471761527896,-0.2920158690917387,0.026086951984893733,0.0,0.001992769264568567,0.11231515940512612,51.68409011081526,-0.007920084308233096,44.95077503446444,-0.00573620310869442,48.6398727232991,51.68409011081526,-0.0745850826605152,37.83738936830433,,
2025-08-19,KEGC,1444.0,15150.0,-0.3151561149226767,0.4119211161797875,0.33333322222225925,0.0,0.006141065382755134,0.18700660334453337,52.80215979745939,-0.006879716835949529,45.61075596043292,-0.004275019786307906,49.078990908256614,52.80215979745939,-0.07675256782306644,37.41078476863245,,
2025-08-20,KEGC,1443.0,12690.0,-0.37271039138554957,0.23473502857664205,-0.34228164947539486,0.0,0.007528286803286811,0.21198398393916684,53.175479996586674,-0.005857717057717058,46.260590522042534,-0.004139006864006863,49.11987410040493,53.175479996586674,-0.07753697323697323,37.25687511269007,,
2025-08-21,KEGC,1441.99,11540.0,-0.41190277122674185,0.1397401184143765,-0.007518795108064546,0.0,0.008931903725528333,0.2372565709660149,53.55285081819582,-0.005174317045546741,46.69585141097604,-0.0037897331476551936,49.22486515537233,53.55285081819582,-0.07623525066274704,37.51242832575075,,
2025-08-22,KEGC,1440.99,9420.0,-0.455268479135698,-0.06324381336441522,0.994871539776533,0.0,0.00826174537247705,0.22519014811881058,53.37272279808965,-0.00247563257601663,48.41894299142433,-0.004064592918757321,49.14224217994026,53.37272279808965,-0.07798682431126226,37.16872515108813,,
2025-08-25,KEGC,1438.0,10070.0,-0.6430244851560194,0.038982361304417894,-0.7499999062500118,0.0,0.011579112303243076,0.28492043715229237,54.263428501440735,-0.0017234651301410687,48.90004408035628,0.0006557283043027769,50.561443941598064,54.263428501440735,-0.07967276806411014,36.83912133226635,,
2025-08-26,KEGC,1438.51,12620.0,-0.5813586280267684,0.23570201079632375,-0.6976976278580974,0.0,0.010032820004561606,0.25707893277304544,53.84855653138095,-0.00034455062243085284,49.7824900326224,0.0015269483453613595,50.82335216495565,53.84855653138095,-0.07601791250492544,37.55516429968523,,
2025-08-27,KEGC,1439.0,10950.0,-0.4028513715941177,0.09375877589254979,0.3749998828125455,0.0,0.010395675182280451,0.2636122602869353,53.9459610187313,0.002964148107702653,51.89942159961865,0.00478670538402998,51.80279081573118,53.9459610187313,-0.07326695291042061,38.097751919058375,,
2025-08-28,KEGC,1439.0,12280.0,-0.37243424982215867,0.171951888744861,0.3939392745638478,0.0,0.012459018057072259,0.30076343133874023,54.49924821542227,8.17882237443739e-05,50.0553816097424,0.014291913476069095,54.64814555566178,54.49924821542227,-0.06900025590963743,38.94516412579366,,
2025-08-29,KEGC,1441.9,10250.0,-0.12626567643924533,-0.008742154481863773,0.379999962000022,0.0,0.009639771432534392,0.25000196320611195,53.74301381743902,-0.003055060975542701,48.0485242610703,0.00975482096484239,53.29261721716577,53.74301381743902,-0.07380351162542376,37.9916850371003,,
2025-09-02,KEGC,1440.0,13430.0,-0.24606158786665702,0.2528045078619764,0.0,0.0,0.011645238095238094,0.2861110539127718,54.28115736235439,-0.0010646825396825395,49.32158487574363,0.014563095238095238,54.728967685552696,54.28115736235439,-0.06912123015873016,38.92104242917981,,
2025-09-03,KEGC,1442.5,14850.0,-0.04314733616296984,0.337145565758868,0.09289616640289743,0.0,0.008418333058237738,0.22800956120297314,53.41481915319727,-0.002484933701961431,48.412995458340966,0.013464985144837837,54.401540975421526,53.41481915319727,-0.06754111028582434,39.23653409749805,,
2025-09-04,KEGC,1447.76,5680.0,0.3325588539272651,-0.6600335568464583,0.27574747776883046,0.0,0.004636439894887434,0.15991532367812378,52.39689127266316,0.004876526868875086,53.120360067758476,0.010429929498092742,53.494673916410015,52.39689127266316,-0.07027892249088027,38.69047976970861,,
2025-09-05,KEGC,1443.61,7410.0,0.048624205102269946,-0.39415482826100984,-0.07573811607985009,0.0,0.009264507111415972,0.24324520496014346,53.642215265523554,0.006771637596026698,54.32660415683247,0.012005258229946757,53.96570496880364,53.642215265523554,-0.06823949826014868,39.09697921551783,,
2025-09-08,KEGC,1442.01,10750.0,-0.04971289615467079,-0.02207999086623827,-0.4846153224852144,0.0,0.00873217712643833,0.23366042747622448,53.4991769313649,0.006164521347682359,53.9406563459958,0.014336779383010721,54.66151894784353,53.4991769313649,-0.05333611406664176,42.11028655682959,,
2025-09-09,KEGC,1443.0,19050.0,0.047416092032444686,0.5629015998683127,0.33333327777778704,0.0,0.009961981486981492,0.2558034618293514,53.82953725695718,0.005138627363627364,53.287437578117334,0.012476739926739925,54.1065465610814,53.82953725695718,-0.055441759891759895,41.68040478175353,,
2025-09-10,KEGC,1443.5,26280.0,0.08850539372500789,0.8718218324049821,0.12499998437500197,0.0,0.005425724374728522,0.17412665184725798,52.60952657691994,0.005299911068225966,53.3902124362437,0.01286063360109081,54.22117541637513,52.60952657691994,-0.0523457266014592,42.31289940626056,,
2025-09-11,KEGC,1459.45,48200.0,1.1945659167644627,1.478372416762122,0.9999999485861208,0.0,-0.02584991080299333,-0.3890015060739657,44.19132294700398,-0.004932816001570561,46.84978844390966,0.003699976752494793,51.476385011280854,44.19132294700398,-0.06147314444123604,40.456246753311476,,
2025-09-12,KEGC,1458.0,13600.0,0.8898610150042048,0.1901459954715102,0.3961605238952378,0.0,-0.02919671761708799,-0.44926186994602596,43.30158241748233,-0.0044856310013717425,47.134988246448465,0.003979316088575347,51.56029948769834,43.30158241748233,-0.049237551440329215,42.95041896887992,,
2025-09-15,KEGC,1455.5,15570.0,0.6717226825164865,0.26796732689152514,-0.2329149070491653,0.0,-0.03545200362063983,-0.5618903638018347,41.65057772279186,-0.00311468253968254,48.01042068623184,0.006369788923241346,52.27799720689147,41.65057772279186,-0.04550801080193902,43.718467132265175,,
2025-09-16,KEGC,1455.0,9630.0,0.5972299789332238,-0.2568370589179926,0.1887072668122355,0.0,-0.03956809032891513,-0.6360018666603336,40.57407845075348,-0.003725969563083034,47.61989432758732,0.005296383570610375,51.95582459300942,40.57407845075348,-0.040424095892652584,44.77023022032827,,
2025-09-17,KEGC,1455.69,5680.0,0.6223966761332692,-0.7847680047982762,-0.23142853836733607,0.0,-0.04292761974439224,-0.6964913051791518,39.702061963176334,-0.0016064227927910883,48.9749272449284,0.004754855478452499,51.79322654753824,39.702061963176334,-0.03407175847552581,46.09090196780008,,
2025-09-18,KEGC,1456.8,5610.0,0.6762952306613031,-0.7528263440098666,0.43589738001314143,0.0,-0.0440823461729557,-0.717282536529845,39.40380965992747,-0.0011513990219920401,49.266090059553946,0.005640468345493088,52.05911743478284,39.40380965992747,-0.035786354305588186,45.7338120783019,,
2025-09-19,KEGC,1456.0,11960.0,0.5940452743510294,0.061644090577363836,-0.49999987500003124,0.0,-0.04497240537240538,-0.7333083468636336,39.17445415246175,0.0029630341880342507,51.89870962524728,0.004535561660561722,51.727370863813114,39.17445415246175,-0.033017857142857154,46.31059411476035,,
2025-09-22,KEGC,1455.5,6890.0,0.5174989402368775,-0.5083544405297751,0.0,0.0,-0.045374262785384395,-0.7405439225260283,39.071057002654754,0.01270181059255256,58.06228065592632,0.006789774555190219,52.40400189278868,39.071057002654754,-0.02894130473900313,47.161649509443784,,
2025-09-23,KEGC,1454.11,7210.0,0.39136005093215676,-0.462956668781753,-0.11199995520009795,0.0,-0.05240159767448429,-0.8670734119738785,37.27951690638249,0.011227418012086876,57.140385521608,0.0035901463017852728,51.44338926808902,37.27951690638249,-0.026990959513990546,47.56943500199137,,
2025-09-24,KEGC,1457.9,7250.0,0.6151599283656725,-0.4574241688120505,0.977358367627899,0.0,-0.05804996472421199,-0.9687741292863059,35.864168932179815,0.012012758294437358,57.63209551847153,-0.019172375383379285,44.6204423484672,35.864168932179815,-0.016644105105517133,49.7369140192543,,
2025-09-25,KEGC,1459.7,8760.0,0.6872849515048076,-0.21396888639532338,0.8888887242798845,0.0,-0.052531606706531425,-0.8694142676052288,37.24668259630807,0.011452649054872088,57.281553799922435,-0.02471761530146989,42.97889469003303,37.24668259630807,-0.011097178317788756,50.899821879358996,,
2025-09-26,KEGC,1464.9,18520.0,0.9911587026674743,0.5674754352025626,0.8153844899408756,0.0,-0.057463021854246545,-0.9582060287412504,36.0101503831083,0.008541325346439973,55.44848116198122,-0.03612672805554749,39.653295091252104,36.0101503831083,-0.00797471329100969,51.554096133648954,,
2025-09-29,KEGC,1478.57,12220.0,1.8261990647346702,0.1516985179044752,0.9999999273783641,0.0,-0.06992026923053385,-1.1825028888342657,32.97089482639094,-0.0021507064499578796,48.626741407735324,-0.049550155386623586,35.86153655017248,32.97089482639094,-0.005415578648975565,52.08994452307509,,
2025-09-30,KEGC,1475.01,17510.0,1.4696300627184098,0.43311355506944527,-0.6387519476598037,0.0,-0.0689876547568201,-1.1657108567092973,33.19393893166796,0.0014248481850486611,50.914951617147196,-0.050076926500256164,35.71594215677183,33.19393893166796,0.005170763854385502,54.30012040341832,,
2025-10-01,KEGC,1480.0,6790.0,1.6699214370657456,-0.5142064268878964,0.4513787443572003,0.0,-0.07466465036465036,-1.2679270406812064,31.84821042287156,-0.0030976190476190474,48.021325567321796,-0.053722404547404554,34.715700666214644,31.84821042287156,0.008350675675675677,54.96111439011333,,
2025-10-02,KEGC,1480.99,7500.0,1.6426710204789752,-0.3065033610775762,0.7724999034374916,0.0,-0.07602215768206103,-1.2923694090191828,31.530746412262793,-0.0030718067718965955,48.037821950638644,-0.055766659914426614,34.160583564071494,31.530746412262793,,,,
2025-10-03,KEGC,1481.99,5700.0,1.6504640954694418,-0.5809396427564374,0.9966609354489286,0.0,-0.07804594923417539,-1.328808445421887,31.060656864228285,-0.0017496679255916898,48.88328031326449,-0.05713954011535541,33.79018845870213,31.060656864228285,,,,
2025-10-06,KEGC,1480.0,11020.0,1.450018186001557,0.07830485867345884,-0.0010010009007997995,0.0,-0.07954595667095668,-1.3558165755507507,30.714730852849037,-0.0011344809094809096,49.276916785642214,-0.0636816066066066,32.05291495836694,30.714730852849037,,,,
2025-10-07,KEGC,1481.7,6980.0,1.4578506190196099,-0.3915186072020046,0.40540536888240253,0.0,-0.08204035559219304,-1.400729053319934,30.144266376298944,-0.0016620146742641485,48.93935921327767,-0.06786932794377118,30.966032418065232,30.144266376298944,,,,
2025-10-08,KEGC,1480.0,5610.0,1.2098291627709308,-0.4941082597859922,0.3406593032242458,0.0,-0.08035220935220935,-1.3703334217996888,30.529684935795466,-0.0019220613470613472,48.77299458067488,-0.06019214929214935,32.973748484990026,30.529684935795466,,,,
2025-10-09,KEGC,1481.02,4990.0,1.102859301673619,-0.48812411515025317,-0.06343282990365971,0.0,-0.08335315491489889,-1.4243664394230362,29.84646345636189,-0.002670436735686011,48.29438658827668,-0.06234408976074615,32.40427262899361,29.84646345636189,,,,
2025-10-10,KEGC,1484.0,27470.0,1.1814496652539337,1.3149976605377778,0.9999996428572704,0.0,-0.0887882000598981,-1.522226225270079,28.631772793648263,-0.0030325172207247677,48.062932354339374,-0.06778969751422584,30.986509692656572,28.631772793648263,,,,
2025-10-13,KEGC,1483.0,26380.0,0.9118338589284269,1.2745092541891103,-0.052631565096969146,0.0,-0.08423043862184118,-1.440162222787865,29.64840066678418,-0.003944194254460545,47.4805474497573,-0.06845450663070358,30.81578076484935,29.64840066678418,,,,
2025-10-14,KEGC,1484.0,16750.0,0.7959467658731986,0.820301545218818,-0.42766288908381256,0.0,-0.08183169362084458,-1.3969720254966471,30.19175577650739,-0.002707891584306679,48.27044060388012,-0.07151691374663073,30.03612656461173,30.19175577650739,,,,
2025-10-15,KEGC,1482.0,11230.0,0.5479172829442656,0.4204923526569858,-0.24906129548669728,0.0,-0.07637881080907397,-1.2987910665583622,31.44762388145831,-0.005405242272347541,46.548714367294465,-0.07091865400681191,30.187550849290812,31.44762388145831,,,,
2025-10-16,KEGC,1482.0,30570.0,0.48940427583158985,1.3244571904934017,-0.7329772052099862,0.0,-0.0790957232825654,-1.3477099744474095,30.81833672972977,-0.02514883201593728,34.43938995669345,-0.0722519086176981,29.85068843243831,30.81833672972977,,,,
2025-10-17,KEGC,1484.5,9510.0,0.5716735070115855,-0.039180218309795845,0.060070664302629695,0.0,-0.07732667137136655,-1.3158576095518746,31.227291107054754,-0.03100642525675365,31.136439856163655,-0.07653912345560207,28.782287014842645,31.227291107054754,,,,
2025-10-20,KEGC,1482.15,17120.0,0.32501758035842804,0.6281335455713372,-0.6929238060181595,0.0,-0.07260159103650914,-1.2307809749806475,32.333911278914165,-0.0372288386561993,27.826920734465787,-0.07640851180636886,28.81449810907739,32.333911278914165,,,,
2025-10-21,KEGC,1485.0,48570.0,0.45684843584674745,1.554265010598837,0.9999996428572704,0.0,-0.0735903318903319,-1.2485835811471016,32.100650736210206,-0.04339523809523816,24.76949571510319,-0.07753695286195285,28.53691472850351,32.100650736210206,,,,
2025-10-22,KEGC,1479.01,64690.0,-0.06132759943493131,1.7604106838903055,-0.9999998330551196,0.0,-0.07043864231146467,-1.191836367643625,32.84725059686355,-0.04229522954168291,25.2980295540394,-0.07603741088123839,28.906134997156375,32.84725059686355,,,,
2025-10-23,KEGC,1449.75,161580.0,-2.057126003197698,2.6232756462840072,0.3441558396862878,0.0,-0.03746992482283481,-0.5982237026122221,41.12175853070439,-0.02325243391717784,35.543807056953696,-0.06069904930242481,32.83914720527292,41.12175853070439,,,,
2025-10-24,KEGC,1443.5,29430.0,-1.863970145028181,0.7089000358016427,-0.1818181652892577,0.0,-0.034605561603466006,-0.5466498952642764,41.872978263558956,-0.020395255001896845,37.236916352493374,-0.0525309446836118,35.04118077676106,41.872978263558956,,,,
2025-10-28,KEGC,1432.0,31490.0,-2.5574721809892385,0.7765554315717867,-0.8095237324263113,0.0,-0.023194883390972778,-0.34119685918940024,44.899846758560095,-0.01319479028110313,41.63658221572274,-0.04165596568236234,38.07340558309173,44.899846758560095,,,,
2025-10-29,KEGC,1425.6,33720.0,-2.8348747904593496,0.6887078519373478,-0.279999972000021,0.0,-0.016959676126342728,-0.2289298896702887,46.57144057088158,-0.016810169151835756,39.40604099263671,-0.03293063572230233,40.576705542709604,46.57144057088158,,,,
2025-10-30,KEGC,1421.5,7280.0,-2.9315068192626503,-0.8442494426492674,-0.9230768520710114,0.0,-0.002444031427789775,0.03242909516521976,50.486421081288476,-0.01710917346420336,39.223393875061994,-0.032912120552289384,40.58207506783172,50.486421081288476,,,,
2025-10-31,KEGC,1421.0,17500.0,-2.915921791367508,0.03281834150897382,0.49999987500003124,0.0,5.2105324888567645e-05,0.07737286316442203,51.16038455360059,-0.009824339275940319,43.74752106850141,-0.02904964813511611,41.70696099093626,51.16038455360059,,,,
2025-11-03,KEGC,1419.0,10510.0,-2.9501457072123567,-0.4989561235495374,-0.199999960000008,0.0,0.006403422933655506,0.1917304378411222,52.872789106019326,-0.00992424494110538,43.68458306278682,-0.024285824188731188,43.10621202322766,52.872789106019326,,,,
2025-11-04,KEGC,1418.0,39660.0,-2.9528467392908992,0.829057822158977,0.1428571224489825,0.0,0.014194204334296013,0.3320060342911889,54.96368723937197,-0.012882934269147259,41.83074015289277,-0.02272223789374707,43.56800008034325,54.96368723937197,,,,
2025-11-05,KEGC,1406.5,52930.0,-3.529107018500403,0.8806580290566975,-0.8219584081923783,0.0,0.021729977598338814,0.4676901248805055,56.96967661551848,-0.0061553470564669165,46.071202563218236,-0.015338699292965201,45.76244148739084,56.96967661551848,,,,
2025-11-06,KEGC,1402.0,11140.0,-3.5423215161683377,-0.8825112861089996,-0.7140814357339934,0.0,0.02743014287978625,0.5703234864908394,58.47233954419,-0.005513609809116229,46.4796871095099,0.002132119647668863,51.005254453908265,58.47233954419,,,,
2025-11-07,KEGC,1411.84,3970.0,-2.791296838161813,-1.9142821219766721,0.9999998983739942,0.0,0.024023069478622573,0.5089780027813234,57.57588342174012,-0.013176620040581906,41.64788774221954,-0.006374786656880887,48.44802603777979,57.57588342174012,,,,
2025-11-10,KEGC,1409.71,5880.0,-2.906773542574405,-1.5214941310226981,-0.033886082632584046,0.0,0.0266651258116467,0.5565491010974906,58.27151668538965,-0.013084233073716764,41.70538449444264,-0.0013070495276919208,49.971298117964665,58.27151668538965,,,,
2025-11-11,KEGC,1404.52,6880.0,-3.144609473090893,-1.159689660605692,-0.565714204897976,0.0,0.044060664333609556,0.8697615269445097,62.758187280003064,-0.01227997341011039,42.20685031503935,0.004213692448281504,51.63070016705789,62.758187280003064,,,,
2025-11-12,KEGC,1402.59,7900.0,-3.148471732222797,-0.7844195095381972,0.0359999927999687,0.0,0.05265262080627036,1.0244625456095204,64.9007069510517,-0.012349266951377988,42.16358007094378,0.017370405167107583,55.564108091216234,64.9007069510517,,,,
2025-11-13,KEGC,1399.0,11800.0,-3.2897861991117243,-0.3831840263435058,-0.5918366139109027,0.0,0.06255327359678682,1.2027270744179575,67.29672274815955,-0.009098534100321085,44.20535186350058,0.022176044113142033,56.98620768292759,67.29672274815955,,,,
2025-11-14,KEGC,1398.0,8300.0,-3.252372222417906,-0.7350269663562411,-0.1428571224489825,0.0,0.07620025376388037,1.4484454669945857,70.45515813519442,-0.01082135193133053,43.12036292113897,0.02790273009060564,58.66574962633625,70.45515813519442,,,,
2025-11-17,KEGC,1396.02,9530.0,-3.213673747358742,-0.4169404618280218,-0.8014041322563547,0.0,0.08635139896003675,1.6312201944339921,72.68565681455061,-0.013151586039495865,41.663465340504324,0.03655803583793657,61.16525466152199,72.68565681455061,,,,
2025-11-18,KEGC,1392.01,29410.0,-3.3943928157391423,0.7099475165743949,-0.8316665973611185,0.0,0.0967234062386434,1.8179716167330908,74.85291312957287,-0.0061099421779377185,46.10008740722344,0.03865133015373571,61.761574315450886,74.85291312957287,,,,
2025-11-19,KEGC,1390.0,8300.0,-3.2908523999739705,-0.5681832744337084,-0.636363578512402,0.0,,,,-0.001425448212858298,49.09072290891693,0.042548024437592785,62.862134622240326,,,,,
2025-11-20,KEGC,1390.99,10250.0,-2.8902860649089903,-0.11245693920379535,-0.33499997208333415,0.0,,,,0.0023219806220007447,51.488854231011636,0.04574986903241347,63.756618795323824,,,,,
2025-11-21,KEGC,1387.59,91870.0,-2.657687786718543,2.138514233401969,0.01860841348670692,0.0,,,,0.001885035419410006,51.20937664404214,0.04942946860761333,64.77289946364182,,,,,
2025-11-24,KEGC,1382.38,46930.0,-1.8313243335712877,1.4667973359009843,-0.1398601317097739,0.0,,,,0.009282153547240858,55.91654545761614,0.06718763698195213,69.47992407337257,,,,,
2025-11-25,KEGC,1388.23,15760.0,-1.060830185848866,0.3756161665554881,0.992380763356052,0.0,,,,0.008476417538194373,55.40742429783086,0.06984485938129047,70.15337555075388,,,,,
2025-11-26,KEGC,1392.77,5810.0,-0.54845218218225,-0.6222759905701521,0.9916490622862157,0.0,,,,0.006082029425544694,53.88817815961215,0.0735139338717602,71.06907031179863,,,,,
2025-11-27,KEGC,1399.0,7800.0,0.05520498633566428,-0.2857565041581345,0.8884119409088316,0.0,,,,0.000876079285657555,50.563771293799334,0.08155135272360076,73.0154945250504,,,,,
2025-11-28,KEGC,1395.0,8360.0,-0.20186947968540342,-0.21642198260080564,0.04633781417504273,0.0,,,,0.01811093189964158,61.39205689723822,0.09331616743471582,75.71112996013358,,,,,
2025-12-01,KEGC,1399.99,6030.0,0.23343007855484316,-0.49477586308016663,0.8446153196449768,0.0,,,,0.013042577716258056,58.27457864921476,0.09651904484124998,76.41248751856823,,,,,
2025-12-02,KEGC,1404.78,17920.0,0.6161280784998225,0.6948216029400037,0.9649707285262051,0.0,,,,0.013135230986855102,58.332249003561785,,,,,,,
2025-12-03,KEGC,1406.01,7310.0,0.8443071986437545,-0.20185098465305296,0.11333332074074012,0.0,,,,0.014024433003761749,58.88453606882551,,,,,,,
2025-12-04,KEGC,1405.0,32840.0,0.8987240124583087,1.371782389697778,0.14531137113017878,0.0,,,,0.026497628932949227,66.34150587869155,,,,,,,
2025-12-05,KEGC,1425.0,49450.0,2.269671698740525,1.7810968906321543,0.5390534613677,0.0,,,,0.014164369256474511,58.971251311314575,,,,,,,
2025-12-08,KEGC,1423.0,9630.0,1.8455788171736858,0.07378835444697623,0.07553956155218955,0.0,,,,0.020498573045990485,62.8305475438667,,,,,,,
2025-12-09,KEGC,1428.0,4870.0,2.17082454389795,-0.676581675778822,0.4285713673469475,0.0,,,,0.023932749766573294,64.85976452360612,,,,,,,
2025-12-10,KEGC,1430.5,12160.0,2.3308204591700257,0.23847385260633805,0.7692307100591762,0.0,,,,0.021230987195064475,63.26742014467808,,,,,,,
2025-12-11,KEGC,1446.99,50500.0,3.4430096783634427,1.6254047224891572,0.6180952086621337,0.0,,,,0.011836679696999905,57.52197858211164,,,,,,,
2025-12-12,KEGC,1450.01,12120.0,3.2446978195558986,0.19828956818153923,-0.1979999802000038,0.0,,,,0.013515729169027083,58.56884259933863,,,,,,,
2025-12-15,KEGC,1456.98,9010.0,3.638654830676047,-0.21623805191066886,0.5768217228426827,0.0,,,,0.00968019384846279,56.16760393662563,,,,,,,
2025-12-17,KEGC,1467.0,47100.0,4.257182789243012,1.4376979187633216,0.8518517861225422,0.0,,,,0.0157115712338105,59.92619068760268,,,,,,,
2025-12-18,KEGC,1465.7,28010.0,3.635119655307464,0.9179867751990002,-0.8599999139999995,0.0,,,,0.023435745881213887,64.56919278616196,,,,,,,
2025-12-19,KEGC,1469.0,83490.0,3.6145744064443055,1.928219411169029,-0.1797675885326385,0.0,,,,0.027935644321263792,67.15862816649484,,,,,,,
2025-12-22,KEGC,1474.5,104230.0,3.39546844340869,2.0104022017433536,0.9130433988657914,0.0,,,,0.03629311671430186,71.69429813013475,,,,,,,
2025-12-23,KEGC,1476.0,127030.0,2.3988121337569575,2.208225398528836,0.17184263824412488,0.0,,,,0.04336741192411924,75.22174470037875,,,,,,,
2025-12-24,KEGC,1495.0,114490.0,2.917100295755292,2.104289374633478,0.5789473379501401,0.0,,,,0.03675441418484897,71.93336569919744,,,,,,,
2025-12-25,KEGC,1505.0,77600.0,3.041772790640068,1.6408521302995722,0.531100453057388,0.0,,,,,,,,,,,,
2025-12-26,KEGC,1515.0,68600.0,3.3906980757855836,1.094320043853657,0.25313281621974554,0.0,,,,,,,,,,,,
2025-12-29,KEGC,1533.0,135210.0,4.298209806114331,1.4915633775193458,0.7817387856770177,0.0,,,,,,,,,,,,
2025-12-30,KEGC,1545.0,147710.0,4.4615203776716,1.3071208090827604,0.5879316955961976,0.0,,,,,,,,,,,,
2025-12-31,KEGC,1555.0,95290.0,4.503597515888885,0.6800104628525946,0.06710670697983036,0.0,,,,,,,,,,,,
