date,ticker,close,volume,dev_price,dev_volume,order_flow,pre_agm,R30,Z30,Y_target,R5,Y_target_5,R21,Y_target_21,Y_target_30,R63,Y_target_63,R252,Y_target_252
2023-01-11,KMGZ,9225.0,24660.0,-0.39494107566667896,-1.1060832644086467,0.041466971421813284,0.0,0.01699388308168788,0.2505887174556863,53.75176569266662,0.04782073170731707,70.80094126061725,0.02855108401084011,56.386194340347174,53.75176569266662,0.07492341269841268,59.682250544317604,0.08360214866434382,55.015849540312466
2023-01-12,KMGZ,9505.0,189380.0,2.3008542852145033,1.022850843230071,0.8885448888899539,0.0,-0.01404218790444461,-0.0837252724643597,48.74438495480692,-0.007109892454263876,47.38252114411063,0.0015457566193231628,51.139358559326155,48.74438495480692,0.04076336556365489,55.85691232711181,0.057417850045506535,53.337306466718445
2023-01-13,KMGZ,9548.0,120880.0,2.420136317566217,0.5738938495670338,0.9578902941584345,0.0,-0.00616293115486664,0.0011484141157763709,50.017226211055075,0.0012700018619373225,51.15765857688799,-0.006270890937019969,49.61078163789899,50.017226211055075,0.045254848019364156,56.364902259521244,0.09384396266815617,55.66951850319724
2023-01-16,KMGZ,9511.99,50080.0,1.5867217357591268,-0.3072815525564724,-0.3588679177572174,0.0,0.00033672485112651654,0.07116133338775082,51.06725786999603,0.01926606409968427,59.165873368534946,0.026032574567917535,55.90106435315627,51.06725786999603,0.06722036968104265,58.828140094050816,0.08078475564182264,54.835719528233675
2023-01-17,KMGZ,9560.0,84250.0,1.9610325882372053,0.23126218079546979,0.692568076741534,0.0,0.002364943215780034,0.09300887247281732,51.394771135555814,0.013608227070465563,56.679886860105746,0.03284335857076443,57.21013940531168,51.394771135555814,0.04908499867171418,56.79704670215395,0.10282728133094243,56.241261844501736
2023-01-18,KMGZ,9695.0,161560.0,3.207660174396518,0.8823496757293579,0.7393994023753159,0.0,-0.017999128989742742,-0.1263486046089361,48.10567807092713,-0.012410675605982443,45.00717562610945,0.018278166007678644,54.40066884255052,48.10567807092713,0.03444873932725909,55.14066894369737,0.08522910864706892,55.119809656099186
2023-01-19,KMGZ,9467.15,167580.0,0.45508027769387777,0.9005562036324586,-0.4627999981488029,0.0,0.0011488760697077709,0.07990965447593379,51.19841524961595,0.013757186164790946,56.74582866665819,0.04310274896469492,59.16260216251252,51.19841524961595,0.05772251256831375,57.767706966607534,0.12585945691153097,57.69924571022339
2023-01-20,KMGZ,9589.99,44030.0,1.6310456638881212,-0.4360317831710665,0.6772694968883799,0.0,-0.02242206038060153,-0.17399148572882103,47.392495396547965,0.007300010874434125,53.86850630716906,0.02957116611936153,56.58234661724243,47.392495396547965,0.03293458942523024,54.96859593527286,0.08331557928615285,54.99753365478222
2023-01-23,KMGZ,9725.0,106910.0,2.994121213232784,0.45108304747677724,0.9999999942857143,0.0,-0.03222013710368466,-0.2795342950715457,45.81678719442921,-0.010841844166972701,45.708311779837096,-0.010616210674501162,48.761168554016734,45.81678719442921,0.007673743216223931,52.08347082018838,0.048586053984575855,52.76924351859541
2023-01-24,KMGZ,9720.0,96720.0,2.6641041055735846,0.3509160095237697,0.9466666624592592,0.0,-0.021480232216343327,-0.16384631201940011,47.54428275832978,-0.023711081716637238,40.03146651702519,-0.03012626396237515,44.962284703547425,47.54428275832978,-0.0021132863021751935,50.960843988006175,0.06502286890064665,53.82577586455993
2023-01-25,KMGZ,9605.01,21660.0,1.2491953559015343,-1.2497874738108332,-0.9038368987033665,0.0,-0.04078811701616435,-0.3718267618395125,44.445617144094086,-0.00888396547243378,46.585678404217056,-0.01887390075843854,47.14896963468581,44.445617144094086,0.0133077896450964,52.728847002021915,0.07101106743598734,54.20988556187645
2023-01-26,KMGZ,9627.01,16309.999999999998,1.3876187987186244,-1.360674138889391,0.08061612161201342,0.0,-0.04408366499814682,-0.40732570741551005,43.920345344101285,-0.02238007150203382,40.60900268568772,-0.008843962851344709,49.107626440447646,43.920345344101285,0.028410199430543966,54.45373652088139,0.09953560986431309,56.03194755488939
2023-01-27,KMGZ,9690.0,97820.0,2.038934745164015,0.5456188719755669,0.4916518307343715,0.0,-0.05216810654086196,-0.49440960117345734,42.63776588908972,-0.03155263035038579,36.68960441922715,-0.012758979556734974,48.34243926461608,42.63776588908972,-0.0011777433780529797,51.06821579110418,0.10677220133667498,56.49182253200722
2023-01-30,KMGZ,9650.0,45460.0,1.4595655004528008,-0.22067647286355332,0.8518518483462887,0.0,-0.08681386215971708,-0.8676063502049187,37.27204054770219,-0.029078957973517557,37.73174774344646,-0.0015293301258327164,50.5381087495763,37.27204054770219,0.0052902150670285225,51.81021727470677,0.11448404885270169,56.98067086286404
2023-01-31,KMGZ,9520.1,56010.0,0.011563236590171479,-0.011979362748975438,-0.7319999951199951,0.0,-0.07439316694685927,-0.7338132493950035,39.16723587583677,-0.011780605024823873,45.28854199394375,0.0060416714685369195,52.01777164705849,39.16723587583677,0.019576320939505898,53.4458232499147,0.12774627610370906,57.81812863098972
2023-02-01,KMGZ,9550.0,48560.0,0.2656067081432944,-0.11650069558800225,0.3698630086320136,0.0,-0.11147442449929362,-1.1332447099412268,33.62731705927082,0.005965106374137788,53.26979190584352,-0.0020433266849496975,50.43759076701385,33.62731705927082,0.031962318208260614,54.85804084831534,0.11210150211917227,56.829783623086726
2023-02-02,KMGZ,9442.05,34560.0,-0.9955140525682388,-0.42844290602108104,-0.9999999907364522,0.0,-0.0846178073718353,-0.8439509126803745,37.60447385452282,0.014653323834286467,57.14202231428614,-0.0011322157327617495,50.61576613385185,37.60447385452282,0.035761287620147145,55.289731912241045,0.1246329401895423,57.621918565789265
2023-02-03,KMGZ,9414.99,68440.0,-1.4184648799875008,0.25481652170363817,0.444222217286415,0.0,-0.12043823202604112,-1.2298009480192134,32.34677787579228,0.021300428674304053,60.049096415520864,0.005958118174922597,52.001456669538484,32.34677787579228,0.038642602799213985,55.61661904372509,0.128400025309184,57.85929838918153
2023-02-06,KMGZ,9400.0,31400.0,-1.6376195565689793,-0.6159588828842115,-0.07956385534316106,0.0,-0.07870968422830125,-0.7803098602437959,38.504570270268424,0.01963857649442756,59.32806176278034,0.018168465045592705,54.37937889655444,38.504570270268424,0.043766700439040865,56.19673419962952,0.12370658561296857,57.563490711662965
2023-02-07,KMGZ,9438.0,27840.0,-1.3169370400658,-0.6446654981564544,0.13333333222222224,0.0,-0.08708755966255967,-0.8705545617954691,37.23069237260038,0.0442351418783237,69.44653434466514,-0.017794133896406623,47.359513561141284,37.23069237260038,0.03515679799997981,55.221093119565865,0.1306400011604557,58.00027736195066
2023-02-08,KMGZ,9637.0,166780.0,0.7216050459197457,1.1455340083349308,0.7999912967071601,0.0,-0.09859048817306314,-0.9944616738725663,35.51043102661726,0.0345411333797813,65.61700657145886,-0.03941856695671935,43.170692774418576,35.51043102661726,0.0046247060354355635,51.73390163432183,0.08735503651600729,55.25558548683186
2023-02-09,KMGZ,9610.0,75390.0,0.3114411946645372,0.19191756237832602,-0.2473118252977223,0.0,-0.08927157350973687,-0.8940802968544166,36.90142126965544,0.03745693267594933,66.79331283031924,-0.03843958839172158,43.35868707693613,36.90142126965544,0.0324277121219629,54.910965945480974,0.09720271790297805,55.883470685274396
2023-02-10,KMGZ,9645.0,123610.0,0.5631107684622754,0.6863739922157319,0.7857142817055394,0.0,-0.0668665673060308,-0.6527383105736412,40.3321847835173,0.03368084191167395,65.26617080793689,-0.08065617085092201,35.49156842013398,40.3321847835173,0.026553448616356827,54.242162700504906,0.08335992804068235,55.00036826378809
2023-02-13,KMGZ,9614.0,43400.0,0.15858594640293974,-0.3602968756378264,-0.12727272495867772,0.0,-0.05022008611779779,-0.4734259373465731,42.94597826225825,0.037022550942573805,66.61935140518985,-0.07796513228063581,35.975026787991695,42.94597826225825,0.029954575668420025,54.629593693561674,0.08960105187210449,55.39894576686953
2023-02-14,KMGZ,9885.0,588870.0,2.9464936055892093,2.2474475068804973,0.8560125008758634,0.0,-0.058623694510682375,-0.5639478288838796,41.620579432907654,-0.01678959582821495,43.06148068048662,-0.13659884986872847,26.208647191125046,41.620579432907654,-0.00047327600741864373,51.14906071504481,0.04716767468747743,52.677942333676775
2023-02-15,KMGZ,10000.0,329160.0,3.2397961738731826,1.6657857882887097,0.6666435122811057,0.0,-0.07971328571428568,-0.7911204431045922,38.351097880286446,-0.04759896825396833,30.26078768619659,-0.1311404761904762,27.04284000388577,38.351097880286446,-0.004510523809523832,50.685676102430165,0.037344285714285635,52.04515133992608
2023-02-16,KMGZ,10000.0,79590.0,2.746487611630581,0.24613122453340475,0.0003334444703825902,0.0,-0.07826825396825397,-0.7755548668822396,38.572147198797644,-0.048098015873015876,30.071213587735823,-0.1674,21.821208397575205,38.572147198797644,-0.010381507936508008,50.01163133076232,0.05835238095238096,53.39736767374033
2023-02-17,KMGZ,10000.0,117390.0,2.41728852807028,0.6347440827159511,0.3333333259259261,0.0,-0.02030833333333333,-0.15122286520691625,47.73321193997766,-0.036256746031746036,34.742379770910546,-0.1295265873015873,27.29266376404269,47.73321193997766,-0.010663095238095242,49.979300372124,0.04336626984126982,52.43315894788743
2023-02-20,KMGZ,9999.99,143620.0,2.2469733121476163,0.6916853013263191,0.5551110987752993,0.0,0.014672463072463098,0.22558287229213655,53.37858681002405,-0.03372403039903038,35.7849169290192,-0.13385983428483428,26.625164068756803,53.37858681002405,-0.03873847318847314,46.760319679025905,0.04286382353882351,52.40079598089532
2023-02-21,KMGZ,9750.0,47860.0,-0.4814062868014415,-0.4072040103908466,-0.999999996,0.0,0.03400289987789988,0.4338062475450936,56.47060421962258,-0.0018508241758241756,49.75096827942921,-0.10363009768009768,31.491705059201646,56.47060421962258,-0.0213992673992674,48.74686964382095,0.07326822344322345,54.35454230980312
2023-02-22,KMGZ,9555.55,53370.0,-2.4901113845125926,-0.15350776943909347,-0.8573394456085414,0.0,0.05806052517638513,0.692949897046724,60.24705914636969,0.012321585390456661,56.109350010303714,-0.0783158237197479,35.91185933240708,60.24705914636969,-0.000581435948509193,51.1366486220882,0.0890285510028952,55.36241220179863
2023-02-23,KMGZ,9551.0,29160.0,-2.4966186597766913,-0.7579569407609507,-0.7999999200000081,0.0,0.06697194065110773,0.7889417790256292,61.61799128404502,0.007944813765034184,54.1573166028679,-0.051791582822707884,40.81334410474275,61.61799128404502,0.005145054660610604,51.79357206357146,0.09496849660884843,55.74117496627811
2023-02-24,KMGZ,9670.0,10800.0,-1.2617789921248643,-1.7512022650488868,-0.023173646231174554,0.0,0.04835804115165543,0.588436792024757,58.73599267076912,-0.014857530654454129,43.917685023094414,-0.05007695540125737,41.13776571103015,58.73599267076912,-0.007702408036637617,50.3192327384837,0.07964235321153632,54.76264364062159
2023-02-27,KMGZ,9696.0,19530.0,-1.038203426418861,-1.0297256410423896,0.9158683786352556,0.0,0.04161868615432972,0.5158418859346701,57.67644647659128,-0.013387101210121013,44.57177650002297,-0.03406412462674839,44.20117654980798,57.67644647659128,0.0050496228194248025,51.78262889594451,0.0764690004714757,54.559547453178034
2023-02-28,KMGZ,9765.0,36360.0,-0.35690970316605525,-0.4082106423229374,0.7620374011594678,0.0,0.03292506400409627,0.42219602756553337,56.299291023364184,-0.010128648233486942,46.02763066623209,-0.051194828469022,40.92616567174755,56.299291023364184,-0.0104747311827957,50.000927733783264,0.06788341013824883,54.00932321177032
2023-03-01,KMGZ,9706.15,34220.0,-1.0275046142858908,-0.3983278576856714,-0.754350855084022,0.0,0.04858619761125109,0.5908944451332171,58.77172748490506,-0.03496527018052452,35.27223440246408,-0.043796842377958826,42.3324063627579,58.77172748490506,-0.00827384215530503,50.2536246495921,0.0703432499064372,54.16707271078902
2023-03-02,KMGZ,9660.01,25680.0,-1.5419573242664308,-0.6785335190064714,-0.07015706724655867,0.0,0.07134100306067903,0.8360043948769112,62.28358828469995,-0.03132160665958098,36.78642513033768,0.02091095443959494,54.9111208353117,62.28358828469995,0.0007715572766421597,51.29190326263667,0.0713113022916125,54.229131178179436
2023-03-03,KMGZ,9560.0,14120.0,-2.604222497288002,-1.2766505025880814,-0.8999999910000002,0.0,0.07025603041774592,0.8243172991303157,62.11872106728313,-0.022848367868765356,40.405499917141945,0.06839749452082088,63.84348701516637,62.11872106728313,0.006623504018064691,51.963083201543235,0.09471226838015542,55.72484993027863
2023-03-06,KMGZ,9600.0,88690.0,-2.3152955918474594,0.664580685417208,-0.19999999840000002,0.0,0.0663343253968253,0.782073522415819,61.52048325853683,-0.06571944444444444,23.8364766365397,0.056649007936507935,61.69604295028913,61.52048325853683,0.0006611111111111123,51.27923056772228,0.08453154761904763,55.07524205701893
2023-03-07,KMGZ,9700.0,140880.0,-1.2647260085147087,1.023659188174038,0.4814814789339604,0.0,0.0526469276714122,0.6346357701549091,59.406156825372726,-0.07564303305514654,20.740948372680013,0.048223686794305325,60.126854581384926,59.406156825372726,-0.01301718213058422,49.70901487250377,0.09441814351170022,55.70610886597004
2023-03-09,KMGZ,9400.0,44810.0,-4.2880632394470934,-0.36237096156115095,-0.8831168802496205,0.0,0.0759645221209051,0.8858079639300369,62.982934631818864,-0.08069842958459979,19.282264181830822,0.09062330293819654,67.75323895565978,62.982934631818864,0.017165400202634247,53.17022137057988,0.12499633569739954,57.644833159211096
2023-03-10,KMGZ,9389.85,12400.0,-4.447695979966451,-1.406545272059058,0.5279069644672969,0.0,0.06643568274202866,0.7831653222927357,61.53598965376338,-0.06313968120211874,24.69127045248128,0.0863659848641022,67.02130404134644,61.53598965376338,0.01618400757327374,53.05797812500184,0.11902372825571272,57.26780896263658
2023-03-13,KMGZ,9373.0,96010.0,-4.672637857147467,0.728553630236151,-0.528487226895945,0.0,0.05768583253316263,0.6889137871729784,60.18904593367213,-0.1001287050867148,14.403822158708902,0.08426986231136716,66.65784773596756,60.18904593367213,0.022890923989710397,53.82438204483421,0.12034733128252548,57.35143660867692
2023-03-14,KMGZ,9000.0,52760.0,-8.366423378328856,0.1298554557830675,-0.9999999971428571,0.0,0.1055329365079365,1.2043126674975286,67.31765696372942,-0.020614682539682537,41.379019649190326,0.128409126984127,73.8475726514132,67.31765696372942,0.06977706349206347,59.11224249694076,0.1678218253968254,60.319740334915174
2023-03-15,KMGZ,8996.96,28160.0,-8.234124055151717,-0.5802997968992738,-0.3990977413601805,0.0,0.12465646470215136,1.4103072669689984,69.97661128942791,-0.025095013624354998,39.4338927116065,0.13873571759547432,75.37750115861681,69.97661128942791,0.06792428775942107,58.90641975581884,0.16501573548793777,60.146162909886144
2023-03-16,KMGZ,8671.0,144310.0,-11.10510906303001,1.1360651193921276,0.3569261877078603,0.0,0.1423966181286646,1.6014004461430442,72.3290009168883,0.02029415850682717,59.61300069817388,0.20165471668927437,83.35608353577655,72.3290009168883,0.12172984968138642,64.73039934541045,0.22931526910537406,64.05173624829071
2023-03-17,KMGZ,8826.5,42610.0,-7.6699691945314035,-0.08380853246398362,0.5021276574377547,0.0,0.12427949865079813,1.4062466684238857,69.92540006849632,0.009597835499879085,54.89639278762897,0.1666350350765507,79.2014357478632,69.92540006849632,0.10039735698505309,62.46274416077957,0.2112710128410208,62.97190351755264
2023-03-20,KMGZ,8464.0,50200.0,-10.939812772370699,0.13843794291073946,-0.916666663938492,0.0,0.1732856535241696,1.9341305997912601,76.14196244591157,0.08236882257628945,81.88715345836847,0.21783509091727418,85.03895091597664,76.14196244591157,0.1365883900441084,66.2722415230273,0.2706566042548084,66.47139970152155
2023-03-24,KMGZ,8843.0,83230.0,-5.9722639616258935,0.6440303449633816,0.6093335302037546,0.0,0.13912080445657854,1.5661140743777822,71.90326799111011,0.05062827184626348,71.83643136051121,0.16228136670741275,78.63479804707436,71.90326799111011,0.1121189956543513,63.71625834346997,0.2145462849729586,63.168910426091294
2023-03-27,KMGZ,8800.0,31780.0,-5.165645743375547,-0.3187392946672968,-0.9999999886363637,0.0,0.1357183261183261,1.5294632976288194,71.45687416776471,0.07623156565656565,80.18744666984348,0.15639502164502164,77.85093602537788,71.45687416776471,0.09502236652236651,61.882189856367745,0.21705405844155845,63.31945641895509
2023-03-28,KMGZ,8875.0,56730.0,-3.98137674573747,0.362381918410311,0.304166301607665,0.0,0.1257520456069752,1.42210863266814,70.12516395342215,0.0558358182427901,73.6967663243802,0.13519974290185557,74.86049026076184,70.12516395342215,0.09550904650122966,61.934899140136245,0.2041902023250615,62.544522599209074
2023-03-29,KMGZ,8940.01,40590.0,-2.899544653826227,0.027600841965108546,0.4167857118048496,0.0,0.121028797288551,1.3712308011468404,69.48173341482828,0.0497903368623056,71.52972469064464,0.11565106398180051,71.87464571259864,69.48173341482828,0.0881111526534459,61.13070899668243,0.1944093015453819,61.95095075608257
2023-03-30,KMGZ,9188.98,88490.0,0.019711445583458602,0.7547887128160579,0.9617777747245122,0.0,0.08579207039646908,0.9916682346003701,64.45117692498708,0.08436792213098462,82.41569627199665,0.08819108323317028,67.33611954333217,64.45117692498708,0.05442193613333325,57.39746260425094,0.15515141310828953,59.533981090854205
2023-03-31,KMGZ,9320.0,95980.0,1.4951765384359472,0.7865622226376393,0.6586703176239225,0.0,0.061717051570270506,0.7323372256984075,60.811661003001625,0.10666346140745282,87.50985228068224,0.090839193746168,67.790128648899,60.811661003001625,0.03685157708290756,55.41348133253482,0.13724512228353428,58.41522108501495
2023-04-03,KMGZ,9500.0,147580.0,3.42598502042588,1.1335345707895328,0.5285430497947,0.0,0.0664125104427736,0.7829157151880529,61.53244479082501,0.07827894736842106,80.76745854811568,0.04685292397660819,59.86948094522372,61.53244479082501,0.015329406850459484,52.96021100088667,0.11028784461152885,56.71483908211623
2023-04-04,KMGZ,9400.01,31050.0,2.1236366281685704,-0.5055937312893632,-0.9998571357153031,0.0,0.07597578467115101,0.8859292817383081,62.984631689406754,0.0924567370521034,84.43069867285493,0.06038889410080494,62.38505984491536,62.984631689406754,0.016972607462018383,53.14817389151864,0.1340216577040791,58.2128633332019
2023-04-05,KMGZ,9415.0,22350.0,2.380267847324834,-0.8343653956906019,-0.9999999866648889,0.0,0.07424244851596148,0.8672581514211682,62.723074791876876,0.09924098660529884,85.97199876859713,0.058720922582167934,62.07836187439567,62.723074791876876,0.02697951407328724,54.29072599602386,0.15124287632029265,59.29058211606987
2023-04-06,KMGZ,9995.0,650660.0,8.750530314287555,2.5367926755101955,0.9999999984496124,0.0,0.009754043092975059,0.17260269293309913,52.58672891639248,0.03017742263989137,63.820566679783184,0.01150640717183989,53.08374364658339,52.58672891639248,-0.04199997578154155,46.3876042694471,0.0972110471902618,55.884000991459196
2023-04-07,KMGZ,10345.0,589870.0,9.395215625917066,2.377214518225639,0.7489711918745449,0.0,-0.017389102165757578,-0.11977752473301177,48.20411001292259,-0.008463166969703943,46.774541982318254,-0.03091201964755614,44.810214019338304,48.20411001292259,-0.07485517273124814,42.66233704857305,0.07107045060492384,54.21369223403225
2023-04-10,KMGZ,10275.0,231360.0,6.309065271886137,1.4412871901642266,0.433198378812962,0.0,-0.016254874869655964,-0.10755986828399204,48.387161710733444,-0.002868642104043564,49.29217110885047,-0.02439497451048546,46.07415803059419,48.387161710733444,-0.06729075425790754,43.51424057819147,0.08290098771868837,54.971032922027184
2023-04-11,KMGZ,10299.99,238670.0,5.97995519033013,1.4723940159669644,0.9998918864870685,0.0,-0.018941646459758446,-0.1365012033741306,47.95362569842403,0.003401593806448008,52.11754089860968,-0.023670078002618472,46.2150904545223,47.95362569842403,-0.07518106214065207,42.62572933295451,0.07758231750132541,54.63081793959701
2023-04-12,KMGZ,10379.99,250490.0,6.191829028014348,1.2752081045389771,0.8333263851271869,0.0,-0.05368623993268669,-0.5107626128571383,42.39796410667671,0.012019278038727047,55.97505713129463,-0.03513731282993404,43.994207283615964,42.39796410667671,-0.05981420012722278,44.360031256010856,0.06143615022597587,53.595487110254325
2023-04-13,KMGZ,10329.0,162860.0,5.104571614659056,0.6401720547170588,-0.18840579437093052,0.0,-0.05680866907320582,-0.5443967589021063,41.90588602205752,0.005416669893826465,53.023531035774475,-0.03802677263276301,43.43801818494615,41.90588602205752,-0.02691985510052602,48.11364654684846,0.061270469874463496,53.584845660138434
2023-04-14,KMGZ,10291.0,147290.0,4.2804209409342695,0.5396846314255963,0.35604711961991,0.0,-0.05320281317625356,-0.5055552421223093,42.47428710042409,0.009671911463707609,54.92946455212264,-0.011179969629804436,48.65098231005348,42.47428710042409,0.022471854240027886,53.77654377754938,0.08890409654452264,55.354469498248946
2023-04-17,KMGZ,10279.0,42250.0,3.7962516378546023,-0.7807333041545418,0.35384614840236694,0.0,-0.047222659274495565,-0.44113828959871343,43.42128799675301,0.008481620757068271,54.39754295517629,-0.011830194787646894,48.52391266397019,43.42128799675301,0.015921659007345844,53.027967664631504,0.10146462428406197,56.15463828006396
2023-04-18,KMGZ,10369.0,288970.0,4.566216435934665,1.1419820464770885,0.6962025272392245,0.0,-0.0556241469918729,-0.5316373376681574,42.09237641337932,-0.010152466639724331,46.0169610493697,-0.02050558594222404,46.83100182896132,42.09237641337932,0.01930883513433663,53.415255954224236,0.09828206405846482,55.952178898081414
2023-04-19,KMGZ,10539.49,325240.0,5.28427421964301,1.2602224243911098,0.8487596866327127,0.0,-0.056936250976994486,-0.5457710441754013,41.885813298952094,-0.03570726777358145,34.96736201644581,-0.0374973202296602,43.53981261518319,41.885813298952094,-0.004461017765655849,50.69135915137828,0.07536142354829464,54.488625882818866
2023-04-20,KMGZ,10420.01,102830.0,3.4476929732952666,-0.16794734903047998,-0.27983999776127655,0.0,-0.05350327413427674,-0.5087917439893404,42.4268463424148,-0.03417300772629733,35.59908813340599,-0.018617442762332948,47.198967520731685,42.4268463424148,0.0045924298198202484,51.730200228735626,0.0857550788095243,55.153408778255184
2023-04-21,KMGZ,10425.96,49850.0,3.1779496467313177,-0.9197729371610178,0.7782340596085899,0.0,-0.05781994396679051,-0.5552899980860007,41.74685413509709,-0.031910526608580805,36.53982427594956,-0.024746644351489648,46.00580979230834,41.74685413509709,0.005946675605891537,51.88548702965271,0.0924297646314722,55.579370879128696
2023-04-24,KMGZ,10402.0,44130.0,2.5989950091482314,-1.0416511630628629,0.2988699792327615,0.0,-0.051778321476639126,-0.49021091893401403,42.699392045677676,-0.013390934435685446,44.570068817674596,-0.022664691085047747,46.41065475695406,42.699392045677676,0.008008415582473456,52.12182888225201,0.09285003418146082,55.60616469738875
2023-04-25,KMGZ,10300.0,74590.0,1.4426851875050348,-0.5167861963323913,0.4492753612336344,0.0,-0.04687097395592541,-0.43735000975813615,43.477136793455394,-0.024805120203421176,39.55881216233443,-0.040032859454461375,43.05282956032615,43.477136793455394,0.012996312991215904,52.693189380057234,0.11033552935737401,56.717862138951084
2023-04-26,KMGZ,10200.0,85820.0,0.23054450272705432,-0.37654087988444673,-0.7391304283553876,0.0,-0.03883513071895425,-0.35078960666702896,44.75749486047002,-0.01310609243697481,44.69699911447415,-0.03843482726423903,43.35960183312191,44.75749486047002,0.030793487394957943,54.7250719400268,0.1170422969187675,57.14254099254362
2023-04-27,KMGZ,10100.0,31390.0,-0.8906285698624357,-1.3822998723925244,0.7721518977567697,0.0,-0.031958576929121504,-0.2767168242131544,45.85875639313533,-0.003274206349206349,49.10938564849035,-0.02871219943422914,45.236190170309,45.85875639313533,0.04264285714285711,56.069639682021055,0.1279612761276128,57.83166942746134
2023-04-28,KMGZ,10129.0,48460.0,-0.8371185002634132,-0.9480526233012053,0.36641162094125085,0.0,-0.03721528477089983,-0.3333409688484126,45.0164868737867,0.008699072520046949,54.49479717664622,-0.026606141058127947,45.64466593220933,45.0164868737867,0.03475299744408245,55.17523113390877,0.1299528263182721,57.95704191191822
2023-05-02,KMGZ,10298.0,57760.0,0.591717801291087,-0.7724954664977223,0.8893616983431417,0.0,-0.05523628466923767,-0.5274593667942739,42.153490555035994,-0.015643883694476043,43.56874184681459,-0.04278726097223379,42.52533291099304,42.153490555035994,0.018057586771356438,53.2722341924699,0.10141162484933122,56.15126836559848
2023-05-03,KMGZ,10079.0,22250.0,-1.8572975904222528,-1.4443982887854578,0.05294117631487889,0.0,-0.029786341119442124,-0.2533179596820867,46.20752868057867,0.0056433363334419985,53.125328135641105,-0.006785412266901005,49.5101592266592,46.20752868057867,0.03908020479481934,55.666223491523645,0.1268705223575027,57.76296114666221
2023-05-04,KMGZ,10099.99,38200.0,-1.7157387666191293,-0.9039080500131021,0.9999199928000303,0.0,-0.029349412600392796,-0.24861145812206303,46.27772751820151,0.006730958255938575,53.61340837612164,-0.016783595584889524,47.55664384665503,46.27772751820151,0.030877098908254477,54.73458604271704,0.12876307061525147,57.88215639876404
2023-05-05,KMGZ,10100.0,24890.0,-1.7499955436310337,-1.332274999072686,0.9999999800000005,0.0,-0.03132563256325632,-0.26989888142508855,45.96034104043819,0.0027782924721043534,51.836990647826944,-0.02073426449787836,46.78645901340142,45.96034104043819,0.04074924956781393,55.85531380617444,0.13123009979569383,58.03739520793155
2023-05-10,KMGZ,10250.0,46250.0,-0.9011711230106424,-0.5505230854481316,0.9470843425384466,0.0,-0.03553644986449865,-0.31525691445161713,45.285195604370195,-0.019738176538908206,41.762925492839074,-0.03145197251258229,44.705770674839414,45.285195604370195,0.02194757065427797,53.716685202628526,0.1056933584978707,56.423332459284815
2023-05-11,KMGZ,10170.0,43030.0,-1.6525684375553444,-0.43040426102028223,-0.24999999804687503,0.0,-0.02852143208315778,-0.23969262717801137,46.41079473132667,0.01150252142154797,55.745298645151244,-0.028531802219412837,45.27115437594015,46.41079473132667,0.02977540384885518,54.60919734666425,0.12051265978367756,57.361879421398456
2023-05-12,KMGZ,10168.0,26410.0,-1.7072022609290929,-0.711621624763619,0.9199839783959993,0.0,-0.038907379828406585,-0.3515678587872787,44.74594969773554,0.009832111011202255,55.000971899197395,-0.029906413210445466,45.004850354958606,44.74594969773554,0.03220160541006335,54.885254226978816,0.12286608781986436,57.51045978978435
2023-05-15,KMGZ,10200.0,88600.0,-1.4276686339364888,0.5891524204972141,0.5372790120116866,0.0,-0.019450396825396826,-0.1419813546692428,47.871566718063285,0.0066166433239962215,53.562139419615896,-0.035833216619981345,43.86011010707321,47.871566718063285,0.026804901960784278,54.27082454299865,0.11847595704948649,57.2331875966121
2023-05-16,KMGZ,10160.0,45200.0,-1.6993803281089819,-0.08388132812845904,-0.15942028754463353,0.0,-0.03523533308336457,-0.3120133481967972,45.333420893153544,0.009566704161979751,54.88249267767571,-0.0344399262592176,44.12867818307228,45.333420893153544,0.031170359955005618,54.76795329783106,0.1216343894513186,57.43271499436896
2023-05-17,KMGZ,10080.02,18670.0,-2.4335776374991824,-0.9307518033519531,-0.9999999874968744,0.0,-0.01857460511148518,-0.13254751163068482,48.01283458105855,0.02547712546268247,61.841522180077355,-0.02865036729581953,45.24817381645278,48.01283458105855,0.039635156057418956,55.729113826345454,0.13931806618990386,58.545203925666264
2023-05-18,KMGZ,10319.0,149010.0,-0.1285576359194048,1.1813670829624616,0.9911111067061729,0.0,-0.041038407960658205,-0.3745228429359885,44.40567858837118,-0.004036213288170913,48.766021787701874,-0.04710084933479158,41.702687415610846,44.40567858837118,0.015900926784772097,53.025595979809005,0.10460480847473536,56.35420127902443
2023-05-19,KMGZ,10299.99,145570.0,-0.3141719665548846,1.1229835118680815,0.735972217111301,0.0,-0.04201486217809086,-0.38504100116387846,44.24993680170748,-0.0024606940788060657,49.476050007528386,-0.0428849720288679,42.50665070754314,44.24993680170748,0.0124685031467206,52.63275983724734,0.08277718424275868,54.96311884431844
2023-05-22,KMGZ,10299.98,21240.0,-0.21371133023097522,-0.8017843083652095,0.9595999904039914,0.0,-0.04398661670540456,-0.40628032373997686,43.93579484978286,-0.029679778125320383,37.47753903851367,-0.044791476565357445,42.142564504130995,43.93579484978286,0.007802145980434577,52.09818783818273,0.08757292814207038,55.26949709673197
2023-05-23,KMGZ,10290.0,76700.0,0.2837418091058459,0.5172560000044032,0.7855147132439937,0.0,-0.044039480077745385,-0.4068497568017774,43.92737917228588,-0.0366365889212828,34.58725080055564,-0.03360677842565597,44.28943953974567,43.92737917228588,0.017440379008746357,53.20166537700627,0.09105817136378366,55.49190397603711
2023-05-24,KMGZ,10369.99,110450.0,1.1857424150482427,0.8819170063464108,0.9998816508882716,0.0,-0.06024218788221266,-0.5813818970343618,41.366638078006225,-0.04400607677110155,31.645280980645076,-0.04182248666814622,42.70991007480417,41.366638078006225,-0.00036537191522292845,51.16144330640182,0.08652181763786732,55.20237983656554
2023-05-25,KMGZ,10312.05,40300.0,0.5829369988549566,-0.12629354888638433,0.23932651594179724,0.0,-0.04415193394297609,-0.40806108604458025,43.90947804363285,-0.03373787462240772,35.77918047276817,-0.04672509099386956,41.77417191373989,43.90947804363285,0.007292121231956938,52.03972868993417,0.09166022008233096,55.530301020885965
2023-05-26,KMGZ,10310.0,60070.0,0.5974206793280683,0.27286504258823246,0.5998400100005964,0.0,-0.050683066217110814,-0.4784130610170943,42.87267586663031,-0.03349011746955491,35.88190192757269,-0.02416845950148569,46.11818983294331,42.87267586663031,0.0035760696195711247,51.613635509939016,0.09561786715009313,55.782542664857345
2023-05-29,KMGZ,10030.01,17470.0,-2.1333584039876268,-0.9621579827628195,0.26326315650914356,0.0,-0.022585875095979865,-0.17575606318226925,47.366099450943544,0.008604765407345867,54.452622954983795,-0.016453528881651584,47.62104825372522,47.366099450943544,0.029013146917529,54.522407243797,0.11919198528905231,57.2784420633047
2023-05-30,KMGZ,9949.0,28920.0,-2.9268325164870537,-0.42226580122953394,-0.5641971138440199,0.0,-0.01340246068441113,-0.07683426620633776,48.84769007967931,0.008873534270812892,54.57279958211163,0.000704635426388928,50.974925534369575,48.84769007967931,0.04378544114667343,56.198852886443404,0.13143943907579445,58.05056069370076
2023-05-31,KMGZ,9950.0,50250.0,-2.8829203746256313,0.13021053274353284,0.9999999857142859,0.0,-0.019176058865757337,-0.1390262442135868,47.91581470921133,0.004823137512961635,52.75685543222395,0.001419001754805754,51.114580403323764,47.91581470921133,0.07384257198691872,59.56274815647645,0.12664407354231477,57.74869300674119
2023-06-01,KMGZ,9999.99,36690.0,-2.3160302069678944,-0.18429536742454627,0.9999999909082645,0.0,-0.00046921909421906993,0.06247987573350146,50.93708839423364,0.0037301656301656303,52.26537967701266,-0.006477961252961231,49.57028548757438,50.93708839423364,0.07825469142969145,60.04984305418911,0.12035978193478192,57.35222306475962
2023-06-02,KMGZ,10000.0,41040.0,-2.2088765599143505,-0.015114227048187932,0.0,0.0,0.028498809523809523,0.37451735082944376,55.594240061315695,-0.0011472222222222222,50.06815690679339,-0.008528571428571427,49.16929245856391,55.594240061315695,0.09322261904761905,61.68702797860336,0.11147004761904766,56.78977208401362
2023-06-05,KMGZ,10150.0,22780.0,-0.6894475232208539,-0.6126185315965806,0.7714285670204082,0.0,0.059280035577449375,0.7060862050578429,60.43567440565493,-0.01751876026272578,42.73939474527736,-0.024425930487137384,46.06814103411422,60.43567440565493,0.09118429118773946,61.46553932265266,0.07839978106185005,54.68313690295326
2023-06-06,KMGZ,10070.0,30250.0,-1.4986037081985137,-0.3290059133564406,-0.6928285519724867,0.0,0.05986651179836384,0.7124036028204254,60.52627151443277,-0.012565114042969078,44.93825710340838,-0.02556221883324664,45.847358334433274,60.52627151443277,0.11502708500811779,64.02445951821673,0.08846845967119055,55.32666493225159
2023-06-07,KMGZ,10030.0,12490.0,-1.876176052115262,-1.2135711884643152,-0.9999999857142859,0.0,0.07709796562692874,0.8980171775581742,63.15356213414026,-0.01110543686401114,45.59038133429101,-0.010698075218788145,48.745167420632846,63.15356213414026,0.13454003267973857,66.06164436186869,0.10298450046685353,56.25125376410974
2023-06-08,KMGZ,10068.99,10470.0,-1.4612436005457101,-1.3569729179113303,0.039733332803549744,0.0,0.06586145602795837,0.7769798736260765,61.44810932234721,-0.016933529710668933,42.99785489451153,-0.021545860485888767,46.62841530847749,61.44810932234721,0.1349001444947971,66.09871479181044,0.09671737893368898,55.85256797759387
2023-06-09,KMGZ,10020.0,2250.0,-1.9454653388477188,-2.8395765417409904,-0.9999999795876714,0.0,0.06814300209105599,0.8015562050786418,61.79683356156115,-0.0076211766942305866,47.15271788818597,-0.015723593289611277,47.76350504309942,61.79683356156115,0.1406148892690809,66.68433435571822,0.10241640290846873,56.21514644986132
2023-06-12,KMGZ,10004.0,7140.0,-2.110535743797294,-1.6848098344443587,-0.5135134996347703,0.0,0.07184353338029867,0.8414175451523731,62.359854415716676,-0.003530998394293098,48.99366296011222,-0.013141509745308227,48.26770989148199,62.359854415716676,0.1424726180956189,66.87361218779945,0.11651323486478427,57.10907762928776
2023-06-13,KMGZ,9974.99,10390.0,-2.396506768430974,-1.169802634055845,-0.00022222221975793708,0.0,0.07457423826593487,0.8708321204064092,62.77319937951741,-0.0026350454446888907,49.3974606753661,-0.015961447488899855,47.71708047436692,62.77319937951741,0.15088166798695285,67.72351008689995,0.11829548906855736,57.22177973354947
2023-06-14,KMGZ,9950.0,60900.0,-2.642772530818686,0.721964923285117,0.5206867240665661,0.0,0.07164974674962113,0.8393301165689059,62.33045176792768,0.010425378878519583,55.26560327583163,0.010324174443646805,52.853337694442516,62.33045176792768,0.15885661242721544,68.51886436117609,0.1341406257477865,58.220336688409404
2023-06-15,KMGZ,9930.0,4150.0,-2.697511018531886,-2.087531319299686,-0.7502187679682663,0.0,0.08144274444923988,0.9448182157455134,63.80454642844384,0.011714995444300552,55.839798430162006,0.041538110823382726,58.866537752419376,63.80454642844384,0.16122753920299238,68.7532683831161,0.13910123363544813,58.53161309337064
2023-06-16,KMGZ,9975.0,8540.0,-2.0366602493305344,-1.2425031801803634,0.3806433745596607,0.0,0.07768554720133665,0.9043464819547128,63.241887041061,-0.003654824561403509,48.93786478736713,0.08384475772765246,66.583892998307,63.241887041061,0.1527497702589808,67.91076334583249,0.12648370927318295,57.73858795507626
2023-06-19,KMGZ,9999.99,19870.0,-1.5111906204813519,-0.263099164563564,0.7775555469160447,0.0,0.07005743920743923,0.8221781166316565,62.088513641031795,0.01682800412800415,58.09958233864629,0.07305783303283306,64.68076819867093,62.088513641031795,0.14772817412817416,67.40612107861868,0.11512333127333124,57.021134833653555
2023-06-20,KMGZ,9980.0,33940.0,-1.6163759185350683,0.2722833586544027,0.7307433371923095,0.0,0.07320184893596716,0.8560490329199099,62.56569090240027,-0.001201150714126666,50.043845439536796,0.08823337707160353,67.34339655524343,62.56569090240027,0.14156217991538633,66.78091837617688,0.11298066529885167,56.88547614511078
2023-06-21,KMGZ,10085.0,58210.0,-0.31044098517226176,0.8117459061742249,0.7692307633136095,0.0,0.05979612027921399,0.7116453602698772,60.51540144633738,-0.0027847628491157912,49.32997752705518,0.06978462906564047,64.09360825161868,60.51540144633738,0.12275024966357391,64.83731573970636,0.10745243505599228,56.534994285503906
2023-06-22,KMGZ,10077.57,10230.0,0.14723369026498884,-0.9269843785772633,0.6892111427776998,0.0,0.05460470566600596,0.6557245404777621,59.71092650824003,-0.0013098289815898006,49.994852211522215,0.06757899922444459,63.69554619504258,59.71092650824003,0.11860250157031907,64.40180286013015,0.10789467712170978,56.563056334289705
2023-06-23,KMGZ,9970.0,9660.0,-0.7362061441435173,-0.7918849557416643,-0.9999999923071006,0.0,0.07619799358392637,0.8883228691308268,63.018107889442476,0.006630090270812437,53.56817061631113,0.08122315916001974,66.12602462328535,63.018107889442476,0.1309849433220296,65.69462670478012,0.11669084714460842,57.12031239559037
2023-06-26,KMGZ,10200.0,67040.0,1.9098976379842425,1.278370579556133,0.6911764680471454,0.0,0.04850800653594772,0.5900521874140461,58.75948191259265,-0.01815746965452848,42.457768434981915,0.05611036414565826,61.5964104330559,58.75948191259265,0.12890350140056023,65.47886688282088,0.09115077030812324,55.4978101150328
2023-06-27,KMGZ,10000.0,38680.0,-0.3243200572294016,0.5954420246826619,-0.9999999941417692,0.0,0.06936507936507935,0.8147201629021664,61.98312658497529,0.0005146825396825398,50.81728727420589,0.07190912698412698,64.47520243904789,61.98312658497529,0.1425170634920635,66.87813393433885,0.11406587301587304,56.95419698773283
2023-06-29,KMGZ,10089.86,26470.0,0.5496832409306607,0.21613167905697947,0.9999999899859805,0.0,0.0619558163068885,0.7349091489224083,60.84842988581609,-0.01734199664591762,42.8174192055411,0.06977750336114585,64.09232532226402,60.84842988581609,0.13098390182958783,65.6945189059685,0.10147451085104794,56.15526690095985
2023-06-30,KMGZ,10097.99,39150.0,0.5186877389187292,0.6075197833506124,0.9997959081653435,0.0,0.05910525061588162,0.7042034584335731,60.408660248488374,-0.007213915252771469,47.33575745944964,0.07017370618091101,64.16362801005468,60.408660248488374,0.131834382340226,65.78249320986816,0.10064567391079263,56.10255984331333
2023-07-01,KMGZ,10070.0,3430.0,0.16777929782756965,-1.8273135489555035,0.7546058308734508,0.0,0.06233454666540565,0.7389887522109913,60.906727692758764,-0.011336245487933657,45.48715891047043,0.06840637206223105,63.84509017456656,60.906727692758764,0.13731482322157595,66.34677377184198,0.12972453578915843,57.942675694892365
2023-07-03,KMGZ,10050.0,71130.0,-0.07790057659877563,1.4807321406674423,0.4028056071863268,0.0,0.06450965411040038,0.7624185493900832,61.24093393392366,-0.008321357498223192,46.83821027651379,0.07157888533522862,64.4160049331166,61.24093393392366,0.12675819710968966,65.25581805388265,0.171559482350154,60.55053849630606
2023-07-04,KMGZ,10040.0,29650.0,-0.12701576219486557,0.6056854776262224,0.21874999829101563,0.0,0.06700674919370136,0.7893167292815099,61.62331173921275,-0.006275349396066527,47.75785115519681,0.07069548156580029,64.25743386637825,61.62331173921275,0.1275778584076393,65.34111852505471,0.18660495794599377,61.47474411622774
2023-07-05,KMGZ,9950.0,13750.0,-1.0053741232890399,-0.16273680146147637,-0.9999999888888891,0.0,0.071322656935471,0.8358067742979208,62.280802845162356,-0.0029399477546462253,49.2600325545092,0.07450094121400655,64.93824999186067,62.280802845162356,0.13329614341549015,65.93344527967898,0.20390005982292414,62.52696797792841
2023-07-10,KMGZ,10059.97,32900.0,0.110110432424042,0.6714979465808166,0.7331333308895512,0.0,0.05461463933725966,0.6558315438826988,59.71247100581352,0.009685803321607372,54.93566619123228,0.072545067618776,64.58907324536163,59.71247100581352,0.11650709949614703,64.18087122897073,0.18625830871312368,61.453540409855066
2023-07-11,KMGZ,9990.09,15420.0,-0.58806686103519,-0.4071923765245206,-0.6432202311949348,0.0,0.07098880121271607,0.8322105510910042,62.23010033492893,0.04577015379741322,70.03067471594757,0.07711657899049384,65.40271840746799,62.23010033492893,0.13898403206863713,66.5177267582732,0.19083530887323621,61.73315151831654
2023-07-12,KMGZ,9999.99,7910.0,-0.47461413997719626,-1.0747282226004284,-0.041581785002029345,0.0,0.059868937143937165,0.7124297281297763,60.526646024974475,0.09169792039792042,84.24997963851904,0.07549751807251809,65.11555552938727,60.526646024974475,0.13748263995763993,66.36398027331518,0.18952673682673687,61.65328857809176
2023-07-13,KMGZ,10010.0,10600.0,-0.3738349542773236,-0.7820029006450105,0.999999982758621,0.0,0.06058804528804536,0.720175808906181,60.63763266545066,0.08258194305694307,81.94408444311433,0.07666888389388393,65.3234246393751,60.63763266545066,0.13746760184260187,66.36243856980595,0.18580907425907425,61.42605534196366
2023-07-14,KMGZ,9953.01,2310.0,-0.9472838415412126,-2.3055998694669255,-0.9714030239588192,0.0,0.06265109872720487,0.7423985840432743,60.95543055143047,0.1018429065069619,86.52835523744173,0.08084978257474724,66.0605647730277,60.95543055143047,0.1413996509885667,66.7643572225614,0.1698320488582995,60.443928273759994
2023-07-17,KMGZ,10190.0,125440.0,1.295814087144269,1.9613738745397622,0.9291338546097092,0.0,0.03374236335031228,0.43099980319533543,56.42920806716268,0.0692710095487328,78.1176513847392,0.055578930869043724,61.498016162062775,56.42920806716268,0.11005804710500491,63.497151490075666,0.1492202162873654,59.164443514389916
2023-07-18,KMGZ,10480.0,241090.0,3.8992128147558742,2.342310751517548,0.9111111090864198,0.0,0.010303398764085786,0.17852023598731798,52.67524626796901,0.03674895492548164,66.50954852367454,0.02598149460802132,55.89121304274891,52.67524626796901,0.08221461892645102,60.485332997090815,0.1074143917363383,56.53258008698533
2023-07-19,KMGZ,10950.0,167210.0,7.369046578910221,1.7849041621590995,0.8413957163226532,0.0,-0.006539068275712115,-0.002903255365295369,49.95645118053262,-0.006056392694063927,47.85636910754439,-0.017383425744727135,47.43962268078046,49.95645118053262,0.03386732985431613,55.074609971318075,0.05943406175255489,53.466873724413
2023-07-20,KMGZ,10870.0,65209.99999999999,5.2526343484498,0.7347929395747678,-0.09090909049586778,0.0,0.01010759517238358,0.17641108112645015,52.643698451814856,0.0009163545362947381,50.998305100191175,-0.015114340474000088,47.88243692025837,52.643698451814856,0.043085021027730326,56.11965322809501,0.07387129605291978,54.39317973387404
2023-07-21,KMGZ,11000.0,54660.0,6.043665976401388,0.5583124158982621,0.16666666597222224,0.0,0.011549134199134194,0.19193903451571107,52.875907715734485,-0.016052272727272728,43.387768481851666,-0.03129761183261178,44.73562400802734,52.875907715734485,0.02262965367965368,53.79455795263354,0.08030888167388164,54.80528188401473
2023-07-24,KMGZ,10930.0,22210.0,4.868847422930174,-0.34227574508942044,0.6347843793706748,0.0,0.0318615536821621,0.4107401193996502,56.13010730901633,-0.0027967092173862866,49.32459296081297,-0.01689751702754905,47.534416751887,56.13010730901633,0.03275973148027128,54.948716761320796,0.08576566607124708,55.15408504732642
2023-07-25,KMGZ,10900.0,97390.0,4.438948876649274,1.1359033466327808,-0.9999999980000001,0.0,0.04849146643366827,0.5898740209319163,58.756891413812596,0.0010931447502548087,51.07796950512705,-0.02335169287898646,46.2770092890774,58.756891413812596,0.02398083952235329,53.94876649734012,0.08919639580602884,55.373123650465
2023-07-26,KMGZ,10920.0,41260.0,4.19277259933881,0.14222477327163016,0.41665451059752917,0.0,0.06025274725274726,0.71656404941372,60.58589659044421,-0.005185470085470085,48.248391902492024,-0.023497069597069528,46.24873531036603,60.58589659044421,0.016993711843711838,53.15058741597184,0.08109416971916969,54.855508197868964
2023-07-27,KMGZ,10916.0,6840.0,3.8236976153335283,-1.6548742542726482,0.11298482198157482,0.0,0.0652227945581555,0.7701003474040428,61.35028009067332,-0.003908778871265129,48.82343709680365,-0.02687258720270809,45.59295443698727,61.35028009067332,0.013263369336986054,52.72376196664016,0.07664394641330333,54.57074809778623
2023-07-28,KMGZ,10860.0,31620.0,3.0844860173819866,0.01097075669370103,0.1428571418367347,0.0,0.07082649083574498,0.8304621780525845,62.20544065895881,-0.000597886521090941,50.31579872411136,-0.025270612996579886,45.90400262849389,62.20544065895881,0.007659074366394805,52.0817895114577,0.08891951021660968,55.35545321612102
2023-07-31,KMGZ,10935.9,19010.0,3.6039209164381596,-0.5288617503745512,0.9999999926416483,0.0,0.06326764029480887,0.749039839359044,61.0502253144805,-0.013032511825403326,44.729799155890234,-0.026651167093178003,45.63592667994164,61.0502253144805,0.0022106978588215045,51.457015802238494,0.06100871912038075,53.568033058487444
2023-08-01,KMGZ,10948.4,31770.0,3.4895777366567264,0.036379240353034616,0.9999999907749079,0.0,0.06659061928596657,0.7848342659619086,61.55968846049274,-0.005026642611546309,48.3199085670685,-0.00039211675780120685,50.76048737465695,61.55968846049274,-0.0008067256620232013,51.11079463842309,0.055669684691189214,53.22492808221965
2023-08-02,KMGZ,10900.0,10450.0,2.911528411934624,-1.1095534739432282,-0.00020004000600516744,0.0,0.0760036879277705,0.8862298497147246,62.98883605483433,-0.0033488095238095243,49.07576487706349,0.013272142129022864,53.427621003955885,62.98883605483433,-0.006247961264016312,50.48621671054209,0.06533090505315275,53.84554615487548
2023-08-03,KMGZ,10910.0,9640.0,2.6120036033912553,-1.156218388058201,0.37499999531250006,0.0,0.07499919907468028,0.8754097083232176,62.837359521336936,-0.004730440981770038,48.45330008116016,0.026074416946735922,55.909133752237935,62.837359521336936,-0.0063232093754092,50.47757776384505,0.057020532713543653,53.311768405757846
2023-08-04,KMGZ,10890.0,94240.0,2.230595898239127,1.2531596318735005,0.6506245058493115,0.0,0.07426075691984782,0.8674553656740627,62.72584141774099,-0.000791476452840056,50.22852907362616,0.041748422537058905,58.90637128366314,62.72584141774099,-0.007038413354322426,50.39546659100529,0.07775007870916961,54.64155576079926
2023-08-07,KMGZ,10830.0,24270.0,1.386756044880352,-0.26691739530310316,-0.9999999833333336,0.0,0.07847939256034824,0.9128976161968422,63.361076292399666,0.002883113485468022,51.884179561614054,0.061427906388778965,62.57560912575486,63.361076292399666,-0.0011841434727168781,51.06748128772757,0.09520644374093123,55.7563341504785
2023-08-08,KMGZ,10930.0,62190.0,2.1097175327825637,0.799954859763874,0.9999999923076924,0.0,0.06064877612222077,0.720829988602233,60.647000810798815,-0.0061423582973903195,47.81768748782848,0.06529227951320815,63.28085893947073,60.647000810798815,-0.008022025443297179,50.28253661307945,0.09249727014624087,55.58367483738785
2023-08-09,KMGZ,10900.0,37780.0,1.618083231013065,0.17562063641152528,0.5384615343195267,0.0,0.05766339740789282,0.6886721207504902,60.1855714200087,-0.0033996031746031745,49.05287461560491,0.07285001092179992,64.64361751737417,60.1855714200087,-0.00403239041794088,50.74056268796804,0.09863305300713557,55.9745169917243
2023-08-10,KMGZ,10895.0,120010.0,1.470716700443501,1.2386751551752087,-0.08108108064280498,0.0,0.053575199414322865,0.6446349169618991,59.550753900305544,-0.0016514430676661256,49.84084973579535,0.07336520502341981,64.73568209348795,59.550753900305544,-0.0027710423086168903,50.88534828677991,0.09707428484014075,55.87529348356346
2023-08-11,KMGZ,10918.1,46470.0,1.4866083668941195,0.16199983093097456,0.9999999907493063,0.0,0.05122263991365433,0.619293643785142,59.18397856301094,-0.008797156723733724,46.6246322374287,0.0710917739917245,64.3286072549289,59.18397856301094,-0.0017009434711807714,51.00816952398669,0.10926223396622728,56.64980665788543
2023-08-14,KMGZ,10897.9,53650.0,1.2320363814108461,0.20136446141273934,0.6596033170062441,0.0,0.07605523615151139,0.8867851162740712,62.996602643396656,-0.011354792670118243,45.47886589553191,0.07769476546886786,65.50499765687438,62.996602643396656,0.005321260186723069,51.81377709541152,0.11817788142378394,57.21434502685347
2023-08-15,KMGZ,10900.0,76690.0,0.6523201695227229,0.5586539826974228,0.9999999948453608,0.0,0.06685001092179992,0.787628377779931,61.59935223928077,-0.003404761904761905,49.05054984548053,0.0820755133245959,66.27522686519083,61.59935223928077,0.007008377020532988,52.00720343765772,0.13275698995194407,58.13339596494937
2023-08-16,KMGZ,10900.0,71430.0,-0.11854584357221862,0.48760074179033863,0.9999999919987199,0.0,0.06592821464977429,0.7776989833752073,61.45832998785805,-0.012584232561526139,44.92972676476578,0.08207829110237368,66.27571257990374,61.45832998785805,0.011930559196155502,52.57116209314463,0.15117401339740782,59.2862896395881
2023-08-17,KMGZ,10913.99,73150.0,0.07650892359567926,0.5113949461437561,0.9998449534895706,0.0,0.0661752262837634,0.7803597404327766,61.49613838165131,-0.012173346546242143,45.11312155855415,0.07793293457507439,65.54708732519117,61.49613838165131,0.012205375252531958,52.602631136385426,0.14654539360446897,58.99744898716819
2023-08-18,KMGZ,10859.0,55450.0,-0.4549294518845422,0.2343647437050978,-0.04191714019563587,0.0,0.07371505740246186,0.8615772059341825,62.64334378339418,-0.01090305002653051,45.680924156039396,0.08163780000350818,66.19864662186427,62.64334378339418,0.021664648371550486,53.68437890030769,0.15187004167415807,59.329669078084414
2023-08-21,KMGZ,10811.11,75540.0,-0.8224786419407631,0.5435451106652848,0.06836538428671048,0.0,0.06655444537631938,0.7844446082610173,61.55415585680931,-0.009997596884938844,46.086342494671925,0.0786485250167328,65.67340087695067,61.55415585680931,0.027523080047152426,54.35267024892249,0.16509223539672066,60.15089840038138
2023-08-22,KMGZ,10900.0,98700.0,0.05854702809335277,0.6788621490977973,0.9999999947368422,0.0,0.05736864715305082,0.6854971333698321,60.13991411489609,-0.012582248434542012,44.93061203263059,0.06379117518567061,63.00756269664218,60.13991411489609,0.02297534221639727,53.83401782924795,0.1513514598805883,59.29735023619315
2023-08-23,KMGZ,10800.0,201710.0,-0.8594943949071239,1.3936079552323222,0.8385732663738077,0.0,0.0628642857142857,0.7446949891611088,60.98821796644492,0.024369047619047617,61.368905290711936,0.06914999999999999,63.97926920118373,60.98821796644492,0.032911640211640183,54.96598698536835,0.16315330687830687,60.030816643639525
2023-08-24,KMGZ,10818.45,103820.0,-0.5382320728564355,0.6435403958700869,0.8890892688262801,0.0,0.057376729551962366,0.6855841952607994,60.1411663275246,0.03186131057195274,64.51869794471925,0.06721836041669549,63.630279139055524,60.1411663275246,0.028763231348166385,54.493946003278346,0.16089353721453353,59.89071234562201
2023-08-25,KMGZ,10777.77,43810.0,-0.8676682887116852,-0.2946194533891996,-0.49271219644595005,0.0,0.07480011917387094,0.8732652617538631,62.807308263704755,0.04968838473940868,71.49227055806449,0.09440431006864787,68.39607842506962,62.807308263704755,0.033903238471409164,55.07869038182188,0.16153574460606013,59.93054535193229
2023-08-28,KMGZ,10739.98,71670.0,-1.1892338450268396,0.19759011725787803,0.7432890212506872,0.0,0.07838341230912402,0.9118637372385606,63.34667431307097,0.06735795522527212,77.52224502593252,0.08918099409720757,67.50622261148378,63.34667431307097,0.035426700664542676,55.25174259338401,0.16723136870477462,60.2832376364982
2023-08-29,KMGZ,10800.0,98150.0,-0.5663203690102746,0.38464382520769635,0.7142775487463139,0.0,0.07339761904761904,0.8581578271407594,62.59532027249297,0.07529140211640212,79.91672590920518,0.08212208994708994,66.28337067324564,62.59532027249297,0.027173809523809517,54.31286925165089,0.16472724867724867,60.12830331800685
2023-08-31,KMGZ,11100.0,242980.0,2.2536936560382386,1.2225819249680856,0.9999999972222222,0.0,0.04135610253110253,0.5130133907038154,57.635013722873495,0.05965076147576147,75.00838623575308,0.054111057486057525,61.22575425910147,57.635013722873495,0.00419266409266409,51.68435391572562,0.13171960531960533,58.06817874065765
2023-09-01,KMGZ,11200.0,193580.0,2.8385892319956256,0.9833457342500646,0.929258172515971,0.0,0.02842976190476191,0.3737735844864488,55.583222950648235,0.05463174603174603,73.27372123107267,0.046554761904761904,59.813425539721464,55.583222950648235,-0.005557936507936505,50.56543438366871,0.11494880952380948,57.01008924705009
2023-09-04,KMGZ,11350.0,94940.0,3.9074284800544548,0.24452842276165015,0.8513011120769476,0.0,0.01830779665757643,0.26474191649179124,53.962799874190196,0.04066318089644081,68.06298902779538,0.02109506852667646,54.94677998703447,53.962799874190196,-0.020530524089224532,48.84655819062497,0.09288824033284385,55.60860032668277
2023-09-05,KMGZ,11500.0,389020.0,5.053245816901248,1.6549133307892276,0.9047573650899692,0.0,0.0046903140096618175,0.1180572746527686,51.77011904958286,0.027067322291235336,62.51585407615388,0.007280986887508625,52.2597133266449,51.77011904958286,-0.03691637336093858,46.96870437684833,0.08165232919254656,54.8912015661302
2023-09-06,KMGZ,11650.0,80380.0,5.4732681880433605,0.05451995745359273,0.999999995,0.0,-0.007274160365147489,-0.010821511818813908,49.837677892979876,0.018101687785271478,58.65764140168936,-0.01001844301382928,48.87801490189666,49.837677892979876,-0.05001845152939567,45.47307390494174,0.06043354792560801,53.53108619821755
2023-09-07,KMGZ,11800.0,93080.0,6.589822756640991,0.169914731390964,0.5237414843847131,0.0,-0.027236595372612322,-0.2258526379831766,46.61738520265393,0.00936464218455744,54.79225378615619,-0.02611645816518703,45.739727310384396,46.61738520265393,-0.06768451708366963,43.46979592049578,0.03976211326338447,52.20096873774194
2023-09-08,KMGZ,11850.0,135550.0,6.727697517652341,0.4465402569645295,-0.07789050021845184,0.0,-0.02835680128591521,-0.23791925906339165,46.43725918985856,0.005093183644765922,52.87820827151065,-0.01813528229857344,47.29298247059383,46.43725918985856,-0.06630254671488849,43.62582695640566,0.039557117741611414,52.187759377856025
2023-09-11,KMGZ,11850.0,72800.0,6.202733009820611,-0.17508363580324504,0.9607842948865825,0.0,-0.03914499698613623,-0.35412742053430374,44.707983283337995,0.002559157122764717,51.73832857462851,-0.018388336347197158,47.24363782255608,44.707983283337995,-0.0698538577456299,43.225128928204796,0.03969243520192889,52.19647890536996
2023-09-12,KMGZ,11850.0,34510.0,5.951561182434117,-0.9215486784094835,0.8664886399667732,0.0,-0.04378912497488447,-0.4041529846049463,43.967237974282725,0.0008698061080972472,50.97732879859277,-0.017384779987944545,47.43935851212388,43.967237974282725,-0.07391586296966043,42.76789618101407,0.03729134518786417,52.04173912042519
2023-09-13,KMGZ,11900.0,73060.0,6.2407479457236485,-0.17151857448421728,0.9999999861111113,0.0,-0.05166174136321195,-0.4889551426186877,42.717828114858506,-0.010483730158730158,45.868607580451325,-0.023901890756302523,46.170015356090424,42.717828114858506,-0.0730156162464986,42.86912727582308,0.037768674136321206,52.07250410534884
2023-09-14,KMGZ,11950.0,41440.0,6.381378366410454,-0.7385517955075961,0.999999990909091,0.0,-0.06574891412631999,-0.6406991869995617,40.506140823929684,-0.020076877864116355,41.614454703730964,-0.031287555621969845,44.73756900964227,40.506140823929684,-0.07781245932124593,42.33043930316614,0.031162552301255197,51.64659442035692
2023-09-15,KMGZ,11950.0,30580.0,6.158958238662243,-1.0424512377487911,0.06508875701130913,0.0,-0.0640677342764163,-0.6225898733675103,40.768254816960564,-0.02426177193332005,39.79331548498056,-0.02774668592681142,45.42337786658898,40.768254816960564,-0.07772396725775388,42.34036092793643,0.027852430763100233,51.433090488898394
2023-09-18,KMGZ,11920.0,44160.0,5.697688522518344,-0.674979202991529,-0.801980194049603,0.0,-0.0633396372643017,-0.6147469664068432,40.88193712163815,-0.021891458932566315,40.82167830216362,-0.025353416959625032,45.88791691576719,40.88193712163815,-0.08016988121870672,42.06635806821035,0.028920307339938306,51.501974971770295
2023-09-19,KMGZ,11900.0,3170.0,5.303350849551732,-3.257299363118523,-0.9999999800000005,0.0,-0.07095891690009337,-0.6968202345243256,39.697337411898005,0.0006645658263305324,50.88483655768661,-0.02251330532212885,46.44011149327687,39.697337411898005,-0.07327007469654528,42.8405078007114,-0.00018347338935578716,49.62344567034641
2023-09-20,KMGZ,11815.0,10290.0,4.38391071572808,-2.1316180997236183,-0.01601721243116832,0.0,-0.0633308363393319,-0.6146521647052053,40.88331186394015,-0.0004202036689975753,50.39589583919152,-0.022480826935090584,46.44643148242735,40.88331186394015,-0.07055098459047886,43.146573676681335,0.0331247093081837,51.773126323358554
2023-09-21,KMGZ,11750.0,12080.0,3.6031632547876313,-1.848604058691727,-0.048689138316272036,0.0,-0.06046291117865584,-0.5837594816820834,41.332041853750916,0.004267907801418439,52.50724651415194,-0.013907117527862209,48.11816781144095,41.332041853750916,-0.06331613475177304,43.96343449541787,0.04142093042890915,52.30784696934252
2023-09-22,KMGZ,11700.0,5730.0,2.609828885707417,-2.543769518304012,-0.7101449172442766,0.0,-0.05623849206349206,-0.538254932793922,41.995625800660804,0.010101923076923121,55.12135950847904,-0.0205510989010989,46.8221362494861,41.995625800660804,-0.05332759462759462,45.096509418501626,0.04492606837606841,52.53361367600494
2023-09-25,KMGZ,11699.0,57590.0,2.2853274858977364,-0.22657543973342262,0.9861111042631173,0.0,-0.05363484418014293,-0.5102089886852667,42.406076707239684,0.012079741145966893,56.001923496479854,-0.02515357359942581,45.92674046072916,42.406076707239684,-0.05674206674834506,44.708547347862506,0.045087562293344846,52.54401311018553
2023-09-26,KMGZ,11948.0,47350.0,4.237875031054095,-0.42235722408852777,0.7399130025000906,0.0,-0.0727116186012403,-0.7156999664050749,39.426484352798575,-0.019950382610359176,41.66988664758864,-0.04950681551272445,41.24581325249079,39.426484352798575,-0.08040989154059124,42.03949700689152,0.016381886056509448,50.692881326019766
2023-09-27,KMGZ,11850.0,11120.0,3.001256469127006,-1.7686309245701473,-0.3277310906009463,0.0,-0.0641574844283705,-0.623556643014646,40.75424838103853,-0.012121212577858148,45.13640062474391,-0.05164730259192285,40.84061270447732,40.75424838103853,-0.06894816656620453,43.32723695761522,0.029538537271448673,51.54185194152401
2023-09-28,KMGZ,11840.0,11690.0,2.5255412300674487,-1.5015022394317574,0.052631578024007405,0.0,-0.06033902831402831,-0.5824250416759738,41.35145823344917,-0.015368575718575719,43.69083878552989,-0.04913090948090948,41.317097657320915,41.35145823344917,-0.06721924066924068,43.52231355539393,0.030216023166023176,51.58554877373107
2023-09-29,KMGZ,11857.94,4350.0,1.9928501564359298,-2.3531102302261355,0.7121428444260388,0.0,-0.05710172315724642,-0.5475534754897746,41.859783222494954,-0.02018385249187139,41.56759350511203,-0.05226289709880553,40.724306383049644,41.859783222494954,-0.06603800325298081,43.65570966752403,0.034067013554322956,51.83388389201712
2023-10-02,KMGZ,11880.0,6110.0,1.600040591433884,-1.9466025403299534,0.4001400099996029,0.0,-0.05715577200577201,-0.5481356782502093,41.8512818943751,-0.009894324194324195,46.13261696943063,-0.06328075998075998,38.66136141877066,41.8512818943751,-0.0729331289081289,42.87840582436503,0.03167604617604619,51.679709756577495
2023-10-03,KMGZ,11750.0,15580.0,0.24008010381455996,-0.8909378049603026,-0.9999999918032788,0.0,-0.041950445795339436,-0.3843471215183696,44.260207590714835,0.0008413390746368973,50.96450041707848,-0.05195877237419791,40.781752774796566,44.260207590714835,-0.06727201114488349,43.51635640470468,0.04084777102330292,52.27092042695598
2023-10-04,KMGZ,11746.0,3200.0,-0.7232910531621851,-2.3194617985133643,-0.9809523716099774,0.0,-0.04013298238643888,-0.36476979022425304,44.55018986084626,0.002180773596685396,51.56793616608745,-0.05408072535331175,40.38146881378507,44.55018986084626,-0.06091885984826986,44.23484761319919,0.044499045537960885,52.506114395586614
2023-10-05,KMGZ,11697.0,2330.0,-1.3048842017052995,-2.293084409887635,-0.2894736804016621,0.0,-0.032249324613148674,-0.27984869674787594,45.812104217050475,0.00397321749166453,52.37471390946783,-0.04998348365677809,41.155473769749435,45.812104217050475,-0.057461336952494946,44.626902298880616,0.049370396255450116,52.8197237775351
2023-10-06,KMGZ,11656.89,26510.0,-1.702554062456598,0.6506807978405061,0.30134122712643624,0.0,-0.027847936006087398,-0.2324378699369449,46.51907208359407,0.004058729107849572,52.413175020618176,-0.04419638655764955,42.256119421339136,46.51907208359407,-0.05310711519110152,45.12158194086636,0.05105127315261623,52.92788544360232
2023-10-09,KMGZ,11800.0,32009.999999999996,-0.4277575267424212,0.8392071536201666,0.6438356142334397,0.0,-0.03609994619316653,-0.32132677767710177,45.19497282359698,-0.004642124024751113,48.493077112767345,-0.05496466236211999,40.215097197547976,45.19497282359698,-0.06572110573042776,43.69151233307098,0.033588014527845045,51.80299982413349
2023-10-10,KMGZ,11796.39,11420.0,-0.43028309560929157,-0.19147358067871664,0.9915289153767703,0.0,-0.03578527242232578,-0.3179371783976065,45.24535215840028,-0.004479839422423754,48.56617333721409,-0.05401018243414173,40.39475575121919,45.24535215840028,-0.06498009014380063,43.77525689992647,0.030622332852314554,51.61175398530142
2023-10-11,KMGZ,11808.0,24980.0,-0.31969671493720353,0.7427974119718569,0.9999999930858052,0.0,-0.038916279519938056,-0.35166372438142146,44.744527596365515,-0.0042991966705381345,48.64754563937756,-0.05197850367789392,40.77802494502267,44.744527596365515,-0.06714844173441735,43.53030619562617,0.029129490902051886,51.51546791358829
2023-10-12,KMGZ,11780.0,14900.0,-0.4535421387923984,0.22608377018955636,0.5185827024977622,0.0,-0.0356003058722074,-0.31594475785573284,45.274969894424835,-0.009058606866628939,46.50732394509399,-0.0450020252243512,42.102407495633464,45.274969894424835,-0.020204833993586118,48.88393363094582,0.03159074568140782,51.67420880976328
2023-10-13,KMGZ,11741.0,42430.0,-0.657340214559076,1.2725774222344037,0.458333330150463,0.0,-0.03442161892324144,-0.3032481914330189,45.46378466715325,-0.0026831637336534706,49.37577173908679,-0.040051072486457034,43.04933625266283,45.46378466715325,-0.01691416491929644,49.2616260765222,0.02375476977975699,51.168718390738
2023-10-16,KMGZ,11783.1,5420.0,-0.14148860748690756,-0.7851793433575993,0.5345794342562737,0.0,-0.040041293887007695,-0.3637821411082191,44.56482906830771,-0.01711646142922211,42.917023560235165,-0.03899214743997764,43.25255471588241,44.56482906830771,-0.058528204872515185,44.50585459554683,0.017059812711991418,50.73664045045668
2023-10-17,KMGZ,11781.99,7780.0,-0.019546093791942873,-0.3955611743292869,0.9999999878033908,0.0,-0.03442304413952383,-0.3032635435612595,45.463556280752506,-0.021692489353908544,40.90838171539956,-0.03740343182688152,43.55786965044476,45.463556280752506,-0.06263398738243707,44.040629401367696,0.02446946314429302,51.214833964034966
2023-10-18,KMGZ,11796.0,46450.0,0.10860258456137735,1.3912570744583777,0.9393939299051118,0.0,-0.03601308716433335,-0.3203911505965098,45.208877992367924,-0.026677920683363207,38.75426522860329,-0.03477865014774984,44.063354162199694,45.208877992367924,-0.05526302418899062,44.87652411348857,0.02309626386668598,51.126226548602794
2023-10-19,KMGZ,11712.0,3690.0,-0.6100704969102515,-1.1696470080058892,-0.9550111770697104,0.0,-0.030236761644548533,-0.25816979427666176,46.135177899400084,-0.029931407754358572,37.37127779269757,-0.026721983151184035,45.62218230050689,46.135177899400084,-0.013998388303408809,49.59636137820072,0.0328515612802498,51.75551339069977
2023-10-20,KMGZ,11748.0,10020.0,-0.3077717949331592,-0.14253489574806164,0.9199999816000004,0.0,-0.03631545146488967,-0.32364815486659065,45.160476059776094,-0.0312323443098724,36.82386307313355,-0.025915349319843704,45.778777286504784,45.160476059776094,-0.03153437423999221,47.58480743451111,0.014968024141900571,50.60161537297764
2023-10-23,KMGZ,11620.0,10310.0,-1.3965621108668187,-0.11400374456058435,-0.5757318590476275,0.0,-0.02570252916427609,-0.20932800137116608,46.86420104919845,-0.02226065213233888,40.66094948853737,-0.014986713520749682,47.90735398782098,46.86420104919845,0.0028652323580034417,51.53210021481459,0.03412485178810473,51.837612990928164
2023-10-24,KMGZ,11565.0,35930.0,-1.9429129522351671,1.159427244943178,0.571428568707483,0.0,-0.026176746340559567,-0.2144361684572249,46.787887315937105,-0.027088166265209067,38.57882484083588,-0.01242298035945896,48.40808468045089,46.787887315937105,0.007881299796183072,52.10725995481447,0.03815083534062125,52.09713417110415
2023-10-26,KMGZ,11520.0,68770.0,-1.9289179181261926,1.808622065132195,0.4244604301278402,0.0,-0.01666785714285714,-0.11200842595038693,48.320505685567056,-0.022453472222222222,40.57708417195537,-0.007493353174603174,49.37171735044438,48.320505685567056,0.020718253968253962,53.57628977943012,0.038206597222222194,52.100727906760525
2023-10-27,KMGZ,11400.0,67730.0,-2.5890402799875822,1.7684095917926468,-0.15384615325443787,0.0,-0.009811779448621554,-0.0381562076658665,49.42768188186656,-0.01463199665831243,44.01787808970723,0.0009553258145363411,51.023936034882965,49.42768188186656,0.010009502923976607,52.35112728661145,0.044164598997493726,52.484575751751315
2023-10-30,KMGZ,11420.0,3430.0,-1.9970086657481405,-1.3446169233390708,-0.599999994,0.0,-0.01579035874127818,-0.10255619883338478,48.46214223208947,-0.01624411086092347,43.30281792941466,-0.0029795506351986203,50.25449280780163,48.46214223208947,-0.006621992188585876,50.44327538009692,0.04177659981096932,52.33076016735815
2023-10-31,KMGZ,11400.0,9890.0,-2.1362936075180907,-0.285657228783204,0.12860892219672254,0.0,-0.00886484962406017,-0.02795607995109048,49.58066863244492,-0.011937009189640769,45.218668833373265,0.00450735171261487,51.71810869540725,49.58066863244492,0.008719924812030037,52.2033692686678,0.0387212197159566,52.13389320995716
2023-11-01,KMGZ,11290.0,18040.0,-3.007753239798375,0.31540913366043055,-0.5719852869422876,0.0,0.00014616636439045497,0.06910867768779692,51.03648166218969,-0.0012029601979557697,50.04302970692201,0.013966248049263994,53.56271098844905,51.03648166218969,0.011537319161499825,52.526128835753404,0.05038647524849918,52.88511002103723
2023-11-02,KMGZ,11299.0,12510.0,-2.779837516786284,-0.05065351352347039,0.9799999902000002,0.0,-0.0006254976560645213,0.06079647613137837,50.91184603293891,-0.0012981744767411642,50.00010617771059,0.011797632077287356,53.140480826213235,50.91184603293891,0.037416399681387734,55.47756323007489,0.04146731393563416,52.310835177470636
2023-11-03,KMGZ,11270.01,12800.0,-2.9477405583849063,-0.06831544157981505,0.07723076804261028,0.0,-0.0032008909148304055,0.033054884860501364,50.495807021073524,0.0043860945606546565,52.56038944320993,0.011236424745852024,53.03113785604413,50.495807021073524,0.05346915885611455,57.2904278079494,0.04911914110567611,52.80355362195161
2023-11-06,KMGZ,11271.0,7530.0,-2.8568446953770565,-0.6093887818152621,0.9999999836065577,0.0,0.0022591959559087604,0.09186978536393445,51.377697962623756,0.009180947522297004,54.71019018967952,0.010909577465978915,52.96744300581329,51.377697962623756,0.05548744470638935,57.51707951530779,0.04812762948316582,52.739736694355464
2023-11-07,KMGZ,11300.0,39060.0,-2.5327167068674723,1.1270453401131888,0.9999999977272728,0.0,-0.004823184436016276,0.015579882301980862,50.23369653275825,0.008365139064475348,54.345433252400035,0.002931981317600786,51.410299849569675,50.23369653275825,0.04918273282764436,56.808060518367995,0.04427943531394857,52.49197141356367
2023-11-08,KMGZ,11312.0,5620.0,-2.0923171602236477,-0.8117184892101793,0.9999999878048782,0.0,-0.003996691812038348,0.024482685974681867,50.36723368602677,0.011991996699669948,55.9629337091909,0.00755403504636178,52.31300449059376,50.36723368602677,0.03823833883388339,55.57078367912977,0.04045511944051547,52.24562190119576
2023-11-09,KMGZ,11320.0,5420.0,-1.9447197435867825,-0.847954219507119,0.99999998989899,0.0,0.0012501051657412068,0.08100007287992761,51.21476200057605,0.0127982822928936,56.32092889967074,0.0030770977059846327,51.43865871508208,51.21476200057605,0.035785443659206904,55.29247437322772,0.035469381344999745,51.92429518532814
2023-11-10,KMGZ,11355.0,3770.0,-1.4859544745389788,-1.1074113639813201,0.8660594618621351,0.0,-0.005551270155794593,0.00773709697997095,50.11605624627654,0.013560919775219641,56.658939715209975,-0.0043317140550628,49.99003851695708,50.11605624627654,0.032541384642804726,54.9238912233347,0.027791057537061514,51.4291313775319
2023-11-13,KMGZ,11410.0,8140.000000000001,-0.9174523350641502,-0.22215975728736792,0.9999999925925926,0.0,-0.013821394488265654,-0.08134693250168061,48.7800381893157,0.009699211218229559,54.94165163366777,-0.004067586912065458,50.04169656548277,48.7800381893157,0.02183397360989385,53.7037141676745,0.02882582529944494,51.49588053632379
2023-11-14,KMGZ,11430.0,11720.0,-0.5082620141565938,0.16322155745771982,0.9999999750000007,0.0,-0.011978543307086614,-0.06149612949623203,49.077662697317535,0.01183901387326584,55.894937274396426,-0.006670606799150107,49.532610853421154,49.077662697317535,0.029982055368079,54.632721757407175,0.026775696787901482,51.36362913818849
2023-11-15,KMGZ,11482.99,2600.0,0.004095127933623445,-1.3634334403198245,0.9995999800079918,0.0,-0.015750999777628276,-0.10213223240468326,48.46849573724046,0.00717231721296747,53.81128026305411,-0.01128296421178504,48.630853485036205,48.46849573724046,0.01113018369911322,52.47949996616686,0.01720210838116562,50.745825276286574
2023-11-16,KMGZ,11500.0,2410.0,0.2052329212916797,-1.439317630658852,0.9999999777777784,0.0,-0.01457129054520359,-0.08942465416085096,48.65895189370043,0.003427639751552795,52.12926149188537,-0.017870910973084884,47.34453959544063,48.65895189370043,0.014867960662525874,52.907411630471465,0.012853336783988978,50.46510326338321
2023-11-17,KMGZ,11544.0,2660.0,0.9719450620881224,-1.3197441398509635,0.986455959673713,0.0,-0.02369876744876745,-0.18774390413604738,47.1868155636666,0.0005512317262317263,50.83375951783449,-0.016271072996072996,47.65665344642996,47.1868155636666,0.0030998300498300477,51.559010239351466,0.0034186227436227568,49.855996261129576
2023-11-20,KMGZ,11555.55,11720.0,1.0921606247603204,0.16322159070095374,0.9366972391128561,0.0,-0.02987196076776954,-0.2542402364181039,46.1937744082852,-0.0026228401689478206,49.40296214277292,-0.021661387091669537,46.60592400941324,46.1937744082852,0.0038999327781270993,51.65078082212764,0.015848232311993588,50.65843404627729
2023-11-21,KMGZ,11600.0,5400.0,1.5258478162756,-0.6261350050421681,0.9999999897959185,0.0,-0.027608155446086483,-0.2298550044783955,46.55762936041098,-0.008648289545703338,46.691443208964415,-0.023635577449370553,46.22179948522381,46.55762936041098,-0.007032676518883396,50.39612523496364,0.039397482211275314,52.17747268176986
2023-11-22,KMGZ,11599.99,5150.0,1.55393002470905,-0.559891746946074,0.8369767344537539,0.0,-0.028281877953042003,-0.2371122007742757,46.44930380721779,-0.0030987411048944745,49.18846418365562,-0.01784576253158235,47.34944428689228,46.44930380721779,-0.0035350968830200682,50.79764683690012,0.042039072321244625,52.34766873845575
2023-11-23,KMGZ,11574.0,5520.0,1.449133026934214,-0.35022220092021966,-0.9299499310239783,0.0,-0.0250944765360784,-0.20277818711455578,46.96207376309385,-0.0013427312449085388,49.98001954641478,-0.019226759485546422,47.08018726888039,46.96207376309385,0.016916904885334122,53.141803601915115,0.06374165864375816,53.74353274320471
2023-11-24,KMGZ,11585.0,13340.0,1.7950871908982435,0.7074915325608808,0.7499999812500006,0.0,-0.026709629309931423,-0.2201762710536762,46.70215069336866,-0.0036371481321632376,48.94582992772673,-0.023538037692418357,46.24076795602173,46.70215069336866,0.002956363592768428,51.54255372227243,0.06932813384165354,54.10198326854051
2023-11-27,KMGZ,11560.0,15020.0,1.507660625664406,0.8261072698775026,0.12280701538935061,0.0,-0.024115997967814606,-0.19223822300783344,47.11961932723813,-0.004608686219585873,48.508137650674215,-0.017850232053605752,47.34857259388791,47.11961932723813,0.004756287416927518,51.74899106417956,0.07258126956665029,54.310524430412755
2023-11-28,KMGZ,11535.0,11730.0,1.1774786389927683,0.4035483666085741,0.27536231484982154,0.0,-0.02320275094433092,-0.18240091929951752,47.26671376688621,-0.0026726706504014066,49.38050139320908,-0.014807396226804548,47.94236450230736,47.26671376688621,0.006618292670340788,51.96248577320518,0.0982266868949574,55.948654292474956
2023-11-29,KMGZ,11600.0,27930.0,1.6771206991074186,1.2710995851289895,0.9999999900000002,0.0,0.016549425287356322,0.2458011121353982,53.68034829988078,-0.013470621237000546,44.53457166498954,-0.0177155719759168,47.37483611965778,53.68034829988078,-0.006932348111658455,50.4076438799198,0.08714610016420368,55.2422448666923
2023-11-30,KMGZ,11595.0,5140.0,1.316848076981858,-0.4215470935136384,-0.12727272495867772,0.0,0.01690520185219416,0.24963346201512784,53.73751723065499,-0.007456384114663545,47.22677331793522,-0.022514893529641263,46.439802445938426,53.73751723065499,-0.002078691040883797,50.96481463315278,0.09283953623277685,55.60549545197328
2023-12-01,KMGZ,11580.0,14020.0,1.0728209585538122,0.7572094850753031,0.44444443621399193,0.0,-0.020392260876716833,-0.15212691494650035,47.71967923243542,-0.00981932930339666,46.166224897131194,-0.026356211448309894,45.69318045858702,47.71967923243542,-0.0006391602927872039,51.130024301338885,0.10508196808948106,56.384507588654095
2023-12-04,KMGZ,11544.0,20400.0,0.5813109498848802,1.1322592719719795,0.09777106742056009,0.0,-0.021599599049599048,-0.16513210629109357,47.525042733974395,-0.010923873048873049,45.671607127834015,-0.01716981816981817,47.48129233215532,47.525042733974395,0.002683182358182365,51.51121717143017,0.11561201696201695,57.052060322576004
2023-12-05,KMGZ,11540.95,3230.0,0.4370847894497742,-0.7561347345056929,0.945730232310805,0.0,-0.012679071726097273,-0.06904207340506245,48.96451697314925,-0.00562389128924431,48.0510182017386,-0.017583295221976027,47.400636226596376,48.96451697314925,0.0030217867748637967,51.550058219972094,0.1091091534667753,56.64009808391886
2023-12-06,KMGZ,11480.0,16480.0,-0.45778003777720383,1.0847513952747643,-0.9999999841269844,0.0,0.027494502516453717,0.36369916824171217,55.43394104201711,-0.0011947444831591175,50.046733429531024,-0.011337833914053425,48.62013016365388,55.43394104201711,0.004241560201316295,51.68996161947508,0.12392490321331787,57.57726254265789
2023-12-07,KMGZ,11544.0,29020.0,0.08038213993767901,1.4466595002364642,0.9999999890109892,0.0,0.0069910446160446164,0.14284025794645544,52.141293343584735,-0.00674444031944032,47.54684684355693,-0.017573181698181697,47.402608890471114,52.141293343584735,-0.005723653598653601,50.54640962575976,0.12286646124146128,57.5104833545412
2023-12-08,KMGZ,11501.0,24680.0,-0.3498749130001191,0.9104320727741911,-0.8857142772789117,0.0,0.03430623713879953,0.4370737323381298,56.51878953109265,-0.008147890038547373,46.916106058927284,-0.013425450926972565,48.2122454135398,56.51878953109265,0.006785547392014223,51.98165955538805,0.12640733776773033,57.733775321107764
2023-12-11,KMGZ,11452.0,22630.0,-0.763739188619626,0.6579791894651463,-0.9374999853515628,0.0,0.0387959075561765,0.4854355121307443,57.2304893757277,0.0015244023363216517,51.27227706236454,-0.010449950518104552,48.79366631789465,57.2304893757277,0.007014048007140915,52.007853512679304,0.1305979198199247,57.997630053625635
2023-12-12,KMGZ,11509.99,13260.0,-0.22899332769641345,0.12302854661726079,0.9013114606342312,0.0,0.042151966913159256,0.5215862734349935,57.76055892569277,-0.00796474414730984,46.998364256852476,0.03011583656823887,56.6869976939655,57.76055892569277,0.020831646567770402,53.58924230984917,0.1288104187870642,57.88513727915172
2023-12-13,KMGZ,11500.0,15680.0,-0.34628830848141984,0.22705724552723883,0.6594295304506241,0.0,0.02132606970324362,0.29725411512079913,54.44702978396252,-0.005274413388543823,48.20834572278094,0.030858830227743342,56.82965758683765,54.44702978396252,0.013973747412008304,52.80507598055975,0.1298284161490683,57.94921300468629
2023-12-14,KMGZ,11500.0,5510.0,-0.33071865807840467,-0.881198001354891,0.5161290239334029,0.0,0.006552984817115252,0.13812157047892498,52.0706386103315,0.0005516735679779159,50.83395864907,-0.008110904071773638,49.250959549439735,52.0706386103315,0.007935448585231174,52.113466071227855,0.12659163216011038,57.74538858336954
2023-12-15,KMGZ,11441.0,11790.0,-0.8382793430929992,-0.12051219139058915,-0.9699527182655038,0.0,0.02523856694733363,0.3393987076114967,55.07346013796938,0.0020550978588562713,51.5113340254681,-0.007333187484998953,49.40303789584459,55.07346013796938,0.012492698773417243,52.635530191805444,0.12874792371629187,57.88120278922138
2023-12-19,KMGZ,11503.0,48440.0,-0.2648891622545503,1.2925611262523546,0.9687499848632816,0.0,0.012314067206760385,0.20017873102611397,52.9990765049035,-0.006767946250046572,47.53627575554935,-0.0040797187828158,50.039323812466286,52.9990765049035,0.0024423354018068416,51.48358869105528,0.12104281864358368,57.39536195404765
2023-12-20,KMGZ,11452.01,23300.0,-0.6593800714218695,0.532517973978259,-0.9684374848681575,0.0,0.04321976088192904,0.5330883241382379,57.92884253600209,0.0012238640785911339,51.13687015810998,0.035327496346971035,57.68520418076568,57.92884253600209,0.004485930938608482,51.71798690427421,0.12752661103624377,57.80429281386321
2023-12-21,KMGZ,11473.0,13040.0,-0.4211543054658507,-0.10750532303732992,-0.08695651984877131,0.0,0.05428988228400978,0.6523333296185558,59.66196747809364,0.00022734390888753302,50.687781588967795,0.018607010662715362,54.46447889928279,59.66196747809364,0.013517038796401204,52.75280013243432,0.1321106970955964,58.09276881720058
2023-12-22,KMGZ,11540.0,14640.0,0.18687132092459194,0.008230489535298393,0.7777530750333024,0.0,0.0500841393634288,0.6070299567468526,59.00611017878211,-0.0029681067921102583,49.24734100983674,0.03602289483095376,57.817941441352126,59.00611017878211,0.012312974196033118,52.61495167346237,0.12045232593326177,57.3580685688978
2023-12-25,KMGZ,11498.0,10940.0,-0.17797428725005454,-0.3042259404258402,-0.46148667697387447,0.0,0.05049820500183609,0.6114901841940247,59.07082733916836,-0.004659140444024772,48.485412945863246,0.03983947132282495,58.544389612232685,59.07082733916836,0.01661163114634153,53.10688990080422,0.13199378539262863,58.08541836039005
2023-12-26,KMGZ,11459.0,30890.0,-0.48888049104290965,0.7337797427361411,-0.45636623095327,0.0,0.044438568907505985,0.5462170663092191,58.12070069491442,-0.006486374853341866,47.6629183043882,0.05215342380079705,60.861560284907824,58.12070069491442,0.02416742225906856,53.97005499674623,0.13730737241954405,58.41912616147115
2023-12-27,KMGZ,11500.0,9340.0,-0.07517070431268189,-0.48435338246316917,0.5238095171579744,0.0,0.03896618357487923,0.4872696893764932,57.257424543949355,-0.003926311249137337,48.81553773315164,0.026634006211180127,56.017021661891484,57.257424543949355,0.017144054520358887,53.16778037220977,0.13572531055900627,58.31984756525985
2023-12-28,KMGZ,11510.0,3820.0,0.02112319886150835,-1.37840642937466,0.9999999833333336,0.0,0.03810342593741811,0.4779762466516555,57.12090493575549,-0.005456476769682678,48.126380028768615,0.011001910347110172,52.98543750208551,57.12090493575549,0.015265329665025577,52.95287958586224,0.1325201481113731,58.118508932361976
2023-12-29,KMGZ,11541.0,17920.0,0.35722639317007565,0.2235619306665343,0.7159825992578036,0.0,0.029794372857019077,0.38847288493403226,55.8008546082216,-0.00712575166796638,47.37539129995331,0.02159711195283066,55.043989658343484,55.8008546082216,0.012558629791921967,52.64307908922278,0.1476399726028528,59.06581105377431
2024-01-03,KMGZ,11480.0,2620.0,-0.17936605937734318,-1.755480552739232,-0.9999999826629684,0.0,0.045319357336430506,0.5557047329046697,58.25919726635141,-0.0024878726287262875,49.463799025189246,0.019813114595431634,54.698388099553505,58.25919726635141,0.016052680991095622,53.042955748149325,0.16818925667828105,60.342449555554644
2024-01-04,KMGZ,11420.0,6080.0,-0.6712281471967029,-0.9136540212322936,-0.999999989130435,0.0,0.03687402774302955,0.46473342942294815,56.926182570903805,0.003202586662218855,52.02798070858531,0.051634053317766104,60.764732499741584,56.926182570903805,0.021978398382119922,53.72020516820714,0.22466223209073471,63.77459018362852
2024-01-05,KMGZ,11490.0,5600.0,-0.024069827411272397,-0.9127111826505417,0.477618065892266,0.0,0.03571821459654358,0.4522832547608132,56.742919543203605,-0.004226117949355547,48.68046672856654,0.05814191118571012,61.971668753862815,56.742919543203605,0.013493035351651542,52.75005247865927,0.23236603775539807,64.23294118315187
2024-01-08,KMGZ,11482.0,1100.0,-0.089111003457657,-2.5401556922474056,0.0769230749506904,0.0,0.02862906765040104,0.37592046380852473,55.615022309094066,0.04219147257404965,68.65903683732375,0.06091393879446919,62.481398547228196,55.615022309094066,0.022547065385987178,53.785129905663176,0.253268201850792,65.46331901342337
2024-01-09,KMGZ,11493.0,4090.0,0.0012646286017999227,-1.1678741750249377,0.8748999328199113,0.0,0.029459482480018902,0.38486551665050234,55.747465727374035,0.04102761152751371,68.20566696642375,0.05639861561695943,61.649740245085894,55.747465727374035,0.03726304924736796,55.46016666224101,0.23409881698176527,64.33568169428007
2024-01-10,KMGZ,11485.0,7820.0,-0.02311734901211734,-0.4622201890827534,0.5500224906251319,0.0,0.023157907657330834,0.3169862859742395,54.740513051300965,0.00273019086316866,51.81533489272536,0.04745015548230611,59.98168460086024,54.740513051300965,0.057060269088044444,57.6934879340433,0.20980219109120937,62.883413308876115
2024-01-11,KMGZ,11489.9,1540.0,0.03089094430045896,-1.998748504361372,0.8639999884799905,0.0,0.026231054779373486,0.3500895765434757,55.23211989633188,-0.002081681395958903,49.64689936916253,0.045286964424379926,59.57479065379595,55.23211989633188,0.07125328244115578,59.27600600998601,0.183804053473741,61.3032955068037
2024-01-12,KMGZ,11475.0,6250.0,-0.1263394280913894,-0.4839057750756656,0.4399999912000002,0.0,0.04585900248988485,0.5615176763172862,58.343987750143555,0.007910309679427328,54.14186895536602,0.04668424369747899,59.837771684282885,58.343987750143555,0.07573659352629933,59.77208369105649,0.15998320105820105,59.834226230666786
2024-01-15,KMGZ,12000.0,62790.0,4.456741342909041,1.9903607020761538,0.9999999982142858,0.0,-0.013181349206349207,-0.07445250014835222,48.88339817717114,-0.0029940873015873197,49.235631434349145,-0.004957936507936508,49.86756206923349,48.88339817717114,0.0250968650793651,54.07607974939144,0.09484123015873014,55.73306661021758
2024-01-16,KMGZ,11998.12,10750.0,3.439503717063927,0.22547150285216044,0.9623999903760161,0.0,-0.013483198689223312,-0.0777039589112876,48.83465169656241,-0.016992353974080346,42.97185834971277,0.004692239243142734,51.754225448319126,48.83465169656241,0.019486275689805092,53.43553349720742,0.07744482261083327,54.62201704054452
2024-01-17,KMGZ,11550.0,38310.0,-0.5654598902440919,1.3386348852976877,-0.7999759955195106,0.0,0.025022655122655127,0.3370729511195928,55.03893054137622,0.04464722222222222,69.60397514307155,0.03027023809523815,56.716653056721846,55.03893054137622,0.0548270202020202,57.44294873119807,0.12643387445887444,57.73544757638069
2024-01-18,KMGZ,11500.0,5140.0,-0.9837170841240447,-0.6700204022151905,-0.9999999911504426,0.0,0.02174908557625949,0.3018107526014466,54.51483038627665,0.04921954796411318,71.31965335625056,0.04009851621808143,58.5935656266414,54.51483038627665,0.08024455486542445,60.26888004105786,0.12256133540372668,57.491227261999214
2024-01-19,KMGZ,11600.0,12580.0,-0.272105268387597,0.3826738263978979,0.7647058778546714,0.0,0.017149028461959495,0.25225991066565934,53.77669151128467,0.048781677613574166,71.15787439909751,0.02330911330049261,55.37518713935407,53.77669151128467,0.08042954296661192,60.28922211999594,0.10980893541324577,56.68447503734604
2024-01-22,KMGZ,11999.99,28280.0,3.0402159462547997,1.1927198507140746,0.9999555533334311,0.0,-0.0172863888868055,-0.11867111902464803,48.22068488512675,-0.007106312995340177,47.384130380173104,-0.009436307381446596,48.99181743499079,48.22068488512675,0.04986241202753911,56.88463596457625,0.0569498850647191,53.30722725897073
2024-01-23,KMGZ,11830.0,6220.0,1.2005113502002402,-0.3216633865422225,-0.99999999375,0.0,-0.0028841199398891727,0.036467074778831716,50.54698429968478,-0.00717059030712877,47.355233723633305,-0.0018645792241945899,50.47254734661083,50.54698429968478,0.0630172982999906,58.359817499335165,0.05764803700572932,53.35210121786529
2024-01-24,KMGZ,12100.0,65690.0,3.4106229458705575,2.234047289674031,0.7289972879972973,0.0,-0.025475177095631643,-0.20687901299183603,46.90079306549224,-0.01672179588088682,43.091459512800924,-0.02107048078184448,46.720978939885406,46.90079306549224,0.035190791027154666,55.22495350184683,0.012776643053915737,50.460152212627285
2024-01-25,KMGZ,12100.0,31940.0,2.647381182594828,1.5129596409686923,0.9999999949748745,0.0,-0.029543916437098257,-0.25070661229711355,46.24647584612638,-0.02364928833792473,40.05821927178867,-0.0037276006821461375,50.10819100542891,46.24647584612638,0.04146741768332678,55.93662499608132,0.005367525908434978,49.98182029055587
2024-01-26,KMGZ,12200.0,35200.0,2.959517205295157,1.6101465274306834,0.9999999948453608,0.0,-0.04159867291178766,-0.3805578984463377,44.316304212367555,-0.0069582812906583405,47.45068648788071,-0.024303018475149624,46.092032446684925,44.316304212367555,0.030461247723132967,54.687263187014864,-0.028132585219880338,47.82037966755537
2024-01-29,KMGZ,11950.0,18840.0,0.47558666036871644,0.9850830032414413,-0.6666666644444444,0.0,-0.012853201168891545,-0.07091775891980169,48.936394088067374,0.02637759679883109,62.22395113620246,-0.00409230756458793,50.03686169653969,48.936394088067374,0.05706885999867172,57.694450958742586,0.011293931394035978,50.36443242211913
2024-01-30,KMGZ,11780.0,21000.0,-1.0108845655737906,0.8161211351368183,0.08310410918749511,0.0,-0.002489823348694317,0.0407143542322498,50.61068494457054,0.04319828199531085,69.0483778420843,0.010005831110033147,52.79127440288308,50.61068494457054,0.06778477780472689,58.89090903071358,0.009793507963457015,50.267566491708
2024-01-31,KMGZ,11933.15,30710.0,0.18747740222415718,1.1961867426858757,0.6779951083667584,0.0,0.002871879815392244,0.09846948626405991,51.47661279119951,0.026398185149359564,62.23267742125855,-0.010681617927224045,48.74838412009083,51.47661279119951,0.05212625490921023,57.1394504903821,0.011295873651357674,50.364557810815406
2024-02-01,KMGZ,11848.9,10250.0,-0.5577420964542963,-0.12931496324196534,0.3416666650848732,0.0,0.0025551609807193086,0.0950578579896676,51.425481471431645,0.024304323889418743,61.3412320547157,0.0006625560647449073,50.96669874400695,51.425481471431645,0.0646177855703437,58.53833284613093,0.017756821613070517,50.78163012711565
2024-02-02,KMGZ,12150.0,67730.0,1.9199169596169776,1.7589348739671344,0.9999999992063491,0.0,-0.02844964726631395,-0.23891937631950347,46.42233391821396,-0.002792857142857143,49.326329198105064,-0.02442617577895352,46.068093356541226,46.42233391821396,0.030979365079365107,54.746222377053485,-0.035612198706643144,47.33861884478209
2024-02-05,KMGZ,12298.99,38870.0,2.8382184208326247,0.905924408463611,0.9999999976133082,0.0,-0.0412164754850111,-0.37644094863204136,44.377269014347185,-0.014907653650795955,43.89542467595908,-0.0363696500881857,43.75680313111539,44.377269014347185,0.016462188141091016,53.08979721661883,-0.05575426707415654,46.04398184766092
2024-02-06,KMGZ,12322.0,25910.0,2.7966446061592065,0.2629044499551055,0.999999996794769,0.0,-0.047165107511922155,-0.4405183541893169,43.43042626861712,-0.021955909548800313,40.793605378729104,-0.03816664521838601,43.4111349806115,43.43042626861712,0.01816924690127092,53.28499952949386,-0.0490986093398567,46.47127225427814
2024-02-07,KMGZ,12281.6,8570.0,2.2858767421652706,-1.0068140122925633,0.7055999943552059,0.0,-0.04640677704988547,-0.4323497789030097,43.550878140512495,-0.00948337117546344,46.316822251039554,-0.03901164420953376,43.24881101361091,43.550878140512495,0.023600283092218968,53.905341755959626,-0.05327231713772884,46.20325740082827
2024-02-08,KMGZ,12170.0,2950.0,1.2533714329603545,-2.073270719063827,-0.9999999910394266,0.0,-0.027224359601413832,-0.22572083684472244,46.619353176516746,-0.013570796976692574,44.489955457079766,-0.03409718407220461,44.19479783837082,46.619353176516746,0.02758637066165827,54.359881914897926,-0.045238250446713896,46.719347291599554
2024-02-09,KMGZ,12150.0,2630.0,1.0669099108318127,-2.1880909335148533,-0.9999999859154932,0.0,-0.020977527924750147,-0.158431287754649,47.62531858323415,-0.0069878453850676075,47.43739352921782,-0.02432385361552028,46.08798242343398,47.62531858323415,0.03335995002939454,55.01694751102971,-0.039395590828924146,47.09511405658913
2024-02-12,KMGZ,12150.0,3560.0,1.0067510958851547,-1.885316900136277,0.2917533891354789,0.0,-0.020556878306878308,-0.15390013907375077,47.69313684011162,-0.014401998824221048,44.120104423399354,-0.028340108759553204,45.308313109742194,47.69313684011162,0.03506202233980012,55.21032968947777,-0.027617621987066424,47.85356432760091
2024-02-13,KMGZ,12086.0,1050.0,0.434387406523372,-2.9429131066789864,-0.900134491424551,0.0,-0.011542712150224975,-0.05680144848950964,49.148060732083,-0.007439751949651822,47.23424825871981,-0.004979174776535359,49.86340831296213,49.148060732083,0.04036574982466923,55.81188096780092,-0.03002936665537194,47.69816630808389
2024-02-14,KMGZ,12200.0,2670.0,1.3736293666060244,-2.0096383942759144,0.9862357262284392,0.0,-0.02400475539942751,-0.19103994159833865,47.13753426869244,-0.023346539162112916,40.18937654761949,-0.02170746812386155,46.59695310738437,47.13753426869244,0.02875633619568046,54.49316071800359,-0.04103816029143896,46.98943816793216
2024-02-15,KMGZ,12039.61,22250.0,-0.3341234112960386,0.34804416363364704,0.19604009975930092,0.0,-0.01173842187190243,-0.05890959220233225,49.11644810181597,-0.00695159999744505,47.453690660276436,-0.01429275226417653,48.042856435126616,49.11644810181597,0.0492098520372759,56.81111650562741,-0.0187854484812124,48.422987371628835
2024-02-16,KMGZ,12100.0,1940.0,0.12627744878485567,-2.3290261154712786,0.41643059143116806,0.0,-0.01670793650793651,-0.11244015239086107,48.314037123765154,0.005393431063885609,53.013092917615246,-0.02006565328610783,46.91670760732063,48.314037123765154,0.03972546897546901,55.73934688414117,-0.005472825659189273,49.28199853850581
2024-02-19,KMGZ,12010.0,8170.0,-0.7365417553194576,-0.8912538045267593,0.624906225254425,0.0,-0.011251732352669071,-0.05366707567696815,49.19506341390789,0.0004158753287604247,50.772755269515535,-0.01686124360651838,47.54149391594257,49.19506341390789,0.027015717391591663,54.29485210579767,0.007055754133460185,50.09081500940622
2024-02-20,KMGZ,12030.84,1230.0,-0.6062713294544142,-2.47021800871981,0.6380952316302317,0.0,-0.012635049731713317,-0.0685678777959174,48.97162687751855,-0.0017984002898266168,49.774600954031676,-0.021058410587171932,46.72332948626789,48.97162687751855,0.029202650367127866,54.543986576744516,-0.0009467290373263992,49.574171793953745
2024-02-21,KMGZ,11950.01,5120.0,-1.3068881178583094,-1.044090314354941,-0.3705655598948596,0.0,-0.007813836468131816,-0.016634788613218963,49.750480242182995,0.004530140805952419,52.62515229213197,-0.003868067948618192,50.08071847805535,49.750480242182995,0.03828278925030591,55.57582392350485,0.04903098777309914,52.79788015346093
2024-02-22,KMGZ,11990.3,1730.0,-0.9677000555758131,-1.6936435112164911,0.5440893286090656,0.0,-0.0032396305532156385,0.03263758967251143,50.4895482010053,-0.006382875579055973,47.70947688094838,-0.0025564933969773104,50.33723154130902,50.4895482010053,0.038973725868225,55.65415459114935,0.03994249434959932,52.21259175508681
2024-02-23,KMGZ,12200.0,11220.0,0.7633320439777375,0.29304354462714505,0.9217053954884323,0.0,-0.005834341660161335,0.004687910628393139,50.070318613065176,-0.01938828389279209,41.91645895474156,-0.01945752016653656,47.03521132165695,50.070318613065176,0.018885037730939372,53.36682070065748,0.015429358574030688,50.63139536144258
2024-02-26,KMGZ,12050.0,3980.0,-0.4119115810275689,-0.7433701780922596,-0.9999999933333334,0.0,0.02493653098860568,0.336145240170119,55.025155823192065,-0.007081844826450599,47.39513080814811,-0.0033159273529605477,50.18870545977748,55.025155823192065,0.03510696338009615,55.2154335897688,0.038961320226569174,52.14936605862651
2024-02-27,KMGZ,12044.9,1110.0,-0.5335178136344818,-1.7894944885725204,-0.267647054887554,0.0,0.0393983976159574,0.4919254075773206,57.325775109766866,-0.006580099737925012,47.62076018500519,-0.005972394886355727,49.66915854296109,57.325775109766866,0.02608277528248474,54.1885055921297,0.04842144916566812,52.75864883205094
2024-02-28,KMGZ,12040.0,920.0,-0.7969078077134543,-1.5984979307457912,-0.9999999732620328,0.0,0.042756063122923516,0.5280934699893546,57.855786474139805,-0.006103211517165006,47.835301895776816,-0.006489627168696936,49.5680040340293,57.855786474139805,0.02800442045035069,54.40751210472394,0.05917912513842752,53.45049335001985
2024-02-29,KMGZ,11950.0,4080.0,-1.7632910684463696,0.07902176338901454,-0.9999999918699188,0.0,0.048705186956233,0.5921761731810956,58.790360426198596,-0.0027202380952380954,49.359060925114875,0.0011503171282459985,51.06205589254429,58.790360426198596,0.03204331042040246,54.86725216325073,0.07969893072989306,54.76626321232872
2024-03-01,KMGZ,12000.0,2380.0,-1.44089919623909,-0.4599728430902694,-0.999999986491963,0.0,0.03846706349206349,0.4818932734503307,57.17845894838216,-0.01094920634920635,45.6602724346501,-0.005115873015873016,49.83667307533224,57.17845894838216,0.027605436507936447,54.362054342033474,0.07789722222222223,54.65097355840387
2024-03-04,KMGZ,12000.02,820.0,-1.510963652491839,-1.3786363567207507,-0.9983999600639666,0.0,0.03305737837593018,0.4236212899832964,56.32032948942607,-0.0026905555527778186,49.372439955985186,-0.004774693509108739,49.903400595147076,56.32032948942607,0.02011733035868219,53.50763988619715,0.07866384385258826,54.70003513514673
2024-03-05,KMGZ,12000.0,810.0,-1.1777088174162031,-1.2439005812445565,-0.11111110864197538,0.0,0.05279964285714288,0.636280785823478,59.42995658458001,-0.006778968253968253,47.531319015503534,-0.006771031746031745,49.512971504439726,59.42995658458001,0.007873373015873028,52.10635144295217,0.07774376984126988,54.64115195954865
2024-03-06,KMGZ,12000.0,680.0,-0.7320233671819004,-1.360217354894241,0.09090908925619838,0.0,0.06220396825396826,0.7375821891913177,60.886631319512304,0.011468650793650793,55.73023050765763,0.0011476190476190484,51.06152843917112,60.886631319512304,0.008030952380952382,52.12441182031229,0.07599007936507937,54.52888290911713
2024-03-07,KMGZ,11950.0,1030.0,-0.9684564923250651,-0.8887276656212085,-0.9999999857142859,0.0,0.07329928604635716,0.8570986048568768,62.58043897096409,0.008179894733346633,54.26254207894129,0.02046424254499568,54.824580932552806,62.58043897096409,0.02034149398950661,53.53325004938505,0.07345869363086938,54.36674584896208
2024-03-11,KMGZ,11901.0,1830.0,-1.3296559756022568,-0.1657919318394283,-0.9799357847117197,0.0,0.07533150285490214,0.8789892143335346,62.887498900086904,0.006462419024411696,53.492959650174974,0.0430564492379592,59.153850648328756,62.887498900086904,0.02342311120314025,53.88512290262386,0.07500431696416068,54.465755349089974
2024-03-12,KMGZ,12000.0,6510.0,-0.4521026751723765,1.2394101921947023,0.7333333284444445,0.0,0.06293531746031746,0.7454601281001669,60.99914019782492,-0.002695634920634921,49.37015048869197,0.04835198412698416,60.15091523760348,60.99914019782492,0.014284920634920636,52.840690019038206,0.06905714285714287,54.08460489655453
2024-03-13,KMGZ,11951.0,1920.0,-0.7866894722913819,0.01839732668447478,-0.199999996923077,0.0,0.07366015555582119,0.8609858148585331,62.63503976268158,-0.002867350012551251,49.2927534798519,0.05558274491873555,61.4987226652193,62.63503976268158,0.028635674938538712,54.47941830978077,0.0738336347957865,54.390767021226814
2024-03-14,KMGZ,12170.0,4290.0,1.0547704184420972,0.7987655841862442,0.999999996296022,0.0,0.05180165708025198,0.6255306941928418,59.274346754018424,-0.023333216600800823,40.1951514014947,0.034338099150917574,57.496157679363606,59.274346754018424,0.007876961954324316,52.10676278203273,0.054380161990844,53.14201186662453
2024-03-15,KMGZ,12080.01,2250.0,0.2947684082907906,0.1534099110963315,-0.9997777666691311,0.0,0.06397330943552906,0.7566411580344339,61.15862121041703,-0.005697624463887051,48.01782992601705,0.036342121324718216,57.8788375229259,61.15862121041703,0.025987504191793256,54.17764343080186,0.056891787873401684,53.303492799588945
2024-03-18,KMGZ,12009.99,3230.0,-0.31177534608231317,0.514961487644769,-0.6640336078652674,0.0,0.06528452798362827,0.7707653268014174,61.35974034187078,0.004765625829790369,52.73100667936098,0.03703046987985678,58.01006606855446,61.35974034187078,0.034044131094197426,55.09469979846081,0.07266970846274448,54.316191700314675
2024-03-19,KMGZ,12000.0,3590.0,-0.365556977369082,0.5433827107796415,0.0,0.0,0.06465952380952385,0.7640329140789792,61.26392296624217,0.00600952380952381,53.28972956820125,0.057646468253968276,61.88028265161647,61.26392296624217,0.029208730158730163,54.544678872851925,0.11022500000000002,56.71085486304869
2024-03-20,KMGZ,11949.0,2870.0,-0.8058240856140767,0.3195427892986797,-0.9999999803921573,0.0,0.0739807905821966,0.8644396275213402,62.683525952347,0.014074269115965073,56.88611637062366,0.0716659692582364,64.43161946054501,62.683525952347,0.026846519931932877,54.275568084175084,0.10372506206935028,56.29831265084344
2024-03-26,KMGZ,11919.0,4320.0,-1.019499225518582,0.6238451095575902,-0.08724832156209181,0.0,0.07019900339194325,0.8237030160743876,62.11004772832953,0.013444663082952807,56.60745244722867,0.08100385069456927,66.08758323338279,62.11004772832953,0.025528052249509582,54.125254290270775,0.11851269731401246,57.235509952668885
2024-03-27,KMGZ,12044.0,3720.0,0.02699905131031573,0.47431349481033663,0.9999999942528736,0.0,0.05726756838681448,0.6844083342866053,60.124252779705756,0.0019095387020079814,51.44577190626484,0.06724930203012236,63.63588080823812,60.124252779705756,0.020866715166084147,53.593248003179696,0.10122085501310013,56.13913799255932
2024-03-28,KMGZ,12100.0,8850.0,0.4786160710962964,1.2153357382020595,0.03836907376493175,0.0,0.05602238292011019,0.6709954599008504,59.931152330806505,-0.0027182539682539682,49.3599552424348,0.0589007116620753,62.11146750294394,59.931152330806505,0.015514951462678735,52.98143943520104,0.08299886199658929,54.977289310184695
2024-03-29,KMGZ,12105.0,1260.0,0.6979427681017258,-0.7339679537013709,-0.43359331612002355,0.0,0.05756885879506697,0.687653770816008,60.170929157757804,-0.005168394111052103,48.256080514869126,0.06468545317755356,63.170479693690616,60.170929157757804,0.011066042662418132,52.47215355282211,0.09256461910662653,55.58796873069011
2024-04-01,KMGZ,12150.0,6470.0,1.0736706245919103,1.0277656377195963,0.4545454504132232,1.0,0.04786105232216346,0.5830833335084584,58.65812038610178,-0.008519415049970606,46.74929114115884,0.05846860670194004,62.03188248937007,58.65812038610178,0.009705291005291002,52.31627473210219,0.08162303057025277,54.8893280928925
2024-04-02,KMGZ,12112.01,4160.0,0.6481618753089895,0.4604337436647548,-0.7946306361608135,1.0,0.05522928183587113,0.6624523428290939,59.807998684399436,-0.0073695967722605515,47.26577923675526,0.06603939633648158,63.41656530092117,59.807998684399436,0.011278840211702217,52.496525972387865,0.07016385600862943,54.15557096682358
2024-04-03,KMGZ,12100.0,1620.0,0.5074207092405087,-0.6327144997644534,0.04109588984800151,1.0,0.05797738751147842,0.6920543557109662,60.234189521017846,0.0014719139446412173,51.248629813332336,0.06216049783549785,62.70972883995872,60.234189521017846,0.011090925488652759,52.47500352769055,0.08242639708776073,54.94069358126013
2024-04-04,KMGZ,12100.0,1360.0,0.4458912096286515,-0.6575950870307578,-0.0629325943676634,1.0,0.057570513577331756,0.6876715957804385,60.17118546822532,0.016355089859635314,57.89184016919845,0.060632661025842874,62.429800062460195,60.17118546822532,0.01109767152039879,52.47577618718087,0.07422127115308935,54.41559938272661
2024-04-05,KMGZ,12075.0,1680.0,0.21361162604181388,-0.42121283497123313,-0.4402776173706744,1.0,0.05814408212560387,0.6938499548243773,60.259992248637516,0.036529779158040024,66.42145704868642,0.06748561076604559,63.67864993232618,60.259992248637516,0.034464924085576255,55.14250757609533,0.0733227225672878,54.35803415482414
2024-04-08,KMGZ,12079.0,1280.0,0.23567000894612825,-0.6931459608356142,0.15999999680000007,1.0,0.06401998897469963,0.7571439801537257,61.165787648039164,0.05008914944209881,71.63932857850163,0.06068285884461687,62.439010582001764,61.165787648039164,0.06667152716179332,58.76707468053133,0.07871928143031917,54.70358262763566
2024-04-09,KMGZ,12055.0,470.0,0.02630725405723611,-1.6950243780803795,-0.539869024076774,1.0,0.062044749264284764,0.7358671159226714,60.86212208687181,0.05503760031732857,73.41679805171299,0.06115422814086233,62.52545554720357,60.86212208687181,0.08016293673836188,60.259903835463035,0.07426267355967692,54.41825153156016
2024-04-10,KMGZ,12150.0,6490.0,0.8096694671118095,0.9302545305483624,0.9999999935483872,1.0,0.03305811287477954,0.4236292018494934,56.32044627107272,0.04471362433862436,69.62930216993426,0.056462742504409164,61.661600645938805,56.32044627107272,0.07558446502057614,59.755282824045565,0.06492433862433863,53.81945176756109
2024-04-11,KMGZ,12330.0,15210.0,2.2112354617842533,1.6068106222074863,0.9047619011715797,1.0,0.021619125825512658,0.30041085366383297,54.49400232426312,0.023737443517553008,61.09854570060038,0.04279243135210288,59.10393525567868,54.49400232426312,0.056955995828988526,57.68179863460708,0.05492238153168813,53.17687868408656
2024-04-12,KMGZ,12548.0,19960.0,3.560016762052048,1.7670169881243531,0.951082566757619,1.0,0.005321982887300129,0.12486147815152779,51.872046676103764,0.0006967501302933242,50.89934094191406,0.01888318115579035,54.51805658092519,51.872046676103764,0.03409284967945312,55.100235372538265,0.02629332303636578,51.33250892648103
2024-04-15,KMGZ,12715.6,12270.0,4.095951332407354,1.2804439615894774,0.437333331875558,1.0,-0.004152471055426533,0.02280466492533255,50.34206463714707,0.006076361107740661,53.319728856515546,0.009102086363606885,52.61503656718003,50.34206463714707,0.019928014769509436,53.486009587848685,0.010620807512032426,50.32097647010416
2024-04-16,KMGZ,12749.96,7290.0,3.8409216717145007,0.6904067342082895,0.11080736184791962,1.0,-0.008498145318800061,-0.024006018763669475,49.639915943897165,0.01220554162585117,56.05781078754407,0.007945962551914954,52.38948825666392,49.639915943897165,0.015139168736639001,52.93844446416306,0.008748487090180584,50.200099693478194
2024-04-17,KMGZ,12725.01,7640.0,3.334569288644885,0.7373007368582507,-0.5527939154868646,1.0,-0.0036480001082233454,0.028238719230518256,50.423570655528,0.020376018741831984,59.64853495978314,0.009568065778674082,52.7059148921922,50.423570655528,-0.0013661340035993896,51.04659505192851,0.010899334460247961,50.33895784936491
2024-04-18,KMGZ,12655.0,1840.0,2.4978768631519666,-0.7614135043328284,-0.9999999858156031,1.0,-0.007153503853800178,-0.009521825407593365,49.85717300736885,0.023715401089976357,61.08909794335554,0.013646765504568743,53.50053824574464,49.85717300736885,0.01236012806281471,52.62035089168353,0.0230204532056468,51.12133455880908
2024-04-19,KMGZ,12590.0,5930.0,1.8499205051515495,0.408843011240793,-0.9999999920571884,1.0,-0.0005803755815272926,0.061282521571174885,50.919134270330034,0.02578142390660262,61.97092424132771,0.02492066423339259,55.68651696346981,50.919134270330034,0.01278025738492379,52.66845387445653,0.034987879017108536,51.893253900542355
2024-04-22,KMGZ,12827.01,14910.0,3.5734386049681017,1.2574678916648523,0.38513432720855556,1.0,-0.023082548686976432,-0.1811061260161947,47.28607803708115,0.012645104172107643,56.25296646389489,0.00190381759531906,51.20934957937193,47.28607803708115,-0.0015537076840199046,51.025067680809386,0.025140897976223625,51.25815639894553
2024-04-23,KMGZ,12940.0,4480.0,3.9659098117939906,-0.13450730059073646,0.9999999913043479,1.0,-0.03176303083830137,-0.27461044309730515,45.89013700276608,0.0016741879492652286,51.339755819532066,-0.026230772061529403,45.71753292966228,45.89013700276608,-0.006020558867544955,50.5123237278454,0.014998136085964536,50.603559167756174
2024-04-24,KMGZ,13018.9,3830.0,4.303315152548508,-0.3067544612717029,0.9999999922414463,1.0,-0.04462543536521441,-0.4131615431795069,43.83412048321495,-0.0004861653058245807,50.366161407804796,-0.02849079668606338,45.279102633687536,43.83412048321495,0.005316109851038295,51.81318652812528,0.015218180762717776,50.61776349856202
2024-04-25,KMGZ,12990.0,1430.0,3.830361564683686,-1.2919420372255783,-0.07852175889897141,1.0,-0.05375011547344109,-0.5114506666670889,42.38788219577672,-0.0028373254151544975,49.30628620904894,-0.024576950218116445,46.038788568930514,42.38788219577672,0.005512110964478199,51.83566079103586,0.016113695516697835,50.67556974176909
2024-04-26,KMGZ,12950.0,540.0,3.2125454213412743,-2.07943185354573,-0.32840832222282296,1.0,-0.050568886743886744,-0.4771831438900983,42.89075070387032,-0.0011034749034748753,50.08787858306546,-0.017523809523809546,47.41223915217692,42.89075070387032,0.008709534534534533,52.20217860542585,0.009161196911196934,50.22674443922216
2024-04-29,KMGZ,13026.0,2660.0,3.7643839843756224,-0.4849284209478789,0.699999995625,1.0,-0.048841625357343856,-0.4585774496954949,43.16440830925406,-0.002574668977064142,49.424675208069495,-0.02483564501034561,45.988514580942905,43.16440830925406,-0.0023055981443706186,50.938771321046595,-0.00372081660854115,49.395091310110686
2024-04-30,KMGZ,12999.0,520.0,3.2727745037020175,-2.0389604241099604,-0.5147255646358321,1.0,-0.047959787932405004,-0.44907848353692886,43.30428386356018,-0.006463195886863076,47.67334488428735,-0.019942986639997953,46.940608257931586,43.30428386356018,-0.0043614816524348045,50.70278535058522,-0.003180918403979799,49.42994322180372
2024-05-02,KMGZ,13050.0,11520.0,3.516262837778176,1.2669680720224095,-0.11032028408407388,1.0,-0.05211969074986316,-0.4938880765168352,42.64541932757948,-0.011884291187739465,45.24221837417391,-0.03263169129720854,44.477740828767,42.64541932757948,-0.003528708264915161,50.798380170899435,-0.004638615216201403,49.33584625691153
2024-05-03,KMGZ,12990.01,8109.999999999999,2.6425709556404944,0.6687847279170573,-0.9998747667655425,1.0,-0.03843593537747074,-0.3464895589119997,44.82129507943679,-0.003860265249255113,48.845295631560965,-0.026805943158663956,45.605887733262776,44.82129507943679,-0.015158763626756763,49.46314263087178,-0.0029435280292866572,49.44526759973255
2024-05-04,KMGZ,12971.6,1810.0,2.2782517228549573,-1.056290549388942,-0.578028363440719,1.0,-0.03858940293006409,-0.3481426789172243,44.79676555135655,-0.0006059470824419152,50.31216508652187,-0.02911748482766016,45.157655810699175,44.79676555135655,-0.017166135885624642,49.232702129575706,-0.0014213125181410102,49.54353428192174
2024-05-06,KMGZ,13027.86,1960.0,2.6243974537809445,-0.9766731900881377,0.2781334946221155,1.0,-0.0332024483025499,-0.29011554346418267,45.65922182895385,-0.010287414098927798,45.95651733988586,-0.033364693510676446,44.336174009364484,45.65922182895385,-0.018043188580911612,49.13202868583295,-0.0033630290338222957,49.41818741695495
2024-05-10,KMGZ,12950.01,1810.0,1.921368976091452,-1.0562905347943012,-0.9999999870113003,1.0,-0.02554939212402154,-0.20767844157492382,46.88884788601716,-0.0005619601424466246,50.33199401162055,-0.03443148146769219,44.13030704967193,46.88884788601716,-0.018109675163516206,49.12439722821115,0.003397860274680392,49.85465581285662
2024-05-13,KMGZ,12930.0,1690.0,1.7179075477951364,-1.1248885715882468,-0.4544958591281391,1.0,-0.029335020071446984,-0.2484564248454906,46.280040137148866,0.0025669410378227086,51.741833390608626,-0.04428368136117555,42.239456696539854,46.280040137148866,-0.001051925201635176,51.082655151497946,0.011278661658012001,50.36344663481849
2024-05-14,KMGZ,12975.0,570.0,1.8155491887776463,-1.986421854788738,0.6673337706545202,1.0,-0.03912027020827605,-0.35386106891498964,44.711933835262755,-0.0012815900541334067,50.00758259960843,-0.04748501468024589,41.629639607845625,44.711933835262755,0.00417301128543901,51.68210000005443,-0.005903617304339831,49.254191874289155
2024-05-15,KMGZ,12999.0,3490.0,1.5418342280924762,0.07278626624156949,0.37055837093201305,1.0,-0.04458203707977537,-0.4126940660311495,43.84102612434998,-0.004641533964151089,48.49334287635256,-0.04194635356565883,42.68620082875065,43.84102612434998,0.009446617047465189,52.28663753539742,-0.00038855809421234344,49.610205838699216
2024-05-16,KMGZ,12930.01,1380.0,0.5240175807480729,-0.8012195187606957,-0.9999999857122448,0.0,-0.03343116179350113,-0.2925791967965459,45.622547915015296,0.006574009506161378,53.54301670006778,-0.037864694129860016,43.469174145942155,45.622547915015296,0.017263319383197404,53.18141878290772,0.0029729988779762795,49.82722633337256
2024-05-17,KMGZ,12979.45,290.0,0.7302996547282578,-2.0751093050138683,0.9846436156794881,0.0,-0.03755677540663033,-0.33701943372247495,44.96186406776227,-0.001036615655627077,50.118019265446655,-0.04189461977349181,42.696102737059825,44.96186406776227,0.011418476947411375,52.51251839219494,0.0014243341015195143,49.727243979982575
2024-05-20,KMGZ,13000.0,1850.0,0.7859567994560354,-0.026668192736610606,0.4119308105432345,0.0,-0.04284178876678876,-0.39394847941272293,44.11813250650776,-0.02181291208791209,40.855899253041926,-0.03417851037851038,44.17910701020732,44.11813250650776,0.02210366300366301,53.734507726859974,-0.00022594627594627048,49.62070370687224
2024-05-21,KMGZ,12995.0,780.0,0.5800256204826562,-0.8609380236974666,0.7435897245233405,0.0,-0.04015440951037334,-0.365000598669634,44.54676889065089,-0.017753086351893613,42.63601760329983,-0.03535358440670099,43.952523349964665,44.54676889065089,0.0278993568955093,54.395542522185444,-0.06559711778645022,45.41315742291828
2024-05-22,KMGZ,12975.0,3750.0,0.36423487580568115,0.7174389000505843,-0.591397843103249,0.0,-0.04026634553628773,-0.36620634985688816,44.52889846645159,-0.014552681438664042,44.053125362120596,-0.02423426231764382,46.10539792697231,44.52889846645159,0.04185323882925039,55.98029465238332,-0.021334899990824857,48.25857194956793
2024-05-23,KMGZ,13050.0,3240.0,0.6923330119478026,0.5712565617832707,0.9999999894425677,0.0,-0.047026943076081004,-0.43903007611984907,43.45236632706607,-0.01633622058018612,43.26204347819956,-0.028198399014778327,45.33578613647816,43.45236632706607,0.050924740010946844,57.004256150608036,-0.005269759168035043,49.29510619417879
2024-05-24,KMGZ,13000.02,7510.0,-0.008736489014702736,1.4119183476981152,-0.9999999921247441,0.0,-0.04330442685033235,-0.3989319189617409,44.04442838401384,-0.014148315579514525,44.23291593387935,-0.02973249296283137,45.03852851386251,44.04442838401384,0.05246914765918672,57.1780133034684,-0.007378670648199054,49.15898398762897
2024-05-27,KMGZ,12750.0,5360.0,-1.9658716662963804,1.0746469512602472,0.9930906178672717,0.0,-0.00416202147525677,0.022701789823639275,50.34052158251975,0.008079453781512598,54.21758792493529,-0.0169913165266107,47.51611636157261,50.34052158251975,0.07257401960784313,59.42234687000513,0.005628734827264226,49.99868437160241
2024-05-28,KMGZ,12797.9,2480.0,-1.4188500882794792,0.30394216172383526,0.15211378781419457,0.0,0.02276496589780295,0.3127536004808771,54.677585940122874,-0.004713812106078387,48.46078940422908,-0.024451085923446983,46.063251588652236,54.677585940122874,0.0746089996349848,59.6474994704713,0.013289978083581955,50.49329096116679
2024-05-29,KMGZ,12819.95,1420.0,-1.1908979626172613,-0.29382458726042016,-0.23162392964422748,0.0,0.031604242993172105,0.40796842310072895,56.08915263126283,-0.0050989554397391,48.28734675329897,-0.020204760045989884,46.88960543920183,56.08915263126283,0.06998362223077775,59.135169234167485,0.010146042966762386,50.29032602853243
2024-05-30,KMGZ,12870.82,1100.0,-0.773466871108149,-0.549170634050208,0.6705724751374857,0.0,0.03135333359947,0.40526568020023584,56.049208822514295,-0.012789076570101959,44.838347872233875,-0.024586961032292465,46.036842946041965,56.049208822514295,0.06530949865418476,58.615416177723475,0.00434907917399871,49.91606775507504
2024-05-31,KMGZ,12850.0,1540.0,-0.9016903213347714,-0.1725332384277896,-0.9999999867144947,0.0,0.0307168133530974,0.3984092187839439,55.947842206406406,-0.011222566549317572,45.53799370875197,-0.02680265116422704,45.60652661051808,55.947842206406406,0.06692473287628929,58.79525026446354,0.015609928355259067,50.64305135302597
2024-06-03,KMGZ,12886.33,680.0,-0.5970561685021921,-0.9899755985500971,0.635466658193776,0.0,0.02395985733694741,0.3256247182431795,54.86889294338341,-0.021023337110129933,41.20038516575322,-0.027249018663545253,45.51991336247885,54.86889294338341,0.06009600219244269,58.03341873081298,0.024027871928551242,51.186340539890764
2024-06-04,KMGZ,12771.0,1370.0,-1.3299661191915149,-0.2785156545613132,-0.9999999908256881,0.0,0.033271656487354154,0.42592944846169045,56.35439566133341,-0.023681171627683243,40.04441501559163,-0.020000296989831873,46.92944160261373,56.35439566133341,0.07075913285680728,59.221210558766536,0.06110046589930307,53.5739261695364
2024-06-05,KMGZ,12788.0,3630.0,-1.0918405143091554,0.7296162080759085,0.23809523620559336,0.0,0.02992978946035718,0.3899315639331752,55.822439189453476,-0.024841629925872966,39.543072031567775,-0.022483945762644543,46.445824582913936,55.822439189453476,0.07321324232539433,59.493114397888256,0.09855694463063094,55.96967340888853
2024-06-06,KMGZ,12740.0,2280.0,-1.3651591874801499,0.2645593501816559,-0.36010880582359783,0.0,0.01533528257456835,0.23272262372667335,53.485178496032894,-0.013695791906506122,44.434297755743316,-0.018736987615559045,47.17566089381748,53.485178496032894,0.07935371969300539,60.17087042146046,0.1275220739577882,57.80400702865962
2024-06-07,KMGZ,12739.97,1140.0,-1.262744682191443,-0.42858681890864747,-0.3683628289478363,0.0,0.02332472611881386,0.3187832191451822,54.767223392008034,-0.014855771704740027,43.91846624259044,0.001391731316341769,51.109249481240596,54.767223392008034,0.07452499650113807,59.638213231245864,0.11175857832095273,56.808055671521565
2024-06-10,KMGZ,12650.01,9080.0,-1.9147238169956566,1.7267380765488178,-0.999880154593561,0.0,0.025756081002156917,0.3449732595122505,55.156203364624645,-0.008223271865661257,46.88225388532349,0.03968405380236664,58.51487760999894,55.156203364624645,0.0774274079644055,59.95865969745107,0.15841079032461516,59.73659711043153
2024-06-11,KMGZ,12503.09,31810.0,-2.7265006680339763,2.9320964864907637,-0.5101438830570354,0.0,0.043122575777680444,0.5320414667581056,57.91353378722703,0.013067160838475637,56.44016804749127,0.06293328348184708,62.85099549012529,57.91353378722703,0.09486352725955347,61.86498089608112,0.2033735412698046,62.49510337673508
2024-06-12,KMGZ,12505.0,66910.0,-1.6924964587079088,3.4782162310325413,-0.8728705785538154,0.0,0.04765631620367726,0.5808779593590552,58.62602803125627,0.011319402239104359,55.66382128566024,0.06678825691945445,63.552374983853355,58.62602803125627,0.08949851868776298,61.282000057199646,0.19901915487773145,62.231165521020216
2024-06-13,KMGZ,12600.04,16239.999999999998,-0.12733688679265662,2.0623439889104374,0.20636393057951502,0.0,0.05776762313755304,0.6897948182578715,60.20171192323335,0.013593995978999846,56.67358574158277,0.05629780172403578,61.631091703879946,60.20171192323335,0.07588378056043453,59.78833664519826,0.23412657597761208,64.3373265197182
2024-06-14,KMGZ,12585.03,2009.9999999999998,-0.21251961789762788,-0.1689651373464184,-0.8338028099933389,0.0,0.05683687126027244,0.6797689559682059,60.05749656613006,0.016597540863269734,57.99837963944711,0.053695285971469525,61.148508349311314,60.05749656613006,0.08158958762532789,60.41670423989493,0.1530547360000238,59.40347077502176
2024-06-17,KMGZ,12580.0,2970.0,-0.24467128005976846,0.22146077994675362,-0.2529594999815517,0.0,0.05718751104045222,0.6835459734904614,60.111847072620414,0.011536600676306559,55.760458527907005,0.05405425846014081,61.21520492412449,60.111847072620414,0.08204128939864233,60.466305454158096,0.1666090607414137,60.24475346501434
2024-06-18,KMGZ,12700.0,5210.0,0.7461119385749372,0.6481099809982475,0.999999995,0.0,0.04191608548931382,0.5190454086461153,57.72335972090894,-0.004557158480190033,48.53134650587852,0.04203254280714911,58.96016578332881,57.72335972090894,0.0691443475815523,59.04199033160582,0.14618439570053743,58.97489517905934
2024-06-19,KMGZ,12680.0,1240.0,0.5786867686058045,-0.9178982250088711,0.5792798422901753,0.0,0.039246317159881826,0.49028722908229777,57.30172819933077,-0.006747185919583396,47.545612080798335,0.025061626858945536,55.71372816258094,57.30172819933077,0.07585511491662912,59.78517144392848,0.16319942666866954,60.033674341784824
2024-06-20,KMGZ,12805.0,10820.0,1.632355374284986,1.3789255497863304,0.8918918870708546,0.0,0.033885001673453444,0.4325362730321951,56.45187271251405,-0.010518259701381528,45.85314799532358,0.022876289178954123,55.29149845430859,56.45187271251405,0.06335166772032252,58.39713072479101,0.15277327665284518,59.385940821737606
2024-06-21,KMGZ,12828.0,2080.0,1.7795443436243235,-0.270099539822038,0.24826629250577922,0.0,0.015454762275973689,0.23400963379019338,53.50438933324626,-0.012712299731242667,44.87259321367571,0.016165238614934595,53.99033394187845,53.50438933324626,0.05821173771660207,57.82251296806774,0.1475191389371464,59.058266087788205
2024-06-24,KMGZ,12760.0,850.0,1.3591888033049822,-1.0296130124765586,-0.9999999850164821,0.0,0.017507210031347965,0.2561181667455474,53.83423010519495,-0.011197478479375031,45.54921381525709,0.026720924764890283,56.033774345659914,53.83423010519495,0.06221125789918899,58.26982986982181,0.18025118425635667,61.08541453486068
2024-06-25,KMGZ,12677.8,4450.0,0.7410887719186898,0.7135772905494743,-0.26461538257989287,0.0,0.027836059064125878,0.3673783431052643,55.48847027603245,-0.0023471934505184967,49.527212126959284,0.03811283636162407,58.21618166939665,55.48847027603245,0.040059492984487105,55.77718979919878,0.19606420895218163,62.05163876540995
2024-06-26,KMGZ,12630.0,1510.0,0.3667131695892107,-0.36721352818606373,-0.9999999915966388,0.0,0.02544124627681631,0.34158192646493823,55.10586908598501,-0.00021359197677487448,50.48903111533506,0.06016111582400177,62.34323502756213,55.10586908598501,0.06745139595822494,58.85383646489846,0.19549752761753947,62.01717232718211
2024-06-27,KMGZ,12706.0,7230.0,0.9834295360565614,1.1989114852928173,0.5737213478191464,0.0,0.03495257302511749,0.44403592575107875,56.621419201462395,-0.007392944965383183,47.25528523661429,0.05154543916260038,60.74820341755579,56.621419201462395,0.06237755447370196,58.2884000143709,0.19904812262173363,62.23292379645628
2024-06-28,KMGZ,12700.0,6080.0,0.9089927671236059,0.8399219268569847,0.8666666551111113,0.0,0.04442262217222845,0.5460452914508869,58.11819201800692,-0.006920788026496687,47.46754517330499,0.051955221222347206,60.82461883067183,58.11819201800692,0.06131749156355459,58.16998396344923,0.22248359892513436,63.64450874105751
2024-07-01,KMGZ,12651.0,5720.0,0.5066907507640906,0.5500451985242512,0.0199999998,0.0,0.05588949527799421,0.6695640223369038,59.91052608641246,0.01716961702632203,58.2494683337085,0.050907499971769576,60.62913696366942,59.91052608641246,0.06546618533825671,58.63287122854788,0.2568510901641504,65.67221137242547
2024-07-02,KMGZ,12681.0,890.0,0.7379540485026548,-1.5127705084390082,0.5913539026631467,0.0,0.05555561047461331,0.6659674858796374,59.85868645225817,0.045746385481090945,70.02167861305331,0.04404088343641218,59.339801282769145,59.85868645225817,0.05899269858168013,57.909961024547464,0.24230542234163593,64.82046805793851
2024-07-03,KMGZ,12660.0,680.0,0.5784943214430716,-1.781896033821523,0.11111110905349798,0.0,0.055355920409237945,0.6638164667466787,59.82767161635494,0.05822585007146618,74.52363260611206,0.05076580154968781,60.60267284095825,59.82767161635494,0.06399152749567441,58.468507621349744,0.23677473106146094,64.49408379529068
2024-07-04,KMGZ,12645.0,2380.0,0.48959535547372557,-0.44393003932858777,-0.11043689208700717,0.0,0.0692805061289047,0.8138091578964545,61.97024556284864,0.06344352934530871,76.26841977969467,0.035185964243348584,57.65817495572387,61.97024556284864,0.06485136417556346,58.564367144529406,0.23310176947410044,64.27658047040222
2024-07-05,KMGZ,12645.0,2170.0,0.49896903893863154,-0.536302994178233,-0.08163265222823825,0.0,0.07481904055809753,0.8734690789012857,62.81016488690311,0.061072637406089356,75.48593724999988,0.03163041998531323,56.97768825498217,62.81016488690311,0.06997387872112071,59.134087854324825,0.22983965429588205,64.08291159089703
2024-07-09,KMGZ,12901.0,18550.0,2.535556723824308,1.6094359681781754,0.6800759312133253,0.0,0.06557105004779991,0.7738516818531296,61.40363677293441,0.03616938394095203,66.27635788867605,0.014457655737281324,53.6583194603219,61.40363677293441,0.04775168440861607,56.64672673200921,0.2184095369437339,63.400720266833524
2024-07-10,KMGZ,13294.0,38280.0,5.425088279810816,2.3338933799273036,0.9824253058305354,0.0,0.04857364827431393,0.5907592663309715,58.769762195430566,0.005380267921320275,53.00718034986988,-0.021895298093662058,46.56038927697176,58.769762195430566,0.01228407737348989,52.61164289548002,0.17797417208144978,60.9455421707109
2024-07-11,KMGZ,13430.0,10140.0,5.245523539219291,1.0054544441992643,0.6999999965,0.0,0.03525679951305417,0.44731298910961137,56.66970678807141,-0.0066929280572988695,47.57001370751986,-0.017023479771655498,47.509841428761504,56.66970678807141,0.004420747497311167,51.71051154581924,0.20988352096112722,62.88831535229532
2024-07-12,KMGZ,13480.0,4630.0,4.238300270153869,0.2215246179050048,0.42848977813273464,0.0,0.030241684329518157,0.39329122947174766,55.872144949741774,-0.027926513117610983,38.2212336289728,-0.012259441382883545,48.44003790183244,55.872144949741774,0.00038505840516225853,51.2475553099097,0.24102728321793604,64.74516247962634
2024-07-15,KMGZ,13450.0,25430.0,3.5101771502204526,1.924896230686207,0.4634146318857823,0.0,0.03844399746267776,0.48164481106219514,57.17480879351285,-0.018221615920221902,42.429511129454944,-0.003110482681300524,50.22888568158068,57.17480879351285,0.0005029488995102402,51.26108260368413,0.26230737888711875,65.98916397915609
2024-07-16,KMGZ,13401.0,1760.0,2.485635319005813,-0.9476105708411927,-0.9599999808000005,0.0,0.03968216311149486,0.4949820694549519,57.37063474737427,-0.019323503842996793,41.94490182044806,0.002662461490080698,51.357627478902444,57.37063474737427,0.0015692136514332614,51.38342205939417,0.32033913060859,69.26795395237804
2024-07-17,KMGZ,13400.0,1630.0,2.3713190676845217,-1.0243440460330409,-0.4117646998269897,0.0,0.039460388533522864,0.4925931606250365,57.335576099943495,-0.014483925610045013,44.08368494922172,0.000877996920161099,51.00881827822155,57.335576099943495,-0.0013636223643686343,51.046883303985226,0.33415614190950016,70.0222663406037
2024-07-18,KMGZ,13375.0,2310.0,2.045406085525296,-0.390928942304789,-0.8366012901020949,0.0,0.04127728452751818,0.5121643798458497,57.622575027044874,-0.008264619492656874,46.863686872600894,0.014732090936062899,53.71170202295386,57.622575027044874,0.00015993917816347486,51.22172359559386,0.342805715027444,70.48904214015738
2024-07-19,KMGZ,13138.62,15890.0,0.1824426654968419,1.5375107910319181,-0.37554339172569,0.0,0.05664465098023264,0.6776983997823933,60.02769116382647,0.0269975470986986,62.486365037761296,0.038520036880005694,58.293651245044686,60.02769116382647,0.018347754683738192,53.30540620621181,0.36189363897281085,71.50399750867444
2024-07-22,KMGZ,13239.98,7700.0,0.7675266929059988,0.8130415919985005,0.87626248205605,0.0,0.04919676766523677,0.597471376567768,58.86731194515219,0.016997391073482002,58.1739213824534,0.04256109620915606,59.06018344723149,58.86731194515219,-0.00022758359679099505,51.177255070570894,0.3585527749778168,71.32787634646292
2024-07-23,KMGZ,13177.0,1160.0,0.21958788602685037,-1.3645019277147497,0.5306122394835486,0.0,0.05808483080186616,0.6932117121017192,60.25082136465261,0.02178224925344907,60.25734886566978,0.06270281484934663,62.808888255160824,60.25082136465261,0.0023228633104097965,51.46988325057651,0.3604900331385495,71.4300825576562
2024-07-24,KMGZ,13241.0,4780.0,0.6888012242956978,0.05151344675556752,0.9999999923664122,0.0,0.05478449809574156,0.6576612264896347,59.73887783991223,0.011907452171765653,55.925358864580254,0.05495313090772649,61.382029392256634,59.73887783991223,0.003691693729073832,51.62689716227992,0.34768264541473515,70.75035524242051
2024-07-25,KMGZ,13300.0,1840.0,1.0148706603619624,-0.9388575717877442,0.999999990909091,0.0,0.04541591478696742,0.5567448293318215,58.2743722331708,0.0032995614035087723,52.07162440514323,0.04913569340016708,60.29778386874657,58.2743722331708,-0.0009870300751880223,51.090102686334404,0.33648483709273186,70.14834987408474
2024-07-26,KMGZ,13528.81,12700.0,2.7009921424417422,0.9929751550483767,0.99999999695873,0.0,0.022841119297755473,0.3135739087923087,54.68978259461108,-0.0090106175186773,46.528853104003,0.03708783395237091,58.020997019487986,54.68978259461108,-0.017311664631796966,49.215997002210834,0.3383232775960786,70.24767383187665
2024-07-29,KMGZ,13501.02,3080.0,2.1184665410139263,-0.4236952525061435,-0.36668210308258126,0.0,0.029039583478384045,0.3803424534488904,55.680505848163655,-0.022718483294842447,40.46190978523059,0.036669047259286394,57.9411775254648,55.680505848163655,-0.027743325592472022,48.019239700298016,0.330640544229427,69.8313443243046
2024-07-30,KMGZ,13500.0,280.0,1.918651150432014,-2.622309902207198,0.12044817792214928,0.0,0.024303174603174604,0.3293228591944662,54.92383308824104,-0.02596071428571429,39.06167593487841,0.03645978835978836,57.901277813019746,54.92383308824104,-0.022240873015873068,48.65030465310226,0.31733518518518516,69.10256822767539
2024-07-31,KMGZ,13434.99,1530.0,1.2579364396366592,-0.5790316288829893,-0.9999999846177514,0.0,0.02451731449177184,0.33162952876581636,54.958095252301774,-0.017831720450001934,42.601341135149326,0.04139743233544507,58.839886426249954,54.958095252301774,-0.018791755633894035,49.04610914215019,0.38568432665287394,72.73915098179901
2024-08-01,KMGZ,13380.0,1380.0,0.8058210710155026,-0.6822152985252152,-0.9999999912349901,0.0,0.032910922485586164,0.4220436981202646,56.29704233631002,-0.019765906826108657,41.75076418241925,0.04214954623104849,58.98231264802405,56.29704233631002,-0.01865341483379603,49.06198730819646,0.36835935297885974,71.84299680223167
2024-08-02,KMGZ,13443.0,360.0,1.2531481446426294,-2.025933852110822,0.9524405387679621,0.0,0.027984102365189174,0.3689730342206931,55.51210117578604,-0.009497860543458626,46.31032580745552,0.03795952735181702,58.18700422146651,55.51210117578604,-0.029011346939281556,47.87389517535174,0.35684542371140227,71.23761857247372
2024-08-05,KMGZ,13230.0,2420.0,-0.42651958853170147,-0.1076303361447915,-0.9999999953051644,0.0,0.042506613756613756,0.5254064541950131,57.816471215373596,0.015101341647770192,57.33975712365628,0.058625037792894935,62.06070143837903,57.816471215373596,-0.013239814814814833,49.68345383851319,0.37930081254724113,72.41103808560479
2024-08-06,KMGZ,13185.0,1680.0,-0.8253249380637399,-0.49280531351356144,-0.9166666590277779,0.0,0.05088447369846687,0.6156509888657742,59.131171609075516,0.025633323852863103,61.90796622940038,0.06415631128446826,63.07411817350786,59.131171609075516,-0.01432606587572455,49.558741167097324,0.3791031800205862,72.40084083914876
2024-08-07,KMGZ,13230.32,1910.0,-0.8664030315991235,-0.21367407993414889,0.22159695648975256,0.0,0.045587972979237584,0.5585982037741589,58.30140900897334,0.024222008420389282,61.30602672329479,0.055785102096415976,61.5361997449859,58.30140900897334,-0.017779939205540073,49.16224534837073,0.3583573357330161,71.3175531934489
2024-08-08,KMGZ,13150.06,690.0,-1.5948143640096053,-1.1177466249128358,-0.9985185061911421,0.0,0.04891262829472519,0.5944106873880216,58.822838335487134,0.028586303835200114,63.155486342027736,0.05748460234317481,61.850407668094135,58.822838335487134,-0.01852606219202713,49.07660446775343,0.359313138085386,71.36801778206268
2024-08-09,KMGZ,13350.0,8310.0,-0.03239508526499477,1.4888490257107272,0.8785616000056476,0.0,0.031151921705011656,0.40309611388870725,56.01713915173995,0.02512210183698948,61.6903368055669,0.04556507044765469,59.62717717995989,56.01713915173995,-0.029934140360263956,47.76814422662417,0.3316312867843766,69.88521858569136
2024-08-12,KMGZ,13463.9,7290.0,0.8687003651835683,1.3578929683988372,0.7421428544923444,0.0,-0.005304210810283153,0.01039836797596364,50.15597501369089,0.021626162458883345,60.18992532263393,0.03178174764393489,57.006706155752774,50.15597501369089,-0.03927248156062706,46.699268819904574,0.32256979266839003,69.39044640439265
2024-08-13,KMGZ,13557.0,5500.0,1.73565983028614,1.0761380496058761,0.9873417659029002,0.0,0.009480479948857902,0.16965592862631096,52.54264375078853,0.026381968285580808,62.22580403857365,0.019818097573911914,54.69935406465285,52.54264375078853,-0.046870612352782094,45.831764625624096,0.29798981013147313,68.02585069802005
2024-08-14,KMGZ,13585.0,3190.0,1.8401381560474506,0.41333230791835845,0.9999999907140869,0.0,0.008778598594388069,0.16209541118297408,52.42951640893697,0.038913709682130676,67.37336696535732,0.021738859824386142,55.07142907748389,52.42951640893697,-0.05113936399857453,45.345459295094756,0.29086699046567466,67.6244392621993
2024-08-15,KMGZ,13560.0,1790.0,1.5906680595401554,-0.27856183162221343,0.0,0.0,0.009185882848714733,0.16648259099566357,52.49516449658243,0.03831928290490238,67.13730954151343,0.02363060823149319,55.43733008595751,52.49516449658243,-0.052892081050709354,45.14603762030557,0.30824477103525777,68.59910604685379
2024-08-16,KMGZ,13720.0,9450.0,2.760148580098258,1.473592893801508,0.13250283075688027,0.0,-0.0028501781665046955,0.03683268838018598,50.552467840771754,0.025087269193391645,61.675491223589496,0.009369671201814058,52.66722485296484,50.552467840771754,-0.06777863621639132,43.45917409085591,0.2951717201166181,67.86735016840377
2024-08-19,KMGZ,13790.1,3450.0,2.6004295378357947,0.4659532068967333,0.40099999799500363,0.0,-0.01155432003324679,-0.05692648614937587,49.14618571289869,0.025594247995715327,61.89134821716098,0.008747495684447167,52.54587035303177,49.14618571289869,-0.06726888020253319,43.516709845138,0.2862839350762676,67.36477477478441
2024-08-20,KMGZ,13950.0,5540.0,3.499133549482842,0.9395731151930392,0.3840883123366153,0.0,-0.020167217101894522,-0.1497027910198238,47.755966657800855,0.01129855350742446,55.6545428748323,-0.004493266769073245,49.95844200273628,47.755966657800855,-0.07843780081925246,42.26034443151604,0.2909485407066053,67.62904994021378
2024-08-21,KMGZ,14149.05,2950.0,4.6778088830546505,0.07020416354857016,0.9873333267511015,0.0,-0.034571950947909796,-0.3048675361948637,45.43969548929896,-0.003251523676248783,49.119608014848815,-0.02157901888836214,46.621959723717595,45.43969548929896,-0.09536249080579362,40.37595221379004,0.2718690432059969,66.54114590006176
2024-08-22,KMGZ,14115.0,3300.0,4.10047923945397,0.20624147904757492,-0.06256641000958699,0.0,-0.02761548546800938,-0.22993396192363205,46.556450614489336,-0.0009891786009479952,50.139404217452224,-0.020905560194322086,46.75309678453698,46.556450614489336,-0.09532462594673011,40.3801387357357,0.27128750484961967,66.50770159227001
2024-08-23,KMGZ,14100.0,1010.0,3.7595474270239584,-1.0936469709840397,0.24999999687500005,0.0,-0.02686925869638633,-0.2218957650295108,46.676471365056194,-0.003324780479567698,49.086593750072375,-0.04620340256670046,41.87347551175582,46.676471365056194,-0.0985298801080716,40.02625193743409,0.2656159912191828,66.18066670189464
2024-08-26,KMGZ,14179.0,1610.0,4.189951868574488,-0.5114457393927987,0.7487548339927452,0.0,-0.03566944741104943,-0.31668953588288123,45.263898225056614,-0.008181143810934346,46.90117223428326,-0.03080728466645845,44.83047828947795,45.263898225056614,-0.09275247224545133,40.66485348596919,0.25939114224926874,65.81993738828203
2024-08-27,KMGZ,14143.99,2390.0,3.7829029981322004,0.09887286612395473,0.09974999875311956,0.0,-0.030650754169949355,-0.2626292341659978,46.068692875822734,-0.002178655969779375,49.60318473221389,-0.027024503493474364,45.563474980965985,46.068692875822734,-0.067545093451942,43.48553169839307,0.24785418922728938,65.14653340172967
2024-08-28,KMGZ,14140.0,1250.0,3.6070000925422687,-0.654405089189906,0.11101233347024639,0.0,-0.030543910105296244,-0.26147833250807156,46.08585014145902,-0.0001330150872230337,50.525352235810914,-0.02816010136727956,45.343211324526045,46.08585014145902,-0.06516938158101523,43.75386106939864,0.24539247996228197,65.0020474358788
2024-08-29,KMGZ,14138.0,1120.0,3.4833827677717624,-0.7642196566088703,0.5999999900000001,0.0,-0.03247713636782105,-0.2823026367678365,45.775555607116715,-0.004367887231754115,48.61660243307898,-0.028094478126045534,45.355934908852205,45.775555607116715,-0.049501096672931455,45.531994333359826,0.24759131688323952,65.1311177630884
2024-09-02,KMGZ,14090.01,2770.0,3.0254623901811115,0.14129723800030544,-0.9195999816079917,0.0,-0.03171064096206497,-0.2740461104353572,45.89854491684989,-0.005456267206339826,48.12647436934818,-0.02823008637054942,45.32964271559232,45.89854491684989,-0.0406953373778402,46.53664863226184,0.25221742024347477,65.40194171332155
2024-09-03,KMGZ,14100.0,610.0,2.9615542253917426,-1.4478785987143663,0.29032257648283044,0.0,-0.03527790442418102,-0.3124719176726485,45.32660235610313,-0.002300498142519445,49.54826103463392,-0.02606648936170213,45.749429432947665,45.32660235610313,-0.040967291455589264,46.50557489123489,0.24754557581897996,65.12843504353046
2024-09-04,KMGZ,14150.0,2000.0,3.169682051426875,-0.2546418485117176,0.23076922899408286,0.0,-0.039132880419541195,-0.3539969034426162,44.70991911660258,-0.010444883336137753,45.88600105107445,-0.029947756464187562,44.99684526201624,44.70991911660258,-0.025821021930562564,48.23964323605798,0.27642063211621515,66.80233225876103
2024-09-05,KMGZ,14174.9,1010.0,3.151033040648246,-0.9378370759116664,-0.20091193929245277,0.0,-0.04122808668228334,-0.3765660219923119,44.37541664700366,-0.016776201780544994,43.06740267068266,-0.02709940646259701,45.54894115353016,44.37541664700366,-0.031104386212741048,47.634064435231906,0.33871689450903997,70.26891468237838
2024-09-06,KMGZ,14113.0,520.0,2.5387856371174364,-1.601710858390963,-0.1276827925820134,0.0,-0.046821583753130905,-0.4368179889438208,43.48498145122959,-0.008553721577201703,46.73389110029381,-0.02308311890759277,46.32924989874267,43.48498145122959,-0.022578049394962885,48.61162015734765,0.35853721177930065,71.32705437559478
2024-09-09,KMGZ,14050.0,1970.0,2.0121300364353627,-0.2697554657678749,-0.9999999886363637,0.0,-0.044702290572219396,-0.4139894112080163,43.82189168124182,-0.004089757385753828,48.741898569645784,-0.021957108964582275,46.5483576999535,43.82189168124182,-0.00936740665423937,50.12806694073814,0.36244242077613964,71.53286547892318
2024-09-10,KMGZ,14104.9,1320.0,1.8991909258054738,-0.5085494232734312,-0.31187739224615585,0.0,-0.04248762733810729,-0.3901335274379324,44.1745724594072,-0.010087131776900201,46.046229114778036,-0.02318580754104701,46.309274865352585,44.1745724594072,-0.007991503251093525,50.28604096099757,0.38540745555383377,72.72497051528055
2024-09-11,KMGZ,14040.0,2290.0,1.0010391629674014,0.14293272645857374,-0.9999999924213718,0.0,-0.03807856125356131,-0.3426400004639691,44.87842581692161,-0.0009987281237281236,50.135099230450805,-0.018775457875457875,47.168160941079805,44.87842581692161,-0.00892215099715098,50.17918929467368,0.4060985958485959,73.7719158086129
2024-09-12,KMGZ,13975.0,4780.0,0.2118694665359884,0.87882090270675,-0.9999999846153849,0.0,-0.03246340190816935,-0.2821546920744632,45.77775894451394,0.0021140400942726264,51.53788106266018,-0.016257229463043418,47.6593550281343,45.77775894451394,0.002513142800352107,51.491711374846375,0.3920878623960018,73.06583074784146
2024-09-13,KMGZ,14030.0,380.0,0.4244256979682243,-1.6531975007004014,0.359223297483269,0.0,-0.0483876189344828,-0.45368698856902606,43.23640856597149,-0.0047714619466223225,48.4348253320152,-0.0227465943160348,46.394719017747434,43.23640856597149,0.003272078822025397,51.57876782448856,0.40949987809569066,73.94151599430093
2024-09-16,KMGZ,14030.0,1380.0,0.3150023196063655,-0.3635348659145506,0.9999999800000005,0.0,-0.04316944925273512,-0.39747796883955194,44.065929332069956,-0.006486520381495373,47.662852842193054,-0.02561588178393239,45.83693549681879,44.065929332069956,0.002250492991209316,51.46158106090346,0.40579656857753776,73.75682129960562
2024-09-17,KMGZ,14000.0,780.0,-0.3398687868285982,-0.8306754726900769,-0.5180722829147918,0.0,-0.04248611111111117,-0.3901171949615398,44.174814121176134,-0.030882301587301608,36.97082905223018,-0.023884126984126987,46.17346923268413,44.174814121176134,0.003415476190476198,51.595215668401075,0.39599920634920627,73.26414971796792
2024-09-18,KMGZ,14063.0,1810.0,-0.04685138312897207,0.1912004115520051,0.9999999911504426,0.0,-0.050690915285975045,-0.47849760952616077,42.871433413237924,-0.01428588395869382,44.17173258887595,-0.028685338002796937,45.241396098928625,42.871433413237924,0.00247605359216857,51.48745668928629,0.3987726860082012,73.40421170545726
2024-09-19,KMGZ,14041.4,970.0,-0.3311228328352174,-0.4325847762477707,0.49011041754506823,0.0,-0.05455965229013249,-0.5201708259712805,42.26016266796803,-0.01139625834917648,45.46032622435525,-0.037093146762600636,43.617557185141116,42.26016266796803,0.003943815335421923,51.65581376921082,0.4044762766725428,73.69077100068483
2024-09-20,KMGZ,14000.08,630.0,-0.5766506794145693,-0.7621386437956554,-0.9983838282991547,0.0,-0.052093526041529205,-0.493606235814701,42.64955552120372,-0.009896943319054018,46.13144330809887,-0.036462317428480905,43.73896260563011,42.64955552120372,0.004290886696066934,51.69561863939859,0.41625461638178407,74.27621911969588
2024-09-23,KMGZ,13976.04,710.0,-0.7099441923568001,-0.5932480630274731,-0.9628571256632344,0.0,-0.0547311838042277,-0.5220185271477542,42.23311359419106,-0.008259910082847974,46.865801573500605,-0.028748643409584985,45.22912724597734,42.23311359419106,0.0024470183869781392,51.484125902988524,0.4369542181305939,75.28426329927386
2024-09-24,KMGZ,13605.07,8240.0,-3.323844586636045,1.858240630445772,0.6853147407628226,0.0,-0.028427332029792654,-0.23867900131324774,46.42592110145104,0.015292530007575043,57.42406802801674,-0.002024990931251955,50.4411766017666,46.42592110145104,0.0299734993616584,54.63174781566287,0.4770299119331578,77.15924754922003
2024-09-25,KMGZ,13900.33,1020.0,-0.45475836281823784,-0.23095571772247242,-0.9933999900660015,0.0,-0.05592805115914856,-0.5349109290567274,42.04450818878536,-0.003371463169784967,49.06555591723848,-0.022348696658212257,46.47214396811047,42.04450818878536,0.00805982427743892,52.12772080611546,0.43879415475051126,75.37256987705796
2024-09-26,KMGZ,13920.0,3980.0,-0.21435070450296895,1.211537991022005,0.3192612112427287,0.0,-0.05360313355227148,-0.5098674085113036,42.41108229893814,-0.005149685276409414,48.26450443215673,-0.035875684181718666,43.85192970266917,42.41108229893814,0.012243589217296083,52.60700683439451,0.42941113847838,74.92001991747176
2024-09-27,KMGZ,13900.1,520.0,-0.2904307156136264,-0.8527752136889014,-0.989999950499966,0.0,-0.05302972057241112,-0.5036907252173803,42.50162355598416,0.0009494260404429851,51.01320802923366,-0.02921002985247459,45.13972622448789,42.50162355598416,0.010133309906529081,52.36531078996598,0.427747716017916,74.8392170421149
2024-09-30,KMGZ,13899.0,1820.0,-0.25234975450692226,0.44183217703560007,-0.9999999090909174,0.0,-0.05369867821939915,-0.5108965954498599,42.39600083767264,0.0007216695103108056,50.91057116518696,-0.03055114430979966,44.880043902526076,42.39600083767264,0.015894516049458844,53.02486261410518,0.41425327344550306,74.17734444351342
2024-10-01,KMGZ,13850.0,1290.0,-0.5076688440695637,0.09763832350967229,-0.967213098898146,0.0,-0.052481638588046525,-0.49778690204729886,42.58821213443202,0.0009085210016617964,50.994775068016565,-0.030984124118961696,44.796264146907575,42.58821213443202,0.0203603303535614,53.53540197463682,0.432694888545069,75.07902479647677
2024-10-02,KMGZ,13890.5,4110.0,-0.17830222341713184,1.1472190092490793,0.7285714181632654,0.0,-0.05876239724763355,-0.5654419054190086,41.59879935910842,0.0006257862802200656,50.86735972179541,-0.03925436797902872,43.202210502602334,41.59879935910842,0.01966284353872099,53.45571018205612,0.4277746512975922,74.84052683329988
2024-10-03,KMGZ,13885.0,430.0,-0.11407700973898709,-1.1101700291263616,0.5652173831127916,0.0,-0.06178143451595018,-0.5979623360926989,41.12555547092559,0.0008529924093031763,50.96975189026459,-0.03924197603900522,43.204589339153465,41.12555547092559,0.018262636538230688,53.29567579612192,0.41383414584655126,74.15660644887247
2024-10-04,KMGZ,13950.0,3990.0,0.4061120364971615,1.1175871858861832,0.4107248060652659,0.0,-0.060858333333333334,-0.588018885467185,41.27008469901462,-0.0059144393241167435,47.92024893800599,-0.048071018945212464,41.518283650279805,41.27008469901462,0.028593471582181312,54.474611504260515,0.4337121735791091,75.12814664608356
2024-10-07,KMGZ,13946.1,1460.0,0.3591350355223559,0.07833172489870084,-0.055152394374790935,0.0,-0.06065353850419358,-0.5858128788990438,41.302169762891786,-0.008214659175922566,46.88612149346145,-0.047733486960512286,41.58241294987334,41.302169762891786,0.04011356167674114,55.78331482786367,0.43273980109134436,75.08119486472076
2024-10-08,KMGZ,13900.0,1100.0,0.06693163979875208,-0.20479405986884525,-0.33333332888888895,0.0,-0.060990204978874085,-0.589439378930992,41.249428382189286,-0.007782002969053329,47.08045693842007,-0.05106636119675688,40.95046606645943,41.249428382189286,0.08439948612538539,60.72490641854038,0.44204952894826993,75.52828833380457
2024-10-09,KMGZ,13937.0,1300.0,0.3805337385978592,-0.026566985346470805,0.7070063604203012,0.0,-0.06575439377994628,-0.640758212669016,40.50528736284976,-0.010788146859279457,45.732341709098804,-0.04994925498074669,41.16195890586922,40.50528736284976,0.09458729441215627,61.83504618876247,0.4335281423150208,75.1192650916165
2024-10-10,KMGZ,13935.0,530.0,0.4173384774988079,-0.8933866993995372,0.9459459289018752,0.0,-0.06983710765971261,-0.6847363427440665,39.87102891363426,-0.010998633109505015,45.63815907581006,-0.05059031301792335,41.04055203614896,39.87102891363426,0.11115754267261263,63.61411306052539,0.42645939139200717,74.77651639244665
2024-10-11,KMGZ,13906.0,540.0,0.2950768966300353,-0.7943304749164257,-0.579831927900572,0.0,-0.05663016055648017,-0.5424739029295211,41.933975629844454,-0.01892371695214353,42.12055334419186,-0.049305483301715164,41.283988053845384,41.933975629844454,0.09877027336607014,62.287371616491825,0.42962194502087714,74.93024778095415
2024-10-14,KMGZ,13870.0,1110.0,0.0434286944110578,-0.07378605275948191,-0.9999999888876543,0.0,-0.030785483686384913,-0.26408051201040333,46.04705902862907,-0.01861474634073769,42.256440567435945,-0.048971543298886484,41.34732984371279,46.04705902862907,0.08076970537073276,60.3266185392602,0.456372737494421,76.20549039251428
2024-10-15,KMGZ,13830.0,860.0,-0.20102941013980347,-0.2506677562583736,-0.9999999886260238,0.0,-0.02576215697414179,-0.20997029952273633,46.8546045882263,-0.009650871122129256,46.241729772008114,-0.049652547946148796,41.21818734501533,46.8546045882263,0.06283799538615156,58.3398046329158,0.46335920359467003,76.53109834532603
2024-10-16,KMGZ,13825.0,1600.0,-0.2104517953167778,0.37015778443792874,0.0,0.0,-0.00949459011452684,-0.034739511271253035,49.47892619627651,-0.009372538677918478,46.36651915754565,-0.05269354530841873,40.643004254692734,49.47892619627651,0.04200577154912597,55.99755671310469,0.46599110407876243,76.6529554219045
2024-10-17,KMGZ,13820.0,590.0,-0.16202864209486104,-0.6274766468729247,0.7142856938775517,0.0,-0.0035394430661796223,0.029408072718457218,50.441109646227844,-0.007912085084878138,47.02201860170343,-0.046912210277260925,41.73856988596865,50.441109646227844,0.035123300140123576,55.21728890887411,0.4519766142926056,75.99902043438058
2024-10-18,KMGZ,13681.0,8630.0,-1.12507369707423,2.055397756449748,0.8108843531898745,0.0,0.0072306412090456275,0.14542114175140639,52.179934309420226,-0.010157104453749436,46.01488355150501,-0.03717938477415675,43.600966272345346,52.179934309420226,0.03053852776936615,54.69605811227367,0.44855675165882936,75.83755638589338
2024-10-21,KMGZ,13650.0,1910.0,-1.113272429918566,0.46478100639779224,-0.5703703661454047,0.0,0.02893672161172161,0.3792344471851494,55.66409965509668,-0.0025118131868132397,49.453007650858346,-0.038540567765567815,43.33928696049727,55.66409965509668,0.034461813186813184,55.142154170657854,0.4858258547008548,77.55710350360243
2024-10-22,KMGZ,13735.0,700.0,-0.4308731117791162,-0.6151841612753619,0.9999999907407409,0.0,0.01889774747054512,0.2710967418248131,54.05750906034945,-0.010084307700752967,46.04749427809161,-0.04679298888831107,41.76125240856514,54.05750906034945,0.01995345181756722,53.488915980348786,0.4775375003611443,77.18234106980437
2024-10-23,KMGZ,13733.8,1700.0,-0.7311048486740708,0.3483062348325534,0.6759999932399855,0.0,0.02325104879122236,0.31798958256132576,54.75542679478719,-0.013911612787313957,44.33823004967536,-0.05099772601924987,40.96345065562868,54.75542679478719,0.018398450335830097,53.311201437245856,0.47398974371998925,77.02058617545455
2024-10-24,KMGZ,13749.0,3370.0,-0.576308232692113,0.9564011417889959,0.99999998989899,0.0,0.03097847895431359,0.4012278252759351,55.98951882157185,-0.020450713471802277,41.45075926416125,-0.040699055948657775,42.9250965850274,55.98951882157185,0.0073665980902507255,52.048265595844924,0.46696969719009873,76.6981519424673
2024-10-28,KMGZ,13580.0,4920.0,-1.6787763973910168,1.3347967668679612,-0.9999999940476191,0.0,0.04959043118965798,0.6017118367598473,58.92890437451454,-0.008590165275732302,46.71753237488127,-0.004767448044509901,49.904817659867945,58.92890437451454,0.005969182621502193,51.888067533928705,0.4811116429389626,77.3444863300409
2024-10-29,KMGZ,13653.3,3260.0,-0.9452484027315091,0.8596428194788787,0.7432110105145621,0.0,0.03802652163631824,0.4771478497919435,57.10873058676068,-0.0183200344029857,42.38616607123287,-0.007982756096293429,49.27601732653486,57.10873058676068,-0.015780844017127524,49.39172671365025,0.46860616843721375,76.77359650635111
2024-10-30,KMGZ,13633.8,1690.0,-0.9816472976767574,0.20264474132618118,-0.502941172772502,0.0,0.04638129009206117,0.5671436478601196,58.426003992072694,-0.01685322999771571,43.03334843980315,0.00957057809407855,52.706404812172025,58.426003992072694,-0.020955188400816123,48.79782664216673,0.4701308911186415,76.84373577640132
2024-10-31,KMGZ,13579.98,3240.0,-1.3180437361873434,0.7503048389540669,-0.15181236511928942,0.0,0.055598920171633676,0.6664340087722926,59.86541205149327,-0.01964673169972405,41.803036355116326,0.01930067942276942,54.59903226459901,59.86541205149327,-0.03865683159186922,46.769654267930214,0.4751091864063339,77.071712303528
2024-11-01,KMGZ,13505.0,2540.0,-1.6767603655602512,0.5068957877642918,-0.9199999926400001,0.0,0.06050470196223621,0.7192780522346967,60.624775115666395,-0.010411565822182261,45.900919600203295,0.025503667512914156,55.799036672088455,60.624775115666395,-0.01883766021403011,49.04084045291497,0.4948314206084754,77.95931297808087
2024-11-04,KMGZ,13499.99,1470.0,-1.6099611332326604,-0.11247782045109805,0.005835010001659148,0.0,0.0598214324520899,0.7119180176404404,60.519310347291075,-0.010862095982210999,45.69924946570673,0.04546956605976088,59.609189591343906,60.519310347291075,-0.03428364936648922,47.26998110753295,0.5115319218508063,78.6914379718551
2024-11-05,KMGZ,13440.1,1010.0,-1.838002938081596,-0.4185793302530404,-0.9966101525998157,0.0,0.06852009864639846,0.8056182093851141,61.85435531959664,-0.007193071881669479,47.34512727232046,0.04649812918294852,59.80277550534209,61.85435531959664,-0.015429420826422919,49.432070424439424,0.5177068038101569,78.95760443682987
2024-11-06,KMGZ,13441.0,1280.0,-1.7247084484863833,-0.18167003010697727,-0.01181007457446968,0.0,0.06833626498760598,0.803637992108901,61.82631774378301,-0.009493345461588152,46.31235017319418,0.050782458758619385,60.60578412603359,61.82631774378301,-0.017029806750962172,49.2483513964646,0.5182102529809881,78.97919758312061
2024-11-07,KMGZ,13350.0,4770.0,-2.2975171353889574,1.1338149905125574,-0.9999999900000002,0.0,0.07290157838416263,0.852814582068379,62.520227319726054,-0.006318169252719798,47.73858669172229,0.06716191813804176,63.620059877782566,62.520227319726054,-0.03259436418762261,47.46340123695706,0.5246118601747816,79.25234696166503
2024-11-08,KMGZ,13401.0,1000.0,-1.632586909433444,-0.4977394878846359,0.5187969885804737,0.0,0.06497785293208395,0.7674618880337807,61.312735920139126,-0.013620106175445328,44.46799741433202,0.06870013884891318,63.89812292601299,61.312735920139126,-0.042660683904186245,46.31214816256005,0.5199511998038526,79.05374215165257
2024-11-11,KMGZ,13390.0,1120.0,-1.652759750995332,-0.3844110408092689,-0.10083493806005014,0.0,0.06507466837369749,0.7685047634862229,61.32757721022598,-0.007203178159488839,47.3405841291252,0.06364326700807285,62.98058852156944,61.32757721022598,-0.03387666465142193,47.316572856772666,0.5178366451509655,78.96317494294473
2024-11-12,KMGZ,13379.99,2750.0,-1.6630959998701351,0.5138599562448829,-0.11989436514178162,0.0,0.06659637368669825,0.78489625114905,61.56056853737268,-0.006525504664410223,47.645317028777676,0.07143400770330613,64.39002094637326,61.56056853737268,-0.040259327355299565,46.58647316755277,0.5226985242882889,79.17098258277025
2024-11-13,KMGZ,13350.0,870.0,-1.747018760235403,-0.6669434540084628,-0.5745903322559046,0.0,0.07492243178170141,0.8745827872859963,62.82577261661646,-0.007950454788657085,47.00478287513689,0.07896475387907977,65.72915002574537,62.82577261661646,-0.03978119761013019,46.64111871198274,0.5263388576779027,79.32558565150765
2024-11-14,KMGZ,13302.01,1430.0,-2.038394813267001,-0.17000803187260177,-0.9795938884776814,0.0,0.07510440629344911,0.8765429782236092,62.853236621017594,-0.00670060807793187,47.56655966734344,0.08183892366224685,66.2338448361309,62.853236621017594,-0.03250827191523734,47.47326073617287,0.5238486554046021,79.21991992968942
2024-11-15,KMGZ,13255.0,1490.0,-2.2667917310038734,-0.12890642505166167,-0.6666666444444451,0.0,0.08495497955248991,0.9826512691442318,64.3271241868346,-0.007617698771951884,47.154280688446285,0.08461653943106225,66.71809796534642,64.3271241868346,-0.01817399498841408,49.117014514030565,0.5267911488926013,79.34473484833734
2024-11-18,KMGZ,13330.0,4019.9999999999995,-1.6237637009931842,0.8635983232652809,-0.25919066340225183,0.0,0.07954802182688529,0.9244086645508998,63.52126395894761,-0.0015054671405947163,49.90665670035524,0.08237994260469879,66.32843808388027,63.52126395894761,-0.03145584878362448,47.59380251958043,0.509666750913919,78.61055916771669
2024-11-19,KMGZ,13328.98,4510.0,-1.301788721066777,0.9786135926101821,0.9741772028585054,0.0,0.08212655353639639,0.9521840625491577,63.90654967523245,0.022864218534018054,60.72363575899603,0.08234479720962226,66.32229712776453,63.90654967523245,-0.03202832999557685,47.528228456672636,0.5096402286221451,78.60940748044595
2024-11-20,KMGZ,13279.97,1040.0,-1.4991036481921838,-0.4884611518950517,-0.23153845857003655,0.0,0.0842960605927335,0.9755535335265835,64.22934020190687,0.02890423333632273,63.288789232541646,0.08353461791921005,66.52988698025047,64.22934020190687,-0.02143854597539186,48.74236264539215,0.5126197382414244,78.73850553587836
2024-11-21,KMGZ,13248.91,4740.0,-1.6699999615110348,1.0283534951293383,0.11234991263079999,0.0,0.10293711132936213,1.1763509879095462,66.94747939915652,0.047917190180532726,70.83688675775427,0.0822911629043506,66.31292454132166,66.94747939915652,-0.0018232041562496193,50.994137568348066,0.5117918276337869,78.70269046132813
2024-11-22,KMGZ,13190.0,3640.0,-1.8898141673669968,0.5429283687806832,-0.19191918998061425,0.0,0.11980572613933115,1.3580561375099875,69.31385751486827,0.05846732403095184,74.60621568392088,0.08637776875218119,67.02334161437105,69.31385751486827,0.0064484981407271075,51.94302024068791,0.5028115025211499,78.31137947025061
2024-11-25,KMGZ,13346.14,8530.0,-0.443744297739695,1.394533646010754,0.9999999959372715,0.0,0.14889712863354276,1.6714225698962093,73.16192489767431,0.046541508609552064,70.32178503685736,0.07423547119598772,64.89094910475276,73.16192489767431,-0.011210584446734052,49.91643947587863,0.480644274025394,77.32332996308698
2024-11-26,KMGZ,13670.0,19670.0,2.163378098270675,2.2300386721331815,0.4760820034713394,0.0,0.1346783853531659,1.5182612757415594,71.31959066498943,0.04101990832665668,68.20265461370091,0.05424325716143562,61.250303748845525,71.31959066498943,0.0014159812937611094,51.36584170480194,0.44398958819567824,75.62077255794881
2024-11-27,KMGZ,13700.0,2100.0,1.870994396236319,-0.007117455811774968,0.47015968452307016,0.0,0.14883407194994785,1.6707433366423237,73.15392199255119,0.03512345035337741,65.85352086819643,0.04825901981230443,60.133481361993915,73.15392199255119,-0.0053508660641872485,50.58920638450372,0.43450500521376445,75.16638533130799
2024-11-28,KMGZ,13919.99,9590.0,3.4835707342469617,1.4191525396287403,0.9999999965153152,0.0,0.11564365758444431,1.3132232156647352,68.73875330932148,0.022933044031161916,60.75323182519385,0.037200747158902016,58.042510777802825,68.73875330932148,-0.025410945388211068,48.286670105792915,0.40485771743051224,73.7098643287908
2024-11-29,KMGZ,13997.87,1610.0,3.657503273514879,-0.36533226944438146,0.9999999914434843,0.0,0.08863100488667311,1.0222486362551355,64.87044166463637,0.025989478375683904,62.05930113215994,0.03216843946699776,57.08083450263652,64.87044166463637,-0.02316400111202866,48.54439746686257,0.39508493856140076,73.21787625119785
2024-12-02,KMGZ,14005.04,1370.0,3.6312384358097534,-0.30307322490904504,-0.19058823389272073,0.0,0.06721144757728481,0.7915216969585249,61.65459407439005,0.03091242027473276,64.12603112130301,0.034058617929291476,57.442716541482056,61.65459407439005,-0.015998918310043367,49.3666919759282,0.38535141201548373,72.72209958064968
2024-12-03,KMGZ,14270.0,9900.0,5.52109686649843,1.6746483845760796,0.842322594364011,0.0,0.026533576934628073,0.3533482811909668,55.28046026166882,0.006177388460640053,53.36506946364137,0.012917129119809556,53.35850722663006,55.28046026166882,-0.026303543620204407,48.184312481258026,0.367413977319496,71.79358377949193
2024-12-04,KMGZ,14221.03,376440.0,4.482886810637496,4.416687747781348,-0.9749906092911014,0.0,0.02309169650203595,0.31627307341863803,54.72991081391301,0.016255129650433037,57.84789350865154,0.03144042243038922,56.94124840494072,54.72991081391301,-0.013175284873489835,49.69086267145118,0.36307654967427005,71.56620108831852
2024-12-05,KMGZ,14280.0,2090.0,1.2046357425062941,-0.4244192109692079,0.5994392088980676,0.0,0.00400739962651726,0.11070106541143596,51.6599057753295,0.016839075630252134,58.104442428855286,0.038118183940242766,58.21719930563272,51.6599057753295,-0.0146422268907563,49.52244362921729,0.3576820261437908,71.28186606393058
2024-12-06,KMGZ,14402.6,10990.0,2.010674734023022,1.5111468859281874,0.9999999945530803,0.0,-0.003236727016219982,0.03266886595868606,50.490017300281245,0.007220386905450689,53.832823931570864,0.06850048207786114,63.86208322640753,50.490017300281245,-0.02267839368288665,48.600107901937136,0.3395603718982398,70.31440199413528
2024-12-09,KMGZ,14478.99,1730.0,2.4921907883293675,-0.6134594786417683,0.9844615308887541,0.0,-0.016049292816859514,-0.10534538190918499,48.42034515002231,0.0009330462860488412,51.00582688390119,0.07551363021851795,65.11841869659072,48.42034515002231,-0.028751808813848076,47.9036413882512,0.33061708645308374,69.8300680820757
2024-12-10,KMGZ,14400.01,810.0,1.9110294560723051,-1.3722865310909704,-0.9997777666691311,0.0,-0.012085420525170917,-0.06264738827590434,49.06039980258957,0.010125883791273365,55.13204767465367,0.09739327697915066,68.89934079266493,49.06039980258957,-0.024641972965781578,48.374862651636555,0.338083981204356,70.23475634448975
2024-12-11,KMGZ,14494.0,174490.0,2.540729319751855,4.107547408969763,0.999999993006504,0.0,-0.02792888940360652,-0.2333098828065602,46.506055524253405,0.0034909296348132604,52.15774076059816,0.07605401824728787,65.2143836446466,46.506055524253405,-0.037450286325376,46.90763207164122,0.3092415782337957,68.65453008982321
2024-12-12,KMGZ,14562.52,4830.0,2.3092754478904665,0.23197993413876222,0.9547169682652626,0.0,-0.04596153477099664,-0.4275537232810553,43.62163521579269,-0.0038035130137733125,48.87086675616505,0.05101879814299537,60.64991905104256,43.62163521579269,-0.04494176403229359,46.051769559236014,0.2905054178428214,67.6039925891717
2024-12-13,KMGZ,14549.0,670.0,2.1817187072376885,-1.8508792645787722,0.9599999808000005,0.0,-0.06017060990937033,-0.5806108742556731,41.37785905883206,-0.006309595733956515,47.74244382608209,0.03192928996374594,57.03499356282261,41.37785905883206,-0.040633008432369215,46.54377077857153,0.29395532584468254,67.79880766573669
2024-12-17,KMGZ,14535.0,1260.0,2.064731426561406,-1.2193124889355793,-0.0831805293950581,0.0,-0.06542514128458402,-0.637211574453603,40.55657891255194,-0.006040816502039413,47.863378144637295,0.012774603174603157,53.33075669566111,40.55657891255194,-0.03979334119612759,46.639730718779916,0.3093764177600864,68.66202329592987
2024-12-18,KMGZ,14588.0,1060.0,2.391595154679882,-1.3465795027261918,0.9999999897959185,0.0,-0.0890686904000244,-0.8918948829234563,36.93195797401145,-0.008975897998354826,46.54442991057409,0.002194108551930033,51.266089966653375,36.93195797401145,-0.04140195975383115,46.45591490489055,0.3158117128233251,69.01850388920508
2024-12-19,KMGZ,14587.05,2250.0,2.334121007790961,-0.24337875771145176,0.6762499915468569,0.0,-0.07574371313286522,-0.7483610471564113,38.95945969066742,-0.0034853695327606966,49.01422473928244,-0.012207084688294099,48.45026793611517,38.95945969066742,-0.0465884674738405,45.86393620350483,0.30553333341494526,68.44807752550905
2024-12-20,KMGZ,14549.9,71010.0,2.0537192865571345,3.182701516205945,-0.5393267041111917,0.0,-0.08797320497593555,-0.8800945457225898,37.097023943683816,-0.004324588005132227,48.63610742029708,-0.008212244561327348,49.23114391583792,37.097023943683816,-0.03675464667732945,46.98720548676356,0.32087137866381454,69.29720608523499
2024-12-23,KMGZ,14500.0,2390.0,1.4452873907036745,-0.20881267546778512,-0.666054422006101,0.0,-0.07138953201970444,-0.701458729481416,39.63073324243886,0.0046212315270935805,52.66610191893897,-0.012210481663929941,48.44960419322145,39.63073324243886,-0.0030350985221674898,50.85503937474958,0.33967190749863163,70.32041390974861
2024-12-24,KMGZ,14490.0,1240.0,1.3298295767912338,-0.6264426143778459,-0.99999990000001,0.0,-0.07211678743961353,-0.709292570988913,39.518334455898966,0.006093495514147687,53.32741908684211,-0.01304113181504483,48.28731853522281,39.518334455898966,-0.012060386473429954,49.81886861955449,,
2024-12-25,KMGZ,14499.99,1090.0,1.3144174676252458,-0.6908350535167137,-0.5656521616162669,0.0,-0.09345786020000209,-0.9391740913297897,36.273698489113755,0.007732360943500223,54.0621878605403,-0.023052426642067615,46.33522039928491,36.273698489113755,-0.0031649406408457495,50.84013559900229,,
2024-12-26,KMGZ,14579.31,1080.0,1.7339073318015275,-0.6625773293182279,0.9846666557259147,0.0,-0.10417183270088126,-1.0545827362018483,34.68873265948702,0.0005698098162657387,50.84213235252461,-0.04178054311212257,42.71793921108905,34.68873265948702,-0.012248448888805243,49.797276208544275,,
2024-12-27,KMGZ,14530.05,770.0,1.3734998202137325,-0.9084418111064226,-0.8165388753510633,0.0,-0.09368306292083348,-0.9415999273892455,36.24006000500407,0.018663203277739283,58.90297146667351,-0.05361199258482542,40.46978218345318,36.24006000500407,-0.01912612878138747,49.00773202172993,,
2024-12-30,KMGZ,14609.99,940.0,1.8873859937657136,-0.5746835200531767,0.8461420044146316,0.0,-0.10522507875427747,-1.0659280798387978,34.53467213994555,0.023831255845301866,61.13874592039048,-0.06499345545329566,38.344104810133125,34.53467213994555,-0.016326412114598197,49.32909657467985,,
2024-12-31,KMGZ,14621.0,340.0,1.9555875374450016,-1.5169880925000423,-0.12857142765306123,0.0,-0.10749746198390442,-1.090405711187928,34.20339289345379,0.06177883776108077,75.72081920046995,-0.08585688311984394,34.565647476496494,34.20339289345379,-0.022395255329635697,48.6325920523848,,
2025-01-05,KMGZ,14654.7,1430.0,2.18464175707865,-0.044450751070595526,0.16260553117849472,0.0,-0.10622599202693629,-1.0767097058344341,34.388566691209924,0.07187027236020814,78.90829741892978,-0.07479794573462056,36.54768927884851,34.388566691209924,-0.03736440690894879,46.91745487629706,,
2025-01-06,KMGZ,14629.99,600.0,1.9998403093958437,-0.8071893159660314,0.23046153491596968,0.0,-0.09490547928582488,-0.9547675378289315,36.05770365102968,0.08932530420688264,83.67390912179883,-0.08779289163414133,34.223888071086925,36.05770365102968,-0.026511689955532394,48.16044571084049,,
2025-01-08,KMGZ,14843.03,6720.0,2.3140823675221354,1.6819354517765044,0.469851912629645,0.0,-0.11490975584457158,-1.1702493723306908,33.133580108263594,0.059818948491499185,75.06519566481138,-0.08801161829988959,34.185378650432966,33.133580108263594,-0.04769529965237603,45.73774965337522,,
2025-01-09,KMGZ,15000.0,2340.0,3.3280024936828823,0.6270020548029206,0.047619047392290254,0.0,-0.12489523809523809,-1.2778108743644931,31.71963129998835,0.02936269841269841,63.48065869680869,-0.09902539682539682,32.27402392126177,31.71963129998835,-0.06076825396825397,44.25191048721194,,
2025-01-10,KMGZ,15567.0,2960.0,7.170210871716994,0.8620393149708622,0.9964788714850724,0.0,-0.1514550791968358,-1.563907863067896,28.123482309663338,-0.026958514806963447,38.634238106292806,-0.15151385493427794,24.015400273981314,28.123482309663338,-0.09179342618848785,40.771173279894874,,
2025-01-13,KMGZ,15751.0,2700.0,8.352155074882791,0.7701022438780799,0.9574468034178362,0.0,-0.14704170153469717,-1.5163678926923665,28.703652168620675,-0.056962283876156025,26.820417216416782,-0.1668412196806854,21.895875362624267,28.703652168620675,-0.10808412940271866,38.977670116455684,,
2025-01-14,KMGZ,15980.0,3560.0,9.836064829381954,0.9733600515869072,0.9785648299084394,0.0,-0.15648456503168642,-1.618084420321118,27.471098165752174,-0.07678142072431811,20.40551577657571,-0.17225073107257086,21.180752830909704,27.471098165752174,-0.12126102270695513,37.5482355525306,,
2025-01-15,KMGZ,15775.0,10480.0,7.43445064963964,2.0530711260638665,0.5257666766511045,0.0,-0.1498778475838301,-1.546918257849904,28.329999623429003,-0.07812455097728474,20.014963444962046,-0.16735110243252083,21.827734995407845,28.329999623429003,-0.10335806920232435,39.495148969736604,,
2025-01-16,KMGZ,15485.0,9980.0,4.713080049175617,2.00418538187601,-0.13758315734774168,0.0,-0.10099293350964322,-1.0203403067187076,35.155655785206406,-0.05945867736826729,25.94615603469518,-0.15301404495389803,23.80188973103488,35.155655785206406,-0.09216362762735059,40.73012247062979,,
2025-01-17,KMGZ,15193.0,1980.0,2.3420005056564333,0.07333103444996297,-0.8658634511403712,0.0,-0.08737920779097309,-0.8736961337265995,37.1866529048799,-0.04843663046056089,29.94296973741154,-0.1332321932667404,26.721199979954214,37.1866529048799,-0.0741571005183047,42.740779708751525,,
2025-01-20,KMGZ,14899.99,8180.0,0.3098616435774165,1.3526351484986763,-0.23198156646393067,0.0,-0.07256258345177113,-0.7140945913084774,39.44949044233606,-0.03114663924271086,36.8598239863188,-0.10632107887134301,31.03929717594006,39.44949044233606,-0.054102623240015565,45.008394408763664,,
2025-01-21,KMGZ,14799.99,46150.0,-0.3967964324807274,3.0011613838072817,-0.19917497574742363,0.0,-0.05873519506721673,-0.5651488892871105,41.60307057738801,-0.03371108898673964,35.79027966702253,-0.10696234409778718,30.93201626203268,41.60307057738801,-0.047505872743672045,45.75934180237596,,
2025-01-22,KMGZ,14588.99,4600.0,-1.7375373025595324,0.6652764742858132,-0.8629869123456608,0.0,-0.03749185554687211,-0.3363201307291767,44.97224733033678,-0.03303920107500724,36.0691864957261,-0.09441603407775315,33.06720413042956,44.97224733033678,-0.02814258840056781,47.973471230310054,,
2025-01-23,KMGZ,14610.0,44830.0,-2.786111996065755,2.9420973427428043,-0.9864237220532878,0.0,-0.03044109791075906,-0.260370861301954,46.1023608358325,-0.0494757048336104,29.551403756517487,-0.08943021576871679,33.93612531169576,46.1023608358325,-0.02442327662070988,48.39994655208682,,
2025-01-24,KMGZ,14502.0,13530.0,-2.759333591603644,1.6806480869898186,-0.9881978018759654,0.0,-0.013610869108366003,-0.07907919765324785,48.81403452060112,-0.04855522522345029,29.898128339976576,-0.06676473868957317,38.01703653041628,48.81403452060112,-0.006308213645408518,50.47929936831063,,
2025-01-27,KMGZ,14480.02,2260.0,-2.7064407902867047,-0.22491116642268863,-0.9287943196539348,0.0,-0.009348623651927372,-0.0331671914203303,49.502508546738724,-0.06743173581569863,23.280455059990686,-0.06196490336777797,38.90576538796006,49.502508546738724,-0.0046604584718082445,50.66846423737675,,
2025-01-28,KMGZ,14344.92,5990.0,-3.5948937344645002,0.7498131585688182,-0.4526706659173367,0.0,0.0008171108059757091,0.07633594925130338,51.14483911035749,-0.04513161050342962,31.207900199862635,-0.05804948012457167,39.63626879463485,51.14483911035749,0.011666212020900575,52.54088990843877,,
2025-01-29,KMGZ,14149.99,3900.0,-4.7967622794463205,0.17924892902747935,-0.5526027372027292,0.0,0.01408790598141323,0.21928614699039792,53.28455529677255,-0.04700342311055757,30.487901113729343,-0.009199634579639657,49.03808799666257,53.28455529677255,0.02459723322004257,54.019089542299746,,
2025-01-30,KMGZ,13929.9,12430.0,-6.185715706928517,1.2037030443218457,-0.841834382853535,0.0,0.028903521595717904,0.3788768236373567,55.658804077264676,-0.017988544400380245,42.5322058594191,0.002258757566372312,51.27872584996758,55.658804077264676,0.03157777135104039,54.81430146662167,,
2025-01-31,KMGZ,13840.0,13380.0,-6.409747808444473,1.1468405869467524,0.20555282682876458,0.0,0.02915850077988808,0.3816234054596685,55.69947129570002,-0.013047352968162217,44.72318304698863,0.005094676117074962,51.832832870665136,55.69947129570002,0.03270037847508946,54.94196870318381,,
2025-02-03,KMGZ,13545.49,13060.0,-8.004623698698108,0.9027900331478067,-0.7882004537854214,0.0,0.04892454078196262,0.5945390061800491,58.82470317278398,-0.013674971353728953,44.44356775914584,0.03534149965946027,57.68787822657677,58.82470317278398,0.05425712904975917,57.378953139631264,,
2025-02-04,KMGZ,13738.98,69260.0,-6.225892398996324,2.388624136338519,0.8766475613300508,0.0,0.03748931857525435,0.47136121208184883,57.023664644562025,-0.03365389077715546,35.81398605358471,0.02841405832338427,56.35983020794208,57.023664644562025,0.041745987939494265,55.96815625012965,,
2025-02-05,KMGZ,13526.0,20580.0,-6.226861375019908,1.0161045064154202,-0.8278576191940366,0.0,0.05398320495037187,0.6490298662686897,59.61425674797697,-0.010461270181590307,45.878663800443476,0.053932601233603064,61.1926058793415,59.61425674797697,0.05539957501015097,57.50721833247885,,
2025-02-06,KMGZ,13720.0,174840.0,-4.398694942396408,2.957795552175511,0.9999999962962963,0.0,0.04097414156138646,0.5088989879549439,57.574725405051694,-0.031412431162941366,36.74834833972657,0.04886218820861678,60.24654939877764,57.574725405051694,0.03988823291221251,55.75778789624817,,
2025-02-07,KMGZ,13700.0,23160.0,-2.9089452647225467,0.8171008048571144,-0.37737884718583214,0.0,0.03693493222106361,0.46538947957390514,56.93583422765847,-0.03166825107171822,36.64118868654916,0.05330295446645812,61.0755659446384,56.93583422765847,0.04433826613370409,56.26134101903023,,
2025-02-10,KMGZ,13400.0,18440.0,-4.842837385047248,0.47609510056881255,-0.9999999968253969,0.0,0.06847946576640607,0.8051805205991118,61.84815883418212,-0.006234055910921561,47.776429542773656,0.07787509476427387,65.5368680101696,61.84815883418212,0.06854328950485665,58.97521901577596,,
2025-02-11,KMGZ,13316.84,5340.0,-5.2036692533590845,-0.8699106615609307,-0.9999999957110997,0.0,0.10822509460392982,1.2333120248894236,67.69930604901995,0.010751936698076461,55.411140514682636,0.08388662000013067,66.59117933577994,67.69930604901995,0.08142837769725911,60.39899663724967,,
2025-02-12,KMGZ,13424.0,7430.0,-4.294628563228253,-0.5396117692670911,0.9813066550022744,0.0,0.08871703085684016,1.0231752898040378,64.88311095447395,-0.004800828177913994,48.421599826652596,0.0736021203435685,64.77798192878102,64.88311095447395,0.05977989481052652,57.998057083506325,,
2025-02-13,KMGZ,13329.0,3520.0,-4.661538104355882,-1.2866729145135083,-0.21274015310691108,0.0,0.1070550295810424,1.2207083320301644,67.53371962241623,0.0017054799952841817,51.353852348487536,0.0745520746921321,64.94735747934132,67.53371962241623,0.07507002293602563,59.6984515870675,,
2025-02-14,KMGZ,13306.0,7560.0,-4.586402398453612,-0.5222665215265617,-0.3428571404081633,0.0,0.10520368105807382,1.200765997456862,67.27082157552815,0.010355841081359646,55.23460057798335,0.07338577512471996,64.73935568094291,67.27082157552815,0.07431581867829049,59.61508638821831,,
2025-02-17,KMGZ,13355.43,21500.0,-4.1311999281980105,0.5229131010360658,0.022267364463887836,0.0,0.08976741940847102,1.0344898530365734,65.03763515286802,0.02373769983534075,61.0986555578377,0.07305429390624528,64.68013568587443,65.03763515286802,0.07291140854408315,59.45970366411393,,
2025-02-18,KMGZ,13499.0,5020.0,-2.8239120414604164,-0.9682977390720582,0.9906528906358233,0.0,0.08705080343987856,1.00522704061594,64.63734967278285,0.01643493068857541,57.92693253736293,0.0613942968438579,62.569451378601,64.63734967278285,0.06128323453118809,58.166155647077446,,
2025-02-19,KMGZ,13399.0,1900.0,-2.8916165580646713,-1.903274613062568,0.46969696613865936,0.0,0.08954562046800457,1.0321006817790224,65.00503214805437,0.01865873685195655,58.901021782343136,0.0716156042206419,64.42258916367815,65.00503214805437,0.005739440310044461,51.86172634207165,,
2025-02-20,KMGZ,13391.0,2220.0,-2.8834623151930083,-1.747623138773282,-0.06863119269691277,0.0,0.0764049510865507,0.8905521715601563,63.0492751796927,0.05701175416324397,74.10574594196454,0.06654826707822002,63.5088749791488,63.0492751796927,0.047709370929065124,56.64195422486441,,
2025-02-21,KMGZ,13483.0,4190.0,-1.5834696767676966,-0.8693812862751042,0.7874468567926541,0.0,0.07889927086313275,0.9174204564348178,63.424051563620964,0.04525569408979442,69.83561179048046,0.06706368280927541,63.60227076732132,63.424051563620964,0.062146058675886975,58.26254850812553,,
2025-02-24,KMGZ,13712.02,45380.0,0.295197891848204,1.8008330310805074,0.06999385278531205,0.0,0.05338703257758113,0.6426080236096486,59.52145642229609,0.02397581680566066,61.200663143611756,0.08105215504353111,66.09605206451778,59.52145642229609,0.03767960569550573,55.50741903806824,,
2025-02-25,KMGZ,13761.17,42710.0,0.6546272548458592,1.452346357717133,0.9999999937946014,0.0,0.04665012404093638,0.5700394702763847,58.46820156225924,0.028348530722303495,63.055660159032946,0.06692781959834972,63.57766161955883,58.46820156225924,0.02535280672338318,54.105269459206205,,
2025-02-26,KMGZ,13689.45,50490.0,0.1331450518095002,1.3766348048976746,0.28931297489075175,0.0,0.05742064572144445,0.6860572509464923,60.14797006340784,0.041644863445416465,68.44654790443346,0.0827997825358735,66.40175405104748,60.14797006340784,0.0422091717266111,56.02057316421324,,
2025-02-27,KMGZ,14195.0,9010.0,3.844328239939369,-0.3833948042363622,0.6020450454580009,0.0,0.013299491772757056,0.2107935159507514,53.15769459985199,0.013154034927344238,56.4786781162693,0.0402274247024159,58.61803070583888,53.15769459985199,0.002710215283718273,51.51431816491138,,
2025-02-28,KMGZ,14133.99,1550.0,3.3769878499368438,-2.1434605554073527,0.8730985854007112,0.0,0.017932487786366007,0.2606991687405438,53.90253381307658,0.027250737205471498,62.59332624963378,0.03411670848497305,57.4538257914309,53.90253381307658,0.00613650094222376,51.907250819789475,,
2025-03-03,KMGZ,14082.0,3040.0,3.0185760482645883,-1.2892082425123528,-0.2103184767920498,0.0,0.028462691480512108,0.3741282949090517,55.58847720152813,0.0338531984431324,65.33659398618464,0.04665218600577569,59.831744406466505,55.58847720152813,0.018624904978324232,53.337087316912026,,
2025-03-04,KMGZ,14192.0,4130.0,3.7811246558460305,-0.6961661040869556,0.9064327432372354,0.0,0.01345503570086434,0.21246900223368387,53.18272585939842,0.02648297498255221,62.26860687376979,0.03298500161056528,57.237263759748835,53.18272585939842,0.021087323508884953,53.61844581694313,,
2025-03-05,KMGZ,14299.5,3060.0,4.606164126375612,-0.8958168452389599,0.8102115409424089,0.0,0.0054980688219201795,0.12675823858225155,51.90045759035499,0.018000548928617265,58.61340703808254,0.012184963135574201,53.21592904780154,51.90045759035499,0.036857839393318756,55.41419192146885,,
2025-03-06,KMGZ,14422.78,2740.0,5.421260481708122,-0.8459890428880967,0.9999178873474082,0.0,-0.0021415488509502582,0.04446589343256419,50.66694884090662,0.007836128538348142,54.10865500433049,0.012720153991072762,53.320154615878266,50.66694884090662,0.062323042268649195,58.282312958769154,,
2025-03-07,KMGZ,14560.0,6360.0,6.565863831228448,0.2052228511741765,0.8666666637777778,0.0,-0.011782112332112333,-0.05938021659550181,49.10939095796938,-0.007910576923076909,47.02269608470573,-0.003730250305250305,50.1076727938377,49.10939095796938,0.0732196123321123,59.493819415178415,,
2025-03-11,KMGZ,14600.0,7700.0,6.704507301977946,0.39641449677019885,0.9837691605195948,0.0,-0.0094838171341596,-0.03462346700612967,49.480666671835536,-0.01338309958686671,44.57355921635097,-0.009242791911285062,49.029650425502176,49.480666671835536,0.056469776038269186,57.62728081517178,,
2025-03-12,KMGZ,14610.0,5100.0,6.37123635485448,-0.015564480982104304,0.4669221757463631,0.0,-0.004981609954043219,0.01387335614213277,50.20809914054807,-0.01066004204556566,45.789677529885275,-0.005075541051465076,49.844561131710044,50.20809914054807,0.08844477363840811,61.16710978524746,,
2025-03-13,KMGZ,14600.03,1560.0,6.078236356874071,-1.1766754607928633,0.05600844492400818,0.0,0.006234444771580059,0.1346903245064639,52.01925601820688,-0.0100602162646133,46.058287253857785,-0.00999304886185872,48.8829790072003,52.01925601820688,0.11468965400120025,63.98875706371761,,
2025-03-14,KMGZ,14580.0,2380.0,5.804084205776795,-0.6600398601749414,-0.9999999897959185,0.0,0.0077497648442092885,0.15101303171102493,52.263647017784045,-0.006643180482069371,47.592387922967184,-0.008405776014109346,49.19330237957858,52.263647017784045,0.11278883499902018,63.7873493971149,,
2025-03-17,KMGZ,14490.01,40760.0,5.034110289976114,2.180556346618631,-0.9999014729068871,0.0,0.020682218991151014,0.2903186914787821,54.34380240853818,-0.0057069513083688695,48.013631914160364,0.004391619920174214,51.6955002161907,54.34380240853818,0.15935574619949158,68.56829070793438,,
2025-03-18,KMGZ,14450.0,3050.0,3.8204662131079035,-0.41199963538791295,-0.428571426122449,0.0,0.022105282309002033,0.30564762844094484,54.571908307944526,0.004441821826769924,52.58544532298204,0.0004880526720492124,50.93258163581144,54.571908307944526,0.09071094908551655,61.41403665396835,,
2025-03-19,KMGZ,14500.0,38590.0,3.7575936238651666,2.227475502426191,0.9999999930342715,0.0,0.009147058018609742,0.1660643781404936,52.4889068869811,0.03128831417624521,64.28181237997951,-0.0031482621784345906,50.22149690716985,52.4889068869811,0.09821477832512314,62.22742447962527,,
2025-03-20,KMGZ,14498.99,6520.0,3.1444044558226762,0.4493581012734165,0.9855703908452688,0.0,0.0037113698820094194,0.10751229563881724,51.61212544175011,0.021674769372550837,60.21092581453467,-0.0019023250221030415,50.465165662356185,51.61212544175011,0.09135024237101486,61.48358980827844,,
2025-03-26,KMGZ,14529.0,11820.0,3.249707306012338,0.9339998066271905,0.05306122427321949,0.0,2.2283429856214537e-05,0.06777423692866696,51.016473487321065,0.02918419261640922,63.40600381018107,-0.004004490198584768,50.05403702646001,51.016473487321065,0.1021719880436172,62.65364765234429,,
2025-03-27,KMGZ,14453.0,1100.0,2.535917435536044,-1.6503946945869161,-0.9784946131344665,0.0,0.008159698321543611,0.1554287483934191,52.32974300594746,0.031157165700755267,64.22749476153855,0.006422009408712863,52.09203258825772,52.32974300594746,0.11033211372604579,63.526320980203636,,
2025-03-28,KMGZ,14560.0,5030.0,3.219516423172962,-0.13029519803551448,0.46676444785142923,0.0,-0.002458760683760653,0.04104895468654579,50.61570319650816,0.013267139804639819,56.52880420760389,0.004164926739926741,51.651213164668775,50.61570319650816,0.0993671855921856,62.35174647212689,,
2025-03-31,KMGZ,15000.0,8300.0,5.726387057978961,0.4939004279077722,0.9999999980392157,0.0,-0.03224087301587302,-0.27975765793024715,45.8134602223265,-0.008330555555555556,46.83408030402636,-0.01540674603174603,47.82535352736891,45.8134602223265,0.08801150793650794,61.119834529909966,,
2025-04-01,KMGZ,14860.0,2690.0,3.8789313943478843,-0.6328110938381735,0.015950833010227546,1.0,-0.020220498194791596,-0.15027672367907313,47.74737507525555,-0.00407918028584249,48.74666382353837,-0.005853529769916043,49.692405266703936,47.74737507525555,0.10488296267811739,62.944515860266236,,
2025-04-02,KMGZ,15000.0,3490.0,3.425691855218845,-0.2717967010650225,0.99999999499925,1.0,-0.029534000000000015,-0.2505997945348528,46.248069086695985,-0.025686365079365052,39.17949965123256,-0.008907539682539682,49.095196082721436,46.248069086695985,0.08955000000000002,61.28760988323235,,
2025-04-03,KMGZ,14950.0,44760.0,2.879669617602705,2.463683785667232,-0.14121037423282312,1.0,-0.020868593725115462,-0.15725787160494076,47.642880416220166,-0.013395001858045336,44.56825681587142,-0.0069552317247969404,49.476949299728155,47.642880416220166,0.10324813930031329,62.76922187724004,,
2025-04-04,KMGZ,14800.01,36640.0,1.1812279278767055,2.0794396103776487,-0.8902109667079687,1.0,-0.022233416850276057,-0.17195945753414743,47.42289388656837,-0.009987983422158363,46.090649816009865,-0.005943859499000996,49.67473926151633,47.42289388656837,0.13448555405603918,66.05603453729867,,
2025-04-07,KMGZ,14923.0,5680.0,1.7862978464916344,0.11459684301918246,0.9999999990224829,1.0,-0.02372907937997062,-0.18807041784544193,47.18193338913827,-0.020838087898833058,41.28133441777059,-0.019592599497526453,47.008886185053115,47.18193338913827,0.14956390838048012,67.59107830061555,,
2025-04-08,KMGZ,14846.9,9360.0,1.1676561987437934,0.5518989717816819,0.5751830050194655,1.0,-0.02095296175611239,-0.15816666618389646,47.62927896833538,-0.010973406903819458,45.649444977291765,-0.01600070938329596,47.709417684211175,47.62927896833538,0.1462048177445412,67.25222418602074,,
2025-04-09,KMGZ,14663.02,8220.0,-0.16223142475975705,0.3114824081776312,0.6247835045105333,1.0,-0.005892351079260796,0.004063045439730878,50.060945651412624,-0.004082672289103555,48.7450905842797,-0.0007249012335599839,50.69541510173363,50.060945651412624,0.15443649685907831,68.07934250969211,,
2025-04-10,KMGZ,14798.0,3650.0,0.7422921146263978,-0.5677998941439116,0.8901660224127286,1.0,-0.014920350347644575,-0.09318465249720259,48.60259421971705,-0.01297929337297833,44.75352521476141,-0.012990876019281854,48.297136110856556,48.60259421971705,0.1391055927227403,66.53015961218827,,
2025-04-11,KMGZ,14700.0,1090.0,0.04145292595512529,-1.7221017919198869,-0.02382089222865348,1.0,-0.06630419501133787,-0.6466805552043068,40.4196845757739,9.529478458049877e-05,50.62826285328242,-0.006318310657596371,49.601507851566296,40.4196845757739,0.14425260770975057,67.05445897133347,,
2025-04-14,KMGZ,14660.0,5160.0,-0.2514275252430001,-0.043608706278179775,-0.5999999880000003,1.0,-0.025904013187812644,-0.21149834464186382,46.83177527778551,-0.00379165204963295,48.87621108228506,-0.0008522472335910254,50.67051338392692,46.83177527778551,0.16153498830637303,68.78359483800097,,
2025-04-15,KMGZ,14731.0,1570.0,0.22447872148147657,-1.2390147702214083,0.2075720874050085,1.0,-0.010654734077687373,-0.04723633657427391,49.29150237626751,-0.00876294791353511,46.63998394671374,-0.005739015363346721,49.71480123801924,49.29150237626751,0.15574704944114182,68.20999975935844,,
2025-04-16,KMGZ,14649.03,1430.0,-0.33900100881275236,-1.3324151972297997,-0.9992682804967123,1.0,-0.010674288017217374,-0.047446967473586225,49.288343549991346,-0.0020523967579131087,49.66010053992277,0.005360962544472672,51.884841256888556,49.288343549991346,0.2040723386170572,72.81747466658214,,
2025-04-17,KMGZ,14652.0,1600.0,-0.3248021813412713,-1.2200869242605503,-0.8627047086132706,1.0,-0.018850389025389023,-0.13551819759973535,47.96834626339265,-0.002279018954018954,49.55794329195058,-0.006453556803556803,49.575058167769825,47.96834626339265,0.23719016906516907,75.72168498769783,,
2025-04-18,KMGZ,14747.0,1460.0,0.032829905815734944,-1.249818350477647,0.947990946703857,1.0,-0.014822505492104393,-0.09213068841575024,48.618391471285655,-0.0037174832169254764,48.90963073334704,-0.006161560328116237,49.632163322215945,48.618391471285655,0.24564953283476557,76.42876657106794,,
2025-04-21,KMGZ,14650.0,1210.0,-0.6556903105976427,-1.4376330633195398,-0.31034482544589775,1.0,-0.009095670133810067,-0.030442429644141088,49.543376250432964,0.00809613196814562,54.22505302475733,-0.0018856140636004104,50.46843371128455,49.543376250432964,0.30263306652581395,80.81507712408627,,
2025-04-22,KMGZ,14648.0,2850.0,-1.0616251930649518,-0.42055438543641027,0.6613577402965352,1.0,-0.009935826766534032,-0.0394924191279659,49.40764142900328,0.018734088406890153,58.933910498651684,0.0007827683285220148,50.99020088726316,49.40764142900328,0.31546461167026435,81.71221176005497,,
2025-04-23,KMGZ,14665.01,6760.0,-1.0126260074334548,0.6384562559011157,0.2254656846175394,1.0,-0.0027628559967861448,0.037773304316401884,50.56657531288119,0.01766974090433785,58.468627218214955,-0.0001760222069131477,50.802740875121046,50.56657531288119,0.3193634229255419,81.97826909503362,,
2025-04-24,KMGZ,14665.0,320.0,-1.1165863662028794,-2.4119782509991783,-0.999999992394859,1.0,0.0076161429329090445,0.14957368475478527,52.2421006456963,0.02416630298897602,61.2821954762982,-0.05838303121566845,39.57385241651916,52.2421006456963,0.31256659753002236,81.51248112708045,,
2025-04-25,KMGZ,14739.0,630.0,-0.6336678701745313,-1.7345911685298236,0.09099533488026645,1.0,0.02554326075297476,0.3426808048174647,55.1221798257044,0.017586652434907066,58.43224003734806,-0.025573568827761788,45.84515381947345,55.1221798257044,0.31325080956257934,81.55978849418474,,
2025-04-28,KMGZ,14815.0,2370.0,-0.1815001811435203,-0.2908408507825741,-0.029126213487501402,1.0,0.05398419649218673,0.6490405469473248,59.614411034518646,0.0031686913735006882,52.01272532553154,-0.010714910483261815,48.7418768543265,59.614411034518646,0.301730543234281,80.75072974788857,,
2025-04-29,KMGZ,14968.5,290.0,0.9191041270736581,-2.2566999205361897,0.9999999932203391,1.0,0.06372091427712481,0.7539224107909336,61.11986410166419,-0.012503441552657407,44.96577628454988,-0.026535015397413937,45.65847149341054,61.11986410166419,0.2831744463770744,79.39123928460884,,
2025-04-30,KMGZ,14970.0,9620.0,0.9309516735692018,1.3044921093856574,0.9516263545023966,1.0,0.050247926010751655,0.6087942318571459,59.031713259819504,-0.01414228218341445,44.23559968049067,-0.034434815663072174,44.1296639346558,59.031713259819504,0.27903395441677004,79.07837005211194,,
2025-05-02,KMGZ,15065.0,1600.0,1.536363867691225,-0.4893448426136841,0.17244748362755474,1.0,0.07524981679916129,0.8781093094245738,62.875176336242845,-0.01771925834610866,42.650937480822485,-0.030357068180740604,44.917606271257846,62.875176336242845,0.294955936313014,80.26247085459828,,
2025-05-05,KMGZ,15044.0,5000.0,1.7116200764857752,0.9238174564707483,0.9884951622843122,1.0,0.10149716482445154,1.1608401888285935,66.74122338827316,-0.019330062821015997,41.94202173732017,-0.029886585275783625,45.00868963321531,66.74122338827316,0.2872573722372046,79.69635309243353,,
2025-05-06,KMGZ,14908.0,1800.0,0.7015369395673077,-0.09783206835365821,-0.5707102063918308,1.0,0.10831091701057491,1.2342364856951384,67.71143416043434,-0.010355543630563754,45.92600625483128,-0.021891622586786258,46.561104732417114,67.71143416043434,0.28729157062789346,79.69889443633826,,
2025-05-08,KMGZ,14828.0,2009.9999999999998,0.2112225921983263,0.16750617166928572,-0.6190476148364108,1.0,0.15291059974479856,1.714654831519541,73.66818071927982,-0.002308974227223485,49.544440246257736,-0.008301006568439802,49.213788016649836,73.66818071927982,0.350029133321344,83.96617491335337,,
2025-05-12,KMGZ,14805.0,1780.0,0.1026941341508682,0.04598503572708294,-0.9497487389459862,1.0,0.08448828098615332,0.9776240909337017,64.25787810876078,-0.0007627997298210215,50.241456538735505,0.003521394799054372,51.525478091704734,64.25787810876078,0.3309150371496116,82.74881255406166,,
2025-05-13,KMGZ,14845.0,3460.0,0.23432550889634746,0.7165392700921207,0.08745247115037083,1.0,0.09263147136815882,1.0653408147581578,65.4573612093633,0.0019228410506450253,51.451763701996946,0.02368434404187181,55.44771522736839,65.4573612093633,0.3233202491887065,82.24518803620184,,
2025-05-14,KMGZ,14800.02,1990.0,-0.0907776909879822,0.16340587782827207,-0.9991489149117067,1.0,0.08919128517426067,1.0282838569665664,64.95291806201342,-0.006507502940311371,47.653414447765776,0.06066461522799743,62.43566326595944,64.95291806201342,0.3259792902966476,82.42281339270023,,
2025-05-15,KMGZ,14800.0,4150.0,-0.1032655390040785,0.8408918739277509,0.35616438112216176,1.0,0.10210810810810811,1.16742114061419,66.82881304776126,0.0002513942513942516,50.69862163752934,0.08164352209352208,66.19964828057499,66.82881304776126,0.3212613256113256,82.10668627080176,,
2025-05-16,KMGZ,14840.0,680.0,0.07069750850511079,-0.9678757342150787,0.9857142786734695,0.0,0.10119599430967355,1.1575960437663306,66.69800253299,-0.004812017070979335,48.41656080551912,0.06522941749026655,63.26943103438023,66.69800253299,0.30387002845163213,80.90300235820582,,
2025-05-19,KMGZ,14839.99,2070.0,0.04923037482328072,0.1453327946901387,0.9998496165424808,0.0,0.09871459678469387,1.1308669546517855,66.34083353157594,-0.00232562089819573,49.53693639541672,0.09746031697364449,68.91057805737543,66.34083353157594,0.2966733842194862,80.3871278726958,,
2025-05-20,KMGZ,14920.0,2580.0,0.5521927467461205,0.3085701985717224,0.7676252094791267,0.0,0.11484511894123153,1.3046215263582155,68.62774328555705,-0.007494663602706498,47.209569962885034,0.11642486595174271,71.99685734520176,68.62774328555705,0.2850326716030469,79.53052215986209,,
2025-05-21,KMGZ,14750.0,1820.0,-0.6582712589302967,-0.09431054934230014,0.7097914046394732,0.0,0.13415798762442824,1.5126556615155398,71.25074449893967,-0.05390902609631423,27.91472490314465,0.12599541296744687,73.48124793824275,71.25074449893967,0.30354153214958296,80.87968237740574,,
2025-05-22,KMGZ,14850.0,1460.0,0.019148158489361695,-0.31471025486444193,0.3517203689806132,0.0,0.12168269600769602,1.3782744597948264,69.57127442490493,-0.02298397065897066,40.34663363101743,0.15678585858585858,77.90361409408737,69.57127442490493,0.281379797979798,79.25605685514441,,
2025-05-23,KMGZ,14815.0,670.0,-0.24721619700654976,-1.0936221050297494,-0.5337582230490808,0.0,0.13440039990571553,1.5152668753189555,71.28282676477407,-0.0007331644515157845,50.25481608657426,0.08936955506806166,67.5385721903705,71.28282676477407,0.2808061239413079,79.21270685204043,,
2025-05-26,KMGZ,14852.0,3520.0,-0.07135231085030519,0.6139783661585869,-0.35845021474023303,0.0,0.15112596390203445,1.6954311118220513,73.44382772053673,-0.008798531756719206,46.62401518439452,0.0977526094502798,68.95954615882157,73.44382772053673,0.2910720253592055,79.97836562480995,,
2025-05-27,KMGZ,14855.0,4850.0,-0.23342813675889196,0.9344959342429742,0.8332777453604899,0.0,0.17573544955736137,1.9605192843226424,76.42839663638395,-0.016854829222163453,43.03264149123345,0.09073640161775469,67.77256711465571,76.42839663638395,0.2945114709386504,80.23011320384393,,
2025-05-28,KMGZ,14001.0,2580.0,-5.957254171516356,0.2546419241588062,-0.9999999979878871,0.0,0.23849125300573765,2.636511520931432,82.94744137839585,0.054316538274476994,73.1622633450415,0.17169038869672573,79.84539760744907,82.94744137839585,0.37439707410355044,85.41623748040433,,
2025-05-29,KMGZ,14555.0,7320.0,-1.9700145318096582,1.2776595601371983,0.1395348833964305,0.0,0.18392287178354683,2.0487124642138452,77.36833363436266,0.013125813144449352,56.466168649517655,0.12873138001450438,73.89623230595282,77.36833363436266,0.3409269987131462,83.39535797199356,,
2025-05-30,KMGZ,14850.0,1990.0,0.2520726298563518,-0.02481513263219262,0.9738842000107487,0.0,0.15559006734006733,1.7435174895227405,74.0027308043055,-0.008052092352092352,46.95913059750602,0.10355677008177008,69.92304258013905,74.0027308043055,0.31472146464646467,81.66115440545796,,
2025-06-02,KMGZ,14767.0,2780.0,-0.3114731573802591,0.30950072219740815,0.17587939610110856,0.0,0.15947761385586265,1.7853933180474277,74.48318960373544,0.0058053971424916785,53.198094610417755,0.13217815907090133,74.41301550915782,74.48318960373544,0.31858765925954596,81.92557222349387,,
2025-06-03,KMGZ,14650.0,1820.0,-0.8988828612148845,-0.11411314645467512,-0.7709923605267759,0.0,0.18292510834823122,2.037964767599614,77.25522075151716,0.02421446313451433,61.302799103902714,0.14759751476244642,76.64146726109286,77.25522075151716,0.3225929709084999,82.19636100506962,,
2025-06-04,KMGZ,14804.0,17910.0,0.22937459092255247,2.172408228274765,0.9538425996082674,0.0,0.17039961957943583,1.9030428527778014,75.80146841485868,0.03647162382110367,66.39806393577352,0.13076706703036073,74.20226143560353,75.80146841485868,0.3100851374360426,81.34012237162614,,
2025-06-05,KMGZ,14790.0,39200.0,0.21153995696970598,2.9557253766677367,0.743119259237438,0.0,0.2127441860652308,2.3591695635211205,80.46322621514388,0.07128245275121545,78.7313433477396,0.14185264094143413,75.82726489913603,80.46322621514388,0.2970639009626839,80.41538943410087,,
2025-06-09,KMGZ,14775.0,700.0,0.04802136904534998,-1.2003897590403187,0.3999999920000002,0.0,0.24706431190073322,2.728858697424427,83.71692876137111,0.09335475384739343,84.64238035852684,0.16268293046491017,78.68752958829246,83.71692876137111,0.29575076545000406,80.32023583540429,,
2025-06-10,KMGZ,14897.0,44130.0,0.8817938878360934,2.943417679168613,0.96999999515,0.0,0.25320371772413974,2.7949910779528286,84.25061625727075,0.07094016607157508,78.6278051437341,0.1778195235857651,80.60599581351711,84.25061625727075,0.28679818947247304,79.66220743252828,,
2025-06-11,KMGZ,15049.0,4090.0,1.642839615441622,0.4607545287968653,0.9999999959837744,0.0,0.28754383242255194,3.164895527658072,86.97712035691085,0.09187186935376183,84.29155724756721,0.15642509674745037,77.85499281893009,86.97712035691085,0.2733819410560423,78.6456690493519,,
2025-06-12,KMGZ,15388.99,13450.0,3.8979712889839666,1.6511874155564235,0.5888518507613847,0.0,0.2707064223538831,2.9835265089284855,85.69414862671883,0.0918381084223821,84.2834946361227,0.12423061207529766,73.21134123555882,85.69414862671883,0.2411080717169501,76.05094646355275,,
2025-06-13,KMGZ,15889.6,9740.0,6.921451113849174,1.2904221895731307,0.9593749981262222,0.0,0.2351204243806071,2.6002016681956386,82.63707151391658,0.05414034009267115,73.09983134565822,0.08425199919124496,66.65474176507627,82.63707151391658,0.23097539191053187,75.19311758769159,,
2025-06-16,KMGZ,16199.99,3270.0,8.550787879707297,0.19897264048605473,0.7485792329273779,0.0,0.20493020848425572,2.2749990503331334,79.65710347573338,0.06913518567550166,78.07575547450641,0.06076309664290702,62.453731102012796,79.65710347573338,0.263427082653402,77.86779350440104,,
2025-06-17,KMGZ,16000.0,5870.0,7.027923536597977,0.6629422129281978,-0.5651890328386866,0.0,0.22709722222222223,2.51377743212841,81.88041540928906,0.017543650793650795,58.41340458718949,0.08705753968253968,67.14077358128414,81.88041540928906,0.29151527777777775,80.01094356215081,,
2025-06-18,KMGZ,16478.16,6850.0,9.949435745306626,0.7019436303169269,0.9915207350425783,0.0,0.18682604072530523,2.0799847857897587,77.69518776537598,-0.0020566126661853276,49.65820005504381,0.05513438499952723,61.41563667388992,77.69518776537598,0.25053850822341006,76.83086727767531,,
2025-06-19,KMGZ,16849.9,9950.0,11.983843929877395,0.9612551476034568,0.411157701487197,0.0,0.15595990464170234,1.7475012986842193,74.0486903734941,-0.030134714998073173,37.2855115707417,0.06776679598070244,63.72951299562375,74.0486903734941,0.2462972871724451,76.48231828459922,,
2025-06-20,KMGZ,16799.0,11440.0,10.897752918352696,0.9397263359660372,0.8430769217798817,0.0,0.15594609968280426,1.7473525945878807,74.04697578398459,-0.015816234455565667,43.492345208140875,0.1001460179744259,69.35891360643981,74.04697578398459,0.261614325824383,77.72398190273984,,
2025-06-23,KMGZ,17370.0,10060.0,13.910989906180852,0.6296023522530472,0.7278911556373117,0.0,0.13835070935109797,1.5578187728415103,71.80260712106934,-0.04648515914137676,30.686319486038983,0.07771228513858057,65.50809459361734,71.80260712106934,0.20183171313430376,72.61331154238422,,
2025-06-24,KMGZ,16330.0,27690.0,6.34221279615477,1.4710417394411783,-0.18208943823860171,0.0,0.20321077455068567,2.256477671805788,79.47643138887457,0.012169835194743338,56.041949639027145,0.19064790287619435,82.1268908129421,79.47643138887457,0.3010913048338339,80.705054485948,,
2025-06-25,KMGZ,16495.0,3490.0,6.533197157959735,-0.7080764962823003,0.9777777756049383,0.0,0.18007706664357165,2.007286264957677,76.93015819756066,0.02202034009825007,60.36011999033406,0.18981848576047577,82.03144689128217,76.93015819756066,0.28460726133941494,79.49869743983038,,
2025-06-26,KMGZ,16394.0,2620.0,5.680738356619779,-0.9948028574040592,0.1754765493470071,0.0,0.23772371599365624,2.6282437746360037,82.87715997265406,0.03395488627275555,65.3781111716662,0.20210329049923412,83.40471342297118,82.87715997265406,0.2816177188808913,79.27401589197794,,
2025-06-27,KMGZ,16585.0,2820.0,6.721597501183265,-0.9212405934234585,0.2563667223892471,0.0,0.20426310779964685,2.2678131829064982,79.58714783265158,0.017783256648051644,58.51832457516192,0.18207801094410234,81.12149698145201,79.58714783265158,0.2747060592139579,78.74762106664312,,
2025-06-30,KMGZ,16616.0,2520.0,6.604121696160706,-0.9257668418744565,0.5582830017645256,0.0,0.1984929740697434,2.2056585232371675,78.97460104293025,0.024798583885488147,61.552370716897656,0.18646139616816074,81.64106898998227,78.97460104293025,0.275134127366241,78.78050455757688,,
2025-07-01,KMGZ,16579.0,1140.0,6.241180936736928,-1.7189921810285835,0.046410101105444364,0.0,0.1998818463211732,2.2206191612661303,79.12326375982728,0.0446319913937789,69.59816413897902,0.18503548247113147,81.4732792345772,79.12326375982728,0.28421265599912693,79.4691444060257,,
2025-07-02,KMGZ,16909.0,4970.0,8.246797768001201,-0.24660805625092813,0.9562841503926662,0.0,0.17196408097688184,1.9198948999357601,75.98645290873087,0.04600612667997788,70.11990456356342,0.15739573170388269,77.98563503599209,75.98645290873087,0.2733346012314285,78.64201747625893,,
2025-07-03,KMGZ,17001.12,8250.0,8.580633764455953,0.2601844233287953,0.005575139364545152,0.0,0.15351640121636803,1.721180396793261,73.74406072851788,0.03202164632739045,64.58485655850396,0.14752368280946876,76.63112523605011,73.74406072851788,0.2636849118287783,77.88819381726513,,
2025-07-04,KMGZ,16931.0,2250.0,7.281475813335583,-1.039095113110842,-0.6949748708795379,0.0,0.15205145738586018,1.7054003318100142,73.56032702511325,0.030527231184837057,63.96608791896805,0.17388804911250424,80.12065331099356,73.56032702511325,0.26611488065940847,78.07979933681327,,
2025-07-08,KMGZ,17079.22,5880.0,6.622563116381268,0.08146081994676423,0.03375999986496932,0.0,0.13797668903897556,1.5537899051761201,71.75363914426434,0.0176928494908404,58.478745590933045,0.15515717134902038,77.68350270850189,71.75363914426434,0.24901724006605408,76.70626386661294,,
2025-07-09,KMGZ,17370.0,2260.0,8.171891340824855,-0.9553387898324661,0.7918215583947154,0.0,0.12137296035858212,1.3749380529177442,69.52887948544266,-0.001699259807549963,49.819293725215,0.125239526276832,73.36585651396736,69.52887948544266,0.22437849329714615,74.62367523531948,,
2025-07-10,KMGZ,17739.0,3260.0,7.844166868359545,-0.5083677728441722,0.9954545431921488,0.0,0.0866705213693798,1.001130722614209,64.58115057919875,-0.010922746692115032,45.67211109581234,0.14801546954651976,76.69995235162774,64.58115057919875,0.1874971149122595,71.28481111240794,,
2025-07-11,KMGZ,17597.89,3970.0,6.519510275788589,-0.3113292565218804,-0.35188467724043454,0.0,0.0924076079943008,1.0629294058609144,65.42463971143452,-0.0029737500555509088,49.24479754921444,0.1394255681629022,75.47752844213127,65.42463971143452,0.20755863022927165,73.13323796422203,,
2025-07-14,KMGZ,17500.0,2750.0,4.9614135075922485,-0.48578659934445834,-0.999999995,0.0,0.11010753968253968,1.2535893249805534,67.96477755542257,0.03747165079365088,66.79919916413823,0.14255965079365074,75.92850221468039,67.96477755542257,0.21435888888888877,73.74243758139389,,
2025-07-15,KMGZ,17434.0,2440.0,4.056070197024032,-0.42440933463113567,-0.690895037543095,0.0,0.11753336351518925,1.3335787281187825,69.00059756410646,0.06945500167525233,78.17431319290496,0.14567097693614559,76.3705659942683,69.00059756410646,0.2075607933139222,73.13343315899077,,
2025-07-16,KMGZ,17394.0,1620.0,3.639108031819914,-0.8339799809119273,-0.015706806200487925,0.0,0.11899051000071179,1.349274801751643,69.20167753414933,0.08606096108674594,82.85376806470265,0.1443134763218844,76.17838152938444,69.20167753414933,0.23227520546220098,75.30430174764409,,
2025-07-17,KMGZ,17600.0,1330.0,4.567032394225463,-0.9312137344759486,0.365079363920383,0.0,0.12248684163059172,1.3869365463001422,69.68118639356396,0.11365739538239539,88.82440064295938,0.11918658910533905,72.43037776944736,69.68118639356396,0.2163173069985569,73.91622305697896,,
2025-07-18,KMGZ,17600.0,6630.0,4.3742677490970525,0.779746302809836,-0.8056155490159491,0.0,0.12351093073593075,1.3979678174617698,69.82083531976411,0.12416994949494949,90.57229060169443,0.11311418650793643,71.47171213301084,69.82083531976411,0.21955703463203463,74.20207002834755,,
2025-07-21,KMGZ,18209.99,2560.0,7.693499082017021,-0.17184992574925628,0.9999999972298402,0.0,0.08222561363448176,0.9532511169661806,63.92131601675298,0.09080266786972155,84.03457830717369,0.07172592056765409,64.44236720781248,63.92131601675298,0.17414535082792545,70.01341555382577,,
2025-07-22,KMGZ,18699.0,3500.0,10.281622760191658,0.228514733820721,0.999999997955052,0.0,0.04809807145276422,0.5856364534337843,58.695263913404595,0.05685040268259828,74.04987498838544,0.04592459846337594,59.69486854480215,58.695263913404595,0.13700479507434832,66.31497471875427,,
2025-07-23,KMGZ,18944.99,3840.0,11.594005947083751,0.3212240396787596,0.906923863477625,0.0,0.03556009717843307,0.4505800473880759,56.71783434424572,0.048891974999220086,71.19867682890347,0.02188783745184472,55.10026469940714,56.71783434424572,0.12166957951952392,64.72407967516291,,
2025-07-24,KMGZ,19655.0,12690.0,13.28103774405848,1.5165654540480884,0.22272359718761142,0.0,-0.013261900118310702,-0.07532017752870035,48.870389583299016,0.0074324649812439175,53.9278549764534,-0.018287787044776363,47.26324394291927,48.870389583299016,0.0957335359353611,61.959202727100084,,
2025-07-25,KMGZ,19840.0,7400.0,11.664057447144256,0.9772312613372591,-0.16928911626229462,0.0,-0.02460593798003069,-0.19751575315585446,47.04072634970373,-0.00561500256016385,48.05501925285125,-0.01742596646185356,47.43132444370215,47.04072634970373,0.08680693804403483,60.98828965156863,,
2025-07-28,KMGZ,19920.0,6960.0,10.677333855436935,0.8283211985841076,0.5355877390557049,0.0,-0.027116384585962817,-0.2245577528240925,46.63672009010003,-0.012629025626314783,44.90974207470181,-0.018659399502772997,47.19078743804633,46.63672009010003,0.0837339500860586,60.651983634549055,,
2025-07-29,KMGZ,19820.02,3630.0,8.903491865342065,0.07135685094145905,-0.8960836837668035,0.0,-0.022147077305817935,-0.17102942622932887,47.436807495184446,0.010785755545102738,55.426207325854705,-0.014657319316129042,47.97166758069388,47.436807495184446,0.07925088972969338,60.159551809546294,,
2025-07-30,KMGZ,19930.0,1830.0,8.831755251468962,-0.6668469257741368,0.2929650002880353,0.0,-0.030181159454917686,-0.2575708592545037,46.144108371453626,-0.002028350018716381,49.670940562938654,-0.0053238083291519515,49.796005581273754,46.144108371453626,0.05956671903248672,57.97420533716438,,
2025-07-31,KMGZ,19862.0,1650.0,8.129300995592923,-0.7703873331859419,-0.1592650338377945,0.0,-0.0026399245668125917,0.03909749566972745,50.58643554228222,-0.007661771860759878,47.13447691172139,-0.0009708909331530412,50.64731304720268,50.58643554228222,0.08646109620668332,60.95049240060381,,
2025-08-01,KMGZ,19790.0,1930.0,7.068506444189733,-0.5603547652378174,-0.8032786819403387,0.0,0.04753631784531228,0.5795853624325055,58.607214899806635,0.03759814139737081,66.84976590367522,-8.130248562281985e-05,50.82126129787659,58.607214899806635,0.09185304426638433,61.538260190230964,,
2025-08-04,KMGZ,19730.0,1090.0,5.667973548842319,-1.0140975804986214,-0.9999999915966388,0.0,0.06034847183002277,0.7175951743063227,60.6006692012721,0.024798949508845605,61.55252674448452,-0.002066777890409417,50.433004521522015,60.6006692012721,0.09275667744712346,61.63644025184243,,
2025-08-05,KMGZ,20095.0,5060.0,7.2456803823179285,0.5210883934976468,0.5670103081092571,0.0,0.038805952578427075,0.48554371498505944,57.23207847002625,0.003244885701647276,52.04701786928266,-0.01919664332515788,47.08605735000419,57.23207847002625,0.0686354715893159,58.98546164320049,,
2025-08-06,KMGZ,19951.01,1240.0,5.255245377508974,-0.8851643789436436,-0.9701980149990356,0.0,0.06688328330821754,0.78798678088651,61.60443883096621,0.009403879455106318,54.80977924938796,-0.022613359883964262,46.42064253453812,61.60443883096621,0.07256413184651375,59.421251900348025,,
2025-08-07,KMGZ,19771.0,2650.0,3.955101380281848,-0.1257177599680425,0.30903654529700697,0.0,0.0864708980525429,0.9989804224823837,64.55163357973596,0.015082114396346099,57.3312758541215,-0.015578733883923272,47.79178071369238,64.55163357973596,0.0801570856344831,60.25926031571361,,
2025-08-08,KMGZ,20595.0,9650.0,7.8201868197255875,1.2737051451211914,0.3414580603570297,0.0,0.027892591243829368,0.36798729578371364,55.49749432313964,-0.03555755268847045,35.028779111018274,-0.05405843304546866,40.38566747405436,55.49749432313964,0.03483292234592307,55.18430937270969,,
2025-08-11,KMGZ,20280.0,3440.0,4.781239746361356,0.24221937789203019,-0.10843178157929531,0.0,0.0604368531041608,0.7185471986912554,60.614306843080456,-0.02580567295951917,39.12824536540679,-0.03919880482765098,43.212877007429974,60.614306843080456,0.05058506151967691,56.966016519601666,,
2025-08-12,KMGZ,20222.03,3180.0,3.9335093535736236,0.04338023906835067,-0.17824915764900057,0.0,0.06101627074414341,0.7247885629135242,60.703672636285354,-0.026311936381514557,38.91102409579514,-0.0389120402506338,43.26793742967898,60.703672636285354,0.060872861788348775,58.1202877437675,,
2025-08-13,KMGZ,20200.0,2400.0,3.3422618044440084,-0.3214789830604344,-0.18343195167598886,0.0,0.05314447194719464,0.6399952118211248,59.483679850245366,-0.022877377023416627,40.39290447631353,-0.014099622819424798,48.08057197905507,59.483679850245366,0.07285601917334592,59.45357152406013,,
2025-08-14,KMGZ,20130.0,1380.0,2.662933322002121,-0.8748629439365105,-0.8461538396449705,0.0,0.06370604759539186,0.7537622700408614,61.117580775764935,-0.029155873725545855,37.69916644659909,0.035067341447259474,57.635517325112716,61.117580775764935,0.0759229555508244,59.79266213491994,,
2025-08-15,KMGZ,19926.03,7380.0,1.4106439067280314,0.8018247601941164,-0.30942465668651414,0.0,0.07718592327174442,0.89896463869768,63.166789505062916,-0.021946692311753058,40.79761978707344,0.05527092732889264,61.440946528096504,63.166789505062916,0.08779410914003544,61.09610543791844,,
2025-08-18,KMGZ,19819.03,1680.0,-0.086173620899361,-0.6781531727725983,-0.9263643376204536,0.0,0.08824094050291859,1.0180469452447964,64.81296950490025,-0.006508353165562983,47.65303200216863,0.05906769116741732,62.1422043285562,64.81296950490025,0.09054709995617574,61.3962028520569,,
2025-08-19,KMGZ,19752.14,1040.0,-0.6740673536193355,-1.15772475348251,-0.9999999942811393,0.0,0.10478426944729215,1.1962481843263966,67.21111193602613,-0.00035098463030106995,50.42709835278596,0.08334949980465049,66.49763088294993,67.21111193602613,0.09558415683582513,61.94303137210447,,
2025-08-20,KMGZ,19800.0,1250.0,-0.6837168962612434,-0.8467244379634492,0.07692307633136096,0.0,0.09988755411255419,1.1435018028082469,66.50990324514765,-0.0037927849927849927,48.87570059841593,0.0903883477633478,67.71306655063704,66.50990324514765,0.09050519480519481,61.391641285700004,,
2025-08-21,KMGZ,19605.0,1420.0,-1.8926361157488736,-0.5755829964346489,-0.94999999525,0.0,0.1084513228525279,1.2357489077169967,67.73127066676899,0.021229224201795058,60.018289389406554,0.08627814818863017,67.00611403130074,67.73127066676899,0.10424858150860444,62.876534521722014,,
2025-08-22,KMGZ,19550.0,530.0,-2.435188922310621,-1.4072939132194342,-0.9999999932885907,0.0,0.10658138371290553,1.215606318954581,67.46656454547029,0.02502584947022287,61.649308994003185,0.10626789570900824,70.36720456825455,67.46656454547029,0.10740811614500881,63.214605146935966,,
2025-08-25,KMGZ,19751.0,6480.0,-1.5319052392371153,1.2374476122583642,0.684855956274258,0.0,0.09242455672326819,1.0631119739832677,65.42711757229117,0.011763948299181988,55.86156469642211,0.09230235537601868,68.03955628514034,65.42711757229117,0.08998666221842896,61.33518012613498,,
2025-08-26,KMGZ,19806.0,3270.0,-1.1716626363383715,0.5535175420773327,0.1478977387566089,0.0,0.07984744882503136,0.9276340288209043,63.566094623155855,0.003899821362453898,52.34169981088313,0.08000555711833347,65.9123301321426,63.566094623155855,0.08485635858301718,60.77493828510142,,
2025-08-27,KMGZ,19786.0,470.0,-1.2742893107982145,-1.3862896895955235,-0.4430172153975498,0.0,0.09005969520696853,1.0376381860970445,65.08057633386862,0.006176092001880438,53.36448765401737,0.08807183121302702,67.31559673175259,65.08057633386862,0.0808649822144566,60.33709082437168,,
2025-08-28,KMGZ,20081.99,8020.0,0.19527866339087604,1.4913766024303785,0.9955885802179743,0.0,0.07357655185582562,0.8600852534914037,62.62239309562705,-0.01920539082037165,41.996775268894964,0.07423568218595794,64.8909867101305,62.62239309562705,0.06426495878400457,58.4989982964788,,
2025-08-29,KMGZ,20100.0,550.0,0.23695802021298354,-1.370253051942255,0.6839275805046768,0.0,0.06258347547974405,0.7416701607296378,60.94502826238932,-0.02203134920634918,40.76075356141203,0.07833385453683969,65.61788353010061,60.94502826238932,0.06121057806207059,58.15803576387455,,
2025-09-02,KMGZ,20044.86,1940.0,-0.08071134192220915,-0.05026175622329935,0.2885992626066187,0.0,0.08451470022501431,0.9779086733848185,64.2617996384204,-0.017858520211783965,42.58952449926971,0.09395144383885046,68.31944648191211,64.2617996384204,0.061140635830023694,58.1502187985572,,
2025-09-03,KMGZ,19945.0,550.0,-0.6043879906949681,-1.372559890627498,-0.9999999818181822,0.0,0.0890829484455267,1.0271168766469851,64.936977237977,-0.012955061040878287,44.764329360230235,0.09733566504315447,68.8896820820459,64.936977237977,0.05582528421412854,57.55498799912364,,
2025-09-04,KMGZ,19970.0,470.0,-0.4618275972614326,-1.3483448206165098,0.7991215494569485,0.0,0.09055045763089078,1.042924575089955,65.15262414219124,-0.01671779554252021,43.09322848489804,0.09344199116134519,68.23312028319116,65.15262414219124,0.05264936611266114,57.19827775398399,,
2025-09-05,KMGZ,19759.0,1240.0,-1.5215983413863015,-0.3782147323370628,-0.6230624230814192,0.0,0.09941733829149184,1.1384367374740063,66.44217705515558,0.018110317721400013,58.66141516810175,0.10028514371992035,69.38203997489984,66.44217705515558,0.06584944142392013,58.675557185913426,,
2025-09-08,KMGZ,19720.11,1510.0,-1.7500753640349282,-0.026145231960851865,-0.789413054142029,0.0,0.09650796291680114,1.1070975615157295,66.02163598964374,0.0667832714204651,77.34115347022224,0.09978823455321686,69.29939581650713,66.02163598964374,0.06392535667964862,58.46112785288783,,
2025-09-09,KMGZ,19749.99,1060.0,-1.0300201358312824,-0.3235857058125752,0.9995999800080645,0.0,0.0947805670263268,1.0884904184732354,65.77074059318308,0.07474721546513613,79.75876600140137,0.08860842404404826,67.40788998534597,65.77074059318308,0.059127672048971895,57.92506965931713,,
2025-09-10,KMGZ,19750.0,840.0,-0.885363970567692,-0.51082453281599,0.9999999885057473,0.0,0.11074680630902142,1.2604753698222904,68.05466724759991,0.07280452581876633,79.18731547336529,0.09775432991762105,68.95983426516311,68.05466724759991,0.058392063492063495,57.84270931571864,,
2025-09-11,KMGZ,19700.01,650.0,-1.01190443689835,-0.7046178903429633,-0.1410636824804917,0.0,0.11531361917183952,1.3096681117150735,68.69289849274871,0.09627324138595443,85.31408471491613,0.1004490721542056,69.40927668492081,68.69289849274871,0.05486050818357091,57.44670847090896,,
2025-09-12,KMGZ,20180.0,3860.0,1.5035266888566723,1.1315305182017539,-0.1999999998333333,0.0,0.08976674768354657,1.0344826173578137,65.03753643486685,0.07964230536284553,81.1464610408116,0.06399309468749502,63.044373865758715,65.03753643486685,0.03636096520207033,55.357804389789024,,
2025-09-15,KMGZ,21100.0,13900.0,6.03328704209662,2.412751693748308,0.6666666662222221,0.0,0.03187943278417214,0.41093270930356673,56.13295271430664,0.018423706085909836,58.7983868446201,0.03503533438651922,57.62940324346255,56.13295271430664,-0.017091561348077936,49.24126254720821,,
2025-09-16,KMGZ,21289.0,5880.0,5.263419034328116,1.5524196260240006,0.4743363490477534,0.0,0.00990203436158624,0.17419682356596305,52.610576284486854,0.024881392805137462,61.58770285478652,0.024834943002832444,55.669967804789735,52.610576284486854,-0.025579368471831714,48.26735526539683,,
2025-09-17,KMGZ,21250.0,3060.0,4.418239675348783,0.899278077574572,-0.5652173888468809,0.0,0.033406112044818,0.427377775278018,56.37576849580478,0.024378455648926173,61.37292717101921,0.029410364145658265,56.55143942033999,56.37576849580478,-0.027253505135387417,48.07539354816895,,
2025-09-18,KMGZ,21658.0,5540.0,6.114147552836403,1.4230615899394905,0.8133333315259259,0.0,0.014751921281333048,0.22643877930598127,53.39136657292005,-0.0034144801510348406,49.046170350853956,0.007034353741496597,52.21157318926717,53.39136657292005,-0.047067395932731994,45.809328427813696,,
2025-09-19,KMGZ,21850.02,820.0,6.401520694529271,-0.5803045371537041,-0.21903876504779998,0.0,0.0033719269952940077,0.10385588868387398,51.557334438458504,-0.005896511415419451,47.928317087797595,-0.006560993896442279,49.55404718600389,51.557334438458504,-0.05626357793788232,44.76287690941356,,
2025-09-22,KMGZ,21554.46,2440.0,4.760417557944254,0.5735433457202768,-0.5455264751285356,0.0,0.01410004008782548,0.21941685301728536,53.28650742156873,0.010006173405808928,55.078643699118366,0.0071922574095040215,52.24239476567335,53.28650742156873,-0.05561005377607627,44.837100876400356,,
2025-09-23,KMGZ,21885.0,1990.0,6.125060418364234,0.14290734681804845,0.33177570015940255,0.0,-0.005221264020801301,0.011291853242031191,50.169377150733126,-0.0006329550028829627,50.299990104828375,0.0061573824754941366,52.04036516736187,50.169377150733126,-0.07837109212659248,42.26782036573697,,
2025-09-24,KMGZ,21834.44,1130.0,5.163429391312309,-0.4230085316329598,-0.6455999967720131,0.0,-0.005163147224555013,0.011917875074599762,50.17876736437896,0.013275273311483027,56.53240832145858,0.010030095423298562,52.79600520912028,50.17876736437896,-0.07472543240556344,42.67691324175022,,
2025-09-25,KMGZ,21652.1,920.0,3.8969412278261872,-0.4018343343842469,-0.9889447186485336,0.0,0.002928118129309421,0.09907527348243649,51.48569162555098,0.019862458493157046,59.42544036505162,0.01999807995272733,54.734241802342765,51.48569162555098,-0.05714427672362583,44.66288856278282,,
2025-09-26,KMGZ,21790.0,1530.0,4.448176299829486,0.10681379662489451,0.9999999947368422,0.0,-0.004414070456085141,0.01998677153174065,50.299797980166424,0.011097579164754467,55.56508216428434,0.0042311791123057964,51.66415657893243,50.299797980166424,-0.055483857273978886,44.85143629679107,,
2025-09-29,KMGZ,21838.0,550.0,3.9117856011080288,-0.9162880111555185,0.8399999944000001,0.0,-1.0272177375390823e-05,0.06742355481582056,51.01121541838922,0.0043645130375623755,52.5506856944801,-0.010336411301401227,48.81585965901281,51.01121541838922,-0.0645745433182584,43.82110411332224,,
2025-09-30,KMGZ,21939.99,730.0,4.301973815636848,-0.6331628733422516,0.9999999951219513,0.0,0.0051791529520382115,0.12332294430944549,51.84900062313815,-0.0027456275194943196,49.347617035784026,0.005936445307881916,51.99722466190767,51.84900062313815,-0.06142243243469385,44.17780532492833,,
2025-10-01,KMGZ,22192.99,670.0,5.239351643430721,-0.5702187626856529,0.7545231350371745,0.0,-0.0072277549938782,-0.010321642978144965,49.845175850159336,-0.022607833759561942,40.50998561911655,-0.004529819533069135,49.95129300906893,49.845175850159336,-0.06363758564078123,43.92706774480032,,
2025-10-02,KMGZ,22149.99,740.0,4.895876872595295,-0.4708466294024983,0.5579005494038821,0.0,-0.004860705665910403,0.015175711552461129,50.22763410054992,-0.01257242894595316,44.934993290252656,-0.004830512938638608,49.892483461495694,50.22763410054992,,,,
2025-10-03,KMGZ,22099.91,2570.0,4.527167972535836,0.7741620087542349,0.9507869669419612,0.0,-0.005552341720195034,0.007725554314975503,50.11588310723303,-0.010461638444832338,45.878498911716925,-0.005764245151023424,49.7098669526345,50.11588310723303,,,,
2025-10-06,KMGZ,22001.4,720.0,3.65496479208059,-0.6061342129811823,-0.8683544248838143,0.0,6.909933653565653e-05,0.06827852796991127,51.02403470337029,-0.015174379844659367,43.77700924248315,-0.0049477490068813735,49.86955452968541,51.02403470337029,,,,
2025-10-07,KMGZ,21948.0,2320.0,3.1259858711770074,0.7508116265370824,-0.5174157929362856,0.0,0.0004421474567592662,0.07229692338986804,51.084283834669364,0.004531294748626624,52.625671066642376,-0.004785065349267098,49.90137207556526,51.084283834669364,,,,
2025-10-08,KMGZ,21760.0,910.0,1.9442614651722891,-0.37948873923156123,-0.8357487882330976,0.0,0.01149924136321195,0.19140159944369295,52.86787278546412,0.012352046860410758,56.12287686926323,0.0034630077030812327,51.514069277852315,52.86787278546412,,,,
2025-10-09,KMGZ,21940.0,1260.0,2.625418182105732,-0.05406711490039314,0.9999999949748745,0.0,0.0029765044638336152,0.09959648084014673,51.493502796859104,0.00660404675087902,53.556489536250176,-0.005762753758446556,49.710158629788026,51.493502796859104,,,,
2025-10-10,KMGZ,21937.35,640.0,2.445818032478107,-0.7791793386574767,0.9706634016520201,0.0,-0.0020477383701008496,0.045476400083457505,50.68210368195758,0.0040448512658396805,52.406933287475354,0.0009774747720430084,51.028266109607735,50.68210368195758,,,,
2025-10-13,KMGZ,21737.1,890.0,1.0130772916127564,-0.29467930879164683,-0.9317307647513084,0.0,0.005569628193273321,0.1275290609896345,51.912003120724236,0.008723037840067737,54.505513463359975,0.0204033017283815,54.81277281148458,51.912003120724236,,,,
2025-10-14,KMGZ,22118.0,4670.0,1.9752852543966761,1.516465114704214,0.9509803898260285,0.0,-0.016648564732882936,-0.11180061219211414,48.32361938137456,-0.008716767281406941,46.66070919697794,0.0019014141681629702,51.20887979132133,48.32361938137456,,,,
2025-10-15,KMGZ,22100.01,4230.0,1.2957389647787851,1.4175081201277693,0.8462106500316514,0.0,-0.015848980356526807,-0.10318765846943483,48.45267935323497,0.006382885401517069,53.45727830513596,0.0031818620449450673,51.45913134694595,48.45267935323497,,,,
2025-10-16,KMGZ,22158.0,640.0,1.176056006385255,-0.470978680240162,0.6011964088945764,0.0,-0.020301008987402166,-0.1511439689022617,47.73439295344394,0.005277343558598635,52.96094629878413,-0.0024115424290485216,50.36557968989522,47.73439295344394,,,,
2025-10-17,KMGZ,22100.0,800.0,0.6829531438393769,-0.13431209904585986,0.4444444432098765,0.0,-0.02044366156719098,-0.15268059230871334,47.711391409139715,0.009281532356532429,54.755128573066294,0.001375542268189327,51.106084776716074,47.711391409139715,,,,
2025-10-20,KMGZ,21999.99,14340.0,0.19694919067961875,2.7518824962323873,-0.29042872257029584,0.0,-0.025672671949158316,-0.2090063857672327,46.86900633718897,0.004790328394954412,52.74210948196243,0.003946963531628373,51.608629164148844,46.86900633718897,,,,
2025-10-21,KMGZ,22000.0,9350.0,0.024295691582293673,2.3242054742025107,0.12271247287634635,0.0,-0.027262503607503537,-0.22613171600765133,46.61321821530199,-0.007395238095238095,47.25425458726801,0.006223989898989897,52.05337043357034,46.61321821530199,,,,
2025-10-22,KMGZ,22315.94,3180.0,1.4358049906447703,1.2457104796045564,0.9999999978537548,0.0,-0.03993332809969083,-0.36261915649109766,44.58206835573332,-0.0008546425061586463,50.20005371504679,-0.00821887662197914,49.22984712283997,44.58206835573332,,,,
2025-10-23,KMGZ,22350.0,980.0,1.4842165085343957,0.0686283191530733,0.9999999966666667,0.0,-0.04501099126451469,-0.41731466974922893,43.772780404216995,-0.0011842921061041866,50.0514454600774,-0.014765881005646107,47.95047036378792,43.772780404216995,,,,
2025-10-24,KMGZ,22379.99,310.0,1.5613932555224908,-1.114607024618053,0.37982532585230516,0.0,-0.049045178549415286,-0.46077008161184696,43.1321364457807,-0.004713951170645083,48.460726771958484,-0.01781623845818285,47.355202421521945,43.1321364457807,,,,
2025-10-28,KMGZ,22180.02,880.0,0.6102591329030522,-0.022472792089613294,-0.9762814535757015,0.0,-0.040916447071776885,-0.37320910604595725,44.42513880718349,0.001137197289229157,51.09781942419459,-0.013359903556057614,48.22504891409254,44.42513880718349,,,,
2025-10-29,KMGZ,21912.0,640.0,-0.6261190695191982,-0.3409254397696297,-0.9624873800734982,0.0,-0.03458950520697516,-0.3050566269593117,45.43688273680529,0.009776362158591147,54.976089934569984,-0.0011283423738243023,50.61652357140698,45.43688273680529,,,,
2025-10-30,KMGZ,22372.99,3350.0,1.4652590545438269,1.3143187999230315,0.9913548365777384,0.0,-0.04799838678653456,-0.4494942622267043,43.29815912822504,-0.013268805208692861,44.624483043342636,-0.02378980261608965,46.19180968657707,43.29815912822504,,,,
2025-10-31,KMGZ,22400.0,950.0,1.5027470813817694,0.00527704222480657,0.32203389721344444,0.0,-0.05518452380952381,-0.5269018097652167,42.161648159468434,-0.01485138888888889,43.92041283846123,-0.027701785714285714,45.43208602838501,42.161648159468434,,,,
2025-11-03,KMGZ,22351.09,820.0,1.2593304752077084,-0.16282326971669867,-0.3368945534098154,0.0,-0.05244490384606577,-0.4973912031791735,42.594017294227385,-0.013492771297997213,44.52470572361276,-0.035162544791590616,43.98934366684559,42.594017294227385,,,,
2025-11-04,KMGZ,22281.06,750.0,0.9280462898179332,-0.2151107101996819,-0.9871515091687628,0.0,-0.05272397184082845,-0.5003972645723758,42.54992154465266,-0.00382809185298662,48.859792078373054,-0.033658472981087956,44.27946121768417,42.54992154465266,,,,
2025-11-05,KMGZ,22200.99,1010.0,0.5471416558943681,0.08252080263036109,-0.3312150896979149,0.0,-0.04986350628207721,-0.469584934802854,43.0024557049856,0.009642491115636363,54.916330138861944,-0.028730586466339338,45.23262669816315,43.0024557049856,,,,
2025-11-06,KMGZ,22152.0,910.0,0.28678983184580203,-0.021739926846897656,-0.6176470565527682,0.0,-0.04811288328260165,-0.45072759425668835,43.279992417771,0.011207266676984988,55.61391242299308,-0.03016774321140512,44.95425466581228,43.279992417771,,,,
2025-11-07,KMGZ,22143.0,940.0,0.2140606619946222,0.010695260176080341,-0.2560502409854304,0.0,-0.06019073124259414,-0.5808276169998036,41.37470463068719,0.012071252120954059,55.998151668511284,-0.03252440865972908,44.49846820975907,41.37470463068719,,,,
2025-11-10,KMGZ,22125.0,2200.0,0.110912104195993,0.8664173267264572,0.7058823487889274,0.0,-0.06713839117567931,-0.655666339783856,40.28991357433356,0.009960317460317461,55.05818380398348,-0.03236044525154695,44.530150210009914,40.28991357433356,,,,
2025-11-11,KMGZ,22271.0,3020.0,0.7576062468483087,1.1618252982995687,0.2513624098582337,0.0,-0.07195616687442485,-0.707562400245476,39.54314920042773,0.004439834919494566,52.584551999656725,-0.04436724683961569,42.22350747523056,39.54314920042773,,,,
2025-11-12,KMGZ,22490.0,730.0,1.677495621704193,-0.2790826669971861,0.9999999951690821,0.0,-0.07207283960419804,-0.7088191742044854,39.52512355042995,-0.00737479444126843,47.26344308903288,-0.046966953743109746,41.728155811991016,39.52512355042995,,,,
2025-11-13,KMGZ,22475.0,630.0,1.5844063091713556,-0.4054637845675702,0.8550724596373311,0.0,-0.06374463027702738,-0.6191094654497975,40.81869093146807,-0.004485362925296185,48.56368533864863,-0.052327983473700934,40.712015447561015,40.81869093146807,,,,
2025-11-14,KMGZ,22485.0,370.0,1.597534797275776,-0.9162869672960946,0.8394950367921835,0.0,-0.07084436635005348,-0.6955863202363836,39.71506163540416,-0.004932038025350163,48.362510308242676,-0.05213356496923875,40.74873295539834,39.71506163540416,,,,
2025-11-17,KMGZ,22420.0,1880.0,1.2925495662439996,0.7092320508383685,-0.05660377340690637,0.0,-0.06050899954688982,-0.5842559358331288,41.324819030051124,-0.007038401087464424,47.41466291748874,-0.05264556235220813,40.652060433754905,41.324819030051124,,,,
2025-11-18,KMGZ,22445.0,570.0,1.3507349302532274,-0.5055469222818595,0.9411764650519031,0.0,-0.0526674505051148,-0.49978842870309054,42.55885156987815,-0.009854680577213434,46.150382274506164,-0.05434041749320201,40.332567309703826,42.55885156987815,,,,
2025-11-19,KMGZ,22400.0,1370.0,0.8397485447899262,0.3927716936542934,0.9999999916666668,0.0,,,,-0.012346825396825396,45.03567455040345,-0.05280481150793657,40.622006608878586,,,,,
2025-11-20,KMGZ,22450.0,980.0,0.6645704836627716,0.057758756824662194,0.9999999948717949,0.0,,,,-0.014572365397532434,44.04437735209264,-0.06724864602114045,37.9278703122154,,,,,
2025-11-21,KMGZ,22449.99,3100.0,0.6451010439715658,1.2093627696877767,0.9999839992000152,0.0,,,,-0.01637231370439264,43.24606852572352,-0.07486396359779911,36.535712950807984,,,,,
2025-11-24,KMGZ,22338.0,1820.0,0.07187952545742886,0.6767973671225249,0.3275691244781524,0.0,,,,-0.014156002903444482,44.229496543735216,-0.06872141865878766,37.65699626547194,,,,,
2025-11-25,KMGZ,22300.0,2520.0,-0.10022025595298098,0.9808283628009576,0.9999999945355191,0.0,,,,-0.022099946615417466,40.73088851492327,-0.05790038614848037,39.66417921814346,,,,,
2025-11-26,KMGZ,22200.0,990.0,-0.5589472303197165,0.025576804421200545,0.3333333322222222,0.0,,,,-0.01923546761046754,41.98356431592091,-0.0457779601029601,41.954507466913725,,,,,
2025-11-27,KMGZ,22200.0,910.0,-0.5806124022549715,-0.07919692071252987,0.999999995,0.0,,,,-0.01782711282711283,42.603372828000786,-0.05251963749463749,40.67583018700357,,,,,
2025-11-28,KMGZ,22160.0,4650.0,-0.715539759269098,1.5724933103643812,0.3320987269434436,0.0,,,,-0.01964444444444438,41.80403976344324,-0.043091580711707066,42.467154498923186,,,,,
2025-12-01,KMGZ,22099.0,5770.0,-0.8682853801370682,1.7677844482975886,0.4190199513356873,0.0,,,,-0.019683583847434023,41.786870423959165,-0.03135327189264471,44.72485892176249,,,,,
2025-12-02,KMGZ,21884.0,1450.0,-1.6864578840820315,0.37156301146777415,-0.44347825894139886,0.0,,,,-0.010659629779530163,45.78986206571767,,,,,,,
2025-12-03,KMGZ,21848.99,5510.0,-1.774681514754657,1.5326101360458202,0.20445504938681924,0.0,,,,-0.01474337451085709,43.96839253792394,,,,,,,
2025-12-04,KMGZ,21880.0,2930.0,-1.400894257776516,0.731411976907058,0.6521739073724008,0.0,,,,-0.009101928992194001,46.48788973022245,,,,,,,
2025-12-05,KMGZ,21799.9,1340.0,-1.6702303186483005,-0.19897290533728337,0.30347825955010715,0.0,,,,-0.011638839369220996,45.35189149111936,,,,,,,
2025-12-08,KMGZ,21739.0,1750.0,-1.8961972444070898,0.06797289769553251,0.10843373450428219,0.0,,,,-0.008210584535729436,46.887951261436555,,,,,,,
2025-12-09,KMGZ,21725.0,690.0,-1.8902662336929383,-0.8410655677101363,0.36297410178608497,0.0,,,,-0.010973571611229766,45.649371287724314,,,,,,,
2025-12-10,KMGZ,21601.01,2250.0,-2.375881258221601,0.46733998280558514,-0.8975813911740549,0.0,,,,-0.005922896772360504,47.916442845187895,,,,,,,
2025-12-11,KMGZ,21754.99,510.0,-1.5246163052088357,-1.1433454121002633,0.7368282502403926,0.0,,,,-0.01338570256225921,44.57239959367021,,,,,,,
2025-12-12,KMGZ,21620.0,840.0,-2.0913824822979348,-0.6443558469879466,-0.5519917195378886,0.0,,,,-0.019978804898462623,41.65742977376064,,,,,,,
2025-12-15,KMGZ,21634.0,870.0,-1.9709799457249395,-0.60926459974579,-0.1523809516553288,0.0,,,,-0.028519810490835268,37.96893277296849,,,,,,,
2025-12-17,KMGZ,21559.99,490.0,-2.1936028050882945,-1.0569368744867769,-0.5294901940019867,0.0,,,,-0.023694582708526306,40.03860899782595,,,,,,,
2025-12-18,KMGZ,21545.99,960.0,-2.2063932283233614,-0.38441102171739083,-0.0675584421764039,0.0,,,,-0.01353982881390891,44.50374709286178,,,,,,,
2025-12-19,KMGZ,21537.19,740.0,-2.139428820333303,-0.633998228579632,0.7953250285459876,0.0,,,,-0.005104955116324123,48.284645218050734,,,,,,,
2025-12-22,KMGZ,21261.0,3700.0,-3.308729555016326,0.9754375092169294,-0.8491147493659621,0.0,,,,0.0008047191817792923,50.94799784513321,,,,,,,
2025-12-23,KMGZ,21090.0,1270.0,-3.6424398507500246,-0.09387737125748384,-0.6077930647004542,0.0,,,,0.017008254306938517,58.178687679293425,,,,,,,
2025-12-24,KMGZ,21121.9,660.0,-3.294941613035928,-0.681716981761707,-0.1480954941511827,0.0,,,,0.024937216288788283,61.61151420200045,,,,,,,
2025-12-25,KMGZ,21327.03,3000.0,-2.1650088520362933,0.9763936001397817,0.045829885300577314,0.0,,,,,,,,,,,,
2025-12-26,KMGZ,21500.0,2240.0,-1.167531267732299,0.5402721807452749,0.8765159829040089,0.0,,,,,,,,,,,,
2025-12-29,KMGZ,21350.0,1580.0,-1.751280671664487,0.124530257098127,-0.3013100423523579,0.0,,,,,,,,,,,,
2025-12-30,KMGZ,21520.0,5790.0,-0.6608716339935461,1.4232368274935985,0.6176376856843622,0.0,,,,,,,,,,,,
2025-12-31,KMGZ,21720.0,3060.0,0.6651959799457398,0.7855197484831995,0.5369928388138596,0.0,,,,,,,,,,,,
