date,ticker,close,volume,dev_price,dev_volume,order_flow,pre_agm,R30,Z30,Y_target,R5,Y_target_5,R21,Y_target_21,Y_target_30,R63,Y_target_63,R252,Y_target_252
2024-01-31,KZAP,18360.0,4150.0,-5.672654891512045,0.21414779989294122,0.9999999958333333,0.0,-0.03113741051976346,-0.484204687675045,42.7875878707104,0.05656620759414877,80.97532668534674,0.004246218487394959,51.64046965436471,42.7875878707104,-0.03435136943666356,46.03264048807611,-0.0545644646747588,48.55691896641701
2024-02-01,KZAP,18990.0,3720.0,-2.1211986589168523,0.03557143200191545,0.9740259727610052,0.0,-0.053337175581132934,-0.8839188016891969,37.04349610405278,0.02827374558038065,67.34927079858568,-0.041347186489129543,38.161005643821525,37.04349610405278,-0.07485015045512676,37.78511607758515,-0.0930726529000226,45.80935436699666
2024-02-02,KZAP,19748.0,4420.0,1.8018150329476217,0.16305126777348472,0.810564661547241,0.0,-0.09784577726978982,-1.685310899344702,26.674770726174422,-0.024347444949217274,34.90413175461613,-0.08287412179171852,27.246065281887844,26.674770726174422,-0.09704859161948487,33.51796478782341,-0.14243756040394698,42.326304270615
2024-02-05,KZAP,19299.0,2670.0,-0.7026513333249547,-0.39668716850960084,-0.8032128497927453,0.0,-0.06885204587457036,-1.1632691739225174,33.22643434100948,-0.0016018791992676647,48.977834310702576,-0.060611262241566925,32.8624379187039,33.22643434100948,-0.07598567887800749,37.561504164987184,-0.11795866236592568,44.04615320180408
2024-02-06,KZAP,19100.0,4760.0,-1.722854428179991,0.1814814141622921,0.5384544369321779,0.0,-0.045799806781351204,-0.7482059829510688,38.961672268532965,0.007668553145516413,54.89581675104617,-0.04988897407130394,35.76786027711217,38.961672268532965,-0.05680969001911418,41.40180464756057,-0.10685675018698579,44.83115098563989
2024-02-07,KZAP,19450.0,2470.0,0.16896194398100725,-0.521296259571651,-0.0740740738454504,0.0,-0.0754433478189905,-1.2819477459538162,31.665897192049464,-0.010533373117884761,43.30129500402047,-0.07113786877218754,30.13201555747063,31.665897192049464,-0.05794854837393398,41.170276674732605,-0.12441554759864529,43.59093748794134
2024-02-08,KZAP,19580.0,960.0,0.7405454579598986,-1.466333867279191,0.7449664379532454,0.0,-0.09138584277769671,-1.5689976417512825,28.061792150878507,-0.01695735890202183,39.31609262798151,-0.06393440666699093,31.986732356994636,28.061792150878507,-0.05948005131572548,40.85954161365095,-0.1400636428490361,42.49234903878876
2024-02-09,KZAP,19322.34,2330.0,-0.6956555097507027,-0.5328971475491829,0.08387056170361079,0.0,-0.07339582702987224,-1.245081456788796,32.14646761263506,0.0008877950637152859,50.571269417931305,-0.06419752277736054,31.917925985778616,32.14646761263506,-0.03606371434875506,45.67608795099966,-0.12165088058199786,43.7857211669851
2024-02-12,KZAP,19322.0,1250.0,-0.6028733189950588,-1.0999427952824736,0.9940339129461262,0.0,-0.0696888023849777,-1.178335251706604,33.026181447899965,-0.00039515019477756293,49.750102729319664,-0.061749314581782754,32.56115894092987,33.026181447899965,0.012924311131484303,55.908694555479045,-0.1177402076833217,44.06157240506279
2024-02-13,KZAP,19300.01,2040.0,-0.32481329246204343,-0.5554045613226544,-0.9999999942193191,0.0,-0.06839195453661363,-1.1549850771760621,33.33680307371291,-0.00287682991968661,48.162443396849966,-0.07410601680130711,29.38583777529663,33.33680307371291,0.014895150640311869,56.31573710016783,-0.11799441403406451,44.043629848425034
2024-02-14,KZAP,19300.35,800.0,0.042829407831234574,-1.3971694816276872,0.4773684185401509,0.0,-0.0442712366090819,-0.7206835713206732,39.355095882063104,-0.01582734104131084,40.00846665815413,-0.06375470103737317,32.03377153257744,39.355095882063104,0.015006491049323535,56.33870768264918,-0.12816130152216573,43.32734794896942
2024-02-15,KZAP,19303.91,860.0,0.5618079198111056,-1.234319077347078,0.08635548564778099,0.0,-0.04208135841905636,-0.6812540900579117,39.921129696186135,-0.018599395030653908,38.31767094174341,-0.07160851252949141,30.012980483191875,39.921129696186135,-0.029734553555944197,46.995899285331056,-0.1325548087034066,43.01865744496299
2024-02-16,KZAP,19395.0,770.0,1.4166675909677315,-1.2729630188321497,0.938379912891443,0.0,-0.0361459359923397,-0.5743848457196826,41.46850146962392,-0.020218286193054213,37.34287163807027,-0.06843949931867566,30.819629018793915,41.46850146962392,-0.013774163075903297,50.338638523210996,-0.14359063271093442,42.24571435143859
2024-02-19,KZAP,19370.0,7790.0,1.5584060202085388,1.1050507542962957,0.9915764124675467,0.0,-0.0422183545574486,-0.6837207508504669,39.88563851897929,-0.04226212704148945,25.314049752549323,-0.05422406335275456,34.579082943206416,39.88563851897929,-0.017562948554055935,49.54427307063347,-0.15785527509403346,41.25227700233111
2024-02-20,KZAP,19299.99,1230.0,1.189877003225937,-0.7407739762899301,-0.33346666444353423,0.0,-0.04052359984198371,-0.6532061315429792,40.32543000628069,-0.03788936137926447,27.488552340636137,-0.06300533331944246,32.2303168226965,40.32543000628069,-0.020953597278572565,48.833565005781885,-0.15435345200462608,41.49552941887363
2024-02-21,KZAP,19049.99,700.0,0.008684104555280426,-1.2649306777575513,0.1682875694412762,0.0,-0.025680447836463977,-0.3859502693001874,44.23647858221387,-0.022159986935417965,36.187172275203494,-0.060499238197325465,32.89217116795481,44.23647858221387,-0.02133909132098291,48.75278673388015,-0.1409333406845017,42.43149774594388
2024-02-22,KZAP,19000.0,1060.0,-0.18929976763594725,-0.8171984686898611,0.7191977025845616,0.0,-0.026295572263993316,-0.3970257881121502,44.07261661423482,-0.02091656223893066,36.925512818126315,-0.05223292397660821,35.12281293991922,44.07261661423482,-0.047620196324143695,43.283096998179296,-0.15108496240601493,41.7229483601582
2024-02-23,KZAP,19058.55,260.0,-0.007626157032291505,-2.1286810239763634,0.9998577048956903,0.0,-0.03005616912531817,-0.464736578673829,43.073771096794324,-0.035743922390912806,28.59687270976178,-0.05141342752552872,35.34773274628704,43.073771096794324,-0.050898054329071865,42.609527298169745,-0.16551649847881045,40.72159611943267
2024-02-26,KZAP,18607.84,4630.0,-2.76302770923034,1.0348155893242161,-0.5436138390781422,0.0,0.0010830850543010542,0.09593599425925356,51.43864271009831,-0.01679065197574343,39.41797344016669,-0.027888468212818148,42.04688867342521,51.43864271009831,-0.023971185891674684,48.20144094642562,-0.15265454086463232,41.61369374589721
2024-02-27,KZAP,18625.99,1300.0,-2.6979904774981267,-0.23537573425714206,0.8496659997822654,0.0,-0.0005101886609423546,0.0672485739325058,51.00859177592365,-0.017025587316177003,39.27442244162221,-0.0038123780541010907,49.21805791971611,51.00859177592365,-0.0355958989562434,45.773456259231224,-0.1349490931333217,42.85066018340555
2024-02-28,KZAP,18685.0,2160.0,-2.4177304555888757,0.25728426809855565,0.8900694682771433,0.0,-0.03681547746473489,-0.5864401614265986,41.293045555786755,-0.019265833301476888,37.915193196412844,-0.004515563371008916,49.00669061083076,41.293045555786755,-0.034603495185425874,45.98011528758896,-0.1456996986378174,42.09841567976095
2024-02-29,KZAP,18660.0,1960.0,-2.797825777629292,0.16012064224051792,0.786324782964424,0.0,-0.038799795845455,-0.6221684703199094,40.774360520410035,-0.022012842596845814,36.274214338301256,0.007783439238503548,52.7019978529963,40.774360520410035,-0.036423461185117134,45.60123481614318,-0.1275535548410146,43.37008996939364
2024-03-01,KZAP,18434.4,2750.0,-3.9412025371158266,0.5230203419200877,-0.8727353032578953,0.0,-0.03253665781158624,-0.5093985980606507,42.41795260484433,0.004276881833755859,52.73785558626503,0.012535637204150253,54.12413586594022,42.41795260484433,-0.027787845291308465,47.40277687246387,-0.1514793780468401,41.69548633748832
2024-03-04,KZAP,18350.0,1120.0,-3.848556344672628,-0.37525073238017953,-0.2197296890103198,0.0,-0.03272879308853423,-0.5128580572839273,42.36726196510533,-0.004686709052376619,47.00672305086324,0.015292152156048617,54.946128676120466,42.36726196510533,-0.022604271009039403,48.4877229333937,-0.13808208338739678,42.63108014795435
2024-03-05,KZAP,18362.0,3740.0,-3.6146254684879113,1.0761383679330692,-0.02656365738933639,0.0,-0.0320202642880483,-0.5001007618370236,42.55427040137234,-0.002804555517519791,48.20864421036036,0.01669268861848918,55.3627651078739,42.55427040137234,-0.033615111263254165,46.18607472014485,-0.12580100950375422,43.493399191956186
2024-03-06,KZAP,18376.98,2070.0,-3.180502642015479,0.4846018235127849,0.23580785883183478,0.0,-0.03392227773421912,-0.5343471431558119,42.05275110749657,-0.017770133272066183,38.82072092834243,0.012482873806562053,54.10837845387836,42.05275110749657,-0.03824131732821635,45.22330108696034,-0.12333759580243987,43.66686103668046
2024-03-07,KZAP,18300.0,2670.0,-3.2774932556537952,0.7391314787465281,-0.28442406459488906,0.0,-0.032377374447046664,-0.506530648388295,42.45998809735559,-0.002754247983346344,48.24080469807797,0.015987483736664063,55.15306874382453,42.45998809735559,-0.02257974889409316,48.49285972402004,-0.11723706739526402,44.09708994730377
2024-03-11,KZAP,18563.0,2940.0,-1.600487789908264,0.5898289994453387,-0.19298245557607469,0.0,-0.04181581963694634,-0.6764729764409844,39.98995215467348,-0.024944193882009698,34.55778558440479,0.008623392881726663,52.95374729938281,39.98995215467348,-0.04229577365881439,44.38242075150619,-0.1291061010595406,43.260921180466234
2024-03-12,KZAP,18313.34,1980.0,-2.6845395997428225,0.19451660160831177,-0.8981679355031748,0.0,-0.02678868063797228,-0.405904367514819,43.94135131534204,-0.0036151831843596236,47.69065103754706,0.021834947438610218,56.885620091486274,43.94135131534204,-0.02578394537568519,47.82196798023303,-0.11161001925892482,44.494716488250226
2024-03-13,KZAP,18360.0,1410.0,-2.238933330442062,-0.33444340662189403,0.9644527550774026,0.0,-0.025430454403983886,-0.3814490548460299,44.30310999728867,0.007534204793028402,54.810632644833554,-0.014538211951447246,46.00149944394772,44.30310999728867,-0.026412177093059357,47.69051385709969,-0.10478338779956425,44.978052928903224
2024-03-14,KZAP,18100.0,4490.0,-3.4219501813005038,0.9800863556581773,-0.1339491914442339,0.0,-0.00526694290976059,-0.018398359937889967,49.72402740342476,0.008948728404805753,55.70600842048242,-0.0036788213627992547,49.25820651413675,49.72402740342476,-0.006236547399807113,51.918091161609794,-0.1118880820836622,44.475050620450325
2024-03-15,KZAP,18299.0,6020.0,-1.980974596283178,1.1170529329968053,0.6357012738876116,0.0,-0.014247193315273536,-0.18009073931856628,47.301264215958305,-0.012443974169808913,42.10445976531959,-0.02039892530340365,44.25620728577533,47.301264215958305,-0.006649629327476484,51.83160331345717,-0.13402819175651026,42.91525683062596
2024-03-18,KZAP,18150.0,2350.0,-2.495444158210263,0.14884545327415521,-0.4535519100898803,0.0,-0.00805141020595566,-0.06853361475807476,48.97214060578527,0.001677643316279656,51.07669758644692,-0.01704861603043421,45.252457865289216,48.97214060578527,0.0017460055096418722,53.58654040308459,-0.1600405909746818,41.100690493451886
2024-03-19,KZAP,18296.5,1030.0,-1.5383129664460335,-0.7194946996128554,0.6187845269680413,0.0,-0.01228998110489516,-0.14485048598947037,47.828609319768574,-0.002488515432954228,48.41070516012581,-0.023650448574386897,43.29372336580109,47.828609319768574,-0.01179792867401563,50.75293790049864,-0.1844010213702074,39.42293850857599
2024-03-20,KZAP,18547.9,1930.0,0.5732950785928456,-0.048049641892396605,0.9992741017087777,0.0,-0.03339342866607847,-0.5248250407310934,42.19203708201405,-0.015841966101583282,39.99947953449201,-0.03811385056469413,39.082829027816466,42.19203708201405,-0.027023931670012435,47.56253821187931,-0.1982776187900278,38.477990119579644
2024-03-26,KZAP,18311.0,960.0,-0.6127751248033009,-0.7463904194367479,-0.2183098583862329,0.0,-0.004888476741797151,-0.011583951380247997,49.826241428784805,0.022318090153979783,63.91184299886669,-0.028097325248159534,41.98569052231693,49.826241428784805,-0.018341740414513613,49.381005129824146,-0.1706183724459146,40.3693863267266
2024-03-27,KZAP,18121.0,2620.0,-1.5816886907824506,0.257604354620766,-0.9999999964684277,0.0,0.004894851759293568,0.16456811478407932,52.46651805090845,0.0355580278033992,71.3108030026111,-0.013172307889732426,46.40983296718841,52.46651805090845,-0.0018706107007304545,52.83139338330676,-0.17984920227605786,39.734670748238486
2024-03-28,KZAP,18229.98,1360.0,-0.8355323290326712,-0.4415694776787224,0.8045528389873682,0.0,0.00839952882559383,0.22767098477343894,53.40976416052268,0.040508343098775206,73.83233001483653,-0.017380141622024062,45.15369205481281,53.40976416052268,-0.002748148684069883,52.647955243889,-0.20311455353972382,38.15060414760152
2024-03-29,KZAP,18301.11,940.0,-0.40653305102601983,-0.8109287537486601,0.2331498456688243,0.0,0.021903473402380896,0.4708139742278362,57.01561786883562,0.028668674284289323,67.57123197699546,-0.017350361096364515,45.16256251419385,57.01561786883562,0.013438162374928508,56.01490042780385,-0.19242038377011275,38.875833373384
2024-04-01,KZAP,18305.02,1390.0,-0.24960517016471398,-0.37626543679880287,0.3982795656099065,0.0,0.026983055342109007,0.562273527470309,58.3550093563722,0.02649543915856682,66.34025394653848,-0.01168217821868036,46.8558512178457,58.3550093563722,0.018554384293887755,57.06919678112954,-0.2009842435871482,38.2946626441516
2024-04-02,KZAP,18770.0,3690.0,2.335438979961377,0.6000562462236803,0.26865671541546005,0.0,0.011847658793583144,0.28975570555090613,54.33542123332585,0.003037887628857262,51.9465513200414,-0.03447229812010047,40.13041492333554,54.33542123332585,-0.004769157766107691,52.22522518923136,-0.2610063096717997,34.3225606146467
2024-04-03,KZAP,18815.0,4019.9999999999995,2.4819263373709997,0.6857116210097361,-0.12878787830004593,0.0,0.05965356025039123,1.1505167763384323,66.60358988836934,-0.00266031746031746,48.30085627298897,-0.038765825455879935,38.896299197693715,66.60358988836934,-0.0028050340829041363,52.636061554688204,-0.2423840473659567,35.534601839092744
2024-04-04,KZAP,19018.0,4450.0,3.4461448174919815,0.6999110171470021,-0.409999998975,0.0,0.048910123116446075,0.9570776366182429,63.974247323479695,-0.01411599929557128,41.064582957212416,-0.04547338031472273,36.996974324282014,63.974247323479695,-0.0018687743607977078,52.83177716835853,-0.28068000115179104,33.06393926372767
2024-04-05,KZAP,18875.01,1110.0,2.3765583839162487,-0.6886313527205524,-0.7124550855541804,0.0,0.05704087510858725,1.1034745160367057,65.9728533950965,0.000430252761014075,50.27842557281037,-0.045545907498856876,36.97664398155651,65.9728533950965,-0.010100355845286,51.108738025784504,-0.26663721019220643,33.959971910142905
2024-04-08,KZAP,18839.0,1180.0,2.118069080899195,-0.6274770665257371,-0.9512874979919488,1.0,0.013411190354019064,0.3179076085411018,54.7542083042384,0.001675616923521606,51.07540112418769,-0.028359545526546164,41.908891067028534,54.7542083042384,-0.043948649479254864,44.04051347833614,-0.24376222440866935,35.44424081002426
2024-04-09,KZAP,18877.0,620.0,2.2347098516005253,-1.183602781594089,0.10497237511064986,1.0,0.03254839197108087,0.6624792545890611,59.808386827226926,-0.03317780554735712,29.957069288615852,-0.031136283068082346,41.09810920402302,59.808386827226926,-0.035963625298612314,45.69691713696633,-0.2490942064164756,35.09562811875646
2024-04-10,KZAP,18815.0,490.0,1.8478468810779067,-1.3837364752188546,0.9660390790870105,1.0,0.030712335438205753,0.629420449313903,59.33067343448572,-0.03331440097608712,29.883737466593363,-0.018608303384246856,44.78814514793115,59.33067343448572,-0.026147363953110694,47.74592079359001,-0.2505949968152732,34.997788509941245
2024-04-11,KZAP,18800.0,1210.0,1.6894446916912509,-0.3222027548497354,0.999999996,1.0,0.024229542384329616,0.512695615753554,57.63035817602109,-0.03816890408645724,27.346121831922737,-0.0008271783181357656,50.11558592333051,57.63035817602109,-0.017182556568726703,49.62402317976296,-0.2613163373860182,34.30254898700121
2024-04-12,KZAP,18933.0,900.0,2.3888118442583846,-0.4418318941458122,0.08994708947117942,1.0,0.003086168267549979,0.1320021701699919,51.978998164752156,-0.04955263101966081,21.949802665643098,-0.002845772121239558,49.50864973544468,51.978998164752156,-0.025699347259634853,47.839672028214935,-0.26650149858020633,33.96868887164698
2024-04-15,KZAP,18919.81,610.0,2.2191825665132154,-0.8127481298352814,-0.00271428569487925,1.0,-0.025334772503881803,-0.37972627058138714,44.328617787879,-0.0476017304686934,22.81751056092094,0.0084467948042583,52.90082967435903,44.328617787879,-0.03235280758780237,46.44930203614394,-0.29039008021222207,32.45142586411076
2024-04-16,KZAP,18300.0,4180.0,-1.1889562043479707,1.1795514133194878,-0.3406593399106388,1.0,0.007917850637522768,0.2189982096493544,53.280254850397355,-0.016360805360395525,39.6810915415542,0.09467371844912828,76.01012211256715,53.280254850397355,-0.016395752016653723,49.7889842889887,-0.22085089123080925,36.95950358373635
2024-04-17,KZAP,18237.34,2800.0,-1.6522562490085473,0.7788598343838987,-0.08327586171001658,1.0,0.014526690156586284,0.3379925515138547,55.052584070883185,-0.015568357717981141,40.16772322130605,0.09925841504733501,77.00114257649231,55.052584070883185,-0.012887614695132468,50.52450439218119,-0.2046316401161329,38.04814056954735
2024-04-18,KZAP,18131.7,2500.0,-2.3076123587904975,0.6655312979542287,-0.23827160346745027,1.0,0.00950730124851061,0.2476167937192286,53.70743487490315,-0.005221644793635601,46.6656911464987,0.10579663065764588,78.36410665146703,53.70743487490315,-0.00737556100772737,51.67958716412369,-0.17682798702062716,39.942041971974206
2024-04-19,KZAP,18045.0,3640.0,-2.7599553891948996,1.0412240069329652,-0.24731182662735576,1.0,0.01866099236036892,0.4124320303949789,56.155102942354894,0.0013435775640264422,50.862947984048624,0.06347378280489253,68.52458416725811,56.155102942354894,-0.021819109963187176,48.652210477652254,-0.18302535724181612,39.517061675705165
2024-04-22,KZAP,18070.0,930.0,-2.4185510553108864,-0.39102371752260007,0.9749947365518795,1.0,0.01391662098892315,0.32700805432815433,54.88944539173993,0.0038937825563724123,52.493311131072886,0.08415521999982423,73.62806993297029,54.88944539173993,-0.012079816586291408,50.69384768828571,-0.16809737726302473,40.543302552657586
2024-04-23,KZAP,18050.0,2910.0,-2.4634443174433636,0.8173935023935137,-0.10891089054994608,1.0,0.011396069120168842,0.2816246840870419,54.21434752148582,0.010965098052147914,56.97582453176033,0.07986512333465243,72.6140471268874,54.21434752148582,-0.019988638262322424,49.035792936982475,-0.16222768434243495,40.94914965215696
2024-04-24,KZAP,18003.01,3020.0,-2.5729778079652332,0.7868022772739647,-0.7836486433537471,1.0,0.014648239057696289,0.34018107968891736,55.08507461277388,0.015676897710438512,59.90486952145731,0.0751083717105138,71.461762037339,55.08507461277388,-0.009022167771010118,51.33466312676127,-0.16211670631369637,40.95683506173074
2024-04-25,KZAP,18087.0,1460.0,-2.0553592493907784,0.05998261579113211,0.15254237201953463,1.0,-0.0006200696632940803,0.06527013013453808,50.97892684278887,0.008938318760909572,55.69943204243357,0.05563391985035292,66.45626519518785,50.97892684278887,-0.018954820549881922,49.252486536736015,-0.13752958188859665,42.66978215585534
2024-04-26,KZAP,18120.0,970.0,-1.8472811716336128,-0.3846303291194063,-0.5959595899398021,1.0,-0.006272177546515297,-0.03649794212247542,49.45255274561901,0.011025480920845158,57.01371826838692,0.023358688111005988,57.33451164224781,49.45255274561901,-0.01720521654577946,49.61927240260614,-0.15412180700094605,41.51163529170061
2024-04-29,KZAP,18192.19,1090.0,-1.4333423272527115,-0.26799366369633315,-0.11423312813355516,1.0,0.001328711459662988,0.10035857894545698,51.504923990852106,-0.0005841272772930091,49.629146110443706,0.01900804062050985,56.04986760980204,51.504923990852106,-0.02772188368234628,47.41656972595533,-0.12524956305163806,43.53221573871377
2024-04-30,KZAP,18300.0,4050.0,-0.8392576364031314,1.1097845402757878,0.10025880477042928,1.0,-0.010102563101743428,-0.10546530120524622,48.418548158039115,0.009327413479052825,55.94510803943283,0.016047007546187875,55.17077564831537,48.418548158039115,-0.025474707259953162,47.88668559473863,-0.12785621259432733,43.3488032128518
2024-05-02,KZAP,18337.0,1920.0,-0.4095346824016532,0.3633934133068004,-0.09818181782479339,1.0,-0.009140848691733587,-0.08814931510048099,48.67806841334678,0.006472915113946908,54.136766297917596,0.0030896597303916723,51.29301540893526,48.67806841334678,-0.03369818534128672,46.16875863343973,-0.1313886675045943,43.100539363698886
2024-05-03,KZAP,18300.0,670.0,-0.3722104751416063,-0.6894073700184448,-0.9999999843186455,1.0,-0.005181902159770924,-0.01686717310130633,49.746994562889725,0.018065729898516705,61.364622137488126,0.00929168618266979,53.15394033458389,49.746994562889725,-0.07188509627894873,38.37143844224774,-0.12780126854020296,43.352667397976106
2024-05-04,KZAP,18370.0,910.0,0.4517876214293251,-0.2724563897026686,0.8544274398673395,1.0,-0.0034230785182881394,0.014801028414294167,50.222013967115394,0.03157679230284021,69.1809828895165,0.0021283037820462956,51.004107559985776,50.222013967115394,-0.05375899542905531,42.02385422384489,-0.1298549831073783,43.20828613404289
2024-05-06,KZAP,18231.0,980.0,-0.2209817729486067,-0.19834856169224024,-0.863260607475538,1.0,0.01511454364752867,0.34857704809084983,55.20967933906328,0.044779772744488064,75.88957682381115,0.006231002139213427,52.2363517450692,55.20967933906328,-0.02831797402906091,47.29193926577234,-0.1222200673369013,43.74560343915401
2024-05-10,KZAP,18520.0,1050.0,1.47058431538634,-0.09097162971735635,-0.09621540163353019,1.0,-0.0010089872810175194,0.05826753976643852,50.87392408635749,0.03928131320922897,73.2208361547066,-0.009105648976653296,47.628191134492205,50.87392408635749,-0.058773522403921974,41.00280399967588,-0.1332597115087935,42.9691803836234
2024-05-13,KZAP,18505.0,1530.0,1.4046167623213797,0.2855054011513525,-0.9397590304833794,1.0,-0.005379411827777134,-0.020423400013532097,49.69365283324984,0.09123585495983495,91.18204644425263,-0.018561992254345672,44.80191911187181,49.69365283324984,-0.04742266215051273,43.32377048080964,-0.1430176893417909,42.28575307399773
2024-05-14,KZAP,18680.1,1110.0,2.3469093735383093,-0.18457099312421574,-0.2803928597413499,1.0,-0.016220035830082406,-0.2156124214497209,46.77031673722239,0.08175361915570462,89.02493714163595,-0.03160936474669624,40.96044162568605,46.77031673722239,-0.05920829006727549,40.91462822481391,-0.13360991834065322,42.94460461466238
2024-05-15,KZAP,19000.0,6490.0,4.128414154485404,1.6195026505575774,0.330599605986445,1.0,-0.03724786967418546,-0.5942255262009273,41.17985262826112,0.06357423558897245,83.58731176267311,-0.03704423558897243,39.38953562587894,41.17985262826112,-0.08295344611528821,36.201278000498164,-0.16199412698412707,40.96532439377888
2024-05-16,KZAP,19098.0,1870.0,4.096436084538629,0.2238119368369783,0.9865672577972512,1.0,-0.03668442020854839,-0.5840804321728477,41.32737235914583,0.013107221773409332,58.31481757165816,-0.04720884161393115,36.51178050720889,41.32737235914583,-0.08308432109570187,36.17593157329868,-0.14862323803539637,41.89446654112893
2024-05-17,KZAP,19300.0,2530.0,5.060326316133162,0.39759062635337633,0.5983451797471795,1.0,-0.0418809914466651,-0.6776464164349851,39.97305722574014,0.02328582531458171,64.48132949586471,-0.054399358499876704,34.53140426471254,39.97305722574014,-0.09030473928777039,34.789799558636474,-0.11227556542478831,44.447648923059205
2024-05-20,KZAP,20246.0,6130.0,8.934568467883182,1.2825655970303207,0.4866238845126702,1.0,-0.06914193542443814,-1.168488731168598,33.15698873213411,-0.02955043288974189,31.94131602832583,-0.09734133836352539,23.936311345918092,33.15698873213411,-0.12949748898077457,27.748150950531127,-0.15506880222469965,41.445803851640946
2024-05-21,KZAP,20260.0,4890.0,8.414009774153222,1.056563174436714,-0.2170471707545924,1.0,-0.06500410301007536,-1.093985689678121,34.15506956348069,-0.03701315752362149,27.93796112076269,-0.0928977961108761,24.9228557314853,34.15506956348069,-0.13052164715836975,27.57627774516974,-0.16374250497500736,40.8442902050479
2024-05-22,KZAP,20261.02,3240.0,7.336483193404818,0.6449444056218794,-0.9928795776862812,0.0,-0.062532448887349,-1.0494827395305013,34.75809134819031,-0.04998538734037633,21.76057119180469,-0.08324203663346806,27.158438799451634,34.75809134819031,-0.13846958761599198,26.265106512700402,-0.18367904101860277,39.472326786656296
2024-05-23,KZAP,19400.0,3220.0,1.9255525287349529,0.6387524455427206,-0.14285714275510203,0.0,-0.01594091392570774,-0.21058673922287577,46.8453946924967,-0.03611110702012764,28.405296521664127,-0.04211473981345115,37.9433956339973,46.8453946924967,-0.1003039600720013,32.9123514842324,-0.15670594828996892,41.33206795465642
2024-05-24,KZAP,19800.01,3070.0,3.8008906559101363,0.4824582177323462,0.9999999975000625,0.0,-0.024682607445051477,-0.3679838229491386,44.502557139639585,-0.05594214478090323,19.275811790257187,-0.06657295186691536,31.300325142949582,44.502557139639585,-0.12016251024179778,29.344740138702395,-0.16344645447148753,40.864776998669946
2024-05-27,KZAP,19700.0,1700.0,2.7178727215848997,-0.10859043554010243,-0.7391606797697987,0.0,-0.03504069172508259,-0.554484557052905,41.75860704624739,-0.0482983744259125,22.504914605585995,-0.06310522117476432,32.20408155400193,41.75860704624739,-0.10041493231810492,32.89180503310214,-0.13318782733059384,42.974225285891315
2024-05-28,KZAP,19562.5,3200.0,1.5204510224552044,0.5837317891370492,-0.68749999828125,0.0,-0.06264457376134693,-1.0515015849797722,34.7306277982278,-0.05181369389928487,20.974139905873812,-0.0605330239870176,32.883202350975495,34.7306277982278,-0.07954407576449102,36.86423798108876,-0.12022907475024089,43.88596905326672
2024-05-29,KZAP,19301.0,1840.0,-0.1094303126121473,-0.02945322699012407,-0.9999999964157706,0.0,-0.03997014041545672,-0.6432409114739625,40.46939484922213,-0.03498848791040517,28.993441024704914,-0.04219549889675919,37.920527525367746,40.46939484922213,-0.06712847566085481,39.31907139815696,-0.07881293020429074,46.82471300239635
2024-05-30,KZAP,18750.0,2320.0,-3.0708970687492383,0.20234809826721403,-0.723298283448674,0.0,-0.004750317460317462,-0.009096347811614598,49.863555121523596,-0.009771666666666666,43.780711579582956,-0.008594546031746118,47.78154599857001,49.863555121523596,-0.046099603174603175,43.59642571495445,-0.042369761904761896,49.429630186529934
2024-05-31,KZAP,18744.0,840.0,-3.090259312678633,-0.9257675811338381,0.828571416734694,0.0,0.0037585213300002814,0.14410810948597516,52.16027592691441,-0.01300989929475845,41.751662288968866,0.011411002886002887,53.788098301499375,52.16027592691441,-0.05198137207080869,42.38750431672247,-0.023331167814970633,50.79261908842566
2024-06-03,KZAP,18800.0,1200.0,-3.1765387416672874,-0.45689652515749674,0.6901408402102758,0.0,-0.0006602161431948673,0.06454727948274203,50.96808819340107,-0.015450481256332319,40.24027796886769,0.013525346166835529,54.41954914657039,50.96808819340107,-0.0636333164471462,40.020596396115,-0.03135200101317122,50.21842753512228
2024-06-04,KZAP,18599.99,3300.0,-4.341231942361954,0.5760371965617123,0.15859804932201765,0.0,0.002783433027233915,0.12655132201780286,51.89735831855158,-0.01506823501449749,40.47584892942078,0.02729397876745735,58.48809609062354,51.89735831855158,-0.05373488041557831,42.02878175965217,0.000568536449631174,52.50170901439329
2024-06-05,KZAP,18676.0,1130.0,-3.7559615464525073,-0.6173348726380854,0.9999999942857143,0.0,-0.018969513457557,-0.2651176757093776,46.03159919265737,-0.022844298683991338,35.78357035859872,0.027518288474810214,58.55358293393477,46.03159919265737,-0.06309045834225745,40.12993126571907,-0.015321552914019126,51.36579902532027
2024-06-06,KZAP,18616.0,1470.0,-4.076469489426223,-0.354290628579888,0.5223682941342632,0.0,-0.0157387024986187,-0.20694585558293657,46.89979428003937,-0.008403947278667948,44.644415719967235,0.04308168054788167,63.011852351328734,46.89979428003937,-0.06099442278702046,40.552998937830544,0.03374134112318469,54.86340213303366
2024-06-07,KZAP,18550.0,850.0,-4.415572756474339,-0.9020706605579601,0.44441357606304416,0.0,-0.012580300988319856,-0.1500777915336055,47.7503530087698,-0.010241217430368373,43.4850340466711,0.030530959868224017,59.43011233302221,47.7503530087698,-0.05960959868224019,40.833290142313786,0.05802498502545672,56.57906162800362
2024-06-10,KZAP,18560.0,730.0,-4.383293820939381,-1.0542619807495186,0.7948717803137515,0.0,-0.03195974787903659,-0.499011143872844,42.57025300500913,-0.007824125957854478,45.01157765023683,-0.006375068418171867,48.44794139922375,42.57025300500913,-0.07171347837985768,38.40548046561519,0.07723444170771757,57.92535089251577
2024-06-11,KZAP,18370.0,1470.0,-5.435001867349371,-0.35429063375497366,-0.9118584199624419,0.0,-0.01083303285204483,-0.11861765071204104,48.22148589460106,0.004394465182189821,52.812886982282535,0.014275129610908053,54.64314253739975,48.22148589460106,-0.052846772472371274,42.21036298956382,0.09006416539215942,58.81812470720771
2024-06-12,KZAP,18300.0,1760.0,-5.727081994901109,-0.17423951041854602,0.7391142261065047,0.0,-0.015916068175904192,-0.21013938327823903,46.85207837695039,0.013885109289617448,58.79814553985848,0.024912340619307832,57.7909738794647,46.85207837695039,-0.044782435597189696,43.86825202994351,0.09328678116055167,59.041490118516705
2024-06-13,KZAP,18510.0,1580.0,-4.720362948689861,-0.1604596296513467,0.7678388502292983,0.0,-0.01918553870494713,-0.26900728175369976,45.97362802307276,0.012994587867561936,58.24469932348817,0.021466480795451704,56.77689739764277,45.97362802307276,-0.04134341025443132,44.57966684782146,0.08192311105965894,58.252252323393606
2024-06-14,KZAP,18410.0,2170.0,-5.14752289046365,0.1869402825545028,-0.12621359162032236,0.0,-0.018880410706741506,-0.26351335120414154,46.055513380515286,0.018475408896131328,61.613005781258224,0.02568654113102782,58.017942736175875,46.055513380515286,-0.038115631601182934,45.24941403831815,0.08568232693584402,58.51382938829672
2024-06-17,KZAP,18464.69,660.0,-4.664197341081361,-1.0032998965205808,0.9999999938908913,0.0,-0.018364739613223272,-0.2542285225720121,46.193949097807554,0.010242744574292521,56.52188432124935,0.015100409399159843,54.88903301815269,46.193949097807554,-0.04208389378162497,44.42628857378983,0.07935852053383374,58.073532950774954
2024-06-18,KZAP,18499.99,460.0,-3.750942933609659,-1.3246469551929205,0.31552631163785383,0.0,-0.02671282434670059,-0.4045385498958377,43.961538768566406,0.006921148545751593,54.42157140327419,-0.00462841133603545,48.97277325889897,43.961538768566406,-0.04781300016725888,43.24340624727775,0.06612917873091598,57.148345838312075
2024-06-19,KZAP,18603.05,2580.0,-2.456180995632805,0.4530927548785536,-0.7098282435974934,0.0,-0.024185875707443905,-0.35904000368566247,44.635131426940845,-0.002967919864053658,48.104219388662,-0.010196001942077815,47.30118715187513,44.635131426940845,-0.06563155062514697,39.619003260992905,0.06944362488904046,57.38063602631147
2024-06-20,KZAP,18800.0,1160.0,-0.681864089541784,-0.3462757882322977,0.8735510972228566,0.0,-0.040620136778115504,-0.6549443110141984,40.3003359818746,-0.007840096251266464,45.00145726691146,-0.02109325396825397,44.05029105927489,40.3003359818746,-0.0736830884836204,38.015480334125215,0.05722962681526511,56.52309500661787
2024-06-21,KZAP,18800.0,510.0,-0.42014708601844986,-1.0953367780273815,0.32450330511823317,0.0,-0.07971272374197906,-1.358819271834075,30.67640434113672,-0.0026804035798717496,48.28801441521924,-0.03965842620736229,38.64145365350906,30.67640434113672,-0.08076352583586627,36.62652771415363,0.0567076494427558,56.48635620560625
2024-06-24,KZAP,18705.0,1110.0,-0.43450443931626764,-0.28090204426439247,-0.422222220345679,0.0,-0.05349045709703288,-0.886678686091276,37.004885957893194,0.022204504461501254,63.844739904379274,-0.023912717187917668,43.2162993447411,37.004885957893194,-0.08109930563511158,36.561186973039405,0.055842907422257865,56.42547663239852
2024-06-25,KZAP,18680.0,670.0,-0.2800732770487094,-0.6894077306017392,0.36810602506962786,0.0,-0.03464285119472486,-0.5473213066909639,41.86317348752864,0.02882437969477584,67.65852685040137,-0.03130555045715641,41.04883596878941,41.86317348752864,-0.0458761785799259,43.642507631212865,0.05949192583528781,56.682241113238085
2024-06-26,KZAP,18600.0,1880.0,-0.19152153855873613,0.4657568996025343,-0.3548387073881374,0.0,-0.04514391961085509,-0.7363965174669359,39.13031192193252,0.03601326164874552,71.54866408685075,-0.019068087557603686,44.651438785030784,39.13031192193252,-0.05246821556579616,42.28782652860442,0.07108762160778295,57.49573410072997
2024-06-27,KZAP,18705.0,1670.0,0.6222588263739294,0.3473088416990285,0.15736419579106772,0.0,-0.04016411291862375,-0.6467334505631006,40.41892027690764,0.0346172388335179,70.81549272931527,-0.029683112804063085,41.521848050249474,40.41892027690764,-0.05963136957268873,40.82887900303282,0.0641650239940938,57.01054021214058
2024-06-28,KZAP,18801.01,1000.0,1.174672901450961,-0.1655142310202069,0.369629653607603,0.0,-0.04769388377758792,-0.7823094658632722,38.47616553307057,0.041396387319423314,74.26922601820493,-0.031302305397296074,41.04978042758288,38.47616553307057,-0.06716717097721253,39.31132876168252,0.05683014414570933,56.49497850130858
2024-07-01,KZAP,19170.0,2060.0,3.1435339798636566,0.557191049080004,0.9945799431041195,0.0,-0.07362837022132797,-1.2492684738804543,32.09169458725661,0.005493883672404799,53.5137794630525,-0.056393820329383795,33.99113619951881,32.09169458725661,-0.08195783404128469,36.39434775159708,0.04402677360459048,55.59173101974029
2024-07-02,KZAP,19267.0,1800.0,3.4787093925248285,0.3139497101577461,0.9666666612962963,0.0,-0.07375882059628232,-1.251617276036853,32.06098997860739,-0.03461731820424923,29.18947563797232,-0.05348506303647737,34.78042434109436,32.06098997860739,-0.10206670124754805,32.58675741796145,0.03793918071527844,55.1609280487156
2024-07-03,KZAP,19318.0,1700.0,3.496831246938366,0.2567913553454209,0.3801169568414213,0.0,-0.07360761285222928,-1.2488947305829188,32.09658175950793,-0.02744292760103662,33.12558059112504,-0.061915959291194825,32.51716274553241,32.09658175950793,-0.0993602818409346,33.08733652711812,-0.001520978871584533,52.352461472920176
2024-07-04,KZAP,19401.0,2940.0,3.718036909490103,0.6931467164446222,-0.19123020613286137,0.0,-0.0725860728828411,-1.2305015654901683,32.33757932329193,-0.025295491395877976,34.35465716326642,-0.10390764743349017,22.528152083059133,32.33757932329193,-0.10542388364860918,31.971298953120396,0.03988090175764136,55.298425851141
2024-07-05,KZAP,19628.0,1190.0,4.508803205300433,-0.2480408374836808,-0.3173546368515066,0.0,-0.0839064154382628,-1.434328078174801,29.72146623167675,-0.028781063333559696,32.37105264165723,-0.09401694121776147,24.6718477668251,29.72146623167675,-0.10119310112537644,32.74791160222669,0.009258868283404664,53.121922987223314
2024-07-09,KZAP,19325.0,2240.0,2.669268658831996,0.38448115126302856,-0.577464787105733,0.0,-0.07757747489681513,-1.3203734099979232,31.16913232201881,-0.01485120844370521,40.60979448311187,-0.06271199716626626,32.30742546878634,31.16913232201881,-0.07180863929444137,38.38660299827057,0.053553249040021345,56.2641869773963
2024-07-10,KZAP,18650.0,6490.0,-1.142840276754934,1.384754008912905,-0.23260572967888274,0.0,-0.04523545789182518,-0.7380446944983229,39.10676019385386,0.013438917613515467,58.521112673786334,-0.043078581003446956,37.67082201729674,39.10676019385386,-0.05582050406400273,41.60321366507163,0.08731261862206902,58.62712165749626
2024-07-11,KZAP,18838.0,4080.0,-0.04658001519843575,0.884330803984336,0.8235311228887159,0.0,-0.05598092145730438,-0.9315203207886629,36.37991947313108,-0.014168380274925618,41.032129368909914,-0.04238633966804685,37.86650952304758,36.37991947313108,-0.06061583000082575,40.6295665738667,0.07495417186976006,57.76611345538498
2024-07-12,KZAP,18960.5,2290.0,0.4732457585590601,0.30678595625197425,0.3535911582674522,0.0,-0.04647414461895093,-0.7603476588002169,38.788563492146714,-0.02055997447492134,37.13840506023519,-0.05117478111345097,35.413354551170016,38.788563492146714,-0.0613478707509304,40.48155809866815,0.06954635147924487,57.38783038753841
2024-07-15,KZAP,19113.9,2240.0,1.1786170911265823,0.24685983630676356,0.9879472655821305,0.0,-0.039609021077655016,-0.6367388383320279,40.563417190952684,-0.02886512344294947,32.3239536159509,-0.06620375696420389,31.395887054329886,40.563417190952684,-0.06829123542976336,39.08664793377086,0.06746942395947683,57.24231434583389
2024-07-16,KZAP,19088.0,3180.0,0.8288708836737232,0.5972649112479251,0.3559896590703342,0.0,-0.03881184588672015,-0.6223854352992603,40.77121688197046,-0.04588211791003065,23.60215522872951,-0.060261067536821936,32.95543159649703,40.77121688197046,-0.060041753815245014,40.745756140091096,0.07253851202118175,57.597245161343835
2024-07-17,KZAP,18949.0,1500.0,-0.008679055475560507,-0.20430020943696,0.8105682910739354,0.0,-0.03893094153312107,-0.6245297918117048,40.74015104198834,-0.028266045408435508,32.66039609151834,-0.050589453415894124,35.574537399917084,40.74015104198834,-0.04485219302103306,43.8538466806715,0.08818892275171367,58.687980179439826
2024-07-18,KZAP,18620.03,3510.0,-1.76971592544967,0.6458499190942288,-0.12429938461329823,0.0,-0.027908522630677165,-0.42606749305747554,43.64356712452636,-0.01984239980893069,37.5683257797411,-0.028357117975889516,41.90960187242641,43.64356712452636,-0.017374849920748794,49.58370814411986,0.11223232862781873,60.34683064133991
2024-07-19,KZAP,18620.0,5420.0,-1.7377099138462713,1.0803294680832363,-0.21126760543542947,0.0,-0.036714968970044115,-0.5846304727296616,41.31937020595654,-0.011830364601981145,42.48789575279396,-0.02878795799021363,41.78350147034937,41.31937020595654,0.005808601861797255,54.43283398596309,0.11807712435851542,60.74667093691038
2024-07-22,KZAP,18612.0,1330.0,-1.6036821404225439,-0.39285402063083785,0.9445395347857712,0.0,-0.036821741733443776,-0.5865529516570357,41.29140501647612,-0.0164732177397071,39.61222323592109,-0.036963143593994656,39.412822807032505,41.29140501647612,-0.0031810797949094957,52.55742986000166,0.1107317920849836,60.2439537338441
2024-07-23,KZAP,18261.99,4760.0,-3.417653318511797,0.8822134069586705,0.06673350698469806,0.0,-0.023558497448603912,-0.34774385058716206,44.8026832635331,0.0059222389548689355,53.78650119349842,-0.01993620970973834,44.393544464083455,44.8026832635331,0.0314806830940736,59.702480316868126,0.10724686274606426,60.00467850710168
2024-07-24,KZAP,18463.0,1370.0,-2.07039295093065,-0.4506564144547388,0.9999999950251232,0.0,-0.0354079137038555,-0.5610965102643901,41.662153935245925,-0.011517017711957678,42.68405409988134,-0.031792743100959614,40.90711616669369,41.662153935245925,0.017945917962050223,56.94412678558395,0.0824602139499935,58.28965429796378
2024-07-25,KZAP,18300.04,1420.0,-2.8937960154266285,-0.4148103410727362,-0.9996272087622137,0.0,-0.02877417129246977,-0.4416537835853007,43.413689603407065,0.005479041417135549,53.50432595518437,-0.006754582561759042,48.33394704570831,43.413689603407065,0.015573916708066564,56.455730537265445,0.07165740658282191,57.535606502894176
2024-07-26,KZAP,18450.0,880.0,-2.0668849951743975,-0.8932994620331375,0.5473251006282918,0.0,-0.048420460704607045,-0.7953917237990532,38.29052438411711,-0.008846718931475029,44.36442890184434,0.00030134533488200554,50.45489886698801,38.29052438411711,0.004949283778552069,54.25402314135751,0.09947866821525359,59.46960848712782
2024-07-29,KZAP,18356.0,1430.0,-2.55394163465201,-0.4077927960146961,0.855999993152,0.0,-0.03453831142103096,-0.5454390334819555,41.89066238016243,-0.043829887896176846,24.562707446912697,0.004952843237970716,51.852678507488214,41.89066238016243,0.004160069195834067,54.08970302842587,0.12207589430556853,61.019400981530595
2024-07-30,KZAP,18420.0,870.0,-2.148852668658026,-0.9047281360899941,0.45725042229021345,0.0,-0.033666423659583264,-0.5297404059008334,42.12012118728675,-0.025428683883977045,34.277791100103336,-0.006061625562277029,48.54210220514847,42.12012118728675,0.006414429191872191,54.55882893711422,0.12317497285559176,61.09424217322839
2024-07-31,KZAP,18301.01,750.0,-2.672359000898573,-0.990777461335154,-0.999999993887157,0.0,-0.012453664758271601,-0.14779766431802913,47.784486725075745,-0.0011774788477064964,49.24940044114342,-0.0058482247488586435,48.60621552373912,47.784486725075745,0.012800106876311619,55.88301511659425,0.1318434435616152,61.682660807652944
2024-08-01,KZAP,18450.0,1330.0,-1.7523951176827375,-0.39285399486090783,-0.15704401373032295,0.0,-0.02271511807975223,-0.3325585260458234,45.02810719378544,-0.024098170731707315,35.049283483278735,-0.022842305458768836,43.53249880857909,45.02810719378544,-0.0038435056136275625,52.41888506180407,0.13206807975222606,61.69786460221835
2024-08-02,KZAP,18336.0,1840.0,-2.2162288294952317,-0.01617283778841024,-0.096110389460508,0.0,-0.01758837779439869,-0.24024987118953037,46.40247924284336,-0.007379063824482673,45.293776873201814,-0.01724038996925114,45.19532129142003,46.40247924284336,-0.00793623992354359,51.56215489533702,0.14450522729161472,62.53598985484112
2024-08-05,KZAP,17600.0,10750.0,-5.862262871536687,1.8620809112414114,0.14649681519331412,0.0,0.02009987373737371,0.4383395655959597,56.53745335841654,0.031512734487734485,69.14600354896912,0.018603156565656566,55.92987400168995,56.53745335841654,0.04418800505050514,62.237845914225076,0.19366103896103895,65.77166086450133
2024-08-06,KZAP,18000.0,4070.0000000000005,-2.557933367291461,0.6906924864731454,0.6624365001155723,0.0,-0.015706904761904672,-0.20637332681413353,46.9083492862055,0.0007527777777777776,50.484856580261315,-0.005366428571428483,48.75098105645327,46.9083492862055,0.02466007936507928,58.318972663440775,0.1809793650793651,64.94942869886103
2024-08-07,KZAP,18327.0,3700.0,-0.4406225448162647,0.5953823574055519,-0.01319378720482251,0.0,-0.031431186227969664,-0.4894942164876206,42.70991371591958,-0.01229855722886088,42.19524450136037,-0.025445454078941557,42.76449606191996,42.70991371591958,0.02773543808640387,58.94454747382534,0.17217956216043465,64.37358310442521
2024-08-08,KZAP,18053.0,3140.0,-1.753139133878265,0.4312725050532305,-0.6617093232217104,0.0,-0.023925464373419005,-0.3543512114677603,44.704664047109674,0.005554992552792086,53.55269899981126,-0.022417825599931065,43.65803741015439,44.704664047109674,0.040883082067000254,61.584248318579284,0.18823547225145712,65.4210115116491
2024-08-09,KZAP,18248.0,1110.0,-0.41014820633453275,-0.6085886470783545,0.9834710703162353,0.0,-0.03991058833148928,-0.6421686565012211,40.4848952505147,0.0001467723359985522,50.09697684669355,-0.02402427123998803,43.18337761993288,40.4848952505147,0.03424760773957407,60.259488943009906,0.16728286413644808,64.05132877111555
2024-08-12,KZAP,18200.0,1070.0,-0.5186857536909618,-0.44516406128543734,-0.19075144408432984,0.0,-0.002547527472527473,0.030565614641352188,50.45847136979249,0.002343467643467643,51.50259543687955,-0.01710564713064713,45.23546486975681,50.45847136979249,0.04753495115995116,62.8952499512876,0.14867448107448097,62.815304934440995
2024-08-13,KZAP,18060.0,2610.0,-1.0880132191394851,0.5774941788804406,-0.9999999955173032,0.0,-0.005861609449981497,-0.029105527721024947,49.56342817914367,0.0012692229605020303,50.815368149461406,0.005596613141380585,52.045953242318156,49.56342817914367,0.05001169250645991,63.37868793155875,0.1420173772609819,62.368918807556106
2024-08-14,KZAP,18149.0,1240.0,-0.2744959286152852,-0.16674353549667956,-0.25833333225694444,0.0,-0.012519885655512963,-0.14898999347993153,47.76663718659829,-0.00530622247760382,46.61179892663485,-0.0015958504207236913,49.884461463843785,47.76663718659829,0.04376670866906831,62.15476974309081,0.14419697497435263,62.515305348779634
2024-08-15,KZAP,18200.0,1110.0,0.12990132033594412,-0.24981127464214067,-0.10447761102303506,0.0,-0.017983699633699543,-0.24736777168576368,46.29627993921305,-0.009197832722832804,44.142655284395495,-0.005478510378510329,48.71730182162846,46.29627993921305,0.03646340048840049,60.70364787395035,0.14289014041514042,62.42756277226755
2024-08-16,KZAP,18298.0,990.0,0.8382549485056139,-0.3429440150580445,0.7930569545463139,0.0,-0.01934146415515958,-0.27181477106773677,45.93179161532999,0.0017625387109702338,51.13101133889701,-0.01475583822154215,45.93648874090326,45.93179161532999,0.033443254879100326,60.09783191760382,0.15227977921084265,63.05615082403617
2024-08-19,KZAP,18290.0,1010.0,1.0886056596938642,-0.29015369094190124,0.8387096706555672,0.0,-0.035034155840211065,-0.5543668762836041,41.760324310118186,0.017512594704366252,61.02832417564261,-0.026898269068881337,42.33736124338222,41.760324310118186,0.049201703810738705,63.220876171400654,0.17335747567844345,64.4509096796331
2024-08-20,KZAP,18130.0,1990.0,0.26418894697506495,0.38802950491329335,-0.6273291886501293,0.0,-0.02086613194827481,-0.2992669190704856,45.52301860117174,0.025963888888888887,66.03568200170152,-0.016064543114543115,45.54584337448118,45.52301860117174,0.07473778727707306,68.04557690938198,0.180005950848808,64.88594015725965
2024-08-21,KZAP,18100.0,1320.0,0.19702951003857944,-0.02247281992619006,-0.15966386420450535,0.0,-0.021434782513373673,-0.3095056606149926,45.37071115926054,0.020040028939752694,62.55595720436491,-0.02182387748838025,43.83383187207105,45.37071115926054,0.06837949881610109,66.87511676240625,0.22674858151363672,67.87192164298389
2024-08-22,KZAP,18080.1,1840.0,0.15177611958107584,0.3283526619279994,-0.598666662675575,0.0,-0.004095106873618666,0.0027009355574214504,50.04051402449476,0.01474297884335351,59.32920507727607,-0.026166825424480056,42.552270329527325,50.04051402449476,0.07215988675789563,67.57365753993862,0.21178892764499574,66.93065205456848
2024-08-23,KZAP,18378.0,4950.0,1.8413629570528594,1.3179739274638214,0.11819887407467378,0.0,-0.004962962315190523,-0.012925088770371847,49.80612464009588,-0.010672097461250214,43.21411430132027,-0.007673972373800973,48.05786487474926,49.80612464009588,0.05687864488596614,64.7047955308533,0.20323717566033922,66.38635625229423
2024-08-26,KZAP,18657.99,2890.0,3.236419547240442,0.7391721109348892,0.16464705833928278,0.0,-0.03893115843017243,-0.6245336971148681,40.740094471609865,-0.026084721298642408,33.90039669556085,-0.03354076318931311,40.399891203089176,40.740094471609865,0.03678781075637215,60.76852998159775,0.1843400169406549,65.16821125216268
2024-08-27,KZAP,18648.0,1020.0,3.030254545485022,-0.44078093115428996,0.04285714255102041,0.0,-0.03339078721578721,-0.5247774805447596,42.19273308952328,-0.030944412269412268,31.170493886327588,-0.034675868725868725,40.071604355687775,42.19273308952328,0.03042398112398112,59.48908543081376,0.17915765765765765,64.8305693346245
2024-08-28,KZAP,18510.0,3540.0,2.235275202639553,0.8035414708702452,-0.938625935322573,0.0,-0.02036801986056443,-0.29029824614676353,45.65650195695315,-0.024751919811684717,34.669202581036195,-0.02999523616577903,41.430726010289874,45.65650195695315,0.04104255936302127,61.61588570141126,0.2544315929613337,69.57564971136318
2024-08-29,KZAP,18394.0,2590.0,1.454721157450784,0.341891898685632,0.2455809454555913,0.0,-0.013186085956255577,-0.1609851502859229,47.58709845258302,-0.020703332651606544,37.0527559038504,-0.019835436589916246,44.42346605981588,47.58709845258302,0.05323012731894976,64.00288274566127,0.2637714637795969,70.1388619974547
2024-09-02,KZAP,18229.95,3300.0,0.5227944571609723,0.5442042674695394,0.0651256196355479,0.0,0.003105885977275187,0.13235719405656962,51.984315158051494,-0.023678161624140534,35.29447974318988,-0.027101176850653573,42.277794873416255,51.984315158051494,0.08927005811276809,70.63546330669118,0.28566986585653975,71.43554187584544
2024-09-03,KZAP,18219.99,1460.0,0.47366604186504957,-0.4501147085921565,0.10626517675444062,0.0,0.012027468714438334,0.29299324266028093,54.38361510199091,-0.014173269179960694,41.0291007567398,-0.021087043475325813,44.05213200154207,54.38361510199091,0.1254826961655589,76.5208132603427,0.30943852926818016,72.80401200853458
2024-09-04,KZAP,18119.5,2890.0,-0.7945206132018493,0.4115384835445358,0.13319740085733006,0.0,0.0280142407197893,0.5808403613302345,58.6254808454051,-0.00435430115192043,47.218782464041766,-0.01781494599127398,45.02421611387917,58.6254808454051,0.1171650646479698,75.24442509831191,0.31830390080054943,73.3037854835828
2024-09-05,KZAP,18099.99,1470.0,-0.9827883601135519,-0.26445487588675276,-0.06258928543485497,0.0,0.052990380675427176,1.0305440237907686,64.98378220019619,0.011691391782931439,57.431061381374484,-0.0005145428809630089,50.2095883458551,64.98378220019619,0.13690600534664854,78.19816513388464,0.3197843097052223,73.38667025305429
2024-09-06,KZAP,18061.0,1720.0,-1.138889273665204,0.03852323456963918,0.4532374068112417,0.0,0.045578536911507206,0.8970913248492858,63.14063452431156,0.011667672187639245,57.41621351801158,0.017478807533200975,55.59629661047999,63.14063452431156,0.14343064737402259,79.11666613633692,0.3931737668553571,77.285531587418
2024-09-09,KZAP,17846.0,920.0,-2.3584474476678103,-0.5502544224229133,-0.9999999953488372,0.0,0.07364754549060837,1.4024831100522113,69.87789061966564,0.022831881004858192,64.21469436168853,0.010236474493417226,53.43678520529848,69.87789061966564,0.15347722294267188,80.47466470196147,0.36293042151635957,75.7292585044409
2024-09-10,KZAP,18010.0,770.0,-1.4119320740114072,-0.7282371592407885,0.992104457989023,0.0,0.06174951702317055,1.1882551714127705,67.10533589182552,0.009564325374791759,56.09455347183611,0.00615261561037519,52.21282908457782,67.10533589182552,0.14199900099591944,78.91759452715193,0.3823946528824374,76.7390581543413
2024-09-11,KZAP,18089.0,1970.0,-0.9622542397071523,0.2111595700311693,0.5444444414197531,0.0,0.04514854438854807,0.8893491672240952,63.032457642668206,-0.007557574782359093,45.18055158766846,0.007554410160695748,52.63332926705432,63.032457642668206,0.1144769646685217,74.82210376700074,0.3479774108530397,74.93352731819046
2024-09-12,KZAP,18360.0,3370.0,0.4949236613622025,0.7480383643576358,0.5999999981538462,0.0,0.027335784313725485,0.5686245292933934,58.44758476279228,-0.020120961718020542,37.40119391574968,-0.006581279178338002,48.385999962042895,58.44758476279228,0.10287485216308756,72.94519277458026,0.3480953781512605,74.93987245407129
2024-09-13,KZAP,18320.0,2029.9999999999998,0.21538587322791986,0.13142228650155832,-0.8490566005695978,0.0,0.02347908435572191,0.49918337068337,57.432273335052166,-0.025291727316836488,34.356830626304436,0.0028496794205309494,51.220903574292585,57.432273335052166,0.1080018593609205,73.78535868002946,0.3526849431621266,75.1859016792388
2024-09-16,KZAP,18301.04,1540.0,0.08960420152356233,-0.21269933063045776,-0.9895999950519913,0.0,0.030451271191526998,0.6247199011876726,59.26260276421602,-0.02963675618330727,31.89328871302427,0.012242315924590654,54.03652719360961,59.26260276421602,0.09639623587876239,71.85963318575335,0.3573658309504346,75.43515406766663
2024-09-17,KZAP,18229.98,1040.0,-0.3005666242671573,-0.6052603656784699,0.07346098750241979,0.0,0.0341379000585588,0.6910988735421535,60.22045693854001,0.008902421949735465,55.676752406038155,0.02646670993396072,58.24631869029362,60.22045693854001,0.08873506160495752,70.5423120937384,0.3468441098778209,74.87251572730275
2024-09-18,KZAP,17999.99,2420.0,-1.5505113685721383,0.23928529353351052,0.241923457741545,0.0,0.03915653877016695,0.7814611238012033,61.511784582096986,0.010631356623019951,56.76623622963047,0.06371520046413234,68.58717613923939,61.511784582096986,0.09070022848359244,70.88363085789592,0.37803973817948405,76.51569323968049
2024-09-19,KZAP,18039.0,2150.0,-1.2894158855812563,0.12098570480257523,-0.15999999964444445,0.0,0.02621608875214812,0.5484640402916299,58.15351263665458,0.006729064342073655,54.29955644173873,0.051658792061644296,65.38224848835658,58.15351263665458,0.09191393138939702,71.09326386405175,0.4069542703771458,77.97086988156494
2024-09-20,KZAP,17905.0,2570.0,-1.9889265725459804,0.25075847504391857,-0.3137254886582084,0.0,0.043101991108274354,0.8525002983758904,62.5158085553281,0.011597418474045204,57.37222864249647,0.07483200012854438,71.39392461407618,62.5158085553281,0.09040222492608699,70.83202236440684,0.4380625064826267,79.46291509957457
2024-09-23,KZAP,17806.98,3280.0,-2.4551718114152528,0.45067896922527834,-0.24233683636681236,0.0,0.05342164580833972,1.0383090951791727,65.08972393057415,0.02128733803100976,63.300943397881646,0.07880080725032974,72.35875481409188,65.08972393057415,0.09114530053463779,70.96060850573421,0.5028070938020078,82.32429742319488
2024-09-24,KZAP,18441.0,5770.0,1.2864361197380685,1.0155073593680735,0.9757732361897047,0.0,0.03850986098522702,0.7698174763506408,61.34625559908303,-0.029878041553370982,31.75924984904429,0.02967084156421647,59.18044938338235,61.34625559908303,0.03997952504899796,61.404814654925474,0.4409566644975871,79.59784564533831
2024-09-25,KZAP,18240.29,2610.0,0.1783468651820876,0.22218593696362687,-0.09497386897549798,0.0,0.047242676483788104,0.927054708375702,63.55804414200685,-0.013644922535301217,41.35679352736691,0.0390148146323592,61.86476627159219,63.55804414200685,0.05097713531505651,63.566412529870966,0.4334810671578276,79.24797000193351
2024-09-26,KZAP,18210.0,660.0,0.05420657623118685,-1.2418789140650222,-0.33333333188090053,0.0,0.053911991710467906,1.0471379353622925,65.20999816184684,-0.014167442666248267,41.032710212886954,0.0346231891163934,60.611078814254945,65.20999816184684,0.06428573520566924,66.11020325803594,0.411179184644753,78.17798963450984
2024-09-27,KZAP,18161.99,710.0,-0.07513995272247427,-1.0796523043233568,-0.19635513926935355,0.0,0.0672495571658171,1.2872852136939752,68.40335930433602,0.004628000446720415,52.96187072846599,0.043330534199904944,63.08158320395412,68.40335930433602,0.08033001861151892,69.05661375919404,0.4346607670852391,79.30347568140715
2024-09-30,KZAP,18234.97,2430.0,0.4008887646162956,0.19474388811471155,-0.24167487565676254,0.0,0.05706880739119855,1.103977446025627,65.97962713704773,0.01625427281943024,60.25941007620595,0.03870877310690778,61.7778892512162,65.97962713704773,0.07963126021699221,68.9312493547189,0.4334751844534961,79.24769294158793
2024-10-01,KZAP,17940.0,2780.0,-1.2171125286901205,0.3293034540817124,-0.4204098512920295,0.0,0.07378109438870309,1.4048877021428001,69.90825002244374,0.01346340712427669,58.536331950074505,0.047542005096352924,64.25319728760083,69.90825002244374,0.08955366433083817,70.6847736972096,0.49976219674045763,82.1970506072564
2024-10-02,KZAP,18040.0,1360.0,-0.5774994365245623,-0.42967881277113795,0.9869429393489961,0.0,0.06342658466195052,1.2184513290533407,67.50402077102737,0.013020968394748884,58.26112505536606,0.031015042410164364,59.570411704636975,67.50402077102737,0.0899239872593531,70.74908843730623,0.5150179856051806,82.82741929429054
2024-10-03,KZAP,18000.0,3470.0,-0.7888159184718101,0.5510069731405376,-0.6666666659259259,0.0,0.06859126984126984,1.3114431942783458,68.7157986263434,0.021140873015873016,63.213784328415315,0.04236984126984135,62.812089949775164,68.7157986263434,0.10080277777777778,72.60087400315892,0.5011023809523809,82.25314536682275
2024-10-04,KZAP,18294.0,4380.0,0.8869226849397008,0.7398841134419863,0.6705390998190158,0.0,0.06645535785867854,1.2729853924334362,68.21762855063118,0.005603080375038394,53.58332253622747,0.029806523606490727,59.21986508382354,68.21762855063118,0.08128191470531583,69.22694339054217,0.4716739296516683,80.98930508793751
2024-10-07,KZAP,18580.0,4540.0,2.362968430384812,0.6865604852510658,0.395348836213182,0.0,0.06540360688229371,1.2540482681653633,67.97077270927761,-0.002757936507936508,48.2384466565063,0.035470530268081404,60.85411828389387,67.97077270927761,0.060432099287508256,65.38237764047075,0.4715865805525654,80.98545328341612
2024-10-08,KZAP,18230.0,1640.0,0.18802307083807304,-0.3911347905719444,-0.14473684162915512,0.0,0.07807430604532914,1.482188398292494,70.87483875853911,0.024845849767956184,65.39073452703327,0.052681907330494826,65.66023395597226,70.87483875853911,0.08250708408431946,69.44540293610395,0.5319252220306663,83.50521145430098
2024-10-09,KZAP,18324.0,550.0,0.6828982431022393,-1.4836649600192553,0.38832997831657956,0.0,0.07501904995790057,1.4271775017043153,70.18883993799872,0.02977366529453956,68.18806276623648,0.05208188792216305,65.49733443376601,70.18883993799872,0.06298942526584964,65.86620125453204,0.49811572722736774,82.12794593926007
2024-10-10,KZAP,18430.0,2810.0,1.2330042067777767,0.14735281968569366,-0.6629213445903296,0.0,0.07141704088399695,1.362322136718867,69.36827262429368,0.04729032202499366,77.04605725823714,0.056344040944285106,66.64638734093352,69.36827262429368,0.058164935534713066,64.9507692754243,0.4016820539320811,77.71043499190388
2024-10-11,KZAP,18447.0,520.0,1.3138007892263976,-1.5397543102165794,-0.42331288083857127,0.0,0.06667889294168364,1.2770102155523955,68.26996325020615,0.036828637383288634,71.9717167003635,0.04960861670629109,64.82204788917085,68.26996325020615,0.057228484887205826,64.771772277632,0.397579163149512,77.50624769999082
2024-10-14,KZAP,18580.0,2830.0,2.0565290872409228,0.1544450479036896,0.9393865866202775,0.0,0.05198719479898167,1.0124813302133173,64.7367750391666,0.04407136791566286,75.55615187869704,0.04112977813658653,62.46304852673823,64.7367750391666,0.051519185589557,63.67163070232774,0.3310752255369317,74.01340338894798
2024-10-15,KZAP,18733.0,2700.0,2.7907363290954668,0.07696096925471407,0.17972350147592855,0.0,0.0459341805565088,0.903494806330896,63.23000713860652,0.03362459571810717,70.28747154253043,0.02840075755457435,58.81092296628366,63.23000713860652,0.046865667580934765,62.764162564862005,0.34760074238738364,74.91326020354609
2024-10-16,KZAP,18920.0,2720.0,3.6618324010967664,0.048973958297105186,0.527777775945216,0.0,0.040716976240813454,0.8095573166811595,61.91010500769541,0.012022832142018275,57.638393271945475,0.02077712591026544,56.57331622855366,61.91010500769541,0.029259380348333842,59.25348520126729,0.3350288692573576,74.23058344867603
2024-10-17,KZAP,19352.17,3350.0,5.75111155320168,0.23251549391694312,0.48014205244112224,0.0,0.0418693317693318,0.8303058591922039,62.20323557434446,-0.012653081918847271,41.97400612812671,0.01220197954954743,54.0244776338185,62.20323557434446,0.00027234033231055693,53.27901885215045,0.33370974684960286,74.15825381933836
2024-10-18,KZAP,19176.99,4560.0,4.342992266669152,0.5203736017961108,0.7147290204583883,0.0,0.085386559387057,1.6138479387360931,72.47822701174174,-0.009448747552839884,43.98431273836727,0.036680745740077014,61.20030552939695,72.47822701174174,0.006564919955286609,54.590117773264815,0.3837351803863205,76.80751546751534
2024-10-21,KZAP,19450.0,3610.0,5.30986243930387,0.2721066282001282,0.5624999982421875,0.0,0.056214704982249966,1.0885990495999678,65.77220793503588,-0.017817838780756518,38.791715814929354,0.014376083363936896,54.673233917766595,65.77220793503588,-0.005637008813808221,52.04359725529179,0.39947819704574206,77.60092100934719
2024-10-22,KZAP,19415.0,3070.0,4.521663240417279,0.11007654758136658,0.09523809478458051,0.0,0.07544454939929449,1.4348387599095316,70.28493358465522,-0.016366025185076093,39.67789276099873,0.018669728241541197,55.94960833841862,70.28493358465522,-0.00828228082116176,51.48966912781113,0.41916295349284016,78.56553795437677
2024-10-23,KZAP,19199.99,1230.0,3.0017929507677925,-0.8045855896573122,-0.7551836703869924,0.0,0.09144988262291331,1.723020079454785,73.76542730394206,-0.013179742555380215,41.64594485047247,0.032765226376771255,60.07634019901653,73.76542730394206,-0.002290781087501838,52.74357134948641,0.4267476484224275,78.92905595610442
2024-10-24,KZAP,19161.0,1040.0,2.6015807309736396,-0.9723787061640303,-0.07999497643269142,0.0,0.08985402454390251,1.694286126803451,73.43042657974333,-0.021178995653373296,36.76915707459968,0.03129286664877318,59.65086175895591,73.43042657974333,-0.0031490937693380155,52.56411868263196,0.3756110484838996,76.39048102238264
2024-10-28,KZAP,19049.0,1800.0,1.9137265615857626,-0.42381376410015126,0.23024054903697405,0.0,0.09573220326942972,1.8001246793645114,74.65081397239567,-0.0068508616458639315,45.62908398814058,0.030654610144931156,59.465964055054265,74.65081397239567,0.004830593094500575,54.22931671703509,0.37442495564904865,76.32916406288575
2024-10-29,KZAP,19157.0,2530.0,2.382850663971061,-0.08338152769011847,0.9844961202151313,0.0,0.0683177052028725,1.3065175724638667,68.6522312988298,-0.008289665595318964,44.716737715273226,0.027381603806806085,58.51368165658921,68.6522312988298,-0.002474928141812306,52.70507641576682,0.37044048161764404,76.12237688694712
2024-10-30,KZAP,19149.99,820.0,2.1032137492050085,-1.2100496469544801,-9.99999994839929e-05,0.0,0.07386255506810037,1.4063544286240157,69.92675975523929,0.013111080002055863,58.317218849748286,0.03296633342765134,60.134339214157336,69.92675975523929,0.0017801847167443902,53.59366970867365,0.31336924608489775,73.02632272531126
2024-10-31,KZAP,18999.0,610.0,1.0164640121634685,-1.491241810715786,0.1387038150290602,0.0,0.08509429105291257,1.6085855506921662,72.41520009365499,0.01839486608317731,61.56422097362581,0.06647964573323407,69.29905815276315,72.41520009365499,0.008358961561886716,54.96283455741368,0.3822692715030114,76.73264805180729
2024-11-01,KZAP,18807.0,560.0,-0.1307538433514976,-1.5767636747964884,-0.34704370090734266,0.0,0.08390718349550699,1.5872112864044072,72.1582869804986,0.0335470620741518,70.2459971570114,0.1119952200548428,79.60138010224213,72.1582869804986,0.023016997280647787,57.983629964827024,0.41696197268241053,78.45919991616472
2024-11-04,KZAP,18969.9,740.0,0.4004737196585961,-1.2623669680363512,0.3082921584124761,0.0,0.06286445697557451,1.2083300340981251,67.3706664300074,0.03471830340120268,70.86894213822694,0.08827939941948126,74.57985756340554,67.3706664300074,0.018455231646425325,57.048822108074624,0.40438999535354114,77.8444743139867
2024-11-05,KZAP,19050.01,970.0,0.4863201136311418,-0.8028783674256154,0.20655870361715828,0.0,0.046628010027583044,0.915987435488938,63.40410337482451,0.024779613110731,65.35234456286452,0.10124765979417115,77.42210184903509,63.40410337482451,0.00836371548565542,54.96382147657073,0.38694175425921334,76.97069581896605
2024-11-06,KZAP,19453.0,2250.0,2.3599897926568025,0.2686056606651314,0.9392857126084184,0.0,0.027994179846581764,0.5804791586716328,58.620223945803765,0.002648906195559668,51.69790146995166,0.08192034204949823,73.10284489994588,58.620223945803765,-0.01578463276158492,49.917114647485526,0.3104133058597074,72.85924964141034
2024-11-07,KZAP,19400.0,5610.0,1.770290039399431,1.0189803993468816,-0.5027349552325426,0.0,0.02168122238586156,0.46681227115074564,56.95676419365583,0.0014002986417934872,50.89924300216351,0.08109846588119791,72.90803906933574,56.95676419365583,-0.02241700212731148,48.52695204150569,0.2879946162657503,71.57119887256974
2024-11-08,KZAP,19488.9,1060.0,1.959218896145505,-0.8130232941893216,0.9053075633871155,0.0,0.011965553322293924,0.29187843554198817,54.367021042621346,-0.0006165040710598164,49.608423425140884,0.07549288568779934,71.55598287285162,54.367021042621346,-0.02577041337205629,47.82479981801584,0.24397453774053068,68.9380394533361
2024-11-11,KZAP,19680.0,2720.0,2.6663192588755096,0.2950619111122133,0.8548269987304337,0.0,-0.009708304297328689,-0.09836654100380854,48.52493004234892,0.0038839769647695662,52.48705028994068,0.04436146922183507,63.36987552842616,48.52493004234892,-0.035145547812620984,45.86722018283021,0.2524677700348432,69.45646936644874
2024-11-12,KZAP,19573.89,1190.0,1.9031639633263222,-0.6973391141287911,-0.39446036072555635,0.0,-0.005048216744346646,-0.014460122971036497,49.78309951601796,0.024163524585557684,64.99431445547903,0.055131145793367364,66.32133261654943,49.78309951601796,-0.028728434707323516,47.20613974533716,0.2886309590394823,71.6082638398208
2024-11-13,KZAP,19557.5,870.0,1.5466219863072876,-0.8448303537693567,0.049999999833333336,0.0,0.006497217454027433,0.19341923920934417,52.898036764210076,0.017464993943378256,60.99933404446061,0.058521492028998735,67.22597557713482,52.898036764210076,-0.036817670777459226,45.519233780613774,0.26460730005539224,70.18897186443945
2024-11-14,KZAP,19480.0,670.0,0.9309705393014711,-0.8158912860927962,-0.3963365499563265,0.0,0.022825591571330787,0.4874170169131636,57.25958788448483,0.02392628010821022,64.85598906677643,0.05077411590234998,65.14102706562328,57.25958788448483,-0.02779782031224528,47.40069108753177,0.269009423584629,70.45208639726707
2024-11-15,KZAP,19530.0,360.0,1.036044800098244,-1.2122677766904533,-0.9999999845631371,0.0,0.02369278033794163,0.5030310375377357,57.488703390064586,0.023809408602150535,64.7877551552481,0.036794726062468,61.232852501049514,57.488703390064586,-0.026548860727086496,47.661917712684854,0.28296321044546857,71.27711100680902
2024-11-18,KZAP,19810.01,1400.0,2.485089435927037,0.21868888432243255,0.2179329602850945,0.0,0.0013762357340941223,0.10121426922847993,51.5177476179494,0.005814265983800495,53.71777855591813,0.010721633045176223,53.58194428549608,51.5177476179494,-0.04223587551553114,44.39482123817115,0.29124613281947265,71.76028282738888
2024-11-19,KZAP,20099.97,2360.0,3.763272729156357,0.7408778133094673,0.42823663781585175,0.0,-0.007383164488020974,-0.05650162953887907,49.15255671756824,-0.015156971890292146,40.42112256527301,-0.0007517007523608395,50.13828042449588,49.15255671756824,-0.06638139353477363,39.46866161229815,0.2651433256563495,70.2210820773813
2024-11-20,KZAP,19951.97,860.0,2.76028145089189,-0.2686054890660987,-0.4285072170992216,0.0,0.007674323868731018,0.21461342961419494,53.21476061883833,-0.0053293584945039735,46.597058214935046,-0.0021675214491888566,49.712573975461794,53.21476061883833,-0.06328927346482902,40.08987724908506,0.25974081244282754,69.89654007712521
2024-11-21,KZAP,19998.85,1070.0,2.918765570212477,0.018868457913676535,0.9846666601022028,0.0,0.004125006593633178,0.15070679789764566,52.25906290656197,-0.002677020503083616,48.29017733542253,-0.00938033346937291,47.545791187186346,52.25906290656197,-0.07171728679954653,38.4047249063738,0.2613870664924345,69.99564778419168
2024-11-22,KZAP,20048.0,1760.0,3.011381226092752,0.5165230783796401,0.9619120075993907,0.0,-0.0017769863438858585,0.04443946257149995,50.66655244849072,0.018766934911767313,61.78938725174975,-0.023305050101977476,43.39573798644004,50.66655244849072,-0.08912930300611865,35.013777250487905,0.26202126452070595,70.03377796328144
2024-11-25,KZAP,19979.0,8580.0,2.4226331898821445,2.0864578720785647,0.8618522168053723,0.0,0.002653129019597609,0.12420515525338637,51.86221556101665,0.054781919586994916,80.26157823796748,-0.020679119921155308,44.17308612824975,51.86221556101665,-0.08593557850822729,35.62566036775058,0.2792939994335323,71.06150271958104
2024-11-26,KZAP,19850.0,980.0,1.077971129526677,-0.08317735585400106,-0.9999999931034483,0.0,-0.0034469843268961665,0.014370596421832351,50.21555761085894,0.0482112980288673,77.4604122315931,-0.0037015932989485287,49.25136095329633,50.21555761085894,-0.07930666606693054,36.91059149418658,0.32955046079724926,73.92932893791038
2024-11-27,KZAP,19900.0,1020.0,1.125500758303955,0.0,-0.31034482544589775,0.0,-0.004624461593682698,-0.006830271297456464,49.89754607393039,0.06241266650713893,83.17522357693214,0.005761880832735104,52.095560810655925,49.89754607393039,-0.09394354111828979,34.100717182712145,0.40759806173725766,78.00252160179575
2024-11-28,KZAP,20000.0,3480.0,1.5382169933568803,1.2078103792418655,-0.15254237158862397,0.0,-0.00961865079365079,-0.09675230001108584,48.54912292708802,0.06072023809523809,82.56008838358144,0.004131746031746033,51.60608627561587,48.54912292708802,-0.10954960317460316,31.223476694080365,0.40064732539682535,77.65906490727976
2024-11-29,KZAP,20480.0,3070.0,3.7726362157022306,1.0587015816566314,0.9887663803021264,0.0,-0.03128304656498012,-0.48682691284821134,42.74907730249646,0.03223155536954373,69.5372557480006,-0.026995568266369126,42.308794935056525,42.74907730249646,-0.14103644593253967,25.85033004707016,0.3136783296130953,73.04375497311443
2024-12-02,KZAP,21130.0,2230.0,6.69641813697091,0.6797830574356963,0.9095443039735884,0.0,-0.05783946675530917,-0.9649840437196715,35.91649296450702,-0.00013720299130845276,49.91520878779004,-0.05160961188861094,35.29382825628238,35.91649296450702,-0.15216855088304448,24.101485280253875,0.3096124969012688,72.81387538792697
2024-12-03,KZAP,20864.0,3170.0,4.907820072436266,0.895219921930801,-0.6061538442887574,0.0,-0.05183591148115688,-0.8568880449237843,37.42251952635418,-0.006719759713701432,45.71237118473355,-0.03208081787418444,40.82338876843241,37.42251952635418,-0.14769339456130098,24.79469705649673,0.3358899990261953,74.27772923489668
2024-12-04,KZAP,21199.88,2640.0,6.130368696709458,0.5133535020268771,0.816408628500528,0.0,-0.07185929922903739,-1.2174157654235502,32.50961044283969,-0.017816653541405162,38.79243634841847,-0.04866008902386425,36.10813426514616,32.50961044283969,-0.14699663933108217,24.90382009564687,0.2909142616036371,71.74101865554267
2024-12-05,KZAP,21273.0,1390.0,5.977868462628084,-0.12812090480960409,-0.23170859968571397,0.0,-0.07794174814710353,-1.326932270377552,31.08476673809628,-0.018880931227377426,38.14744564445881,-0.05514502460082427,34.32893819786148,31.08476673809628,-0.1815019026465473,19.8908050947799,0.24118237593820024,68.76655265199301
2024-12-06,KZAP,21199.99,980.0,4.918119431571809,-0.3530965021106393,-0.4747570240359286,0.0,-0.07244825137103052,-1.2280200435761677,32.370165885636574,-0.02648171969787624,33.673004280312824,-0.05094038957355905,35.477859883451416,32.370165885636574,-0.1708611817033877,21.351060195538746,0.1869489120500633,65.33761411989154
2024-12-09,KZAP,21188.99,660.0,4.643550433735015,-0.748408230695203,-0.25954897120930653,0.0,-0.07606506171121949,-1.2931419102576105,31.520740813206448,-0.03630123060672045,28.306405579451333,-0.06231680627289995,32.41146069469445,31.520740813206448,-0.15915602256415182,23.045827774627192,0.11441751194186739,60.496483215780394
2024-12-10,KZAP,20785.0,1270.0,2.365561113070615,-0.015625294256653797,0.9956850000232583,0.0,-0.06281943909870902,-1.0546500932275962,34.687817054795254,-0.028187568205856633,32.70460238925227,-0.04249415968857272,37.836004061469865,34.687817054795254,-0.1391383831441324,26.15662475426717,0.1991944799554013,66.12751601055125
2024-12-11,KZAP,20884.49,1390.0,2.662829895264352,0.0441247419134094,0.9999465913644066,0.0,-0.07005008793930145,-1.1848403176320055,32.939907791805965,-0.02962820773743192,31.898043061675896,-0.047017718135620834,36.565082106154776,32.939907791805965,-0.1417741546836911,25.731916738488565,0.1710481068205494,64.2992357257576
2024-12-12,KZAP,20934.0,1600.0,2.7218676641054653,0.1406996963704671,0.9886954270778578,0.0,-0.07052098022355982,-1.1933188889897701,32.827632867383564,-0.04038794135309613,26.231962704254403,-0.0473923470362636,36.46063456645523,32.827632867383564,-0.1415434447037628,25.768911022682683,0.15591949494329116,63.29863811537739
2024-12-13,KZAP,20701.0,87200.0,1.3944550556292172,4.104982775960408,-0.25949367006489343,0.0,-0.06114232455989014,-1.0244530911363097,35.099422271034996,-0.03419571236494219,29.413090481078434,-0.03267210241357867,40.65170230055279,35.099422271034996,-0.12813025496046124,27.97862428285352,0.17834590633992833,64.77754634456896
2024-12-17,KZAP,20482.0,2260.0,-0.6409260409439715,0.40989828034919384,0.24228250656261457,0.0,-0.04724530156560232,-0.7742325947373544,38.590946885159575,-0.03502178688062147,28.975892174409395,-0.02854586249172715,41.85434607604212,38.590946885159575,-0.10991620501470126,31.157490180110536,0.21368306290618322,67.05060430997771
2024-12-18,KZAP,20260.0,1260.0,-1.7486651679950949,-0.28768080291377124,-0.9612115887504336,0.0,-0.03813822881900375,-0.610256737150305,40.94706663943882,-0.02515411084473276,34.43633837981564,-0.02270245655682485,43.57384960941972,40.94706663943882,-0.11934174501324057,29.487662430978823,0.2230435223052697,67.64010917567063
2024-12-19,KZAP,20326.89,1330.0,-1.4534480499184173,-0.11694673820630008,0.5335582148798331,0.0,-0.03762248553224205,-0.6009706086549442,41.08185990638616,-0.018043149749631473,38.654833591849844,-0.0289136919541178,41.74672119030501,41.08185990638616,-0.13219393066629614,27.297058287815805,0.21688304264051456,67.25274918948166
2024-12-20,KZAP,20150.0,1270.0,-2.3177772163415153,-0.16310855185269743,-0.999999994485801,0.0,-0.024703324274291946,-0.3683568363131154,44.49702964619801,0.0024987396116428378,51.60188682753524,-0.017901666075859544,44.99840063059401,44.49702964619801,-0.15506717180668786,23.659597884514717,0.2358680777108196,68.4387417886761
2024-12-23,KZAP,20054.01,1860.0,-2.785555766241574,0.21844944382846454,-0.2789470149065016,0.0,-0.02527618937737204,-0.37867146200822,44.34423691175327,0.010798049100546912,56.87094921198563,-0.017485539886441265,45.122300491823616,44.34423691175327,-0.16587173748898237,22.062156202158906,0.24091241027949273,68.74994473481748
2024-12-24,KZAP,19825.0,1610.0,-3.8940004939176855,0.07410766723381118,-0.8031496031372063,0.0,-0.016230980904341576,-0.215809491132586,46.767373036854856,0.014959965671850838,59.46318997506439,-0.011294121179367102,46.97208793979653,46.767373036854856,-0.15663685221881946,23.422649632797448,,
2024-12-25,KZAP,19810.0,990.0,-4.131455686916693,-0.4121744840480873,-0.7799559833971187,0.0,-0.024658518425037933,-0.3675500921747108,44.50898454422184,0.02179768074485389,63.603958403094964,-0.01336752762353469,46.35144174320303,44.50898454422184,-0.1416352880139099,25.754179813116973,,
2024-12-26,KZAP,20020.19,2310.0,-3.112407149074006,0.4351198936965967,0.7468998845525099,0.0,-0.033787708304894706,-0.5319241760628223,42.088181511467205,0.018637402376428046,61.71105445477537,-0.021990584338443683,43.78447479906124,42.088181511467205,-0.16855158563481745,21.678130768295983,,
2024-12-27,KZAP,20260.0,1960.0,-1.9243341705775387,0.19982002845394317,0.48556106929394743,0.0,-0.04495538750215453,-0.7330019344799474,39.178834970099196,0.005464575596609161,53.49511196837038,-0.03501277362540936,39.97433702756247,39.178834970099196,-0.19456636503235714,18.202309447088084,,
2024-12-30,KZAP,20330.0,1740.0,-1.6451242860488473,0.08076106551595644,0.9999999956521739,0.0,-0.047305008627487724,-0.7753076401387782,38.57566193884848,-0.0013091388908408805,49.16514806555956,-0.03467119434099267,40.07295444291264,38.57566193884848,-0.18452895400495006,19.489370875000073,,
2024-12-31,KZAP,20180.01,560.0,-2.3704370534844545,-1.0529353270737358,0.44095317018034125,0.0,-0.04872828815496119,-0.8009342588775732,38.211976699286666,0.007076384917195762,54.52014133549824,-0.028948254998740895,41.7366122557278,38.211976699286666,-0.18576478857814047,19.327254694957468,,
2025-01-05,KZAP,20300.0,1060.0,-1.7373054543364024,-0.3438556867256112,0.0012210012135514486,0.0,-0.04958726053639839,-0.816400340768965,37.99312121246299,-0.011312876299945264,42.811973020614104,-0.031030719759168036,41.12884741984054,37.99312121246299,-0.22476761083743835,14.729343829314695,,
2025-01-06,KZAP,20451.5,1160.0,-0.9611303710502948,-0.18088291939721762,0.9996040322074724,0.0,-0.05307582175638916,-0.8792130396141085,37.10936682261453,-0.017302612898731765,39.10539131173053,-0.03407137958794493,40.2463213385514,37.10936682261453,-0.21170074212548534,16.159594960813166,,
2025-01-08,KZAP,20429.0,1820.0,-0.9992671658054034,0.29135074333717875,0.8340769037813286,0.0,-0.05335653195309811,-0.8842673195698683,37.03861950424101,-0.016137000369844612,39.818324987411124,-0.03824575212874322,39.0450660774741,37.03861950424101,-0.23748151672420237,13.43984084438094,,
2025-01-09,KZAP,20361.6,1550.0,-1.2730710817841302,0.1307697161211844,0.45869311836339466,0.0,-0.05979618104667603,-1.0002153318522444,35.43141356099338,-0.010909598459845878,43.06495566995167,-0.037382795065220756,39.29236370151724,35.43141356099338,-0.22780180732358946,14.412596461640154,,
2025-01-10,KZAP,20381.79,1600.0,-1.134639878390528,0.08474091102855924,0.9998682411076084,0.0,-0.06467270752295488,-1.0880188043008898,34.23563011498486,-0.007927497241410144,44.94607856230869,-0.04722706108118138,36.50670108224464,34.23563011498486,-0.2089205118246426,16.47799655923596,,
2025-01-13,KZAP,20130.0,2390.0,-2.3251969337082996,0.4170368400733118,0.5859030811193697,0.0,-0.05881789735765153,-0.9826010103974028,35.67356779873888,-0.0019397913561847988,48.76165277088101,-0.03387694805194803,40.3025712662682,35.67356779873888,-0.20180826295744328,17.31541547652534,,
2025-01-14,KZAP,20158.0,1710.0,-2.1337517353178317,0.06648950623311431,0.9720666029309648,0.0,-0.0750803021999222,-1.2754109894804282,31.750825934799074,-0.008295670354989316,44.71293710521102,-0.03477326115749074,40.043478250881805,31.750825934799074,-0.20707270987768062,16.69238631841317,,
2025-01-15,KZAP,20160.0,1080.0,-2.077390433330443,-0.3961609400125823,0.9999999952380952,0.0,-0.07521150793650794,-1.2777733921728873,31.7201183818983,-0.01137420634920635,42.77353225744362,-0.033873015873015874,40.30370912722996,31.7201183818983,-0.21775515873015874,15.483425737838852,,
2025-01-16,KZAP,20199.95,2009.9999999999998,-1.8418404506165065,0.22501023283691607,0.9989999900100147,0.0,-0.07659506959136356,-1.3026848774758066,31.39727984163787,-0.010970222580701771,43.02690172164001,-0.044423539366571625,37.291772321973106,31.39727984163787,-0.21838151614354537,15.41480846067535,,
2025-01-17,KZAP,20280.0,1000.0,0.3098139332568424,-0.4731231623257301,0.5789473623268699,0.0,-0.0922611956419648,-1.5847586596550047,27.871286772132585,-0.019178531511223743,37.96782355647931,-0.04334931201277347,37.59439879349216,27.871286772132585,-0.2443997158824082,12.779056267845018,,
2025-01-20,KZAP,20150.0,2020.0,-0.24591948008174394,0.24884202744074282,-0.9998894422647381,0.0,-0.09706835539012959,-1.671313161216187,26.839364082148702,-0.018048555476781306,38.65155166501643,-0.03333950628224818,40.45818794926952,26.839364082148702,-0.20225273839064162,17.262110719560543,,
2025-01-21,KZAP,20050.01,2440.0,-0.7129924252382158,0.4188739519173855,-0.3938787866852255,0.0,-0.10244324829454418,-1.7680898860720533,25.714630107290375,-0.015931168570726913,39.94467906235404,-0.02980751808634248,41.48552188793222,25.714630107290375,-0.1861658943102454,19.27485875459316,,
2025-01-22,KZAP,19990.0,820.0,-0.9295539853697264,-0.7052675494099334,0.5712682347291281,0.0,-0.08233115069439481,-1.4059649153353613,30.078155175261056,-0.011109596663411143,42.93944748413699,-0.03666218109054527,39.499292157303955,30.078155175261056,-0.1632874312156078,22.437086898110813,,
2025-01-23,KZAP,20037.99,2020.0,-0.6732618839984834,0.19627973893267775,0.46078260669226345,0.0,-0.09165047891945918,-1.5737625030301425,28.00411498234197,-0.014802336578336196,40.639976825914786,-0.04303237710801673,37.683870811666864,28.00411498234197,-0.17509471431515844,20.76090689208031,,
2025-01-24,KZAP,19950.99,940.0,-1.0965823724086057,-0.5686922712759274,0.1305905394313519,0.0,-0.07188281220869841,-1.2178391244008662,32.504037373747096,-0.006715182752955244,45.71527929874257,-0.04491531922129956,37.15356016195282,32.504037373747096,-0.15656506726877076,23.433449770577493,,
2025-01-27,KZAP,19845.98,950.0,-1.6720309247375726,-0.5550936041588058,0.025157982442109834,0.0,-0.100567188258445,-1.7343108044874629,26.103684753754564,-0.002992228633260271,48.08868226976109,-0.054947907547131546,34.38240513911564,26.103684753754564,-0.1475012372194939,24.824759941777785,,
2025-01-28,KZAP,19790.0,580.0,-1.9570490207013465,-1.0485264405765988,-0.29662209189610855,0.0,-0.08972860511561878,-1.5391585294013477,28.424627556388405,0.0036781012135357763,52.35558148188255,-0.052275103467359654,35.111254069300216,28.424627556388405,-0.147178645820801,24.875284015030307,,
2025-01-29,KZAP,19826.85,890.0,-1.7995764102304757,-0.5707883699380797,0.9999999820948974,0.0,-0.0794444685009276,-1.353989247475253,30.738067969359562,0.006175961064463357,53.947933166545745,-0.05357973747300581,34.75459960906227,30.738067969359562,-0.12225057587552324,28.982972396793215,,
2025-01-30,KZAP,19800.0,2360.0,-1.8536243618836605,0.5548597193734923,-0.999999997368421,0.0,-0.0750896103896103,-1.2755785865150802,31.748646910678403,0.002130266955266956,51.36624133847669,-0.06454397546897539,31.827446690829575,31.748646910678403,-0.13454718614718614,26.907142020933527,,
2025-01-31,KZAP,19875.0,740.0,-1.2868690547082904,-0.604905658994859,0.9404915790363497,0.0,-0.0769275396825396,-1.3086711114545566,31.319967691853947,-0.004085456723569946,47.39036540215182,-0.07905753968253967,28.165420462955037,31.319967691853947,-0.1079699236298293,31.508680843332336,,
2025-02-03,KZAP,19844.0,1570.0,-1.4042955156149688,0.1472740177774249,-0.13454545405619836,0.0,-0.072981708516908,-1.2376251159649734,32.24413037845989,-0.011697481146594302,42.5710536354486,-0.08767454206301213,26.11674325780038,32.24413037845989,-0.10338441838403034,32.34445415942434,,
2025-02-04,KZAP,19920.0,1350.0,-0.9225036059823378,-0.1445810809836237,0.22038765175740893,0.0,-0.07312286766112067,-1.240166733054523,32.210822934821,-0.014189218779881415,41.019220663031994,-0.07377931248804744,29.467439938614387,32.210822934821,-0.10828446165614841,31.451780233667698,,
2025-02-05,KZAP,20006.9,560.0,-0.38205853152764907,-1.024502608642022,0.652048464588886,0.0,-0.06852913804658034,-1.1574551116558014,33.30387570425982,-0.0180100321163009,38.674942229178896,-0.08495281533228181,26.753311190311237,33.30387570425982,-0.110861008819021,30.987782832253348,,
2025-02-06,KZAP,19900.0,52890.0,-0.7982715862153844,3.5966497701469895,-0.42853877119528055,0.0,-0.08336775743798357,-1.4246293626819548,29.843160453905625,-0.01170785873813512,42.56455786480268,-0.06421154781845734,31.914260564560777,29.843160453905625,-0.1041556014197974,32.20308535034332,,
2025-02-07,KZAP,19852.07,6910.0,-0.48246090396459596,1.5545310433689405,0.09245398744645837,0.0,-0.09117308482188505,-1.56516686437271,28.108215026191054,-0.018074799883728877,38.635619617839154,-0.09560446848447884,24.318715499578325,28.108215026191054,-0.101943409932958,32.609476305766876,,
2025-02-10,KZAP,19670.1,870.0,-1.315811249041574,-0.5176965236212439,-0.5567060464768103,0.0,-0.11417821142483343,-1.9793817793711685,23.368324328535238,-0.003930300400341577,47.48941819214617,-0.07883385290969781,28.21988459385579,23.368324328535238,-0.0886443766415111,35.10637283651251,,
2025-02-11,KZAP,19695.68,640.0,-1.145975164902457,-0.6410280844485995,0.9999999895430306,0.0,-0.13066398907361718,-2.2762136597312304,20.331089748520597,-0.0013900988810824654,49.113342176973376,-0.06795048873822811,30.945169285214913,20.331089748520597,-0.09977849128207825,33.009730397653335,,
2025-02-12,KZAP,19705.0,490.0,-1.0663745389398094,-0.7525661414822699,-0.1655076449094009,0.0,-0.13193228734951648,-2.2990497897648288,20.110058011549715,-0.0032429833093687442,47.928432790586974,-0.06529129169133602,31.6327450475395,20.110058011549715,-0.08238841523583976,36.31079495969429,,
2025-02-13,KZAP,19725.0,1250.0,-0.943769881468318,0.24846043360965842,0.9849146408502097,0.0,-0.11843644305630996,-2.0560526485960198,22.554644481167063,-0.014200784597742773,41.0120565876939,-0.0645170031383909,31.834485853259594,22.554644481167063,-0.0943013790814172,34.03330891468736,,
2025-02-14,KZAP,19551.0,980.0,-1.7683087675172724,0.005115079397889733,-0.9999999919678716,0.0,-0.12836955100335873,-2.234901543234574,20.7355366217417,-0.00954455654442228,43.92388353284546,-0.053560759040458206,34.75977571547057,20.7355366217417,-0.06793929594394149,39.15694522282481,,
2025-02-17,KZAP,19649.99,2690.0,-1.2268587584165072,1.0251656709785901,0.6632323209992286,0.0,-0.14908340589890207,-2.607861353147042,17.29708567531204,-0.020768417519167356,37.01389786230715,-0.05488512691173315,34.3994423703658,17.29708567531204,-0.02693087043474985,47.582004080664916,,
2025-02-18,KZAP,19725.95,690.0,-0.7736016485482501,-0.3354348116709919,0.9999999868334433,0.0,-0.13908920850553924,-2.4279125228181084,18.89652886394022,-0.03978828427681097,26.530142741019592,-0.04973977336657939,35.809097802016716,18.89652886394022,-0.02527578378344346,47.92832023150583,,
2025-02-19,KZAP,19699.0,670.0,-0.8767357870767881,-0.34390547364642077,-0.48235293833910037,0.0,-0.14562773396361267,-2.545640836753318,17.837668669601786,-0.038502288690828716,27.17686121733799,-0.06855944560879329,30.788879208631425,17.837668669601786,-0.03203206961194541,46.5162174219602,,
2025-02-20,KZAP,19503.0,1290.0,-1.849875646564747,0.31121143727107653,-0.96581001216132,0.0,-0.17219080068267878,-3.0239176405734804,14.01131398812735,-0.028306733762571326,32.63748841284787,-0.06931413189179687,30.59579704659422,14.01131398812735,-0.04249622896843709,44.34092634362704,,
2025-02-21,KZAP,19422.0,5040.0,-2.2071042682877913,1.6739730240894257,-0.7479954138144572,0.0,-0.14853672933492204,-2.598018260762077,17.381733323992126,-0.036730634258646234,28.083823952851695,-0.09735849883048671,23.932553786130228,17.381733323992126,-0.05386346595171896,42.002509100627755,,
2025-02-24,KZAP,19300.1,1180.0,-2.686103881844106,0.20114082868419364,-0.9999999959979189,0.0,-0.17126014363935765,-3.007160852630285,14.132885775155529,-0.04187143280695224,25.503635246559753,-0.10718378228240114,21.84790703943801,14.132885775155529,-0.034025078519619376,46.10062953869426,,
2025-02-25,KZAP,19000.0,4019.9999999999995,-4.162211293915783,1.3143180295780426,0.08695652164461248,0.0,-0.15029784878863828,-2.6297277991364374,17.11020791922894,-0.037169653299916464,27.857364470846957,-0.09371169590643275,24.740140906578905,17.11020791922894,0.008184147869674183,54.9265403603001,,
2025-02-26,KZAP,19000.0,900.0,-3.9788447308710033,-0.3001033382169359,-0.5017128589117831,0.0,-0.12919191311612369,-2.2497084451271823,20.58989726646354,-0.018866019214703423,38.15645464165067,-0.07872294486215536,28.246912607408696,20.58989726646354,0.014318776106934002,56.1967824608276,,
2025-02-27,KZAP,19010.0,1980.0,-3.8868246431543145,0.48835138320974303,0.04005943173860737,0.0,-0.13309918088224243,-2.320060093851066,19.908291098263664,-0.026843012658333505,33.46671787117296,-0.09765258468809232,23.868221811893157,19.908291098263664,0.04180404235865835,61.766814097336265,,
2025-02-28,KZAP,18767.4,3010.0,-5.026323943846682,0.9071938740262928,-0.47704848554076806,0.0,-0.12605252004869646,-2.1931826343800918,21.149963766205314,0.0024809363323533783,51.59050283459025,-0.10280982000449622,22.759433627101934,21.149963766205314,0.060989802783651605,65.48816608292309,,
2025-03-03,KZAP,18550.0,3310.0,-5.96207250869899,0.9579291298828594,0.1428571424489796,0.0,-0.12711650943396227,-2.2123401152487543,20.958908681289685,-0.021793882899071654,36.40390479136102,-0.07797510482180293,28.429568409672314,20.958908681289685,0.09282507487271638,71.25004823977783,,
2025-03-04,KZAP,18350.0,2630.0,-6.763494405008892,0.72796509878535,-0.04807234634913228,0.0,-0.1163038601271571,-2.0176547874595805,22.95961658110163,-0.002218194498507889,48.58357696134538,-0.07610349357726742,28.88980437873945,22.95961658110163,0.10042871091215778,72.53842499665092,,
2025-03-05,KZAP,18697.0,3820.0,-4.799361377943816,1.1012311042950562,0.989090907292562,0.0,-0.1577727013543468,-2.764314992398575,15.995149846076062,-0.008044349212291845,44.872058821828425,-0.13035515902729486,17.46189271171078,15.995149846076062,0.09919196053436974,72.33132589202124,,
2025-03-06,KZAP,18554.7,1670.0,-5.331312402555772,0.02118076102558428,0.43207590635467064,0.0,-0.11097248803858453,-1.9216616692904234,23.994209430609313,0.002879363982223008,51.84522868178151,-0.10253070743595445,22.81850115051096,23.994209430609313,0.09666135376558424,71.90457313955682,,
2025-03-07,KZAP,18868.2,1080.0,-1.7242716344089426,-0.3150804955898161,0.9993062747162561,0.0,-0.11339587252121361,-1.9652955085996207,23.52001511995048,-0.012018571269573702,42.370189671437586,-0.14654329023486737,14.830752904453481,23.52001511995048,0.1226439704168414,76.0903795494445,,
2025-03-11,KZAP,18200.1,2850.0,-4.570782330051961,0.8083012598311348,-0.4458276212747567,0.0,-0.057800855208540114,-0.964288830046696,35.9260943798632,0.027104443270981673,66.68754351096511,-0.10681890036710937,21.922931785156734,35.9260943798632,0.1858473581123705,84.39224353313226,,
2025-03-12,KZAP,18363.8,1320.0,-3.3334827267353506,-0.11441018659976664,0.9999999938949939,0.0,-0.07694228200771805,-1.3089365518964227,31.316541929623163,0.021711400508972405,63.55280466031097,-0.09307088877150821,24.883922277914845,31.316541929623163,0.19507014053010094,85.38417605091355,,
2025-03-13,KZAP,18602.99,1820.0,-1.9123028545617453,0.19671005015892382,0.5791617946930764,0.0,-0.07318747508390386,-1.2413300110750396,32.19558440681055,0.017932736463929157,61.28386172270398,-0.1083871545500064,21.60178953144444,32.19558440681055,0.1794793673624508,83.67580080780334,,
2025-03-14,KZAP,18664.99,830.0,-1.4595230325947284,-0.7430828008487639,-0.40332353836151924,0.0,-0.07162554046457423,-1.2132068615377596,32.56504308699205,-0.006680734229980284,45.73716817228428,-0.11578128439227929,20.133750323960705,32.56504308699205,0.174042326991284,83.04334730324966,,
2025-03-17,KZAP,18699.99,860.0,-1.1236996980953708,-0.7075762134561109,-0.40434911883018654,0.0,-0.07569054258152277,-1.2863985694297126,31.608139733744387,-0.019195032345828433,37.95787376482097,-0.1288515960188062,17.724063366538832,31.608139733744387,0.1745026672264072,83.09764229104464,,
2025-03-18,KZAP,18749.99,960.0,-0.7574881288025803,-0.5975755740808957,0.9998657651015935,0.0,-0.05004146734804193,-0.8245784846724432,37.87759137120546,-0.054903995845094075,19.692785741024004,-0.13009310670595325,17.507364772216764,37.87759137120546,0.16850112040059745,82.37886906292916,,
2025-03-19,KZAP,18820.0,2770.0,-0.09911737038057963,0.6167204986638471,0.48387096514047867,0.0,-0.06782190383415145,-1.1447211256951377,33.473803035872805,-0.07439529460384933,12.958304798387822,-0.15788225756118957,13.189416187237901,33.473803035872805,0.16147873083345987,81.50758786839442,,
2025-03-20,KZAP,18995.0,1650.0,0.9144835587739634,-0.05597919843661246,0.944444439197531,0.0,-0.04514533576087274,-0.7364220157164917,39.129947524522464,-0.0837717188524967,10.482578166266265,-0.12643516788043638,18.151860395883073,39.129947524522464,0.13990796659104116,78.62434180128072,,
2025-03-26,KZAP,18599.0,1810.0,-1.1523283837205296,0.03657224538730053,-0.1500992971233668,0.0,-0.021021090590294562,-0.3020570006831754,45.481506033614814,-0.04888027029529662,22.246146438324292,-0.09465977262815803,24.5284409310438,45.481506033614814,0.17513580120795025,83.17209115393133,,
2025-03-27,KZAP,18400.0,5410.0,-2.056945962971203,1.092162828645317,-0.7109144532287397,0.0,-0.01162574189095928,-0.13289063920019728,48.00769581826449,-0.05757798481711525,18.632474074834516,-0.06260540027605245,32.3354702421325,48.00769581826449,0.18888112491373363,84.72445014699363,,
2025-03-28,KZAP,17779.99,12590.0,-4.745542579300887,1.93681634579002,0.4499749994375353,0.0,0.025207667626663186,0.5303070843233085,57.88816764804883,-0.04247411594259927,25.211572250595378,-0.040344887699331644,38.44588434433719,57.88816764804883,0.23122900167257748,88.77845895169733,,
2025-03-31,KZAP,17480.0,4030.0000000000005,-5.260238707847805,0.7519117207671691,-0.4982938566381666,0.0,0.04516568686208275,0.8896578231311277,63.03677283522635,-0.010863126112382406,43.094132056333486,-0.006727798663324978,48.34199154868762,63.03677283522635,0.24564186644146602,89.92740968911764,,
2025-04-01,KZAP,17465.0,5720.0,-4.770325647330898,1.1021139473487043,0.3589743580539119,0.0,0.04611251391672234,0.9067057574774449,63.274787841819894,-0.018657109457009255,38.28275155213895,-0.000789877373795142,50.126801531694696,63.274787841819894,0.2490298629004041,90.18188053762674,,
2025-04-02,KZAP,17750.02,5090.0,-2.722300938767886,0.7921964405627651,0.6012359533673172,0.0,0.034202005932012156,0.6922531210010647,60.23704605507013,-0.0732367275029942,13.296572319073602,-0.019446499826434437,44.5389870656134,60.23704605507013,0.23518086456616205,89.10442070153853,,
2025-04-03,KZAP,17400.0,3620.0,-4.305505219683708,0.29322195524431605,-0.9999999978448276,0.0,0.04422832512315274,0.8727803149254593,62.80051107469049,-0.0320226053639846,30.581333843322405,0.030895073891625612,59.535656274267,62.80051107469049,0.2608253968253968,91.023635823597,,
2025-04-04,KZAP,17082.0,3150.0,-5.6811720781602455,0.15415051093855478,-0.5482912324691066,0.0,0.08464639595564252,1.6005210512940122,72.31843946478537,-0.0457899748273036,23.6447212730443,0.03470472928897586,60.63448971122875,72.31843946478537,0.2838677885660762,92.48241408977829,,
2025-04-07,KZAP,17346.0,6480.0,-3.832041116683875,0.87546804945324,0.9847981819108861,1.0,0.05547435527883461,1.075268808268889,65.59192423953894,-0.05204398708635997,20.876576258994312,0.05318641857873093,65.79691942404466,65.59192423953894,0.27528482647296204,91.96640254552646,,
2025-04-08,KZAP,17195.0,4510.0,-4.25245573232927,0.47311221723757385,0.9719919949357106,1.0,0.08541197688050697,1.6143055891142268,72.48370400538985,-0.020325539793313908,37.27864187504875,0.0662590557886429,69.24258364345083,72.48370400538985,0.286881136543015,92.6562406880844,,
2025-04-09,KZAP,16507.24,3140.0,-7.454181138902759,0.11103818900138318,-0.539899060079217,1.0,0.18614588884096359,3.428052998564046,88.66361159583317,0.016726958629754395,60.54886770119445,0.10970493018301569,79.15045393828618,88.66361159583317,0.29976442384319046,93.3584029796983,,
2025-04-10,KZAP,16898.97,6740.0,-5.003865169746379,0.8111150469064116,-0.5239419790751328,1.0,0.1647318611627414,3.042486346069613,86.12237964510432,-0.011750899790680464,42.53761940340087,0.08546028444971152,73.93171501937496,86.12237964510432,0.32200310859112086,94.42546641822645,,
2025-04-11,KZAP,16355.0,7910.0,-7.454181138902759,0.9223131699903636,-0.7516629695085079,1.0,0.19433089754601535,3.5754267880475674,89.52246420047788,0.008209541400377536,55.238537187243786,0.12414585911303277,81.87204965984414,89.52246420047788,0.3471077540483227,95.435522338917,,
2025-04-14,KZAP,16499.0,3070.0,-5.958414130923393,-0.09767622289619374,-0.24864864797662528,1.0,0.1594509510677415,2.9474018127884727,85.42636979569632,0.0006549467644504062,50.42224160632324,0.11421049541723066,80.03059755491975,85.42636979569632,0.3658016985877932,96.0718467090907,,
2025-04-15,KZAP,16899.96,5000.0,-3.3854035697116105,0.39008361408089604,0.9998499937502064,1.0,0.11369577929967492,2.123564808465246,78.14504334714226,-0.05046359470673298,21.55283831040768,0.09289983067021082,75.618928894396,78.14504334714226,0.32193766515818195,94.42257667204912,,
2025-04-16,KZAP,16835.0,1690.0,-3.434450840470735,-0.8168285290495667,-0.506918121800445,1.0,0.1336997054747055,2.483742116907608,81.61150834325588,-0.002430453255453255,48.44783319275608,0.08563212883212887,73.97152841509472,81.61150834325588,0.3272480678480678,94.65253452648928,,
2025-04-17,KZAP,16753.0,3760.0,-3.7745748523016536,-0.017139490397507985,-0.13326110483879683,1.0,0.16919275469733447,3.122806209904304,86.68839401500416,0.016770457908983846,60.57546845420866,0.11202954756267296,79.60808320893145,86.68839401500416,0.33685512083123703,95.0459791484993,,
2025-04-18,KZAP,16540.0,5170.0,-4.778232750537517,0.2831787271259675,0.28027681563918055,1.0,0.19152995575900655,3.5249949045702214,89.23522799259374,0.05450335550181379,80.14834362755494,0.11351720888274688,79.89700391515653,89.23522799259374,0.36356739074106054,96.00051700623995,,
2025-04-21,KZAP,16561.11,2610.0,-4.325202736578379,-0.49226291098198993,-0.008553846127523045,1.0,0.22220687134828288,4.077342918234204,92.02982127052421,0.041449304122730866,74.2951087398323,0.1333327108494654,83.454605561674,92.02982127052421,0.36585236591643794,96.07345001947698,,
2025-04-22,KZAP,16100.0,6490.0,-6.6336884887553795,0.41864833036891524,-0.9298245597722377,1.0,0.2638785196687371,4.827654731979685,94.76777515714633,0.08971111111111112,90.86307319752711,0.22226030020703924,93.629976726469,94.76777515714633,0.4141190821256039,97.34585947781997,,
2025-04-23,KZAP,16847.0,6220.0,-1.7017608546166338,0.26857296806585546,0.8872721403429955,1.0,0.2279305893800507,4.180400354905733,92.47174743510014,0.04647907717072709,76.67666483011905,0.17402363387669229,89.16390946730426,92.47174743510014,0.3522776552228695,95.62071947667934,,
2025-04-24,KZAP,17087.0,3540.0,-0.0475592537510478,-0.3542704951989407,0.20974811463459317,1.0,0.2054027894825826,3.7747798651477624,90.59253182641052,0.02924665340122114,67.89465145087902,0.14801089440965526,85.75065667550243,90.59253182641052,0.33922967444385926,95.13891233263136,,
2025-04-25,KZAP,17494.0,6330.0,2.7570493843727286,0.2861032771370122,0.5759151818845478,1.0,0.19826044843492827,3.64617965176902,89.91402227980201,0.03542074910944524,71.23884165795407,0.0980912937950608,76.75161014458438,89.91402227980201,0.29888606556261466,93.31258087052494,,
2025-04-28,KZAP,17300.0,1330.0,2.033239083527155,-1.2740152010568626,0.9831432788526133,1.0,0.19988197311679975,3.675375740095838,90.0717777040571,0.03163115423433343,69.21065044950242,0.09316539361409304,75.6777672787595,90.0717777040571,0.2848773304890357,92.54106707093561,,
2025-04-29,KZAP,17595.0,830.0,3.8839285372297834,-1.7455217208197156,0.9807692288831361,1.0,0.22759828380627614,4.1744170831172225,92.44671774673468,0.048204334632403686,77.45729932855198,0.08957563532659445,74.87428570574941,92.44671774673468,0.2510902579872529,90.33382062680182,,
2025-04-30,KZAP,17682.72,4290.0,4.5780141896056135,0.03679936659496439,0.5514666648284522,1.0,0.24256184980375775,4.443841039120416,93.50088339432978,0.04654463246766168,76.70666782300559,0.1123902957829801,79.67842715638758,93.50088339432978,0.22223943393539533,88.00513134711704,,
2025-05-02,KZAP,17639.87,2760.0,4.393739599333898,-0.37729374217730594,0.805371611934762,1.0,0.26660249832155575,4.8767008687651385,94.91178365473009,0.04762883201880134,77.19897472738889,0.1217267867721572,81.43622289838338,94.91178365473009,0.26482054918614617,91.29366399007243,,
2025-05-05,KZAP,18168.0,5750.0,7.502043662026674,0.35667462709429637,0.9135135122790358,1.0,0.2295294882682267,4.209189058332041,92.59111639892464,0.018739305634186743,61.772683998730294,0.11810686555115221,80.76901042928849,92.59111639892464,0.24338971399215786,89.75502617208964,,
2025-05-06,KZAP,17901.0,2080.0,5.443849403993283,-0.7492355366445294,-0.32891841967839164,1.0,0.24670284880333898,4.518401096025316,93.76749929832498,0.03593698676051617,71.50889314549818,0.14048487614418986,84.60845384629886,93.76749929832498,0.2682804154995332,91.52155253485127,,
2025-05-08,KZAP,18498.0,4440.0,8.934568467883182,0.09812936894704426,0.582446807736108,1.0,0.20863732694396828,3.8330187821835633,90.88614071849088,0.0023958556652199214,51.53609724373575,0.12230350063584737,81.54085434424478,90.88614071849088,0.22657796428442709,88.38394396346365,,
2025-05-12,KZAP,18560.93,4970.0,8.922140161730335,0.2108947328380541,0.2634776527113167,1.0,0.20168001901143104,3.7077501512548086,90.24413609541197,0.003934878123281711,52.519549673679045,0.11381591255061546,79.95464480952809,90.24413609541197,0.23286493545958317,88.91441689866906,,
2025-05-13,KZAP,18535.0,2140.0,8.08101614750608,-0.7128113481702553,0.42124541970239776,1.0,0.20079774632719735,3.691864539703404,90.15989855251381,-0.005137997396602714,46.71899825050837,0.13551553902740848,83.81393274581852,90.15989855251381,0.23917724917680405,89.4255735113703,,
2025-05-14,KZAP,18565.0,570.0,7.891835095055087,-1.9546377766805505,-0.2192455537046717,1.0,0.18806104623822786,3.4625360410705293,88.86991258277448,0.012223690038004609,57.76390927902344,0.1224540862435288,81.56809940227696,88.86991258277448,0.2325948585835268,88.89207135294528,,
2025-05-15,KZAP,18600.0,2710.0,7.45283863840829,-0.29777818564966724,-0.8383371805119234,1.0,0.19590860215053765,3.603833881385238,89.68126147866259,-0.0012447260624680835,49.20636679509851,0.16586680747567842,88.17898785233929,89.68126147866259,0.2468788786482335,90.02099295086693,,
2025-05-16,KZAP,18600.0,2120.0,6.944026769988351,-0.5433103603769476,0.19996799792004993,1.0,0.19651944444444444,3.6148322989647195,89.74216921342378,0.017679070660522274,61.12965106825102,0.1859870327700973,90.47781726095458,89.74216921342378,0.2616832693292371,91.0822477010063,,
2025-05-19,KZAP,18691.99,3470.0,7.030180968923277,0.0967520389485149,0.6981754361467641,1.0,0.19006961426466026,3.4987009728571117,89.08274005845868,0.06095777361539711,82.64748204737812,0.19989039541230522,91.82421661949694,89.08274005845868,0.25155063506257663,90.3674820622388,,
2025-05-20,KZAP,18497.77,3520.0,5.468919794305018,0.004270464772124264,0.38896040879708776,1.0,0.19573454141246074,3.60069986021372,89.66384719784756,0.07807331565089298,88.06986216794307,0.21289843709539039,92.92450647922674,89.66384719784756,0.2586163914794843,90.87111039710688,,
2025-05-21,KZAP,18850.0,2330.0,6.9362175640208825,-0.4054645978083861,0.9999999976190477,1.0,0.17512005389246776,3.2295291927705625,87.41011743441062,0.04938999831586047,77.98294033782344,0.18861862026862025,90.74703121731514,87.41011743441062,0.2131585712180539,87.1776460013203,,
2025-05-22,KZAP,18635.01,1740.0,4.980150281784924,-0.582343170141966,0.49618202063574396,0.0,0.19539174335156317,3.594527667723454,89.62947519021209,0.04002540976762616,73.59273798562319,0.20522561111227397,92.29319977951776,89.62947519021209,0.2115124972117895,87.02253589506104,,
2025-05-23,KZAP,18987.0,12020.0,6.550921752922834,1.350341972637218,-0.36222930816076454,0.0,0.17290890446345494,3.1897167158129243,87.14488206232527,0.0048571748966084564,53.10802121866297,0.17992447069047243,89.8308039370894,87.14488206232527,0.19657340247838756,85.5408102534998,,
2025-05-26,KZAP,19890.01,4030.0000000000005,8.934568467883182,0.25753695709394353,0.7802397594602968,0.0,0.11783530821363207,2.1980983959921523,78.8991817478463,-0.027655575518117335,33.00508193436615,0.1233765780549019,81.73432413506588,78.8991817478463,0.1427151066233195,79.01734299773754,,
2025-05-27,KZAP,20000.0,2830.0,8.829163806538707,-0.09595232586281076,0.7777777760493827,0.0,0.12159106349206347,2.2657220122521515,79.56675636174616,-0.008004761904761905,44.897132826785246,0.10713442063492071,78.63566219818074,79.56675636174616,0.1512280158730158,80.17656057672966,,
2025-05-28,KZAP,19839.99,3800.0,7.197994052723216,0.3071686277120255,-0.2037143178845678,0.0,0.13078301650689667,2.4312261671486946,81.13392272744933,0.005885371560407051,53.763037438383144,0.1256407812183516,82.13737285624647,81.13392272744933,0.17981271418831593,83.71395209344408,,
2025-05-29,KZAP,19439.0,2780.0,4.078260432192146,-0.005381172366964131,-0.29084967272736983,0.0,0.11847666246549034,2.209646191468458,79.01430198194024,0.05413330446810821,79.99716534587557,0.1496903580145298,85.99569209169434,79.01430198194024,0.2003540278420815,85.92857506174727,,
2025-05-30,KZAP,19138.0,1320.0,2.154438011552101,-0.7537704150795879,-0.6374773403416542,0.0,0.18338080433343784,3.3782667372660304,88.35987766955647,0.07589902927276738,87.47244817135973,0.16749991842872236,88.3821966560497,88.35987766955647,0.2620534953727895,91.10743561416288,,
2025-06-02,KZAP,19401.11,1190.0,3.4416900626577296,-0.8574485464332938,0.34071135590949986,0.0,0.15007079651873623,2.7785090270086865,84.1189516318899,0.07941427909361229,88.42590752850049,0.14479072118811756,85.27083775288371,84.1189516318899,0.22914725981805012,88.60334682378534,,
2025-06-03,KZAP,19901.0,2250.0,5.652498668137378,-0.207916826274506,0.999999997983871,0.0,0.14622501284134243,2.7092644196423454,83.55603098455866,0.04788093297935894,77.31239078932597,0.11765720915755219,80.68486802071644,83.55603098455866,0.20984049461501098,86.86335097139823,,
2025-06-04,KZAP,20017.0,5180.0,5.78395116462826,0.6350234156765175,-0.463999998144,0.0,0.13055507620110207,2.4271220265360833,81.09620109900928,0.06040202322073856,82.44246773831172,0.11712864941783618,80.58560306942255,81.09620109900928,0.2039689797798855,86.29117717986621,,
2025-06-05,KZAP,20550.0,2910.0,7.730681180055009,0.05837193858354263,0.8290569055384595,0.0,0.10077761267524041,1.890968944828908,75.66833828375816,0.022671173676283216,64.12008682324036,0.08780095875333102,74.4706112799436,75.66833828375816,0.1664464488471788,82.12733246412706,,
2025-06-09,KZAP,20648.0,1910.0,7.671309300760715,-0.38429974296596286,0.017301038002418553,0.0,0.09781143505962375,1.8375619355944743,75.07351913022633,0.05880334464923771,81.84210002533712,0.08158541386075288,73.02356526286992,75.07351913022633,0.2193850008917425,87.75011863618043,,
2025-06-10,KZAP,21000.0,5860.0,8.934568467883182,0.7583679109804473,-0.9999459520079372,0.0,0.08617468253968247,1.628038356824522,72.64773782633,0.05880317460317461,81.84203532493135,0.07275619047619045,70.88132788211252,72.64773782633,0.19879047619047618,85.76927253792444,,
2025-06-11,KZAP,20914.0,2930.0,7.36453583742316,0.06522127367975662,0.7155963286339534,0.0,0.09393753686677565,1.7678111170765876,74.28217470091167,0.08086765757273551,88.80133609108556,0.0772312085319927,71.97959098161199,74.28217470091167,0.21197302262781365,87.06609150797307,,
2025-06-12,KZAP,21287.0,3870.0,8.748613352752228,0.32185064690981413,0.999999998137768,0.0,0.08050059138858875,1.5258744685570012,71.41293517401608,0.06211006756862561,83.06652505750016,0.02524629220755495,57.88891790456622,71.41293517401608,0.209808747122657,86.86031244311243,,
2025-06-13,KZAP,21078.88,1700.0,7.11226799482883,-0.5236829541472521,-0.16123943616551697,0.0,0.0934069254334648,1.758257282683957,74.17251386616854,0.07139576508326873,86.15345925921054,0.07819591639397962,72.21300891067665,74.17251386616854,0.22288893146516978,88.062512839111,,
2025-06-16,KZAP,21926.0,11640.0,8.934568467883182,1.4001345231099034,0.3400143161488802,0.0,0.055492681878005316,1.0755987847497284,65.59639242907002,0.03221240192480052,69.52686677770647,0.02099104795495382,56.63651603015107,65.59639242907002,0.17412871998019314,83.0535475233111,,
2025-06-17,KZAP,22300.0,5850.0,8.934568467883182,0.6948573821893814,0.33630289457393564,0.0,0.030978948679621327,0.6342209089260774,59.400153997464415,0.012524031959570078,57.9514054211167,0.02642973699195672,58.235503635202576,59.400153997464415,0.21072856253114103,86.94810584111042,,
2025-06-18,KZAP,22670.0,3940.0,8.934568467883182,0.2995967539026811,0.873417719676334,0.0,-0.008293194978329518,-0.07288702957144612,48.906868769290924,-0.006166352637217216,46.064201630964185,0.001610651094726967,50.84851293152146,48.906868769290924,0.15195366000098032,80.27310829056894,,
2025-06-19,KZAP,22675.0,11540.0,8.934568467883182,1.3742346205348375,0.8114759044543476,0.0,-0.017513444811956387,-0.23890067805146947,46.422612956353746,-0.015206509774067588,40.39058160031843,0.0014258767784953042,50.79296983518681,46.422612956353746,0.17814797168407973,83.52270596596829,,
2025-06-20,KZAP,22649.0,2440.0,8.604379700760878,-0.32142942082517356,-0.9999999929078015,0.0,-0.03389348820193891,-0.5338287781030082,42.06033033478755,-0.005770656593689619,46.31600949816865,0.004749023556175088,51.79147525434911,42.06033033478755,0.15746129388662172,80.99434343105652,,
2025-06-23,KZAP,22699.99,3320.0,8.37302675912279,-0.01346316204433651,0.32881490970194815,0.0,-0.0054007686380213565,-0.0208079364471988,49.68788500737639,-0.007525884765266416,45.200648209454606,0.009011542089728907,53.07003273484726,49.68788500737639,0.1728249657322763,82.8990964702314,,
2025-06-24,KZAP,22648.0,3040.0,6.291292342689299,-0.027576731403703453,0.3199093201763238,0.0,0.010126983706469757,0.2587743813769591,53.87383659686422,-0.005639107135848569,46.399765493656886,0.01432209831065359,54.657142965426885,53.87383659686422,0.17674463816139901,83.36009373090991,,
2025-06-25,KZAP,22600.0,3320.0,5.462728166555616,0.10636490036272808,-0.3700793667687075,0.0,0.01686965865992415,0.38017847451285175,55.67807789833365,-0.009272864868661329,44.09529279243857,0.02220675305520438,56.99526076980672,55.67807789833365,0.18192400266891423,83.95392103557823,,
2025-06-26,KZAP,22399.99,4590.0,4.052680486227812,0.36699843706312835,0.045127895760779156,0.0,0.026505823676069098,0.5536808134463854,58.22966387800865,0.0013414702270239816,50.86159951104246,0.033381320298137576,60.25393087583223,58.22966387800865,0.17954578214044264,83.68340766172231,,
2025-06-27,KZAP,22588.0,1050.0,4.307314307053059,-1.1080884305718741,0.8773997579274991,0.0,0.026495335070454602,0.5534919626324757,58.226907832313536,-0.001662729543148279,48.938901842634195,0.02956530304052447,59.149782220515675,58.226907832313536,0.1790814645225306,83.63016699228972,,
2025-06-30,KZAP,22599.0,3980.0,3.9289396805036847,0.2244003701421048,0.68999999655,0.0,0.02970365123614825,0.611258756564862,59.06747013351591,-0.0021501204225218558,48.62711623205057,0.02263612454406959,57.12179149489022,59.06747013351591,0.20427658050609065,86.32166576855352,,
2025-07-01,KZAP,22590.0,1900.0,3.492934675686852,-0.5581099680622802,0.6850034657299955,0.0,0.02640440144185164,0.5518546725669887,58.203011442490414,-0.0026362945045215963,48.316215401848,0.0008253098716246125,50.61242681641557,58.203011442490414,0.22025875545437307,87.82867067133266,,
2025-07-02,KZAP,22460.0,4250.0,2.65231906110962,0.24695392575380484,-0.11553784814526753,0.0,0.04625564389602681,0.9092828601048103,63.3107121781076,0.012056973950161821,57.65973547361527,-0.0023902885553152703,49.64559497387326,63.3107121781076,0.27200985950331463,91.76112397833049,,
2025-07-03,KZAP,22498.99,2490.0,2.4503875560951456,-0.36726075470947744,-0.09691690816663504,0.0,0.056633580169986666,1.0961410359266628,65.87400791707219,0.010298664052552777,56.5570652473968,-0.021788045813654476,43.84444219074781,65.87400791707219,0.26568828791729115,91.35133400120151,,
2025-07-04,KZAP,22619.99,3640.0,2.357035748861439,0.09201878945254136,0.1533333325220628,0.0,0.04778846875042819,0.9368818786945198,63.69450359681414,-0.02606783572795995,33.910084983454475,0.0037232295679722454,51.48337055944761,63.69450359681414,0.23858715492113133,89.3786838270999,,
2025-07-08,KZAP,22620.0,4660.0,2.0020686197412636,0.29198285143475955,0.143208660242706,0.0,0.042483354385078526,0.8413615395185213,62.35906566247338,0.013719530756599721,58.6954046731231,0.016941170898067452,55.43660756023492,62.35906566247338,0.2185567544524441,87.67525554011392,,
2025-07-09,KZAP,22600.0,2790.0,1.6460916425318974,-0.29704629325847576,0.6423057920651677,0.0,0.025724817390082803,0.5396185368961831,58.02430275792363,1.6392751790981954e-05,50.013522991106164,0.022410928501193986,57.05544037235835,58.02430275792363,0.23528966146930747,89.11327595921222,,
2025-07-10,KZAP,22799.98,9520.0,2.0886718630191288,1.006361798960083,0.2071470246742457,0.0,0.0034092924204319683,0.13782012743795186,52.06612470252655,0.013492934343217279,58.55467979910928,0.013715186329110767,54.476178707621436,52.06612470252655,0.2283146456707418,88.5326448068473,,
2025-07-11,KZAP,22800.0,10190.0,1.651555411667821,0.9983178091785797,-0.9996165548349557,0.0,0.010254406850459558,0.2610686772383784,53.90804262768165,0.00567827903091061,53.63120550935256,0.022321700083542187,57.029143336203916,53.90804262768165,0.2600384294068505,90.96956321155277,,
2025-07-14,KZAP,22100.0,24640.0,-1.8435506297863418,1.8720040495607029,0.7999979991799941,0.0,0.044827384543561014,0.8835665779696121,62.95157517408969,0.037670024420024414,72.40421473013583,0.058915531853767154,67.33030753150413,62.95157517408969,0.321182909574086,94.38914737035911,,
2025-07-15,KZAP,23000.0,31600.0,2.4520200514932595,2.0769117834127075,0.6694490806853939,0.0,0.01626433747412002,0.36927946631124126,55.51664174868088,-0.0009304520358868183,49.40748986810171,0.01331982401656315,54.358228747748896,55.51664174868088,0.2542167529330573,90.56036822244576,,
2025-07-16,KZAP,22670.0,4120.0,0.2262684229758797,0.03960907006044664,0.2972078649801509,0.0,0.04794822592615934,0.9397583594941251,63.73440464682039,0.02021707416976488,62.662074266898024,0.04193625149662865,62.69019691794492,63.73440464682039,0.27078743392078203,91.68328471244298,,
2025-07-17,KZAP,23178.0,25030.0,2.4035926177941116,1.8438296238397938,0.9172932313584714,0.0,0.020726051078814478,0.4496140957794017,56.70360607285119,0.0006927355168488999,50.44642778284674,0.030687887015190925,59.475610779660016,56.70360607285119,0.26208457116559625,91.10954689781086,,
2025-07-18,KZAP,23000.0,5530.0,1.2359700828027242,0.3114704120073738,-0.9999999974937344,0.0,0.06390025879917184,1.226979988593991,67.61617135044379,0.014071135265700484,58.913482539398345,0.035728588681849555,60.92802995148215,67.61617135044379,0.2953141097308488,93.12320098079529,,
2025-07-21,KZAP,23001.0,3270.0,1.1799704288830104,-0.21392644829993152,-0.490645320206882,0.0,0.05098260546642899,0.9943933669443676,64.48863040914384,0.015913314017403014,60.050169983719925,0.03047178311087924,59.41295079506992,64.48863040914384,0.27525124037050147,91.96432121878001,,
2025-07-22,KZAP,23050.0,5350.0,1.3639848258021432,0.2783792210178735,0.19993599407978102,0.0,0.05955459835416452,1.1487349346584834,66.5798053435485,0.018547759356815824,61.65680856393709,0.010906049650518126,53.637105816366905,66.5798053435485,0.20298202062459114,86.192966241835,,
2025-07-23,KZAP,23198.76,4270.0,1.9663220772273868,0.020107086445113914,0.8159999962908946,0.0,0.053840458886595735,1.0458499632041207,65.19246430753834,0.005745834106157961,53.674215703100224,-0.008586370472264088,47.78399939760762,65.19246430753834,0.19293547118158788,85.15933811510847,,
2025-07-24,KZAP,23266.0,2160.0,2.197886973677383,-0.6791591562967643,0.08148148117969822,0.0,0.0460905114623287,0.9063095960072771,63.26926411492625,-0.01874435377463401,38.22998843412382,-0.004775773320015915,48.928483873155606,63.26926411492625,0.14517023973261617,79.35669127635472,,
2025-07-25,KZAP,23395.0,7580.0,2.7170712133807937,0.5762432423985246,0.10634495039642743,0.0,0.09201480602285801,1.7331917121576774,73.88336102106649,-0.032887532015727146,30.113245148904067,-0.008451940873948781,47.82434182456872,73.88336102106649,0.16161991072912743,81.52542777091725,,
2025-07-28,KZAP,23438.38,2120.0,2.7243684038885254,-0.6978511994106261,0.5891999980360068,0.0,0.09041128164337481,1.704319725230187,73.54771499730288,-0.05161726434496662,21.057621586499558,0.0024962992796903477,51.11470698653318,73.54771499730288,0.16126204850050782,81.48018135574145,,
2025-07-29,KZAP,23548.99,2800.0,3.1648633206597414,-0.4196487694630769,0.8658735074147047,0.0,0.09238028347955221,1.739772254672016,73.9594754462126,-0.026485701674719548,33.67072729028138,0.013728211305789984,54.480063652019965,73.9594754462126,0.18188781202337406,83.9498318101823,,
2025-07-30,KZAP,23404.0,1700.0,2.446450073926434,-0.9186381182201675,-0.1680467211966535,0.0,0.11723293969556145,2.1872525515498795,78.79063860500672,-0.007654407739282119,45.11915351916185,0.01627577337207315,55.2388157508771,78.79063860500672,0.21936920625425585,87.74869466556116,,
2025-07-31,KZAP,22902.0,5100.0,0.20913554992549208,0.1799710745696515,-0.2524752472122831,0.0,0.14282021709478482,2.647959945857501,83.04438205742053,0.018664667049249184,61.727547413818684,0.0741130603066482,71.21700374521764,83.04438205742053,0.2787014112928378,92.17557328789003,,
2025-08-01,KZAP,22698.0,2710.0,-0.7360489287495381,-0.499319429566207,0.32445901092189994,0.0,0.1532506891733696,2.83576404622142,84.5725117985009,0.02823480388454608,67.32734208403863,0.07083640534723008,70.40247601289369,84.5725117985009,0.3050206814949083,93.62656735436111,,
2025-08-04,KZAP,22301.0,2680.0,-2.4845426396561847,-0.5104512355465829,-0.9999999988876406,0.0,0.2310514895410057,4.236593194754003,92.70312437944904,0.055395333275680574,80.50920805885052,0.10133591829464549,77.440651858057,92.70312437944904,0.3203858388085665,94.35363931876975,,
2025-08-05,KZAP,22998.0,2009.9999999999998,0.5803822435147067,-0.7981323336942078,0.5951903795687568,0.0,0.15534366518413617,2.873448771689629,84.86522409182982,0.026969503662844386,66.61074756601563,0.06877004832718374,69.8820014983067,84.86522409182982,0.23391651655009338,89.00104779543007,,
2025-08-06,KZAP,23297.0,3590.0,1.847571560535984,-0.15574082574119294,0.6703910595799133,0.0,0.16602609929679618,3.0657895318306756,86.2886453220861,0.01014439586539857,56.45999374254011,0.050237739224547606,64.99439547945025,86.2886453220861,0.2092888245029164,86.81046612428085,,
2025-08-07,KZAP,23400.0,3550.0,2.232445783389457,-0.16694539867077474,-0.49999999875,0.0,0.13943553113553114,2.5870175554457457,82.52327722389798,0.01893275335775336,61.88957398069079,0.09733583638583643,76.58908901629911,82.52327722389798,0.20763415750915748,86.65076081356172,,
2025-08-08,KZAP,23408.76,2390.0,2.1914963026470065,-0.4780764485248827,0.05109685204722861,0.0,0.15650663412614202,2.894388412221625,85.0258894758667,0.030298434167786995,68.47879785825775,0.09736770757125605,76.59596135761973,85.0258894758667,0.16007436596995564,81.3294028370703,,
2025-08-11,KZAP,23605.0,4940.0,2.9758658479344025,0.3247991830838472,0.6239316212652495,0.0,0.14782735556765952,2.738115130513668,83.79249554145373,0.0187420147399495,61.77432190908533,0.09529371610467244,76.14583201733574,83.79249554145373,0.19621114490136943,85.5031924260913,,
2025-08-12,KZAP,23689.0,1230.0,2.4793990000667616,-1.065548162429626,0.9999999947089947,0.0,0.14616718649805321,2.708223237201422,83.54744572216158,0.010053059420117971,56.40249792283315,0.10911100098699617,79.03232571541179,83.54744572216158,0.20696361810149644,86.58557724196373,,
2025-08-13,KZAP,23605.0,1650.0,1.9070791851648272,-0.7259355624475045,-0.31944444222608026,0.0,0.13770823801454496,2.5559170713825536,82.25251634132204,-0.003286792716098016,47.90043984827695,0.11377037451710191,79.94586533494335,82.25251634132204,0.21219038154413072,87.0866056274082,,
2025-08-14,KZAP,23915.0,12130.0,3.1083246079223814,1.3854691909245804,0.9999999962264151,0.0,0.1318588312110683,2.4505965667962863,81.31117850639154,-0.02879147460085156,32.36521724916594,0.09915318779473599,76.97872206109204,81.31117850639154,0.18732102220496527,84.55434388910247,,
2025-08-15,KZAP,24190.0,4670.0,3.760888880163935,0.4309472044314467,0.9484240660503609,0.0,0.14286957978175424,2.648848737366456,83.05188961191871,-0.03341520666417311,29.82968562685686,0.13899842336135226,84.37419473906293,83.05188961191871,0.1375434335977742,78.28916814328585,,
2025-08-18,KZAP,24120.0,7040.0,3.1210645314949677,0.8413960343097642,0.09808227735172347,0.0,0.16074325989102115,2.970670260670778,85.59932301886353,-0.028780602937692492,32.37131070077333,0.10626844349680177,78.46016336139208,85.59932301886353,0.11975887230514096,75.64740159633692,,
2025-08-19,KZAP,24000.0,1210.0,2.256212501191503,-0.9646852352375461,-0.2559892066056163,0.0,0.2082478174603175,3.826005535073642,90.85122527488511,-0.011406944444444504,42.753016074185076,0.13686071428571428,84.03221737659582,90.85122527488511,0.09520950396825403,71.65793605211958,,
2025-08-20,KZAP,23600.01,1950.0,0.38831508184772334,-0.3455875041438909,-0.15939130411682884,0.0,0.22518329048377536,4.130934329422082,92.2625104267109,0.021363851625486686,63.34644092973101,0.13515658230300193,83.75527856249046,92.2625104267109,0.13292122716614677,77.62304970612715,,
2025-08-21,KZAP,23300.0,1300.0,-0.974244522826662,-0.7290324823833101,-0.49999999875,0.0,0.2216658508754002,4.067601665640584,91.98684491055393,0.030718948838476735,68.71073490036274,0.16752796512023982,88.38565987360275,91.98684491055393,0.17205099461816198,82.80687956183164,,
2025-08-22,KZAP,23456.08,2670.0,-0.326742105169747,-0.00931971938046194,-0.05820089530884647,0.0,0.19409521952490139,3.5711833273108544,89.4985586018399,0.05828077873930455,81.642422784638,0.1607692528996982,87.52481203876947,89.4985586018399,0.14298582057690196,79.05496114398336,,
2025-08-25,KZAP,23500.0,2250.0,-0.19296927128771535,-0.1730189260260506,-0.6489722662780434,0.0,0.20684925700776763,3.800823991456364,90.7248657862221,0.043694224924012155,75.37737450524544,0.16107195710908484,87.56451006435198,90.7248657862221,0.1397889311043567,78.60755889725924,,
2025-08-26,KZAP,23800.1,5910.0,1.073663817334197,0.7926957597382233,-0.33311111074099087,0.0,0.19542150883319626,3.5950636050672182,89.63246374701133,0.0409950060600653,74.07234812078207,0.13376639928583742,83.52650287418824,89.63246374701133,0.1393921456045637,78.5515465547415,,
2025-08-27,KZAP,24177.02,2420.0,2.582558729979451,-0.10018170097048523,0.17743068270700796,0.0,0.20641697369145487,3.7930405873390054,90.68549325519677,0.02587023498852306,65.98188083578462,0.12493498017263224,82.0124856963544,90.68549325519677,0.14448951460243373,79.26301017340549,,
2025-08-28,KZAP,24088.0,1890.0,2.0985279071580654,-0.34737199696786253,-0.29597183768962476,0.0,0.2293004699698987,4.205065508107246,92.57412605019833,0.025191027475974338,65.59047019713306,0.15334961226824395,86.5173686761415,92.57412605019833,0.14457397584518142,79.27465073052184,,
2025-08-29,KZAP,24896.0,4680.0,5.2316035317125325,0.6091668487676842,0.7785731936210024,0.0,0.17610679397723097,3.2472957744282085,87.52696130494692,0.040488911076427186,73.82271658069533,0.1295455178622435,82.81604356094614,87.52696130494692,0.09336271702982826,71.3423242880188,,
2025-09-02,KZAP,24600.0,3300.0,3.4572158630890573,0.2597915031116384,-0.7059827027884524,0.0,0.18840553619821918,3.4687386967636886,88.90667075977802,0.05347800038714673,79.72733704151808,0.1838950735578785,90.25882944253367,88.90667075977802,0.11110251645373595,74.28522705460882,,
2025-09-03,KZAP,24850.0,7400.0,4.0960003641564215,1.0673484378819893,0.8390804578411943,0.0,0.19491861725911022,3.586008875910162,89.58186932279078,0.04965079923988372,78.09737382762829,0.16819019114688136,88.46717160302327,89.58186932279078,0.10287312765481788,72.94490734571124,,
2025-09-04,KZAP,24878.0,1230.0,3.7004260980088364,-0.8865837570021526,0.988826810118286,0.0,0.21496352087073808,3.946923996654536,91.43664595936292,0.0653766283909925,84.21063209176651,0.14857724674187808,85.8336850555523,91.43664595936292,0.11158067726058726,74.36175602169452,,
2025-09-05,KZAP,24770.0,830.0,3.041873980159944,-1.120457231915503,0.0867579904714247,0.0,0.20177133373063932,3.709394302982716,90.25281780892816,0.07068326460580195,85.93440169395441,0.13536443374281487,83.78926271939235,90.25281780892816,0.14946275496472305,79.94020709951117,,
2025-09-08,KZAP,25981.97,12570.0,7.902102877719865,1.6537619238593577,0.9699246858022815,0.0,0.08319350957392543,1.5743613513500774,72.0031287648628,0.020596403711240222,62.889025161832194,0.09538914584913216,76.1666735363339,72.0031287648628,0.15660232477132743,80.88320249137568,,
2025-09-09,KZAP,25993.0,1740.0,6.55828614625737,-0.380244798092791,0.9299964951747768,0.0,0.08088288270834822,1.53275775023816,71.4971733061678,0.06903436836474289,85.41633041909607,0.09862811993338864,76.86661828956433,71.4971733061678,0.1568182078019784,80.91118193992745,,
2025-09-10,KZAP,26162.8,3140.0,6.879623004961999,0.2962104802183169,0.3189801690680407,0.0,0.034459196803361444,0.6968839277231051,60.30357741824902,0.02885440957486963,67.6753487249038,0.11909492695432587,80.95292057909498,60.30357741824902,0.10957618751548612,74.03994284470956,,
2025-09-11,KZAP,26584.0,2160.0,8.25420013988855,-0.16402214823430927,0.9851816982590037,0.0,0.03801129465629165,0.7608406246633916,61.218458978941094,0.035101413787503165,71.07103082115172,0.11780506856970892,80.71256722325373,61.218458978941094,0.12410188548786955,76.3121154867462,,
2025-09-12,KZAP,26600.0,1050.0,7.99431556447929,-0.8853382343179591,-0.8433107477611388,0.0,0.039019089390142016,0.7789863022431109,61.47662405262921,0.015683103592314118,59.90868586852369,0.10525359231411863,78.2531657191193,61.47662405262921,0.12936652046783625,77.10096108004073,,
2025-09-15,KZAP,26600.0,1850.0,7.319394481933118,-0.23282586238083944,-0.4694960187294641,0.0,0.062272598162071854,1.1976734203633992,67.22995458136904,0.031095843776106937,68.91782097768447,0.10332911445279871,77.85669938021387,67.22995458136904,0.11239922723475354,74.49241695312206,,
2025-09-16,KZAP,27870.0,8630.0,8.934568467883182,1.3645158720255988,0.5967940810130739,0.0,0.03810131734071454,0.7624615128775597,61.24154581162706,-0.015098498129068636,40.45718220288447,0.06908629179694842,69.96199408524917,61.24154581162706,0.025671125292599996,58.52494096020534,,
2025-09-17,KZAP,26999.99,4320.0,6.571897363134465,0.6725271364467177,-0.024500168265134306,0.0,0.09907845659431366,1.8603750774802283,75.32878301596648,0.01891244202430245,61.87730738607018,0.12367729941663638,81.78825922326067,75.32878301596648,0.013714306290425013,56.071952837569064,,
2025-09-18,KZAP,27600.0,2190.0,8.41150314936633,-0.06411024621950237,0.6977928680852413,0.0,0.08665148378191856,1.636623320925466,72.74997239678784,-0.01408409247757074,41.08435522064002,0.08227836438923396,73.18742804095896,72.74997239678784,-0.06544635955831608,39.65616395796515,,
2025-09-19,KZAP,27100.0,2200.0,5.963753626913261,-0.05955443676656945,-0.549448072652743,0.0,0.09999687811163827,1.8769115607301232,75.51271291067931,0.012237850699935571,57.77275450745354,0.04339679903941899,63.10014196833268,75.51271291067931,-0.00135602266736954,52.93892622179093,,
2025-09-22,KZAP,27510.0,4380.0,7.201565137568805,0.6290361091312415,-0.9738605881805309,0.0,0.045493678056464315,0.895563413091393,63.1192962835687,0.018298333939173635,61.50572076838946,0.02588932812310675,58.07733728032116,63.1192962835687,-0.03330748818611415,46.250204121478774,,
2025-09-23,KZAP,27536.0,2580.0,6.519948758214151,0.09977735705429909,-0.1820391817788649,0.0,0.037487086918827135,0.7514020909329331,61.08392311316862,0.030046913016610926,68.33962759058659,-0.012444247299927137,46.62768517702299,61.08392311316862,-0.0433522207004049,44.1638249028586,,
2025-09-24,KZAP,27594.99,1040.0,6.216415101436166,-0.8770679278377123,-0.03553299474348734,0.0,0.03849218970286163,0.7694992990656719,61.34172860988449,0.06403681557516677,83.74914775752498,0.004899835212064574,51.83676171235727,61.34172860988449,-0.03973580424381388,44.9130061630228,,
2025-09-25,KZAP,27298.0,2880.0,4.233803459772643,0.2205424714543839,-0.6737588640536191,0.0,0.009635394098294312,0.2499231478550179,53.741838210382454,0.07233049790263145,86.43649212911808,0.01759163329018813,55.62979360327929,53.741838210382454,-0.013007939706031146,50.499278853978645,,
2025-09-26,KZAP,27517.0,1630.0,4.6103316930006155,-0.3827126677366055,-0.1501564921495246,0.0,0.0410106836985621,0.8148456166216683,61.984900287364184,0.04724495311988948,77.02550782437274,0.03186763001053894,59.817131892799445,61.984900287364184,-0.025349401279209156,47.912911768451394,,
2025-09-29,KZAP,28100.0,3160.0,6.469172206441315,0.2792783058351915,0.6580310869464058,0.0,0.031763328249449246,0.6483439225677915,59.60434762735283,0.009337658871377733,55.95157314338487,0.03508282918149466,60.74298153172657,59.60434762735283,-0.047601840083601646,43.286876278624796,,
2025-09-30,KZAP,28449.99,4870.0,7.058632137609777,0.7117998437266648,0.26675136067740807,0.0,0.019477993863718596,0.42714241274167836,56.37229543201627,0.009297374434176244,55.926151474164634,0.04771259031574848,64.30030714234405,56.37229543201627,-0.05493319341739167,41.784118853971194,,
2025-10-01,KZAP,29448.9,12090.0,8.934568467883182,1.6210841262623403,0.5799533744238338,0.0,-0.022783583912666258,-0.3337912760171777,45.009799457700026,-0.021776754770854948,36.41405819498742,0.022853508947460025,57.18581674455494,45.009799457700026,-0.08952200905636548,34.938873560846694,,
2025-10-02,KZAP,29357.99,8350.0,7.061554230178127,1.2509670598535405,-0.21690054554145505,0.0,-0.04921041086759778,-0.8096150378135168,38.089078305351975,0.0059082120717608546,53.77757417036529,0.019539973243918825,56.20740636753588,38.089078305351975,,,,
2025-10-03,KZAP,28903.03,3450.0,4.501843354491723,0.23407230972068346,-0.26387214587774444,0.0,-0.051625532704625665,-0.8531001054552318,37.47575846076362,0.03708083772375292,72.10178882624432,-0.0001919664920175014,50.306578227882305,37.47575846076362,,,,
2025-10-06,KZAP,28450.0,6370.0,2.5693778047020257,0.7496586523625103,-0.5988538673368856,0.0,-0.06181592532150523,-1.0365814956885164,34.933833500365886,0.04253269241498592,74.82126286966562,0.00916508982620577,53.116024897724934,34.933833500365886,,,,
2025-10-07,KZAP,28803.0,1940.0,2.581881680337687,-0.4392513903255641,0.5452879742482385,0.0,-0.058445911842847045,-0.9759032881438052,35.765838520374494,0.02792726204115647,67.15389448858859,-0.0002617568358454711,50.285594354150696,35.765838520374494,,,,
2025-10-08,KZAP,28898.82,3140.0,2.6879386650853827,0.042282667324035565,0.9947321406367573,0.0,-0.0422811148146731,-0.6848507700440233,39.869382954319406,0.04054083300435303,73.84839836912688,-0.04178005432154569,38.03822369678128,39.869382954319406,,,,
2025-10-09,KZAP,29622.22,3670.0,4.849552319458805,0.1982513494587589,0.9999999990217274,0.0,-0.08279631567328488,-1.4143403646652737,29.972573642979693,0.03301455904433509,69.96025112834863,-0.02878591513263755,41.784099132057996,29.972573642979693,,,,
2025-10-10,KZAP,30064.55,2430.0,6.009298198111227,-0.25951082022401945,0.6176492089349606,0.0,-0.09735034835231372,-1.6763905377886894,26.77958714413773,0.0024663322427170378,51.58116438375314,-0.03134658726502573,41.0368929762615,26.77958714413773,,,,
2025-10-13,KZAP,29750.0,3340.0,4.627942913681514,0.05856828085822115,0.1780258901582118,0.0,-0.07595644257703081,-1.2911861868133674,31.54607507740441,-0.04068666199813257,26.08423198410477,-0.020283753501400558,44.2903829455754,31.54607507740441,,,,
2025-10-14,KZAP,29699.97,3090.0,4.107020770494669,-0.05048383958393251,0.2910891731644106,0.0,-0.05520346232793216,-0.9175219119667608,36.57453631180216,-0.040653500851700435,26.100605060526572,-0.02551741158444662,42.74331424054871,36.57453631180216,,,,
2025-10-15,KZAP,30165.0,3770.0,5.291931319093531,0.17967234730729076,0.9999999981651376,0.0,-0.07348131921258476,-1.2466207718208968,32.126325137185326,-0.0895471547362522,9.173857181980715,-0.06943491175518773,30.564959121119468,32.126325137185326,,,,
2025-10-16,KZAP,30698.89,3780.0,6.53198082865286,0.1823213542280428,0.51017514626107,0.0,-0.10022803266885083,-1.7282041958980106,26.174423256279205,-0.08788228437329827,9.535265558286355,-0.10247636402907633,22.8300141871033,26.174423256279205,,,,
2025-10-17,KZAP,30240.0,5680.0,4.485857045067315,0.5582957219585306,0.5545559996570806,0.0,-0.0828984126984127,-1.416178655378244,29.949428403590517,-0.07250145502645503,13.51510681998892,-0.11268141534391529,20.739940634727816,29.949428403590517,,,,
2025-10-20,KZAP,28639.86,6150.0,-1.5192119679276794,0.5941477821917006,-0.278265982589373,0.0,-0.02755371391563396,-0.4196790447659762,43.737867987165096,0.0011511594829224318,50.73981581588263,-0.04705112033086222,36.55576433470723,43.737867987165096,,,,
2025-10-21,KZAP,28593.0,2050.0,-1.8489445303551293,-0.5044631618955667,-0.3799793313777848,0.0,-0.017185038795709207,-0.23298761908628324,46.51086590804834,0.027329065055882812,66.81518236475044,-0.025841789074248944,42.64786176957836,46.51086590804834,,,,
2025-10-22,KZAP,27566.0,2740.0,-5.492241814959631,-0.21434554882087686,-0.5722772271561611,0.0,0.049760478689528966,0.9723885700246191,64.1856989093371,0.09214138108942578,91.36668797039513,-0.006825372842551613,48.31268570981474,64.1856989093371,,,,
2025-10-23,KZAP,28105.0,3060.0,-3.53665970955104,-0.10388870867578096,0.31304347798865784,0.0,0.08723763614619774,1.6471771881541266,72.8753257662266,0.08286215086283578,89.29919025150836,-0.0269171020379924,42.331831625676166,72.8753257662266,,,,
2025-10-24,KZAP,28150.0,3630.0,-3.4658103259270585,0.06692880645297773,-0.7999879995466795,0.0,0.08616832304265691,1.62792385197674,72.64637262335056,0.07437489427387296,87.03853786644473,-0.016195882319772197,45.50666836809665,72.64637262335056,,,,
2025-10-28,KZAP,28770.0,4500.0,-1.301054887677745,0.23995040820714833,0.9425287345488176,0.0,0.02645972656702586,0.5528508197483036,58.21755075608016,0.01503847178774186,59.51163129347828,-0.017910349322210636,44.99581588500051,58.21755075608016,,,,
2025-10-29,KZAP,29471.5,5270.0,1.0422173416989144,0.36730282397331215,-0.09686128912491519,0.0,0.031127528640125555,0.636896140267897,59.43885827224729,-0.015691961597820273,40.09168940161242,-0.04509821699548851,37.10221113657941,59.43885827224729,,,,
2025-10-30,KZAP,30200.0,4440.0,3.3358417658170443,0.19592699314282594,0.18208955196703053,0.0,0.011081159991590456,0.27595464104934714,54.12988907275358,-0.03647074003994534,28.218412805512827,-0.078905933985073,28.20232703334912,54.12988907275358,,,,
2025-10-31,KZAP,30530.0,3580.0,4.393311525256163,-0.019364345526117818,0.37483787240617655,0.0,-0.01479480175627408,-0.18995061045756745,47.15382098595185,-0.08297201672567706,10.676271348786276,-0.08566946095175705,26.584747691628706,47.15382098595185,,,,
2025-11-03,KZAP,30340.0,3370.0,3.5733670407753064,-0.06740895279044913,0.009591115583941568,0.0,-0.03980818030574128,-0.6403247661191994,40.511554765705334,-0.04128113836833349,25.79184313139805,-0.07705341029182487,28.65566380953609,40.511554765705334,,,,
2025-11-04,KZAP,29301.0,4059.9999999999995,-0.1920262735360569,0.118861084745898,-0.43580131168153574,0.0,-0.04769880017909346,-0.7823979872988142,38.47490825245477,0.005121416179522558,53.276468427508384,-0.035293935360567866,39.893223670289366,38.47490825245477,,,,
2025-11-05,KZAP,29109.6,3500.0,-1.0977728062214693,-0.029558771579995122,-0.47989179950480393,0.0,-0.09454890129520349,-1.6259495567560147,27.377172917746158,0.01244069133795827,57.899400653919976,-0.000860839035919372,50.10546484440894,27.377172917746158,,,,
2025-11-06,KZAP,29201.0,1750.0,-0.7912993958655329,-0.7227048764925768,0.03423423417255093,0.0,-0.0546383781159919,-0.9073473837906886,36.71626662505456,0.0022427789491879214,51.43820189089865,0.05178979019526941,65.41790050000267,36.71626662505456,,,,
2025-11-07,KZAP,28100.0,4019.9999999999995,-4.5877345198247,0.10896002614029549,-0.8180163777816046,0.0,-0.03284983336157714,-0.5150374274423787,42.33533640718511,0.010861065921030333,56.910519213217384,0.09426191605942491,75.91969205005742,42.33533640718511,,,,
2025-11-10,KZAP,29190.0,5220.0,-0.6111357170023914,0.3701753127167569,0.6555536416004794,0.0,-0.07825527006965856,-1.3325773363118834,31.012255628869745,-0.044482985040539,24.254186879525435,0.017517211944729952,55.6076991212448,31.012255628869745,,,,
2025-11-11,KZAP,29550.0,3270.0,0.7315926371513047,-0.12354269791167845,-0.15611814329523402,0.0,-0.0843193114978648,-1.4417624083214267,29.628378459608463,-0.08076760132140838,11.22658079385992,0.03444723430827491,60.56054405916114,29.628378459608463,,,,
2025-11-12,KZAP,29570.0,3320.0,0.8302864792529283,-0.10836791773216967,0.18295629228646942,0.0,-0.07031157449903645,-1.1895484696445222,32.87753736515653,-0.06661210954903886,15.376463085138619,0.03914721551228991,61.90232787094403,32.87753736515653,,,,
2025-11-13,KZAP,29365.01,1620.0,0.14658968308328252,-0.8259053316293994,-0.7674030992879847,0.0,-0.06752875259697225,-1.1394428406899897,33.544364703781525,-0.04096912089732877,25.945039602664288,0.03117621472435592,59.61708894993441,33.544364703781525,,,,
2025-11-14,KZAP,28500.0,2470.0,-2.6658872484023464,-0.37810314203719586,-0.714855432986186,0.0,-0.03969960317460318,-0.6383697989537772,40.53982637538847,-0.028989035087719297,32.25459104659735,0.029573538011695905,59.15217537771416,40.53982637538847,,,,
2025-11-17,KZAP,27990.0,5890.0,-4.0836688570473285,0.5091288551943787,0.34191676458253806,0.0,-0.01679356530393508,-0.2259390093603716,46.61609556386772,-0.012012606543153115,42.37391874219265,0.003933927933445675,51.54666531931679,46.61609556386772,,,,
2025-11-18,KZAP,27262.99,3660.0,-6.0071411767787675,0.03333638604052684,0.1444462278134486,0.0,0.008831187957746272,0.23544315024849952,53.52578580598086,0.027123484806895866,66.69837318668253,-0.02576690682158993,42.66989205170208,53.52578580598086,,,,
2025-11-19,KZAP,27700.02,3600.0,-4.3096842457872295,0.01680710150378035,0.06387234035758355,0.0,,,,0.03141854398351645,69.09453008117686,0.0037632985257256488,51.495407831620945,,,,,
2025-11-20,KZAP,28261.0,1690.0,-2.1974741427437774,-0.7534225309865443,-0.397640655229735,0.0,,,,0.007249596589163483,54.6300831520799,-0.032403347397248886,40.72971045605211,,,,,
2025-11-21,KZAP,27770.0,2780.0,-4.015419057865908,-0.25570098294410615,0.21927605577965348,0.0,,,,0.013757300758498152,58.71884752075792,-0.024008039822578896,43.188167446606876,,,,,
2025-11-24,KZAP,27748.4,2160.0,-4.057683630490449,-0.5080433202432455,0.3349737158372222,0.0,,,,0.018223783296071012,61.46051896189631,-0.017466324825135115,45.12802317038343,,,,,
2025-11-25,KZAP,28095.0,2040.0,-2.872080432180669,-0.5511761905392996,0.487499999390625,0.0,,,,0.008656203442402111,55.52112803565785,-0.014340631488402445,46.060533728506734,,,,,
2025-11-26,KZAP,28665.0,1970.0,-0.8512098705392305,-0.5559826499870074,0.6819986093098843,0.0,,,,-0.00273067765567762,48.255873187361225,-0.0381435156113727,39.07433488833609,,,,,
2025-11-27,KZAP,28563.0,1440.0,-1.021269485990507,-0.8428223063162557,-0.2686449987931436,0.0,,,,0.029391978967128637,67.975703283978,-0.03572769062706832,39.768196911216755,,,,,
2025-11-28,KZAP,28247.99,1080.0,-1.758955714395112,-1.1154432156328584,-0.467895101164893,0.0,,,,0.09863440787389738,92.5909982973998,-0.01980367859928143,44.43289649455876,,,,,
2025-12-01,KZAP,28350.0,2200.0,-1.000609910057765,-0.31845336597432866,0.43817519232358776,0.0,,,,0.09537253086419747,91.99730642374087,-0.024467724867724867,43.05256582918485,,,,,
2025-12-02,KZAP,28434.99,900.0,-0.31974035139606144,-1.0704393037376996,-0.3334117633983727,0.0,,,,0.055800979353003335,80.6716663609983,,,,,,,
2025-12-03,KZAP,28684.88,1850.0,0.7651604668823159,-0.23282594563251371,0.418314663149327,0.0,,,,0.07696645529708407,87.76887732696942,,,,,,,
2025-12-04,KZAP,29500.0,4200.0,3.7556501461338003,0.6557590646170852,0.9999999989473131,0.0,,,,0.05254371132633844,79.33795561469653,,,,,,,
2025-12-05,KZAP,31130.1,12650.0,8.934568467883182,1.6896443570793906,-0.0366572924637831,0.0,,,,-0.017202717971168877,39.16631373189053,,,,,,,
2025-12-08,KZAP,31150.01,5090.0,7.283347908104493,0.7792651975604263,0.7169817228631932,0.0,,,,-0.04832468237927081,22.49316953610195,,,,,,,
2025-12-09,KZAP,30118.2,8620.0,3.1758611361802838,1.3060721962091653,-0.9999418499171889,0.0,,,,-0.057106817085129005,18.81605849495226,,,,,,,
2025-12-10,KZAP,30990.0,3000.0,5.805433139543535,0.25060006893990205,0.3749956594316664,0.0,,,,-0.13374042740361713,3.155111310422254,,,,,,,
2025-12-11,KZAP,31150.0,3640.0,6.132412868219752,0.44397126150549826,-0.5999999992,0.0,,,,-0.09807725610843589,7.509140393455704,,,,,,,
2025-12-12,KZAP,30700.0,2130.0,4.27225793677566,-0.2089586023468717,-0.6151033439627636,0.0,,,,-0.09949758802543819,7.260443807192374,,,,,,,
2025-12-15,KZAP,29750.0,3360.0,0.8027747890935512,0.29965789647549856,-0.4503768840684848,0.0,,,,-0.07900445845004668,11.684416039489514,,,,,,,
2025-12-17,KZAP,28499.99,8290.0,-3.8999502765016367,1.202766302499342,0.09090181814876415,0.0,,,,-0.032848343674857484,30.134365122803132,,,,,,,
2025-12-18,KZAP,26950.0,13860.0,-7.454181138902759,1.7167230858770548,-0.44940747452196217,0.0,,,,0.03903449288806432,73.09674341815665,,,,,,,
2025-12-19,KZAP,28200.0,7660.0,-3.686155947293461,1.12372814906356,0.4902411016185521,0.0,,,,-0.011179947652819936,42.895320451382126,,,,,,,
2025-12-22,KZAP,27749.0,14170.0,-4.987590919031192,1.589869326932546,0.0063074082038007805,0.0,,,,0.0038261177293962266,52.45010575464764,,,,,,,
2025-12-23,KZAP,27500.0,10680.0,-5.301974068191303,1.211490529155944,0.19999999989999998,0.0,,,,0.0180739898989899,61.36963597549173,,,,,,,
2025-12-24,KZAP,27660.0,3270.0,-4.337690848214731,-0.06797287423338941,0.32596685022842203,0.0,,,,0.011045797610439693,57.02646631885029,,,,,,,
2025-12-25,KZAP,28093.0,2830.0,-2.7659070028802972,-0.21248588460362242,0.1121294569321834,0.0,,,,,,,,,,,,
2025-12-26,KZAP,27979.99,2770.0,-3.1022007030778025,-0.23391523070223344,-0.0800399998399136,0.0,,,,,,,,,,,,
2025-12-29,KZAP,27949.0,3910.0,-3.1488377842551687,0.11077423735272826,0.37922560570854136,0.0,,,,,,,,,,,,
2025-12-30,KZAP,28090.0,1550.0,-2.5753193053660843,-0.8901432637559076,0.8999999955,0.0,,,,,,,,,,,,
2025-12-31,KZAP,28059.0,1200.0,-2.6802010237436114,-1.146075573629724,0.2669322698528595,0.0,,,,,,,,,,,,
