date,ticker,close,volume,dev_price,dev_volume,order_flow,pre_agm,R30,Z30,Y_target,R5,Y_target_5,R21,Y_target_21,Y_target_30,R63,Y_target_63,R252,Y_target_252
2024-01-31,KZTK,34050.0,400.0,-2.3734723109746394,-1.858240855459406,-0.053571428491709185,0.0,0.02560824417872876,0.5375195976612248,57.99362647052251,-0.020070706593944478,37.43132395179502,0.036716921893573874,61.21063667938872,57.99362647052251,-0.029932742465561855,46.954497692268305,0.13609498461646036,61.97002233328499
2024-02-01,KZTK,33500.0,1920.0,-4.7016338821525645,-0.25995716729321766,-0.8356611029067199,0.0,0.047877262497038525,0.9384806394768178,63.71668310912405,0.004391329068941009,52.81088595287818,0.04791031746031746,64.35487809084378,63.71668310912405,-0.01846383558398484,49.35540989088593,0.13905343875858792,62.16949170821413
2024-02-02,KZTK,33399.0,3420.0,-4.344952507300656,0.45031526529809035,-0.31465826030791355,0.0,0.04301662218287114,0.8509632026324193,62.49419430027211,0.02226777341494399,63.88212402901636,0.05516537952376675,66.33052861167629,62.49419430027211,-0.01118173555239036,50.882098647933496,0.1337907441625711,61.81438148000235
2024-02-05,KZTK,33400.0,240.0,-3.8929134191101946,-2.2064330657205096,0.2145996087200929,0.0,0.04746490827868073,0.9310560653610449,63.613633185547016,0.02714646896682825,66.71144284025475,0.05314317080125454,65.7852126884851,63.613633185547016,-0.01199933941640528,50.71071776539235,0.13373241374394068,61.81043836449762
2024-02-06,KZTK,33303.0,1020.0,-4.147762465988902,-0.7595210984273145,-0.6999999991463415,0.0,0.05282940071893995,1.027645526419132,64.94419894960785,0.03467092682912879,70.84389355452618,0.05994097389338583,67.60101457679401,64.94419894960785,-0.0138963513940543,50.31302075469159,0.13741627019873812,62.05915845113586
2024-02-07,KZTK,33462.0,140.0,-3.528844964407739,-2.548314672565985,0.9936621204391601,0.0,0.042497853642084416,0.8416226034375291,62.36274229046923,0.029333925689694975,67.94333844412802,0.05974112852959007,67.54834888224069,62.36274229046923,-0.03666514959399575,45.550957434552345,0.14648538149884305,62.6687537517566
2024-02-08,KZTK,33740.75,90.0,-2.569389752504331,-2.852611767309786,0.9999999964125561,0.0,0.03675107208983438,0.738149900449888,60.89474298096612,0.031204441108433126,68.97735029873469,0.04562984601658615,63.72325539939446,60.89474298096612,-0.04045722103553602,44.763361053527575,0.12991030650493396,61.551728314627915
2024-02-09,KZTK,34236.0,210.0,-0.9532282360210302,-1.9322046343821055,0.8155001918365319,0.0,0.02005789937075426,0.43758380323909607,56.526310392899894,0.02116640420276067,63.228983776480895,0.02647549989150936,58.24888974784973,56.526310392899894,-0.05027148406856608,42.73807787936338,0.10715675562899538,59.9984853643861
2024-02-12,KZTK,34400.0,1080.0,-0.4199225402344193,-0.13005295147562906,0.22846441861998346,0.0,0.01512356958287191,0.3487395630426477,55.21209058641476,0.03197528608342562,69.39808880379059,0.025828608342561926,58.05955543196285,55.21209058641476,-0.0484831626061278,43.10551385028016,0.13692711794019946,62.02616887897552
2024-02-13,KZTK,34551.0,1800.0,0.09252278250785641,0.5389959064873262,-0.3419099448947849,0.0,-0.0009488300938158278,0.05935068982309161,50.890166280895684,0.029511112661614096,68.04206642945333,0.015537278433123703,55.01910147380933,50.890166280895684,-0.04703012420562564,43.40462307627122,0.16346561831991635,63.79922990975504
2024-02-14,KZTK,34538.58,970.0,0.6803657124548483,-0.07924926966114483,0.46173912931947914,0.0,-0.017909472076484627,-0.24603127996228935,46.31621790586291,0.030192126196270902,68.42001639550723,0.020935148549824437,56.620003531348296,46.31621790586291,-0.04312354825076361,44.211122025029276,0.1555438040880661,63.27363951177273
2024-02-15,KZTK,34890.0,880.0,1.8966620692395328,-0.12282066978191222,0.38328530148909135,0.0,-0.032231579180826815,-0.503905556388293,42.49847359300264,0.017808994595258566,61.208663567516076,0.002814350543886193,51.21028714148959,42.49847359300264,-0.05305566644829327,42.167633702291006,0.13963101652813606,62.20838627418449
2024-02-16,KZTK,35059.0,380.0,2.654482681512165,-0.8896207978537223,-0.07296882497563195,0.0,-0.03835715639441359,-0.6141986005707647,40.88988930391875,0.01940570176034322,62.17476929470486,0.0022037725860759878,51.026790213501215,40.88988930391875,-0.060783734471188476,40.59560347193717,0.13059129392765118,61.59787119239274
2024-02-19,KZTK,35599.0,1660.0,4.4047688022586025,0.8284004651339613,0.995999998008,0.0,-0.04849062559497614,-0.7966550658619648,38.27261515839696,-0.0040102189311542105,47.4383951738321,-0.01105178526282841,47.04469281004771,38.27261515839696,-0.07122984559714313,38.5014746125129,0.1112815419173091,60.281655188768134
2024-02-20,KZTK,35670.0,1210.0,4.258530355835634,0.26858163129306356,0.862968326561204,0.0,-0.0455980055268533,-0.7445724846043256,39.01353086814305,-0.0010046300746258696,49.36001685653695,-0.017957984233783225,44.98163686182576,39.01353086814305,-0.07310295800125488,38.1301931424086,0.12269834962019574,61.06179315560072
2024-02-21,KZTK,35680.0,860.0,4.05038089294994,-0.14581017176599134,0.24444444390123457,0.0,-0.04123525339881842,-0.6660196892616689,40.14056094237408,-0.0025799932379528792,48.35221298008607,-0.015376831091180867,45.75105856668992,40.14056094237408,-0.06792130578688871,39.1605398340585,0.12887887750017793,61.48180036554813
2024-02-22,KZTK,35611.0,140.0,3.7586247713469767,-1.8881447288128541,0.20343839483255474,0.0,-0.03461522955498418,-0.5468239699296946,41.87043614936285,-0.0001856230997823484,49.88421594293,-0.014822569961216728,45.91655697132873,41.87043614936285,-0.055804021842278985,41.60657202062398,0.13197234040846126,61.69138506526204
2024-02-23,KZTK,35840.0,1180.0,4.4036765432914065,0.243475725998857,0.9350262422045096,0.0,-0.03607713293650794,-0.5731460239381352,41.48654392289563,-0.012202430555555557,42.255286015713686,-0.021157242063492065,44.03132437376037,41.48654392289563,-0.06816904141865085,39.11105015936589,0.12986125992063494,61.548404174172
2024-02-26,KZTK,35560.0,780.0,3.2746044292749654,-0.17049962077773406,-0.7058823508650519,0.0,-0.03914155105611798,-0.6283218859467073,40.68523213844282,-0.0005438007749031374,49.65495716409273,-0.024550846769153915,43.02805691763999,40.68523213844282,-0.06976258280214981,38.793250551872084,0.14635384014498187,62.6599401574898
2024-02-27,KZTK,35740.0,60.0,3.653430923214633,-2.674133946964416,0.894736837396122,0.0,-0.05106415958287816,-0.8429923966857761,37.61796890556533,-0.007391552748687701,45.285853845100924,-0.04623906720494577,36.7825759070731,37.61796890556533,-0.07454695019585898,37.84491169565723,0.14831179928229454,62.79104108512653
2024-02-28,KZTK,35695.0,1070.0,3.4881411201786015,0.20692051771964087,-0.5061747886716434,0.0,-0.05002497398595242,-0.8242815162317187,37.88178414632134,-0.0026408767401063242,48.3132857149522,-0.04915336326060517,35.97137852953823,37.88178414632134,-0.07246052829639116,38.257379407473344,0.15834622863012696,63.45994102369578
2024-02-29,KZTK,35712.0,60.0,3.307958451813372,-2.7354342833895653,0.99999999378882,0.0,-0.0500873783922171,-0.8254051282110219,37.8659212854861,0.0015080325140809014,50.9681777466675,-0.05094051459293395,35.47782546360247,37.8659212854861,-0.07298796722990272,38.15294676184395,0.1466548723118279,62.680108812808456
2024-03-01,KZTK,35510.0,120.0,2.3596814234943917,-1.9809952727712323,-0.5555555534979424,0.0,-0.04723426477227519,-0.7740338736223286,38.59377253933614,0.0022292645040744743,51.42955861551701,-0.04076604198236133,38.32608382493424,38.59377253933614,-0.07235780084304444,38.277732048111936,0.15661213820832942,63.34470808741055
2024-03-04,KZTK,35645.0,110.0,1.798414008991311,-2.0088184841862895,0.6648427478146878,0.0,-0.04542441441952944,-0.7414469192898784,39.05815994850952,-0.005283923255560232,46.626007049040965,-0.03963521019667043,38.648074224367406,39.05815994850952,-0.07455900324407128,37.842533947820314,0.15026672867585336,62.9217516614488
2024-03-05,KZTK,35577.77,110.0,1.5105600776420627,-2.0088185353500028,0.2847806699436341,0.0,-0.049221955572859834,-0.8098229040509577,38.08613729545167,0.0007393751994486716,50.476278587463895,-0.033187380470717516,40.50227110153796,38.08613729545167,-0.07221423110063935,38.30618336016141,0.15424165664647632,63.18693895834492
2024-03-06,KZTK,35700.0,290.0,1.4471082533345574,-0.6931460676307687,0.5999199815966347,0.0,-0.05254393090569562,-0.8696361688882482,37.243570679514704,-0.008300256769374417,44.710034254185366,-0.031856862745098094,40.88847555191407,37.243570679514704,-0.07324005602240896,38.10307189316049,0.146984477124183,62.702186731107936
2024-03-07,KZTK,35863.0,70.0,1.8239572007574023,-2.1145246588246236,0.942523778077065,0.0,-0.061208223645628584,-1.025639625975641,35.083206627457756,-0.008033791613941849,44.87874559143297,-0.03155074195494406,40.977493316282676,35.083206627457756,-0.06656777619105159,39.43132313082198,0.15623611908900234,63.31970084527507
2024-03-11,KZTK,35685.01,390.0,1.279312959109002,-0.39688081676059767,-0.9999999968252961,0.0,-0.056106426588558786,-0.9337800821962682,36.34854405473014,-0.010653598222312662,43.22573765009154,-0.03748246529289439,39.26377287639844,36.34854405473014,-0.07006336938014836,38.733370660292636,0.18210371708874973,65.02269593960816
2024-03-12,KZTK,35552.5,1790.0,0.8198057107883794,1.1183582909627274,-0.7460842750675195,0.0,-0.0486479162550799,-0.7994871362317311,38.23247910494195,-0.00276595346363471,48.2333215137839,-0.040970119335032196,38.26808333042706,38.23247910494195,-0.06646526102131545,39.45185871506941,0.17708693447986043,64.69523919068774
2024-03-13,KZTK,35699.98,130.0,0.9400800495933288,-1.5040732296959005,0.9997333266684872,0.0,-0.049903380175296434,-0.8220921794454239,37.912700075205706,-0.00480028128867308,46.93429408884796,-0.04521927672215058,37.06823931873291,37.912700075205706,-0.07045261143737071,38.65593179047286,0.1600710594437929,63.57440592881589
2024-03-14,KZTK,35500.0,120.0,0.025640467372738483,-1.165748075391977,-0.6323529388516436,0.0,-0.02476737089201878,-0.36951001685306767,44.47994211779921,-0.004145349877040017,47.35213468057199,-0.03943568075117371,38.704991843622174,44.47994211779921,-0.05098711155823832,42.59126389279735,0.17462736418511068,64.53418972544927
2024-03-15,KZTK,35671.7,50.0,0.2804023813075221,-1.9020978194456384,0.990134032636681,0.0,-0.019763511023878123,-0.2794138645597592,45.81858101285163,-0.006128334739676843,46.08838644748086,-0.0467662912612554,36.63525159771749,45.81858101285163,-0.055997971388861784,41.567058534740575,0.17210839958900334,64.36890908341971
2024-03-18,KZTK,35401.03,150.0,-0.6402593577428093,-0.36000166783304843,-0.9923420037459492,0.0,-0.054450921628865265,-0.9039721677259738,36.7633340170732,6.671311462472674e-05,50.045732272960706,-0.03389079980001834,40.298563046728006,36.7633340170732,-0.03502793813249687,45.891711578867664,0.1877081438645838,65.3868404684118
2024-03-19,KZTK,35550.0,90.0,-0.27148568501214293,-0.47692189106598903,0.9999999933333334,0.0,-0.053747367892304596,-0.8913044499508855,36.94020986791434,-0.004146945951376331,47.3511159240308,-0.04361983624673498,37.51809558489049,36.94020986791434,-0.02146637532650191,48.72611644229681,0.1738677566807314,64.48438476086655
2024-03-20,KZTK,35625.0,140.0,-0.08362596816043524,0.03636752803367961,0.5454545438016529,0.0,-0.06051846282372598,-1.013220254191917,35.253104606522434,-0.017484345029239824,38.99464640692196,-0.04565580618212197,36.94584670987564,35.253104606522434,-0.0188480668337511,49.274864412676,0.22150985797827905,67.54389832476996
2024-03-26,KZTK,35449.0,150.0,-0.5690929673637892,0.10536023010304532,-0.34868420937932826,0.0,-0.051818192399812474,-0.8565690070023855,37.42700238566727,-0.02951966342659945,31.958444376243605,-0.045184684402407846,37.07794532218401,37.42700238566727,-0.0044763761442215,52.2864868673299,0.22592380653494157,67.82039403059252
2024-03-27,KZTK,35550.0,260.0,-0.26397502654823524,0.6554056061408067,0.5836705948041655,0.0,-0.055311502913401644,-0.9194672184499205,36.54746472787812,-0.03649535362668274,28.205649641309215,-0.047582951577255374,36.40754234144406,36.54746472787812,-0.002284066706851523,52.74497489264595,0.21324437412095645,67.02284260441324
2024-03-28,KZTK,35500.0,40.0,-0.3964676519116116,-1.216389061397658,0.4381214513896726,0.0,-0.058545187793427225,-0.9776907844762831,35.74120284096064,-0.036521070869662414,28.192317930405707,-0.04233285602503906,37.881645185856996,35.74120284096064,0.0038154985468365696,54.01793284411893,0.21267444109099037,66.98675758427464
2024-03-29,KZTK,35500.0,30.0,-0.2841310423966765,-1.4271087810202852,0.5234312905208054,0.0,-0.07543985021238542,-1.2818847703898202,31.666714819791775,-0.03181683992845965,30.69328950680472,-0.039567823608316566,38.667293411529755,31.666714819791775,0.005679024144869212,54.40587806205925,0.22455698636262017,67.73490677383407
2024-04-01,KZTK,35099.99,3250.0,-1.4231063669783597,3.29891643383898,0.6520289103500088,0.0,-0.06043959335433623,-1.0118001833041061,35.27255516785588,-0.015866395699398166,39.98446900773529,-0.008558647946885578,47.79231871415144,35.27255516785588,0.01759732849695523,56.87243431980262,0.23284722679442094,68.25157762010001
2024-04-02,KZTK,34500.0,15180.0,-2.5703752200694017,4.104982775960408,0.5783926216803713,0.0,-0.03928743961352657,-0.630948657685425,40.647203622599875,0.006061939268461008,53.87539626512973,0.019002225672877845,56.048144757776896,40.647203622599875,0.06748430296756378,66.7085932537974,0.2609920117322292,69.97188171912286
2024-04-03,KZTK,34350.0,730.0,-1.2459986698125844,1.764723328030238,0.9999999970238096,0.0,-0.028553287239204344,-0.43767669313381297,43.47232000226522,0.015330657794413192,59.69175797288545,-0.02009826887086706,44.34543432842471,43.47232000226522,0.07091132078741248,67.34379252016805,0.25391989498856316,69.54462103274922
2024-04-04,KZTK,34300.0,580.0,-1.3442549451706767,1.4577467325443592,0.8605269249459346,0.0,-0.021352696793002918,-0.3080276800642748,45.392691726892856,0.02177831227729187,63.59247791677858,-0.01376191286038225,46.233509777580934,45.392691726892856,0.08940911888564951,70.65964774965371,0.24360325558794954,68.91526616404474
2024-04-05,KZTK,34466.0,370.0,-0.8233696055567687,0.9367643019224734,0.9999999939759037,0.0,-0.02265712514933051,-0.3315143441484691,45.043615533520644,0.005626955251045659,53.59852565627398,-0.023496056431044535,43.339316639959726,45.043615533520644,0.10732878403745491,73.67602595351028,0.2476270917785092,69.16158575729682
2024-04-08,KZTK,34637.0,140.0,-0.30683781107302666,-0.06899230196784509,0.9999999729656672,0.0,-0.027540483385277967,-0.4194408246900176,43.7413852699829,-0.006656098087145148,45.75282318914614,-0.024331862007826294,43.09263300354084,43.7413852699829,0.11442567663215461,74.81399972197795,0.26950622482105796,70.48169537398311
2024-04-09,KZTK,34801.0,30.0,0.17803508473330504,-1.6094059798655491,0.9683781929389373,0.0,-0.03525512170558864,-0.5583454397892361,41.70227798427113,-0.011605502361955481,42.6286382065446,-0.029762568433309936,41.49864605566086,41.70227798427113,0.10365589952943335,73.0742715216269,0.26386410718219655,70.14441851689554
2024-04-10,KZTK,34967.99,50.0,0.6925979424206865,-1.0646952162051833,0.9999415158339554,0.0,-0.03557049062767091,-0.5640237615610764,41.6194724365119,-0.015995684504077703,39.90506014331151,-0.039120666532198964,38.79491533698173,41.6194724365119,0.08442793172095082,69.78615252699126,0.25885010563243616,69.84284016445453
2024-04-11,KZTK,35138.0,110.0,1.1904574367458363,-0.27625077963078365,0.9999999970414202,0.0,-0.040320088977970764,-0.6495418511113479,40.37834764649933,-0.02348163849655824,35.40947495884448,-0.06092759697139713,32.77855101321826,40.37834764649933,0.07332224002052673,67.78689170245495,0.27047363842970173,70.53930297315705
2024-04-12,KZTK,34751.0,1690.0,0.11653833131516753,2.490833723782872,0.14831804270006266,0.0,-0.023916619094665723,-0.35419194929762904,44.70702619678805,-0.006995595524714831,45.53716500667303,-0.04606331852731884,36.831741099832286,44.70702619678805,0.08959234994036944,70.69149617649234,0.2975521621051901,72.12481163626376
2024-04-15,KZTK,34496.99,5400.0,-0.43806547975119536,3.652503707768637,0.5975919997609616,1.0,-0.006097469062138544,-0.03335225806454237,49.49973282343321,-0.005496867105663271,46.4903508951999,-0.0344613105981498,40.133589975547984,49.49973282343321,0.09663778263260674,71.90057938414579,0.2966024126597713,72.07009502556663
2024-04-16,KZTK,34488.0,390.0,-0.3677296974646052,0.9894068100075075,0.9997329804891526,1.0,-0.012241858037578348,-0.14398401424244928,47.841582029965906,-0.005251215329555622,46.64684814762789,-0.027768361666169673,42.08209272735485,47.841582029965906,0.09418980266428073,71.48393123262832,0.30548608128707294,72.57931846096763
2024-04-17,KZTK,34500.0,80.0,-0.31749978989465605,-0.6286002507885342,0.18100890154003293,1.0,-0.022154962042788207,-0.32247273129052795,45.17794283133365,-0.010052198067632943,43.604005596818105,-0.02237384403036577,43.67104949890478,45.17794283133365,0.08548407177363697,69.97258585805432,0.33667545893719814,74.32068298990319
2024-04-18,KZTK,34405.0,30.0,-0.5858287906532869,-1.6093994335445965,-0.44444444279835393,1.0,-0.019429854349335533,-0.2734062657549513,45.908078156497915,-0.006970852912205913,45.55287664553146,-0.016144841673529364,45.521891783070636,45.908078156497915,0.06849039222335257,66.89571577985329,0.34242645973614955,74.63374989590163
2024-04-19,KZTK,34600.0,590.0,-0.009797170397835921,1.4033813197737246,0.9999999972752044,1.0,-0.024211767134599504,-0.35950618739695184,44.6282192807203,-0.008592756216166562,44.5249797064659,-0.021731876777686027,43.861075852362774,44.6282192807203,0.07164728186072117,67.47938705070979,0.33181494173777404,74.05412738200144
2024-04-22,KZTK,34400.0,900.0,-0.5792073455464621,1.479379276947141,0.371069181806495,1.0,-0.018566648209671466,-0.257863953646081,46.139738131414205,3.872277593207829e-05,50.02781609533824,-0.01905505721668512,44.65531195686548,46.139738131414205,0.08332259136212625,69.59033319295696,0.32333550664451827,73.58482395418132
2024-04-23,KZTK,34400.0,930.0,-0.5481831365850907,1.0826087983301695,0.6825396803728899,1.0,-0.02357220376522702,-0.3479906373522589,44.79902148761807,0.020370496493170912,62.75393384183876,-0.014599944629014396,45.983056873829945,44.79902148761807,0.0736296603912883,67.84316491277119,0.328640296234773,73.87905926084483
2024-04-24,KZTK,34247.02,120.0,-0.962059617018885,-1.152670735012424,-0.8538085867120462,1.0,-0.01763424274301118,-0.2410756847622536,46.39015638600963,0.035142322383086275,71.0925607058148,-0.010114478381031654,47.32562894285434,46.39015638600963,0.09763042719703498,72.06846750969348,0.3327815092221257,74.1072778213732
2024-04-25,KZTK,34260.0,240.0,-0.8971920983818019,-0.4595299776363009,0.9999999916666668,1.0,-0.017434208990075892,-0.23747401086586675,46.443904066488315,-0.00893821199232752,44.30661723235475,-0.0048287847830316664,48.9125517787423,46.443904066488315,0.10085096113751986,72.60891159639314,0.5522357879520752,84.29085649995292
2024-04-26,KZTK,34400.01,160.0,-0.48176943992873794,-0.8649918579195485,0.5386117505810621,1.0,-0.019084149218685918,-0.267181730512089,46.00083491743773,-0.008033345646452736,44.87902805386388,0.0017006467979846732,50.87556485909107,46.00083491743773,0.0958311869493365,71.76370633939526,0.5817428543833064,85.37765451928934
2024-04-29,KZTK,34500.0,60.0,-0.18740598876517292,-1.845804957489724,0.999999989999,1.0,-0.010430728088336783,-0.11137402035177835,48.33001109338676,-0.015760938578329883,40.049279531304585,-0.007570873015873075,48.08881883263022,48.33001109338676,0.09307903726708074,71.29365813733516,0.4956213457556935,82.02285366206826
2024-04-30,KZTK,35200.0,1440.0,2.0230073130714477,1.552083026457512,0.792392521205364,1.0,-0.03884076479076479,-0.6229061297334809,40.76367276966996,-0.03138762626262626,30.92755468116586,-0.0368753968253969,39.43802645657535,40.76367276966996,0.06996493506493506,67.1690021420525,0.4487941242784993,79.95992639806279
2024-05-02,KZTK,35549.0,1910.0,2.8147007709544805,1.834544810335768,0.9999999974937344,1.0,-0.048425949371468935,-0.795490549061652,38.2891233155756,-0.0416773273822361,25.59817194263585,-0.04644324426780473,36.725492447806126,38.2891233155756,0.05074690871575875,63.5216835665709,0.41186564542926896,78.21150938788652
2024-05-03,KZTK,34051.01,2460.0,-1.8950403057307028,2.087602666589688,-0.7550188327796846,1.0,-0.005863044325100611,-0.029131363122227263,49.56304067769645,-0.004202808511896378,47.31546086692438,-0.003164252988873715,49.41289984990995,49.56304067769645,0.0679103943767829,66.78790674522787,0.5094456619862375,82.5992462496689
2024-05-04,KZTK,34219.0,220.0,-1.1811141033747954,-0.3266831471737249,0.08415841563327126,1.0,0.003733253594842185,0.1436531555554294,52.15346431688316,-0.026652325682798517,33.57551573680748,-0.008253071567035301,47.88402784804306,52.15346431688316,0.073136097647413,67.75279328886612,0.5229859521327843,83.14955870736623
2024-05-06,KZTK,34050.0,510.0,-1.6641255580128615,0.7963293937826813,-0.9766081814233439,1.0,0.008514834626949165,0.2297471038720884,53.440759798583535,-0.017402137962380253,39.044728212220335,-0.008329809104258443,47.860996125683904,53.440759798583535,0.0793678116914901,68.88391164056975,0.5785411509684637,85.26281355050003
2024-05-10,KZTK,34190.0,150.0,-1.211151300404941,-0.7419343206152796,0.6969696927456382,1.0,0.018297492769165775,0.40588710000312056,56.0583934748768,-0.01687451020673454,39.36671299248182,-0.010943744690037466,47.077066274456364,56.0583934748768,0.07349130500889056,67.8178453973962,0.5772546828646639,85.21645991181137
2024-05-13,KZTK,34163.0,60.0,-1.2779401455427115,-1.6582163116259436,0.3584905637830782,1.0,0.037584322684571486,0.7531528530625118,61.10889111377258,-0.009590085649145236,43.895173453102224,-0.0095981949282362,47.480446511794256,61.10889111377258,0.06929602385900646,67.04517128854644,0.5624047753789141,84.67263486248177
2024-05-14,KZTK,34000.0,230.0,-1.7416983029057027,-0.31449230626880587,-0.02493074785337743,1.0,0.04760855275443504,0.9336424316671944,63.64954508296368,0.001000513538748833,50.64340813130846,-0.002408566760037348,49.64009935078453,63.64954508296368,0.07963991596638655,68.93280399064275,0.5749419000933707,85.13282341195338
2024-05-15,KZTK,33400.0,2160.0,-3.4443018684526177,1.925288479680458,-0.9999999985714286,1.0,0.07661913316224693,1.4559875291350641,70.5492675913624,0.02265386370116909,64.10988996135158,0.027577573424579414,58.57088603612153,70.5492675913624,0.11097263330481891,74.2644136622578,0.05482036403383703,56.353462535323196
2024-05-16,KZTK,33552.0,300.0,-2.5609410153267747,-0.04879002099524905,0.9999999968652038,1.0,0.07715187683084679,1.4655797551294552,70.66870620034919,0.01809757646978677,61.383951746986895,0.014090074255739493,54.5879741182049,70.66870620034919,0.1140793259077594,74.75922741039875,-0.12114325226514068,43.82150695857685
2024-05-17,KZTK,33710.0,70.0,-1.9688484732140714,-1.349919870428013,0.9386503009898755,1.0,0.07697252275477579,1.4623504256562212,70.62852750869042,0.01022342458787134,56.50972790391167,0.009349656029721291,53.17130101220052,70.62852750869042,0.13666931401355162,78.16430372378959,-0.11057103916222878,44.568213097092695
2024-05-20,KZTK,33932.63,850.0,-1.3016894463798736,1.2856488925900906,0.9999999976874335,1.0,0.07174793225939217,1.3682799453977157,69.4441774045487,0.008096958644862812,55.16725499727573,0.0026701126815853824,51.16694211091909,69.4441774045487,0.11172608067248324,74.38499802237297,-0.11323089993763497,44.380104896887474
2024-05-21,KZTK,34130.0,970.0,-0.6434390818065523,1.2788723230784456,0.71999999856,1.0,0.06549129681563023,1.2556271544245048,67.99139309582793,0.002248742204177305,51.44201571272813,0.011388705416730616,53.78143229753146,67.99139309582793,0.11517604955841113,74.93239386011794,-0.13217060550462983,43.045630510159576
2024-05-22,KZTK,34250.0,230.0,-0.2503309860784703,-0.5658064121050422,0.4854426604710621,1.0,0.09349987023519865,1.7599307845869983,74.19174465780284,0.004348463098134681,52.78353397527894,0.007495594369134518,52.615693218975444,74.19174465780284,0.1110880002317228,74.28290141912774,-0.144567977638744,42.177438569249176
2024-05-23,KZTK,34250.0,70.0,-0.21381000781710524,-1.3499193254610635,0.6778523467186163,1.0,0.09209513092341559,1.7346379885651482,73.9001018306015,0.014941492874522072,59.45178886059931,0.021426233924226625,56.765017860750056,73.9001018306015,0.11090722511875789,74.25392802613874,-0.12422269146101264,43.6045187583479
2024-05-24,KZTK,34143.0,90.0,-0.5092070941017235,-0.9597713395813114,-0.03703703691233321,1.0,0.11252305262321077,2.1024494766962927,77.92790022906553,0.011640268136953343,57.399057614148454,0.04311944932587451,63.02243897901438,77.92790022906553,0.10602736418118197,73.46379704660858,-0.12698655361274647,43.40997531262827
2024-05-27,KZTK,34295.0,260.0,-0.04444951438286198,0.12260201356468158,0.9734219236763392,1.0,0.13095503954947388,2.4343234989386344,81.16235239175357,-0.0024999592124355973,48.40338760686536,0.04334382979609683,63.085307206228336,81.16235239175357,0.10644964887981728,73.53278072596522,-0.1182551389438509,44.02522881105156
2024-05-28,KZTK,34295.0,170.0,-0.04529784847886854,-0.3237860650820691,0.9999999966101695,1.0,0.14379434956273424,2.6654995232035867,83.1920487738334,-0.0025244284534049807,48.387741347592915,0.05296334071559323,65.73651389947834,83.1920487738334,0.09924862328952576,72.34083536442323,-0.07071117168498346,47.40282411603701
2024-05-29,KZTK,34488.08,1380.0,0.5151976311718539,1.7917572282895413,0.9999999979299495,0.0,0.13189311391986616,2.4512138383095325,81.31680592590138,-0.007291843027577686,45.349116754183925,0.05226859774196466,65.54806359638089,81.31680592590138,0.09981981581637231,72.43658337940252,-0.0011009020001684633,52.38246970993572
2024-05-30,KZTK,34851.0,1440.0,1.522902081714902,1.7711378804346662,0.9999999981515711,0.0,0.10608551049296938,1.9865394009858124,76.70849292703886,-0.01780390447906803,38.80018709816807,0.045899921639195984,63.798311028338695,76.70849292703886,0.08804555191420346,70.42200429841554,0.03427508157175241,54.90125125266481
2024-05-31,KZTK,34629.49,1710.0,0.7320874705314924,1.809456810835946,0.03824884786750435,0.0,0.10748429773374596,2.011725028000138,76.97739090323398,-0.016506211758468746,39.59201758813577,0.054538295155211546,66.16188322792095,76.97739090323398,0.09174393449212097,71.0639556664572,0.008507476586830792,53.06833277778317
2024-06-03,KZTK,34298.88,690.0,-0.0858959972583849,0.9019003773444034,-0.11608888863092523,0.0,0.12230853236801521,2.2786402767153557,79.69248322557546,-0.005538261307657783,46.46398662924936,0.06484250945414748,68.87855543561928,79.69248322557546,0.09803738742100818,72.13711974106388,0.02970889685027625,54.57727070426191
2024-06-04,KZTK,34298.0,110.0,0.4021478244862351,-0.9343053682381609,0.98810373248839,0.0,0.12111198628361874,2.2570960686266903,79.48248287767628,-0.004977359686852952,46.8213909141254,0.09662730109673658,76.43594685089201,79.48248287767628,0.09212529232580548,71.12967882280107,0.0465536866419162,55.770311184166246
2024-06-05,KZTK,34326.5,90.0,0.41385099040683615,-1.0014444385319623,0.9999999969372129,0.0,0.11740829657150903,2.190409910112545,78.82227889333977,-0.0034543742351401886,47.79337243019645,0.0943165211568923,75.93169647268226,78.82227889333977,0.09408686406379077,71.46632984425068,0.048040136045338744,55.875291104439384
2024-06-06,KZTK,34322.0,210.0,0.3993491049183742,-0.1541502873112529,0.9587020620687254,0.0,0.1092055102100277,2.0427160280438392,77.30527397487083,0.008216016082053901,55.24263600421586,0.11135255498116346,79.47558483958777,77.30527397487083,0.09952532516512619,72.3872440685973,0.04176534191129197,55.431790029804674
2024-06-07,KZTK,34150.0,340.0,-0.1291988043812003,0.3908655181515465,-0.06382978704437661,0.0,0.09466420379279093,1.7808949954740676,74.43185936179712,0.0046265965976434505,52.9609752983889,0.1405821451811569,84.62368245851735,74.43185936179712,0.09705905435868833,71.97190503755935,0.05326250145250877,56.243696386745356
2024-06-10,KZTK,34201.0,180.0,0.02363307987005305,-0.30830051730989755,0.9999999970148363,0.0,0.10248517661462606,1.921714198450612,76.00636534889587,0.0031296544285579694,52.00519810961244,0.15175699303092882,86.29236449443303,76.00636534889587,0.08973520947359287,70.71631335468864,0.04859185626708212,55.914242823331136
2024-06-11,KZTK,34220.0,60.0,0.07837663661877707,-1.4069063805090254,-0.9999999873401698,0.0,0.10713183439555445,2.0053788089947466,76.90984020303013,0.0025765824311412373,51.65166007741373,0.14566613857115027,85.40258619382364,76.90984020303013,0.09445349442913731,71.52898988868681,0.04336810159286783,55.5451578912602
2024-06-12,KZTK,34301.0,810.0,0.3033970201189911,1.1957744171443638,0.9999999875000002,0.0,0.09474907351490978,1.7824231028972581,74.44930415581761,0.01472974038657765,59.32102608650992,0.12887367026876442,82.70074477472788,74.44930415581761,0.08566543485473838,70.00453452918343,0.0420444843803435,55.45153868864025
2024-06-13,KZTK,34697.0,390.0,0.9299281834148906,0.4648877675388936,0.9799999967333334,0.0,0.1008631691432085,1.8925094173383021,75.68535156632758,0.002832179638146293,51.81506716994624,0.11011504657554673,79.23173657976581,75.68535156632758,0.07045804348850435,67.26013533425052,0.02277859174046884,54.084818232154944
2024-06-14,KZTK,34400.0,370.0,-0.04097559672446748,0.4122440973561857,-0.6651986225263443,0.0,0.11411324289405689,2.131081378586608,78.22196891361463,0.02540173495754891,65.71212540376588,0.12380059062384643,81.81033598332172,78.22196891361463,0.07720906238464378,68.49453445217128,0.003769139904023555,52.73023056229421
2024-06-17,KZTK,34400.0,20.0,-0.05325856831089698,-2.7080258881066643,0.3146853124847181,0.0,0.11364857881136951,2.122714948058531,78.13633345942485,0.043739802510151346,75.39902637876426,0.1225923588039867,81.5930892713822,78.13633345942485,0.0824766426725729,69.43998546672968,0.010924049464747149,53.24065998756639
2024-06-18,KZTK,34399.94,90.0,-0.17817667966742431,-1.0014451695918187,0.9993023197715253,0.0,0.11410296771281736,2.1308963705491744,78.22007786450027,0.048645904623486155,77.65409457626416,0.11984421144039271,81.09148780874662,78.22007786450027,0.08303408980821306,69.53910553732051,-0.002078008932204667,52.31266735407684
2024-06-19,KZTK,34898.0,1570.0,1.16063718783923,1.9652016498349936,0.9999999987977156,0.0,0.0972282719617352,1.8270618910960803,74.95543942369447,0.043101241213623014,75.09450657469785,0.09548091376501311,76.18670352117508,74.95543942369447,0.041345860998992984,61.676028064622535,-0.0040414762023020245,52.172374556473066
2024-06-20,KZTK,34888.0,1420.0,0.9320669243195249,1.7988248520287382,0.9519292973322071,0.0,0.0889965088282504,1.6788462726614113,73.24929438187094,0.048606124359856305,77.63641590121313,0.07600087581849221,71.6801723414881,73.24929438187094,0.05599535975438865,64.53543410762678,0.01601304682921864,53.603301700529926
2024-06-21,KZTK,35367.0,1550.0,2.1934492248558963,1.6422262030007642,0.9999999982363316,0.0,0.044673231671439814,0.880791004510509,62.91272670512178,0.03905624256941163,73.10769299541042,0.07047579506454092,70.31202139078381,62.91272670512178,0.04623890430546636,62.641232830295365,-0.005436063683255998,52.07270815743207
2024-06-24,KZTK,36000.0,4530.0,3.7385017802295257,2.546357759678293,0.4598540139272204,0.0,0.036199999999999996,0.7282276651677958,60.75288420452224,0.022622619047619048,64.09148131002354,0.056525000000000006,66.69474974507217,60.75288420452224,0.030799206349206347,59.56490152320154,-0.03157222222222224,50.20266093965574
2024-06-25,KZTK,36169.99,130.0,3.189775338361688,-1.0726324677698427,0.9834419158910668,0.0,0.03197375897469107,0.6521327973900641,59.659071783458074,0.01788727005925733,61.256237936291335,0.04231140757893146,62.79567222475671,59.659071783458074,0.017568254147961017,56.866453453532294,-0.03643790769201942,49.85430066810497
2024-06-26,KZTK,36500.0,820.0,4.0836523055894896,0.7691318809288128,0.7703292797310581,0.0,0.021250983909545555,0.45906568505399875,56.84277819946565,0.03850672754946722,72.83018519028617,0.05063642857142858,65.10341410399845,56.84277819946565,0.013446374211785177,56.01659725538669,-0.04262991411176345,49.411006930339475
2024-06-27,KZTK,36681.0,130.0,4.24471173075463,-1.0726326195903864,0.9999999964412811,0.0,0.011393617073066242,0.281580534167778,54.21368997677028,0.03205802783587195,69.44306053607843,0.04876290109320906,64.58975564636901,54.21368997677028,0.010287882886040656,55.36295131648677,-0.053293840394858516,48.64781900092749
2024-06-28,KZTK,36845.0,170.0,4.5782802355774015,-0.7363170196242593,0.8426966244792324,0.0,0.01146802197967892,0.2829202191258295,54.23364185618327,0.043169182407209954,75.1270261060911,0.04359737397333747,63.15629326728771,54.23364185618327,0.004927005990345658,54.24938599899011,-0.05993126735337001,48.173092128496556
2024-07-01,KZTK,36910.0,1180.0,4.479994040200165,1.4564967121843544,0.9910621013988411,0.0,0.01989394752572751,0.4346317960311508,56.48277966848647,0.06310868554140701,83.42313151280048,0.04214741681825805,62.749581070068004,56.48277966848647,-0.0009415576498819564,53.02551669109101,-0.06532513696980642,47.78754669053748
2024-07-02,KZTK,36911.0,70.0,3.9476712519588,-1.3682683106001796,0.9999999909909911,0.0,0.027317354582644737,0.5682926958883959,58.442749261556436,0.07500164600134265,87.21849773977593,0.04139662882790135,62.53827002961751,58.442749261556436,0.0017291077787710968,53.58301571808416,-0.07528965702786583,47.07602501094759
2024-07-03,KZTK,37999.99,3000.0,6.965130386054927,2.3895941363960387,0.8181636356198475,0.0,0.022160882988244115,0.4754487189770547,57.08375700059012,0.03919411291877246,73.1770363579226,0.00336509569841705,51.37577468466337,57.08375700059012,-0.02694094237846431,47.579897269557286,-0.10371568239593976,45.053736371796326
2024-07-04,KZTK,37952.0,100.0,5.517322099692428,-1.2669414835207395,0.7486630996025051,0.0,0.008009815907813338,0.22065407476471252,53.30498511576918,0.02779000441660644,67.07633223102489,-0.02275818828796268,43.557369665999154,53.30498511576918,-0.037216170133033535,45.43636510617717,-0.10971068718381122,44.629091695845524
2024-07-05,KZTK,38531.0,1700.0,7.031485715151269,1.5662638540057447,0.9999999982728843,0.0,0.0015462916171806382,0.10427618166101753,51.56363269235212,0.007113688256785985,54.54382246693268,-0.02817731812933144,41.962257958839395,51.56363269235212,-0.03247632752312815,46.42353553645414,-0.12070499350553854,43.85240764299647
2024-07-09,KZTK,39335.0,2780.0,8.452454996374406,1.99003287634498,0.9989130325455226,0.0,-0.019299901638550478,-0.2710664242065569,45.94294270947504,-0.010036138500991686,43.61411713717725,-0.04765224324635155,36.38824958281488,45.94294270947504,-0.05486679352771574,41.797665444210224,-0.1365719484747418,42.73688436676662
2024-07-10,KZTK,39775.12,3900.0,8.393420690229423,1.8718007038902502,0.55905882298132,0.0,-0.03048370315133918,-0.47243447024833335,42.96055487218731,-0.022080813025272594,36.233995750051356,-0.05946796253537393,33.166532563232145,42.96055487218731,-0.07327815176365982,38.09553696601849,-0.14530633537860962,42.125877864506144
2024-07-11,KZTK,39588.0,1530.0,6.456929995940007,0.6298341921384634,-0.22187893315371743,0.0,-0.03312741643691931,-0.5200354025434213,42.26214535654458,-0.01985032188686326,37.56356856870566,-0.05936413054460947,33.19421995512811,42.26214535654458,-0.0711955651544239,38.508282194743614,-0.14553263988125306,42.110078090463624
2024-07-12,KZTK,39105.0,1100.0,4.494367829252517,0.09531006412264714,-0.9999999979181846,0.0,-0.01618710796938645,-0.21501954442475774,46.77917288896822,-0.01506265366138786,40.479291889782864,-0.04323487862348621,37.62669407834994,46.77917288896822,-0.06392740287139022,39.961407038147016,-0.1270876166730597,43.4028654688413
2024-07-15,KZTK,38904.85,440.0,3.651090315604675,-0.9520069891211431,-0.9999999974368833,0.0,-0.01739792958598152,-0.23682078819326388,46.45365297911705,-0.02775296816086355,32.949967921838855,-0.02854801213220426,41.85371687665601,46.45365297911705,-0.051774712624069706,42.42983517238963,-0.12734596184920918,43.38469197349184
2024-07-16,KZTK,39042.0,320.0,3.830587277127015,-1.2704595976036022,0.4698271376160395,0.0,-0.014813273068563575,-0.19028319254598433,47.14884844783992,-0.022894179345320426,35.754228976733785,-0.02495034267126245,42.910311408078414,47.14884844783992,-0.05758165034724509,41.24482427891276,-0.13158911776328788,43.086461824639386
2024-07-17,KZTK,39000.0,250.0,3.664339032935665,-1.5173184811361857,-0.20771160647640183,0.0,-0.013712210012210011,-0.17045818796474535,47.44535362608772,-0.017233638583638584,39.14745271572855,0.000219749694749697,50.43036655547651,47.44535362608772,-0.05911984126984127,40.93256192142747,-0.13846394993894998,42.60433616624073
2024-07-18,KZTK,38905.0,1160.0,3.3465107633226814,0.017391722528892078,-0.432584268447797,0.0,-0.014355744405888987,-0.1820452376157635,47.27203307967551,-0.023425681605375732,35.442249003080015,-0.012396320350956683,46.642030610016505,47.27203307967551,-0.03387047519089031,46.13284922743407,-0.13497318564961855,42.848970539321876
2024-07-19,KZTK,38617.71,510.0,1.9880716239798712,-0.7955607723519281,-0.9999580066766842,0.0,-0.010943110958368436,-0.12059964343222802,48.19179425087078,0.0007216082598348328,50.46490724872267,0.003935551174639352,51.547152929452544,48.19179425087078,-0.02001436628705177,49.03040063671962,-0.1274159475631529,43.379769079222484
2024-07-22,KZTK,37926.54,1630.0,-0.31578148024628305,0.5294014662061883,-0.9021712991718522,0.0,0.001997434774095974,0.1123991634476021,51.6853487408906,0.02226490953112444,63.88043219090862,0.022379044448256245,57.046044090501546,51.6853487408906,-0.020869127796599902,48.85126597489729,-0.0921997640099594,45.87141685928787
2024-07-23,KZTK,38250.0,290.0,0.12514397169522293,-1.1970492990799093,0.9999999933333334,0.0,-0.004017390289449113,0.004100248365447308,50.06150369446164,0.013165266106442577,58.35093893617026,0.013480009337068092,54.406023416585484,50.06150369446164,-0.029651447245564892,47.01326139784875,-0.09457189542483659,45.70278851430864
2024-07-24,KZTK,38430.0,20.0,-0.6288254619328801,-2.853475959039239,0.9642857114158163,0.0,-0.00403682669789227,0.0037502894015124665,50.05625431728673,0.008810219880301848,55.61848823435641,0.0011760603695029938,50.71787202098557,50.05625431728673,-0.03439730679156909,46.02306972749487,-0.09591563882383553,45.60730889055663
2024-07-25,KZTK,38097.0,260.0,-1.528569802991235,-0.939102938421158,-0.9999999973482538,0.0,-0.0025087654070999194,0.03126353845256829,50.46893932650591,0.016997362090753303,60.71412337830762,0.014997864380022423,54.858492670717595,50.46893932650591,-0.0251246885769034,47.95994634898514,-0.07856947322436336,46.842073544088365
2024-07-26,KZTK,38749.86,2960.0,-0.04745571935373938,1.8296279281399381,-0.0693371346619114,0.0,-0.024531365300416587,-0.36526065810134783,44.542914433442775,-0.007851359741318158,44.99431983606922,-0.008619816899246326,47.77396254591139,44.542914433442775,-0.03861596491666589,45.14547851525797,-0.08749898821385604,46.20585801407109
2024-07-29,KZTK,38874.08,30.0,0.24896296043445632,-2.853475959039239,0.9999999973758102,0.0,-0.02299658594564243,-0.3376264480858423,44.95285146418147,-0.03776784800794998,27.55060835406824,-0.005683640375969554,48.65566576312819,44.95285146418147,-0.04578801201783366,43.66069524461986,-0.08742258580067294,46.21129663991058
2024-07-30,KZTK,38858.0,80.0,0.1706403609652341,-2.30880256695618,0.9050093130100324,0.0,-0.027998024635077494,-0.42767900625558697,43.619786561766574,-0.028001821222080885,32.80935623849405,-0.005234509777970585,48.790622517764305,43.619786561766574,-0.04739024194319243,43.33044685884103,-0.09720597989260049,45.515654134334184
2024-07-31,KZTK,38874.0,2530.0,-0.047271725876105904,1.6726578855676366,0.2055172412375743,0.0,-0.030571257934670498,-0.4740109230869212,42.937378339781205,-0.027755822474073745,32.9483533861896,-0.008717089522437571,47.74477328070628,42.937378339781205,-0.043210508798878916,44.193134428728115,-0.09770849178175155,45.47996818553757
2024-08-01,KZTK,38848.0,180.0,-0.12374979965400865,-1.4978801233241519,0.8566978166458012,0.0,-0.03237518435710363,-0.5064912150943492,42.46056614667838,-0.028270423759838917,32.65793066754694,-0.012048095630344395,46.74627731651045,42.46056614667838,-0.04255759328992442,44.32822545614399,-0.09804102730054132,45.456355681571495
2024-08-02,KZTK,38549.0,680.0,-1.2051196826132107,0.35877730329320245,-0.9999999973863043,0.0,-0.020065776745902042,-0.28485625887977306,45.73752717487344,-0.025226263759544128,34.394641216429335,-0.00959050054620238,47.48275419469049,45.73752717487344,-0.03152219087683497,46.62261886091967,-0.07093408807261176,47.38690760401531
2024-08-05,KZTK,37508.69,1360.0,-3.8477785585738515,0.82667751672581,-0.9999999989912338,0.0,0.008041655110085387,0.2212273501346053,53.31354657783769,0.006441335275736062,54.11669022226262,0.02082035722847745,56.586089951204244,53.31354657783769,-0.007826539068531708,51.58513276001094,-0.042188287873137886,49.44262128078899
2024-08-06,KZTK,37872.0,470.0,-2.7774424668367126,-0.23582821893302658,0.9999999981884058,0.0,-0.025528909409137546,-0.3832217697845198,44.27686606195883,0.006732657372201075,54.301839270179656,0.015694541010320476,55.065906361334896,44.27686606195883,0.014567635343110633,56.248151915862756,-0.052205045567022754,48.72571815731204
2024-08-07,KZTK,37896.0,180.0,-2.5166580205220743,-1.0014450782092734,0.9999999970588236,0.0,-0.012972313700654423,-0.15713611010409176,47.64470278281958,0.013352246499190767,58.46723691002196,0.0076458093328106,52.660734210014695,47.64470278281958,0.019177602360344596,57.19720546652087,-0.05951610120932482,48.20277716674152
2024-08-08,KZTK,37850.0,40.0,-2.053316072411939,-2.4313997460789256,0.7252671756771677,0.0,-0.007140855192803672,-0.052138770518189846,49.2179822175068,0.03942022761107966,73.2905176428875,0.0037643968463651426,51.49573777997944,49.2179822175068,0.023072614853955675,57.99499340523653,-0.05761311830324371,48.33885938024589
2024-08-09,KZTK,37676.0,50.0,-2.2457569590479105,-2.0281356639743944,-0.24451358340875168,0.0,0.0008198074392017467,0.09119559370238899,51.36759270942552,0.028649446955410926,67.56044384532773,0.013277729496441673,54.345667624497786,51.36759270942552,0.03270704271339424,59.949676403736675,-0.05837673079742567,48.2842504155081
2024-08-12,KZTK,37847.0,50.0,-1.6762188500635327,-1.8082775345458428,0.9256942910749731,0.0,-0.011693848823647091,-0.13411692705424766,47.98933097533869,0.033068346907200716,69.98918522652782,0.0030762724373532366,51.2889927917797,47.98933097533869,0.03893009128022141,61.19602259063428,-0.05944110180882836,48.2081398788163
2024-08-13,KZTK,38224.71,3060.0,-0.6526669484679879,2.4093969377906688,0.9999999978934507,0.0,-0.01649088492757693,-0.2204891490518948,46.697477969147755,0.02277683437998237,64.18230113381226,-0.00917581966799559,47.60714006077762,46.697477969147755,0.03225044488892134,59.857698875502294,-0.08344617507609232,46.494474740635866
2024-08-14,KZTK,38500.0,660.0,0.21946824640353196,0.8754670626603358,0.999999997979798,0.0,-0.021725108225108224,-0.3147330710997748,45.29298350171278,0.015286637806637738,59.66463714286383,-0.01883603896103896,44.720423177607884,45.29298350171278,0.029250036075036075,59.251593105548594,-0.08635010822510823,46.28764929193888
2024-08-15,KZTK,39440.0,1320.0,2.6813059887340973,1.245214244919485,0.9933950187487729,0.0,-0.04609300685791558,-0.7534851473255039,38.88637062279313,-0.01630160420490035,39.717376994928436,-0.03790642647863743,39.14224025605004,38.88637062279313,0.003152239286519254,53.87973674526273,-0.1087902532277279,44.69423953924777
2024-08-16,KZTK,38853.1,110.0,1.0270556454075532,-1.2396856032212906,-0.9086014489853544,0.0,-0.03528009211170783,-0.5587950402120745,41.695719860609245,0.0034363258138010084,52.20114620535211,-0.022726105149706514,43.56685651696703,41.695719860609245,0.013648952554418177,56.058451944579005,-0.08028844762157233,46.71951272839727
2024-08-19,KZTK,39197.0,330.0,1.9275765975031514,0.1823210731588774,0.9885386791159351,0.0,-0.04133389106754612,-0.6677956931182376,40.11495943314032,-0.011689470586305803,42.57606795714965,-0.05433619314484304,34.54858108528809,40.11495943314032,0.00890503359910521,55.07617390469435,-0.0998362973802255,45.328913663608084
2024-08-20,KZTK,39194.99,130.0,1.722570269919558,-0.7492336742163398,0.9999443582041161,0.0,-0.04031811486206017,-0.6495063065013044,40.37886107319522,-0.005567101606142674,46.445619202104,-0.041533573466672,38.10811876688962,40.37886107319522,0.024607905425145564,58.308335942398315,-0.10200727948923918,45.17488262968609
2024-08-21,KZTK,39188.88,50.0,1.676166558569023,-1.4815933364784548,0.9999999971699448,0.0,-0.051350586456449535,-0.848149607299624,37.545382672000564,-0.0053902439234219425,46.558268966769425,-0.03692202163325042,39.424633635438674,37.545382672000564,0.03011255756370545,59.426126367216206,-0.09867851968648833,45.411094686090514
2024-08-22,KZTK,38900.0,300.0,0.920435124538313,0.31015404770029914,-0.6352165653797537,0.0,-0.02466615354796589,-0.36768756508886563,44.506947329619436,-0.0010762343412086337,49.314192120484094,-0.02648487881013588,42.45878640382408,44.506947329619436,0.04297579467091035,61.99861555937707,-0.09602095931774596,45.599826702820245
2024-08-23,KZTK,39088.0,140.0,1.367928278509395,-0.5389943325868568,0.9999999973066875,0.0,-0.031381094510392504,-0.4885922985413968,42.7231554106664,-0.00988192682039387,43.711239922381395,-0.03888544708236685,38.862110575008145,42.7231554106664,0.035391034474916996,60.488906630467945,-0.10768273752672033,44.77265307141984
2024-08-26,KZTK,38841.0,40.0,0.8356710161339838,-1.5040659732676966,-0.8387952537484606,0.0,-0.0328818297981637,-0.5156135338681203,42.32689810182741,-0.008814307414477338,44.384912418848835,-0.027656751058344094,42.114813783603026,42.32689810182741,0.05632918706423379,64.59948538825091,-0.1011677089195143,45.234439307683274
2024-08-27,KZTK,39078.99,170.0,1.4530215644433928,-0.05715822168373206,0.9304861078802424,0.0,-0.041349319646292904,-0.6680734897826266,40.110955416939284,-0.012327210652614783,42.17735179024297,-0.031761554275803176,40.91618420668356,40.110955416939284,0.07863615991610844,68.75223781779424,-0.11016231668584207,44.59713232295436
2024-08-28,KZTK,39080.0,20.0,1.4405200919764307,-2.1971982444362803,0.8611062854227349,0.0,-0.045984619258826014,-0.7515335927473161,38.91420130865098,-0.007718897743334795,45.07827110927563,-0.032458121314032265,40.713808110535176,38.91420130865098,0.08073818987506295,69.12971452974847,-0.11789451917921726,44.05068050617711
2024-08-29,KZTK,38960.0,40.0,1.374642214441693,-1.4758975134455978,0.014084506992660187,0.0,-0.03583132068707018,-0.568720093067866,41.55102270488975,-0.011839849581174016,42.48196171408472,-0.03326360451093511,40.48018091213898,41.55102270488975,0.07654533098660408,68.37428850446277,-0.11495813043903391,44.25803919027033
2024-09-02,KZTK,38804.0,60.0,0.9840937227008956,-0.9490758557973997,-0.7736233424003197,0.0,-0.03426426182540501,-0.5405046798521427,41.96274799997373,-0.012847570697178986,41.85277320917187,-0.026761695079708738,42.377466972539544,41.96274799997373,0.08217226120527585,69.38578702802822,-0.11608630193581745,44.178347126706726
2024-09-03,KZTK,38600.0,1110.0,0.4718059390290119,2.1068377245816334,0.5624888389718231,0.0,-0.03169891644049675,-0.4943147875341722,42.6391572646934,-0.002907083230528826,48.14310514653923,-0.020586571675302246,44.20053744822634,42.6391572646934,0.08662238259725306,70.17278683780128,-0.1133488239164405,44.371768875021
2024-09-04,KZTK,38699.0,1400.0,0.2786337404771627,2.33894994948445,-0.1572871570601917,0.0,-0.011229154489862132,-0.12574995184515086,48.114645033867845,-0.010914138803061644,43.062105398085194,-0.03445041570328916,40.136738343163756,48.114645033867845,0.08420276681609015,69.74632088472588,-0.11611011323864238,44.17666545945504
2024-09-05,KZTK,38880.0,70.0,0.6100633068751999,-0.6567763517489791,0.9873737319533564,0.0,-0.009529350382128161,-0.09514441655942805,48.57322120630343,-0.01772010582010582,38.85114630086108,-0.019463786008230455,44.53385150534343,48.57322120630343,0.07418036449147561,67.94384167398617,-0.11608490593768372,44.17844571913693
2024-09-06,KZTK,38600.0,550.0,-0.1571846877743191,1.5224235547695741,0.29577464580440394,0.0,-0.021211507936507938,-0.3054855279952528,45.43050287978346,-0.013061220083888478,41.719710076179815,-0.01423641746854182,46.09167588630029,45.43050287978346,0.08089976971790443,69.15862598886021,-0.10886798256435562,44.6887371890383
2024-09-09,KZTK,38407.0,150.0,-0.6561348605687755,0.10536015788126452,-0.999999997368421,0.0,-0.016414798125011107,-0.21911918100080538,46.717938393596,-0.0033692666908024783,47.84774495795839,-0.017061148699331844,45.24872353428584,46.717938393596,0.08668629833929908,70.18400527398168,-0.10385484283618927,45.0438707903968
2024-09-10,KZTK,38590.0,100.0,-0.18574387258484643,-0.3715620419559682,0.9841269815234736,0.0,-0.0211862537379122,-0.3050308177949904,45.43726665014479,-0.007599468774293859,45.15398640052145,-0.024264780846259208,43.11241917783274,45.43726665014479,0.08235616328763518,69.41853922229643,-0.11875794164949388,43.98974742347553
2024-09-11,KZTK,38380.0,1930.0,-0.7376986081039881,2.588538410870503,0.009786687599230938,0.0,-0.01522671385559617,-0.19772733069020362,47.03756381566175,-0.02556551341224348,34.19891187058107,-0.023542786835074485,43.32551557221439,47.03756381566175,0.08633241126744254,70.12186085588507,-0.12046766462360523,43.86914318498486
2024-09-12,KZTK,38295.0,590.0,-1.192325278130473,1.4033865369731715,0.95999999616,0.0,-0.00950226857292075,-0.09465679962549584,48.58052953492354,-0.010340657116744072,43.42247527654648,-0.014061713576930968,46.143889285752365,48.58052953492354,0.09630632775632778,71.84438299409071,-0.11097072631637854,44.53993672288046
2024-09-13,KZTK,38199.0,130.0,-1.4096047955907554,-0.10919894939312341,0.9887640393889661,0.0,-0.011051050638323947,-0.12254313307822731,48.1626806500471,-0.003267177587545922,47.91297318546627,-0.013960329895197954,46.174193509448784,48.1626806500471,0.10021508918209027,72.50272202790707,-0.10068466081136504,45.26871152285802
2024-09-16,KZTK,38380.0,30.0,-0.600780782347577,-1.504067778330446,0.9999999971181557,0.0,-0.017831045021795413,-0.24461917489752047,46.33728516239423,-0.0047248951586888015,46.98236902166575,-0.021287759621826843,43.99264312421668,46.33728516239423,0.09847876063922181,72.21146009251183,-0.11477575374078763,44.270924748927534
2024-09-17,KZTK,38399.0,80.0,-0.5398227227628397,-0.5232462747898939,0.11170212736249434,0.0,-0.01369869142384247,-0.17021478130899398,47.4489952083544,-0.013011826779549897,41.75046211573806,0.0014026643385637132,50.78599204243683,47.4489952083544,0.09610772450051404,71.81067815715994,-0.11604721580464436,44.1811076038004
2024-09-18,KZTK,37500.0,990.0,-2.79337598033041,2.0301681238344385,-0.9999999990548203,0.0,0.01032261904761905,0.2622968604140648,53.92635230043739,0.015948015873015874,60.071482783506525,0.03230071428571428,59.94226766648389,53.92635230043739,0.12194591428571427,75.98370877434026,-0.09135079999999997,45.931790581622764
2024-09-19,KZTK,38000.0,970.0,-1.12748129573728,1.9720187584126199,-0.05630026794557569,0.0,0.00022061403508771837,0.08040691823728982,51.20586989430775,0.004486445279866333,52.8715717851544,-0.000715664160401001,50.14911584289366,51.20586989430775,0.10921530910609858,73.9817273700422,-0.11130885129490388,44.516018401663274
2024-09-20,KZTK,38175.0,1110.0,-0.5384909483180621,2.035378892819263,0.9999999963636363,0.0,-0.00845710231702367,-0.07583823542814941,48.86262270845353,-0.0008171141672123994,49.48002671246877,-0.005562836405026976,48.69196363110253,48.86262270845353,0.10188793307761873,72.78153530954518,-0.12402853868462907,43.618192309529476
2024-09-23,KZTK,38300.0,100.0,-0.10932737526917818,-0.3715620543696595,0.6666666648148148,0.0,0.020143288159476146,0.43912125662819085,56.54897792146883,-0.007969551162501554,44.9194369610892,-0.008891018069542872,47.69258519726054,56.54897792146883,0.09419996270048489,71.48566813513017,-0.1248673235525716,43.55912639360459
2024-09-24,KZTK,38002.0,440.0,-0.8574030955467602,1.1451299569057316,-0.9799999951,0.0,0.0335768826076823,0.6809975687443925,60.07517877704489,0.0024996714876325933,51.602482694633004,-0.00048695739071385677,50.21788261897385,60.07517877704489,0.1030273599217418,72.97042732761783,-0.11924845680636692,43.955139051336864
2024-09-25,KZTK,38200.0,90.0,-0.29809299516627286,-0.575361704636418,0.9999999952380952,0.0,0.03078351408626278,0.6307020444193551,59.34922656368931,-0.0016695213163799554,48.934556498446646,-0.0021687110446272743,49.71221629889938,59.34922656368931,0.08321224964680454,69.57074614117123,-0.11705826892711707,44.10971309708589
2024-09-26,KZTK,38275.0,410.0,-0.06560423767829181,1.0745123945859274,0.9986191322409107,0.0,0.03345274045389982,0.678762348197067,60.04300749969127,-0.015045506878998062,40.489869783882746,-0.008184034970400173,47.90474900738894,60.04300749969127,0.08101208878935864,69.17871438343333,-0.12434058453339972,43.59621640549948
2024-09-27,KZTK,38249.0,2640.0,-0.12696389309451434,2.2437429407812424,-0.501999999498,0.0,0.045107371901412924,0.8886078429726227,63.02209263932437,0.005490455337145446,53.51159586889317,-0.009546215276091875,47.49603634859084,63.02209263932437,0.105235202435005,73.33408150990745,-0.11612170108607466,44.17584707548621
2024-09-30,KZTK,38100.0,530.0,-0.48494817571066473,0.22078753579086635,-0.7876801380406063,0.0,0.053196662917135366,1.0342582037946246,65.03447464590006,0.007437923384576928,54.74956766289113,-0.0009719472565929265,50.07205685262086,65.03447464590006,0.11040976752905887,74.17408893728845,-0.1095427321584801,44.640978097121256
2024-10-01,KZTK,38199.99,60.0,-0.19862477062590572,-2.08979452894878,0.08780219731974576,0.0,0.055059515502054734,1.0677994808514586,65.49070889577678,-0.0030939957812753317,48.02364113691156,-0.0036344282606954516,49.271551778020736,65.49070889577678,0.11071370273139819,74.22288796454883,-0.11220570318897735,44.45258912860355
2024-10-02,KZTK,38238.0,400.0,-0.022419600302047534,-0.060624530860689,0.8147344020415836,0.0,0.05322084152139861,1.0346935475631043,65.04041415045336,-0.00661847271101547,45.776733821463495,-0.0012500051058657678,49.98845027208587,65.04041415045336,0.10835177858475359,73.842082911075,-0.11329713193557146,44.37542293156123
2024-10-03,KZTK,37800.0,2230.0,-1.022675275226836,1.7058686485776098,0.41935483843912585,0.0,0.06031084656084656,1.1623514338003917,66.76134767987581,0.00016203703703703736,50.1067475076739,0.006401587301587363,52.28753843634525,66.76134767987581,0.12273002645502647,76.10350735228633,-0.10667222222222215,44.844221549846466
2024-10-04,KZTK,38560.0,3350.0,1.147282006249939,2.0646250660715344,0.06381289591897386,0.0,0.04362241816505302,0.8618707596998826,62.64746544337163,-0.012355753144964763,42.15953039220454,0.018019334123690972,55.75672756561616,62.64746544337163,0.09657905881578081,71.89062805888962,-0.13105131561614963,43.124233964375925
2024-10-07,KZTK,38485.0,150.0,0.7559049967308596,-1.0414503526842678,0.5867768578876671,0.0,0.06165321100160648,1.1865211496347339,67.08236565007024,-0.012787818280055515,41.8900089682419,0.02525209559073727,57.8906194213674,67.08236565007024,0.11912375399815638,75.54914161395064,-0.12971688536659304,43.21799116056964
2024-10-08,KZTK,38185.0,390.0,-0.03138713530212503,-0.08594225738779783,-0.9777158747138833,0.0,0.07564193436922584,1.438392741591667,70.32944971444199,-0.007617054398905912,45.14283609116506,0.03603373743325622,61.01536427522931,70.32944971444199,0.12977193924315833,77.16093611884214,-0.118923260660818,43.97808266070573
2024-10-09,KZTK,38089.0,450.0,-0.27580766187500566,0.0571583052127042,-0.010526315734072023,0.0,0.08348841742627022,1.5796712647924018,72.06730804709997,0.018277709485344892,61.49321766061486,0.04340726331436773,63.10307233905511,72.06730804709997,0.14322141079768486,79.08765816800766,-0.12112013236959217,43.823136973256354
2024-10-10,KZTK,37910.0,530.0,-0.6747745377687617,0.22078748474773321,-0.9999999978021978,0.0,0.08623684499210746,1.6291576123448985,72.66108009794488,0.02967285509121436,68.13204779951695,0.059450993999991625,67.47181000455915,72.66108009794488,0.13741979751541872,78.27153861050962,-0.11642397323652931,44.154500426006045
2024-10-11,KZTK,38190.0,370.0,0.09564889769839607,-0.13858589956645853,0.7272727239669422,0.0,0.0925591977456078,1.742993665220425,73.99668373241897,0.0029384649434531602,51.883005718769326,0.05555388969937282,66.43480491935699,73.99668373241897,0.2117886479257846,87.04866866112953,-0.12270940815970277,43.711119992041986
2024-10-14,KZTK,38099.0,450.0,-0.144157667069189,0.05715831370940518,-0.4799721151805007,0.0,0.12492392461661077,2.325731279370425,80.14590921135084,0.005147295225429822,53.2929617193452,0.0627996092781671,68.34943600896834,80.14590921135084,0.190111553411184,84.85752462915653,-0.12597420839067136,43.481209293626875
2024-10-15,KZTK,37999.0,120.0,-0.4010240524245075,-1.3105777496101287,-0.06951871620578226,0.0,0.13014155377731326,2.419676418495061,81.02762006495475,0.007771163255340472,54.96085780309943,0.06486898065822122,68.88537971693705,81.02762006495475,0.19092219640700647,84.94467661158723,-0.1234031389923794,43.6622437715433
2024-10-16,KZTK,38890.0,6080.0,1.9408259900624363,2.6146840495315646,0.6666666661375661,0.0,0.09625987737085062,1.8096256261247405,74.75853628501883,-0.014860648369230348,40.60396537962093,0.035077638496042965,60.741492833758016,74.75853628501883,0.193099413792259,85.1767064220379,-0.14998876328023278,41.79930046214765
2024-10-17,KZTK,39139.0,6760.0,1.9348303456596703,2.720701696293592,0.999999999037536,0.0,0.09036337454380135,1.703457142053831,73.53764481035422,-0.017695781538894548,38.865942826504096,0.03289838647928405,60.114746573851185,73.53764481035422,0.2084952418770381,86.73407420348647,-0.16620515786835452,40.67399768809339
2024-10-18,KZTK,38407.0,2760.0,-0.4971243375378218,1.824909164014722,-0.9999999966101695,0.0,0.11003259717040668,2.057608002380803,77.4616522519777,-0.002956340878667621,48.111620306803275,0.06879697900432337,69.88881823154465,77.4616522519777,0.21456872688965017,87.30926532136507,-0.15039849238998673,41.770757523907335
2024-10-21,KZTK,38400.0,590.0,-0.5098796733206443,0.282047472989372,0.42361451216572327,0.0,0.11072901785714287,2.0701472872340596,77.59273164968093,-0.004784821428571428,46.944152626442204,0.07447931547619047,71.30721539087284,77.59273164968093,0.21569724702380946,87.4137643795501,-0.1428043650793651,42.300663302105875
2024-10-22,KZTK,38400.0,220.0,-0.502143295052369,-0.7156166909737599,0.23287671153124415,0.0,0.10590734126984126,1.9833314051817859,76.67408573194565,-0.00011210317460317448,49.93127475839918,0.0795611607142857,72.54128708480536,76.67408573194565,0.2171057663690477,87.54315665144283,-0.1502075396825397,41.78405916800945
2024-10-23,KZTK,38420.02,25920.0,-0.4699187917805799,4.053519447282503,-0.7633705352883012,0.0,0.10401615132047196,1.9492799045035176,76.30669104604273,-0.0006297807536484999,49.59992575637986,0.07657246252869183,71.81951651482112,76.30669104604273,0.24418112984815965,89.81589828643098,-0.15138186300139334,41.702275549885826
2024-10-24,KZTK,38555.0,14180.0,0.1021255982969487,3.365177048810749,-0.24668874151764175,0.0,0.10028654025479988,1.8821270234432292,75.57053022318799,-0.0007586952673257954,49.517415996198,0.08703279725109253,74.29456644139805,75.57053022318799,0.24790398070783234,90.09795806480068,-0.1576127509041917,41.26911020971319
2024-10-28,KZTK,38400.02,11700.0,-0.32517234916581694,3.0944609735523727,-0.6104771172244685,0.0,0.10578612176834773,1.9811488079557893,76.65065618992493,-0.0006887783284304553,49.56216496464414,0.12094831896809619,81.29426252114891,76.65065618992493,0.21920410815076224,87.73380166681494,-0.15189664033367764,41.66643917691897
2024-10-29,KZTK,38322.0,620.0,-0.5030697865203497,0.15684141373992314,-0.9845139031573787,0.0,0.10592848084278333,1.9837120301859614,76.6781699544065,0.033227600706792815,70.07475916815145,0.12543728257546952,82.10143478772099,76.6781699544065,0.21650428698174112,87.48804247194894,-0.1521886711847726,41.64611327647461
2024-10-30,KZTK,38500.0,1950.0,-0.04428474593178786,1.2476429462066947,-0.5209580832084334,0.0,0.10819718614718615,2.0245608197205223,77.11359435604368,0.0336517316017316,70.30197921387598,0.11247546897546898,79.69500906419302,77.11359435604368,0.1847777777777778,84.27372522276806,-0.16048795093795093,41.06967966696159
2024-10-31,KZTK,38500.0,180.0,-0.043818350162813824,-1.2122561489132,0.011235955026474672,0.0,0.10927279942279941,2.043927592580284,77.31802501628042,0.036249531024531025,71.67164621039664,0.11367103174603174,79.9267026162424,77.31802501628042,0.1586881313131313,81.15222376645406,-0.17259517316017323,40.233181368502414
2024-11-01,KZTK,38630.0,30.0,0.29011949903220857,-2.853475959039239,0.7777716026062611,0.0,0.10908661661920786,2.040575309608976,77.28273173073565,0.03741354147405791,72.27281320778792,0.10846184898240943,78.9026524936793,77.28273173073565,0.12870876600963968,77.00342179892851,-0.19640491979257835,38.605025518817705
2024-11-04,KZTK,38477.19,3040.0,-0.16077199730337272,1.6916704167088226,0.39956777917571096,0.0,0.11176237235000536,2.0887531767304233,77.78622740236155,0.052429936908879,79.29016227712509,0.1133839579786163,79.87125048717215,77.78622740236155,0.10472513026858361,73.25034455861922,-0.17459395842798597,40.095614702001406
2024-11-05,KZTK,39699.0,19400.0,3.018560118130495,3.5450849290204154,8.578229879384959e-05,0.0,0.0758360098131295,1.441887134162823,70.37318183466141,0.0237535835735337,64.75514110275935,0.07406331501693098,71.2047380452362,70.37318183466141,0.05692099180260029,64.71290591331338,-0.20488194287009753,38.031245395715274
2024-11-06,KZTK,39900.0,4740.0,2.9104814969776096,2.0585570542079914,0.19516301017755383,0.0,0.0727201545530493,1.3857851294237482,69.66658915797896,0.02306645781119465,64.35258974952315,0.06733393901420218,69.51722433754588,69.66658915797896,0.036307059314954,60.67236610233853,-0.21731299081035924,37.19588226692943
2024-11-07,KZTK,40000.0,10370.0,3.0203338120766436,2.088154891943212,-0.7783609276615713,0.0,0.06802142857142858,1.3011830137010452,68.58330736949618,0.019776837301587354,62.397982738331606,0.06481547619047619,68.8715854085294,68.58330736949618,0.02598531746031746,58.58888728775269,-0.2173888888888889,37.19080478771505
2024-11-08,KZTK,40180.0,120.0,3.1821307614411367,-2.853475959039239,0.056872230347273664,0.0,0.05937521984403517,1.145505165241946,66.53667194413777,0.010216365245285106,56.50528586718559,0.06093209861180244,67.86154779479851,66.53667194413777,0.02118539765499696,57.60894271804408,-0.22473490957358558,36.7007183219543
2024-11-11,KZTK,40599.0,7530.0,4.24114549600914,1.1623527151376012,-0.3553482625565574,0.0,0.048220984331070776,0.944669464807974,63.80248521976932,0.004075974777703884,52.60962585695543,0.04784510587875141,64.33688437989206,63.80248521976932,0.010233305535322916,55.35163961687738,-0.24382423080441812,35.44017775774283
2024-11-12,KZTK,40750.0,33440.0,4.337042560512421,2.445040212703975,0.30365659767769265,0.0,0.031202659947414474,0.6382489043104306,59.458425109676824,0.015421874087058135,59.74793769591287,0.05097214918687312,65.1950920569318,59.458425109676824,0.018766311227967673,57.11273717019847,-0.2263458029019379,36.59361092550524
2024-11-13,KZTK,40929.0,370.0,3.782595329704291,-2.3526431194978357,0.9045202118030091,0.0,0.02659750116054639,0.5553314968829706,58.25375138561502,0.016108304625082462,60.16987753679683,0.0473393638984583,64.19719884856171,58.25375138561502,0.00922554769641741,55.142673373018134,-0.20805821727870213,37.81710319940162
2024-11-14,KZTK,40900.01,17490.0,3.696385468229741,1.5032186321978234,0.3162564099861091,0.0,0.04928768603368942,0.9638757818478578,64.06820058488066,0.021569748012791018,63.4687554669578,0.0514927174522016,65.33702533795476,64.06820058488066,0.00626282475420898,54.52730491392309,-0.20679140379270605,37.90245444882444
2024-11-15,KZTK,40700.0,400.0,2.7236859908201394,-2.2746817881345587,-0.9999999971180726,0.0,0.055211731211731216,1.0705401750598962,65.5278638601777,0.024313138138138138,65.08141731642121,0.05501923091923092,66.29126099398268,65.5278638601777,0.041543901368901445,61.71527867190392,-0.18532258687258685,39.35992866323192
2024-11-18,KZTK,40875.0,1550.0,3.1034592808391612,-0.6264534777331668,-0.09701540797571667,0.0,0.053720216251638274,1.0436849547832712,65.16298161312034,0.033369357070045146,70.15081324140728,0.04929246541430027,64.7352921672901,65.16298161312034,0.06404064001747489,66.06413455525006,-0.1820492973642056,39.58389106004624
2024-11-19,KZTK,41489.0,750.0,4.560960865557553,-1.201963628669035,0.36141906833545556,0.0,0.03675146370791718,0.7381569516630232,60.89484372743629,0.04531619411838747,76.13998135229949,0.03587504532660599,60.96995498091265,60.89484372743629,0.04071265884397739,61.55042862661075,-0.1821512515365518,39.57690858319824
2024-11-20,KZTK,41699.0,750.0,5.05389394745917,-1.2019636212088805,-0.25563909678331165,0.0,0.03247102774913334,0.6610862861794105,59.788294713744115,0.04204865277877701,74.58707210609946,0.028699487997314088,58.897928557588585,59.788294713744115,0.03284302954240843,59.97705621487741,-0.189608695385714,39.06734412796393
2024-11-21,KZTK,41893.0,1900.0,5.511871827649598,-0.2724338732492005,0.9609756074122546,0.0,0.02455645077841925,0.5185817095363532,57.7165700471159,0.030134929321070803,68.3883657987835,0.020253554340441765,56.418545694283175,57.7165700471159,0.02545218904245472,58.48036470407205,-0.19541460055644413,38.67226718148413
2024-11-22,KZTK,41800.0,390.0,4.522187108698626,-1.5965211655512739,-0.2657995497775213,0.0,0.0455949096225412,0.8973861209278421,63.14475094406824,0.03353444026733501,70.23924232801085,0.022507249183564976,57.083823142194646,63.14475094406824,0.0277385395306448,58.945176932905156,-0.18909932596643123,39.10207474758798
2024-11-25,KZTK,42350.0,15940.0,5.4215042611067945,2.223601605818957,-0.4394048438096465,0.0,0.03318903646858193,0.6740142707033658,59.97464022651566,0.018777095631641087,61.79552920467513,-0.003512563951200391,49.30818663181642,59.97464022651566,0.025592437360619183,58.50892139957179,-0.2048872917486554,38.03088438363487
2024-11-26,KZTK,43482.0,21780.0,7.0181824669454675,2.535761838626593,0.4797385617779486,0.0,0.015034959676801199,0.34714411237008336,55.188417698012046,-0.007402435764333791,45.27894980715691,-0.0298003496794513,41.487614801454484,55.188417698012046,0.0032572530833776883,53.90162135418962,-0.23552461702817362,35.985869798098605
2024-11-27,KZTK,43566.0,16149.999999999998,6.057938491077175,2.126990830507063,0.7022222214419753,0.0,0.0031378868514765797,0.13293338038303426,51.992944281241705,-0.01360435114320254,41.38198890484146,-0.011089302273725954,47.03345172811852,51.992944281241705,0.0017397963790024146,53.585245249346634,-0.23350633390389625,36.1191259104058
2024-11-28,KZTK,43270.0,340.0,4.600810925449068,-1.9830079884082101,0.2540792534869947,0.0,0.08335199861702636,1.5772149990021542,72.03763112292224,-0.007991005260435582,44.9058466862486,-0.00358618787165124,49.286053714430096,72.03763112292224,0.013793937384675777,56.088401958347376,-0.22921300820613283,36.403300184015585
2024-11-29,KZTK,43318.0,1040.0,4.698033384270126,-0.8649930820442987,0.9421463674135894,0.0,0.060488134885824066,1.1655435687417994,66.80383520785767,-0.00888015999434232,44.34329673781233,-0.0017284768896246808,49.84458353833287,66.80383520785767,0.01795614862255289,56.9462304307101,-0.2277388808457498,36.50109268078523
2024-12-02,KZTK,43265.0,60.0,4.536182340394787,-2.853475959039239,0.682303299373783,0.0,0.05972550033110813,1.1518120812908212,66.62087469957211,-0.006742674483021762,45.697812014917865,-0.001512141719818295,49.90963094794419,66.62087469957211,0.026190863568741188,58.63070565369405,-0.22603914510794493,36.613990254483056
2024-12-03,KZTK,43285.0,4140.0,4.438169626682676,0.8754661248742646,0.14890867700088156,0.0,0.08646333932903183,1.633235717809649,72.7096594754396,-0.009055546571175542,44.23249968407003,-0.0009433964348513277,50.080641513841385,72.7096594754396,0.03262159143623566,59.93246832302289,-0.21683252799367786,37.22803113573517
2024-12-04,KZTK,43100.0,11230.0,3.2493816088714467,1.8733583020341933,0.8713658939123673,0.0,0.11231032114315172,2.0986191760224044,77.88834541155938,0.0019095053953522628,51.225030218752906,0.0004634018340514863,50.50362164895388,77.88834541155938,0.02802345965455009,59.00299087893529,-0.19688231687106397,38.57262625212468
2024-12-05,KZTK,43051.0,1100.0,2.7272315788401382,-0.4499144704943894,-0.12561715583660732,0.0,0.0978852280499356,1.8388906027970962,75.0884343063021,0.004046469414459705,52.59079100138895,0.019822705194982845,56.29109039558045,75.0884343063021,0.03142573224337469,59.691392282170355,-0.19588611501014117,38.64024642854748
2024-12-06,KZTK,43060.0,37800.0,2.372026913164883,3.3508916739051524,0.2056361998070035,0.0,0.09848246356136507,1.8496440257567035,75.20892905338133,0.007111291737627085,54.542301155827275,0.021026007269295703,56.6468421469422,75.20892905338133,0.030037081149226992,59.41086297344518,-0.18985743130663013,39.050388450633
2024-12-09,KZTK,43100.0,18620.0,1.939138319896293,2.379004641194462,0.11523505742404265,0.0,0.09871904853975624,1.8539038165592308,75.25655287565534,0.004621063050123381,52.95744576589465,0.02940118311052193,59.102078450114234,75.25655287565534,0.030359489743306455,59.476050061249644,-0.1829914862077855,39.519380121118644
2024-12-10,KZTK,43020.0,70.0,1.3884237555689938,-2.853475959039239,-0.6853047670081103,0.0,0.1255970595072059,2.3378512957607986,80.26136956603061,0.005440859733014538,53.48000566201219,0.021353833765026232,56.74364578551836,80.26136956603061,0.030036786876535833,59.41080345990374,-0.18126307697416483,39.637750731231286
2024-12-11,KZTK,43309.0,9740.0,1.1862707064636075,1.994823706909103,-0.08598130833085858,0.0,0.12530624844463942,2.332615146373725,80.21155004000545,0.0009501330875542934,50.61116545215994,0.08765183814757518,74.43649834569467,80.21155004000545,0.0354528602599922,60.50129832923075,-0.17128739420341166,40.32327284808786
2024-12-12,KZTK,43352.0,1750.0,1.2040546840875301,0.014388670686363843,0.1039999998336,0.0,0.09419541735867626,1.7724543406447935,74.3353605040682,-0.0018296894085185285,48.83208652577135,0.06492395693283773,68.89954998868787,74.3353605040682,0.05039333547160636,63.45294506121556,-0.1757482529869917,40.016241106354414
2024-12-13,KZTK,43493.0,2280.0,0.9699849793016404,0.3233989367570542,0.7174914503849462,0.0,0.08600778376487508,1.6250332891709787,72.61189534135507,-0.008528772637742472,44.56544717327354,0.05935523640184382,67.44652818034696,72.61189534135507,0.03877014469396462,61.16416377451143,-0.17958929926326406,39.75249568953265
2024-12-17,KZTK,43425.68,150.0,0.7834939049463915,-2.4986548842604117,0.999915138529767,0.0,0.06476846082997981,1.2426122533756383,67.82120812324571,-0.006990373775031753,45.540480760732436,0.0881643938340573,74.55362554992566,67.82120812324571,0.030946040211507646,59.594557620902044,-0.1780765347132907,39.85629953590845
2024-12-18,KZTK,43380.07,1930.0,0.6219561676994291,0.05593979829641605,-0.9996705858831294,0.0,0.04278962624828875,0.8468760657358986,62.436697791479965,-0.018187184779949545,38.567422294600675,0.11029741951126985,79.26780663066393,62.436697791479965,0.03802108464886413,61.014836321201074,-0.1690689836572636,40.47624584845717
2024-12-19,KZTK,43477.0,130.0,0.8192230143958263,-2.689885695051152,0.04301537776634475,0.0,0.017401856473282167,0.3897608722030346,55.81991351795816,-0.020366726851745294,37.2539885528807,0.09224556361856714,75.47355779860048,55.81991351795816,0.03877939964425635,61.16600747378435,-0.17803522909942165,39.85913515498226
2024-12-20,KZTK,43400.0,2100.0,0.6229213540025167,0.09221938503595925,0.41843971557014237,0.0,-0.006081080389144953,-0.03305717458562303,49.50415863642711,0.0021085765488990833,51.352367902556836,0.09503271889400919,76.08876724878249,49.50415863642711,0.045270084485407064,62.45089294073991,-0.16094156426011266,41.03824260472007
2024-12-23,KZTK,43250.0,630.0,0.2289514386326223,-1.1626466502157113,0.21951219458655563,0.0,-0.014174463253509496,-0.1787812104960836,47.32085033743637,0.006284269199009084,54.01681974719793,0.10013736764840817,77.18782031338107,47.32085033743637,0.04225092898431049,61.85528309521528,-0.1550221327644738,41.44904741817538
2024-12-24,KZTK,43250.0,930.0,0.21964095101090492,-0.7731856332539171,0.1810662515754757,0.0,-0.028070648224607808,-0.4289866180102785,43.60049272690765,0.00926087026332691,55.9031126739845,0.12480669419212767,81.98971321494975,43.60049272690765,0.08379204514175612,69.67358776019313,,
2024-12-25,KZTK,42718.77,2290.0,-1.2354459965310727,0.21878554124727656,-0.01283126786194007,0.0,-0.0228814590158912,-0.3355535496295988,44.98363004266809,0.02080448685838637,63.0132797471598,0.14638329129426855,85.50978681995532,44.98363004266809,0.09581118831538062,71.76030759278198,,
2024-12-26,KZTK,42719.98,120.0,-1.1064520135396219,-2.7299852987695945,0.912865772803776,0.0,-0.022891776163217914,-0.3357393132803155,44.98087165063566,0.021836639905537004,63.62704640564113,0.11594434844460749,80.36178363310201,44.98087165063566,0.0884969669519047,70.50080081802837,,
2024-12-27,KZTK,43619.99,8550.0,1.122663327784147,1.7917566490581835,0.9499058782045771,0.0,-0.0434001200040484,-0.7049988286659011,39.57992678861216,-0.0021889968074088125,48.60225115556599,0.08810474125746418,74.54001217089974,39.57992678861216,0.0632804831849394,65.92106031065642,,
2024-12-30,KZTK,43650.0,810.0,1.1005336506598289,-0.8204829864812836,0.6595744672080127,0.0,-0.03243721158566519,-0.5076080358643303,42.444195563881536,0.015097561773850436,59.548079896257676,0.0645251022745868,68.79666396771556,42.444195563881536,0.07221484208803797,67.58375564964312,,
2024-12-31,KZTK,43778.0,40.0,1.391695577186123,-2.853475959039239,0.9848038379220795,0.0,-0.039900605707585204,-0.6419889160553955,40.48749374466401,0.013501155450987559,58.55978787176747,0.03845846848493155,61.70677840577391,40.48749374466401,0.0631411621007,65.89480616400213,,
2025-01-05,KZTK,43732.99,220.0,1.2870289762741391,-2.1238724122109924,0.7866824625907902,0.0,-0.042330748755751116,-0.6857444455729392,39.85652882425087,0.023723073953375418,64.73731098115302,0.016637118718106855,55.346247932543655,39.85652882425087,0.06763827434963865,66.73726474214807,,
2025-01-06,KZTK,43777.0,260.0,1.3965217716794334,-1.7012296628326447,0.9879602380289426,0.0,-0.015252540291687489,-0.19819234421588044,47.03061315610266,0.012855800139306317,58.158253637770294,-0.009522676699114715,47.503096244409754,47.03061315610266,0.0561862414071171,64.57206487245476,,
2025-01-08,KZTK,43650.0,390.0,1.076512021488372,-0.9564900853374714,-0.753148612712472,0.0,0.013075724104074617,0.31186742773254317,54.66440935724426,0.08841658075601375,90.58415353115998,-0.018124386352479135,44.93211196669164,54.66440935724426,0.049685432007854746,63.315156237547995,,
2025-01-09,KZTK,44434.0,1720.0,2.88313176233276,0.6815838358316204,0.1610862817851166,0.0,-0.011642164622972111,-0.13318633592302537,48.0032674252981,0.04804885465941639,77.38771449897438,-0.049200112883670565,35.95842939825798,48.0032674252981,0.038821714674377096,61.17443673807378,,
2025-01-10,KZTK,44497.0,1630.0,2.7128049006402,0.6278406691803549,-0.057279236208497335,0.0,-0.015267380064145578,-0.19845953922825374,47.02661938550222,0.04457593695455117,75.79395631566473,-0.05734587103428767,33.73469165839714,47.02661938550222,0.059736740420524154,65.25026464834053,,
2025-01-13,KZTK,44898.98,680.0,3.2376418674570884,-0.24639983956163264,0.6265735029731349,0.0,-0.026477043703937712,-0.4002932414223868,44.02429923451642,0.06145610268503494,82.82970145918243,-0.06588770847726763,31.477818173811812,44.02429923451642,0.05071988510404662,63.516431822667876,,
2025-01-14,KZTK,44469.0,19130.0,2.1849546677200213,3.090517856715228,0.6089131420605216,0.0,-0.01693701214007832,-0.22852181709994104,46.57753292914254,0.09220621548558702,91.37977285836718,-0.05673826694679753,33.89824664816867,46.57753292914254,0.06260968347131068,65.79456302716797,,
2025-01-15,KZTK,47639.0,10430.0,8.368077315353274,2.4839459268853203,0.724776119186634,0.0,-0.07310959697053601,-1.2399277898803616,32.213953473952174,0.005141416521477494,53.289215153546785,-0.10967383345544883,21.340862793934896,32.213953473952174,0.0029720857210828594,53.842189720054265,,
2025-01-16,KZTK,46701.0,1520.0,4.511664156507169,0.5579710647403534,-0.9999999989338906,0.0,-0.04914193715643899,-0.8083821459917595,38.106523756400804,0.026149779600926227,66.14234764183632,-0.09583076540116911,24.268657949035088,38.106523756400804,0.03237664121600332,59.8831269632932,,
2025-01-17,KZTK,46611.02,1090.0,4.059369701304976,0.22543914113612953,-0.7482833608813998,0.0,-0.046767658698232836,-0.765632476897459,38.71330373153104,0.029311674306320742,67.93092866608525,-0.09726406313578145,23.953237006943205,38.71330373153104,0.025948634081614096,58.58142274850425,,
2025-01-20,KZTK,47790.0,900.0,6.596127762014246,-0.11531051614890561,0.9847972964655427,0.0,-0.06620960975099394,-1.1156912373518146,33.86279021466133,0.026169438465907337,66.15361850116986,-0.09411677054374788,24.64954028337747,33.86279021466133,0.005861203031118284,54.44377581482688,,
2025-01-21,KZTK,48699.99,11450.0,8.379245877012181,2.5268182503188483,-0.07028165160779941,0.0,-0.07925621192559348,-1.3505996255576789,30.781383505456066,0.013464218196671424,58.536835972094856,-0.08848130210675016,25.929947800652847,30.781383505456066,0.008822070578013978,55.0589579768372,,
2025-01-22,KZTK,48024.07,1940.0,5.31111171032008,0.6527361022722725,-0.9223535848604765,0.0,-0.05979579956442874,-1.0002084631381807,35.431507844712776,0.0007153554322483473,50.46090525251575,-0.08151674901773215,27.57087689852007,35.431507844712776,0.02478996699467588,58.345449538591495,,
2025-01-23,KZTK,48060.1,2029.9999999999998,5.058305396183838,0.6980838520839209,-0.4672212970595368,0.0,-0.0542702896659186,-0.9007198294767954,36.80871175755072,-0.004176122479317658,47.33249325946619,-0.08428654242705302,26.910633639003134,36.80871175755072,0.02240424587924187,57.858380592828496,,
2025-01-24,KZTK,48115.01,540.0,4.960798383806134,-0.8823855907823372,-0.9999999978857904,0.0,-0.06358391281029253,-1.0684146953064013,34.50094913326854,-0.026017848092040014,33.938773856543946,-0.08742356029994512,26.17503213027863,34.50094913326854,0.00903538647245812,55.103221397831035,,
2025-01-27,KZTK,49182.13,1930.0,7.159326653175796,0.39131614647872126,0.9999999990628982,0.0,-0.08235579553972333,-1.4064086539284624,30.072556058951793,-0.06759339945938031,15.052378643222964,-0.10752045648184014,21.778846421956715,30.072556058951793,-0.009956735400545605,51.138835279806635,,
2025-01-28,KZTK,49500.0,2470.0,7.364653059069398,0.6380139283684292,-0.4245349516975687,0.0,-0.08937907647907647,-1.5328651506700024,28.501513502323572,-0.09382016594516594,8.302085439772716,-0.10330544733044733,22.654811927747893,28.501513502323572,-0.018228116883116843,49.40482472129151,,
2025-01-29,KZTK,48200.0,3910.0,4.251420903630469,0.9092808176754164,-0.7590346925228253,0.0,-0.06319424191530001,-1.0613985419318743,34.596140855815015,-0.09211698445629986,8.640153794442174,-0.07395731904103273,29.422962213710246,34.596140855815015,0.16566502502799185,82.03093455856762,,
2025-01-30,KZTK,47999.99,5270.0,2.760588650945199,1.2077736859972084,0.10607144124675934,0.0,-0.06130734042034536,-1.02742425629404,35.05882366590968,-0.09879504973582381,7.382493151571118,-0.06957976389814852,30.527997938399437,35.05882366590968,0.19673716213175008,85.55778886917187,,
2025-01-31,KZTK,47003.0,2840.0,0.33127529819706686,0.5279900597400637,-0.993999999006,0.0,-0.029478284103108533,-0.4543315676741169,43.22691704994107,-0.09241560876391211,8.579991260634474,-0.045005812487821616,37.12815030771278,43.22691704994107,0.16336381540489306,81.7446955089707,,
2025-02-03,KZTK,46000.0,19380.0,-1.8264870642226723,2.362659873534294,-0.23599771242581274,0.0,0.007148809523809526,0.2051513699842241,53.07339102727829,-0.0791732574189096,11.639892227448245,-0.01890904071773637,44.69871870089033,53.07339102727829,0.17866449965493442,83.58223700299231,,
2025-02-04,KZTK,44999.0,2900.0,-3.597389123926343,0.40460264086813263,-0.038381742718681666,0.0,0.02212112749771864,0.4747329082183075,57.07323503389487,-0.05861830105042899,18.232026601071322,0.009861208617687094,53.32446586559799,57.07323503389487,0.18893759954806755,84.73057897823482,,
2025-02-05,KZTK,43899.99,7770.0,-5.861762138768127,1.3646495220700732,0.21567535550504865,0.0,0.038768471176785974,0.7744738384025931,61.41248330211517,-0.03497218161504287,29.002036879165814,0.04227930792483427,62.786652141807345,61.41248330211517,0.24237115002786802,89.67620865931677,,
2025-02-06,KZTK,43398.0,12280.0,-6.533940823741488,1.6970398999796967,-0.42308941229462815,0.0,0.05694345575503809,1.1017204483479672,65.94922352291675,-0.012084818424812203,42.32877864790044,0.045359021975996214,63.647924557927084,65.94922352291675,0.2742960605492024,91.90492248108558,,
2025-02-07,KZTK,42796.99,6070.0,-7.214459048828973,0.8269127839581418,-0.9185131872457815,0.0,0.07524925021262349,1.4313223334450136,70.24084994096265,-0.0028411315479992686,48.185262897773114,0.062428103340467514,68.25269665185697,70.24084994096265,0.3303840981685899,94.78410400661348,,
2025-02-10,KZTK,42493.0,1770.0,-7.454181138902759,-0.4833312431744678,0.9999999892473119,0.0,0.08774149698419048,1.6562493692284732,72.9827906302136,0.0007867896822595245,50.506624939428555,0.06893116334940694,69.92277008054928,72.9827906302136,0.34483867394218803,95.35190444682942,,
2025-02-11,KZTK,42493.0,6270.0,-7.454181138902759,0.7814632325987584,-0.9424338002559852,0.0,0.08083628795629831,1.531918796313114,71.48691411426623,0.029707332113337884,68.15121078847618,0.07024768134546157,70.25471949539694,71.48691411426623,0.33183294345585956,94.8438507561811,,
2025-02-12,KZTK,42492.91,1340.0,-7.454181138902759,-0.7616403717300024,-0.2793713448250158,0.0,0.12311132188352772,2.2930947675194644,79.83247695454907,0.0558263701217524,80.68180085631245,0.06790323126276672,69.66212356929992,79.83247695454907,0.3353485077643185,94.98614397971001,,
2025-02-13,KZTK,43000.0,7100.0,-6.015142217520525,0.9836490249724615,-0.49290253524087446,0.0,0.10773579734219269,2.016253361650845,77.02550683692195,0.03658885197489849,71.84770478823097,0.0677838298265043,69.63176512150619,77.02550683692195,-0.1088097379106682,31.356880758060495,,
2025-02-14,KZTK,42799.9,5420.0,-6.0182408593061325,0.6357829721774301,-0.8216018302875951,0.0,0.10571867735876257,1.9799344490493767,76.6376133191773,0.039112080911070185,73.13579113494811,0.08904761174898157,74.75462402302537,76.6376133191773,-0.23817858042113807,13.371975787231582,,
2025-02-17,KZTK,42650.0,15720.0,-6.028223835776941,1.5296876558550818,-0.9999999992891062,0.0,0.10762896592791084,2.0143298266949343,77.00507688851881,0.04041401728725878,73.78564371652459,0.08465720566069335,73.74513350746945,77.00507688851881,-0.22324903468616838,14.890022779294515,,
2025-02-18,KZTK,43879.73,2730.0,-2.4991060656053823,-0.5195775361392849,0.9878386693658628,0.0,0.08571597743757361,1.6197792197130998,72.54915799585494,0.011149176125358368,57.091318447850135,0.044523439867554346,63.41508296481593,72.54915799585494,-0.24290121706058093,12.919789464757303,,
2025-02-19,KZTK,44990.0,3940.0,0.8955950063026933,0.14593556501418048,0.9885605332134981,0.0,0.052812279007327906,1.027337244337385,64.93998769211169,-0.0028404366755222506,48.18570708924778,0.024178040622783906,57.57539782120175,64.93998769211169,-0.27235221080875116,10.385881904523375,,
2025-02-20,KZTK,44700.0,2680.0,0.34774854567241026,-0.38154889580583484,-0.2667555929720722,0.0,0.06306752956216047,1.2119864231996935,67.41887420177922,0.008872994566954298,55.65815839436272,0.033975050601896234,60.424820072522664,67.41887420177922,-0.2741144588260359,10.24912987607624,,
2025-02-21,KZTK,44600.0,870.0,0.25790887675692287,-1.5066233937959814,0.7142897952477539,0.0,0.055360079009182155,1.0732112262291376,65.56405643738957,0.011659511353121219,57.41110473378516,0.040772761406505806,62.3623163762522,65.56405643738957,-0.25672966225354116,11.670145999820686,,
2025-02-24,KZTK,44500.0,60.0,0.07025938546353772,-2.853475959039239,-0.0025313917578652363,0.0,0.04830233636525777,0.9461342350962366,63.822780002925725,0.018791403602639558,61.80417744921366,0.036559630818619585,61.165710326133336,63.822780002925725,-0.2594836739789549,11.434156547787937,,
2025-02-25,KZTK,44500.0,370.0,0.255336025230741,-2.3616050644052744,-0.665061415881288,0.0,0.05665979757446053,1.0966130889674066,65.88037472714625,0.024007165150704477,64.90317725666569,0.07696541822721598,71.91507112143461,65.88037472714625,-0.2491912867843767,12.337808870989214,,
2025-02-26,KZTK,44998.0,11630.0,1.6425047551478988,1.0862206979939526,0.997997916835511,0.0,0.06694031255004632,1.2817171620833048,68.33110902380004,0.019349005546630996,62.14062454407622,0.06311330053822498,68.43099714957133,68.33110902380004,-0.22161564670951867,15.064461240728527,,
2025-02-27,KZTK,45232.0,1350.0,2.3081708083603796,-1.2270350297361718,-0.3373161294811038,0.0,0.062139807468795834,1.1952824800013988,67.19834147734038,0.020697033845963806,62.949136760558275,0.05066742396168471,65.11188296314343,67.19834147734038,-0.16814121944851518,21.73662184207179,,
2025-02-28,KZTK,45255.0,150.0,2.7441930023965138,-2.853475959039239,-0.23486107750901458,0.0,0.0629309763193754,1.2095277368890633,67.3864616300707,0.01142855945935988,57.26646076164641,0.04820354749014842,64.43573838453273,67.3864616300707,-0.13213378263911907,27.307070475970065,,
2025-03-03,KZTK,45470.0,19230.0,3.407982971436248,1.726829688755684,0.462496450213736,0.0,0.07206840381413177,1.3740501417585942,69.51759141799644,0.008702695218546328,55.550521923182586,0.052468272731715664,65.60227621520647,69.51759141799644,-0.16174874738620615,22.662459670852638,,
2025-03-04,KZTK,45700.0,14410.0,4.157797580245763,1.438280636332909,0.694665112446037,0.0,0.0752509482129832,1.4313529065032193,70.24123338218669,0.0025002214233614674,51.60283433842585,0.04152199906220694,62.57358928197302,70.24123338218669,-0.15855482702927998,23.135368371788534,,
2025-03-05,KZTK,46000.0,1910.0,4.389306039857244,-0.8961929905919047,0.9999999989898174,0.0,0.05949680469289163,1.1476943406680757,66.56591128882201,-0.0028423567977915805,48.18447966769205,0.037847877846790924,61.533101509860785,66.56591128882201,-0.15172445824706698,24.16968134614977,,
2025-03-06,KZTK,46299.0,1600.0,4.964896778881175,-0.7344671756375307,0.9979674786606022,0.0,0.05888374736058272,1.136656040589389,66.41835083555844,-0.011466591868177757,42.715642868667395,0.021283945631860816,56.72301286357975,66.41835083555844,-0.1556018159910889,23.578706299491586,,
2025-03-07,KZTK,45902.99,260.0,3.7919040036619105,-2.342157375061052,0.00623279098093008,0.0,0.09202264683750577,1.7333328886192938,73.88499545995214,0.008909807220619057,55.68141862025151,0.021010732714676093,56.64233049224677,73.88499545995214,-0.1527647996634981,24.010130419167456,,
2025-03-11,KZTK,45999.0,160.0,3.792618649663387,-2.6632855823335326,0.9793835586085609,0.0,0.09101780931573054,1.7152404566212869,73.67499618635365,0.021913156108983735,63.67237321169834,0.026931320867223867,58.382155360065305,73.67499618635365,-0.15046652722264148,24.363565245004498,,
2025-03-12,KZTK,45950.0,400.0,3.597893948408858,-1.747013543105291,0.4999999975,0.0,0.0905623128141354,1.7070390914235771,73.57944604399293,0.015367415410124877,59.714399898228976,0.04975453866348861,64.86205769369884,73.57944604399293,-0.15161096948028396,24.187130062740813,,
2025-03-13,KZTK,46008.0,19080.0,3.4144503813383813,2.3861694464457472,0.23397683388649543,0.0,0.07648087164965096,1.4534980848613623,70.51822374613403,0.005163221303127406,53.303111405544946,0.049246429192438615,64.72265114916837,70.51822374613403,-0.15605347206696973,23.51051996868539,,
2025-03-14,KZTK,45910.0,1480.0,2.5252727864626325,-0.43868944719587644,-0.3772455086055434,0.0,0.08284984614480366,1.5681735776186556,71.9282254625932,0.012973254607876695,58.23141491483478,0.05287246294509963,65.71189117549282,71.9282254625932,-0.1529981980790573,23.974434616486356,,
2025-03-17,KZTK,46454.44,2280.0,3.421715510705117,0.26170590739719357,0.9980854291175046,0.0,0.06819486090676341,1.3043057202733053,68.62366354495862,0.004049117240222604,52.59248128075368,0.054368747971642914,66.11621510299362,68.62366354495862,-0.16760077699579984,21.813826963786454,,
2025-03-18,KZTK,47150.0,17410.0,4.6223691108730245,2.294573327113115,-0.12661565651063422,0.0,0.21206461184332343,3.894728180604346,91.1882252146277,-0.006564060159235132,45.81131601121808,0.0470690673971957,64.12244403365155,91.1882252146277,-0.20161767156491445,17.338312427903467,,
2025-03-19,KZTK,46800.0,1100.0,2.1948114031893584,-0.4671569467392995,0.7772828490483679,0.0,0.24806040903540902,4.542844417109238,93.85266007190639,-0.005331196581196582,46.595887135342466,0.046581379731379706,63.98739269391909,93.85266007190639,-0.19001245421245422,18.777875455577682,,
2025-03-20,KZTK,46390.0,45180.0,1.1601136825103908,3.3788689469313,0.6085106380389317,0.0,0.19895412864362524,3.658669593408581,89.98177987216813,0.042259734155212704,74.68937498655657,0.06235319333668655,68.23317109514574,89.98177987216813,-0.1920653089575271,18.51670132948971,,
2025-03-26,KZTK,46650.0,24610.0,1.2987984797918632,2.771366137968931,-0.4795836667415598,0.0,0.18145430383300154,3.343579458434431,88.14410348823934,0.03470839202776502,70.86370292010085,0.07986042974531724,72.61292452779878,88.14410348823934,-0.1859833256775379,19.29869404843647,,
2025-03-27,KZTK,46789.0,70.0,1.3537814110772037,-2.853475959039239,0.9266666635777778,0.0,0.16176354066058804,2.98904075345418,85.73466113863711,0.025003186714283383,65.48184472454133,0.0779139455939821,72.14490790572259,85.73466113863711,-0.17373711752898094,20.948834324336445,,
2025-03-28,KZTK,46990.0,390.0,1.770159912896211,-1.3733753761513456,0.9999999958331598,0.0,0.17797058627806658,3.2808539713809894,87.74512386653217,0.018808899478781366,61.81475156007012,0.07166906662005082,70.61072704124044,87.74512386653217,-0.18169239512290694,19.86536060994834,,
2025-03-31,KZTK,46700.0,80.0,1.1364530306978882,-2.853475959039239,-0.9999999966666667,0.0,0.20137083290846672,3.7021831531865756,90.21468911090108,0.0342760111824887,70.63460461001813,0.06594443169844666,69.16193511073264,90.21468911090108,-0.1810110473811223,19.956482541385313,,
2025-04-01,KZTK,48500.0,71560.0,5.025398593204669,3.8387486709007295,0.9999999995918368,0.0,0.18937488136147926,3.4861920771051156,89.00953329930567,-0.009403804614629358,44.01266556702764,0.029752088856161006,59.20405318374547,89.00953329930567,-0.21250420553100963,16.06850947883197,,
2025-04-02,KZTK,48420.0,700.0,3.0505095299141303,-0.7884486834516692,0.977908097275224,0.0,0.1955075588599752,3.5966129642662796,89.64109918268703,-0.004668780610137457,47.01815780168236,0.029820052221632188,59.22379450382711,89.64109918268703,-0.20816309376290787,16.56560689165985,,
2025-04-03,KZTK,48110.01,350.0,2.357688060564047,-1.4815800282845015,-0.5982982310118794,0.0,0.19188405018593246,3.5313704918678694,89.27191909446478,-0.007592981609579143,45.15809976337117,0.1932584510048651,91.20507436430579,89.27191909446478,-0.20670938439788702,16.734802316476284,,
2025-04-04,KZTK,48025.0,310.0,2.170466845877848,-1.6029367663916534,-0.9999999978947368,0.0,0.1971789509018947,3.6267069309077873,89.80757161323663,-0.014577770547747062,40.77875513838365,0.22149143427282417,93.57460032231761,89.80757161323663,-0.20651388930203343,16.757660770637944,,
2025-04-07,KZTK,48450.0,1930.0,2.7539388506361115,0.40287517104069515,0.9326798787344627,0.0,-0.19324411273281247,-3.4029894888529206,11.488421281992107,-0.015556700574966786,40.17489645612676,0.15292387709469749,86.45752821681583,11.488421281992107,-0.21637235736399824,15.635794466924219,,
2025-04-08,KZTK,48199.0,1140.0,1.9562574588770532,-0.12361298259663807,0.668568108152057,0.0,-0.30760703733397615,-5.462131779622797,3.6358929388428995,0.01033944079225776,56.582715177640694,0.1486710520075994,85.84739803530492,3.6358929388428995,-0.21956663712643712,15.285659379643612,,
2025-04-09,KZTK,48349.9,1100.0,2.2357769778829044,-0.018018351210168395,0.999999998823391,0.0,-0.29906882916108535,-5.308398516876055,3.9732625479211467,0.007998649103425536,55.104992566425025,0.12947264684843487,82.80356734435983,3.9732625479211467,-0.2202399563522349,15.21267994057533,,
2025-04-10,KZTK,47900.0,1470.0,1.2533778575154537,0.28995005191484313,-0.05770385981259405,0.0,-0.2893358965437254,-5.133153845270171,4.39443396984055,0.01880757282035988,61.81394979700365,0.1610479843920867,87.56137012780563,4.39443396984055,-0.2182537271763264,15.428787484564232,,
2025-04-11,KZTK,47480.05,420.0,0.3519176872956808,-0.9808150568048436,-0.9999214822012943,0.0,-0.29213220432197234,-5.183502291886746,4.269250083966869,0.04154729488599073,74.34299310173154,0.1871093808167182,90.593481379813,4.269250083966869,-0.20718964852121774,16.678752756001874,,
2025-04-14,KZTK,47852.01,990.0,1.1349418399637212,-0.12337790114002138,-0.7399499981501149,1.0,-0.30403856433094445,-5.397880242687736,3.7734044636778927,0.0417554672326497,74.44452496723468,0.21148049004106612,92.81155476147644,3.7734044636778927,-0.2093903911268752,16.423832925849684,,
2025-04-15,KZTK,48850.0,980.0,3.2319197469415966,-0.1335301703780739,0.9314670049406089,1.0,-0.30430100201458954,-5.402605520000903,3.763123402898377,0.012327518643076449,57.828752542703185,0.1905470508196455,90.93995184473378,3.763123402898377,-0.22427371407450727,14.781444530698668,,
2025-04-16,KZTK,48887.9,70.0,2.9791696045423066,-2.7544541487395744,0.9522239819906989,1.0,-0.30894050117231275,-5.486141237166026,3.5857555756545922,0.017600120159086304,61.08160915951966,0.1783444106547999,89.65588464604689,3.5857555756545922,-0.22883471981267672,14.306067877246697,,
2025-04-17,KZTK,48950.0,380.0,3.0795413115940242,-1.011586498264705,-0.3818966224552082,1.0,-0.30049059981840887,-5.333997967908639,3.9150718729421943,0.03869215712502232,72.92402848467174,0.17991207338229812,89.82944176916217,3.9150718729421943,-0.22492184079964977,14.713105413319505,,
2025-04-18,KZTK,49600.0,470.0,4.410719278396986,-0.7398994775807093,0.3229396642743821,1.0,-0.27695382744495645,-4.91021059493421,4.9919910387429045,0.026258669354838778,66.20475347891718,-0.2066946204557092,7.788825277168793,4.9919910387429045,-0.23982430875576036,13.212899553830654,,
2025-04-21,KZTK,49998.89,310.0,5.147023903238324,-0.9968139938157609,0.9995488470611148,1.0,-0.2306344901386176,-4.076215603458215,7.975141412687425,0.016555771171453314,60.44412228469217,-0.32755319248452397,1.9360216992246548,7.975141412687425,-0.24662756794764334,12.572245290127931,,
2025-04-22,KZTK,49605.03,380.0,4.295942767110236,-0.4314335625652832,-0.9820931401989204,1.0,-0.1910689062386559,-3.3638241763279426,11.72954578043286,0.012900728028128255,58.18624305174181,-0.311642808732588,2.3347817067998102,11.72954578043286,-0.24650437457221,12.58360605349435,,
2025-04-23,KZTK,49902.0,1250.0,3.8315544757066484,1.0328167543468663,-0.5571327178444764,1.0,-0.2190149912399732,-3.8670026818475245,8.946363491780678,0.010577280183445257,56.73225341945668,-0.3129590114242964,2.298955498050126,8.946363491780678,-0.250325879342559,12.235261751336784,,
2025-04-24,KZTK,50998.97,600.0,5.153899239597343,0.2988529247086899,0.9999999989118252,1.0,-0.2293370251353287,-4.0528543168490865,8.078619929497876,-0.012795209618472483,41.88540242535272,-0.33662090816588264,1.7394658238569949,8.078619929497876,-0.26717149522691414,10.79728754007946,,
2025-04-25,KZTK,51059.91,1230.0,5.2381494425606325,0.8324982191921915,0.8089806938929066,1.0,-0.21890805883272835,-3.8650773284799045,8.955778300520784,0.1336909882376641,96.84176015389403,-0.3432886586052494,1.6075718930185168,8.955778300520784,-0.2556498741667247,11.76382009491357,,
2025-04-28,KZTK,50984.99,700.0,4.9897733164178035,0.07410750116770554,0.9017724082390045,1.0,-0.21600086214862227,-3.812732290429279,9.215184956480499,0.15993945323799114,98.3618944864347,-0.3285621932471367,1.9131158875443255,9.215184956480499,-0.2495092803626017,12.308993612978814,,
2025-04-29,KZTK,50401.03,300.0,3.7416123741372718,-0.8472896376145791,-0.9999999974935458,1.0,-0.2110282092990201,-3.7231980308286023,9.674564980798056,0.11789157462505434,95.34049281309802,-0.32459561770096923,2.004722814694848,9.674564980798056,-0.23756280582712264,13.43191170034817,,
2025-04-30,KZTK,50585.89,510.0,3.2062422206204344,-0.2425613187403589,0.9999999979752576,1.0,-0.21020840870357263,-3.708437249902692,9.752234937618725,0.10390763074328582,93.4655735261816,-0.31806196327373515,2.165064173088166,9.752234937618725,-0.23430382832372224,13.752909668644604,,
2025-05-02,KZTK,50505.01,860.0,2.8696163840925175,0.43796379975787686,-0.2374654680215114,1.0,-0.21081271727056358,-3.719318025567578,9.694927559397732,0.0907360042533325,91.07860277907234,-0.2845895586461904,3.2038578527028463,9.694927559397732,-0.22601120359423532,14.598831163937293,,
2025-05-05,KZTK,58044.79,7970.0,8.934568467883182,2.5064663208921862,0.99883716420029,1.0,-0.3183692343412323,-5.655908697068057,3.249780269850083,-0.03415367498188189,29.435441335708312,-0.3342166197091552,1.789586846710417,3.249780269850083,-0.3292265165114952,6.710387409879337,,
2025-05-06,KZTK,59298.0,8100.0,8.934568467883182,2.340324085118526,-0.514585799107596,1.0,-0.3322545976416132,-5.9059192568209795,2.8098137165747827,-0.04208375774337527,25.400488250708264,-0.32070405711105654,2.098767658914791,2.8098137165747827,-0.350858602514499,5.660042330878418,,
2025-05-08,KZTK,56499.99,5270.0,3.7259083967371827,1.910490125460017,-0.7046345917464585,1.0,-0.30172523835318166,-5.356228043168003,3.8652041623344733,0.03405184110609916,70.51541403769306,-0.30675954982364556,2.472523109240954,3.8652041623344733,-0.31677320060735115,7.394513303645834,,
2025-05-12,KZTK,55999.99,1930.0,1.8081797651678368,0.9059800880043732,0.3310992044554809,1.0,-0.31314054864301183,-5.561764481327706,3.4321509755041113,0.046873997023843046,76.85700260726047,-0.2942093954612866,2.8638368667700034,3.4321509755041113,-0.31098161604766666,7.734082555282762,,
2025-05-13,KZTK,55245.0,1650.0,-0.055478340534848035,0.7492354916067933,-0.25533117391510984,1.0,-0.29899493479263367,-5.3070680243264885,3.9763094795814355,0.05124659654612139,78.78823497889849,-0.27388908929487266,3.6279289585643912,3.9763094795814355,-0.2877282686646928,9.245512919540227,,
2025-05-14,KZTK,56243.0,1320.0,1.175308670679387,0.5260921945871698,0.9645145387064985,1.0,-0.31965850801468343,-5.679122496073616,3.206271409220074,0.035223661512445006,71.13534061425756,-0.2854342640170529,3.1725005619482993,3.206271409220074,-0.3017253282242672,8.30653599454524,,
2025-05-15,KZTK,56987.0,10560.0,2.290993264342461,2.4404531373692695,0.24607006618157035,1.0,-0.31993716988085,-5.684139895160336,3.1969417514660705,-0.30121268788398137,0.044725062305617236,-0.2987525973272657,2.7156849312105713,3.1969417514660705,-0.3108832151777306,7.739973576468861,,
2025-05-16,KZTK,58600.1,11220.0,4.2989236822930526,2.5010772719017758,-0.24453473401575723,1.0,-0.3273552844382707,-5.8177055018132915,2.9580206938217612,-0.4181625088787838,0.0022403841174301053,-0.31514025438103294,2.2407621004489284,2.9580206938217612,-0.33511853527702684,6.407587053773112,,
2025-05-19,KZTK,58800.0,9670.0,3.507867537930297,2.2250090734435073,-0.6170533598704194,1.0,-0.3331123015873016,-5.921362500107093,2.784620028452256,-0.4113323696145125,0.0026685033072515463,-0.31913605442176873,2.137869116261265,2.784620028452256,-0.337060544217687,6.310604335318532,,
2025-05-20,KZTK,58249.0,9150.0,1.9876652150030938,1.9986402450519298,-0.3624053733208184,1.0,-0.3303853909475113,-5.8722635719262595,2.865487802760258,-0.40329947139905936,0.0032778282101963985,-0.3152048674655359,2.2390604184407303,2.865487802760258,-0.33410417312157686,6.458794035871179,,
2025-05-21,KZTK,58400.0,16880.0,1.9242988797248544,2.5753681304132003,0.9999999976019185,1.0,-0.3319038106110024,-5.899603220288131,2.820181183602882,-0.41237594042183084,0.0025981496315441444,-0.3160879919547727,2.215928214350132,2.820181183602882,-0.3333553218090889,6.496841686538063,,
2025-05-22,KZTK,39999.99,8119.999999999999,-7.454181138902759,1.6989129096592452,-0.999999999929086,1.0,-0.012501732639421202,-0.14866314241985298,47.771530192093515,-0.14811893704372223,2.2048286709348606,-0.00043585799229777997,50.23324690938391,47.771530192093515,-0.021394467865283612,48.74118339220679,,
2025-05-23,KZTK,34279.0,8420.0,-7.454181138902759,1.5483920601809582,-0.7571998315628645,1.0,0.1499186374229769,2.7757693521525564,84.09697977111972,0.01502041280537809,59.500489837789694,0.13944941679551132,84.44557493888925,84.09697977111972,0.15382284148701345,80.52016989956535,,
2025-05-26,KZTK,34797.99,4520.0,-7.454181138902759,0.22757784954643226,0.5991783561130437,1.0,0.13073161660514093,2.430300694913565,81.12542165329887,-0.005891651442402003,46.23899183555477,0.12943513518549019,82.79714219018092,81.12542165329887,0.1394176954459836,78.55515651494838,,
2025-05-27,KZTK,34940.0,2550.0,-7.454181138902759,-0.6521198931277682,-0.24993725151866103,1.0,0.12249074694941894,2.2819211105334127,79.72432195688957,0.0031567435331315936,52.02250930218689,0.11207767965037571,79.61747916606467,79.72432195688957,0.14897344518039995,79.87432021343024,,
2025-05-28,KZTK,34500.0,3220.0,-7.454181138902759,-0.4188323270064652,-0.05721458907698976,1.0,0.12651642512077296,2.354404777775863,80.4182458460648,0.06334030365769497,83.5049775629858,0.14101620082815733,84.69148874334941,80.4182458460648,0.15266157694962043,80.36695519641661,,
2025-05-29,KZTK,34199.98,1260.0,-7.454181138902759,-1.3570992274979392,-0.48986394474511846,0.0,0.1391606811208382,2.5820687900058386,82.4804121214822,0.14902761606785297,97.84529350850589,0.1713420667903574,88.8483375365027,82.4804121214822,0.1606700205781703,81.40514021681902,,
2025-05-30,KZTK,34900.0,7320.0,-7.454181138902759,0.4023956679857483,0.32567049783473523,0.0,0.10808820439350517,2.0225985671923588,77.09280919977952,0.17321617774139264,98.82843187544235,0.14182493405193977,84.81717191857123,77.09280919977952,0.1402689191340337,78.67517415134337,,
2025-06-02,KZTK,34699.99,2360.0,-7.454181138902759,-0.9810924526043073,-0.5671490750272985,0.0,0.11976571842843547,2.2328560705243357,79.24428460795305,0.14685822327863812,97.72502648700363,0.14216856053128551,84.87031705693913,79.24428460795305,0.1414094591031789,78.83521501289312,,
2025-06-03,KZTK,35157.03,23170.0,-7.454181138902759,1.303101963172152,-0.41441194724830477,0.0,0.11075086765177618,2.07054070001474,77.59683540429656,0.141842456438266,97.42132304226232,0.12756336066695764,82.47411802718705,77.59683540429656,0.11882272801078887,75.50247592579767,,
2025-06-04,KZTK,36790.0,4270.0,-7.454181138902759,-0.5824372643390402,0.7899989495997483,0.0,0.0633469131967366,1.2170168179654013,67.48513738644573,0.10676812960302355,93.89888546684197,0.0808108024092123,72.839646323215,67.48513738644573,0.06740454876885978,66.693737111102,,
2025-06-05,KZTK,39400.0,5470.0,-7.454181138902759,-0.1404768821987364,0.6509939966799067,0.0,-0.013215810571267387,-0.16152035181265134,47.57908918777055,0.035462331802433404,71.26065062206399,0.0035662094110064536,51.436197874933576,47.57908918777055,-0.00839873499315124,51.46527385226909,,
2025-06-09,KZTK,41050.0,3060.0,-7.454181138902759,-0.5624120202529183,0.5878473757648996,0.0,-0.04775208756259304,-0.7833574442671553,38.46128195737265,-0.011617701022755885,42.62099991540683,-0.03882393809330466,38.879688869418295,38.46128195737265,-0.05709225006283472,41.344324796734625,,
2025-06-10,KZTK,39900.0,1560.0,-7.454181138902759,-1.1637485905897096,-0.20635634501057695,0.0,-0.025044465329991647,-0.37449919387662595,44.4060288837526,0.02173550543024227,63.567099051119136,-0.013884461152882204,46.19687300728247,44.4060288837526,-0.02894636591478697,47.16059176880638,,
2025-06-11,KZTK,40250.0,1690.0,-7.454181138902759,-1.0837062257593464,0.3077821755324536,0.0,-0.03422487922705314,-0.5397955831403407,41.97310996991595,0.010445134575569358,56.649183650855186,-0.031581159420289856,40.968645476005754,41.97310996991595,-0.042724327122153204,44.2937194509622,,
2025-06-12,KZTK,40829.99,1600.0,-7.454181138902759,-1.13843089868462,0.784612069747823,0.0,-0.05572733612315164,-0.9269544329566233,36.44334940454368,-0.007710507236108461,45.08358976272744,-0.043340112175637484,37.59699475572137,36.44334940454368,-0.05935652154562995,40.88457853658225,,
2025-06-13,KZTK,40917.98,960.0,-7.454181138902759,-1.6492536817278522,0.9816363591744093,0.0,-0.05672739531677298,-0.9449608295754622,36.19347745110734,-0.008541990394613421,44.55708679319722,-0.05211860517800716,35.15414964166317,36.19347745110734,-0.06147306790063505,40.45626221666711,,
2025-06-16,KZTK,40699.99,860.0,-7.454181138902759,-1.6312845067848287,-0.5608451449714397,0.0,-0.05145192104118794,-0.8499741700211542,37.51971586286068,-0.008026028864376606,44.883662331320195,-0.04254791102226271,37.82079981786678,37.51971586286068,-0.05152418699084969,42.481166200458375,,
2025-06-17,KZTK,40891.0,1310.0,-5.447825043569627,-1.0503915982856187,0.2933333326814815,0.0,-0.040441401802624316,-0.6517261286517138,40.346800738524216,-0.03707171383426247,27.907787412225616,-0.042093129168796796,37.9495159110951,40.346800738524216,-0.05631263514927218,41.50297492994307,,
2025-06-18,KZTK,40795.0,1660.0,-2.4569970511676873,-0.6374036678379081,0.13178802501140052,0.0,-0.03191097726339791,-0.4981330128040669,42.58313463198518,-0.02869445572811794,32.419616428485085,-0.03733676590462953,39.305569839215075,42.58313463198518,-0.054127501668232686,41.94857541610337,,
2025-06-19,KZTK,40641.5,2730.0,0.8312660398102394,-0.02710188067991935,-0.5933152571373973,0.0,-0.024716033624633822,-0.3685856723705041,44.49363870958161,-0.03595097703418724,28.4887480683575,-0.03838332265635111,39.00569410511277,44.49363870958161,-0.05978162925377903,40.7984379604361,,
2025-06-20,KZTK,40694.98,1150.0,8.934568467883182,-0.8310148617469133,0.5820515360023004,0.0,-0.01833149552387761,-0.2536299517455969,46.20287575666139,-0.02484861661830346,34.61314861430117,-0.033719692773502105,40.3480846053362,46.20287575666139,-0.06793237249995204,39.158328581460765,,
2025-06-23,KZTK,40499.0,860.0,8.934568467883182,-1.0489466616401903,-0.5037469598141608,0.0,-0.004763196259598021,-0.009328234853201032,49.86007684246825,-0.0030520452396041414,48.05045164993071,-0.03417111454251075,40.21747750873771,49.86007684246825,-0.05632977361384982,41.499485377990375,,
2025-06-24,KZTK,39501.1,1230.0,7.326139094762715,-0.4985543888281576,-0.4842961335848309,0.0,0.02432806610710021,0.5144695679754698,57.65634564414317,0.017121262880844867,60.78976306858531,-0.010005668108177622,47.358253629140364,57.65634564414317,-0.023994502887663166,48.196558484974304,,
2025-06-25,KZTK,39750.0,3440.0,7.4727423138098,0.7196572601896088,-0.21428571413265304,0.0,0.007887026055705224,0.21844320285639982,53.27196548950971,0.005223712189278227,53.34165973700253,-0.0240117475292004,43.187073305910666,53.27196548950971,-0.039093253968253965,45.04636947876372,,
2025-06-26,KZTK,39305.5,2860.0,5.662849146682877,0.5350076039220649,-0.66332776813393,0.0,0.019494097154705726,0.42743235782316186,56.376573919478524,0.017005528695346,60.719110562539534,-0.011715776670456625,46.845788887232054,56.376573919478524,-0.028442669585802542,47.26587215757005,,
2025-06-27,KZTK,39809.0,950.0,6.4047544338765565,-0.5671048918921252,0.43056016993902396,0.0,0.005435858725413852,0.174309124183974,52.61225619875598,0.007697489330999969,54.91416011648771,-0.024257573594469093,43.1145451506128,52.61225619875598,-0.04124257524122125,44.600561119922354,,
2025-06-30,KZTK,40500.01,7840.0,7.985290157431233,1.5434240609386758,-0.2380820859917963,0.0,0.006113150882114369,0.18650399352587418,52.79464426598145,-0.014192942582185413,41.016914031388154,-0.02545602866674585,42.76138309952877,52.79464426598145,-0.06383360942340824,39.98028121871397,,
2025-07-01,KZTK,40299.0,1000.0,5.711978254287942,-0.5158117743778781,-0.1271726747723098,0.0,0.010282663755097312,0.26157745215427675,53.91562753837752,-0.010797770209351704,43.135172073534825,-0.014226836687428142,46.09453905381131,53.91562753837752,-0.06641876721506737,39.461173467095605,,
2025-07-02,KZTK,40080.0,600.0,4.721311895550804,-0.9994020751986117,-0.604010023548847,0.0,0.0165536498431708,0.37448863122577,55.59381465962042,-0.008494330386845356,44.587233728403795,-0.00525237382378101,48.78525430027032,55.59381465962042,-0.05862218895542248,41.03350973117908,,
2025-07-03,KZTK,40094.9,860.0,0.4938145187640314,-0.6082465418980451,-0.0009680542078979633,0.0,0.010008758125117912,0.2566456906735564,53.84209633679568,-0.017917457239445482,38.731173074108696,0.0021784221992845413,51.019171031992784,53.84209633679568,-0.06123748578323332,40.503865398369626,,
2025-07-04,KZTK,40238.0,1220.0,0.0441074701741241,-0.16231373447350694,-0.16224307509341065,0.0,0.0069914272578160755,0.2023176502201091,53.031043627515885,-0.01920879416282642,37.949576339851845,0.007353373025734971,52.57304513897964,53.031043627515885,-0.057518649590492126,41.25762904023875,,
2025-07-08,KZTK,40049.91,1110.0,-0.7207817530401655,-0.1346566726758544,0.25178076295206614,0.0,0.0064464891449550095,0.19250585922265215,52.88438187465635,-0.021429116497568894,36.62039553481941,0.015578510779246534,55.03137401228053,52.88438187465635,-0.05787668282168793,41.18487538577278,,
2025-07-09,KZTK,39987.94,240.0,-0.7014708495966163,-1.6300512544845491,0.25297509832671794,0.0,0.011782224451187918,0.288577538569215,54.31788105986739,-0.015408169036774168,40.26633222409733,0.007320821311752339,52.56328328835593,54.31788105986739,-0.049080850377182426,42.982623874872836,,
2025-07-10,KZTK,39863.0,1170.0,-1.0484024601595583,-0.012739007293198181,0.31326599585636883,0.0,0.0024027366946075684,0.1196967586076264,51.79468005707544,-0.007200995522760693,45.40676993155867,0.01051979207356625,53.521560845887265,51.79468005707544,-0.04346876534272733,44.139723634448,,
2025-07-11,KZTK,39500.0,660.0,-1.918043731533889,-0.5639343502707469,-0.9999999977777778,0.0,0.01646631002612015,0.3729160489261803,55.57051994114516,0.004500779586096123,52.880716595654555,0.01898936608398634,56.044334668486904,55.57051994114516,-0.034169087803897935,46.07062060324805,,
2025-07-14,KZTK,39589.0,200.0,-1.5923231584311772,-1.7316488150358704,0.264383194191925,0.0,0.017094922180564024,0.3842344187232236,55.73812413899167,-0.0026218010093391774,48.3254820034613,0.035235544645839174,60.78677165613875,55.73812413899167,-0.036400159115066034,45.60608271928165,,
2025-07-15,KZTK,39315.02,450.0,-2.2133399384464223,-0.9207231926641368,-0.6164488609798544,0.0,0.03705359584429767,0.7435969407293345,60.97254158202576,0.01050315693130675,56.685662468503764,0.041574268224665756,62.58831057643979,60.97254158202576,-0.03452794809093223,45.99585303519286,,
2025-07-16,KZTK,39495.0,500.0,-1.7016350193472343,-0.8153630548634158,0.5730337062555233,0.0,0.022236479150465102,0.47680985288642264,57.1037630436972,0.0005642079467563705,50.36416467598252,0.03742930162950102,61.41387100252138,57.1037630436972,-0.042721737531574204,44.294255331532916,,
2025-07-17,KZTK,39699.0,3120.0,-1.0917685990301171,1.084291270964145,-0.1133333332074074,0.0,0.014790459007603646,0.3427417969359335,55.12308510438334,-0.005144321915269546,46.71496747593123,0.0258174508713785,58.05628772758703,55.12308510438334,-0.048408128308377686,43.12094760914984,,
2025-07-18,KZTK,39799.98,3060.0,-0.6510873603020435,1.0648731494252601,-6.666666654488415e-05,0.0,0.015385342481866151,0.3534528706882532,55.28201160120971,-0.01538620103577953,40.27986145150205,0.02383571882089244,57.47479973933237,55.28201160120971,-0.04821396110715934,43.16089193809167,,
2025-07-21,KZTK,39607.9,180.0,-0.9493458532494257,-1.7683317029584633,-0.999999994794378,0.0,0.015449533166924292,0.3546086452081658,55.29915411620657,-0.009487218320683725,43.96004607851419,0.023448292063508056,57.36087199337312,55.29915411620657,-0.047954837738398946,43.21421298672297,,
2025-07-22,KZTK,39850.0,5150.0,-0.2741948249791368,1.6643132110231582,0.45985108318153245,0.0,0.002793479516440621,0.1267322123795301,51.9000677611976,-0.015396256298420613,40.27366862718292,0.020916464519726823,56.61448400291121,51.9000677611976,-0.05408275427695127,41.957714464802784,,
2025-07-23,KZTK,39640.0,860.0,-0.7284561200408528,-0.2043632715206106,-0.3066155665542205,0.0,0.008196473819935022,0.2240149122222801,53.355174054693144,0.005852644034404889,53.742207049615054,0.013717110742716155,54.47675270362423,53.355174054693144,-0.04753407252574765,43.300829300117755,,
2025-07-24,KZTK,39618.0,370.0,-0.8030547154968195,-0.9689314911005259,-0.3894140225076922,0.0,0.006284020611121925,0.1895805595234551,52.84064620120248,0.012827897492481772,58.140868053412035,0.01895905486683542,56.03535366075065,52.84064620120248,-0.05242052944909596,42.297587166362966,,
2025-07-25,KZTK,39311.1,470.0,-1.6118220166450914,-0.655200592246898,-0.9993079550197057,0.0,0.006719840116041421,0.19742763388651305,52.95795648931716,0.024350333248297412,65.10305618218409,0.029996902810438535,59.275150332568785,52.95795648931716,-0.04477039475764194,43.87073864413795,,
2025-07-28,KZTK,39355.01,270.0,-1.6295115901790331,-1.1585066176231331,-0.7723677750151512,0.0,0.005430190440891072,0.1742070648459702,52.610729484889774,0.031161182821490458,68.95364511108205,0.04156709910107122,62.586291573811636,52.610729484889774,-0.0487827714214543,43.04390087398121,,
2025-07-29,KZTK,39360.01,300.0,-1.6180209987762564,-0.9295329999061918,-0.9766289748903341,0.0,0.00018626845224010286,0.07978851465597789,51.19659919462094,0.04001377389252739,73.58694789519926,0.03139321124884129,59.67990599198245,51.19659919462094,-0.05862118908716093,41.033712628871456,,
2025-07-30,KZTK,39994.93,1370.0,0.4363707359263359,0.7768452653281666,0.9999999984250232,0.0,-0.01851450377367078,-0.2569250758255651,46.15373765797124,0.02689801035217721,66.57002400036285,0.012730004940626219,54.182175263787926,46.15373765797124,-0.07700905514307664,37.360430705692515,,
2025-07-31,KZTK,40249.0,2320.0,1.1018697362838037,1.303601364132258,-0.11195125197411761,0.0,-0.02483763129084935,-0.37077507857742414,44.46119826465882,0.010610119289170864,56.752890984848946,0.00943182945095348,53.195908804620494,44.46119826465882,-0.07596160871787408,37.56623867832912,,
2025-08-01,KZTK,40390.0,930.0,1.364790033409815,0.201865865685671,0.39991427289625175,0.0,-0.023560933674451872,-0.34778771563950217,44.80203239796175,0.007072059228081759,54.51739514289267,0.0010043286291986468,50.66624549694685,44.80203239796175,-0.08633033479134,35.54976980181409,,
2025-08-04,KZTK,40703.0,780.0,2.11908017979206,0.025975446001839025,0.9999999974875003,0.0,-0.03139458863646024,-0.48883526474534755,42.71958814941519,-0.0016032881336698005,48.976932850586984,-0.013037593529824445,46.450132473879094,42.71958814941519,-0.09421700995870594,34.04919626650956,,
2025-08-05,KZTK,41056.5,3240.0,2.984467058330394,1.504076126947294,0.999999998474447,0.0,-0.040024532409751186,-0.6442202573250907,40.45523919282289,0.007676886569785076,54.901099651964635,-0.0216591030478904,43.882628809319854,40.45523919282289,-0.10485772190819503,32.0746593452941,,
2025-08-06,KZTK,41194.0,600.0,2.9615503262084455,-0.18232120068354102,0.9946662373132085,0.0,-0.05253994862481899,-0.8695644666036539,37.24457621213566,0.0033810605797885496,52.165839237204345,-0.0273603106208255,42.20175525203202,37.24457621213566,-0.10633797424651915,31.80479298601442,,
2025-08-07,KZTK,40800.02,340.0,1.9066802970781134,-0.7503035764317173,-0.99994961837845,0.0,-0.05005715082087993,-0.8248608707892682,37.873604645914746,0.013737433401546111,58.70651686651859,-0.02513759909454752,42.85514787230077,37.873604645914746,-0.09943895325607638,33.072730615542824,,
2025-08-08,KZTK,40800.0,590.0,1.8598593884062808,-0.06559714705429315,-0.9999999974226804,0.0,-0.043204493464052335,-0.7014765080964708,39.630478033016075,0.007684161998132536,54.90571175535436,-0.025283473389355743,42.812187317034315,39.630478033016075,-0.10283095238095238,32.44611167989788,,
2025-08-11,KZTK,40763.0,240.0,1.6859812019543698,-0.907919362292117,-0.8916621488742765,0.0,-0.03504350477927189,-0.5545352070241927,41.757867939575085,0.009233069185446419,55.8855649325515,-0.029329432435421326,41.62517243332968,41.757867939575085,-0.11334983520692012,30.54318700306749,,
2025-08-12,KZTK,41498.0,5160.0,3.4925985333612584,2.16012858393179,0.9999999985673147,0.0,-0.06084155954733332,-1.019037717586713,35.17347449985155,-0.013871097823035267,41.216418896691806,-0.04919574425847258,35.95963937279968,35.17347449985155,-0.14879336437709373,24.62307766192738,,
2025-08-13,KZTK,41460.0,150.0,2.747268488349361,-1.5260485165856892,0.7733822677208119,0.0,-0.06058923058369513,-1.0144944511214178,35.23565622530703,-0.009351325431281945,44.04577767596841,-0.04832491213562122,36.201187811416155,35.23565622530703,-0.13120013897503044,27.462777659818837,,
2025-08-14,KZTK,41486.0,1070.0,2.7603809326314366,0.4387215706894949,0.8762039147386566,0.0,-0.061206714408915126,-1.0256124516693323,35.08357796350799,-0.02209145043384308,36.22770326163406,-0.0443106896838023,37.323517538653974,35.08357796350799,-0.13182978438318077,27.357708824449183,,
2025-08-15,KZTK,41238.99,250.0,1.8460986274942532,-1.015227178872585,-0.6802710008664853,0.0,-0.06093677629731328,-1.0207521266695267,35.1500231709849,-0.011732010384555232,42.54944132846219,-0.03868864997057392,38.9183622427209,35.1500231709849,-0.13372063622834324,27.043693273871984,,
2025-08-18,KZTK,41264.73,2610.0,1.6749868644764674,1.4785424962155576,-0.3359451507836962,0.0,-0.068811589961763,-1.1625407518288724,33.236131722885084,-0.009515433507882337,43.94225028683268,-0.039426071703018886,38.7077336935445,33.236131722885084,-0.13201942709912323,27.32611232168972,,
2025-08-19,KZTK,41050.0,850.0,0.9666785874366618,0.20854438265245145,-0.9999999959016393,0.0,-0.061420620420315916,-1.0294639001685848,35.03096607027294,0.007884463391527947,55.03265519741355,-0.043614316164955626,37.519651943627025,35.03096607027294,-0.13027362585310215,27.617839893490125,,
2025-08-20,KZTK,41199.8,180.0,0.8460161022472235,-1.3437300717197362,0.43030302867311665,0.0,-0.06709273328072107,-1.1315921686578037,33.64945084152639,-0.00538669632931651,46.560528975206964,-0.053920058455746926,34.66184298282875,33.64945084152639,-0.1428666843659359,25.55720181978336,,
2025-08-21,KZTK,40697.1,830.0,-0.5064340703529213,0.33286376966622194,-0.9999999981234753,0.0,-0.04822241199530886,-0.7918257912700408,38.34109243265851,0.004882576171626164,53.124217034862234,-0.03520231557390718,39.91964932306272,38.34109243265851,-0.11082576201463282,30.994104776937036,,
2025-08-22,KZTK,40882.0,1700.0,-0.08732934521440662,0.9016909616314405,-0.276204270437465,0.0,-0.057479750878059455,-0.9585072403492658,36.00598602568045,0.003448064813714683,52.20864554772625,-0.032371049062613816,40.739088444413035,36.00598602568045,-0.09258984590183283,34.356302032332934,,
2025-08-25,KZTK,40999.0,1590.0,0.12715729970766237,0.6806462885766338,-0.0064318731285413905,0.0,-0.05312822765324899,-0.8801566251238891,37.096154769243626,-0.0042118734603283,47.30967529460464,-0.04364709417031852,37.51041073140425,37.096154769243626,-0.09462950214232868,33.97155498040896,,
2025-08-26,KZTK,41500.0,2680.0,1.3001680661737716,1.1601691559045126,0.999999997801618,0.0,-0.06237627079747554,-1.04667070135579,34.79636206858022,-0.02239536240198891,36.04812624595811,-0.055974655765920825,34.10434176519075,34.79636206858022,-0.0894988143048384,34.94329560402186,,
2025-08-27,KZTK,41105.0,230.0,0.16607178814715623,-1.3531377237268234,-0.9753456830561692,0.0,-0.053034571210392276,-0.878470309887007,37.11976785647393,-0.01297598537813531,41.772780823125835,-0.046785192683082205,36.6299745171497,37.11976785647393,-0.0728884387254476,38.172645007750376,,
2025-08-28,KZTK,41022.0,210.0,-0.16946739054603607,-1.3862896575668984,-0.7799779938995035,0.0,-0.05103930852434582,-0.8425449451557212,37.624269282549875,-0.013360234055593863,41.53368368415584,-0.050309123327552434,35.65184869372392,37.624269282549875,-0.056365526511906454,41.4922060275154,,
2025-08-29,KZTK,41149.99,410.0,-0.052767023880750955,-0.6746836678143383,0.6666333277773346,0.0,-0.05893404028773751,-0.9846922022757848,35.644780359938096,-0.02366574058773224,35.301742871171385,-0.06059531132868368,32.86667074766398,35.644780359938096,-0.06193288222076247,40.36340106818997,,
2025-09-02,KZTK,40954.0,1040.0,-0.6019158353454059,0.4102838163328436,-0.1911181598114255,0.0,-0.05782324415856426,-0.9646919504985507,35.920526850700284,-0.019117151976937346,38.00484350288787,-0.05360145794623623,34.74867609084621,35.920526850700284,-0.058527746887526225,41.05267567927904,,
2025-09-03,KZTK,40700.0,130.0,-1.231521675588032,-1.7047405492725243,-0.5999839969599392,0.0,-0.05237991595491595,-0.8666830254403453,37.28499385526205,-0.017920189345189345,38.729513136618685,-0.04982473674973679,35.78561222697893,37.28499385526205,-0.048025970125970124,43.19957416560323,,
2025-09-04,KZTK,40700.01,520.0,-1.280100042881695,-0.1347323411425775,-0.5832326322628545,0.0,-0.04972690345571587,-0.818914657727682,37.95758776226962,-0.020397274546416738,37.23570791001154,-0.042697760003475416,37.77842578949616,37.95758776226962,-0.05129409297325438,42.52832521992922,,
2025-09-05,KZTK,40602.0,360.0,-1.4886013707276442,-0.43286306825965226,-0.42450913895140124,0.0,-0.05181732450430544,-0.8565533802566658,37.42722196543092,-0.018024023271197027,38.66644649299323,-0.045242674533977956,37.06167489161199,37.42722196543092,-0.05508919071544676,41.752297906061095,,
2025-09-08,KZTK,40305.0,580.0,-2.2001228669927286,0.04405990902375308,-0.9856900209849162,0.0,-0.04478316438348072,-0.7299010002536999,39.223179226753366,-0.00599409856983359,46.1737944932561,-0.030877414476521287,41.17349960034235,39.223179226753366,-0.043621706954708475,44.108099714387784,,
2025-09-09,KZTK,40300.0,300.0,-2.1799471232735423,-0.6061342285745327,-0.23737255725203676,0.0,-0.04333784414510226,-0.7038775312235942,39.5960168887179,-0.00603097896726929,46.150327003481934,-0.028251630627436998,41.940492614392014,39.5960168887179,-0.04557703139154757,43.70422471323213,,
2025-09-10,KZTK,40100.0,600.0,-2.6467053639483424,0.08701121903537128,-0.9999999966666667,0.0,-0.04381236096267263,-0.7124213635027028,39.473473883175146,-0.0011548163321853369,49.263903164261905,-0.02315668368760638,43.43957575450033,39.473473883175146,-0.03784235047302379,45.30620098593268,,
2025-09-11,KZTK,40000.0,880.0,-2.5638494081711345,0.47000307390549456,-0.9919521872830428,0.0,-0.041404071428571346,-0.6690593137354308,40.096747330427334,-0.008142063492063492,44.810179249633265,-0.020621428571428572,44.19019790706192,40.096747330427334,-0.034661904761904755,45.96794812646094,,
2025-09-12,KZTK,39999.97,110.0,-2.426042055778431,-1.6796358771454791,0.1782662491704481,0.0,-0.04425335605291386,-0.720361625991656,39.359706271338446,-0.015113147888333168,40.44814701080367,-0.025638719670904798,42.7076113277217,39.359706271338446,-0.024185097985351244,48.15665013161236,,
2025-09-15,KZTK,40192.0,110.0,-1.8629170793321066,-1.6094320724596793,0.9931738250685217,0.0,-0.05841811274138113,-0.9754027561254653,35.77273831473278,-0.012868116058790872,41.83997215159376,-0.03390279104741683,40.295093296727416,35.77273831473278,-0.011929184359518757,50.725423931194705,,
2025-09-16,KZTK,40185.0,90.0,-1.8566875206307014,-1.810101210762599,0.9453924882409813,0.0,-0.06104387564656316,-1.0226804858831746,35.12365378802379,-0.005304157557013101,46.6131145837577,-0.03428806413196111,40.18366374663911,35.12365378802379,-0.011798607333937686,50.752795640175876,,
2025-09-17,KZTK,40179.8,40.0,-1.707737307086249,-2.453142642472877,0.9985714250051229,0.0,-0.0537811150189423,-0.8919120781301579,36.93171766517166,-0.013821520531085856,41.24717667045126,-0.03148265221638272,40.997301393692375,36.93171766517166,-0.0049523356006814165,52.18689361055737,,
2025-09-18,KZTK,39799.0,390.0,-2.6063227153300996,0.012903383873570935,-0.9999999973544974,0.0,-0.05164442234928931,-0.8534402197564371,37.470976963558556,-0.005001406691641371,46.806061300857394,-0.026615348255938472,42.420453697086415,37.470976963558556,0.013407262137080093,56.00851532651014,,
2025-09-19,KZTK,39520.0,120.0,-3.2010207105780673,-1.2039690710055446,-0.943732573867023,0.0,-0.045372058351005766,-0.7405042309557743,39.071623932689704,0.002036884679647867,51.30651147903708,-0.019750514105777262,44.448684419893716,39.071623932689704,0.02080660786581838,57.53134354451879,,
2025-09-22,KZTK,39799.99,190.0,-2.505522252019851,-0.6799003842347393,0.4884398964489924,0.0,-0.05478907520254735,-0.9100607346874439,36.67844729665967,-0.010686605547204792,43.20499917639921,-0.02541285096867118,42.77409417301955,36.67844729665967,0.031321614496935976,59.67038058919378,,
2025-09-23,KZTK,40097.0,720.0,-1.7108409395777675,0.7801576892425093,0.9999999974810448,0.0,-0.06023727056134902,-1.0081572944843287,35.32247374546591,-0.025516385849632103,34.22722281035272,-0.03809890959858845,39.08710739911487,35.32247374546591,0.019655535316935792,57.29530752448181,,
2025-09-24,KZTK,39750.0,480.0,-2.3575891366721615,0.3746929896881935,-0.9999999974842767,0.0,-0.054021608265947894,-0.8962422386020137,36.87122286063041,-0.014466786463012877,40.84739606815273,-0.02963296046720567,41.536495069043255,36.87122286063041,0.02825424528301887,59.049802018005096,,
2025-09-25,KZTK,39725.0,1130.0,-1.5890082064379136,1.2308794516685495,0.799035366563365,0.0,-0.056874318229494444,-0.9476062252237717,36.156830147991315,-0.01609415075868824,39.84461798193322,-0.031872433745891854,40.88394920593114,36.156830147991315,0.028982955737361017,59.197501177424485,,
2025-09-26,KZTK,39724.97,40.0,-1.3290412093572235,-2.2380371807444353,0.9997712660123236,0.0,-0.06852268207352905,-1.1573388697252602,33.305424929259175,-0.008788188669494304,44.401420402354006,-0.041482856122088706,38.122506909881714,33.305424929259175,0.03775029635642265,60.96080280683539,,
2025-09-29,KZTK,39499.97,740.0,-1.8342258963392464,0.6797236183183433,-0.3751874988275318,0.0,-0.08307789010376225,-1.4194102054359379,29.9087659653014,-0.008152544510974198,44.80354288018839,-0.03878729751566898,38.89016154086412,29.9087659653014,0.03650682190441765,60.71233436007435,,
2025-09-30,KZTK,39200.0,220.0,-2.3190924653505878,-0.5332976745586872,-0.9999999966666667,0.0,-0.05815498866213152,-0.970665120032367,35.83807542491846,0.006889285714285714,54.401335254181504,-0.02400328798185941,43.18956972000047,35.83807542491846,0.06180187074829932,65.64192976015363,,
2025-10-01,KZTK,39300.0,120.0,-1.7346765054542597,-1.011598856758762,-0.801953102788372,0.0,-0.06064764328123112,-1.0155461910645311,35.22125705473624,0.006876426753907752,54.39316809032088,-0.03370486792681449,40.35237611953127,35.22125705473624,0.06174624681933842,65.63140787632233,,
2025-10-02,KZTK,39210.1,330.0,-1.9039848147096208,0.0,-0.9482051257738405,0.0,-0.06614944354007748,-1.114607924820192,33.87734879966492,0.00935115904498695,55.960091789091905,-0.032021693888151515,40.840568513940376,33.87734879966492,,,,
2025-10-03,KZTK,39500.0,1490.0,-0.9719299663234635,1.553957815057564,0.5424164510477726,0.0,-0.07077028832630099,-1.197807763855259,32.76826958730802,0.0019573387582881253,51.25562878055562,-0.04181275668073135,38.02895394109987,32.76826958730802,,,,
2025-10-06,KZTK,39301.1,110.0,-1.2324372786667397,-1.0520897053632834,-0.999312711342578,0.0,-0.06910231478334568,-1.167775348418503,33.166475892603685,0.0019279170414189931,51.236808089140226,-0.035167198578552585,39.929779582420366,33.166475892603685,,,,
2025-10-07,KZTK,39592.0,460.0,-0.39412307531015167,0.5705441720136116,0.9999999965753424,0.0,-0.08574604353292473,-1.4674511906014678,29.308024482309435,-0.009064962618710835,44.22655289273677,-0.04454046103589951,37.258893183089924,29.308024482309435,,,,
2025-10-08,KZTK,39691.98,110.0,-0.07126741560944165,-0.9162884491529618,0.9928917349284457,0.0,-0.06661717345490385,-1.1230295566701647,33.764251408003375,-0.01214119908750196,42.29354364316126,-0.05046734865402468,35.60820304173545,33.764251408003375,,,,
2025-10-09,KZTK,39698.0,150.0,0.017685742723428453,-0.312373980328308,0.9865771745867304,0.0,-0.04364474648676875,-0.7094034094141503,39.51674495439023,-0.009579560863087791,43.90180988815595,-0.06228315806161924,32.4203267433205,39.51674495439023,,,,
2025-10-10,KZTK,39700.0,150.0,0.11828980084302163,-0.12516286256247813,0.9999999800000005,0.0,-0.042981136300027985,-0.6974548884676188,39.68822215197644,-0.014150300867618247,41.04332991370771,-0.08219144376474352,27.409126787463155,39.68822215197644,,,,
2025-10-13,KZTK,39501.12,170.0,-0.37238519105882484,0.0,-0.9900444400442237,0.0,-0.020607701481448117,-0.29461379302179386,45.59226451634052,-0.009222005085521932,44.12739581186253,-0.05983001514893761,33.07008030677244,45.59226451634052,,,,
2025-10-14,KZTK,39360.36,970.0,-0.698088868996161,1.6843375804316276,-0.6987326724860394,0.0,-0.009186339094895054,-0.08896838485845214,48.66579103494635,-0.004280365861442779,47.26596335574962,-0.056423097041214704,33.98323612285579,48.66579103494635,,,,
2025-10-15,KZTK,39340.0,120.0,-0.6515042674837014,-0.535516831786963,-0.5122478117277789,0.0,0.006571427159238599,0.19475540950158524,52.91801152154195,-0.009183072078178789,44.151973893851725,-0.06355216771168729,32.086829814724474,52.91801152154195,,,,
2025-10-16,KZTK,39449.99,220.0,-0.35711592671293635,0.07061743068428392,0.5659285658592708,0.0,0.0011552501958709029,0.09723535150675403,51.45811671378425,-0.011955761421079271,42.40946193898782,-0.06376652532014035,32.03067532186801,51.45811671378425,,,,
2025-10-17,KZTK,39272.0,300.0,-0.7717454059383754,0.3807718745432081,-0.9903002760543416,0.0,0.004503553078731248,0.157522652591867,52.36108245697633,-0.010316298942337813,43.43779738363987,-0.0625397073564267,32.352759842771725,52.36108245697633,,,,
2025-10-20,KZTK,39270.0,320.0,-0.7509471248184398,0.37469286563551274,-0.9999999956521739,0.0,0.00913869153722095,0.24097985392469232,53.60841364107243,-0.019944423223835068,37.507079056049605,-0.07216758127493421,29.871930679607512,53.60841364107243,,,,
2025-10-21,KZTK,39324.99,840.0,-0.570038148490926,1.172719152077576,-0.666696970431577,0.0,0.004369807204504049,0.15511451388084974,52.325039701042165,-0.024119464598537803,35.03687325837598,-0.05173825740112495,35.258501336344175,52.325039701042165,,,,
2025-10-22,KZTK,39112.01,60.0,-0.9361648304212433,-1.4663316393298311,-0.9999999952825739,0.0,0.0035839906605555534,0.14096562704471763,52.113224779631,-0.011388456177243024,42.764601924280285,-0.02297016654290536,43.494700460061445,52.113224779631,,,,
2025-10-23,KZTK,39111.98,680.0,-0.8891538534152187,1.1284640141855993,0.10653924598618804,0.0,0.007959535956372343,0.21974876760549916,53.291464597612894,-0.018556944594907903,38.34336274341298,-0.02220555241053622,43.720847145948404,53.291464597612894,,,,
2025-10-24,KZTK,38999.9,130.0,-0.9966246429484618,-0.5260919000953638,-0.22370238999008332,0.0,0.008803542534520856,0.23494538525771938,53.51835637973599,-0.016242651919498287,39.75352115274246,-0.0016753646030920211,49.8605532391979,53.51835637973599,,,,
2025-10-28,KZTK,38620.02,340.0,-1.9401446588662208,0.4353174544138136,-0.9999459403212729,0.0,0.0218298771046974,0.46948884854105716,56.99613122493107,-0.009118924242375946,44.192476131297745,0.01629286906302565,55.24389960944163,56.99613122493107,,,,
2025-10-29,KZTK,38510.01,110.0,-2.1016558122561384,-0.693145523745881,-0.9999411683385439,0.0,0.025539023490256118,0.5362732562658179,57.975408094220136,-0.0044520312575873355,47.15642484208927,0.03480632337540292,60.663651429628096,57.975408094220136,,,,
2025-10-30,KZTK,38800.0,120.0,-1.3431987292067273,-0.48550666514345553,0.9999999965517241,0.0,0.02859353624611362,0.5912707689231518,58.77719850002485,-0.014061372934053346,41.09843599892773,0.024389952544591722,57.63764097521419,58.77719850002485,,,,
2025-10-31,KZTK,38520.0,140.0,-2.034339089137288,-0.3313564126959623,-0.8951511311525051,0.0,0.05414365450229937,1.0513091005674635,65.26675416017133,-0.010387520397567126,43.393000242172874,0.03064615042278586,59.4635115260761,65.26675416017133,,,,
2025-11-03,KZTK,38499.92,610.0,-2.05841310977522,1.3382835305115712,-0.04638172336999498,0.0,0.05470526420883601,1.0614210691243142,65.40416498007333,-0.021843133608490373,36.37471615276141,0.03586736968276368,60.96775813451216,65.40416498007333,,,,
2025-11-04,KZTK,38399.86,690.0,-1.9954679597480904,1.4615163157378261,-0.22031831142046168,0.0,0.06459010386624335,1.2394008772398508,67.77914256046513,-0.039779324186565546,26.5346145370414,0.0351902844784677,60.77379541589334,67.77914256046513,,,,
2025-11-05,KZTK,38469.97,160.0,-1.609104402830572,-0.19782536809024928,0.8823813331124115,0.0,0.07140034676687063,1.3620215536172915,69.36444029031983,-0.02339022917384943,35.46302062889758,0.026799813966004615,58.34371996956258,69.36444029031983,,,,
2025-11-06,KZTK,38386.0,70.0,-1.6950492968168296,-0.8574476039376852,0.5392771588598297,0.0,0.07379017829747783,1.4050512609254109,69.91031441607333,-0.02124516887357251,36.7297753342165,0.03353347607717426,60.29774881679681,69.91031441607333,,,,
2025-11-07,KZTK,38250.0,130.0,-1.9970236412859923,-0.23841050538086114,0.2521122461782606,0.0,0.0964517273576097,1.813079948603787,74.79762635972673,-0.02559603174603175,34.1813306112582,0.03510599439775905,60.749625114165994,74.79762635972673,,,,
2025-11-10,KZTK,37788.99,1800.0,-3.0991328980000175,2.389594727637015,-0.4030282273407437,0.0,0.10618632965895755,1.9883546834222348,76.72794698187424,-0.011126332381342717,42.92894913375445,0.05087016714801756,65.16725485807497,76.72794698187424,,,,
2025-11-11,KZTK,37002.0,1670.0,-4.416641734875534,2.1475775396174286,-0.7232152773978546,0.0,0.1294765746896564,2.4077032500346784,80.91693666591563,0.006707250058555337,54.28569636913735,0.07427905023151901,71.25790935953538,80.91693666591563,,,,
2025-11-12,KZTK,37700.0,5600.0,-1.8137441523465045,3.069838507275305,0.006510407274272328,0.0,0.1082849132668098,2.0261403755310656,77.1303161607558,-0.022073281125005263,36.238451480992694,0.06529054460864811,68.9939482571591,77.1303161607558,,,,
2025-11-13,KZTK,37699.99,100.0,-0.9296380738136845,-0.9555071035101799,0.7538385773290284,0.0,0.1175682410832142,2.193289763958337,78.85110815809588,0.0006060302752722837,50.390932981543514,0.08359256101356304,73.49645975930812,78.85110815809588,,,,
2025-11-14,KZTK,37400.0,630.0,-1.6831809898924517,0.8850365970116801,-0.9999999966101695,0.0,0.11893854299295477,2.217962503163896,79.09692136353509,0.033256016042780744,70.09001324947064,0.09239838086749852,75.50756445226187,79.09692136353509,,,,
2025-11-17,KZTK,37496.0,1430.0,-1.303145189216247,1.5288555940606972,0.8969581158427797,0.0,0.13389018418049248,2.487171749019107,81.64236960877425,0.03139609050362197,69.08225264237343,0.09681840992139684,76.47732108200947,81.64236960877425,,,,
2025-11-18,KZTK,37374.99,100.0,-1.4403763621984889,-1.1939170216819857,0.3580371343288032,0.0,0.1405704956267611,2.6074529665771427,82.6994088143473,0.05319446701747173,79.6097509386434,0.10945961212934366,79.10172146508903,82.6994088143473,,,,
2025-11-19,KZTK,36995.0,390.0,-2.361184989544732,0.4446847149052691,-0.7631828208525876,0.0,,,,0.07240280293132705,86.45818125883167,0.12100204457058764,81.30408664326163,,,,,
2025-11-20,KZTK,37850.0,3530.0,0.17009759526176527,2.6475894519675665,0.256578578061647,0.0,,,,0.06393495837789107,83.71362326697151,0.11432643790232958,80.05287407697428,,,,,
2025-11-21,KZTK,38770.0,2670.0,2.583180265156584,1.989934218288483,0.16571428561959184,0.0,,,,0.03600834397812087,71.54610094377603,0.08375440397378107,73.53435903884257,,,,,
2025-11-24,KZTK,38800.0,780.0,2.4355537006500354,0.7593950778182866,0.041082754502000426,0.0,,,,0.033913099329078635,70.44150459315581,0.08227227949599084,73.18599188750538,,,,,
2025-11-25,KZTK,39490.0,1220.0,4.182331120625056,0.8919967958315475,0.9717912539184891,0.0,,,,0.020358256460345597,62.74660865442985,0.06321852719394502,68.45833118196435,,,,,
2025-11-26,KZTK,39800.0,1140.0,4.787216741230564,0.6090632559085152,0.3634555206362942,0.0,,,,0.009113482093004707,55.810066133862435,0.06364301866475233,68.56846874850395,,,,,
2025-11-27,KZTK,40400.01,2620.0,6.121990422175191,1.378688459376618,0.2933376679813199,0.0,,,,-0.012076062604935,42.33425128447876,0.04047136002565341,62.27719275160612,,,,,
2025-11-28,KZTK,40300.0,220.0,5.206521624045409,-1.2062388952999825,-0.4999999975,0.0,,,,-0.005352260821615697,46.582466979912084,0.05973469514356611,67.54665273871966,,,,,
2025-12-01,KZTK,40249.95,760.0,5.0320131345850685,0.03344787687107507,-0.39740518882754616,0.0,,,,-0.006150027579152843,46.07458647478969,0.06381058690460374,68.61188822780699,,,,,
2025-12-02,KZTK,40430.0,1060.0,5.356767379101942,0.31963321551437107,0.051005621206416156,0.0,,,,-0.007821453011083236,45.013271538365736,,,,,,,
2025-12-03,KZTK,40299.0,260.0,4.789086762013403,-1.2636884410458198,-0.4480459336024354,0.0,,,,-0.0038899410241776057,47.51518714606509,,,,,,,
2025-12-04,KZTK,40050.01,270.0,4.092343008457785,-1.22594828573339,-0.99999999599984,0.0,,,,0.01284121674307253,58.149167266112364,,,,,,,
2025-12-05,KZTK,40221.1,2920.0,4.492604343202189,1.1549642432368439,-0.35554013353345354,0.0,,,,0.025675352629215067,65.8697950567391,,,,,,,
2025-12-08,KZTK,40138.99,260.0,3.8095250722302874,-1.4423795440794953,0.25179142705035856,0.0,,,,0.027786397075788734,67.07429251842014,,,,,,,
2025-12-09,KZTK,40251.0,1280.0,3.9084236803790793,0.3302412645375621,0.001996007980047888,0.0,,,,0.03167660664449621,69.23544354020744,,,,,,,
2025-12-10,KZTK,40279.0,150.0,3.5063944926000747,-1.81373077642174,-0.5082644617597841,0.0,,,,0.039351185668454594,73.25589960683058,,,,,,,
2025-12-11,KZTK,40700.01,2160.0,3.731232231733239,1.0314720752944382,0.4569801318450648,0.0,,,,0.02856657204372274,67.51392278518848,,,,,,,
2025-12-12,KZTK,41390.0,1010.0,5.117324775541761,0.0933318242897794,0.9710430571877288,0.0,,,,0.028711235172977138,67.59510553891715,,,,,,,
2025-12-15,KZTK,41390.0,480.0,4.757242822258471,-0.7683692483731005,0.6585770368580364,0.0,,,,0.025159255839728178,65.57210855331628,,,,,,,
2025-12-17,KZTK,41661.99,1270.0,5.013762380847806,0.3499480771549811,0.6411659165506124,0.0,,,,0.01784962225160157,61.233358973731434,,,,,,,
2025-12-18,KZTK,42000.0,1980.0,5.565823183972183,0.6486948542544405,0.5547424822451064,0.0,,,,0.009717857142857143,56.19134340497013,,,,,,,
2025-12-19,KZTK,42000.0,70.0,5.0110939946160205,-2.754552800545744,-0.9999999966666667,0.0,,,,0.018050396825396827,61.35531429033912,,,,,,,
2025-12-22,KZTK,42718.0,2350.0,5.901606543102722,0.8200132910434909,0.9729339823137582,0.0,,,,-0.005909557455799087,46.22759551630778,,,,,,,
2025-12-23,KZTK,42571.0,1780.0,4.4001325335809875,0.5422114875056241,0.5669172923805755,0.0,,,,0.013273974523606317,58.41856474311773,,,,,,,
2025-12-24,KZTK,42546.25,3600.0,3.821067145194394,1.1856229314410744,0.5866290007784765,0.0,,,,0.01645199491123339,60.38057736532444,,,,,,,
2025-12-25,KZTK,42550.0,1630.0,3.09868744840274,0.393269456063238,-0.287171817965184,0.0,,,,,,,,,,,,
2025-12-26,KZTK,42900.0,100.0,3.585419104918161,-2.4552942365556545,0.46947368322216065,0.0,,,,,,,,,,,,
2025-12-29,KZTK,42610.0,1410.0,2.5905782170949303,0.3091879743273769,-0.3220338977592646,0.0,,,,,,,,,,,,
2025-12-30,KZTK,43280.0,810.0,4.023083831629559,-0.36344165184740657,0.7079959505212571,0.0,,,,,,,,,,,,
2025-12-31,KZTK,43390.0,2040.0,4.047300517898323,0.5602282633838667,0.69499999982625,0.0,,,,,,,,,,,,
