date,ticker,close,volume,dev_price,dev_volume,order_flow,pre_agm,R30,Z30,Y_target,R5,Y_target_5,R21,Y_target_21,Y_target_30,R63,Y_target_63,R252,Y_target_252
2022-02-07,KZTO,1096.0,5500.0,3.2986948744460753,-0.6570433949543887,-0.6103515326976785,0.0,-0.11221437550689371,-1.1412153056331453,33.5206616526644,0.006206123276561233,53.37796450353235,-0.11034313521028848,30.369832297719668,33.5206616526644,-0.34799845904298465,17.507196888713615,-0.48274899490209705,22.075504769664345
2022-02-08,KZTO,1099.0,9410.0,3.567949772211571,-0.12002324848717928,0.1740041855763489,0.0,-0.09618058841370938,-0.9685027435615454,35.86791443168148,-0.0011007961783439492,50.08908617510151,-0.11568065918511777,29.494129425981775,35.86791443168148,-0.3554280735011627,17.019854455044737,-0.49192643312101914,21.670504028846967
2022-02-09,KZTO,1098.01,3500.0,3.448529704894801,-1.1090219568192354,-0.32263510788554517,0.0,-0.09544973187785752,-0.9606301115950522,35.97664255345732,0.001998916145268948,51.48602950762642,-0.1314182826420611,26.999982114520705,35.97664255345732,-0.35044172692358455,17.34572974438608,-0.49079016523109703,21.72035465687232
2022-02-10,KZTO,1107.0,1960.0,4.286556688639742,-1.6888263058071458,0.99999990000001,0.0,-0.09944972899728997,-1.0037172342293466,35.38335929327763,-0.00290254871596335,49.2768888023508,-0.1405147277068009,25.620512645489,35.38335929327763,-0.35706265001935733,16.914093621611826,-0.4936085753000387,21.596856714172485
2022-02-11,KZTO,1111.94,10580.0,4.745617018186757,-0.0028315093990792955,0.8383371179109296,0.0,-0.11532990374180865,-1.1747751165830675,33.07344631960966,-0.005619400677094854,48.05303954144093,-0.14131669110557812,25.501137094531316,33.07344631960966,-0.35842289315028136,16.826482342413453,-0.5004205600907438,21.300471424642176
2022-02-14,KZTO,1105.0,6540.0,4.052449160522264,-0.5066847920166893,-0.11111110082305091,0.0,-0.11974700136464843,-1.2223551575881848,32.44461946329451,-0.006013260432378121,47.87577814080298,-0.1282428930546578,27.49240081398865,32.44461946329451,-0.3548255135387488,17.058973847978404,-0.49832750305250306,21.391222186107377
2022-02-15,KZTO,1100.0,19890.0,3.5510267141360803,0.6546779700740394,-0.9999999090909174,0.0,-0.1277003607503608,-1.3080270620858128,31.32828061089218,-0.016571248196248195,43.15804465994981,-0.12366572871572871,28.21192492883692,31.32828061089218,-0.36146677489177487,16.631742292985578,-0.4948061327561327,21.54453603121241
2022-02-16,KZTO,1102.41,5440.0,3.7199455778061052,-0.6417516066514644,-0.5976627213970886,0.0,-0.13057602797507287,-1.3390031409846324,30.929829345819883,-0.0096954073348392,46.22176644373284,-0.13353091353748356,26.675465089774253,30.929829345819883,-0.36404607198255257,16.468140887524534,-0.4982732799697287,21.393576925974173
2022-02-17,KZTO,1106.0,23270.0,4.032843587001265,0.8698939462061253,0.7667844071387255,0.0,-0.13355338557363874,-1.3710746070745272,30.520253843081775,-0.048359734779987944,29.972065028719875,-0.140639933694997,25.601851108914254,30.520253843081775,-0.37003033956198517,16.09354576913253,-0.5019412346795258,21.234714337079552
2022-02-18,KZTO,1107.9,13800.0,4.128469907361016,0.28913085485902296,0.5858585562697781,0.0,-0.1388048756979099,-1.4276425475607848,29.805321989238443,-0.058796077843539296,26.176390308964358,-0.1183258861681689,29.065625929155214,29.805321989238443,-0.374072692545743,15.844425397627893,-0.5057040166079971,21.07264182523711
2022-02-21,KZTO,1100.55,29020.0,3.3870896744907086,0.9520679560919785,-0.12462005321458332,0.0,-0.13852213265661537,-1.4245968993439233,29.843568266806177,-0.048527611410744804,29.908565849719892,-0.09387684020543832,33.16063192430926,29.843568266806177,-0.37712286129662437,15.658529967669166,-0.49553205529269995,21.51286562940704
2022-02-22,KZTO,1084.0,17820.0,1.7343370342205466,0.3300938790726007,0.3333333174603182,0.0,-0.13171097346687752,-1.351228533685806,30.773344209643028,-0.03406859075733617,35.64226718112574,-0.07992480964095355,35.622673074710995,30.773344209643028,-0.3736795364025069,15.868516561452385,-0.48198780237802374,22.10933867791811
2022-02-23,KZTO,1094.0,12770.0,-0.7525029746264219,-0.0031274384946516458,0.42857139795918586,0.0,-0.14813340587910973,-1.5281275009029769,28.55947560952362,-0.0796487195670468,19.578589876592034,-0.08489042831026378,34.73685471453643,28.55947560952362,-0.3954037919677317,14.581411597575256,-0.4956309023243667,21.508555766278782
2022-02-24,KZTO,1055.0,11940.0,-4.7251533029684785,-0.029298503647656834,-0.21874999658203131,0.0,-0.11697349168735424,-1.192479498175227,32.83873952122111,-0.055948029037839464,27.18090362734642,-0.06290150078988942,38.731746114428276,32.83873952122111,-0.3859842680358083,15.128532851466076,-0.4694893176860001,22.670183200587353
2022-02-25,KZTO,1045.45,165250.0,-5.509913752894136,2.632601412680977,-0.1689514603751098,0.0,-0.11545510944250484,-1.1761238058994175,33.05553689737868,-0.06641987607675592,23.6079326851733,-0.06470602770736689,38.39727896476846,33.05553689737868,-0.3819595198239993,15.367401273227898,-0.467564669786004,22.757435611678133
2022-02-28,KZTO,1050.0,27390.0,-3.484928314722971,0.8353204592606005,0.03236907159512764,0.0,-0.188834126984127,-1.9665470570162855,23.506510016165947,-0.06302380952380957,24.73014354189278,-0.08122698412698415,35.389394802190075,23.506510016165947,-0.3875984126984127,15.033594153615526,-0.4715234126984127,22.57822638985717
2022-03-01,KZTO,1050.03,1840.0,-2.2299010841682327,-1.8650811319170422,0.6675585061017214,0.0,-0.16884881989766276,-1.7512695576563122,25.907885369756002,-0.06379667016316537,24.471638770191184,-0.08205314409384219,35.24175117735119,25.907885369756002,-0.38784349607018026,15.019222110836889,-0.4896846482617503,21.768935645651975
2022-03-02,KZTO,1010.0,24670.0,-5.7423427620263805,0.7896732120119542,-0.5999999880000003,0.0,-0.137207555398397,-1.4104365512621861,30.021759028446294,-0.02952156215621562,37.544414343682845,-0.04513439808266541,42.07716595483933,30.021759028446294,-0.3718070760647494,15.98366205556233,-0.5266076732673267,20.188808837229367
2022-03-03,KZTO,999.0,7310.0,-6.367401859627258,-0.43201239258004537,0.3333333287037038,0.0,-0.1305337373087373,-1.3385475948749028,30.935668827233965,-0.03680030387530388,34.52048987388506,-0.038445370370370366,43.35757619053759,30.935668827233965,-0.37446186901186906,15.820607341427545,-0.5578422601172601,18.920294274787526
2022-03-04,KZTO,979.0,43970.0,-8.111098583880715,1.3622496311451882,0.16666666319444454,0.0,-0.11875984443147368,-1.2117217119708468,32.5846146555633,-0.019097278564132507,42.04427203951432,-0.024663379785008998,46.021991198394694,32.5846146555633,-0.3808585996400603,15.433276131394758,-0.4881588979684485,21.83611214769356
2022-03-09,KZTO,986.8,15660.0,-6.593168210504231,0.23704847372305082,0.746835395769911,0.0,-0.15705269976386713,-1.6242042474478298,27.397998073762796,-0.02325772144690864,40.22788098542236,-0.03957922465432594,43.13986014086613,27.397998073762796,-0.37200204541213855,15.971641082923016,-0.4731678593948051,22.504078068188278
2022-03-10,KZTO,985.99,13750.0,-6.413452129853046,0.03440318736671563,0.998946206588715,0.0,-0.15941397156705123,-1.649639367703899,27.095481874773817,-0.013758838131749681,44.40622984213287,-0.04790733677633166,41.549378826371886,27.095481874773817,-0.3758145019380248,15.738050727810943,-0.46763428881084307,22.754275362252642
2022-03-11,KZTO,983.0,12300.0,-6.433241247677966,-0.11325589401378008,0.8399999664000013,0.0,-0.18632460559673175,-1.9395150236063652,23.799399133820938,-0.009941151560658164,46.111633710822694,-0.04600531172794651,41.9111994827644,23.799399133820938,-0.3737747743383552,15.86267800426695,-0.4834497933116957,22.044388115373586
2022-03-14,KZTO,965.0,15470.0,-7.958739825769483,0.116047124547248,-0.2912481961532213,0.0,-0.19572218521259974,-2.0407437628490324,22.71549384603384,-0.0002993256024344626,50.45038496058085,-0.03527798338679165,43.967093636399255,22.71549384603384,-0.35104590632453325,17.30598353633837,-0.4841228822271568,22.014531438560418
2022-03-15,KZTO,963.01,23320.0,-7.890565176519719,0.4658948322739821,0.14584369607547282,0.0,-0.1859828006656708,-1.935833173209503,23.839485163398404,-0.0029257331262775277,49.26643925836379,-0.10902536589970963,30.588276328996038,23.839485163398404,-0.3599873346227759,16.726166973666867,-0.5119259138880524,20.806642304135732
2022-03-16,KZTO,966.59,18720.0,-7.073064048044447,0.18456740110383155,0.22691480122299681,0.0,-0.22472172882923236,-2.3531207108418615,19.59388935207237,0.020851342039935203,59.854664370461705,-0.09064448986676613,33.72347668706207,19.59388935207237,-0.3552036180373583,17.034418210505763,-0.5192373621257648,20.49723632770293
2022-03-17,KZTO,975.18,6790.0,-5.923726587503777,-0.9023479192833723,0.3838709367845927,0.0,-0.24740288305748678,-2.59743730521451,17.38673957582518,0.03287320997637565,64.93529374122551,-0.10078499131784213,31.973872263403504,17.38673957582518,-0.35808825247402426,16.848002430831833,-0.5195322552905983,20.48482896880352
2022-03-18,KZTO,975.99,9150.0,-5.53377164793182,-0.5312698199311213,-0.022978721448617904,0.0,-0.24496816191276355,-2.571211004192102,17.61392565306109,0.0320911129553923,64.61350295299455,-0.10462311258799978,31.324344173791925,17.61392565306109,-0.34833342954821456,17.48499000347918,-0.5073447529590224,21.0022556432988
2022-03-24,KZTO,967.43,6870.0,-6.196985116298932,-0.817858688362333,0.341452790715403,0.0,-0.22885325575419996,-2.39762464471175,19.17661480140031,0.04539697675103524,69.88925245161663,-0.10300477496095446,31.59734328846916,19.17661480140031,-0.341671779821156,17.93080369102567,-0.486252973715009,21.92023681606293
2022-03-25,KZTO,962.9,5800.0,-6.222052552898251,-0.9255555159691777,0.4749999406250018,0.0,-0.22412472239943157,-2.3466898838971813,19.654750068674144,0.036858447942475385,66.55351312911873,-0.13069608054043091,27.11148697459558,19.654750068674144,-0.3342823327596694,18.435659997542587,-0.4686855325430619,22.70659339223865
2022-03-28,KZTO,989.45,18540.0,-3.3377708901898466,0.2382239935557529,-0.11095890258960284,0.0,-0.24738902027501253,-2.597287978254843,17.388026550719243,-0.0021270721388426126,49.62643785353187,-0.15738265689131453,23.187603122415148,17.388026550719243,-0.35251789911342446,17.20944936018692,-0.49335294608115626,21.608036941378977
2022-03-29,KZTO,1009.95,38070.0,-0.729945836080447,0.9577193759318904,0.010375493814836432,0.0,-0.26427501997977265,-2.779180394263605,15.875667842099478,-0.035373995471251585,35.10414690465935,-0.2034534955761601,17.390937647306192,15.875667842099478,-0.36535080667595526,16.385876587403892,-0.4948408845086626,21.543019118286693
2022-03-30,KZTO,1010.0,11320.0,-0.42503827277464623,-0.2551346759753495,0.9999999423298764,0.0,-0.2778714757190005,-2.925638538691216,14.736951445092734,-0.036285965739431075,34.730434797724214,-0.2272749371365708,14.873841562300672,14.736951445092734,-0.35646114647179006,16.952951283213864,-0.4898865393682226,21.760057865527553
2022-03-31,KZTO,1014.0,7750.0,0.189629626157884,-0.6340119340018402,0.9999999444444475,0.0,-0.27595923969193203,-2.905040336806584,14.892921191903358,-0.04004836104066873,33.208843623217064,-0.2227483798253029,15.327813846853456,14.892921191903358,-0.355166391941392,17.036834576768783,-0.4856828684136376,21.94544566414217
2022-04-01,KZTO,1001.0,7220.0,-0.9921469284789399,-0.7048496127002327,0.33333327777778704,0.0,-0.27229743034743037,-2.865596101328651,15.195391950401754,-0.031540145965145955,36.694833816901394,-0.24697994227994233,13.025718474445735,15.195391950401754,-0.34034113109113107,18.020910893725627,-0.4680067099567099,22.73737513038511
2022-04-04,KZTO,990.0,5250.0,-0.2817603687970624,-0.9086407150793561,-0.8679118833948032,0.0,-0.2590343434343434,-2.72272893536065,16.333268829345656,-0.026819011544011544,38.6938949466493,-0.2540000360750361,12.41606505552577,16.333268829345656,-0.3297212842712842,18.752729372806048,-0.4617840909090909,23.020915654661756
2022-04-05,KZTO,976.9,4740.0,-1.06479723396693,-0.9129076394007748,-0.17704010452835087,0.0,-0.2499558768261117,-2.6249376139169667,17.15100887370073,-0.020956122988656994,41.22975057055677,-0.24082494597422685,13.581010831077123,17.15100887370073,-0.3211688950063937,19.358534550667382,-0.4558886286308975,23.291826888591643
2022-04-06,KZTO,975.99,5380.0,-1.101234399102925,-0.7862567548943105,-0.11804006279730708,0.0,-0.24724117276035712,-2.595695396109175,17.40175690390724,-0.02930238707558968,37.637134576545435,-0.2309515178604972,14.513329390112851,17.40175690390724,-0.3225442066517075,19.260120668756294,-0.45743622754965774,23.22049653200867
2022-04-07,KZTO,976.0,9150.0,-0.8722994721722085,-0.1120591791445284,-0.24812023856635795,0.0,-0.24785691517043973,-2.602328043069213,17.344630296665486,-0.03039918032786884,37.174065156454546,-0.23000231589903722,14.605704095911292,17.344630296665486,-0.309242941712204,20.2279547173359,-0.4523536885245901,23.455327390460855
2022-04-08,KZTO,971.99,1820.0,-1.2134831256185465,-1.7269704112188624,-0.24593299081980236,0.0,-0.2555570410450692,-2.6852721697656685,16.64271670492703,-0.03365572633104036,35.81322518158047,-0.22885386462513413,14.718120401269513,16.64271670492703,-0.2939087812484843,21.38819400652445,-0.4465531618123643,23.725337961290116
2022-04-11,KZTO,966.0,2820.0,-1.9042862774134577,-1.1770140864410892,0.12408758218339108,0.0,-0.251931746031746,-2.646221258937334,16.970312151661005,-0.10319820565907523,13.734752987893067,-0.22534083850931672,15.066441389043616,16.970312151661005,-0.2841153381642512,22.15416775230345,-0.42472657004830916,24.76042452079929
2022-04-12,KZTO,958.99,3800.0,-2.5786623661985217,-0.7991637510502113,0.07538460958580066,0.0,-0.2505309519381916,-2.631132201347478,17.09826037294801,-0.07472768225730873,21.01360187447638,-0.23385409140353852,14.23386296381684,17.09826037294801,-0.25251449582290364,24.757786340650416,-0.39871883662490815,26.032757649975437
2022-04-13,KZTO,950.0,4620.0,-3.4376017856018555,-0.48250542512811534,0.18144610361773095,0.0,-0.24646614452798662,-2.5873469559738163,17.473872518656414,-0.06803855472013366,23.0855882910087,-0.22132733918128658,15.472652766412082,17.473872518656414,-0.2392306390977444,25.911681668374353,-0.3812293441938179,26.911828264578432
2022-04-14,KZTO,948.99,7740.0,-3.4708479658510067,0.09408341058835207,0.8653332756444495,0.0,-0.25412155475821663,-2.669809415209925,16.771823436669408,-0.07022764219503541,22.392131062301097,-0.22673460863655046,14.927442671589608,16.771823436669408,-0.2204830191396467,27.598566067994124,-0.36685481081641186,27.648216282675264
2022-04-15,KZTO,941.97,8790.0,-4.192791854013514,0.2212962861489235,0.19759999209600249,0.0,-0.2558907700149181,-2.6888670276171003,16.612815532352123,-0.0698578158009279,22.508236148381233,-0.21559977243739945,16.06778696146086,16.612815532352123,-0.19577674278879575,29.922429289112745,-0.3654128424118249,27.722769763773524
2022-04-18,KZTO,869.0,45700.0,-11.667320025142077,1.869779045931491,-0.014280298153163737,0.0,-0.21156172712660054,-2.2113639569496804,20.96861304262026,-0.026941898186201983,38.64134221204478,-0.14991396377883717,24.24453977113796,20.96861304262026,-0.0942615143295523,40.497738466414944,-0.2755200225583137,32.604897092451054
2022-04-19,KZTO,889.99,12070.0,-7.339160067731195,0.5384042653659928,0.9993333000222239,0.0,-0.24744919054735232,-2.597936119697408,17.382441086774314,-0.053345574232419604,28.119634385992093,-0.16799330992126363,21.742128525785017,17.382441086774314,-0.08564312989427204,41.45501021220885,-0.3075104438751497,30.816245872568782
2022-04-20,KZTO,888.0,11890.0,-7.121944246025628,0.4634643817054286,-0.3338891065490155,0.0,-0.2479873552123552,-2.603733115601673,17.33254752567572,-0.08389100171600172,18.40204602904476,-0.16671074646074646,21.91333628821763,17.33254752567572,-0.1180160124410124,37.89835357940435,-0.3034900579150579,31.038039087316736
2022-04-21,KZTO,884.98,3820.0,-6.998021898657358,-0.6719809646050107,0.6621923567006531,0.0,-0.24871472404362474,-2.6115681787523486,17.265292697323105,-0.10787782471633296,12.765182058589875,-0.1757133874427079,20.7320441837034,17.265292697323105,-0.12129949090410796,37.544092770814565,-0.2973279293281491,31.3796821463616
2022-04-22,KZTO,878.78,9810.0,-7.486260198065266,0.2711691381980679,-0.024444443086422858,0.0,-0.243589206248056,-2.556357185537118,17.743629180640692,-0.09275556250964088,16.121823654464517,-0.17099899595651544,21.34469664826516,17.743629180640692,-0.12393153443789492,37.261074136636395,-0.26980160822706223,32.930231982559896
2022-04-25,KZTO,848.0,14170.0,-10.395614209930114,0.604078934973097,0.21858339402661386,0.0,-0.22699693021862835,-2.3776286988117454,19.36325533970501,-0.10037766546870328,14.348560793361825,-0.14521820904462415,24.925619038527998,19.36325533970501,-0.08355792902066482,41.687622365821014,-0.2660856394129979,33.14252563006098
2022-04-26,KZTO,845.0,3720.0,-9.744231743054034,-0.733322297298197,-0.8185940671839421,0.0,-0.2359742673992674,-2.474330675458791,18.473386182133005,-0.11529230534422842,11.348945670368199,-0.14570558842866535,24.854337942768524,18.473386182133005,-0.06440608622147084,43.84015135502873,-0.24837949422372496,34.16341484422134
2022-04-27,KZTO,816.0,29130.0,-11.19844187766479,1.3595348768874078,-0.5174909440377227,0.0,-0.23208305322128853,-2.4324153396530814,18.85515825133429,-0.0800717553688142,19.458757305820583,-0.12475536881419233,28.039601376258517,18.85515825133429,-0.028065802987861814,47.98227306773404,-0.21967373949579838,35.84981173792747
2022-04-28,KZTO,792.01,21970.0,-11.670990049678892,1.0774442153679415,-0.9991666250347246,0.0,-0.1908119102783093,-1.9878513201935006,23.27744633662845,-0.04075760238717524,32.92578091500761,-0.10672466998773263,30.971754243179774,23.27744633662845,0.0011726780395790518,51.337926820011184,-0.19254424287271504,37.476516903218965
2022-04-29,KZTO,799.77,11570.0,-9.481288251478913,0.4361822444655994,0.19476518900960602,0.0,-0.2041766565328008,-2.1318135390775996,21.770548511875614,-0.04883941208990439,29.790832481924422,-0.13676542864704552,26.183451858612067,21.770548511875614,-0.015070914033617974,49.473228101125535,-0.2131545975866871,36.23790445313782
2022-05-03,KZTO,765.31,39140.0,-11.670990049678892,1.5551141905598627,-0.21444933542820682,0.0,-0.16752771596549831,-1.737038905623769,26.072122618366823,-0.008449165116822597,46.780827939742366,-0.1169727603120884,29.284361331483076,26.072122618366823,0.024280040840385778,53.98290371977279,-0.17098710816531854,38.789785742845865
2022-05-04,KZTO,750.0,11050.0,-11.670990049678892,0.20854448763999942,-0.9999999333333378,0.0,-0.13680238095238095,-1.4060720978582166,30.07680268628079,0.010152777777777839,55.14404372217676,-0.1013613492063492,31.875879347639202,30.07680268628079,0.045681904761904715,56.41313494783661,-0.16437261904761905,39.19612999709491
2022-05-05,KZTO,753.0,14570.0,-11.30548439550066,0.4297798282673352,0.35669867966654867,0.0,-0.1535508711186998,-1.5864832902137362,27.85048917993067,-0.01204120185922976,45.17213146517284,-0.10891700657686715,30.60627790789298,27.85048917993067,0.021773321001707452,53.69678836747859,-0.16257172263327638,39.307025854619035
2022-05-06,KZTO,762.0,4580.0,-9.414565163166781,-0.8229856338614047,0.9999999166666736,0.0,-0.15450718035245595,-1.5967844509398232,27.7264645008925,-0.01728592050993631,42.84217901313897,-0.11990748968878889,28.811183183125827,27.7264645008925,-0.0010528840144981358,51.0825451152591,-0.17347640607424072,38.6372616365841
2022-05-11,KZTO,762.99,4960.0,-8.637151122027456,-0.7432791390181683,0.9988888333950657,0.0,-0.15167816379045096,-1.566310883109141,28.09434645727479,-0.02632868749762059,38.90384419995166,-0.13382379406145872,26.63067266023802,28.09434645727479,0.006701861489166357,51.97206602575808,-0.168914976324348,38.9169171700537
2022-05-12,KZTO,761.0,5640.0,-8.625739523083583,-0.6148011208421473,0.5590199822917583,0.0,-0.13622870700623657,-1.3998926034906982,30.154835553870974,-0.01724756742381577,42.859115465813126,-0.14464744071084415,25.00926951499093,30.154835553870974,-0.007458189933879849,50.34727183937176,-0.16576815697807815,39.11027190931079
2022-05-13,KZTO,759.7,5200.0,-8.46254516887491,-0.6960263476923189,0.5666665722222531,0.0,-0.13400702574742338,-1.3759611230434372,30.45811707520103,-0.0169163887791965,43.005430812129205,-0.16883737440217633,21.62998361775988,30.45811707520103,-0.016429200488496984,49.31729690235132,-0.17708574829036527,38.41650643017027
2022-05-16,KZTO,746.01,15280.0,-9.767712928002638,0.3818581036777281,-0.8557142245918424,0.0,-0.11249961562177445,-1.1442878517983361,33.47959239093002,0.003855188220380054,52.32162250510255,-0.13481831074650466,26.478931753009427,33.47959239093002,0.014319511611295917,52.84464880761188,-0.1663397770903109,39.075123378656116
2022-05-17,KZTO,750.92,2710.0,-8.462808545000259,-1.4287347158165717,0.6399998933333374,0.0,-0.11767050456202292,-1.1999875733842393,32.739462478965905,-0.0034357261441837024,49.036595967392955,-0.14627014195919666,24.771940540936978,32.739462478965905,0.01073897350467038,52.434690929150364,-0.1954976216898805,37.29797527034864
2022-05-18,KZTO,745.0,13470.0,-8.706712645654308,0.1747775047972482,-0.3993993594194841,0.0,-0.10914364014062,-1.1081379939867628,33.964361353512075,-0.009599107808671566,46.26493415737532,-0.1393457467774582,25.795175191498522,33.964361353512075,0.013097395333972528,52.704761516418856,-0.17963238787685099,38.26103446692251
2022-05-19,KZTO,749.99,10650.0,-7.2588870287273135,-0.09658964928248072,-0.2871428366326532,0.0,-0.1031425839646116,-1.0434958865875328,34.83959363527721,-0.017575195558162997,42.714491472901585,-0.13176644111339475,26.94633131523724,34.83959363527721,0.0035118471685442534,51.60626933702604,-0.16528644744363788,39.139900676701664
2022-05-20,KZTO,748.98,8760.0,-5.778429251256425,-0.2554910693758266,0.23736891146954728,0.0,-0.09652668963123183,-0.9722308726471444,35.816476176022995,-0.02160387698698804,40.94701387299983,-0.14390187102077875,25.11881996037416,35.816476176022995,0.012881038307336098,52.67999211912713,-0.15476448646349514,39.78904376908421
2022-05-23,KZTO,751.0,12520.0,-4.757211274820125,0.14316213687661816,0.937499970703126,0.0,-0.09095335478621099,-0.9121960889262323,36.648695753099084,-0.02824880688182952,38.0840978245791,-0.13685930188320336,26.16926025458043,36.648695753099084,0.007496329232980374,52.063135735212484,-0.15630631327542105,39.693691243213486
2022-05-24,KZTO,750.49,24030.0,-3.992903157674358,0.7951373562724339,0.49467784343541654,0.0,-0.08642728729928194,-0.8634422476014479,37.330473106585885,-0.03826105761167254,33.92753642498768,-0.13222382625890766,26.87595116361469,37.330473106585885,-0.0037213419401969754,50.776268068299956,-0.12974190725551366,41.346905134884125
2022-05-25,KZTO,740.0,12490.0,-4.804728527180263,0.09924092419320238,-0.3939393700642806,0.0,-0.07435892320892319,-0.7334443830953903,39.17250928068129,-0.03403147790647791,35.65761990820011,-0.10614578507078508,31.068658661327973,39.17250928068129,0.0014736271986271962,51.372455461688425,-0.15917897897897898,39.516243656087106
2022-05-26,KZTO,738.99,8740.0,-4.256931623332728,-0.31949292476014163,0.8936841634903081,0.0,-0.07568235124967863,-0.7477000699339309,38.96889134876608,-0.05569889951149543,27.26991234035635,-0.10411971643729961,31.409125205925125,38.96889134876608,-0.017315309408787755,49.21557862343222,-0.15786588790105416,39.59732070947093
2022-05-27,KZTO,735.0,2840.0,-4.121571682985961,-1.3818798075519845,0.47312958518811504,0.0,-0.052812868480725625,-0.5013548403682228,42.535877403068014,-0.07096502267573694,22.16190815465281,-0.09376048752834464,33.180810155490214,42.535877403068014,-0.0009973356009070275,51.08892000041029,-0.07769744897959185,44.63968596482966
2022-05-30,KZTO,732.0,11170.0,-4.329349027006439,-0.01245566267931807,0.3993993594194841,0.0,-0.03239979182930003,-0.28146949776377117,45.787963745101415,-0.0698567265157429,22.508578753928877,-0.08921369372885767,33.97411200833915,45.787963745101415,0.0018231524850377545,51.412555716246246,-0.04874589513400987,46.49393137513217
2022-05-31,KZTO,723.99,4220.0,-4.417594995327604,-0.9680087022670576,0.3765559970665977,0.0,-0.014536302313436333,-0.08904776833121149,48.66460113148093,-0.06359875606674392,24.537662290290285,-0.07756401736014508,36.04733626239854,48.66460113148093,0.011916377807770287,52.56953813412637,-0.006182071657790611,49.236218495536434
2022-06-01,KZTO,717.0,19190.0,-4.834439770236411,0.5702237822338839,0.5488867199455717,0.0,0.03016835857076443,0.39250137991302525,55.86046029537521,-0.054770834163511986,27.603089217593485,-0.055849848907484886,40.04871587369728,55.86046029537521,0.024886136016470745,54.05204435711387,0.018906450488145043,50.85583216297478
2022-06-02,KZTO,700.0,36330.0,-6.427307495300846,1.2084780189713806,0.3818181748760332,0.0,0.0635619047619047,0.7522095939368851,61.09543981283237,-0.045639285714285716,31.011702915865346,-0.026874603174603176,45.59256321605282,61.09543981283237,0.05055079365079366,56.9621583191889,0.0570103174603174,53.31111178482983
2022-06-03,KZTO,684.99,19790.0,-7.117623309566853,0.6010112041529516,-0.06312499802734325,0.0,0.1120211501523484,1.2742023320715727,68.23345725689585,-0.039203796770755805,33.547502488988215,0.003513748845134326,51.52398408456491,68.23345725689585,0.0611652251440584,58.152967024826744,0.09541190961077642,55.76942314913299
2022-06-06,KZTO,682.99,5830.0,-6.7612407565522625,-0.6266618524944183,0.2925372988787408,0.0,0.14102546482704315,1.5866306728923665,72.15128768905818,-0.0649109517627556,24.10216383962599,0.010736556172125501,52.933721297471514,72.15128768905818,0.07384083925907489,59.562556487170184,0.07708821965019821,54.59918992631749
2022-06-07,KZTO,680.02,1890.0,-6.8397383452144025,-1.6360595219519773,-0.9919837691415365,0.0,0.18579596619007008,2.068889040843713,77.57960308170001,-0.04046443465948471,33.042637309420634,0.013943640441480987,53.55831180787178,77.57960308170001,0.06468874678289112,58.54624257461549,0.006051558322514389,50.02598255671745
2022-06-08,KZTO,679.75,10020.0,-6.740215852384666,0.031941842478993364,0.955074795750852,0.0,0.22656496946823354,2.5080441180787227,81.8293224130344,-0.04641847142682009,30.711903215998337,0.011458131344973933,53.074337652447625,81.8293224130344,0.06951303102214285,59.08293076170407,-0.03783732318721286,47.19539041726446
2022-06-09,KZTO,670.0,14700.0,-7.714978144009113,0.35231096913428717,-0.5378548471723368,0.0,0.1988907071783938,2.2099428201295037,79.01725299452612,-0.03248209547500592,36.30116198385729,0.045766021085050936,59.66501638258334,79.01725299452612,0.08112219853115375,60.365357835681756,-0.026172026770907353,47.94672971857068
2022-06-10,KZTO,660.01,15550.0,-8.554928840410595,0.3543805108088874,-0.9981817274380265,0.0,0.20863848601500268,2.3149438312813664,80.0427167360325,-0.002632611603046886,49.39855771623491,0.07995962572596906,65.90425623048942,80.0427167360325,0.09496283969242411,61.8757409510173,-0.024739751971049967,48.039050727360895
2022-06-13,KZTO,640.5,20610.0,-10.685549233118188,0.5551372664543768,-0.9651567607959317,0.0,0.23344721571688784,2.5821782184945885,82.48136086123526,0.012211130627114234,56.06029336506474,0.12100833983866771,72.71405998123252,82.48136086123526,0.06689676034348165,58.792137890680095,0.023797456414259677,51.171472801514476
2022-06-14,KZTO,654.32,5100.0,-7.741026495377698,-0.8413967131864918,0.9999999276411051,0.0,0.2165319361721947,2.3999704062452203,80.84519017660081,0.001480379048550509,51.25244357886326,0.13531822461510984,74.87793023088838,80.84519017660081,0.05123129496367965,57.03875969543445,-0.006455953787962765,49.21854043241325
2022-06-15,KZTO,650.0,7480.0,-8.152801116981601,-0.45840525209967947,-0.2852036965544182,0.0,0.24517042124542124,2.708458108002765,83.54938270715955,0.012743131868131896,56.2964623476908,0.1514826312576312,77.18118013851452,83.54938270715955,0.07070436507936509,59.215136033767145,-0.0011391330891330764,49.56175079617542
2022-06-16,KZTO,650.0,9570.0,-7.669050145878488,-0.13104643272740807,-0.6666666111111158,0.0,0.2474630341880342,2.7331536495398927,83.7520267123307,0.028159310134310136,62.97613823077246,0.1775639194139194,80.57471676482282,83.7520267123307,0.069285927960928,59.05771360198809,0.0356708485958486,51.937282849896235
2022-06-17,KZTO,660.0,4310.0,-5.711089962446768,-0.8994425614660854,0.9984531323702155,0.0,0.22677972582972586,2.510357428165663,81.84995118079878,0.013344624819624777,56.563136504520386,0.1861051587301587,81.59926059257448,81.84995118079878,0.05083333333333335,56.99396677637062,0.05163088023088025,52.965175883748
2022-06-20,KZTO,650.0,8370.0,-6.814663494708356,-0.23572799813348683,-0.6669441576233006,0.0,0.23821401098901096,2.633525128587285,82.92208150911806,0.035049725274725316,65.82361991092327,0.24605045787545787,87.63590485002332,82.92208150911806,0.07036538461538462,59.17753202308368,0.0984874542124542,55.96525089762952
2022-06-21,KZTO,657.0,5140.0,-5.212408152423651,-0.6448178521066982,0.4999999583333368,0.0,0.21718382800608832,2.406992447149903,80.91035030966147,0.024796069797782126,61.55129783852959,0.2743220047836486,89.8399677897483,80.91035030966147,0.055675799086758015,57.538215582193565,0.09708820939334639,55.87618006103106
2022-06-22,KZTO,659.98,8770.0,-3.8106004544742307,-0.0429633181949363,0.991017815715904,0.0,0.211327838133142,2.3439129632735187,80.31892531916253,0.021666716800460974,60.20744698107332,0.222051069609132,85.45374659881328,80.31892531916253,0.049203861023686596,56.81044139966129,0.12291193184305246,57.513352749750354
2022-06-23,KZTO,670.0,8330.0,-1.7620586107669503,-0.04976144556655887,0.9986576510968032,0.0,0.17088700544894575,1.9082928702410078,75.85920158990783,0.01976940890784174,59.38497693521304,0.19509371594408909,82.63172944097998,75.85920158990783,0.029967199715707174,54.63103071620621,0.06803805970149254,54.01924328698202
2022-06-24,KZTO,670.53,10010.0,-1.2894893609835696,0.15531667673454774,0.3101045026041322,0.0,0.15812050405400713,1.770774818404846,74.31613073325188,0.024927120586202996,61.60720832092026,0.18220749481753246,81.13700539236793,74.31613073325188,0.006686806208024559,51.970340112859944,0.09894216652001656,55.99418799136012
2022-06-27,KZTO,674.47,3850.0,-0.5504456753401608,-0.8678624323233856,0.9936841059279947,0.0,0.16150674360773803,1.8072506744028132,74.73163738413928,0.027821651350701894,62.83405881667593,0.1844136711223698,81.3997395089401,74.73163738413928,-0.006014152011420731,50.51305926538282,0.08622078835680738,55.183154510276196
2022-06-28,KZTO,675.0,4370.0,-0.05839485816716056,-0.6735034951602019,0.718569739413504,0.0,0.14153465608465607,1.5921155733825425,72.21736499646187,0.03127314814814816,64.2755329563473,0.2031681216931217,83.51969593558128,72.21736499646187,-0.006214153439153439,50.49009804766267,0.08068373015873015,54.829258081837516
2022-06-29,KZTO,676.0,3720.0,0.22966503105823463,-0.8345423968953446,0.768488684205082,0.0,0.12775540997464074,1.4436884497563656,70.39571061076946,0.028451486334178655,63.09889860467938,0.2035803747534517,83.56403978889657,70.39571061076946,-0.010749328449328435,49.96939935120741,0.06539991546914622,53.84997519649603
2022-06-30,KZTO,685.0,3730.0,2.1668816703890905,-0.8058517941108295,0.9999998888889013,0.0,0.12586576005097902,1.4233335405987684,70.14055860507692,0.012023143320588577,55.97677474756748,0.1861462489862125,81.60408674756872,70.14055860507692,-0.022790131502722737,48.58728866924894,0.04479486444212727,52.52516460971239
2022-07-01,KZTO,689.0,3130.0,3.683865956061906,-0.9264608147261533,0.9999999612853286,0.0,0.12276205393139364,1.3899010749738032,69.7187513182682,0.02500397516529592,61.639982700930105,0.17193722210703344,79.87645483937922,69.7187513182682,-0.03450634920634921,47.24448836133767,0.02758875008639161,51.41608064584804
2022-07-04,KZTO,695.0,1510.0,4.922508178677622,-1.4832548464319675,0.9999999332888637,0.0,0.10651237295877586,1.2148629497126822,67.45677397071452,0.03340177857713829,65.15200662793453,0.15447049217768646,77.59023333841772,67.45677397071452,-0.05185071085988352,45.26450487271781,0.007210562978188895,50.10080968893201
2022-07-05,KZTO,697.87,2130.0,5.430875575158272,-1.0860113618120326,0.9986531314038308,0.0,0.09902597062922303,1.1342210078232644,66.38575588852305,0.036306387633936454,66.33155343044828,0.14940029587195133,76.89300402952857,66.38575588852305,-0.06742789252034706,43.49876037009758,-0.028490892269470325,47.7972911957425
2022-07-07,KZTO,696.99,3970.0,5.253139677822506,-0.46336887940766996,0.8163635621487688,0.0,0.10894958500121957,1.2411160821583,67.80161348462923,0.07348576928411216,79.38904974744435,0.129624899568143,74.03084561065667,67.80161348462923,-0.06627852193001335,43.628540594605454,-0.026528485463684304,47.92375539823696
2022-07-08,KZTO,695.0,5750.0,4.99405182230293,0.11604526130747092,0.37791598927558473,0.0,0.10932221365764534,1.2451299592029785,67.85416715981444,0.08454452438049553,82.4618000295399,0.12146738323626818,72.78525367348594,67.85416715981444,-0.049285931254995925,45.55650275168859,-0.00620029119561491,49.2350424868019
2022-07-11,KZTO,708.0,5510.0,6.872552802941646,0.07341009052303725,0.9999999230769291,0.0,0.07594402071563089,0.8855871271301967,62.979845367671984,0.0885231234866828,83.47534035395961,0.11042646623621201,71.04105851139326,62.979845367671984,-0.06806232849071833,43.42716159163738,-0.031693119451170274,47.59099007953422
2022-07-12,KZTO,720.0,5680.0,8.306872611478392,0.1037966729841608,0.9078252084577398,0.0,0.04800277777777777,0.5846099701294672,58.680331524357676,0.09467063492063489,84.94829924381382,0.07386746031746029,64.82532931473399,58.680331524357676,-0.07680753968253964,42.443145880617,-0.0311420634920635,47.626485792602175
2022-07-13,KZTO,725.0,3930.0,7.862958587882855,-0.2645146866267886,0.9999998996991074,0.0,0.019997605363984594,0.28294417834037916,54.23399866755435,0.12432274220032842,90.59579083192897,0.05512396004378763,61.413704022178585,54.23399866755435,-0.08435907224958943,41.598207388221915,-0.04317006020799126,46.852321235485704
2022-07-14,KZTO,750.0,14440.0,11.130469832367625,1.1108046668961156,0.6117908617410767,0.0,-0.004025396825396828,0.02417348164431191,50.362595868121616,0.12325285714285715,90.43012915206823,0.03156388888888889,56.964929037288904,50.362595868121616,-0.1110426984126984,38.65497286298321,-0.09243452380952383,43.7011989320019
2022-07-15,KZTO,755.55,2760.0,10.16787130560955,-0.543965132917001,0.8639455390500886,0.0,-0.012898482420563932,-0.07140551898201876,48.92908102064323,0.07438999168061122,79.65457240476556,0.02711442681301242,56.109600685022286,48.92908102064323,-0.11127114850109185,38.63009632957455,-0.10306510607220844,43.02697110552193
2022-07-18,KZTO,772.5,7180.0,11.841601759612145,0.5034245363725305,0.999999939393943,0.0,-0.0362639312683002,-0.323093190209789,45.16872267550613,0.043367938049006016,69.11372193694048,-0.0014466674372014075,50.554274011285216,45.16872267550613,-0.13285288179996918,36.30835018184078,-0.10366351132686083,42.98909256035582
2022-07-19,KZTO,790.02,13350.0,13.326564699785024,1.0323189287219128,0.9999999445061073,0.0,-0.055551733500417685,-0.5308573148597531,42.103784526149454,0.010038940786309231,55.09326271764628,-0.026377106275790464,45.68912419167926,42.103784526149454,-0.1529148458266879,34.20563586490987,-0.12525872193109033,41.627956548273104
2022-07-20,KZTO,817.0,18250.0,14.448605841083886,1.3449674722742533,0.9999999755978533,0.0,-0.08738700530395756,-0.8737801268866375,37.18547575600226,-0.015838141866293586,43.48263667919881,-0.051640574789687345,40.84188437985532,37.18547575600226,-0.1827173456898059,31.19503633618539,-0.16018414689825347,39.45421829458887
2022-07-21,KZTO,844.37,17490.0,14.448605841083886,1.2642630109957524,0.9922387763510816,0.0,-0.12823046689642376,-1.3137372533291127,31.254619506593833,-0.03209280127327015,36.463641817177425,-0.08508510520476334,34.70233581746302,31.254619506593833,-0.20979995199764795,28.58964181750453,-0.18018477507227607,38.2273428731052
2022-07-22,KZTO,813.7,14380.0,8.937715774928883,1.068472096923509,-0.7341628751650746,0.0,-0.08685807066876568,-0.8680825549105677,37.26536059378414,0.00631303203473838,53.425936914815175,-0.06124581526478116,39.03956391103735,37.26536059378414,-0.1812054302217385,31.344269041623356,-0.14964366376594473,40.10628816379633
2022-07-25,KZTO,807.99,6290.0,6.5991043212014056,0.24159542422068034,-0.394123566958097,0.0,-0.09210272989293243,-0.9245769143862113,36.47639688668536,0.012175081654711662,56.04428024565913,-0.063217274480059,38.67314006314541,36.47639688668536,-0.15581394912065738,33.906618211165714,-0.14387875246275444,40.46442842809071
2022-07-26,KZTO,800.0,10780.0,4.386219423570015,0.7803264588422312,0.567567552227904,0.0,-0.07914960317460316,-0.7850485740534572,38.437268786674856,0.016073809523809525,57.76814595835099,-0.07246507936507943,36.971954795062246,38.437268786674856,-0.15543690476190475,33.94543515692587,-0.13640615079365076,40.930167702543784
2022-07-27,KZTO,806.2,7200.0,4.536652249997396,0.2522073887295372,0.6752577029528497,0.0,-0.09005987869802685,-0.9025717535497454,36.78287020765317,0.0020004653420120817,51.486727283670874,-0.06989467913354051,37.44175869299389,36.78287020765317,-0.18089994378881138,31.374468976805993,-0.14437117842671682,40.43379660437459
2022-07-28,KZTO,819.5,10690.0,5.65193928735831,0.6262138122405851,0.08742931329146049,0.0,-0.10753964646464646,-1.090860113488911,34.19725745287899,-0.014524481875320846,44.065658548630346,-0.08648802187745139,34.454056604501226,34.19725745287899,-0.18875714019388512,30.602785417539664,-0.164618552253116,39.1809945080121
2022-07-29,KZTO,821.0,5450.0,5.125990010829708,-0.09947151326654158,-0.3953488065621105,0.0,-0.15791662654911742,-1.6335102839852793,27.287071764055014,-0.034344887187518124,35.52806265534109,-0.0894366514896661,33.93499654282256,27.287071764055014,-0.20136715339404132,29.386844305762494,-0.15316479757554666,39.88805668815595
2022-08-01,KZTO,819.99,6660.0,4.514381631071938,0.10103209763303443,-0.1623188170552451,0.0,-0.15080840119130373,-1.5569419844191597,28.208045219214,-0.04281241356601906,32.11270935517665,-0.08593133679330585,34.5524745393896,28.208045219214,-0.20062926586212732,29.457215891755844,-0.15055533678111058,40.049746818286714
2022-08-02,KZTO,815.0,2400.0,3.44664094849869,-0.9924777278460948,-0.4064385909015443,0.0,-0.13572273833868925,-1.3944424160588595,30.22375432745914,-0.028445045768818775,38.00069114184806,-0.08034773590417761,35.54683239826646,30.22375432745914,-0.20152020401207513,29.37226031948682,-0.14729234102639008,40.25223688251492
2022-08-03,KZTO,809.97,2930.0,2.6453297739449977,-0.7929446496247816,-0.4613284384596446,0.0,-0.13138475807745967,-1.3477146105330227,30.818277423179712,-0.03826013617788319,33.92790889521065,-0.08572747766378182,34.58854855613533,30.818277423179712,-0.198810135046154,29.6311229594308,-0.13621570994398974,40.94205884076398
2022-08-04,KZTO,809.79,8900.0,2.421662667623295,0.3181023217985306,0.5330739003294059,0.0,-0.13259678549818024,-1.36077031346316,30.651515479033186,-0.048110103060228976,30.06663040926525,-0.07757032711008552,36.04619830498641,30.651515479033186,-0.2011537684373197,29.407184523786945,-0.12131188892887569,41.875835939901826
2022-08-05,KZTO,795.0,5670.0,0.14708672471542394,-0.19922638106396234,-0.025122120547030866,0.0,-0.1138299790356394,-1.1586182450085971,33.288375924888456,-0.019030772686433065,42.073497277572244,-0.07217803234501347,37.02429931530085,33.288375924888456,-0.18095359389038637,31.369164064076326,-0.10595330188679243,42.84422691440789
2022-08-08,KZTO,787.08,2150.0,-1.2713472091776132,-1.1689452032942127,-0.22033896607557243,0.0,-0.10717793320458745,-1.0869638147843699,34.24988329296181,-0.006032741271535278,47.86701190223906,-0.05894220282563402,39.46929263666594,34.24988329296181,-0.1746711494807813,31.993656255695775,-0.11070842523419905,42.543783989309965
2022-08-09,KZTO,794.0,1620.0,-0.7544109564424399,-1.45198568265247,0.8036071339070976,0.0,-0.11638749150373837,-1.186167228185703,32.9223236807558,-0.02032340770061172,41.50648301490237,-0.07100427212026708,37.23865697034131,32.9223236807558,-0.1923769061612891,30.250867935581937,-0.12129369377473909,41.876979640366194
2022-08-10,KZTO,781.15,2650.0,-2.693489998121193,-0.9598542374978215,-0.9999999221789945,0.0,-0.1041677702999952,-1.0545389768790436,34.689327499443564,-0.0067110875906401446,47.56184661106792,-0.05808982833612224,39.62871676029677,34.689327499443564,-0.2040708713191479,29.129834487373984,-0.1131594584043265,42.38913373236015
2022-08-11,KZTO,773.0,10240.0,-3.8931155875031265,0.39188547225793813,-0.5455373157769892,0.0,-0.1139990241072712,-1.1604391627529467,33.26411784798572,0.011487017187211294,55.738401356568055,-0.09977466631758354,32.14603298472029,33.26411784798572,-0.20557951857327664,28.98700252274874,-0.11146469948048213,42.496050436413874
2022-08-12,KZTO,782.0,5710.0,-3.12972233145778,-0.1921965055126935,0.01678183530197843,0.0,-0.13009145455283572,-1.3337834186083786,30.99677552734188,-0.002691359152356583,49.372077742439004,-0.10392359538018106,31.4421891954101,30.99677552734188,-0.26775819733690576,23.476791747243325,-0.12559705577883326,41.60672711827711
2022-08-15,KZTO,784.44,2490.0,-2.826315935005065,-1.0221310025039618,0.9439999528000078,0.0,-0.1323229934730509,-1.357821083698536,30.689142288191494,-0.01726222346059434,42.852643265504376,-0.0965811434180526,32.693397376567034,30.689142288191494,-0.2523746860362625,24.769749526653843,-0.11429885395951259,42.317293025299676
2022-08-16,KZTO,779.99,2150.0,-3.525882161646867,-1.1024783530517253,0.7981980543787469,0.0,-0.12988227671620536,-1.3315301992109239,31.02569911479791,-0.020616286116407284,41.37831823366388,-0.09253400074115722,33.39388599086064,31.02569911479791,-0.25073345575045014,24.91047535800663,-0.112330832456745,42.44140015042863
2022-08-17,KZTO,778.0,2029.9999999999998,-3.9248862150386454,-1.0837213277521862,-0.39999996000000404,0.0,-0.12637449504223283,-1.2937451172101075,31.51292914104725,-0.03734867792875512,34.29731519776902,-0.09164722732280572,33.548367899258174,31.51292914104725,-0.26293775961970045,23.876850450990194,-0.11248323744236342,42.43178577971306
2022-08-18,KZTO,783.95,1310.0,-3.006326131044269,-1.468679353746264,0.9871132748565484,0.0,-0.13825908486935823,-1.4217634042363476,29.87917570282135,-0.03460577121658032,35.42037973962609,-0.09628077253266683,32.745126729861234,29.87917570282135,-0.2839597698670854,22.16649209663015,-0.12428949813571288,41.68878959085298
2022-08-19,KZTO,781.99,3470.0,-2.5324102927632826,-0.4714429092908304,0.6517240255648236,0.0,-0.14378928063972726,-1.4813335029726575,29.135750635453405,-0.033552923788048264,35.8558497889163,-0.09643537372702163,32.71849633311278,29.135750635453405,-0.2797092457592423,22.505120880105455,-0.12438222863747907,41.68296829063652
2022-08-22,KZTO,773.0,9490.0,-3.372929214476668,0.7550892476902918,-0.8181817438016598,0.0,-0.14403354586336475,-1.4839646762790162,29.103166140727687,-0.02361246586172201,40.074163972214016,-0.08710218279636132,34.34563188928527,29.103166140727687,-0.31222099632435985,20.008153907484743,-0.1008652420994271,43.1662904782135
2022-08-23,KZTO,766.0,2840.0,-3.8939400558190576,-0.45134404885717017,-0.07692307100591762,0.0,-0.1361033206929421,-1.3985419686536542,30.171906293253326,-0.012118539931203117,45.13759408297165,-0.08129218782378052,35.37773202915201,30.171906293253326,-0.2782663444403001,22.620904449998612,-0.09262202536367029,43.68928599605042
2022-08-24,KZTO,751.06,6380.0,-5.620330031893465,0.6900165395135571,-0.8745561612688725,0.0,-0.10535343352823234,-1.0673106903059961,34.515919516364896,0.0075484901445111875,53.97983319127544,-0.0827573558999576,35.11612305977718,34.515919516364896,-0.27528541383204846,22.861437706286775,-0.04218982626248015,46.91536094703037
2022-08-25,KZTO,759.0,65150.00000000001,-4.166905162513268,3.013540078882716,0.9999998750000157,0.0,-0.11545348359370097,-1.1761062926001062,33.05576942731465,-0.014872786874960787,43.91090925554013,-0.0982929151766109,32.39940452255844,33.05576942731465,-0.2872091426689253,21.910090673752897,-0.05221277056277053,46.27127607577711
2022-08-26,KZTO,757.98,2960.0,-2.281198482076387,-0.07796135182912615,0.773333247407421,0.0,-0.10715387618595287,-1.0867046776697236,34.25338473650106,-0.00497448123395643,48.34339725189205,-0.09644705165609346,32.716485236024454,34.25338473650106,-0.33103794578070295,18.660770894253208,-0.0670805805279446,45.31820541187977
2022-08-31,KZTO,757.0,3080.0,-2.150961855094858,0.04482067034148689,0.5999999600000027,0.0,-0.10679700520014251,-1.0828605389188402,34.30534660579433,-0.0162045988760982,43.32031158712519,-0.09788203906397433,32.4698460680109,34.30534660579433,-0.32366222505294495,19.18039912952218,-0.06970985353630663,45.14999761175889
2022-09-01,KZTO,759.0,2400.0,-1.5735934521071526,-0.20463952603793906,0.8461537810650938,0.0,-0.10416453823953822,-1.054504161807654,34.68980075962471,-0.014815407177363675,43.936394561310685,-0.09895223665223664,32.28653550253607,34.68980075962471,-0.294134145805885,21.370796604496107,-0.056187869376999794,46.016164241514595
2022-09-02,KZTO,758.99,8660.0,-1.4553022815199208,1.0786042963180846,0.799799719739768,0.0,-0.09753274392744576,-0.983067876660757,35.66713999923194,-0.018661992122153994,42.23565392897553,-0.10416068543053353,31.402220636040767,35.66713999923194,-0.27717840259517823,22.708483139886916,-0.04118493890272315,46.97999635995308
2022-09-05,KZTO,750.0,3320.0,-2.4413771770527335,0.09470772810701522,-0.9977776669135947,0.0,-0.08777619047619048,-0.8779723472164932,37.12674189168549,-0.009469444444444444,46.32306654892601,-0.10127619047619048,31.890348054662777,37.12674189168549,-0.2600523809523809,24.118542171872452,-0.035716666666666674,47.331893376755495
2022-09-06,KZTO,756.49,2400.0,-1.2151697822624405,-0.22978747912421096,0.8569383609530243,0.0,-0.09571939175225933,-0.9635348307063368,35.93650894319023,-0.07079755945220692,22.214044085074185,-0.11965372568632031,28.851918444016437,35.93650894319023,-0.2520180563817397,24.800283021083157,-0.053378169756227986,46.19646285610561
2022-09-07,KZTO,746.99,14900.0,-2.285042547995319,1.636648525024525,0.2589847995930051,0.0,-0.08466457397700018,-0.8444546726561354,37.597382134146265,-0.052261195508025125,28.51655401983091,-0.1083198739990782,30.70558479070755,37.597382134146265,-0.22537480689165854,27.15191496578102,-0.01930877622190391,48.38923479838209
2022-09-08,KZTO,749.98,12860.0,-1.6345429873213226,1.448862946013894,0.9949810545820554,0.0,-0.08771728060896442,-0.8773377825911318,37.1356298333411,-0.045398121579538424,31.10481912462668,-0.09870564592833582,32.32872521326961,37.1356298333411,-0.22823715269444222,26.892677649088125,-0.04264873952194284,46.88584659175375
2022-09-09,KZTO,747.0,2500.0,-1.859973412313109,-0.2468593582898843,0.1989318826526201,0.0,-0.08672408204245555,-0.8666392577778327,37.28560791637936,-0.042799789634729364,32.11767220540536,-0.09568546567221266,32.84777336316582,37.28560791637936,-0.22625729585006693,27.07182265316671,-0.06376137884872822,45.530703710458745
2022-09-12,KZTO,745.0,3170.0,-2.053532934282259,-0.009419197615489589,0.0070921978630042685,0.0,-0.06320765952913596,-0.6133253301680428,40.90255410637039,-0.04174912112496004,32.53213046194151,-0.08608438532012355,34.525403420563194,40.90255410637039,-0.2281723500585917,26.898529361656955,-0.04747602002769788,46.57552280823445
2022-09-13,KZTO,705.01,63230.0,-7.174290340207115,3.00734219692875,-0.6369218044019278,0.0,-0.018625064110314307,-0.13309104528974475,48.00469450691732,0.01539127284133988,57.46759511710388,-0.034503388429928755,44.11643773951735,48.00469450691732,-0.18942536346439307,30.537647881806794,0.0439364192571399,52.4698802499325
2022-09-14,KZTO,710.0,4450.0,-4.4234526716786995,0.3534687897235637,0.754385832563875,0.0,-0.04682627431254192,-0.4368685146573479,43.48423643452313,0.005574714956405111,53.094512617469924,-0.0360323496534764,43.821754576640984,43.48423643452313,-0.1842066510172144,31.048415870012697,0.011416420746702433,50.37234010897065
2022-09-15,KZTO,717.99,2630.0,-3.1977233022010596,-0.21013072300032667,0.8016966701115229,0.0,-0.05073260177718353,-0.4789466475892552,42.86483488021565,-0.007041784356328094,47.41314178656319,-0.03995081814045691,43.068566158064556,42.86483488021565,-0.1882565079829338,30.651637249382485,-0.0017595676820011397,49.52169787502776
2022-09-16,KZTO,717.1,1820.0,-3.230819305352424,-0.5782762283718732,0.3989070602287351,0.0,-0.06215348233515504,-0.6019699564817295,41.06734735358236,-0.00859445728275044,46.715605839521935,-0.04010059526576403,43.03983800268084,41.06734735358236,-0.1791483989193689,31.547928335366134,0.0023757641005548724,49.78866843451474
2022-09-19,KZTO,715.99,1330.0,-3.3093027545734746,-0.8919315932171785,0.1983967538283073,0.0,-0.0609545990267223,-0.5890558391480702,41.25500537960482,-0.028015809572803734,38.1832191419747,-0.03858985807640747,43.32981806703008,41.25500537960482,-0.17200508491738709,32.26065094573564,-0.0001289465889942054,49.62696581338089
2022-09-20,KZTO,717.87,2520.0,-3.001391414963538,-0.25285548650907524,0.6766808760113213,0.0,-0.07021975991143105,-0.688858191836403,39.811753368761124,-0.03672835581054278,34.549821902201494,-0.04181945592019247,42.71049022944162,39.811753368761124,-0.15758799618514296,33.724269949235506,-0.006667901503588397,49.20486013709657
2022-09-21,KZTO,715.99,2260.0,-3.133432165503526,-0.3240681465974087,0.213779107013263,0.0,-0.07047368598523923,-0.6915934297767169,39.77243489492642,-0.03356510040376995,35.850799879052964,-0.03854731997232383,43.33798980202298,39.77243489492642,-0.12320219839352195,37.339411797716394,0.001071292390800005,49.704451757031684
2022-09-22,KZTO,715.0,2540.0,-3.03272446351876,-0.1730920968885032,0.6722406902607491,0.0,-0.07198513708513708,-0.707874461225629,39.53867310858767,-0.03502943722943722,35.24582156604788,-0.04000337717837718,43.05848448535382,39.53867310858767,0.038844505494505494,55.63950715518925,0.0004603785103785285,49.66501171191399
2022-09-23,KZTO,713.0,30460.0,-3.2170296641259992,2.3111544054566315,0.5558035093969296,0.0,-0.06408578886440038,-0.622784353569209,40.76543709188194,-0.030925627240143354,36.9526255432863,-0.015281101538324463,47.84988114956459,40.76543709188194,-0.007288507647098111,50.36675322734004,0.0015302923039248462,49.734084619090225
2022-09-26,KZTO,697.99,7270.0,-4.802622143800888,0.878497208509158,-0.27363635119834684,0.0,-0.046156921382191074,-0.4296583865161199,43.59058152351134,-0.01573857084412681,43.526766775553,-0.0034391646296383603,50.1646029810869,43.59058152351134,-0.025169665652189022,48.314341072805604,0.02646965709587415,51.34388519156856
2022-09-27,KZTO,693.56,2550.0,-3.9551618189757165,-0.16916293892894546,-0.7759998448000528,0.0,-0.05158408436985344,-0.4881186379172235,42.730109974814326,-0.018109521726871268,42.47889337284521,-0.018678741885665505,47.18701640723388,42.730109974814326,0.028505568211674437,54.46459936929381,0.06421130704064712,53.77368268208297
2022-09-28,KZTO,694.0,1390.0,-3.7574185112420997,-0.7197648778127052,0.019157085675975835,0.0,-0.08094025890855862,-0.8043371387451458,38.163782251363436,-0.030280299391610633,37.22414511160331,-0.012160837793330576,48.45930427773189,38.163782251363436,0.013611338685330071,52.76359439839982,0.06055166963999817,53.538674215793236
2022-09-29,KZTO,691.99,5020.0,-3.9217586827964044,0.6617704445127504,0.07621246526462996,0.0,-0.08966824297511408,-0.8983531364064643,36.84174736545007,-0.027476584273742846,38.41299187689538,-0.02233711558704511,46.47439772834451,36.84174736545007,0.013478866545919913,52.748430579774244,0.06549740240190643,53.85623173803168
2022-09-30,KZTO,692.99,1250.0,-3.603605465345436,-0.8415631965671961,-0.4290843035755227,0.0,-0.15032972934514047,-1.5517858325716936,28.270738105110198,-0.014548472097102964,44.05499613955447,-0.024047068294120986,46.14178932603518,28.270738105110198,0.020530724074215308,53.554867688127906,0.0637046402442418,53.74115616256362
2022-10-03,KZTO,689.0,930.0,-3.856208471150923,-1.0242227840465314,-0.32998322194445684,0.0,-0.12502845048033726,-1.2792458099911441,31.700987291877713,-0.009467315755523302,46.324020994680836,-0.025379819499159056,45.88278806995333,31.700987291877713,0.013693018983113349,52.77294392339902,0.07075033174372797,54.19317089632193
2022-10-04,KZTO,683.0,9130.0,-4.583649248535475,1.2774326997718695,-0.6175907828176698,0.0,-0.12035180982593129,-1.228870026365203,32.35900225203247,0.00711182225940648,53.78416587232277,-0.019568263264310118,47.01362886563057,32.35900225203247,0.021278092100676285,53.64023385486826,0.2191900090636547,63.44747670095639
2022-10-05,KZTO,675.0,13430.0,-5.396440530693272,1.6458304514508864,-0.42652326691589676,0.0,-0.12603822751322744,-1.290122914536561,31.55985321587395,0.018144973544973613,58.67656871452173,-0.010773280423280423,48.73046813939654,31.55985321587395,0.03540211640211647,55.24895103065462,0.14054444444444442,58.622047464473056
2022-10-06,KZTO,675.0,3390.0,-4.6007787297145635,0.2691712678332633,0.99999950000025,0.0,-0.14357367724867723,-1.4790110688625397,29.164529540560153,0.023781216931216945,61.11730525416619,-0.005211243386243401,49.818020735030125,29.164529540560153,0.03968558201058201,55.73482748420132,0.13319007936507937,58.16061458713989
2022-10-07,KZTO,684.94,1980.0,-2.6362224574732545,-0.26856007185416453,0.989999917500016,0.0,-0.15349496623733938,-1.585881094660312,27.857750068413672,0.016196497260100588,57.8221104837777,-0.022429727965976448,46.45637509296181,27.857750068413672,0.01887363320202759,53.365517203770786,0.11349530620455214,56.91806913341364
2022-10-10,KZTO,684.5,2860.0,-2.57340977974983,0.0991634561540132,0.9333332711111153,0.0,-0.1995477558639721,-2.0819520004752703,22.284364099572734,0.01543491744640393,57.48683052608051,-0.0335752924739412,44.29551732960053,22.284364099572734,0.020247434113650334,53.522504157737586,0.11506056442542933,57.01716236249818
2022-10-11,KZTO,689.85,2240.0,-1.6494878323531488,-0.1451815258934112,0.9532552665684075,0.0,-0.17549348046676816,-1.8228444354014557,25.092093273395943,0.007544917373342011,53.97823275096757,-0.07007411756178883,37.408883778140655,25.092093273395943,0.011695330506631775,52.54422455531377,0.10072981264042905,56.107910988746035
2022-10-12,KZTO,689.2,1560.0,-1.3845965255164856,-0.48944359507525304,0.6793585812908842,0.0,-0.18790136965794246,-1.956499592455348,23.61508086580913,0.007769147804217396,54.07866183444276,-0.08068256478640985,35.48684106913153,23.61508086580913,0.0034828998885295323,51.602949125272204,0.09443001248284175,55.70686516520799
2022-10-13,KZTO,692.99,17600.0,-0.747293950013922,1.9396779653242469,-0.11333332074074012,0.0,-0.196796124391497,-2.0523120084555404,22.59387246253463,0.0029746145240878074,51.925369269546884,-0.1451174277578389,24.940375712818092,22.59387246253463,0.006927107041559251,51.99788724458517,0.06462764232265206,53.80040778100019
2022-10-14,KZTO,697.98,1840.0,0.15241387252973637,-0.31845290456437403,0.99427739709909,0.0,-0.25139658900036715,-2.6404566606260986,17.019103130643167,-0.00709684426078523,47.388387314863486,-0.1313085883549672,27.016899809501815,17.019103130643167,-0.008365914086772841,50.243053503540516,0.07285011246740591,54.327751857439786
2022-10-17,KZTO,697.0,1590.0,0.05655454122258949,-0.4644839831948306,0.5037592722407804,0.0,-0.24333639350048963,-2.5536339401115185,17.76748964490676,0.016794097720389044,58.084697364839855,-0.13320762394388644,26.724963826950294,17.76748964490676,-0.0022769858349844033,50.94205533344201,0.07732533590672044,54.614368591378636
2022-10-18,KZTO,696.99,1690.0,0.08744288518082988,-0.4034896755031056,0.747499906562514,0.0,-0.20916479600376864,-2.185544722047314,21.226490161134308,0.00718531088442205,53.817103851692416,-0.14903356898951198,24.371264026717427,21.226490161134308,-0.010581312500896726,49.98869040538892,0.06324529118064823,53.711664549361885
2022-10-19,KZTO,696.49,640.0,0.08443823207698573,-1.3217494817880668,0.6737429414812292,0.0,-0.19015216818482344,-1.980744717953481,23.35368339282398,-0.013685272450042597,44.43898131966855,-0.16542903395757458,22.08539719187732,23.35368339282398,-0.005594631818230521,50.561221679446675,0.07948861832585932,54.7528081291575
2022-10-20,KZTO,697.0,7070.0,0.21701126202862353,1.084565599510041,0.33110364201743325,0.0,-0.18215823483865087,-1.894635759338585,24.29117796060015,-0.007292714240167598,47.30033630305716,-0.16335503063013826,22.365863361750144,24.29117796060015,-0.0021040200633098763,50.96190751480727,0.08314444842977842,54.98659529687494
2022-10-21,KZTO,695.0,1640.0,-0.02147730337271182,-0.37868589443567113,-0.2534678116686208,0.0,-0.16376818545163868,-1.6965420383857683,26.543173891174515,-0.017440384834989112,42.77398566903332,-0.20681315233527467,17.016568987658744,26.543173891174515,0.005148760991207035,51.79399706497483,0.08032748087244493,54.80647158553722
2022-10-22,KZTO,710.69,11520.0,3.1847567902851694,1.6973950611323871,0.9993485016498865,0.0,-0.1651190839240292,-1.7110936309015723,26.37328870670479,-0.03947758334343989,33.43753011857648,-0.19509375459954303,18.350631064126276,26.37328870670479,-0.03062368559997703,47.68913622833973,0.04663980207475535,52.64395852642879
2022-10-26,KZTO,704.0,1390.0,1.9060728028353755,-0.4173831039863335,0.8450703564107686,0.0,-0.15657692099567097,-1.6190792592240957,27.459206773039224,-0.037215900072150004,34.35128930146967,-0.20023332431457425,17.755837728114376,27.459206773039224,-0.01893602994227996,49.0295501584391,0.05551638708513704,53.215071981109986
2022-10-27,KZTO,689.0,30760.0,-0.2838001598722993,2.7791097380311456,-0.6107055663890226,0.0,-0.1390702248485267,-1.4305008324675386,29.76945422720757,-0.018992547860944085,42.09029725061954,-0.1868670444859124,19.334641480486532,29.76945422720757,-0.001956114221208588,50.97888319730012,0.09198145518004011,55.550785831301475
2022-10-28,KZTO,693.99,3070.0,0.5182724492743515,0.37498874321146797,0.6638887966821035,0.0,-0.1497065136796949,-1.5450726852861085,28.35248864356218,-0.028933674836813222,37.79331950853008,-0.24176461908673044,13.49496298574801,28.35248864356218,-0.017789653566436716,49.161130289831014,0.0750022094801695,54.46562037178625
2022-10-31,KZTO,684.97,5400.0,-0.792001647771781,0.9397093374080575,-0.0015022533048432332,0.0,-0.14556724693191297,-1.500485379682488,28.899065364752285,-0.010601013802944963,45.81610054003024,-0.2244526389233592,15.155574556260254,28.899065364752285,-0.003050317138208622,50.85329253151669,0.09696217486989925,55.86815529592508
2022-11-01,KZTO,684.79,3240.0,-0.7788013739306677,0.23947947067307843,0.9575327646579538,0.0,-0.1337083612876801,-1.3727439726757666,30.499018254114006,-0.012930765676744291,44.7751621052469,-0.1894258721535996,19.024344884351063,30.499018254114006,0.006578945735188871,51.957975026722,0.10328314399246957,56.2702323851472
2022-11-02,KZTO,679.95,2820.0,-1.460976424395763,-0.05014004168022071,0.3275400850574862,0.0,-0.121605443414957,-1.2423739021371152,32.18191302924729,-0.017717330055781553,42.65178799562476,-0.16464717232359535,22.190830983441234,32.18191302924729,0.019270486275251235,53.410873376646975,0.10933496528106051,56.654419198199854
2022-11-03,KZTO,678.0,2810.0,-1.7875589163385455,-0.010619547074835742,0.6016015413812257,0.0,-0.11047420986093558,-1.1224706094864585,33.77175199479491,-0.04427571288102262,31.54020082992126,-0.15333447113358614,23.75645548534634,33.77175199479491,0.022255632813597416,53.75185862543061,0.10876791333052391,56.618454335801424
2022-11-04,KZTO,676.0,5120.0,-2.307956039402417,0.5981913369631225,0.20361081207514095,0.0,-0.10160622006198929,-1.0269464996988285,35.06535037161711,-0.05312769089884471,28.199116672002656,-0.1343378862590401,26.55216461852706,35.06535037161711,0.023900847656616875,53.93963923707812,0.10563600075138535,56.41969042818127
2022-11-07,KZTO,679.76,1440.0,-1.732362124311652,-0.6703173359775442,0.9637825992170298,0.0,-0.08904382195583502,-0.8916270053044185,36.93570173817341,-0.11884577194378594,10.720055004611234,-0.12086380795462824,28.65797907237897,36.93570173817341,0.02229734397387697,53.75662076855501,0.10635171348991515,56.4651308962145
2022-11-08,KZTO,677.98,4170.0,-1.9846372869400608,0.3929531607008953,0.6040200397969773,0.0,-0.052713455950145115,-0.5002839896229313,42.55158295425435,-0.09589009141066578,15.37203691444185,-0.11805507544119154,29.109325766164336,42.55158295425435,0.028064878944783225,54.41439973291644,0.10409231740927874,56.32164564220354
2022-11-09,KZTO,669.93,7420.0,-3.1007373531412674,0.9692156093562968,0.10579063998937749,0.0,0.1305214342223389,1.4734834777055135,70.76690699830365,-0.0882169124990314,17.259465990798855,-0.10862455348924151,30.65489225998518,70.76690699830365,0.03343296652173333,55.02524648867946,0.12378436832064196,57.56839750677092
2022-11-10,KZTO,650.0,18850.0,-5.7953731461158275,1.8564024810294,-0.5998399119711921,0.0,0.11187796092796093,1.27265992804305,68.21339452878028,-0.07710958485958479,20.309572635217894,-0.08550857753357755,34.62730391015165,68.21339452878028,0.06477213064713064,58.5555364373609,0.1648101343101343,60.13343486367408
2022-11-11,KZTO,642.1,29530.0,-6.153471260995718,2.2364163585256494,-0.05333332977777499,0.0,0.08228668715993899,0.9539089880602122,63.93041859834677,-0.08414090070280308,18.334477473564988,-0.08189775890369651,35.26949875678555,63.93041859834677,0.08922100999201527,61.25175528200143,0.17949180547212382,61.03878754620259
2022-11-14,KZTO,601.0,73220.0,-10.878225792145848,3.1444779581216364,-0.39999999428571437,0.0,0.21210925309669065,2.3523301999257966,80.39863702025885,-0.018147752423210015,42.4620494384901,-0.00495989752528854,49.86717853562613,80.39863702025885,0.16143190845944588,68.77342894200851,0.26327485870110656,66.0452162034505
2022-11-15,KZTO,614.99,67170.0,-5.237931127259104,2.897540739621005,0.9999999499248898,0.0,0.16809798153254268,1.878250094726937,75.5275603788344,-0.09240181176645797,16.208271073441953,-0.021481781972451708,46.64089102646577,75.5275603788344,0.13732674011088578,66.34799577143195,0.23884350079121172,64.61632855385567
2022-11-16,KZTO,612.83,37130.0,-4.323762108564262,2.078631268687851,-0.12757659456397566,0.0,0.16873090760429943,1.8850678404547376,75.60309062421351,-0.054948490265950715,27.539115818291847,-0.008522727029609569,49.170435192617276,75.60309062421351,0.12863972076333854,65.45147789201398,0.24613769482538594,65.04581580568596
2022-11-17,KZTO,601.82,30000.0,-5.515445463065531,1.7410638902453195,-0.058145119743142695,0.0,0.20036433309701301,2.2258164067288937,79.1747269486776,-0.052678018660855724,28.36358445241759,0.016809212004011045,54.11545483506466,79.1747269486776,0.15140358906027368,67.77588356842352,0.26954905932164486,66.40762467504815
2022-11-18,KZTO,589.99,7790.0,-6.908463812566751,0.22266173045842982,-0.3346666443555558,0.0,0.2097089260996353,2.3264743853848087,80.15300294721831,-0.038690366247800284,33.75421442509422,0.057790707799190544,61.90689683086303,80.15300294721831,0.18034776235109712,70.60803116930481,0.2932026182579904,67.75635498297294
2022-11-21,KZTO,591.89,19200.0,-6.270343500021321,1.0970492180842548,0.9412244129612702,0.0,0.20385859013780716,2.263455804242711,79.54464097422162,-0.09919263674985733,14.613185221524544,0.09318128775402554,68.18889578488995,79.54464097422162,0.16945632303245967,69.55935312900849,0.29185066495356415,67.68003128092884
2022-11-22,KZTO,560.01,48630.0,-10.982187923598469,1.8554326906149616,-0.8374030210455877,0.0,0.2754014824140046,3.0341007024955386,86.06213647948522,-0.03896563177868421,33.643312120869815,0.3615111611527346,94.59186662159964,86.06213647948522,0.23489707381926006,75.52755150436343,0.37115789448062586,71.98896235573208
2022-11-23,KZTO,581.0,35880.0,-6.036757348956911,1.551372043399559,0.999999961464356,0.0,0.2336267307324536,2.58411191625972,82.49811925329416,-0.03274962229871871,36.18968503891195,0.25156659017020466,88.09595052153189,82.49811925329416,0.19038951520367192,71.55595512894098,0.3220627653471027,69.36262795315031
2022-11-24,KZTO,571.95,42560.0,-6.994536423018008,1.1616470615642627,-0.17994099233386157,0.0,0.247324253805902,2.7316587366273026,83.73981734574664,0.005143254280468912,52.900705227352816,0.22278735528829938,85.52520058246544,83.73981734574664,0.20641841850561354,73.0302215121735,0.3390330982353601,70.28597172694123
2022-11-25,KZTO,569.0,40200.0,-6.065570375671281,1.1045992124466557,0.4999999583333368,0.0,0.25482710687086785,2.8124778823578733,84.38933543306398,0.02101991728736021,59.92768573169776,0.28684792242028617,90.70015417014682,84.38933543306398,0.21039170153708822,73.38812151708929,0.348515253717187,70.79483175794472
2022-11-28,KZTO,535.06,53290.0,-11.137258611062137,1.0299939770697013,-0.9964705589273398,0.0,0.33531681671659436,3.679496006464337,90.0938631683587,0.10686420370301161,87.54936410571142,0.3510158986768434,94.15612851236833,90.0938631683587,0.28481317309614895,79.51410617423306,0.45922999767419653,76.33902891702827
2022-11-29,KZTO,540.0,8189.999999999999,-9.173409942351055,-1.0902316285027454,-0.3333333111111126,0.0,0.3112968253968254,3.4207577422186826,88.6195412097237,0.11987116402116402,89.88923742453527,0.33458134920634924,93.40719760715952,88.6195412097237,0.28527063492063487,79.54830806437248,0.43002380952380953,74.94973766070783
2022-11-30,KZTO,563.89,25420.0,-4.934452452902679,0.04238854386481148,0.9921343942747793,0.0,0.2662854527661733,2.9359047599370354,85.34027867261365,0.07293388108031884,79.22573265380196,0.28811437546780344,90.78338929035985,85.34027867261365,0.23653247310279757,75.66611161727307,0.36963089912982583,71.90937506875272
2022-12-01,KZTO,576.8,73390.0,-2.466611775769353,0.9825105509371358,0.9999999152542446,0.0,0.22817878332562813,2.5254277794930466,81.98389385165507,0.047388938973647814,70.63971402239213,0.24359893280936984,87.42659072594043,81.98389385165507,0.19405698875019273,71.89752963757125,0.3317569271074126,69.89204669955936
2022-12-02,KZTO,582.85,11360.0,-1.0940095909470715,-0.9632330825284483,0.6863468381421833,0.0,0.22088261004696402,2.446834944690339,81.2768570728413,0.031389849650935206,64.32384002933202,0.22866375210889017,86.08507685691978,81.2768570728413,0.1851927037844963,71.06768626413364,0.31466025672972575,68.9548836411624
2022-12-05,KZTO,594.0,6070.0,0.9376085130598696,-1.589970438642796,0.9092283959037641,0.0,0.18793697691197692,2.0919515553360304,77.81936908119924,0.0035760101010100702,52.196023172346564,0.20717379749879758,83.94651291452348,77.81936908119924,0.15483563011063012,68.1191648326062,0.28030039682539676,67.02415452470545
2022-12-06,KZTO,606.5,9210.0,3.0885482948177887,-1.1730409589345216,0.7515029683615734,0.0,0.16802980018058336,1.8775156596297287,75.51941453190125,-0.003994640403564558,48.78475201311994,0.18685039584396548,81.68663825540912,75.51941453190125,0.1285711240005758,65.44435364094629,0.25051136530182294,65.30217993678379
2022-12-07,KZTO,606.85,5550.0,3.204240289041461,-1.6795305551310877,0.6246549563334975,0.0,0.17230812447441965,1.9236008636970656,76.02700318818304,0.0019809859919359867,51.47795351810276,0.18039358517376353,80.9188599345197,76.02700318818304,0.09661963823072822,62.05507497375476,0.2514860649450519,65.35919214876861
2022-12-08,KZTO,605.99,5570.0,3.195427505196697,-1.675933463443926,0.6885811957472043,0.0,0.1789606033561243,1.9952599586512967,76.80184609636396,0.013016725294330046,56.417807107699424,0.18294096666428303,81.22466946846731,76.80184609636396,-0.006613586582836874,50.44424040904444,0.25022960330295146,65.28569089872354
2022-12-09,KZTO,603.01,3280.0,2.9885762310411157,-2.205481247567174,-0.22540978987504792,0.0,0.16996040453671174,1.8983117212685454,75.74936084574189,0.025005959224925357,61.640828656693955,0.18852646578816373,81.88197745019671,75.74936084574189,-0.06447174617783852,43.832727046371204,0.2605135961576884,65.88512035344071
2022-12-12,KZTO,598.02,6680.0,2.6051973750771156,-1.4226719452928611,-0.9999998886414379,0.0,0.18241092088017447,2.032426048987656,77.19677361236145,0.053669651636113494,72.93260369846912,0.18802515141235923,81.82372192440856,77.19677361236145,0.038152499478437615,55.56105000773498,0.2708548623552963,66.48280953342545
2022-12-13,KZTO,606.0,6240.0,4.384429623428259,-1.2740517291650184,0.33166246184941994,0.0,0.16063511315417253,1.797861655580247,74.62511094636271,0.07770451438000943,80.60604189975258,0.18273391874901776,81.1999550124398,74.62511094636271,0.056969888417413156,57.68335607904389,0.25594857378595,65.61964890789406
2022-12-14,KZTO,609.97,4880.0,5.894601466517193,-1.141396246936939,0.9939999006000154,0.0,0.14345666551126246,1.6128190522590997,72.46591120304998,0.25920994288425836,99.09651479586472,0.16608964447509908,79.13106375039722,72.46591120304998,0.058015072957009806,57.80048368362473,0.2436597599127305,64.90018274330387
2022-12-15,KZTO,615.79,6110.0,7.410164381302339,-0.5207582770473482,0.979065943714498,0.0,0.13392141991046738,1.5101074041547464,71.21941513385048,0.1904387234284416,96.9453427362929,0.16027454629193583,78.36984850094659,71.21941513385048,0.019212098009602906,53.40420055803335,0.23028995626214563,64.10967310780636
2022-12-19,KZTO,619.99,4770.0,8.411333629581843,-0.6009747344119568,0.7969848445241391,0.0,0.13647232455362174,1.5375852092396605,71.55616298224827,0.13733004394336112,92.41280222778245,0.14305161485579515,75.99877588726504,71.55616298224827,-0.008151873193295252,50.2676283580136,0.21372768274936332,63.11971255353179
2022-12-20,KZTO,632.0,7860.0,10.470385987088575,-0.10153616341941847,0.9999999166666736,0.0,0.12018524713682939,1.362144257394388,69.36600475475821,0.1675246734980912,95.45351392107571,0.12582423648784408,73.45514464798175,69.36600475475821,-0.07210429977898332,42.97166395471514,0.17845666063893914,60.97519560410263
2022-12-21,KZTO,655.0,16110.0,14.445817571257772,0.6968772613561915,0.9999999600000016,0.0,0.08015053011026294,0.9308987562982044,63.61144844701728,0.11141759966072946,88.41714322275682,0.090404889131225,67.71589563424118,63.61144844701728,-0.11330974494123355,38.40837229013638,0.13111294074881868,58.030026498520535
2022-12-22,KZTO,770.0,109360.0,14.448605841083886,2.6120813721462928,0.6428571382653062,0.0,-0.08530530303030305,-0.851356470450163,37.50027519171388,-0.057871031746031726,26.500014553694,-0.07055119047619048,37.32153583187387,37.50027519171388,-0.2450601370851371,25.401030413595677,-0.040317424242424224,47.03580397312511
2022-12-23,KZTO,735.0,75360.0,14.448605841083886,2.239712477795894,-0.12706110449019317,0.0,-0.036844501133786775,-0.32934696596139384,45.07580881719597,-0.004725226757369614,48.45564845923169,-0.03788939909297052,43.46442483633787,45.07580881719597,-0.19021156462585032,30.461109598871637,0.00637029478458051,50.04656070122924
2022-12-26,KZTO,707.1,16100.000000000002,9.377338697140159,0.6962561064441413,0.17777777495590907,0.0,0.0048209633917207055,0.1194646021529606,51.79120218805045,0.022116659090449912,60.40166984848858,0.0027613314948380253,51.37695004096982,51.79120218805045,-0.135419276757514,36.03622250002591,0.05473206490629057,53.16464093921224
2022-12-27,KZTO,739.9,23140.0,12.8805006853421,1.0589992018220382,0.2412230985046597,0.0,-0.04726491755642651,-0.4415934868704884,43.4145783624044,-0.024815184108963644,39.554473178875085,-0.04713001644366356,41.69714010132065,43.4145783624044,-0.1565986375786518,33.82590345047951,-4.022728296612654e-05,49.632693365248684
2022-12-28,KZTO,730.1,31920.0,8.133604169066029,1.3806691229529862,-0.9899999505000001,0.0,-0.035550056308877045,-0.3154034801915524,45.28301667570038,-0.010163072029706711,46.01221041028959,-0.04206596090337701,42.66331009002543,45.28301667570038,-0.1533046477651464,34.165357393103136,0.011715608972895614,50.391655070312744
2022-12-29,KZTO,727.98,3570.0,6.810533591493987,-0.8716061073527244,0.10888888283950852,0.0,-0.02301955728113934,-0.1804275959205044,47.29622611473997,-0.003199114019354298,49.14322767682655,-0.03795244898146079,43.452304599631546,47.29622611473997,-0.13415702812348324,36.16995417455205,0.017990024909109198,50.79668236875163
2022-12-30,KZTO,734.0,12610.0,6.536859727382616,0.550732616177576,0.13734391956050163,0.0,-0.03518647225466026,-0.3114870296881742,45.3412470163442,-0.01610957787292936,43.36238828790112,-0.03712899636693921,43.61066007989328,45.3412470163442,-0.13452687816270922,36.13074730261234,0.002969676917088382,49.8270118646216
2023-01-04,KZTO,725.11,4190.0,1.6952561474592458,-0.5510537085338229,-0.999999939320392,0.0,-0.02035461174692052,-0.15172136648629586,47.7257498402143,-0.0032913836608917542,49.1016444245868,-0.020208513497568994,46.88887417963138,47.7257498402143,-0.11377263095057501,38.35809405862322,0.017597077734018696,50.771319284092385
2023-01-05,KZTO,724.0,4660.0,0.9358008440065559,-0.3266127976226102,-0.49663295482887415,0.0,-0.02966039857932126,-0.25196133328735765,46.22776162713776,-0.0020291546084364393,49.67057786165191,-0.018712560291151453,47.180423178396666,46.22776162713776,-0.09965967289309824,39.9017589843383,0.01533701218977468,50.62543426720675
2023-01-06,KZTO,725.08,6410.0,0.7796804035872187,-0.007770025298234334,-0.3194328340756539,0.0,-0.029959074138288903,-0.2551786032135248,46.17978077331203,-0.012206606736771741,45.098271203364945,-0.021559188455176553,46.6258204824473,46.17978077331203,-0.10273752930163815,39.56327278071996,0.018175358318425233,50.8086447179844
2023-01-09,KZTO,728.0,9860.0,0.7601333996985457,0.44397512966750924,0.9999998748435701,0.0,-0.02980091575091575,-0.25347495452855867,46.20518731443693,-0.0074142857142857205,47.2456937077095,-0.021508302808302734,46.63572752122127,46.20518731443693,-0.11078898046398049,38.68260782170892,0.012767032967032993,50.45953182192743
2023-01-10,KZTO,724.49,7680.0,0.0057185582842448094,0.15991774284804333,0.26617743387742315,0.0,-0.030687482683494735,-0.2630248659427351,46.062795141589355,-0.01005678991045039,46.05982229233018,-0.013887276797011218,48.122042781546206,46.062795141589355,-0.10906949222846857,38.8700857804921,0.015741183716098478,50.651523997017044
2023-01-11,KZTO,725.0,33050.0,-0.1760011366649901,1.526720216599897,0.9999997967480088,0.0,-0.034010509031198684,-0.2988198026602962,45.52967165689289,-0.006231226053639846,47.777702748891635,-0.021459195402298847,46.64528860198975,45.52967165689289,-0.10270110837438423,39.56727238711297,0.016300027367268738,50.68759740018475
2023-01-12,KZTO,724.8,19540.0,-0.3307621990824263,0.9221919683675013,0.9498116750549856,0.0,-0.03248549879112779,-0.28239271502234,45.77421408154401,-0.013889367181751227,44.3481302251963,-0.02256523178807941,46.43000732818537,45.77421408154401,-0.09835233890465672,40.04582713243913,0.015263610322716364,50.62069605658495
2023-01-13,KZTO,718.5,14140.0,-1.4711342905092817,0.4674600457369515,0.13333332444444504,0.0,-0.02659531265533353,-0.2189448762379468,46.72054170838178,-0.0010400951055439572,50.1164507035888,-0.004150626304801657,50.025455705977315,46.72054170838178,-0.06646591443814827,43.60737532165495,0.014504246611657862,50.571677247763134
2023-01-16,KZTO,724.88,1480.0,-0.800376118335676,-2.0269797525397903,0.5894538328882365,0.0,-0.03732860703380786,-0.3345616522872563,44.99835918166206,-0.005721310500435315,48.00716889796544,-0.017155214262065045,47.48414132873555,44.99835918166206,-0.047533339245641966,45.75621088739267,0.0014081222858123854,49.72619734948813
2023-01-17,KZTO,719.47,10230.0,-1.732155051592214,-0.09370914732851539,0.003669724433977336,0.0,-0.033644849383176925,-0.2948809942996137,45.58828767261449,0.0059479508780823954,53.26209103526568,-0.0068854445876274815,49.49059683194553,45.58828767261449,-0.026238432793672453,48.19177848186268,0.003134097139627201,49.8376269879774
2023-01-18,KZTO,722.75,4400.0,-1.4739893911716662,-0.9537587850682772,0.6860758625220394,0.0,-0.02876525615896082,-0.24231904853323719,46.37160364335524,-0.011084296091317883,45.5998378358517,-0.022313137514892993,46.479064080413906,46.37160364335524,-0.012928838541066145,49.71915787128546,-0.015842785080133703,48.6128034521598
2023-01-19,KZTO,717.0,5720.0,-2.4175180224209,-0.6913956027350778,-0.7126268922167033,0.0,-0.015038518629209005,-0.09445753622367209,48.58351608204512,-0.0010225742179717202,50.124349247408986,-0.013181349206349207,48.25992747371717,48.58351608204512,-0.010340803280866045,50.01630490973247,0.02797388922096028,51.4409255716442
2023-01-20,KZTO,720.0,11080.0,-2.238631030503606,-0.030224467887788677,0.03950103744797053,0.0,-0.03040595238095238,-0.25999228109111566,46.10800508152719,-0.010211904761904794,45.99033693303524,-0.01318174603174603,48.25984995650066,46.10800508152719,0.014453571428571427,52.85999103901191,0.0038912698412698343,49.886510939877134
2023-01-23,KZTO,723.0,4019.9999999999995,-2.2022754036171914,-0.9747442300058512,0.6944443372771065,0.0,-0.03135836791147989,-0.27025149966987,45.955086337630526,-0.022355211420667823,40.6198149636876,-0.02302092965817034,46.3413475492088,45.955086337630526,-0.003811214845550956,50.765951600952896,-0.017081846473029128,48.53287278073517
2023-01-24,KZTO,726.0,7490.0,-0.2518002954609455,-0.29350569277495897,0.5056461097056273,0.0,-0.04147496064541518,-0.37922529608853545,44.33603584988042,-0.025183805588351045,39.395658437042606,-0.029736465302374393,45.03775925364339,44.33603584988042,-0.005395264331627972,50.58410941816965,0.008131437754165027,50.160262482445404
2023-01-25,KZTO,717.0,10110.0,-1.163165828186749,0.14218805187286013,-0.8501386817633135,0.0,-0.03060164873480773,-0.262100280808587,46.0765782240997,-0.003951725111244009,48.80408740412306,-0.016123875938101804,47.68537982403364,46.0765782240997,0.011738626552434094,52.54918277337731,0.010337261738726178,50.30267099601318
2023-01-26,KZTO,718.51,2660.0,-1.0820719925874558,-1.1930077331288087,-0.2250712036969403,0.0,-0.05911422823753654,-0.5692317544003614,41.54356712867681,-0.0010658890101716357,50.10482261291783,-0.02097817142751102,46.73895560734931,41.54356712867681,0.03592685636589656,55.30852846264296,-0.01707078806493953,48.533586115536394
2023-01-27,KZTO,714.9,8310.0,-1.3576151872237268,0.09128687827285219,-0.8903149486213539,0.0,-0.14314959001925004,-1.4744428909573117,29.221185791520586,0.003962039479381098,52.36968609364207,-0.017994204817190485,47.32049438490266,29.221185791520586,0.007943409334638912,52.11437846540754,-0.004269468090775219,49.35967495274926
2023-01-30,KZTO,709.1,3050.0,-1.969140703533212,-0.9110292460578114,-0.9808244505441518,0.0,-0.18953109183785394,-1.974054614953874,23.425610884847035,0.010803239630830899,55.433996361370475,-0.01360155478775915,48.177847857424204,23.425610884847035,0.03395175143765962,55.0842029560963,0.026423769567056832,51.34092475194293
2023-01-31,KZTO,710.0,8870.0,-1.7996421796317088,0.15650201096598593,-0.6977927507991973,0.0,-0.11099135926671139,-1.1280412334648269,33.6970355761247,0.013660155376704751,56.70287738876092,-0.005332176391683497,49.79436898079398,33.6970355761247,0.028803940308517705,54.4985822797061,0.010915230270511944,50.339984061982705
2023-02-01,KZTO,716.43,10220.0,-0.7132053595574681,0.29817367123293453,0.9839785068119326,0.0,-0.09120507852094673,-0.914907603736038,36.61093132648872,0.007393522561935831,53.91040720723495,-0.008579657501513717,49.159303821779815,36.61093132648872,0.01808351118276276,53.275197990916176,0.0060487374402045935,50.025800435916935
2023-02-02,KZTO,720.02,11730.0,-0.1647189853263742,0.3833329520055037,0.62922860226947,0.0,-0.08889568931727201,-0.8900313518643451,36.95800529030512,-0.00455075430003485,48.534231087709244,-0.02476278583310955,46.00267299864199,36.95800529030512,0.00030241482489686694,51.238072298968596,0.00010938129805040941,49.64235183617511
2023-02-03,KZTO,720.0,5900.0,-0.14786217763098225,-0.3756458807201273,0.33333329629630043,0.0,-0.11318015873015873,-1.1516185181696754,33.38170796218562,-0.005907539682539683,47.92335399129853,-0.02156746031746026,46.624210040470786,33.38170796218562,0.00032936507936507514,51.24116473965466,-0.00788690476190479,49.12618119891739
2023-02-06,KZTO,719.01,10660.0,-0.26179235219133884,0.215899468506534,0.6039998792000205,0.0,-0.12934157109875283,-1.3257058327044962,31.100532683205685,0.005189610466375418,52.92153221434902,-0.0262914557615928,45.70575170018339,31.100532683205685,-0.012146764499599633,49.80895110621858,-0.003222501574585618,49.42725889382733
2023-02-07,KZTO,721.94,4630.0,0.21048429571366767,-0.6180409203081422,0.46999988250005664,0.0,-0.17177261539784125,-1.7827640641552724,25.546804515305432,-0.0030434779019142743,49.213371019187704,-0.0316917843390231,44.659398681321626,25.546804515305432,-0.010287247972944214,50.02245395923788,-0.015097030542924328,48.660914814657005
2023-02-08,KZTO,723.98,6310.0,0.5116849408104561,-0.3084626655336292,0.9959917843703875,0.0,-0.18068491115250496,-1.87876542832345,24.466724990755274,-0.003098565403674686,49.18854337064138,-0.060693804715731464,39.1423869350487,24.466724990755274,-0.012325893068167726,49.78838446640395,-0.01275293572303371,48.81215672040373
2023-02-09,KZTO,719.0,17390.0,-0.06540061408475518,0.7890320143702563,-0.1794019784549814,0.0,-0.16767596363997614,-1.738635798206377,26.05365920503717,-0.007089632315605922,47.39162967218632,-0.14247040642868178,25.330044705871536,26.05365920503717,0.0010565164359670753,51.32459896840934,-0.007660378170739834,49.140801739578635
2023-02-10,KZTO,718.0,2440.0,-0.10593849753270167,-1.174862476802637,-0.39332655274756717,0.0,-0.14912650108325595,-1.5388249123187754,28.428700202602545,-0.004518551310960781,48.54873616101072,-0.1941442598487863,18.462189301467134,28.428700202602545,0.0032118959189989804,51.57186467384399,-0.008599715921651901,49.08017573466245
2023-02-13,KZTO,724.99,8029.999999999999,0.864808679667302,0.1516629667616902,0.3315543474613527,0.0,-0.1368275058200037,-1.4063427376162234,30.07338775678936,-0.010009044032791268,46.08121366519195,-0.1241162864698517,28.140592554855115,30.07338775678936,-0.020390432741601006,48.86263459328038,-0.0169431307864783,48.541820832157725
2023-02-14,KZTO,722.0,1660.0,0.4115595730516927,-1.5421611033085532,-0.49558631833715716,0.0,-0.11378936705799593,-1.1581807813782747,33.294205090200585,-0.011595143560656045,45.371420474811366,-0.0927200259420481,33.361524177101046,33.294205090200585,-0.02345275469375191,48.5112724397809,-0.01903488326078359,48.406899631742164
2023-02-15,KZTO,724.0,1610.0,0.6892038057446096,-1.455283787854482,0.599999880000024,0.0,-0.12497671665351229,-1.2786885441546465,31.70822710660334,-0.01696612295010085,42.983450298901495,-0.08837611154959221,34.12125160807982,31.70822710660334,-0.04975538016311501,45.503032961702736,-0.015276874506708782,48.6493121899987
2023-02-16,KZTO,716.15,7140.0,-0.39439417394174847,0.03419133018735937,-0.9999998870056626,0.0,-0.09839703285535856,-0.9923778141223433,35.53906909913429,-0.00488760604267296,48.382519463951624,-0.10267802834601686,31.652617655655636,35.53906909913429,-0.030220174067905007,47.73536914574778,-0.002672543993510218,49.46276069306558
2023-02-17,KZTO,717.0,11640.0,-0.26756859937156424,0.4645200438617351,0.3084111861297901,0.0,-0.09233274058577405,-0.9270545409028704,36.44195818537595,-0.008835546589626087,46.60740497898628,-0.12121849804077837,28.601281082489777,36.44195818537595,-0.009584992030284921,50.10308461261887,-0.005162321511589213,49.30204118272442
2023-02-20,KZTO,720.0,16140.0,0.18296129656891044,0.7913730906737336,0.67224074646816,0.0,-0.0864952380952381,-0.8641741991981722,37.32019934810007,-0.014991666666666634,43.85811879469354,-0.16386071428571428,22.297247067523625,37.32019934810007,-0.004254365079365066,50.715081662904424,-0.0009051587301587005,49.5768554486211
2023-02-21,KZTO,715.89,13530.0,-0.3923609553170114,0.5559266793574211,-0.11090908082644968,0.0,-0.06830041917519908,-0.6681834595279063,40.1093704068644,-0.013027637975107876,44.73197193524984,-0.16557182271950538,22.066180983861038,40.1093704068644,0.0029599240106721256,51.54296212896274,0.00910701259970112,50.22324628087221
2023-02-22,KZTO,714.0,3130.0,-0.5761394525698343,-0.9594343075997167,0.48320400950800846,0.0,-0.06746507936507937,-0.6591853558380109,40.239129523125754,-0.000917880485527608,50.17154580210047,-0.15605567226890757,23.373018060988855,40.239129523125754,0.03299883286647999,54.97589921751449,0.0009114145658263295,49.69413015237076
2023-02-23,KZTO,714.94,2690.0,-0.4439484527210286,-1.0366295593031767,0.9864861532141498,0.0,-0.07304545568481502,-0.719295988834686,39.37496798435712,0.003608866200782229,52.210806262568134,-0.13970245209832244,25.741796033336733,39.37496798435712,-0.013806383941198826,49.618405349872354,0.005073025553037791,49.96280686430264
2023-02-24,KZTO,713.0,4630.0,-0.7055432012952367,-0.4936150922540285,-0.6697587504862055,0.0,-0.07324108339455467,-0.721403249132267,39.344790486099846,-0.00488466740132238,48.38384284734257,-0.11622475567131951,29.40569074537165,39.344790486099846,-0.01095900621118014,49.94532483421446,0.00558930964625215,49.99613901641129
2023-02-27,KZTO,711.6,5820.0,-0.9031135663517348,-0.14453148870804106,-0.542857065306127,0.0,-0.06415379560480744,-0.6235169077877215,40.754824030372795,0.00035031384673039814,50.7432062973141,-0.0947236897400895,33.01395540437693,40.754824030372795,0.06840044567574076,58.95934567281529,0.012257267325142512,50.42662309063268
2023-02-28,KZTO,708.99,6930.0,-1.257358782460969,0.03002785380625644,-0.8660129303900546,0.0,-0.056383790119949304,-0.5398200527153049,41.97275238630266,-0.002061765093066663,49.65587739926259,-0.10013743662178061,32.08416027997728,41.97275238630266,0.09794063019896174,62.19782554764546,0.0167364647496539,50.71576897276103
2023-03-01,KZTO,715.8,1830.0,-0.3167173677401722,-1.2857763935873725,0.9672129927852477,0.0,-0.0417647899785787,-0.38234727634206234,44.28981199172839,-0.012923272994584751,44.77850302028579,-0.09197865890977784,33.49058883268688,44.28981199172839,0.11790248573025194,64.32806336203197,0.04599659654865029,52.60254641610168
2023-03-02,KZTO,720.0,16219.999999999998,0.2559089655963466,0.9771362064776221,0.3633879615943553,0.0,-0.01970238095238095,-0.14469567436925326,47.830927119182356,-0.04500753968253969,31.25595188904532,-0.09015595238095239,33.808952789076564,47.830927119182356,0.12510079365079363,65.08303640345771,0.040991666666666704,52.28019132645828
2023-03-03,KZTO,712.0,1380.0,-0.8655066607087061,-1.4870204489558105,-0.8552528517313024,0.0,0.005577724273229889,0.12761627024992397,51.913309345426825,-0.1234141029070804,9.956757600936616,-0.06989525147137507,37.44165381653416,51.913309345426825,0.14781814695915813,67.41519888789703,0.0344119181380417,51.85612118480874
2023-03-06,KZTO,714.33,8010.0,-0.522693618559934,0.2781559308019816,0.4066666214814956,0.0,0.020432336995106246,0.2876270154884727,54.30372919540971,-0.17937052307756923,3.875137375812765,-0.06004261655777341,39.26380773721125,54.30372919540971,0.15546157098259905,68.1815629355263,0.044946984986930755,52.534960617892615
2023-03-07,KZTO,709.99,2310.0,-1.088104404782527,-0.9652851261813449,0.06796115771725487,0.0,0.021135524069531928,0.2952015978709042,54.416483900606906,-0.0947011830537743,15.653011169736802,-0.05587098393069253,40.0447460821427,54.416483900606906,0.14174858847777197,66.79990767713664,0.04965516369334061,52.83804998499502
2023-03-09,KZTO,709.0,2940.0,-1.1891342289015046,-0.724123744423231,0.49999987500003124,0.0,0.0521521402825352,0.6293060250911251,59.32901683217662,-0.06519037208677549,24.010112607894683,-0.05892009201423872,39.47342532560789,59.32901683217662,0.07020624286385926,59.159874292805924,0.03495235856448825,51.89096392511505
2023-03-10,KZTO,690.01,5990.0,-3.7705944965942875,0.13663644871438343,-0.09063352256339757,0.0,0.06711161072429823,0.7904462755020553,61.63933804995392,-0.0321436273352836,36.442410919634575,-0.03556431320411046,43.911915928926724,61.63933804995392,0.05719393082754956,57.70847049758419,0.08596606927481845,55.16688558848105
2023-03-13,KZTO,626.47,26420.0,-11.670990049678892,1.620665548774434,-0.5776923002859955,0.0,0.1804993330163645,2.011834828980504,76.97855843169417,0.03840225788310968,67.1703127535564,0.07177599684272744,64.45134349628945,76.97855843169417,0.1638293397484671,69.00939824053786,0.2000754833457105,62.29526139035144
2023-03-14,KZTO,588.5,25160.0,-11.670990049678892,1.4494550228020224,-0.43214365919200565,0.0,0.2629941845018948,2.900451914574624,85.07215031234281,0.0843403821256625,82.40849809572619,0.1468587635365673,76.53784319820711,85.07215031234281,0.2241725860069318,74.60576325038086,0.27940749517875685,66.97317028758724
2023-03-15,KZTO,645.0,22210.0,-5.340978837650138,1.3247421614722261,0.9999999856938486,0.0,0.18003211517165008,2.006802057213159,76.92500165982098,-0.05436596530084902,27.749224244636437,0.0715221391657438,64.40582844648827,76.92500165982098,0.12748241971207086,65.33119147239726,0.1464364710225175,58.99064430698536
2023-03-16,KZTO,665.01,52890.0,-1.7243299919182034,2.1025837053270915,0.08572978606267448,0.0,0.10799930769032477,1.230879896029016,67.66738728916526,-0.0900131895975786,16.801794970591384,0.06885794617481586,63.92659738720028,67.66738728916526,0.08710673593522755,61.02104406109804,0.1072157024491576,56.519970921052376
2023-03-17,KZTO,670.0,8680.0,-0.5570140328942694,0.21012351886532885,-0.4292520043233912,0.0,0.11804398246860934,1.3390790074461156,69.07114309988312,-0.08908319710968965,17.037526080869142,0.07565025467898602,65.14269280528129,69.07114309988312,0.07656759061833687,59.863817303518694,0.0960708481402511,55.81139475718656
2023-03-20,KZTO,652.5,3340.0,-2.951950719916934,-0.8049222177736481,-0.9999999428571461,0.0,0.14444087301587294,1.6234207272559962,72.59264969986205,-0.04544663382594416,31.086075674190916,0.12473184181718663,73.28817560736593,72.59264969986205,0.14333266283524904,66.96105528113759,0.11251239737274224,56.85581484350508
2023-03-24,KZTO,640.0,6260.0,-4.449388779352441,-0.03144907574584142,0.13636363326446288,0.0,0.16594940476190478,1.855106080358545,75.26998288793413,-0.003265823412698455,49.11316356534071,0.14067123015873018,75.65745149030458,75.26998288793413,0.2016486607142857,72.59658988535786,0.1530781746031746,59.40493047859312
2023-03-27,KZTO,612.0,33040.0,-8.008519840495456,1.685338726774483,0.15065560408542128,0.0,0.2055267040149393,2.281424373980621,79.71950378750942,0.06539526143790841,76.89952826858159,0.22777054154995333,86.0011613404945,79.71950378750942,0.28872408963585433,79.80513456664526,0.21487229225023344,63.18849579541704
2023-03-28,KZTO,607.3,4610.0,-7.294610045099091,-0.2841502558924245,0.6954545296487586,0.0,0.21503638195604285,2.38386061266449,80.69506047168957,0.06335191734688278,76.23850639152717,0.2208949117744689,85.34095510241173,80.69506047168957,0.31208957439773777,81.47944360500914,0.2206880698198376,63.53715129415225
2023-03-29,KZTO,612.5,8790.0,-6.260891271202293,0.36123535790535627,0.9357797306624058,0.0,0.18825374149659863,2.0953636764191907,77.85468657331003,0.07394931972789122,79.52548950958756,0.21365351473922903,84.61796009452674,77.85468657331003,0.3346649659863946,82.99327720785111,0.21400447845804985,63.13635099365096
2023-03-30,KZTO,624.99,14380.0,-4.037733439118655,0.7795255504378955,0.45139662282700715,0.0,0.17111489719073603,1.9107476718652783,75.88616420986357,0.06066900839937247,75.35100319136822,0.19389578837070914,82.49681886687962,75.88616420986357,0.26896501435451536,78.30300974449965,0.18509888529645044,61.38258969111609
2023-03-31,KZTO,640.03,33480.0,-1.337453650932446,1.500051908982995,-0.35269440617314146,0.0,0.14416215413017602,1.6204184263917842,72.5567953519255,0.04663570419194144,70.35722242041457,0.1952062603650276,82.64436189244515,72.5567953519255,0.2717294653846832,78.51793564833534,0.1567784123338465,59.63516299921585
2023-04-03,KZTO,654.05,15620.0,1.1832405075419192,0.6268887923441453,0.1229475321206408,0.0,0.12612354975652323,1.4261103967626594,70.1754412754667,0.03821058787554483,67.09405059521475,0.1327903502960189,74.50409735662681,70.1754412754667,0.2381601094766068,75.8034846184416,0.12793936006785564,57.83028919820441
2023-04-04,KZTO,647.79,21410.0,0.381049195917974,0.8965191642178979,0.05297425116974592,0.0,0.1380159480695905,1.5542127951473133,71.75878148794239,0.04643718974182556,70.28251060683675,0.16298657042001422,78.72733916897919,71.75878148794239,0.24591736282481325,76.45091906747692,0.139730079927431,58.571024920324724
2023-04-05,KZTO,659.84,16790.0,2.286934433619469,0.3710718942359508,0.9915847831988308,0.0,0.10206304520191521,1.1669357325232794,66.82235644147566,0.022585629224208204,60.60375760598819,0.13745595315073963,75.19121090079364,66.82235644147566,0.20877810378273512,73.24313971152655,0.11390868358659334,56.94424461049499
2023-04-06,KZTO,665.0,14860.0,3.5819766953902614,0.2489615830083779,-0.052693898597163315,0.0,0.08548740601503761,0.9883864543457629,64.40604952788765,0.011632894736842085,55.8032883574516,0.1273470342522974,73.68678429285205,64.40604952788765,0.19450630743525488,71.93920526214086,0.11997882205513782,57.328157726742745
2023-04-07,KZTO,672.0,9520.0,4.55030556051951,-0.42899500606518315,0.7499999062500118,0.0,0.04869226190476186,0.5920369472613853,58.78833657082826,0.008661507936507936,54.47799903189323,0.10207579365079365,69.67881980325217,58.78833657082826,0.17126309523809527,69.73477007845025,0.10603829365079367,56.44523326123353
2023-04-10,KZTO,681.2,20650.0,6.129787686684426,0.345324536824495,0.15770608753741897,0.0,0.04339530450465552,0.5349792428999888,57.956490574169294,-0.0006302207122818346,50.30122270555564,0.08701688919646927,67.13375712012883,57.956490574169294,0.14464210217263643,67.09396455961259,0.07852338986289356,54.6910471645962
2023-04-11,KZTO,680.0,68920.0,5.632182265389826,1.5090219745893363,-0.25196286567002923,0.0,0.068321802054155,0.8034822004498954,61.824111580314224,0.02612805788982258,62.118122294056164,0.07427299253034547,64.89763635445634,61.824111580314224,0.11513870214752565,64.03626594372581,0.06862854808590102,54.05711752979984
2023-04-12,KZTO,676.89,10720.0,4.24456671786599,-0.4132080289124101,0.15976330415601367,0.0,0.08359243414735042,0.9679742183331628,64.12479069220181,0.06034151391975486,75.24115444155383,0.08573281066980712,66.91172688326195,64.12479069220181,0.12114496093477947,64.66904868554441,0.0727292989154178,54.320010264570215
2023-04-13,KZTO,674.89,5840.0,3.916721463557594,-1.0205867520862548,0.18006429420705025,0.0,0.08822081369168461,1.0178301434926995,64.8100028505901,0.07826330718915513,80.76307721832346,0.08994695321894905,67.63752662288667,64.8100028505901,0.14234292888882308,66.86041620133939,0.07906264584681291,54.72555371037199
2023-04-14,KZTO,680.0,34380.0,4.397658979803547,0.8135507242635053,0.7657445105506459,0.0,0.10853587768440714,1.2366597144755327,67.74321347589066,0.0892045985060691,83.64415331352943,0.0882903828197946,67.35320355396112,67.74321347589066,0.1290235527544351,65.49132870965664,0.07473891223155935,54.44875654778277
2023-04-17,KZTO,682.99,40790.0,3.849903427703183,0.9845125679202629,0.9354421603975366,0.0,0.05607148782884408,0.6715244075879085,59.938773292210534,0.07852253339482763,80.83559690868557,0.0842404880663618,66.65274017817559,59.938773292210534,0.14438752076246436,67.06814564454318,0.07100938683013089,54.209777828353346
2023-04-18,KZTO,700.01,114050.0,5.939684628788877,2.012712190522958,0.44117645959181134,0.0,0.029961984137188067,0.39027835818011225,55.82757050136199,0.0822007598587594,81.84216026065938,0.04359283019312882,59.2552009632051,55.82757050136199,0.11130932429423343,63.630246610016115,0.038276571445804736,52.105237567114834
2023-04-19,KZTO,720.0,97500.0,7.5415933343303365,1.8559274821292797,0.8181817884297531,0.0,0.07724126984126983,0.8995608202341475,63.17511169632358,0.03818452380952379,67.08367318631883,0.006994047619047631,52.20370547473541,63.17511169632358,0.0668202380952381,58.78362325640053,7.619047619056296e-05,49.64020909186013
2023-04-20,KZTO,730.0,58960.0,7.659558554484029,1.2915381248758386,0.7647058373702448,0.0,0.08693621983039793,1.003992770218697,64.62042045193986,0.0266750815394651,62.34996157358884,-0.03021432376603613,44.94523737120025,64.62042045193986,0.04891173624701024,56.77751983503977,-0.005004935855620757,49.31220031090546
2023-04-21,KZTO,743.0,73360.0,8.776019516326432,1.3657851024631538,0.999999956197987,0.0,0.09725120008972635,1.1151035550852295,66.1293123304572,0.012709503514281453,56.28154219337189,-0.03900272757375723,43.25052314561466,66.1293123304572,0.05343325108419322,57.28639259469895,-0.031783350424063744,47.58517817346706
2023-04-24,KZTO,739.0,23740.0,7.141121926028818,0.12121121011544529,-0.0012515642989269831,0.0,0.11690689155229075,1.3268305046860156,68.91392522349226,0.043954910110187526,69.33920760879549,-0.012467058122301694,48.39947272564239,68.91392522349226,0.06143651921300771,58.183284861102806,-0.028261394634534004,47.81207938112361
2023-04-25,KZTO,760.0,25560.0,9.325032751811197,0.1950783497337047,0.677419332986473,0.0,0.09451086048454466,1.0855851966708039,65.73148694044784,-0.01634880952380952,43.25647140512751,-0.03093865914786966,44.80506004633325,65.73148694044784,0.030245802005012465,54.66274264963757,-0.04744423558897243,46.57756524433303
2023-04-26,KZTO,750.01,7570.0,7.438700023514724,-1.0926469178206777,-0.9979999002000118,0.0,0.12032535629154581,1.3636534835641085,69.38524363166674,0.013338587660101067,56.56046176721205,-0.016586947327474705,47.59501395739358,69.38524363166674,0.058578429478083206,57.863579405534836,-0.0365030283723201,47.281271883636634
2023-04-27,KZTO,752.0,14760.0,7.474739187083368,-0.42492144974742885,0.33333322222225925,0.0,0.09743992738939547,1.1171364856255486,66.15662765238903,0.007098134076325506,53.77803039249438,0.006684498480243219,52.143278178787966,66.15662765238903,0.049028495440729514,56.79067895726257,-0.040265130023640724,47.039168322307376
2023-04-28,KZTO,754.99,33520.0,7.501684716283248,0.39529866394398,-0.05141657382827248,0.0,0.024298386318372375,0.32927128080370205,54.92306691405212,0.002064503230043821,51.51557017516054,-0.04034661632751575,42.99265985780584,54.92306691405212,0.04341750053664118,56.15725209654783,-0.040994710284189634,46.99223321207011
2023-05-02,KZTO,773.99,84810.0,9.360704742642454,1.3235692095238505,0.6570448511847715,0.0,-0.04016037211936417,-0.3650648266320893,44.54581693317737,-0.03420951821082961,35.58399564897239,-0.06421201095764949,38.48873688147688,44.54581693317737,0.014184844765436251,52.829236564854455,-0.07085557988834192,45.07673416590995
2023-05-03,KZTO,750.12,17900.0,4.7590097706943055,-0.31997559277387455,-0.990825646754559,0.0,-0.012962231376313131,-0.07209220924507667,48.9187854375269,-0.0033468791660001126,49.076634804419164,0.039335065056257654,58.44858641633132,48.9187854375269,0.04778827209868641,56.65085333205748,-0.03084153246591656,47.64584520791839
2023-05-04,KZTO,762.49,55520.0,6.090170445685743,0.8119655425516691,0.9465775767068663,0.0,-0.042714291595185125,-0.3925751068565969,44.13844899620798,-0.032666500539065106,36.22430556690282,0.04587174295494272,59.684919301828266,44.13844899620798,0.026153793851472817,54.19660238705082,-0.04635580390125339,46.64751365047516
2023-05-05,KZTO,759.8,15290.0,5.100911993184316,-0.6585449747750847,0.2566118472757733,0.0,-0.027222807171477834,-0.22570411439792154,46.61960286660117,-0.0234834387286545,40.1300512777439,0.07858916350167344,65.66293099218365,46.61960286660117,0.044383087550190804,56.26640650418997,-0.039729584748701544,47.0736241771519
2023-05-10,KZTO,759.0,75060.0,4.7364976361101885,0.9325416817014502,0.7999999200000081,0.0,-0.030730061484409377,-0.2634835157771857,46.05595812698174,-0.021613259928477305,40.94292268069811,0.09292690727147249,68.14571223778547,46.05595812698174,0.04712318683731729,56.57582630163782,-0.04509909498713846,46.72829282743139
2023-05-11,KZTO,750.0,9100.0,2.9968391574369067,-1.3166109057753788,-0.9999998888889013,0.0,-0.020766269841269842,-0.15615566037827391,47.65937709777587,-0.003828412698412687,48.85964751330426,0.11527079365079362,71.81446828918241,47.65937709777587,0.05714063492063493,57.70249656206122,-0.024002777777777845,48.0865595800396
2023-05-12,KZTO,750.0,128320.0,2.806607837739649,1.3296373506847172,0.06809077862606297,0.0,0.011232142857142854,0.18852447085014312,52.824855718598116,-0.003148809523809524,49.16589895752891,0.12618261904761907,73.50977684885336,52.824855718598116,0.06243095238095238,58.294362398005575,-0.0197214285714285,48.36262138560157
2023-05-15,KZTO,740.0,54280.0,0.5375841284091856,0.46926646976310127,-0.45887443404359174,0.0,0.05556311668811667,0.6660483412232993,59.85985212505833,-0.0028880201630201263,49.283437060378574,0.12136172243672244,72.76887689785636,59.85985212505833,0.09351846846846848,61.719135509789425,0.005132024882024855,49.96661595712132
2023-05-16,KZTO,744.36,97410.0,1.0098784728066388,0.9523230473879495,0.3887999844480017,0.0,0.07406957949174617,0.8653960428686768,62.69694804354469,-0.015816566484727058,43.49219806175196,0.04497782012799749,59.5165318659036,62.69694804354469,0.08276475399768163,60.545703944437136,0.04291234720015144,52.403921517008214
2023-05-17,KZTO,744.99,94470.0,0.9551109717368262,0.6868154870447952,0.9993333000222239,0.0,0.083766029393811,0.9698441495980231,64.1505971521165,-0.039478087753175385,33.43732767692823,0.0036958613378639017,51.55956782755165,64.1505971521165,0.06569893296746071,58.65879553914001,0.044693885376537484,52.51866181886536
2023-05-18,KZTO,749.49,20730.0,1.239914786906349,-0.9739297377510308,0.774472131743178,0.0,0.10494406907808423,1.1979695121382101,67.23386843121581,-0.03698556195991058,34.44501749231062,-0.0064126199148754615,49.58306404808956,67.23386843121581,0.05761551099191897,57.75571743925244,0.0682895187616468,54.03537257656249
2023-05-19,KZTO,750.0,27870.0,0.9957727668506656,-0.6779615337093228,0.5384614970414233,0.0,0.07231428571428572,0.8464883896903207,62.43124226750214,-0.016765873015873015,43.071969524463704,-0.02075873015873016,46.78169380771999,62.43124226750214,0.047662301587301614,56.636645162667484,0.07424523809523809,54.417134656381435
2023-05-22,KZTO,740.22,6340.0,-0.9859671044040145,-1.9350286980423284,-0.4542750591616967,0.0,0.11574306152225011,1.3142939738504757,68.75255709802042,0.0056768819694530724,53.14039146986554,0.004742085814899249,51.763962387348684,68.75255709802042,0.05244704907550004,57.175528288532206,0.0825529127440876,54.948781757200095
2023-05-23,KZTO,734.99,33490.0,-2.0601037822410158,0.08714698623448999,-0.13449022402492208,0.0,0.1190061394583276,1.3494431589621338,69.20383040626078,0.014121668289623697,56.90707785595362,0.007322564722292868,52.26782846175173,69.20383040626078,0.05817448999953999,57.818340926190935,0.09695178129515633,55.86749351121107
2023-05-24,KZTO,718.03,7140.0,-4.417540188188066,-1.4578933692346545,-0.9999999564649561,0.0,0.1417696907975062,1.5946473175797302,72.24783268557748,0.06532165222127839,76.87594059066762,0.02950809304293564,56.5702241659036,72.24783268557748,0.10018142203568897,62.439488660316314,0.043069124609906057,52.41401983175117
2023-05-25,KZTO,724.29,59990.0,-3.6405491940654637,0.8089518116139743,-0.38939966497026557,0.0,0.11933976848591961,1.3530369402567206,69.24976604542825,0.011310704275911633,55.65995043747783,0.05369690881184797,61.148809964905084,69.24976604542825,0.08618573879247268,60.920389026918286,0.02529368139833499,51.26801405580602
2023-05-26,KZTO,740.0,56690.0,-1.3479634327398964,0.6139862019576967,0.2725068119882751,0.0,0.09108927498927505,1.048728601669225,65.23164706510462,-0.010165465465465477,46.01113829099739,0.06151430716430715,62.59143710863084,65.23164706510462,0.059435285285285244,57.95949766142101,-0.008457839982839999,49.08933241184345
2023-05-29,KZTO,746.99,78350.0,-0.29415007997200415,0.8494905184183152,0.33407568662854203,0.0,0.07142576425769709,0.8369174245570589,62.29645628032884,0.054219412018010046,73.12786011549368,0.0762451815774079,65.24830192568525,62.29645628032884,0.045257848928939554,56.365241230693776,-0.029587246131936487,47.72665059373197
2023-05-30,KZTO,747.94,116970.0,-0.14279886225949706,0.980002480694696,0.8622073290231698,0.0,0.0607668287096282,0.7221016260957223,60.665208986704954,0.07701206680486629,80.41009806149701,0.08551158620439375,66.87339840704773,60.665208986704954,0.04123714655831394,55.910557083657906,-0.034187017760103924,47.430379092695915
2023-05-31,KZTO,767.45,73920.0,2.483551042524343,0.29746982731287525,0.9999999746450311,0.0,0.005356922740429738,0.1252378428567187,51.87768420887203,0.07828661752950136,80.76960693522118,0.08479307775078669,66.74875820083544,51.87768420887203,0.0254221520816722,54.11317769535171,-0.05857258241320727,45.86321861565281
2023-06-01,KZTO,735.0,53720.0,-1.9871411776177728,-0.04343951939929647,-0.04838709482310294,0.0,0.05126445578231294,0.619744075474755,59.190506925063566,0.13968730158730158,92.70552055239479,0.10080674603174603,69.46865712855274,59.190506925063566,0.07117874149659864,59.26774175890971,-0.002781349206349204,49.45573686937183
2023-06-02,KZTO,735.01,3680.0,-1.64129730715169,-2.7025868736847483,-0.5431703726281234,0.0,0.067545244266194,0.7951172842653459,61.70558472128709,0.1489323413211309,93.75568246679498,0.12997968015984238,74.08416995932328,61.70558472128709,0.10106421303953753,62.53452609080241,-0.018784486346476698,48.423049426855336
2023-06-05,KZTO,790.0,100470.0,5.730161362915476,0.604345385642966,0.9999999866631104,0.0,-0.011942761703837651,-0.06111069763685647,49.08344222017467,0.07910598251959015,80.9980558894564,0.04586720413903962,59.68406490182434,49.08344222017467,0.02316670685151702,53.85585977978862,-0.1040646574241511,42.96370494476333
2023-06-06,KZTO,808.0,284150.0,7.692308976069465,1.633388746454272,0.8247151518127563,0.0,-0.017102133427628476,-0.11668635820393897,48.25041922189963,0.03647380166588087,66.39894012373705,0.01853258290114726,54.45003797686957,48.25041922189963,-0.015884504164702187,49.37982658074318,-0.13477453245324533,41.032080305274285
2023-06-07,KZTO,830.0,182630.0,8.917355781246423,1.14117347760207,0.5791551443722179,0.0,-0.04731069994262767,-0.4420866450478172,43.407309454485464,-0.0536233409829795,28.018505077823708,-0.01971020749665328,46.98596732967927,43.407309454485464,-0.04674983266398929,45.84553610922913,-0.14120260087970932,40.63103031160436
2023-06-08,KZTO,840.0,256760.0,9.015887453868672,1.481852845347537,0.6829268209399169,0.0,-0.06964960317460317,-0.6827165841034559,39.90008554072893,-0.10074880952380952,14.266506305476694,-0.03519801587301582,43.982506591552344,39.90008554072893,-0.04376626984126984,46.185922768157305,-0.15328174603174607,39.88081533773043
2023-06-09,KZTO,846.79,130949.99999999999,8.43712870706643,0.6707941849585043,0.0976220214254019,0.0,-0.07968441962522513,-0.7908095037008406,38.35550890607558,-0.11152775435599273,12.050048829985133,-0.05129198131899415,40.90779153989749,38.35550890607558,-0.038323529315283475,46.80776511865841,-0.1670075970232682,39.03407394606327
2023-06-12,KZTO,854.97,219090.0,8.47923173050553,1.185460950065081,0.9999999642474092,0.0,-0.06823616347997732,-0.6674913107744681,40.11934679294228,-0.13204696282854816,8.64549122427682,-0.06867886999098273,37.66481114416167,40.11934679294228,-0.05488443099089529,44.91954038063538,-0.17633651296313937,38.46229239180779
2023-06-13,KZTO,840.0,3100.0,5.368789747668299,-3.201076497318498,-0.30131003051047833,0.0,-0.04952460317460317,-0.4659343422356901,43.05615028054687,-0.10564920634920637,13.219431540683136,-0.07743650793650796,36.07033582352742,43.05615028054687,-0.044482936507936506,46.10412652728706,-0.16597896825396827,39.09730795055561
2023-06-14,KZTO,788.09,29780.0,-1.5030587098134496,-0.8101820369217252,-0.9592375738962511,0.0,0.013615038956955698,0.21419252345413736,53.20847307502194,-0.05092888065016354,29.008807950797944,-0.015192208241263263,47.86723503366718,53.20847307502194,0.040215276727921814,55.794836871253636,-0.0806068608764167,44.45408396120963
2023-06-15,KZTO,758.0,20060.0,-5.591530945713883,-1.0675573266647642,-0.9999999787234047,0.0,0.06848138166436324,0.8052011582465327,61.848451015927296,-0.015019382669514594,43.84581305689509,0.040226913975792616,58.617933785246244,61.848451015927296,0.06466372973991708,58.54345408716656,-0.0524778144239226,46.25426000267366
2023-06-16,KZTO,755.0,5050.0,-5.979035164585664,-2.4468839382595156,-0.263157867036014,0.0,0.06615456743403768,0.7801372076746174,61.4929768029297,0.02068748817407758,59.78364621598312,0.04040503258698623,58.6517313020741,61.4929768029297,0.0438417717859771,56.20522107881807,-0.04279375591296121,46.87652052027693
2023-06-19,KZTO,744.75,16880.0,-7.338220810324829,-1.2401548497094583,0.1398896416783613,0.0,0.07975423440272383,0.9266299427865076,63.5521409381152,0.06498408382486931,76.76755302151903,0.07367003908310556,64.79010414964634,63.5521409381152,0.07222178103869945,59.383334236470745,-0.026172538723444994,47.94669672180371
2023-06-20,KZTO,753.89,33960.0,-6.161073237780181,-0.5411035368061808,0.6085713995918368,0.0,0.06371468960357363,0.7538553599244828,61.11890807998277,0.07652795883341158,80.2722215738773,0.0564901761224902,61.66667412677435,61.11890807998277,0.08517988661770583,60.810353999162615,-0.040995660723312954,46.99217207219372
2023-06-21,KZTO,750.43,27080.0,-6.63262875034447,-0.767490801543538,0.7343283308086395,0.0,0.06869706896088577,0.8075244961686471,61.88133866565634,0.09205201728786619,84.33452236837576,0.049387148278373386,60.34486784069326,61.88133866565634,0.06768382075229257,58.87968351723385,-0.04907108937436708,46.47304014390961
2023-06-22,KZTO,749.0,16210.0,-6.75551773264139,-1.2806557233254423,0.5555555349794246,0.0,0.06672324951787569,0.7862629307575707,61.57997097742326,0.12196428942293432,90.22714628577815,0.04869267912772589,60.21478475666755,61.57997097742326,0.0697578660436137,59.11011149790936,-0.04032709167779264,47.03518202150575
2023-06-23,KZTO,773.0,54730.0,-4.037325307915593,-0.008641510297473223,0.999999972222223,0.0,0.04717950214583461,0.5757418192143001,58.55125914324966,0.056108408796895215,73.79193967736445,0.038317637939177404,58.25515009999707,58.55125914324966,0.03778460492001889,55.5193281316693,-0.07718353148935295,44.67248632393848
2023-06-26,KZTO,795.51,19490.0,-1.381564050160681,-1.0232377371428525,0.4461743673003906,0.0,0.01850986254101145,0.2669185274342029,53.99524226857583,0.05309075660358047,72.72603790074517,0.010414291999561839,52.87090515783833,53.99524226857583,0.0034008974476391687,51.59354348546811,-0.10766019224863829,42.73631856181005
2023-06-27,KZTO,814.0,20110.0,0.5735250359175859,-0.779327220044775,0.8947367950138528,0.0,-0.007862193362193353,-0.0171556788444946,49.742667089454514,0.024733355758355793,61.5245312018677,-0.013562617487617548,48.1854531533753,49.742667089454514,-0.023367457392457457,48.52105737983823,-0.13227810732810735,41.18815850107197
2023-06-29,KZTO,821.96,26320.0,0.9719656190786303,-0.19133550859653853,0.9941986226106926,0.0,-0.012782266101080929,-0.07015366137808604,48.94785042050911,0.01116735918482106,55.59614781134936,-0.010423203230064878,48.79889452784113,48.94785042050911,-0.029040118045368952,47.87059775054214,-0.14441559943441423,40.43103371959925
2023-06-30,KZTO,842.85,66450.0,3.2302141338392105,0.8490033458625693,0.6511344071448071,0.0,-0.02349090839752882,-0.1855048904157981,47.220295712318176,-0.024626955101314445,39.63565398332625,-0.041188056254714014,42.831398098520864,47.220295712318176,-0.05593085810049239,44.8006626497089,-0.16801607280570174,38.97211458058779
2023-07-01,KZTO,819.0,216940.0,-0.18484815224529236,2.032173573708532,-0.6326530483132031,0.0,0.001865109890109913,0.08762477364553832,51.314068932008794,0.0002011599511600069,50.675979796924175,-0.014016666666666667,48.09677285729685,51.314068932008794,-0.028995970695970694,47.875657437276445,-0.14043073870573872,40.67912230357978
2023-07-03,KZTO,840.49,81630.0,2.4352700690433218,0.9405300583445074,0.8430759348835287,0.0,-0.038485288013209246,-0.34702117506193636,44.81340651199412,-0.03369658076439536,35.79629209179287,-0.04195313451412602,42.68490299072186,44.81340651199412,-0.05487684650884869,44.92040221752921,-0.16609886418768946,39.08993556862098
2023-07-04,KZTO,836.97,45270.0,1.6662484684586814,0.35097863827845044,0.7132352649822205,0.0,-0.035576265022299824,-0.3156857949071926,45.278819677408826,-0.037900250677472117,34.07353680635581,-0.037813800659635674,43.478958341109795,45.278819677408826,-0.025627404819652734,48.26184652851429,-0.16176167445268852,39.35694316138109
2023-07-05,KZTO,834.0,141190.0,0.893083014366176,1.4884395839010112,-0.09665762887725197,0.0,-0.0402979159529519,-0.3665464197053929,44.52385855077049,-0.060184906360625796,25.695328282132916,-0.037922085188991664,43.45814140925533,44.52385855077049,-0.024296134520954665,48.41452979078421,-0.1580800445357999,39.58409365223944
2023-07-10,KZTO,825.0,14850.0,-0.2315015607179144,-0.763662689975948,-0.5823095465411847,0.0,-0.03823340548340548,-0.3443079497452564,44.85367035569649,-0.0493124098124098,29.612742956687317,-0.013939285714285715,48.1118852905577,44.85367035569649,-0.0119299062049062,49.83384976896516,-0.1507480519480519,40.03779813999612
2023-07-11,KZTO,821.95,4140.0,-0.2566476816131402,-1.9267368676795908,-0.24837660321618169,0.0,-0.03645598607936803,-0.3251619639988461,45.13798264254406,-0.03120301704618425,36.83616682742987,-0.008745386962092708,49.12689993016485,45.13798264254406,-0.008060344544574181,50.27813707382898,-0.1475038353190294,40.23910213038846
2023-07-12,KZTO,814.98,11510.0,-0.7641297017365604,-0.8414447172498986,-0.28857140795918257,0.0,-0.013972482497379451,-0.08297442056801733,48.75564069411228,-0.026592089668575004,38.79100771601715,-0.0029480854043745265,50.26064662287223,48.75564069411228,0.0008005697189180094,51.295232149547466,-0.1406338708866943,40.66646412203726
2023-07-13,KZTO,808.0,1980.0,-0.5574225874499146,-2.4616820333440868,-0.9999998571428775,0.0,-0.009037576614804338,-0.029816658549082716,49.55276204998073,-0.0008568953323903816,50.19903813484646,0.010702078422127928,52.927001291257604,49.55276204998073,0.12616405390539054,65.19392547939148,-0.13575080150872237,40.9710921993612
2023-07-14,KZTO,786.51,12670.0,-3.189112490451265,-0.6055600969683397,-0.1836842056925214,0.0,0.015894600377435914,0.23874747675634708,53.57510078044647,0.022714116022500848,60.65906197237951,0.05392398947792873,61.19100597712642,53.57510078044647,0.07657784425590809,59.86494877065142,-0.10892386224314649,42.656474721319924
2023-07-17,KZTO,786.99,4760.0,-3.186477693666942,-1.4397188950791533,-0.4405762128620958,0.0,0.01154915231572494,0.19193922966379337,52.875910633271474,0.010640806230368983,55.36162321135074,0.04942327994426021,60.3516317855992,52.875910633271474,0.06965574086074791,59.09877458977638,-0.11133561564284414,42.50419679762118
2023-07-18,KZTO,798.99,3660.0,-1.854032584214891,-1.688209645283415,0.5757575497169845,0.0,-0.006438539459639245,-0.001820380228868586,49.97269429928153,-0.007094637113284081,47.38937960526878,0.018471273449992498,54.438141785777475,49.97269429928153,0.05227970431717655,57.156708975347016,-0.13241081482931727,41.17985704647717
2023-07-19,KZTO,796.0,5490.0,-2.2569234406008767,-1.2827482859069677,0.04306219801352001,0.0,0.00864421113504029,0.1606478179051443,52.407853320953244,0.01865569514237857,58.899693999176094,0.021043349684932634,54.93676361157582,52.407853320953244,0.057120176278216486,57.70020329402089,-0.12844546143415492,41.42812241379167
2023-07-20,KZTO,810.0,4850.0,-0.6998782298949574,-1.4066969398659068,0.47368418559556913,0.0,-0.010374647266313935,-0.04421930070410606,49.336749395525494,0.0028573633156966484,51.872587513442085,-0.005336948853615494,49.793435597252824,49.336749395525494,0.034439638447971786,55.139635052978775,-0.14117358906525573,40.632837610477836
2023-07-21,KZTO,807.01,5040.0,-1.3877947264261103,-1.2645918777186618,-0.9971262935163397,0.0,0.02061024755697251,0.2895434304178303,54.33226102826802,0.0058694337740547945,53.22684378924841,-0.010420759016774235,48.79937229199116,54.33226102826802,0.03211459641439504,54.875359305579885,-0.1409213338016503,40.648552989457045
2023-07-24,KZTO,798.0,10430.0,-2.7684249207695975,-0.3980861759583378,0.6271186334386673,0.0,0.034022284878863863,0.43401505867391754,56.47368390565768,0.030447953216374314,63.93313045384074,-0.0009948830409356735,50.64262144503361,56.47368390565768,0.02442360066833757,53.99928178087854,-0.14444778613199666,40.42903181874435
2023-07-25,KZTO,795.98,4270.0,-3.159880407052915,-1.170145936194367,0.6508210327726034,0.0,0.021167581342276663,0.29554691203009775,54.4216231531501,0.026791725992557053,62.39932510079515,0.01599925665157892,53.958076236528804,54.4216231531501,0.042123889080327034,56.01092302579966,-0.1317473326680857,41.22136586613409
2023-07-26,KZTO,813.49,128550.00000000001,-1.4687451478935905,2.363936642468425,0.9999999630723795,0.0,-0.004955147983790018,0.014158398886765169,50.212374706122354,0.003419317219731473,52.12551640419818,-0.009882876395588918,48.90451601981013,50.212374706122354,0.02122296272166154,53.63393756772125,-0.14858934142174407,40.171709368692824
2023-07-27,KZTO,815.0,32880.0,-1.1421772584345504,1.0004837871543792,0.03194578793334046,0.0,0.00849467328853832,0.15903702786247223,52.38374694502485,-0.0009174091927159297,50.171758263063396,-0.014319953257376611,48.037544630715736,52.38374694502485,0.007293709221930109,52.03991071444483,-0.15521473122991528,39.76119084582753
2023-07-28,KZTO,814.43,135850.0,-1.1967330109478063,2.419169570971759,0.8836733792169914,0.0,0.023242758919520903,0.3179002858173636,54.754099456430616,-0.00019245773019941313,50.49855771371621,-0.017202729457879623,47.47487190890707,54.754099456430616,0.02125567648442027,53.63767379727692,-0.14212349019929987,40.57367646960736
2023-07-31,KZTO,824.96,84110.0,0.247501050868676,1.9397434995142742,0.322993920330618,0.0,0.0027604624601327045,0.09726932208735728,51.45862583899198,-0.016634302153755262,43.13015374717649,-0.03234629711724364,44.53288420672526,51.45862583899198,0.011631102306451369,52.53686911635192,-0.1644659847673231,39.1903837375734
2023-08-01,KZTO,819.97,21420.0,-0.2117352342558159,0.5719446889589208,0.04099141649272134,0.0,0.0016624188631755646,0.08544142878962241,51.28134082135607,0.0027883390236305254,51.84151360426515,-0.015434054565681964,47.820022644918005,51.28134082135607,0.012691143433238253,52.65825112490107,-0.15005495005527697,40.08077719533765
2023-08-02,KZTO,819.0,1120.0,-0.41821494453246016,-2.379019415168485,0.0,0.0,0.02118745421245421,0.29576097838286475,54.424809019396136,0.005491239316239327,53.05702337736481,-0.015471794871794873,47.81265546426281,54.424809019396136,0.008631562881562888,52.19324344369832,-0.1521107142857143,39.95334456695366
2023-08-03,KZTO,816.99,51700.0,-0.3971777194171195,1.5502910869110595,0.40973626676103503,0.0,0.006614163750911433,0.13878057700928106,52.08050667424665,0.005212480772918476,52.93180705075863,0.013908803861328362,53.55153290147939,52.08050667424665,0.00903796488154246,52.23981352803991,-0.1544089763732027,39.81104091491643
2023-08-04,KZTO,817.01,2960.0,-0.22931550633855208,-1.309966613090847,-0.3266665577778201,0.0,-0.016673982395739143,-0.11207440587842507,48.31951710396185,0.010079662345062718,55.1114292303337,0.015513047425348732,53.86356509333156,48.31951710396185,0.017416828585960865,53.198972469956175,-0.15464454654923493,39.796464576894
2023-08-07,KZTO,814.0,3510.0,-0.11566921623656691,-0.8188086442161747,-0.11234703978342049,0.0,-0.0006396484146484367,0.060644047153989515,50.90956035680803,0.028554524004524004,63.14215046256986,0.004139820014820016,51.64630812393509,50.90956035680803,0.014606691431691438,52.877513917472506,-0.15168312273312273,39.979838956039174
2023-08-08,KZTO,825.0,27490.0,1.2698518380674488,1.6527370804419472,0.9999999500000024,0.0,0.009981998556998557,0.1750581809597834,52.62346124980076,0.011123593073593094,55.57666391066941,-0.013093037518037517,48.27717878553938,52.62346124980076,0.005253463203463191,51.80600306057337,-0.15754736652236653,39.61699651047245
2023-08-09,KZTO,826.24,197730.0,1.3650009487904844,3.212470122565887,-0.04470588103806179,0.0,-0.012136611830376365,-0.06319881018430554,49.052131420675,-0.004888274747027674,48.38221832094028,0.0005323512596363007,50.94124252348091,49.052131420675,0.00871165978139253,52.20242214612345,-0.15161860099836474,39.98383735543725
2023-08-10,KZTO,823.99,14600.0,0.7215784564313297,0.6065904135282976,0.17727582633293656,0.0,-0.009377306041046508,-0.033476152047180976,49.49787460042516,-0.003418716583669413,49.044261221475594,0.017179145965517707,54.1873078435676,49.49787460042516,0.009203866537330824,52.258823279804524,-0.14084635897684844,40.65322425348061
2023-08-11,KZTO,828.0,77490.0,1.1943098582344642,1.9034606846105988,-0.0566465235405391,0.0,-0.011834610075914433,-0.05994571118404436,49.100911256095756,-0.016548378191856426,43.168161915149994,0.00506176673567978,51.8264050633161,49.100911256095756,0.0007346273291925151,51.28766590480266,-0.1507603864734299,40.03703341812102
2023-08-14,KZTO,840.0,21970.0,2.483393935356037,0.5627485552223203,0.9999999486389343,0.0,-0.029826587301587302,-0.2537514830406979,46.20106330579452,-0.039105158730158726,33.587166476492094,-0.016639682539682538,47.58472395473891,46.20106330579452,-0.019633730158730163,48.94947517038818,-0.1712603174603175,38.773034884140436
2023-08-15,KZTO,836.98,235260.0,2.0251185361329522,2.5697619853461107,0.38023585277609423,0.0,-0.02917115824011278,-0.24669133986893474,46.30637089412072,-0.03743185932644464,34.263522681332304,0.0048854803949346,51.791972075331024,46.30637089412072,-0.009583647472944178,50.103238989767085,-0.15778857348813025,39.60209629004303
2023-08-16,KZTO,825.01,23870.0,0.10994319266516336,0.09554039709083488,-0.5922953134138454,0.0,-0.010625586366148892,-0.04692236359277692,49.29621103163265,-0.009482574299724687,46.31717954135545,0.0027053860867102646,51.36601645538228,49.29621103163265,0.0008689662924720662,51.30307992518269,-0.15655233615253922,39.67848345812375
2023-08-17,KZTO,823.97,11380.0,-0.03591986877473579,-0.7001500627288215,0.7358973415516283,0.0,-0.011188136670294113,-0.05298203644226734,49.205336373155966,-0.011878490283492015,45.24480981343708,-0.019073526915084578,47.11005537959228,49.205336373155966,0.005880134187733345,51.877857775736715,-0.1444429003280864,40.42933569673633
2023-08-18,KZTO,817.1,2550.0,-0.8766396091629224,-2.1958975097844355,-0.5959595357616622,0.0,-0.004520792028719484,0.01883718933192318,50.282554832135084,-0.006102829548169843,47.83547376845089,0.0015846371604570832,51.14695885116206,50.282554832135084,0.015981448619100044,53.034807284725424,-0.13711953870929516,40.88563315782602
2023-08-21,KZTO,810.0,13170.0,-1.74548347810981,-0.5540666171290693,0.49999998750000035,0.0,0.004400881834215168,0.1149395724981356,51.72341059684111,-0.0009491181657848326,50.15746369900671,0.03517398589065256,57.655887168060985,51.72341059684111,0.024009964726631333,53.952089686007845,-0.13162649911816576,41.22892680953665
2023-08-22,KZTO,808.5,3240.0,-1.9367762342941786,-1.9564220941185966,0.143241416056394,0.0,0.03227097505668938,0.4151503198189599,56.19525534485504,-0.00154028035456608,49.890962623131905,0.016112554112554113,53.98009535193842,56.19525534485504,0.02004149144506282,53.49897505075507,-0.1355263708513709,40.985110064477844
2023-08-23,KZTO,820.0,49260.0,-0.5496677655166199,0.765101228394954,0.5384615177514801,0.0,0.015174583817266742,0.2309916107143401,53.45933852200939,-0.0046404374758033185,48.493836735471355,0.0016703252032520335,51.16370879379269,53.45933852200939,0.01127751645373596,52.49637436159653,-0.14732546457607434,40.250179667849714
2023-08-24,KZTO,817.0,15900.0,-1.0554171668032508,-0.3656898083357108,-0.005025124365542049,0.0,0.02026747051737872,0.28585110867353525,54.27728674406782,-0.002183152649064522,49.601157712992226,0.007869063647490812,52.3744824818768,54.27728674406782,0.016990301820442644,53.15019744228769,-0.13370811379223252,41.0987316274127
2023-08-25,KZTO,814.91,14950.0,-1.3342100278992737,-0.3723694852491486,0.5107691521893514,0.0,0.02301393806658564,0.31543547600442445,54.717458989634046,0.027383517319957272,62.64937068029182,0.006797831516305378,52.16540273434298,54.717458989634046,0.018018207259424733,53.26773210061121,-0.13708536700810078,40.88776604829728
2023-08-28,KZTO,812.0,131020.00000000001,-1.8765708641439536,1.948965780251588,0.0,0.0,0.026806746031746043,0.35629080090685383,55.324101695240735,0.03272546524356873,64.87460766666773,0.007452599890530856,52.293207867727446,55.324101695240735,0.01818790366721401,53.287132387729756,-0.14255373563218388,40.54688918718208
2023-08-29,KZTO,810.01,29570.0,-1.8828289514235645,0.46037722832830585,0.34543008431249356,0.0,0.14548199660674385,1.6346354902915448,72.7263214672489,0.020031853423130394,59.49907035038326,0.014208159300600456,53.609780652725746,72.7263214672489,0.023290301226929808,53.869965791436854,-0.13929751873531637,40.749761577014254
2023-08-31,KZTO,818.99,370320.0,-0.7510596056930555,2.9733531083266436,-0.05049999873749958,0.0,0.05446693372518256,0.6542404902815797,59.68950359853833,0.005147021481356139,52.90239779965407,0.001090876223463006,51.05043561230948,59.68950359853833,0.009221490523461232,52.260842676399996,-0.1442117083430482,40.443715777243106
2023-09-01,KZTO,818.0,5530.0,-0.6587992692036321,-1.4218131723913512,-0.31004362299219373,0.0,0.04978389218768194,0.603795757697269,58.95916295873291,0.021657156440408276,60.20331662641092,0.0005104028408429388,50.936951360068406,58.95916295873291,0.015091076764854286,52.93294173192926,-0.14025050064035394,40.690354874897174
2023-09-04,KZTO,840.0,664620.0,1.9830216691271971,3.5582001761407924,0.1091314006874962,0.0,0.02112539682539678,0.2950925093398454,54.41486033479514,0.008419841269841221,54.36990623525587,-0.026051984126984125,45.75224588189412,54.41486033479514,-0.016985317460317464,49.25345836901949,-0.16884246031746028,38.921368983561756
2023-09-05,KZTO,841.34,6290.0,1.445690499859012,-1.2930377852949753,-0.02461538272188874,0.0,0.020165165556004543,0.2847491012757271,54.2608771381632,-0.00020583719244549785,50.492526712091355,-0.0026761766848877842,50.31382484399175,54.2608771381632,-0.017446289922613975,49.20054362949213,-0.171782054053228,38.74105383093301
2023-09-06,KZTO,829.0,293590.0,-0.05035314783493243,2.550170490504317,0.00038476335572249117,0.0,0.03206337335094875,0.4129140781699647,56.1622239570345,0.00749891387596454,53.95762452772013,0.010072674574453825,52.80430673264706,56.1622239570345,0.00733965094682823,52.04517679475131,-0.1616165460394049,39.3658887083687
2023-09-07,KZTO,826.0,193330.0,-0.41198815192989613,2.1323844851981235,0.3079584419886424,0.0,0.029736770244821065,0.3878524017832385,55.7916724379963,0.029340429109496906,63.471348734282465,0.015067198009147163,53.77687480357537,55.7916724379963,0.001807008340059188,51.41070357425354,-0.16271972693032016,39.29790784879745
2023-09-08,KZTO,838.5,84170.0,1.096908770161067,1.3008252140315129,0.4347825897920613,0.0,-0.004758150893034555,0.01628040986690912,50.24420420620419,-0.0027493319987506037,49.34594730488201,-0.00020090581253372035,50.797875379629055,50.24420420620419,-0.00888763310333076,50.18315247762432,-0.17841031958997075,38.33561178929224
2023-09-11,KZTO,849.92,122220.0,2.427384804961073,1.5204070646333263,0.9893261514792373,0.0,-0.004346030550774475,0.0207196829955775,50.31079124221449,-0.038563094939280874,33.805551600619225,-0.013781925021514572,48.14261876083258,50.31079124221449,-0.025130355349971295,48.31884944068969,-0.19344314310814684,37.42213904025184
2023-09-12,KZTO,844.0,12580.0,1.5751167406038789,-0.7532992762109804,-0.5555555246913597,0.0,0.005119327841721227,0.12267852087915966,51.83934742173283,-0.019913584217257224,41.686016166871966,0.10464293613179869,70.10144398286033,51.83934742173283,-0.01906159256751668,49.01513896837723,-0.19033993643270897,37.6099973318286
2023-09-13,KZTO,838.0,6120.0,0.8548805053339513,-1.4738358735628205,-0.6258308997311525,0.0,0.0008318909345759185,0.076495157669343,51.14722598201059,0.010978936053339395,55.5122529861863,0.03618214285714283,57.84832279608392,51.14722598201059,-0.01637531821797931,49.3234823506266,-0.17144233246202217,38.7618767525722
2023-09-14,KZTO,853.0,346560.0,2.743710880706469,2.8580854175688932,0.999999956521741,0.0,-0.004483481270585607,0.019239092924174007,50.28858318936093,-0.026787135041589905,38.70753130762952,0.011969862204358124,53.17403132825497,50.28858318936093,-0.03435250748990486,47.262098674109765,-0.18814073856975377,37.7433561822223
2023-09-15,KZTO,839.0,3730.0,0.648341710582435,-1.8074707255262892,-0.9999999285714337,0.0,0.01633855733393874,0.24352968715751344,53.64645982889829,-0.010492640520650055,45.86461815223172,0.02843676618044908,56.36419951320241,53.64645982889829,-0.01622916122746278,49.34026063568788,-0.16873217833021173,38.92813963375204
2023-09-18,KZTO,819.99,210920.0,-1.638601748110248,2.2275686795068625,-0.8514138598608268,0.0,0.035004703323908135,0.4445974622997034,56.62969434767403,0.014966106076206482,57.28009467430142,0.05329859188178253,61.07475457200805,56.62969434767403,0.0051371840336032,51.7926695453999,-0.14355407457059582,40.48462938980665
2023-09-19,KZTO,830.02,274510.0,-0.3037148559517521,1.9408384358759192,-0.35354837569198905,0.0,0.017011546097760923,0.25077897972760976,53.75460354608783,-0.0009835629319316242,50.14193579662106,0.0368032850040332,57.96676738210412,53.75460354608783,-0.005054148341424473,50.62326956178469,-0.15915303566982322,39.5178449738536
2023-09-20,KZTO,850.0,58280.0,2.1133065536246525,-0.13517052598186638,0.9999999595469271,0.0,-0.00945753968253973,-0.034340411857174284,49.48491204475217,-0.02742959850606916,38.43303796429922,0.006119257703081206,52.03292108553297,49.48491204475217,-0.03041640989729225,47.71288465215281,-0.18219733893557422,38.10468706198931
2023-09-21,KZTO,833.0,18760.0,0.025246631510278155,-1.3341112562445014,-0.7085426779626814,0.0,0.01940290782979858,0.2765382223307356,54.13858294484849,-0.003391666666666667,49.0564511930226,0.00795577230892363,52.391402466285896,54.13858294484849,-0.006860514205682282,50.41589106156881,-0.1660210250766974,39.094721826506905
2023-09-22,KZTO,833.0,2480.0,-0.0013427895313862645,-3.257299363118523,-0.23711337150599854,0.0,0.012841139789249032,0.2058562453644455,53.08392407252922,-0.005209947312258226,48.23737095383993,0.022300913698812853,55.180200397526605,53.08392407252922,-0.009040136054421763,50.1656427861228,-0.16112386954781913,39.396262031708126
2023-09-25,KZTO,835.01,20210.0,0.22920217241898985,-1.2596612995258334,0.27681157414408514,0.0,0.015045071154931523,0.2295965277184995,53.438511845164385,-0.009391594811239775,46.35797393706188,0.022192182552513894,55.15916206586574,53.438511845164385,-0.01151354281851586,49.88165490061954,-0.16678277242378808,39.04789169235972
2023-09-26,KZTO,832.0,22100.0,-0.14513675710620014,-1.170261817111585,-0.5971802016938347,0.0,0.023788278388278388,0.3237765061115132,54.8414311651078,-0.005782417582417583,47.97966558783615,0.014235752442002465,53.615149156377214,54.8414311651078,-0.01304023199023199,49.70636845124617,-0.1597550518925519,39.48069208918637
2023-09-27,KZTO,829.56,26070.0,-0.5575996096920521,-0.5216962654151237,-0.01843317759987363,0.0,0.024495154976017185,0.3313908311507109,54.954549969909905,0.022451966676540057,60.54619660635729,0.03025428196014417,56.7135886400847,54.954549969909905,-0.01689434025840426,49.26390178628695,-0.1433306122120963,40.49853474913514
2023-09-28,KZTO,833.0,7620.0,-0.17117062835810093,-1.7110365154083746,0.02642558926108528,0.0,0.01681828731492594,0.24869723700941831,53.72355203169753,0.015916810057356276,57.69906228457691,0.02985947045484861,56.63774777689461,53.72355203169753,-0.021232372949179634,48.766020081263974,-0.15349996998799517,39.86730427690141
2023-09-29,KZTO,831.49,11420.0,-0.6376691646831869,-0.746217557129416,0.23076920466412507,0.0,0.013169690412334921,0.2093953231602025,53.13680480441705,0.01903227361304156,59.063980912115255,0.026488726076366646,55.9890173069631,53.13680480441705,0.0009912255003305323,51.31710770198532,-0.147795945121084,40.22096309369875
2023-10-02,KZTO,830.0,4480.0,-0.8178676436366349,-1.6819445216391924,0.11560043595954292,0.0,0.021433859246509805,0.29841520127429705,54.46430776993542,0.020936068081851215,59.89137044849065,0.023117479441575835,55.33813751465143,54.46430776993542,-0.003130565117613296,50.844081367878815,-0.15309351692484222,39.89247054329855
2023-10-03,KZTO,830.0,103880.0,-0.6714798934824462,1.5913568550369284,-0.32735418669189187,0.0,0.01693043602983361,0.24990527923750647,53.741571682121815,0.02097759131765157,59.90935561731434,0.020966375023905096,54.92185520702729,53.741571682121815,-0.0012350975329890948,51.06163355634934,-0.15610685599541024,39.706022060535176
2023-10-04,KZTO,850.96,434990.0,1.8782553858148452,2.893730227216686,0.997831951278269,0.0,-0.005040956395092942,0.013234088835915026,50.198510289520456,0.1062377198637281,87.42569837219293,0.0035294417061738238,51.52705044151226,50.198510289520456,-0.02746678414369733,48.05094227495258,-0.17726333783991488,38.405656893089414
2023-10-05,KZTO,849.0,182140.0,1.1096191036441165,2.0231828432102503,0.7900629258178493,0.0,-0.0015012030960794218,0.05136356241698192,50.77039246337872,0.03327314066969541,65.09932242026674,-0.000607469572045544,50.718377826833674,50.77039246337872,-0.028479848841774638,47.9348128899464,-0.18197249284872963,38.118382823126495
2023-10-06,KZTO,850.0,68780.0,0.9614065374353729,1.049321129958795,0.9999998502994236,0.0,-0.003942600373482786,0.02506534750590807,50.37597312621769,0.02623148926237164,62.16200134966019,0.0027492530345471465,51.37458952092463,50.37597312621769,-0.027282913165266105,48.072022023132405,-0.17718538748832868,38.41041899768499
2023-10-09,KZTO,850.0,69030.0,0.9092421931115838,1.052949333329575,0.9999999375000038,0.0,-0.009680205415499587,-0.03673892002006457,49.44893851334655,0.025519491129785198,61.85954818122398,0.0075677404295051345,52.315679250248714,49.44893851334655,-0.031967366946778715,47.5352109826619,-0.17169453781512606,38.746417664987234
2023-10-10,KZTO,849.99,45660.0,0.9333340562739714,0.6396315523044596,0.9981817274380265,0.0,-0.0038300486868473073,0.026277730460185698,50.3941577917319,0.026152983746587498,62.128698494911205,0.005209722061155889,51.85530298100246,50.3941577917319,-0.03169244439290318,47.5667009862698,-0.18058245941548892,38.20309402935468
2023-10-11,KZTO,944.0,670150.0,12.073419584452674,2.92773714787896,0.943661967400648,0.0,-0.10337886736615545,-1.0460410813951262,34.804933637982984,-0.07955412294861448,19.60546233910099,-0.09926086898036053,32.23377158704059,34.804933637982984,-0.13511247645951033,36.06870728920177,-0.2742080912025827,32.679389599141814
2023-10-12,KZTO,879.9,300320.0,1.2878646288494822,1.7541798897531728,-0.6264150825204711,0.0,-0.03825355343410233,-0.3445249792071747,44.85044942312973,-0.018060517293631853,42.500486625874636,-0.0379024377770201,43.4619183135704,44.85044942312973,-0.06545175682842747,43.72194818857937,-0.20627329620790236,36.649511586463696
2023-10-13,KZTO,874.98,42270.0,0.32047510222215614,-0.20658845465266978,-0.1153203278373038,0.0,-0.03612594687878582,-0.32160685156125823,45.190810547508946,-0.03060570396711105,37.087130222176725,-0.026351562158155515,45.69408302283004,45.190810547508946,-0.06050541645033521,44.28169187830125,-0.20546820866109594,36.69779704577275
2023-10-16,KZTO,874.42,17590.0,0.24546600223455772,-1.0833312299344724,-0.056569340484981044,0.0,-0.03320085117645323,-0.290098339559796,45.659477942661944,-0.01633468871701982,43.26272151761548,-0.0300021140271483,44.98632066604364,45.659477942661944,-0.06209825723028012,44.10127529764926,-0.20698817206906855,36.60665906981265
2023-10-17,KZTO,874.99,94380.0,-0.22090387982402943,0.7639338771824413,0.9999999522445103,0.0,-0.03610821166300859,-0.32141581156939747,45.19364965244915,-0.014715527569748178,43.98076390664297,-0.027172458193173012,45.534767262143056,45.19364965244915,-0.06154597538257581,44.1638133128379,-0.20445929333069926,36.758344868691516
2023-10-18,KZTO,872.0,17470.0,-1.2116762432856127,-0.9229049431315056,0.599733115428078,0.0,-0.02844588976263287,-0.2388789012848793,46.422937935849596,-0.0225118101063055,40.551721452431835,-0.022589788117081698,46.42522911152122,46.422937935849596,-0.05928942405708461,44.41952579412985,-0.20310636740934906,36.839603296337806
2023-10-19,KZTO,866.9,23890.0,-1.8779079774549063,-0.35788674486792105,-0.15753422859199567,0.0,-0.026925665388622455,-0.2225033659835129,46.66739772957228,-0.004330245519979028,48.633558857875165,-0.01794342516758312,47.33039746557137,46.66739772957228,-0.06268505681620515,44.03484914854457,-0.1974920445868969,37.17760097086427
2023-10-20,KZTO,851.07,263790.0,-3.6973982196008683,2.0438025084066083,-0.9999999468932582,0.0,-0.007353627730246571,-0.01167751746162153,49.82483795465118,0.018048646717549334,58.634444954420154,-0.005116019777904343,49.83664437188065,49.82483795465118,-0.046833225401973023,45.83602747459819,-0.1857170883067646,37.89054090583111
2023-10-23,KZTO,863.0,24200.0,-1.959096900146916,-0.5970389760703161,0.29109774488816376,0.0,-0.012190449061045862,-0.06377873344196941,49.043435726786605,-0.0011725054718681447,50.05675898529416,-0.01326468253968254,48.24364904261106,49.043435726786605,-0.06636869723555705,43.61835534569547,-0.19542340580109993,37.30245765350032
2023-10-24,KZTO,864.98,24340.0,-1.7569783727719293,-0.5912705468481758,0.9999999331997373,0.0,-0.02342824658391957,-0.1848299106178496,47.230389230351946,-0.00850039527476001,46.75782929706046,-0.013825482367332427,48.1341116129413,47.230389230351946,-0.07998686670248731,42.08684352937519,-0.19414536973421173,37.37968078567475
2023-10-26,KZTO,855.23,12860.0,-2.895843173324429,-1.2292654529294766,-0.42205879249566863,0.0,-0.0073390557288125855,-0.011520550945380053,49.827192423885435,0.000752865343565729,50.92462981917709,-0.004050438979656288,50.04505036023308,49.827192423885435,-0.039993281395202585,46.61687861108359,-0.19135769390170543,37.54834412918774
2023-10-27,KZTO,866.0,266040.0,-1.7194087916253102,1.800250513921021,0.6234703287270057,0.0,-0.022251105245793493,-0.17214999318807606,47.420043452788185,-0.0038067322849078046,48.86941621792536,-0.020008168371274608,46.92790792451051,47.420043452788185,-0.06825920579933281,43.40494871708179,-0.19822124436379632,37.13362938639108
2023-10-30,KZTO,869.25,64849.99999999999,-1.1971511334146367,0.12517314784795877,0.0705834324527371,0.0,-0.02699050460851577,-0.22320180034124856,46.6569679018867,-0.013838182888916278,44.37091096618125,-0.02140163078461179,46.656496593000725,46.6569679018867,-0.08525521214237786,41.49825541585193,-0.20276925065395732,36.85986260202627
2023-10-31,KZTO,864.86,46100.0,-1.6907569728721987,-0.37111373785944674,0.39558820620674856,0.0,-0.026445014855143098,-0.21732590013493686,46.74472264729938,-0.004298210738943364,48.64798978201527,-0.01865591454567013,47.19146687587166,46.74472264729938,-0.05522959069620959,44.88032256421892,-0.20077651118136747,36.979712388898335
2023-11-01,KZTO,860.49,1800.0,-2.1689329127993044,-3.257299363118523,0.10040159634522089,0.0,-0.02140617160820326,-0.16304854681857062,47.55622051067272,0.0055759981439146705,53.095088874907326,-0.009271891721162195,49.0239612329198,47.55622051067272,-0.06061655219700404,44.26909889176416,-0.19649934601215585,37.23749596316922
2023-11-02,KZTO,858.67,183640.0,-2.5879560260556227,1.1970431706325166,-0.17428570598639884,0.0,-0.018030367261403293,-0.12668509666173852,48.100637954349054,0.005379711513061684,53.00693042277253,-0.01152291836618494,48.58395959491697,48.100637954349054,-0.07940605005415349,42.15187440448778,-0.19556926343823344,37.2936485633967
2023-11-03,KZTO,865.5,7740.0,-2.2297597058803973,-1.9695173333155684,0.45972911904996006,0.0,-0.02820548265522268,-0.2362892867902047,46.46158548299648,-0.0058703522599103455,47.94008976372082,-0.01834363084922004,47.25235484827899,46.46158548299648,-0.08116088965915656,41.95547861289557,-0.2041022103931116,36.779784433672155
2023-11-06,KZTO,860.0,8630.0,-3.165243056141267,-1.6707742273651514,-0.06716417283916536,0.0,-0.01954553340716126,-0.14300614579861076,47.856222907639925,-0.0048841454411221955,48.384077906362734,-0.0028203396087117423,50.28563043415826,47.856222907639925,-0.0575281561461794,44.619319052719256,-0.17998163528977484,38.23973160577208
2023-11-07,KZTO,863.88,11350.0,-2.8474626960513243,-1.3541689791443208,0.9966100850330468,0.0,-0.025081897728300002,-0.20264269085864398,46.964098708966276,-0.0032434668505546774,49.12323899021981,-0.016331018582827858,47.64495515333023,46.964098708966276,-0.07343022923157316,42.82249733887121,-0.18361600751427118,38.0183172266663
2023-11-08,KZTO,868.0,139270.0,-2.5087893782094337,1.4307045295350889,0.5897435595003303,0.0,-0.026996646185355883,-0.22326795610750955,46.65598000279075,-0.012328878648233498,45.04368549570779,-0.01642290066564259,47.62702500199454,46.65598000279075,-0.07332460317460317,42.83437549093651,-0.19201168714797745,37.50874813269836
2023-11-09,KZTO,866.0,3530.0,-2.6709743465512115,-2.2443815448719,0.5955510014609701,0.0,-0.026845031892664687,-0.2216347990258304,46.68036857984803,-0.006566981011034129,47.62666087892931,-0.01649197826166651,47.6135453906649,46.68036857984803,-0.07118507185014111,43.07515191899229,-0.1872757304153378,37.79586108472389
2023-11-10,KZTO,863.15,167940.0,-0.3663864154043632,1.934363014098104,-0.567505655891805,0.0,-0.023613183968097688,-0.1868220169903859,47.200600310073284,-0.002098965054171249,49.63910812209345,-0.014264462967407045,48.04838081017112,47.200600310073284,-0.07468436087733285,42.681527851242215,-0.19022255031634774,37.61711087614378
2023-11-13,KZTO,858.51,3860.0,-0.5296522027957737,-1.8385583497663989,-0.854285592244918,0.0,-0.023369160688701512,-0.18419344985620317,47.23990694956035,0.002091312023988358,51.527644652185664,-0.013425004867236747,48.21233254249889,47.23990694956035,-0.06689361223015951,43.5590772134311,-0.18664567148731104,37.834122897312675
2023-11-14,KZTO,863.79,9750.0,0.1257703259432725,-0.9026555724677996,0.9252334719189605,0.0,-0.036104838463824104,-0.3213794761814979,45.19418964752989,-0.009679260639297811,46.22900404981339,-0.019555743804021936,47.01606869730114,45.19418964752989,-0.07881820560718292,42.217719873281084,-0.19122874351074082,37.55615339321242
2023-11-15,KZTO,860.01,169230.0,-0.29596038029004096,1.9513292079568203,-0.9985713572449044,0.0,-0.03196347855312863,-0.2767696234698529,45.857969838328216,0.00046003709259195705,50.792658951109274,-0.013938690663065368,48.1120015048899,45.857969838328216,-0.06991264269629201,43.218503465832825,-0.1916250928006928,37.53215245728948
2023-11-16,KZTO,863.0,3000.0,0.17920407201185648,-2.08129363077787,0.23921566751249312,0.0,-0.015819010833379315,-0.10286483310716793,48.45751711069983,-0.0013385449428901866,49.98190677255005,-0.019704554985377685,46.987068833646724,48.45751711069983,-0.07566052943773109,42.57188464986664,-0.19600447267744486,37.2673690607614
2023-11-17,KZTO,864.0,4059.9999999999995,0.30984931624627066,-1.7787294045513937,0.4248554299341804,0.0,-0.0227959656084656,-0.17801911373093038,47.33224910709195,-0.004157804232804233,48.71124227614103,-0.0185643518518518,47.20931858890503,47.33224910709195,-0.0788994047619048,42.20862296377032,-0.19622645502645497,37.25396786166545
2023-11-20,KZTO,862.93,22360.0,0.19566237170286896,0.18788195353859055,0.3207126591633872,0.0,-0.019798811510396693,-0.14573440393701537,47.81537570897087,-0.006403345173761024,47.700268428541506,-0.018414284238140982,47.23857837800182,47.81537570897087,-0.07539163748866674,42.602079338206366,-0.19580891190846833,37.279176795324766
2023-11-21,KZTO,858.05,11170.0,-0.6382983333033041,-0.45523338672054314,-0.10859727278313053,0.0,-0.014827220728432731,-0.09218147994380954,48.61763018040341,0.0015469657344126253,51.28244222692657,-0.009960187782744706,48.889402796715885,48.61763018040341,-0.07568855828969895,42.568737523921655,-0.19504986130419374,37.32502176115351
2023-11-22,KZTO,863.0,14080.0,-0.060311864280680985,0.15113608737187964,0.5548097813411885,0.0,-0.02390406021813901,-0.18995527441100934,47.15375125334448,-0.006575848829296106,47.62267220098051,-0.017888574831245747,47.341094650205015,47.15375125334448,-0.07542124188416192,42.59875470061655,-0.19808101721569277,37.14208359209419
2023-11-23,KZTO,864.44,2730.0,0.11076230970714171,-1.4893006513638787,0.7539148201533059,0.0,-0.023232304940238462,-0.1827192686902747,47.26195282094568,-0.003966915658031346,48.79724329530524,-0.0196127953650883,47.004950425974634,47.26195282094568,-0.0770106630735524,42.42035823627654,-0.201953498512295,36.90890505953113
2023-11-24,KZTO,863.0,3340.0,-0.06703357126255964,-1.2152738002563,0.0,0.0,-0.026189017638727947,-0.21456835228468177,46.785912746529576,-0.006681801210248486,47.575017977070395,-0.023090641725983557,46.32778651707929,46.785912746529576,-0.0763590345601353,42.49347333941282,-0.19573748873438906,37.28348962284307
2023-11-27,KZTO,860.0,7220.0,-0.32954208765085147,-0.37070162142765617,-0.13043475425331857,0.0,-0.022470588778146863,-0.17451422335933667,47.38467572091617,-0.0021315799187891574,49.62440581574081,-0.026334339239571788,45.6974265235515,47.38467572091617,-0.06542263750461422,43.72523889408481,-0.18660179955703213,37.83678768832853
2023-11-28,KZTO,861.99,3320.0,-0.03737029832813846,-1.0181432577834588,0.6285713002915826,0.0,-0.02817532242667712,-0.2359644071897401,46.466434304741085,0.004700230543498685,52.70161284537266,-0.028765556458781122,45.22584952428952,46.466434304741085,-0.06487644662489178,43.78697282859876,-0.18643053361021203,37.847191123728095
2023-11-29,KZTO,860.0,7320.0,-0.25052332747320794,-0.11169232122682997,-0.0825687921892201,0.0,-0.02197984496124033,-0.16922803479726248,47.46375810030536,-0.001963002953119232,49.70039850215778,-0.006815411590992988,49.504292520608516,47.46375810030536,-0.07198848283499445,42.984699425599736,-0.18937452934662238,37.668516403627805
2023-11-30,KZTO,863.74,15440.0,0.18516990527674132,0.634656084713627,0.6470587306945829,0.0,-0.026822537876073093,-0.22139249823848448,46.683987088255726,-0.0016107417502547983,49.859198127481044,-0.016938409669870525,47.52643846855837,46.683987088255726,-0.07145077491536438,43.04523243927883,-0.19060483132416767,37.59394678786234
2023-12-01,KZTO,860.0,5330.0,-0.373052794721235,-0.42894995918397544,0.1428571224489825,0.0,-0.024778331487633812,-0.19937273954401113,47.01297004506066,0.00037487080103356524,50.754274332962964,-0.010795099667774087,48.72620348602314,47.01297004506066,-0.06946845699520118,43.26857219793661,-0.18982866371354745,37.64098412312683
2023-12-04,KZTO,860.94,68870.0,-0.25759615520294815,2.1559056230622287,0.6254544885950565,0.0,-0.024687530738827054,-0.19839465308986945,47.02758923675346,-0.0017812287400150776,49.78234190677269,-0.01256175475974772,48.38097112960444,47.02758923675346,-0.06694771520497535,43.552968461422296,-0.1919920266552506,37.50993823319835
2023-12-05,KZTO,868.79,95910.0,0.673650472706006,2.4192313028543126,0.07049387629827297,0.0,-0.034819311528330635,-0.30753205202956385,45.400063123316464,-0.015360841889751021,43.6942697897806,-0.024894968873878005,45.97698690197337,45.400063123316464,-0.07564714151793303,42.57338788892753,-0.19880977589795107,37.09815579053915
2023-12-06,KZTO,861.0,145740.0,-0.31247709051469325,2.8376446770078325,-0.47368418559556913,0.0,-0.0352107820363918,-0.3117488895134204,45.33735324787597,-0.00647929732868752,47.666101961286515,-0.013631678281068524,48.17196414627343,45.33735324787597,-0.033389101819589595,47.37239536311918,-0.19088345915602012,37.577067075544186
2023-12-07,KZTO,864.99,370600.0,0.3002884540809962,3.7709435838579592,-0.1276595664793739,0.0,-0.04206146747361241,-0.38554302354629194,44.24250618560473,-0.009857872056324362,46.14895205594217,-0.02285548532352976,46.373533464334834,44.24250618560473,-0.03640603215066066,47.02708888708251,-0.19640567087480781,37.24314992884465
2023-12-08,KZTO,862.9,3350.0,-0.0390914125529586,-1.1385866359012413,0.3021702333605525,0.0,-0.04558937856287491,-0.42354493534954546,43.68079753271134,-0.009779949947298387,46.1838736106669,-0.020224832467850118,46.8856948806231,43.68079753271134,-0.05063605528239033,45.402752955160395,-0.19134226431910117,37.54927851400079
2023-12-11,KZTO,861.95,8930.0,-0.15076431254724068,0.045240788150820596,0.8008047484099844,0.0,-0.05602697220311645,-0.5359764856122186,42.028930266797474,-0.006409448560250521,47.69752278916451,-0.02258653102461475,46.4258628789237,42.028930266797474,-0.03767288068213735,46.88217306149763,-0.19143478786104237,37.5436756113628
2023-12-12,KZTO,858.0,7630.0,-0.6091281099398594,-0.20221724108348538,-0.5918366139108933,0.0,-0.022703585303585343,-0.17702401263297413,47.34713336801785,-0.002927380952380952,49.265696562094774,-0.014181687756687779,48.06454554739823,47.34713336801785,-0.03534521312021312,47.14847550530421,-0.19222337107337106,37.495935313435034
2023-12-13,KZTO,857.95,9540.0,-0.609540616711117,0.14164974373187159,0.321184473669214,0.0,-0.038726330228849366,-0.3496176308080849,44.774881876078446,-8.259872416444382e-05,50.54807781232541,-0.014728812104712559,47.957708170895714,44.774881876078446,-0.04887521556090248,45.60329129132034,-0.18573467255834097,37.88947223306152
2023-12-14,KZTO,859.0,2690.0,-0.5578257658197222,-1.1242916111799688,0.6748165434209531,0.0,-0.053534072934567745,-0.5091235021495352,42.42198420659379,-0.0035086594785372436,49.00372952578278,-0.01827945192822958,47.264869246252,42.42198420659379,-0.03555004111462201,47.125034926524954,-0.18169040458635918,38.13556797608052
2023-12-15,KZTO,856.99,2150.0,-0.7890231255603952,-1.3483611868882985,0.23017899869834502,0.0,-0.025934232345509033,-0.21182385901467268,46.826912196692625,-0.0012466844735459994,50.02331837939342,-0.014812160136150217,47.94143435425936,46.826912196692625,-0.04218937171573376,46.36597261870716,-0.18412025639016735,37.98763632876119
2023-12-19,KZTO,858.95,224480.0,-0.559919281572766,3.299938950341753,-0.08115358275294048,0.0,-0.038653956750443794,-0.34883803901178534,44.7864483296712,-0.008705707134125605,46.66567301456103,-0.01827515157857005,47.26570779379876,44.7864483296712,-0.05024249355756434,45.44756216480809,-0.18746726983942194,37.78423241141352
2023-12-20,KZTO,858.0,11400.0,-0.5483001871077955,0.31976871806724017,0.1959798798010208,0.0,-0.058486940836940865,-0.5624747472452541,41.6420566549074,-0.014341958041958033,44.146798782893924,-0.026496978021978035,45.66585485954387,41.6420566549074,-0.05435733155733156,44.979442769061286,-0.17484956987456995,38.55322034973372
2023-12-21,KZTO,860.39,79970.0,-0.2710842943955385,2.2678031280390845,0.9511108997531273,0.0,-0.05535008388130372,-0.5286851878285329,42.135557101246235,-0.017293461630633673,42.83884910449372,-0.03157064725354335,44.68282159132905,42.135557101246235,-0.05704488037171035,44.67417117957002,-0.18559433932415656,37.89800123194188
2023-12-22,KZTO,858.5,8770.0,-0.46969356663549566,0.057493474967771754,0.14649679662460857,0.0,-0.03573490538129443,-0.31739463528848744,45.253416839209805,0.004516583465069196,52.61905731706864,-0.03533448659992052,43.95620389666163,45.253416839209805,-0.05624883355982663,44.764551245224006,-0.18116680995830675,38.1674738565681
2023-12-25,KZTO,858.43,6160.0,-0.4734701688899035,-0.36233801202110877,0.4951455509473079,0.0,-0.04727662596574879,-0.4417196073783934,43.412719381447886,-0.0012763797290327595,50.009931465691956,-0.046812627075378775,41.75751589578323,43.412719381447886,-0.06929875896547198,43.287704241761276,-0.17900219891093172,38.29948518226593
2023-12-26,KZTO,854.0,36690.0,-0.9842512328964961,1.422082128797714,0.460742516083844,0.0,-0.037515053343741875,-0.3365700124887703,44.96853703143016,0.005699264897215716,53.150441982816666,-0.012757806401249065,48.342668458557405,44.96853703143016,-0.052527966432474635,45.18745345673644,-0.17844558287795992,38.3334590585785
2023-12-27,KZTO,848.24,53820.0,-1.6220428056637273,1.7626395338935001,-0.5927272188429785,0.0,-0.030971569891120952,-0.26608499323491724,46.01718116334622,0.011844696956087584,55.897463637197035,-0.022210660392611263,46.49900775901196,46.01718116334622,-0.04460952654160474,46.08968043098622,-0.17232509027094758,38.7077774719439
2023-12-28,KZTO,848.09,7420.0,-1.5657421071364999,-0.3443326812412094,0.02249999718750831,0.0,-0.03761618642319901,-0.3376593966225198,44.95236227254791,0.008661271069052045,54.477893106176964,-0.03579073996245915,43.86829259742574,44.95236227254791,-0.04789176666260529,45.715356718118834,-0.1681317433740467,38.96501021104191
2023-12-29,KZTO,865.0,113160.0,0.40578749516023094,2.3802836732860295,0.5998399119711921,0.0,-0.05419157720891819,-0.5162059990753155,42.318220654140134,-0.008747013487475915,46.647134973397165,-0.029722786494173776,45.040408222222474,42.318220654140134,-0.06362304569226535,43.928712554419356,-0.18471579043948988,37.95141356915072
2024-01-03,KZTO,859.99,7590.0,-0.20887873243331062,-0.3216801455585473,-0.07198442879529011,0.0,-0.05459651965314474,-0.5205679534050967,42.25434860342125,-0.0075630015308409924,47.17885956077218,-0.03440268385826562,44.135861747621284,42.25434860342125,-0.05902104363247488,44.44995862453989,-0.17912910003383206,38.29174118441791
2024-01-04,KZTO,861.5,78610.0,-0.03328407504287028,2.015979657014563,-0.10311750104951913,0.0,-0.05162513979861629,-0.48856087830917644,42.72361673210966,-0.009070314328091408,46.50207189756125,-0.05694356097246408,39.843456571919376,42.72361673210966,-0.05836232001216041,44.524671784581095,-0.17677790053339967,38.43531660568205
2024-01-05,KZTO,860.88,7470.0,-0.10848082658281887,-0.3376165811922336,0.3966816897915999,0.0,-0.05335786105911561,-0.5072253851108154,42.44980434885356,-0.011818506865621409,45.27160772826648,-0.050459746283979624,41.06527063718799,42.44980434885356,-0.05819200707139095,44.543992907302474,-0.1743484468827025,38.583882533808975
2024-01-08,KZTO,858.0,10870.0,-0.37678380776735515,0.16300512150738794,-0.11111108641975857,0.0,-0.05228602231102234,-0.49567976490050986,42.61912755606417,-0.004647560772560793,48.49062840288515,-0.029726565101565103,45.039676473479226,42.61912755606417,-0.0554444721944722,44.85591046035912,-0.1687784271284271,38.925300183928535
2024-01-09,KZTO,860.0,3270.0,-0.14461010210578645,-1.038200245864359,0.6008063304825939,0.0,-0.05222141934293097,-0.4949838753971976,42.62933875215465,-0.0075737818383167215,47.17401518953771,-0.04361241232927279,42.367632861230675,42.62933875215465,-0.059401098191214474,44.40686380763212,-0.16754556109265412,39.00101775663984
2024-01-10,KZTO,856.0,17810.0,-0.3736637120290026,0.6993406942353558,-0.1130434642181983,0.0,-0.053510462097611664,-0.5088691712095246,42.42571158204506,-0.00526581367749592,48.21221759054375,-0.03438911882510014,44.13847832337338,42.42571158204506,-0.04250458388963062,46.329974038781046,-0.15366509049102506,39.857082074699136
2024-01-11,KZTO,856.2,8310.0,-0.3388377514030599,-0.10554058386830123,-0.4499999437499957,0.0,-0.047920565121633854,-0.44865598371822946,43.31050781582123,-0.00436225598157979,48.619139116632525,-0.0347516723951903,44.0685561606308,43.31050781582123,-0.04325996985573023,46.243721363782065,-0.15742019082101424,39.62485338643607
2024-01-12,KZTO,853.22,7740.0,-0.6774998857200497,-0.16789779379803657,-0.7669563883553854,0.0,-0.04453637732950398,-0.4122022288621083,43.84829187285423,-0.002068752592885322,49.65272751572463,-0.0381466460668326,43.41497853656393,43.84829187285423,-0.04816960655674888,45.683692014347585,-0.1610173023072633,39.4028329415992
2024-01-15,KZTO,856.52,33010.0,-0.28717791130263437,1.2825076131919326,-0.07213577480399161,0.0,-0.04925620248862313,-0.46304318683566026,43.098686306647984,-0.015263837258778406,43.73730964319663,-0.039351054395823856,43.183651033324615,43.098686306647984,-0.061601398942490795,44.15753654875666,-0.16354614304913428,39.24700908761772
2024-01-16,KZTO,856.0,3940.0,-0.3362084499617263,-0.913234917461432,0.1935483090531071,0.0,-0.041073731642189554,-0.3749033421595109,44.4000426216329,-0.01701053256193442,42.96382536521588,-0.04484401053256193,42.132543959098875,44.4000426216329,-0.062259965138703466,44.08296772404712,-0.16886867304554223,38.919759742676156
2024-01-17,KZTO,854.0,23280.0,-0.5671966715479191,0.8631713731345478,-0.49874674216873743,0.0,-0.036019854280509994,-0.32046404454014965,45.20779462510095,-0.020653324225865237,41.36211848279026,-0.037881362217017954,43.46596984115301,45.20779462510095,-0.057897768670309664,44.577376615390094,-0.16832554644808745,38.95310807173651
2024-01-18,KZTO,855.0,1750.0,-0.4337190629500785,-1.8504596022071562,0.09750564682410573,0.0,-0.04662111528822055,-0.43465858505576827,43.51682525163872,-0.033375417710944016,35.92950102416391,-0.04143212197159568,42.78465127930248,43.51682525163872,-0.055100835421888,44.894951284203024,-0.16677454051796162,39.04839765962252
2024-01-19,KZTO,854.0,36780.0,-0.53746679797515,1.320531152179651,-0.18906061961229706,0.0,-0.040764643507676286,-0.37157391017270286,44.449363146038245,-0.0031883619568046223,49.14807339790844,-0.04244555035128809,42.590684210820044,44.449363146038245,-0.052652101223002866,45.17333312300782,-0.15955764376788964,39.49287361543073
2024-01-22,KZTO,846.01,12060.0,-1.4338492197346164,0.20547255217762855,-0.8288134890836035,0.0,-0.03384897683111178,-0.29707981197862304,45.55556409304041,-0.010044411132143535,46.06536816218285,-0.03093126904950464,44.806489805494806,45.55556409304041,-0.04581501962620805,45.95214622259257,-0.1408369695525007,40.653809268164785
2024-01-23,KZTO,843.99,15930.0,-1.5939112853462092,0.483782067066754,0.3844972843824035,0.0,-0.027906150053120707,-0.23306493933441452,46.5097117540013,-0.021534315276247412,40.97734838801789,-0.03447384813011217,44.12213531853958,46.5097117540013,-0.04782300372832217,45.72319398978186,-0.13130621551598165,41.248969985081345
2024-01-24,KZTO,838.9,9960.0,-2.1344917586029655,-0.14072152466663015,0.5122241793545467,0.0,-0.02185965933279973,-0.16793342063708164,47.483127727517946,0.010299073143780526,55.20928816942431,-0.022613496084252407,46.42061603296255,47.483127727517946,-0.032565785126781634,47.466674159548894,-0.12760722346156245,41.480659604102286
2024-01-25,KZTO,828.99,13480.0,-3.246810336283886,0.1619078700893405,0.22516128305931402,0.0,0.024903948479475038,0.33579426827570824,55.01994436650283,0.011590286674145637,55.78433813464159,-0.010773713451652884,48.73038350219305,55.01994436650283,-0.026605434883757006,48.14969687037951,-0.12213718733467405,41.82396900898379
2024-01-26,KZTO,853.79,129889.99999999999,-0.28447261355941517,2.427387168187997,0.8676757600665082,0.0,-0.003726534237536846,0.027392766206134966,50.41088224380078,-0.03888751524249391,33.67476640936968,-0.04082064220840139,42.901794394823,50.41088224380078,-0.058209557417840146,44.54200183490898,-0.14988517066387644,40.0913074979211
2024-01-29,KZTO,840.0,11500.0,-1.9189846647725934,0.003048111861056404,0.1111605133134612,0.0,-0.004192063492063535,0.022378183575013203,50.33566771073885,-0.017112301587301586,42.91886123553771,-0.017128968253968223,47.48926156022401,50.33566771073885,-0.03140992063492063,47.599063657924425,-0.13364960317460317,41.10238949752488
2024-01-30,KZTO,828.3,10250.0,-3.258841744507743,-0.13912512645275638,-0.857904034463949,0.0,0.022460424535623805,0.30947314536362697,54.62880529240479,0.014935288284093122,57.26649568823534,-0.00023401415981088962,50.79140167563282,54.62880529240479,-0.020807222768378084,48.81480590329399,-0.12429849260964791,41.68822493873365
2024-01-31,KZTO,850.0,55420.0,-0.3882108512265957,1.6003653620549962,0.9444444182098773,0.0,-0.0063879551820728315,-0.0012754970937576052,49.98086754452743,-0.02280198412698413,40.425641830022094,-0.03562306255835668,43.90059638406608,49.98086754452743,-0.04748426704014944,45.76180466668619,-0.15373657796451912,39.852656736140204
2024-02-01,KZTO,841.0,75270.0,-1.387822525529592,1.8546767117620662,-0.3489475141136218,0.0,-0.009458521129418926,-0.03435098379529832,49.48475348251489,-0.007551480663609082,47.184036777757925,-0.02042499764075268,46.84670030977793,49.48475348251489,-0.03369268538965329,47.33763640440325,-0.14607863890304434,40.32764026481665
2024-02-02,KZTO,823.03,61010.0,-3.1290102165256823,1.6446329356037714,-0.8950103717512907,0.0,0.02767728691831524,0.3656680831442711,55.463124063440816,0.014010904566922625,56.858090614170266,-0.001183390685290036,50.60575881621655,55.463124063440816,-0.014270447334655142,49.56512662121557,-0.14217437543502143,40.570508038077605
2024-02-05,KZTO,828.0,25760.0,-2.181315726092174,0.7017231619787018,-0.2580815973459675,0.0,0.012079158040027606,0.19764833918513902,52.96125546949476,0.0008657694962042458,50.97550974794874,-0.003605417529330574,50.13208748120355,52.96125546949476,-0.015519979296066255,49.4216741546297,-0.1469672015182885,40.27243224384696
2024-02-06,KZTO,843.0,33780.0,-0.28198795317103825,0.8316802710274723,0.7439875584178637,0.0,-0.012149089137434331,-0.06333321309593279,49.05011610307184,-0.0144283228831271,44.10840171775582,-0.021524440772750383,46.63258555657328,49.05011610307184,-0.03125481556798284,47.616831569239906,-0.16819999576342995,38.96081843787444
2024-02-07,KZTO,833.0,5380.0,-1.4393928106194176,-1.1428448072250499,-0.5804195398308001,0.0,-0.005478374683206614,0.008522311587157652,50.12783439526991,-0.008841686674669868,46.60464972178461,0.025022909163665487,55.70625450168441,50.12783439526991,-0.01681710350806988,49.27276796578537,-0.17097933506736027,38.79026236155885
2024-02-08,KZTO,837.0,23770.0,-0.9133771273142065,0.48023596440615396,0.14203728234759294,0.0,-0.010299944529783238,-0.043414618632116916,49.348817541131496,-0.008830461682881038,46.60968675880581,0.021698105478750694,55.06354020511082,49.348817541131496,-0.027694636456733236,48.0248212837233,-0.16252519201228877,39.30989259077325
2024-02-09,KZTO,836.86,55650.0,-0.8744886837194571,1.0432964674249743,-0.08533332764444301,0.0,-0.011556754661890002,-0.05695271145399156,49.145792448091605,-0.01118942233610223,45.55281685015102,0.004667381403803803,51.749369713184976,49.145792448091605,-0.020639920247986776,48.834004428330644,-0.1838365291040697,38.00489846577285
2024-02-12,KZTO,831.03,8620.0,-1.4771697138139925,-1.003976256587721,-0.15591006846193098,0.0,-0.018092600376010688,-0.12735545860474495,48.090597112337605,-0.0064893430584994066,47.66158313322439,0.02409013881511359,55.52612490243053,48.090597112337605,-0.0097232456223286,50.087210831701675,-0.1669606891877721,39.03695676196261
2024-02-13,KZTO,833.2,57040.0,-1.1171877714436098,1.0679671135249311,0.3758388946444004,0.0,-0.008676789429165865,-0.02593033532225688,49.61105281577044,-0.006716408149113437,47.55945375960033,0.019035589313337695,54.54761962713981,49.61105281577044,-0.0040003029056078394,50.74424606202951,-0.17397710986138745,38.606609357344006
2024-02-14,KZTO,828.0,9160.0,-1.6310383496353085,-0.9432152850020428,0.24842369177656026,0.0,-0.0010919772256728771,0.055771656907268555,50.83649679792632,-0.0064425120772947184,47.68264924057549,0.011436956521739075,53.070211910748,50.83649679792632,0.04252643202208419,56.05646867933339,-0.17008623188405794,38.84503853233628
2024-02-15,KZTO,832.0,19210.0,-1.0817215976038461,-0.03277297559880766,0.6101540697956451,0.0,-0.009542826617826619,-0.035259104678715784,49.471133154360814,-0.005259798534798535,48.214925814892695,0.021508806471306485,55.02689401368712,49.471133154360814,0.039806929181929185,55.74857645261256,-0.1807395299145299,38.19351825736763
2024-02-16,KZTO,829.9,3440.0,-1.2965173103298884,-1.8321080607844564,0.14202047701016557,0.0,-0.003332831073546795,0.03163365338726271,50.47449055638391,-0.0027505353006768564,49.345404937356264,0.014828523947234062,53.730457957528486,50.47449055638391,0.07029605469773566,59.16983974450515,-0.17291860952839982,38.6714196494865
2024-02-19,KZTO,828.03,16280.000000000002,-1.4226090622063898,-0.07625539808038659,-0.3253332899555686,0.0,-0.0022078909178008498,0.04375127072538345,50.656231377088446,-0.001513767113912843,49.90291500375464,0.011127655097037581,53.009942294715486,50.656231377088446,0.07888662316985298,60.119447840394116,-0.17381268764416744,38.61667402586936
2024-02-20,KZTO,830.0,54260.0,-1.138991279449326,1.1176823060449774,0.9999999046711245,0.0,-0.0021802639127940313,0.044048862977878855,50.66069448670435,0.003924502772996782,52.35280191390282,0.0032979393765538347,51.48181414687881,50.66069448670435,0.06908339548670872,59.03522070077696,-0.17323160738190863,38.65225109836314
2024-02-21,KZTO,825.03,16770.0,-1.6292793677278143,-0.24799569009111305,-0.49457877443046583,0.0,0.0033633072650172367,0.10376303877313144,51.555943039718635,0.012841451349821106,56.34007797523001,0.009441654242876052,52.68126304227678,51.555943039718635,0.0806318517854762,60.31146478735826,-0.16809366906138476,38.96734864519612
2024-02-22,KZTO,830.0,8770.0,-0.9969040668286142,-0.896248589509948,0.9999998699610052,0.0,-0.0033057181105373874,0.03192570848812518,50.4788709847215,-0.003021825396825397,49.22312979674162,0.0019089022757696906,51.21034346030496,50.4788709847215,0.0016702285331803499,51.39501131391927,-0.1545055077452668,39.80506764000967
2024-02-23,KZTO,830.0,4630.0,-1.0060871976518675,-1.5350250708796362,0.3344709326841272,0.0,-0.005044296232549247,0.013198112813492575,50.19797065766712,0.0018123876458213915,51.402010769305605,-0.01167063492063492,48.55509279879539,50.19797065766712,-0.004899674890036308,50.64100287797039,-0.16292932205010519,39.28499673290306
2024-02-26,KZTO,829.19,9980.0,-0.6693853478020718,-0.5892317174404793,0.6759998648000488,0.0,0.008705511354837134,0.1613081309026373,52.41773495151112,0.0004547223748859624,50.79026362406746,0.0014221365247055317,51.1151931976455,52.41773495151112,-0.011733826724569896,49.85636277598027,-0.1534991097115813,39.86735753680172
2024-02-27,KZTO,835.72,30110.0,0.13791711114006122,0.5150406742443732,0.03384615124260795,0.0,0.00019188978005086482,0.06960120064693806,51.04386630921683,-0.0037139135230984505,48.91123922250543,-0.005226142100452909,49.815106879681345,51.04386630921683,-0.029090633226439493,47.86480830613396,-0.16475107381981816,39.17283958363632
2024-02-28,KZTO,838.1,29180.0,0.402374067452654,0.3058954802960401,-0.3928570927478146,0.0,-0.011199379122845972,-0.053103137762430516,49.20352031324877,-0.006479795001164794,47.66587809448527,-0.01159233337689372,48.57039438197035,49.20352031324877,-0.034849662170480106,47.2051916903607,-0.16989192248907678,38.856959734291806
2024-02-29,KZTO,830.0,14400.0,-0.4052306307163456,-0.40035887622712824,-0.5381061941411709,0.0,-0.011317881048001542,-0.05437961542707005,49.184378124615314,0.038062894434882415,67.03522442299136,0.0018510279212086422,51.199030949201976,49.184378124615314,-0.02141487378083764,48.74507889578106,-0.16943400267737616,38.885059141187426
2024-03-01,KZTO,833.99,3490.0,0.22718639883644826,-1.6399086859144585,0.6627711748295236,0.0,-0.017435230500270574,-0.12027440939235855,48.19666639831796,0.03472330471207741,65.69108136317287,-0.004159551597150981,50.023710095299045,48.19666639831796,-0.019801964490077078,48.93016772315363,-0.1736619491507359,38.625901936581265
2024-03-04,KZTO,832.0,10600.0,-0.16831262829143814,-0.444019657919256,0.3846153550295881,0.0,-0.012946481990231995,-0.07192256019053209,48.92132898619836,0.019895245726495682,59.43969513527303,0.0006628815628815631,50.96676238122265,48.92132898619836,-0.031584470390720445,47.57906900607963,-0.1738942231379731,38.61168292590413
2024-03-05,KZTO,835.0,12220.0,0.15561908614168887,-0.2273894972323871,0.9999998319328013,0.0,-0.012596899059024742,-0.06815692682179603,48.977788550112734,0.028430113582359102,63.08992438059363,-0.0035699339416405277,50.139027319894225,48.977788550112734,-0.041236422393308624,46.47482639512374,-0.18085354053797167,38.186568196621884
2024-03-06,KZTO,835.0,16400.0,0.24686981989073065,0.2087654242889641,0.99999980000004,0.0,-0.011338945917688434,-0.05460652174634343,49.18097543929154,0.026044499097044007,62.08265936223519,-0.004166752209865982,50.02230179780792,49.18097543929154,-0.04842363843741089,45.65474370081135,-0.17972848350917212,38.25517252188192
2024-03-07,KZTO,863.85,84770.0,3.7001897626807,1.709476832208509,0.9999999686028267,0.0,-0.04734595856864485,-0.4424664435071057,43.401711606097265,-0.021858021881554692,40.836244926802536,-0.039522684714332595,43.15071040240855,43.401711606097265,-0.06166411861902836,44.15043371860236,-0.2037468725280238,36.801124412824706
2024-03-11,KZTO,865.2,39940.0,3.191306814298003,0.9569135985675027,0.9999999492128009,0.0,-0.05315908075204192,-0.5050841657017918,42.481193313281416,-0.009006314532285448,46.53078358899052,-0.028876922484204086,45.20426800330631,42.481193313281416,-0.06329536523347211,43.965784439741896,-0.21161348435814464,36.32991386560099
2024-03-12,KZTO,850.79,65510.00000000001,1.1619872408529164,1.4517378853333502,-0.11918366860475119,0.0,-0.027750055350050887,-0.23138352022012093,46.53481102296173,-0.001273427325341092,50.01126243845554,-0.012809340837656526,48.33260048082383,46.53481102296173,-0.05261938790968687,45.17705418742353,-0.1940958286947873,37.382675515738626
2024-03-13,KZTO,860.99,35360.0,2.200434696284049,0.7719643152253015,0.746278268849299,0.0,-0.0453152035392259,-0.4205915800059042,43.72439512740934,-0.018948736919127993,42.10955459841121,-0.032977807288840866,44.41088314133832,43.72439512740934,-0.06422308578607462,43.860845051820384,-0.19989279547058877,37.03291342077888
2024-03-14,KZTO,859.0,9810.0,1.6694759178978706,-0.5102128290364515,-0.06182794867904359,0.0,-0.045420275514163756,-0.42172339308836393,43.707686090539525,-0.02191711199807824,40.810503810816336,-0.040358634070624774,42.99035560468935,43.707686090539525,-0.06895369569636159,43.32661342814484,-0.19650021619823713,37.23744344284114
2024-03-15,KZTO,847.3,65250.0,0.21302058355515163,1.384608844033181,0.051407587166229056,0.0,-0.02139875346338223,-0.1629686401321208,47.557416249125936,-0.008381720366654811,46.811107848171,-0.028263312501522073,45.323201115759154,47.557416249125936,-0.03676628389150216,46.985874192169284,-0.18559978475043973,37.89767026263612
2024-03-18,KZTO,859.74,16200.0,1.5990911986469933,-0.008604833147158139,0.9999999319264853,0.0,-0.03927630291328387,-0.3555418201992772,44.68700589703775,-0.02417731310241087,39.82980942662855,-0.040469996355487335,42.969004714354234,44.68700589703775,-0.06400595063623887,43.88540147322269,-0.19984698145175672,37.03567235421612
2024-03-19,KZTO,852.0,10860.0,0.6242348976665195,-0.4085289350585347,0.09090908539944936,0.0,-0.031213246143527888,-0.26868827869096573,45.97838207619983,-0.02856207243460765,37.95098540725741,-0.027773379163872056,45.418200985293964,45.97838207619983,-0.05056826514643415,45.41047071348749,-0.1962303990610329,37.253729775783
2024-03-20,KZTO,847.0,16550.0,-0.04554780652995352,0.01522096905765936,-0.06604402494703027,0.0,-0.022211124229306052,-0.17171932613782515,47.42648630188454,-0.011011685032139578,45.632319978094245,-0.020714941624032535,46.790222593814704,47.42648630188454,-0.04365016397743665,46.19917637321993,-0.19066106519742884,37.59053980849754
2024-03-26,KZTO,842.5,6590.0,-0.7956275129925795,-0.9056094958041488,-0.48717943721236545,0.0,-0.019293478875229596,-0.140291067711402,47.89687562226486,-0.004529224954076586,48.543928444199175,-0.017924265225378013,47.33413410472527,47.89687562226486,-0.03947771890160613,46.67580754496393,-0.18330558499364136,38.0372095712727
2024-03-27,KZTO,842.5,6030.0,-0.8816846607839984,-0.9311033528404147,0.4491681239984917,0.0,-0.014515616315764684,-0.08882494314112296,48.66794113111861,-0.008081325655880552,46.94600089005744,-0.02233460741368748,46.47488583892277,48.66794113111861,-0.0513090951909943,45.32614088134965,-0.17756852950873725,38.387014413170185
2024-03-28,KZTO,841.3,4640.0,-1.0539180307637823,-1.1931347992242733,-0.04166665798612279,0.0,-0.010693188121557862,-0.04765055539857831,49.28529035242305,-0.0030748449583882305,49.19923400275435,-0.011715699578694283,48.54628644608397,49.28529035242305,-0.04406825948692402,46.15145286538338,-0.17866617361830422,38.31999361410558
2024-03-29,KZTO,830.0,7980.0,-2.3952104957420697,-0.6509129543969512,-0.44030319391641604,0.0,0.005389778160260098,0.12559175448744328,51.882985375463,0.009358113406004974,54.78933756908147,-0.004169893861158922,50.02168735291417,51.882985375463,-0.03283446643717727,47.43590518289766,-0.1763522279594569,38.46133183419111
2024-04-01,KZTO,840.0,7500.0,-1.230919260134382,-0.7129481564692611,0.6260162092669809,1.0,-0.012765873015873017,-0.0699770785327444,48.95049799325503,-0.00029484126984126923,50.452406377358926,-0.01855079365079365,47.211962052846026,48.95049799325503,-0.044891269841269815,46.05753104437339,-0.18796309523809523,37.754136566292345
2024-04-02,KZTO,841.0,52280.0,-1.2050009049114319,1.3680969590805583,0.5294117335640156,1.0,-0.0071142158805655165,-0.00909862367262438,49.86352098386273,-0.0020681680916520393,49.65299100196786,-0.009025450144385935,49.0721428683578,49.86352098386273,-0.04704434960270276,45.81195595783515,-0.18920585140516769,37.67874467602256
2024-04-03,KZTO,838.0,48420.0,-1.5211887066118617,1.2913959942331068,0.8660499097422185,1.0,0.00024400026518170415,0.07016252376701161,51.05228245645236,0.0009196348069856427,50.9997832883236,-0.009007412774178884,49.0756694118866,51.05228245645236,-0.0458835710497405,45.94432705145489,-0.18470155415388112,37.95227932045728
2024-04-04,KZTO,841.0,9970.0,-1.0960141246286361,-0.35436457941235866,0.7777777345679036,1.0,0.004887756922031566,0.12018408792901282,51.80198054076881,-0.004436765566313723,48.58557570487177,-0.013421799916954549,48.21295856655393,51.80198054076881,-0.04821237849876376,45.67881771442032,-0.18821718758847178,37.738717204187125
2024-04-05,KZTO,840.0,2720.0,-1.2056946853091182,-1.6533062304578696,0.5420200044703125,1.0,0.045514682539682536,0.5578087346663717,58.28989294969704,0.009262698412698412,54.746714701441505,-0.009045238095238094,49.06827407387168,58.28989294969704,-0.04823849206349205,45.675841847512594,-0.18837500000000001,37.72914175098168
2024-04-08,KZTO,842.0,54020.0,-1.007614980349069,1.335407060455903,-0.7974683140522372,1.0,0.045390259397504046,0.5564684749047973,58.270340385484054,0.006281598046978105,53.411832417403346,-0.013825637182822436,48.13408137625323,58.270340385484054,-0.0505552247106285,45.41195536381476,-0.18601346472872599,37.87253037046436
2024-04-09,KZTO,841.5,6290.0,-1.009805320601127,-0.9522012994845885,-0.7228714121941333,1.0,0.07337311773194127,0.85789390415237,62.59161256949536,-0.0016608246328835106,49.836620477282736,-0.008458876580935405,49.1829196946198,62.59161256949536,-0.049940399796282155,45.48196224062202,-0.18845440327646207,37.72432422613996
2024-04-10,KZTO,841.0,1620.0,-1.1094748116360111,-2.1224683315460497,0.263157867036014,1.0,0.07998930883490932,0.9291621148319714,63.58732590724181,-0.010923835475529897,45.67162393933318,-0.005481298246607413,49.76520425449251,63.58732590724181,-0.049350234509182175,45.549178063062634,-0.19147721155842445,37.54110669188919
2024-04-11,KZTO,839.5,3180.0,-0.9989094052792934,-1.1863607712386177,0.18214934588803744,1.0,0.07482052549230928,0.873485074298426,62.81038906848544,-0.010494766111725628,45.863666471107244,-0.0013523135936923808,50.57272541753907,62.81038906848544,-0.05117537460884689,45.34136053294148,-0.17626735939760058,38.46651941562332
2024-04-12,KZTO,850.0,40640.0,0.435953281385596,1.413227009776495,0.04761904535147403,1.0,0.06603744164332395,0.778875553439017,61.47505033084369,-0.020732749766573303,41.327385597174775,-0.019796008403361348,46.96924768189453,61.47505033084369,-0.06389787581699345,43.89762507384047,-0.1835763538748833,38.020730348923045
2024-04-15,KZTO,849.49,2590.0,0.417642138491503,-1.3398604859747416,-0.06551475410260728,1.0,-0.003999166418618678,0.02445603003618623,50.366833868494865,-0.01628171059031305,43.28617245967371,-0.01246026793013256,48.4007993936009,50.366833868494865,-0.06507905085254702,43.76407096696515,-0.18312800798125936,38.048018555205445
2024-04-16,KZTO,842.3,5110.0,-0.267224909727682,-0.5542883633008191,-0.986187709090108,1.0,-0.0018840384133390637,0.04723974138136937,50.708548685583544,-0.00661744717317845,47.60396198443437,-0.0002083537328817029,50.79641908359756,50.708548685583544,-0.06059630287628922,44.27139332299942,-0.1774249153866303,38.39578658498002
2024-04-17,KZTO,834.01,20700.0,-1.200155604814716,0.9837305225204558,-0.7979999202000099,1.0,0.00032907973963235485,0.07107898186432059,51.06602315930348,0.0007457418243053144,50.92141956054404,0.018194560512102255,54.38444345577002,51.06602315930348,-0.05186722739230982,45.262625514076326,-0.1655480736308784,39.12380769944921
2024-04-18,KZTO,832.89,12980.0,-1.1825402372112115,0.5170071790132883,0.2126348064225871,1.0,-0.007795306217193232,-0.016435184670817057,49.75347422764596,-0.0023841511970081664,49.51055275161207,0.05933007337046168,62.1904827437453,49.75347422764596,-0.052354915958146855,45.207139242538815,-0.16074769564551197,39.41945853311196
2024-04-19,KZTO,834.63,8560.0,-0.8282749189075393,0.10069830411320839,0.6992413788825793,1.0,-0.012880474752713336,-0.07121154419407032,48.931989311303795,0.004807444644704284,52.74980238401648,0.059517046718163685,62.22487116902094,48.931989311303795,-0.059771704185430305,44.364848476051534,-0.16644524069119876,39.06863973141133
2024-04-22,KZTO,837.94,4650.0,-0.37079633349582614,-0.5095331013265288,0.724966573767259,1.0,-0.013244095004718744,-0.07512838461236868,48.87326501238938,-0.005183455533998597,48.24929896825787,0.08276630383430862,66.3959106128803,48.87326501238938,-0.06360397300863688,43.93087014304298,-0.1650104660579176,39.15687922114889
2024-04-23,KZTO,839.0,3580.0,-0.20107872486379305,-0.6769532397262824,0.48660324229876656,1.0,-0.008104523525739265,-0.019766008092974855,49.703513353673415,-0.008844793026467639,46.603255807913094,0.08737967535047393,67.19634861487678,49.703513353673415,-0.06019407079478595,44.31697491046484,-0.15381063198819456,39.848072693485584
2024-04-24,KZTO,836.9,16690.0,-0.4438581779555664,0.884011934957606,0.54444441419753,1.0,-0.019695900972409544,-0.14462587339606273,47.831972164299366,0.0044138039192257415,52.572848180742184,0.08302389529954653,66.44085819661036,47.831972164299366,-0.06121368049509999,44.20144988830721,-0.1511701539790649,40.01163121507864
2024-04-25,KZTO,833.2,11200.0,-0.8563912853299115,0.3695114638229508,-0.9428570081632716,1.0,-0.021307473195711368,-0.16198538840223362,47.57213003892436,0.005323210570834135,52.9815505835307,0.09272656291673324,68.11167988118419,47.57213003892436,-0.0712733723109984,43.0652082881589,-0.11800409589343822,42.08389761277868
2024-04-26,KZTO,840.99,55360.0,0.10204828412883127,1.9012211530921608,0.9994736579085884,1.0,-0.037597407689576756,-0.3374571160772244,44.95536557611539,-0.004780964951171559,48.430545492917005,0.011182897027822651,53.020707232868205,44.95536557611539,-0.07063471689261917,43.137140671711485,-0.12543623034416918,41.616818042163686
2024-04-29,KZTO,836.0,4190.0,-0.5331826656877271,-0.7935407199793431,-0.07692307100591762,1.0,-0.011356184020657703,-0.05479220694421799,49.17819091121429,0.004459573175362649,52.59342634348057,0.01078105680868841,52.94239469212418,49.17819091121429,-0.06001936090225564,44.336776302957645,-0.11945186830713149,41.992797010894215
2024-04-30,KZTO,834.0,7480.0,-0.7662321092319958,-0.21401059801309663,0.11373705853218986,1.0,-0.009039151535914156,-0.02983362326604923,49.552507599597696,0.004475819344524402,52.600730517984175,0.005391269841269813,51.890760316452244,49.552507599597696,-0.06244840698869476,44.061635528473296,-0.11390125328308785,42.342358708134476
2024-05-02,KZTO,843.0,27230.0,0.3335385781615338,1.2223794776037233,-0.12262521165370421,1.0,-0.025606144438795674,-0.20828976550177708,46.87971363445938,-0.0015026492684855675,49.907927020641594,-0.01482296220979494,47.939325266576624,46.87971363445938,-0.06096274925153926,44.22987542472407,-0.1220322967858555,41.83055998903584
2024-05-03,KZTO,840.0,8430.0,-0.09624098265150713,0.04985825954673442,-0.03333332777778628,1.0,-0.022062698412698412,-0.17012051464588687,47.4504055296227,0.004449999999999989,52.58912225263048,-0.014242857142857132,48.052600059182744,47.4504055296227,-0.06695515873015875,43.5521280303522,-0.11609166666666666,42.20431918341047
2024-05-04,KZTO,839.3,1950.0,-0.17600940629097198,-1.405965536348998,0.5348835965386936,1.0,-0.02838165534771034,-0.23818698175832176,46.43326376172997,0.007635612348915166,54.01885746053088,-0.00983333234044238,48.91420124911353,46.43326376172997,-0.058054491176509515,44.559594578363125,-0.11413757959675386,42.32745966488168
2024-05-06,KZTO,842.0,6320.0,0.14542820225868122,-0.23008097159324611,0.6666664814815224,1.0,-0.012556839346981844,-0.06772541207967248,48.98425858295141,-0.0015889388455302945,49.86902702022674,-0.006658590657165486,49.534960769407,48.98425858295141,-0.06445071353165178,43.8351052216402,-0.12761471175960487,41.480190183471144
2024-05-10,KZTO,839.98,15100.0,-0.06695721115084806,0.7831723533582151,0.38785042198009406,1.0,-0.02324699490199504,-0.18287750585015258,47.25958638743221,0.007664932545634986,54.03198962260469,-0.018325168087902396,47.25595490999994,47.25958638743221,-0.06686785659484715,43.56198534384103,-0.12466505044337793,41.66521514847986
2024-05-13,KZTO,844.0,17250.0,0.418039789507856,0.7740106093833097,0.9999997506235035,1.0,-0.0233081546678703,-0.18353630590772008,47.24973417842308,0.00657260588279551,53.54238710943202,-0.0290391785150079,45.172827784316176,47.24973417842308,-0.07180466598961854,43.00539044283865,-0.11596821635447228,42.212095786910666
2024-05-14,KZTO,846.01,10080.0,0.6309888557266272,0.1710752546829782,-0.2982870467639123,1.0,-0.024559737562672747,-0.19701809203535353,47.0481651831797,0.012413210649129239,56.15003479004591,-0.03845976800435583,43.354810014976586,47.0481651831797,-0.07488963242582405,42.65846575117661,-0.12025861554508999,41.942056328331994
2024-05-15,KZTO,847.99,19900.0,0.8419645592954328,0.7585563041487914,0.5470967388969857,0.0,-0.027987829989010428,-0.23394477832163385,46.49657872126145,0.04910395882925393,71.27699963286835,-0.02067704282788601,46.797604374431,46.49657872126145,-0.07002500418356238,43.20584023987001,-0.12273672076471402,41.786301893061136
2024-05-16,KZTO,843.0,16430.0,0.35371688975811727,0.5669457012471282,-0.8269229974112543,0.0,-0.03389994351239903,-0.29762881428570426,45.54739424480503,0.057792268259617016,74.37490646589185,-0.014861469807377308,47.93180677926982,45.54739424480503,-0.0571180463763204,44.66586595227776,-0.09892024515618822,43.28955909705419
2024-05-17,KZTO,848.8,35870.0,1.0334650921367894,1.2152799046495377,0.46788986923353015,0.0,-0.03477069663240725,-0.3070083826568215,45.40785179317486,0.07772729904402861,80.61246397666942,-0.02738907589425962,45.49274218710617,45.40785179317486,-0.05604790366979334,44.7873695378951,-0.08376261987044253,44.25294154111072
2024-05-20,KZTO,851.95,19460.0,1.2893014151460944,0.4759819360619846,0.9916665840277923,0.0,-0.040586279911538195,-0.369652615254024,44.4778292224938,0.07964099230337121,81.14609879488813,-0.03099712107704366,44.793749744858886,44.4778292224938,-0.06469124641229224,43.807909702001744,-0.09145983504695587,43.76313758844495
2024-05-21,KZTO,858.9,15610.0,1.9722507338374309,0.25553278760137305,0.9999999373433623,0.0,-0.0486493208367291,-0.4565059860880329,43.1949021114133,0.06391795319594831,76.42291456949548,-0.045925460860790905,41.92640877844883,43.1949021114133,-0.07880905809756668,42.21874472083717,-0.12077376198238055,41.90966489671076
2024-05-22,KZTO,892.0,27580.0,5.74524598223761,0.7406685063066092,0.8378378151935726,0.0,-0.085495615346288,-0.8534064744508717,37.47145136104226,0.028820989038365687,63.253905737679126,-0.06384514734144776,38.5567074949655,37.47145136104226,-0.10504014876503666,39.31069349224533,-0.15770395223859346,39.607323428844495
2024-05-23,KZTO,894.0,28720.0,5.437885381650459,0.6261520987780382,0.50310555881332,0.0,-0.08981796367316502,-0.8999658960873334,36.819234234030304,-0.04064845797379354,32.96926121040521,-0.0783009987216363,35.91452866286207,36.819234234030304,-0.11936747629700656,37.752382796649236,-0.24835739320336633,34.16469859142991
2024-05-24,KZTO,917.0,81080.0,7.651107201799761,1.6215975073277913,0.7777777561728402,0.0,-0.11196034169392947,-1.1384789071494383,33.55725880427246,-0.07078717739003997,22.21727919079804,-0.09743084030049677,32.54729211801743,33.55725880427246,-0.132676820550103,36.32705124858337,-0.2632563794983642,33.304623166542946
2024-05-27,KZTO,922.0,36050.0,6.670957559107253,0.7779160195029254,-0.1304347769376184,0.0,-0.11796828237441034,-1.2031951729741932,32.69709633865994,-0.08298185879557898,18.649489941811876,-0.10140449333746508,31.86855037203446,32.69709633865994,-0.13868794287780184,35.6909262324201,-0.2681197233412526,33.02623258972588
2024-05-28,KZTO,916.02,13390.0,5.285205390559336,-0.22924850846083605,-0.8639999424000063,0.0,-0.11209972817187394,-1.1399803487978781,33.537175768000985,-0.08561227593283986,17.940541755982885,-0.09651547564463654,32.70470297758445,33.537175768000985,-0.1359577400056767,35.97923956832826,-0.26138549103731357,33.41203013445368
2024-05-29,KZTO,920.03,54590.0,5.467543334138699,1.1760927882132413,-0.4186274304594439,0.0,-0.11601109290086983,-1.1821127420756044,32.97606840104048,-0.09232121186438189,16.228019798724922,-0.11134561671039364,30.20424351100262,32.97606840104048,-0.14508586468626197,35.0193717650955,-0.2631185294596156,33.3125311844954
2024-05-30,KZTO,859.99,32369.999999999996,-2.5007487172484577,0.6534744227946877,0.15684209700831164,0.0,-0.0531867191239027,-0.5053818803956331,42.47682863475972,-0.025288054221560725,39.3507850123449,-0.04282707369059481,42.51772052257241,42.47682863475972,-0.08096294809721857,41.97761894672636,-0.19591099036865878,37.27301322580382
2024-05-31,KZTO,854.48,8890.0,-3.0047718231351426,-0.7249735901290448,-0.003636363305781847,0.0,-0.05049971463197519,-0.4764380365363137,42.90170170932255,-0.012724521327739685,44.86714159835481,-0.03879497033747808,43.29042030467334,42.90170170932255,-0.06546864027950539,43.72004025524615,-0.19237426263517923,37.48680320770762
2024-06-03,KZTO,847.9,74300.0,-3.778262840580581,1.3982079578339748,0.40950790619232785,0.0,-0.0435887529788815,-0.40199461985955287,43.99914462174625,-0.01901899721440649,42.07867245203572,-0.03142358272632474,44.71126096957007,43.99914462174625,-0.06385756289581915,43.90218478121326,-0.18731809245811779,37.79328909450017
2024-06-04,KZTO,839.99,26250.0,-4.37864846426455,0.3577635432967692,-0.14859094156315394,0.0,-0.03620698682259446,-0.32247979668919236,45.17783783609302,-0.015786663692330435,43.505450634177734,-0.02320172888490548,46.30617794517947,45.17783783609302,-0.06366226616076495,43.92427582895981,-0.1796091553338598,38.26245173026899
2024-06-05,KZTO,837.49,10040.0,-4.525569464815745,-0.6730244571684817,0.545040896720574,0.0,-0.0370952593179507,-0.33204808006473524,45.03568829039763,-0.020013207061273616,41.642353475339874,-0.022633065886406234,46.416808201607545,45.03568829039763,-0.06014690913153761,44.32231997449247,-0.17580421198585264,38.494833868071865
2024-06-06,KZTO,840.5,46720.0,-4.117815476830447,0.8645686392106757,0.07692307297830395,0.0,-0.04153358332625138,-0.37985676720286937,44.326685531349234,-0.003304804632541099,49.09559608397414,-0.024962490675429404,45.96386674209408,44.326685531349234,-0.057808809712661585,44.58747068772796,-0.18273015825802857,38.072239679210355
2024-06-07,KZTO,845.88,34360.0,-3.229295250277828,0.3981428970719113,0.5152940873356413,0.0,-0.04948529933323874,-0.46551096957258464,43.06237849763712,-0.00976360831323594,46.19119774990364,-0.0323975879163317,44.52297288952588,43.06237849763712,-0.06147936744376664,44.17135696381883,-0.18904315702778962,37.6886111580683
2024-06-10,KZTO,834.05,11050.0,-4.501118630109103,-0.8902516998956395,-0.4899244023977133,0.0,-0.04115345935828514,-0.37576215224816667,44.38732242888236,-0.001561858135336878,49.881235196374426,-0.018489957802956057,47.22382350673839,44.38732242888236,-0.050125132719194734,45.46092578520858,-0.17830819894890387,38.34184624302623
2024-06-11,KZTO,829.0,28600.0,-5.092342000017231,0.060722899844017984,-0.5714285306122479,0.0,-0.035208059528596305,-0.311719563235487,45.337789317034684,0.00455588967392345,52.636727997680154,-0.012407463093802055,48.41111648095414,45.337789317034684,-0.0456862738621785,45.966831870444395,-0.17130582409481682,38.770245063986536
2024-06-12,KZTO,823.0,8450.0,-5.606129639549016,-1.2012446294969172,-0.8180163040931482,0.0,-0.02334231229146176,-0.18390424460183352,47.24423182988765,0.004615400972053462,52.66348091301525,-0.005117372080464414,49.83637989100656,47.24423182988765,-0.04298506625007232,46.27510826735985,-0.16623469497965243,39.08158395656086
2024-06-13,KZTO,840.0,74800.0,-3.667615602222899,0.9794035660343323,-0.07859078377802697,0.0,-0.046896428571428575,-0.4376242014905415,43.473093958300964,0.0032559523809524028,52.051998455475925,-0.029040079365079345,45.172653238063056,43.473093958300964,-0.06776349206349207,43.460883146110675,-0.18253571428571427,38.08407960495888
2024-06-14,KZTO,839.9,13430.0,-3.3612867904458397,-0.7580100899290074,-0.30490954102651685,0.0,-0.06107164179598098,-0.5903165990941228,41.23667369314514,-0.009733375949895748,46.20474799322241,-0.029488692153449826,45.085746090209454,41.23667369314514,-0.06883836643440164,43.33961974378061,-0.18192786617643442,38.12110133518265
2024-06-17,KZTO,834.99,14150.0,-3.983766983496801,-0.6856978846746662,0.4180644891571309,0.0,-0.04589689896485785,-0.42685748005324425,43.63190918398997,0.0008210320026644175,50.95534916218083,-0.025488024835199064,45.86176947089001,43.63190918398997,-0.06538908166279724,43.7290310284247,-0.1697372319543034,38.866451207058844
2024-06-18,KZTO,835.0,8320.0,-3.9574258698050224,-1.2167486775126513,0.9999997995992386,0.0,-0.04110684345594525,-0.3752600156113503,44.39475969384192,0.0019214119380287589,51.45111998677543,-0.0293206563064348,45.118295215215085,44.39475969384192,-0.06913402480752781,43.306278565162934,-0.17462186579222505,38.56715174187225
2024-06-19,KZTO,829.0,7850.0,-4.6263692711944495,-1.2748972035751702,-0.8459166647277868,0.0,-0.03887790989335018,-0.351250414882224,44.75065882510339,0.008040422578359862,54.20011695103839,-0.02316986903325866,46.31237515266532,44.75065882510339,-0.05010210236084783,45.46354827824355,-0.1707610479254025,38.80364782812983
2024-06-20,KZTO,844.98,34660.0,-2.615480618870051,0.23413104468160384,0.47999998222222423,0.0,-0.04553761940265703,-0.42298739662709944,43.6890272045525,-0.022882054942974156,40.39087349600801,-0.04362656836622789,42.36492875524133,43.6890272045525,-0.0684241335945962,43.38634261628944,-0.189224589902945,37.67760835905689
2024-06-21,KZTO,834.0,16960.0,-3.604216981398436,-0.48059667905511627,-0.4728369904200599,0.0,-0.042249842982756664,-0.38757216467351047,44.21247475827641,-0.004065062235925562,48.75302440141075,-0.03623271953865478,43.78316826461754,44.21247475827641,-0.052341795135320314,45.20863189551865,-0.17808953408701617,38.3551969975027
2024-06-24,KZTO,837.99,53610.0,-2.179823375601103,0.908810081340876,0.09820787826466904,0.0,-0.03871196792324496,-0.34946292309095134,44.777177160116324,-0.01099654705221509,45.639092335819676,-0.04080829156672514,42.90416127053629,44.777177160116324,-0.054557719151097965,44.95666793009519,-0.17961957362259698,38.261816177108855
2024-06-25,KZTO,838.95,173380.0,-1.3932579093946476,2.082559787644948,0.13924050064351082,0.0,-0.04308933835945732,-0.3966150312473636,44.078691467039924,-0.012254528974710478,45.076875921019024,-0.03725985259351974,43.58548675065754,44.078691467039924,-0.05924540298388864,44.42451724977321,-0.17933901702524985,38.27893254155023
2024-06-26,KZTO,837.99,11090.0,-1.041264594935547,-0.9054092369872173,0.3299999450000122,0.0,-0.04675000737308493,-0.4360469833223974,43.496350523836675,-0.012123608873614255,45.135330574512174,-0.039631598016000885,43.129810051351136,43.496350523836675,-0.058176999853390685,44.545695477751714,-0.17605556292864047,38.47946659502994
2024-06-27,KZTO,828.0,12570.0,-1.530150332203368,-0.5416106002044164,-0.99999990000001,0.0,-0.03541813319530705,-0.31398243232502426,45.30414353279816,-0.002592063492063492,49.41683464088001,-0.04242596618357488,42.5944304204221,45.30414353279816,-0.0500277605244997,45.47201383916125,-0.1632532436162871,39.265046023256396
2024-06-28,KZTO,832.89,21610.0,-0.8110399064660468,0.3287734371985439,0.3680933565686023,0.0,-0.04200896614141579,-0.3849774903043229,44.25087686741681,-0.00726056406293861,47.31478789426852,-0.038543538290942175,43.33871629524731,44.25087686741681,-0.051056082264336035,45.35493874349391,-0.16672436995052795,39.05148140286192
2024-07-01,KZTO,831.0,17830.0,-0.9879726742410447,-0.07844501544971985,-0.39999996000000404,0.0,-0.03257256890722594,-0.2833306158902875,45.76024639112323,-0.006213808664259917,47.785539224114146,-0.03152037562317346,44.69254274238942,45.76024639112323,-0.052291649475674745,45.21433665283791,-0.16465666867228235,39.178648891936184
2024-07-02,KZTO,830.85,19690.0,-0.8571935552259528,0.12392787440971818,-0.4107883391298329,0.0,-0.025180298360543016,-0.20370264164914564,46.948258368948395,-0.00603590872227812,47.8655865844165,-0.03617573483265849,43.79414135428966,46.948258368948395,-0.04877890793134976,45.61426373775671,-0.1679985996125597,38.973187807173815
2024-07-03,KZTO,830.0,5960.0,-0.921807257803299,-1.0711089128949154,0.7084046812341827,0.0,-0.0163365366226812,-0.10843951140924235,48.373980905376136,-0.005005273474851788,48.329531170770196,-0.02316687703193724,46.31295714657155,48.373980905376136,-0.03440918435647351,47.25561077472445,-0.16480885446548096,39.169284149307806
2024-07-04,KZTO,828.0,19060.0,-1.152168015096249,0.09140893517679786,0.5859212846155086,0.0,-0.01912705314009655,-0.1384983649056066,47.9237191928414,-0.00260255348516217,49.41210629663094,-0.03038897515527951,44.9114304522617,47.9237191928414,-0.03823526570048305,46.81785808891091,-0.16386171497584545,39.22757924864495
2024-07-05,KZTO,829.0,2990.0,-0.9689780583454346,-1.7609012865064286,0.22661117949871912,0.0,-0.026836200145518657,-0.2215396653142316,46.68178929799963,-0.00743810481168742,47.23498853342698,-0.023390249775020626,46.26951021427428,46.68178929799963,-0.035677701667719726,47.11042605420458,-0.1650241714055948,39.15603599777823
2024-07-09,KZTO,827.99,11250.0,-1.0204086112143242,-0.3240133177223998,0.7566264148642883,0.0,-0.015728398749927403,-0.10188877891631005,48.47214412159268,-0.006814405779381201,47.51538262459394,-0.025537821396508717,45.85209711546872,48.47214412159268,-0.04171174806669892,46.42052649053478,-0.166345365143203,39.07477982898997
2024-07-10,KZTO,827.99,14410.0,-1.005799601543998,-0.07645957826289021,0.9999994974876898,0.0,-0.02895756123022733,-0.24439051807220336,46.340696626664965,-0.008619896802104631,46.704187109419806,-0.030379684580386594,44.9132286920956,46.340696626664965,-0.04488266231169501,46.05851319070792,-0.16765866475363844,38.99406917878812
2024-07-11,KZTO,828.0,3690.0,-1.0243576787609134,-1.3532280517664272,0.0,0.0,-0.018320876466528635,-0.12981440035218791,48.05376781945706,-0.012501000690131181,44.966865497163326,-0.03075265700483086,44.84104840724278,48.05376781945706,-0.04180881642512074,46.40943870601468,-0.1659628536922015,39.098298870354604
2024-07-12,KZTO,827.99,6190.0,-1.0438343188070733,-0.8359224114147216,0.9963501831477801,0.0,-0.01955677472525258,-0.14312723489860504,47.85440991295794,-0.013459206354957523,44.539656178464384,-0.031584650857488704,44.680113751733145,47.85440991295794,-0.049021013744894204,45.58668113767103,-0.16840968926087413,38.947940970580795
2024-07-15,KZTO,824.98,7650.0,-1.3283143754761702,-0.5892366799911908,0.738146988336365,0.0,-0.019381076318540875,-0.1412346488365152,47.88274711549504,-0.011685754007696975,45.3309255071166,-0.02073883478464319,46.78556884879139,47.88274711549504,-0.03943690680139626,46.68047277757405,-0.16318792884637515,39.26906854844886
2024-07-16,KZTO,824.49,3170.0,-1.3522106886538674,-1.4385280111522087,0.5887094400365265,0.0,-0.02462680120004928,-0.19774048734756677,47.037367158626466,-0.016556349682834235,43.164635414305906,-0.012875034913357706,48.319766414558615,47.037367158626466,-0.0332705013748759,47.38597527641648,-0.16391696091783148,39.224178093498274
2024-07-17,KZTO,823.0,5900.0,-1.5241019852408286,-0.7024240997742517,-0.3513512920014803,0.0,-0.02062375937819437,-0.15462056782298872,47.682353519645766,-0.014781072923296484,43.95164571810245,-0.0031643672009103365,50.218347143440845,47.682353519645766,-0.040743575575228064,46.5311366914489,-0.16345180861733108,39.25281794258117
2024-07-18,KZTO,819.8,3550.0,-1.888973629474448,-1.210426335784193,0.39957109366896504,0.0,-0.0069868145347103065,-0.007726283331185224,49.88410595758257,-0.0062067891123270096,47.78869750924852,-0.0044875272520977574,49.95956453826958,49.88410595758257,-0.034582749373637374,47.235743063164,-0.16117779588130285,39.39293709334126
2024-07-19,KZTO,819.0,11030.0,-1.9835692248660979,-0.07675940098065467,0.49874680466832133,0.0,-0.012104059829059828,-0.0628481669136133,49.057389189978075,-0.00880540293040293,46.62093172579744,-0.010088278388278445,48.86436344199059,49.057389189978075,-0.028653510378510355,47.914907968897225,-0.16260839438339444,39.304766572143386
2024-07-22,KZTO,817.49,6460.0,-2.022764893658276,-0.5476009193627353,0.1035714100765408,0.0,-0.019429293470314767,-0.1417540337934356,47.87497036218328,-0.021666894808868117,40.91953896767542,0.0017905533624312936,51.18721005346172,47.87497036218328,-0.03170241675690611,47.565558704147804,-0.15895684090694184,39.52995557407815
2024-07-23,KZTO,812.99,6140.0,-2.5328845550096566,-0.5885087647544657,-0.001999999799998201,0.0,-0.013283597247432916,-0.0755538944128349,48.866885624957284,-0.006432541293289877,47.68713453211523,-0.00607196165164966,49.64968615173163,48.866885624957284,-0.028579104508792523,47.923436218600926,-0.1552959220490617,39.75616894594754
2024-07-24,KZTO,812.99,78050.0,-2.4243582220394306,2.1230416810891044,0.12945205036123,0.0,-0.007271539581404111,-0.010793281290846704,49.83810134644803,-0.0015009262643461822,49.90870376535969,0.004788785039430185,51.77308440775167,49.83810134644803,-0.02533858206538004,48.294968924100814,-0.1530429969169265,39.89559895310358
2024-07-25,KZTO,816.89,149140.0,-0.8135666557588317,2.7705778635796436,0.6358313445063608,0.0,-0.009456472573972467,-0.03432891718947105,49.485084446475554,-0.011149904326455315,45.57049158475267,-0.0012826500750911674,50.586348396904604,49.485084446475554,-0.032244759348609604,47.5034400658221,-0.1578565477137739,39.59789762651453
2024-07-26,KZTO,814.0,4600.0,-0.8209893757464013,-0.7082477072816252,0.21158909468049839,0.0,-0.008349180999180967,-0.02240140663123053,49.66398395913384,0.0046662951912952244,52.68635886423974,-0.0011561005811005689,50.61109543186863,49.66398395913384,-0.028685581685581676,47.911232058254704,-0.1580819078819079,39.58397857219935
2024-07-29,KZTO,802.0,21700.0,-2.24652960892181,1.12357376983163,-0.9230768639053265,0.0,0.0051215849265725255,0.12270283371961434,51.83971162071087,0.009836852313660284,55.00308793368105,0.00797291889324302,52.394748317880456,51.83971162071087,-0.01989001207299211,48.92006305127805,-0.14086598286030955,40.65200158218995
2024-07-30,KZTO,809.98,150670.0,-1.0713607628574917,3.0613527377871317,0.10888888283950852,0.0,-0.009511487487247394,-0.03492152619498158,49.476196270498654,0.00824943082074918,54.293660143689706,0.0001884583863916451,50.87400603471784,49.476196270498654,-0.02627526014751693,48.18755562511331,-0.1497759899421385,40.09807974577135
2024-07-31,KZTO,814.0,314650.0,-0.22714590869165968,3.797720643687793,0.10664432979775866,0.0,-0.01936248781248781,-0.14103441738234598,47.88574520939301,-0.0001283315783315894,50.52746337397329,0.005041150891150892,51.82237837897096,47.88574520939301,-0.0277174466674467,48.02220638018449,-0.15830968565968567,39.56991191231286
2024-08-01,KZTO,810.0,114630.0,-0.5878920389931693,2.7879674693953405,0.5555555493827161,0.0,-0.01568139329805995,-0.10138244613440528,48.47973205675512,-0.00011141975308642024,50.53508653150484,0.0038993386243386247,51.59932425739214,48.47973205675512,-0.03134034391534386,47.60703387701696,-0.15536040564373899,39.752180592573204
2024-08-02,KZTO,819.97,179610.0,0.7203212995038477,2.9564768366652125,0.2910500147251641,0.0,-0.030121298698307042,-0.25692605184988476,46.15372310424104,-0.012665496748719588,44.893471481726955,-0.017596663399028753,47.39802874827865,46.15372310424104,-0.038465053246237654,46.79158236115953,-0.1608126652233309,39.41545188842668
2024-08-05,KZTO,812.01,92510.0,-0.3455396269692334,2.293005222192877,-0.2632410859097993,0.0,-0.02431502793479555,-0.19438213170055374,47.08756861162315,-0.0038220016496395373,48.862536178035974,-0.007231668226581764,49.422890322777434,47.08756861162315,-0.0299650015599151,47.7646079129414,-0.15495815977811667,39.77706198981219
2024-08-06,KZTO,818.79,56390.0,0.5180675262254415,1.621745335380303,0.8655555074691343,0.0,-0.0203351307009937,-0.15151152078145388,47.728891022576306,-0.0047667082931316905,48.436966229019276,-0.009590195898826278,48.961732482629714,47.728891022576306,-0.04135587696478946,46.461179440376114,-0.160211284130648,39.45254422167799
2024-08-07,KZTO,816.01,29170.0,0.168087051811796,0.8299624990915959,0.11333332074074012,0.0,-0.016684792057286835,-0.11219084526546311,48.31777248817013,0.005979960383110784,53.27645954411081,-0.00359075289012758,50.13495557486563,48.31777248817013,-0.03863037846952931,46.77267886562451,-0.15926267380593487,39.51107785268261
2024-08-08,KZTO,812.0,7400.0,-0.30917149224797125,-0.7936602998288251,-0.9999998327759477,0.0,-0.008338218390804597,-0.02228331973331511,49.66575518302664,0.018964025725232623,59.03422184117878,-0.0011363163656266783,50.614964252442206,49.66575518302664,-0.03496208264915161,47.19232444262558,-0.15275666392993978,39.91333144493435
2024-08-09,KZTO,811.7,6140.0,-0.33930203037451206,-0.9803138128839475,0.8775508413161728,0.0,-0.005517007563980025,0.008106166369574041,50.12159225584914,0.014026186711800248,56.8648502169402,-0.002370190038152328,50.37366695973214,50.12159225584914,-0.035861054743033964,47.08944485863063,-0.15394183533090455,39.83995146898264
2024-08-12,KZTO,811.0,9250.0,-0.4153870321655143,-0.5705184221978857,0.11504423760670109,0.0,-0.008391011978157477,-0.022852001085990843,49.65722535374441,0.008249214178067388,54.29356319920643,-0.006086893997220744,49.64676582408985,49.65722535374441,-0.015892238173526717,49.3789387232127,-0.1574005118117942,39.62606919745974
2024-08-13,KZTO,817.0,135200.0,0.3324399862475308,2.111606898385154,-0.036513543197082735,0.0,-0.015844444444444446,-0.103138798584211,48.453411549963036,0.010857146257115657,55.45800969742392,-0.01835862378815255,47.249431389730255,48.453411549963036,-0.022773497212022323,48.58919704308515,-0.1646504551106448,39.179031259966955
2024-08-14,KZTO,823.0,66350.0,1.0393215387465036,0.9588159069942718,0.06666666222222252,0.0,-0.026767951165885595,-0.22080450174603072,46.692768344831165,-0.009835996836968945,46.15875526920634,-0.026825876583926392,45.602019284951524,46.692768344831165,-0.03432689974734322,47.265030067234356,-0.1716710278886767,38.747858625159495
2024-08-15,KZTO,829.5,29280.0,1.7929926118263713,-0.37916523715317857,0.857142734693895,0.0,-0.029759011452682338,-0.25302357029427625,46.21191914586468,-0.006986050833835638,47.438200406285134,-0.03679266626481817,43.6753763103693,46.21191914586468,-0.039616721920835825,46.6599185416325,-0.1754916465742415,38.51394691669696
2024-08-16,KZTO,825.19,4670.0,1.2293685154010343,-2.2161824465349924,-0.7591835185339617,0.0,-0.028100075557394535,-0.23515386383487752,46.47853193963245,-0.0030336685519467945,49.21779208289555,-0.03549346606947864,43.92556725879794,46.47853193963245,-0.04090307381830495,46.51291221804948,-0.1717786018111847,38.74126541224992
2024-08-19,KZTO,819.8,2280.0,0.5677725308460867,-2.933149727899414,-0.8250949524594631,0.0,-0.018215654321417894,-0.1286809696683995,48.07074374435831,6.424040706799273e-05,50.61426539381168,-0.016897150098552825,47.53448834146033,48.07074374435831,-0.03611222065389539,47.060705472932554,-0.16532246986295532,39.137684749154076
2024-08-20,KZTO,828.0,72360.0,1.5740737153215616,0.5242974407763776,0.7647058373702448,0.0,-0.014694254658385092,-0.0907491975707773,48.639098247622734,-0.01567517253278129,43.554870396829116,-0.026480020703933713,45.669146475269834,48.639098247622734,-0.04480188060731538,46.067730787591024,-0.16799261559696338,38.97355535576535
2024-08-21,KZTO,817.05,7610.0,0.15486419032113174,-2.087449172797406,-0.9909090008264628,0.0,-0.007599535713557098,-0.014326386227596048,49.7851055297671,-0.0002252699170359712,50.48376708241904,-0.009887677285588925,48.90357751155949,49.7851055297671,-0.036448312089660484,47.02225162848463,-0.15616243680080186,39.70258582103119
2024-08-22,KZTO,825.87,3650.0,1.216577612205409,-2.4626101423076547,0.9932125573289025,0.0,-0.014593864896873516,-0.08966782030066303,48.65530703261574,-0.001250396710078324,50.02164486673888,-0.018168370454360688,47.2865300941475,48.65530703261574,-0.04833780146419909,45.664524963109756,-0.1680391152591178,38.97069929901525
2024-08-23,KZTO,824.84,3270.0,1.1002835104355067,-2.1902167588270354,0.9638006869229541,0.0,-0.020621936972095817,-0.15460093725008747,47.6826473456475,-0.006059361834868639,47.85503305127673,-0.02060685779945398,46.81127511216219,47.6826473456475,-0.0462841662606235,45.89863802277803,-0.16686588964247429,39.04278309347248
2024-08-26,KZTO,821.99,5890.0,0.7473765151582571,-1.6017596521998982,0.13392855149874044,0.0,-0.02035991004312612,-0.15177843861198675,47.72489553012975,-0.011733722400747547,45.309490316472,-0.017224204891265634,47.47068246817225,47.72489553012975,-0.04373380496267576,46.189628613584624,-0.15753351499178245,39.617852227803276
2024-08-27,KZTO,817.18,78890.0,0.1257671152443115,0.993028579275018,0.045901635581828505,0.0,-0.011366131560841944,-0.054899359742340205,49.17658405429883,-0.005271282336816797,48.20975542094173,-0.01503057792244873,47.89879006538356,49.17658405429883,-0.042819647242141615,46.29399627716626,-0.14935519034294084,40.124184584833486
2024-08-28,KZTO,819.0,42350.0,0.24689640154706158,0.37094326728899274,0.42028982461667747,0.0,-0.020893406593406626,-0.15752515057216204,47.638880156873675,-0.0015267094017094073,49.89708051558727,-0.012415048840048841,48.40963435823402,47.638880156873675,-0.042586782661782674,46.32058721432209,-0.1516824786324786,39.97987887017158
2024-08-29,KZTO,827.0,120270.0,1.0922961313801864,1.4147134816044602,0.7092554975223605,0.0,-0.02453178921709756,-0.19671703837024626,47.05266527306099,-0.008645552388629777,46.69267174554415,-0.025554857872209742,45.84878806617008,47.05266527306099,-0.05466136350549891,44.94488917006701,-0.15793762883629875,39.59288957063018
2024-09-02,KZTO,822.0,5750.0,0.22397653447745514,-1.6258179992917083,-0.38120563996403595,0.0,-0.012908683814158262,-0.07151540623536308,48.92743346916365,-0.005086253041362497,48.293066424109874,-0.01618386629591012,47.67367216447661,48.92743346916365,-0.04390047792839762,46.170603447328354,-0.15800073572007878,39.588991862456034
2024-09-03,KZTO,814.49,48360.0,-0.6987281230456703,0.9232408272978075,0.26325009797415294,0.0,-0.013047285237602195,-0.07300839144282839,48.90504921278727,0.0025085851902262113,51.71555744386993,0.006606495578009949,52.12805018322379,48.90504921278727,-0.028695332350344088,47.91011447272721,-0.14039776016231406,40.681177478306054
2024-09-04,KZTO,815.0,17480.0,-0.7160546964896898,-0.09437341733789328,0.4997488448142191,0.0,-0.011379406466062933,-0.055042354212620354,49.1744397204742,-0.0026833016846820414,49.37570955909103,-0.0003732155029700663,50.76418322786043,49.1744397204742,-0.02693962411140325,48.11137996636227,-0.14604679618268576,40.32961916701404
2024-09-05,KZTO,819.88,304790.0,-0.12419151468139233,3.126981177008154,0.7286956204914943,0.0,-0.012409831887903042,-0.06614187883493278,49.008002006299996,-0.013504662819413753,44.519409254624684,-0.002585726366460093,50.33151440490254,49.008002006299996,-0.03846908777203943,46.79112103738077,-0.14980536809103306,40.09625744451027
2024-09-06,KZTO,822.0,280770.0,0.15517881970221456,3.0448930186926635,0.39879755523070703,0.0,-0.01987330842312593,-0.14653686891856424,47.80336183983348,-0.017283324643726092,42.84332527651189,-0.012485853319429951,48.395800531209325,47.80336183983348,-0.038145904298459106,46.828076856717374,-0.15063575483721472,40.04476061382907
2024-09-09,KZTO,819.97,8780.0,-0.1334362155487098,-0.979400122360241,-0.07863089004338791,0.0,-0.01979364557665785,-0.14567875759181056,47.81620881129562,-0.017105822507830853,42.921723509223675,-0.013195656577447435,48.257132628702934,47.81620881129562,-0.03930513261131702,46.69553628580337,-0.14941551239969872,40.12044208482256
2024-09-10,KZTO,818.69,3330.0,-0.2939934144967958,-1.948892592089776,0.47599990480004084,0.0,-0.015004590948334645,-0.09409207442385505,48.58899362639996,-0.019359621468443566,41.929043054967266,-0.008484991310159305,49.17781354128598,48.58899362639996,-0.03902069259116439,46.72805353944739,-0.1474000817605052,40.24554552075298
2024-09-11,KZTO,814.99,3340.0,-0.7529240588913118,-1.9458942211235064,-0.9999997506235035,0.0,-0.012576147594176357,-0.06793339643313152,48.981140109109354,-0.002624634672701225,49.40215327821103,-0.011247745040011248,48.637736521208524,48.981140109109354,-0.03271110541915307,47.45003205946081,-0.14512762825797648,40.38675544966568
2024-09-12,KZTO,811.0,24730.0,-1.2976970963224315,0.6331154114483452,0.42154733032918973,0.0,-0.007672677764077259,-0.015114256920096216,49.77328769990635,0.002566150940441973,51.74147763905857,-0.00022243066564891709,50.79366660937056,49.77328769990635,-0.028459375061162973,47.93715961864377,-0.12689208991446965,41.525496457892494
2024-09-13,KZTO,809.99,2830.0,-1.381007591965707,-1.5346081766723647,0.2627290974817648,0.0,-0.012609742634486769,-0.06829527509917521,48.97571419508756,0.007250122086555242,53.84614980134364,0.006719491064655504,52.15010942252836,48.97571419508756,-0.028498468612291324,47.932678677969385,-0.13060614927736713,41.2927898480413
2024-09-16,KZTO,808.13,4140.0,-1.5762572332318519,-0.6828222009971053,-0.9888887057613608,0.0,-0.00669267732344654,-0.004557899526241519,49.931631549715874,0.012047754663470581,55.98771096037514,-0.00038475744708683056,50.76192637704283,49.931631549715874,-0.023270739959329996,48.532152525498425,-0.11344768239197728,42.37095769785978
2024-09-17,KZTO,805.01,13640.0,-1.9478945456253898,0.5094799050976399,-0.1392693904943651,0.0,0.000776409318981125,0.07589752144518971,51.138266121278384,0.012221209043444804,56.064770018444364,0.005870317060046362,51.98431178413119,51.138266121278384,-0.02062507255159804,48.83570826796546,-0.09469186057631543,43.55782741633205
2024-09-18,KZTO,815.0,245390.0,-0.7063320884353095,3.0860380657117714,-0.20705816909131033,0.0,-0.02023361817119481,-0.1504180492889087,47.7452594979377,-0.0002646630635894441,50.4660098639891,-0.001614541338007574,50.5214449886974,47.7452594979377,-0.03853693397604441,46.783363313937016,-0.11144406952965233,42.49735234611565
2024-09-19,KZTO,815.22,512580.00000000006,-0.48718728245844406,3.822645213810122,-0.3837455559190391,0.0,-0.015401536395083569,-0.09836788678884552,48.52490987314281,-0.004197858860185059,48.69319741852764,-0.0068016719413164775,49.506979462324594,48.52490987314281,-0.03209494553617434,47.52059862162406,-0.11431306273153255,42.316397343963715
2024-09-20,KZTO,818.0,376090.0,-0.004674315842609613,3.1851196278784424,0.7333332844444478,0.0,-0.02004049753560756,-0.14833779466364003,47.77640073539552,-0.0027555555555555554,49.34314214598548,-0.012618115224900122,48.36995977094557,47.77640073539552,-0.03009177048162378,47.750081990070775,-0.09464385260216554,43.560875462011694
2024-09-23,KZTO,820.0,88710.0,0.24231705902090606,1.435858846996808,-0.11347120662542656,0.0,-0.025530468447541615,-0.2074745997358332,46.89189368695119,-0.008698838559814164,46.668755678532136,-0.011843447541618242,48.52132294971174,46.89189368695119,-0.037481881533101044,46.90401830256812,-0.10463552071234998,42.92758270159932
2024-09-24,KZTO,817.0,39190.0,-0.13298934665030307,0.1556823855457277,-0.1379310146650886,0.0,-0.022500048085329592,-0.17483155278318477,47.379928826259324,-0.0016087262730469863,49.86010671740783,-0.010262914553826425,48.83022620796342,47.379928826259324,-0.03507063492063492,47.17990029011157,-0.09414782401740784,43.5923713623584
2024-09-25,KZTO,817.0,2870.0,-0.12938315742635512,-2.653598511601472,-0.5948552098303568,0.0,-0.023680846010374772,-0.18755085819357487,47.189702095604794,0.01202359678265431,55.97697625168183,-0.010250154455907198,48.83272046831346,47.189702095604794,-0.022938175866021697,48.57030441874814,-0.08637732023858095,44.08642761183108
2024-09-26,KZTO,814.04,3920.0,-0.49497228964382284,-2.0983694591634428,-0.994917281459054,0.0,-0.02129383628822103,-0.16183849452010202,47.57432825661649,0.009403402995679874,54.809566444274985,-0.012740259731396475,48.34609647830721,47.57432825661649,-0.027811411786636528,48.011434576454135,-0.08696317126493529,44.049136520030075
2024-09-27,KZTO,818.0,7140.0,-0.007759404917658228,-1.0837874399708725,0.6456043069224939,0.0,-0.007151213761788346,-0.009497157020989215,49.85754303015638,0.008325293980672988,54.32760581146086,-0.014009774129700817,48.098118949734655,49.85754303015638,-0.03029653238638569,47.7266199808637,-0.09157602844723876,43.75575280856471
2024-09-30,KZTO,815.12,271770.0,-0.29408166209318776,2.860246561533826,-0.565303077116657,0.0,-0.002984878650645683,0.03538172326551484,50.53070591794615,0.004534330167765742,52.62703568811721,-0.006980498499003788,49.472008163077206,50.53070591794615,-0.024610784973524258,48.378439783246016,-0.09258716667679276,43.69150069226098
2024-10-01,KZTO,817.9,2480.0,0.082759204411529,-2.1412112124153047,-0.37777769382718923,0.0,-0.010634131787368679,-0.04701441306208026,49.294830563693104,-0.002090265624120619,49.64302970921333,-0.01890954040254069,47.14202194193561,49.294830563693104,-0.032739988637179585,47.44672441667974,-0.09262371598188932,43.68917858570887
2024-10-02,KZTO,829.0,170750.0,1.4335110278077325,2.3954905137337317,0.9117646611880089,0.0,-0.02154681582323317,-0.16456353654477762,47.5335504555696,-0.012396131790070248,45.01366683040795,-0.027183131330537843,45.532696462887294,47.5335504555696,-0.04665594903019511,45.85624130234409,-0.11774365318704885,42.10029162597807
2024-10-03,KZTO,823.84,60090.0,0.6959542261824014,1.1417105149019664,-0.3476190062358287,0.0,-0.021798126157953377,-0.16727059829708496,47.49304496928373,-0.013441839916519536,44.54739190379876,-0.02224373094482828,46.49257158068079,47.49304496928373,-0.036411282125979196,47.026488233029426,-0.10172637759836248,43.111740982321436
2024-10-04,KZTO,826.97,2920.0,1.0893735455545388,-1.8825142949704816,0.4846938157278364,0.0,-0.02727280759210668,-0.22624270834963595,46.611560972597324,-0.011188676409251554,45.55315046132896,-0.029016659382473164,45.177191068602816,46.611560972597324,-0.03780520627895566,46.86703922009225,-0.14692223549980032,40.27522547399103
2024-10-07,KZTO,820.99,22460.0,0.43029583271484495,0.694925590986504,0.18311775472309666,0.0,-0.018839257868500613,-0.13539829513291046,47.97014183354996,0.0016635546186301925,51.3349656381917,-0.02247785088444323,46.44701059964973,47.97014183354996,-0.03058378585030036,47.69370762474478,-0.11659794556977959,42.172430801732524
2024-10-08,KZTO,818.4,127200.0,0.10970442212648336,1.9526105487921321,-0.5494349894466889,0.0,-0.020538177861564928,-0.153698701833554,47.69615197528566,-0.004456686682493106,48.57660230074923,-0.02054004910859747,46.824288646905686,47.69615197528566,-0.02318741795838567,48.54171110177183,-0.10362743681050134,42.99137581461386
2024-10-09,KZTO,820.98,6780.0,0.41847526619224984,-1.2470473055859492,0.19199996160001495,0.0,-0.024884970662239925,-0.2005214341697026,46.99580147412504,-0.005285541582707824,48.2033354821666,-0.0248769167858622,45.98049469737438,46.99580147412504,-0.02458297191857817,48.38162983775095,-0.09307886837333779,43.66026346578208
2024-10-10,KZTO,815.03,9300.0,-0.3112524627830754,-0.9310139572089919,-0.9866886877389991,0.0,-0.01677949624602377,-0.11321097874862636,48.30248796496777,0.0070082104291029675,53.73772091171435,0.0013782636592011947,51.106616766516524,48.30248796496777,-0.014773918634604713,49.50732462473834,-0.08551559488802528,44.14129100791771
2024-10-11,KZTO,820.0,177330.0,0.2879936309578978,2.284861816516063,0.13043477126654163,0.0,-0.023686914440572977,-0.18761622603968592,47.18872467655356,-0.003975358110723953,48.79343956329939,-0.0041379016647309546,50.027944393826196,47.18872467655356,-0.017339459930313595,49.212806422116046,-0.103636285327139,42.99081576516897
2024-10-14,KZTO,824.62,3100.0,0.8277765511804976,-2.2968928243228555,0.9212327189669943,0.0,-0.03409525139621791,-0.29973262948613694,45.51608903808586,-0.011933160536089218,45.22038798448901,-0.013930168710705784,48.11366585629682,45.51608903808586,-0.01337959644134307,49.667405232339995,-0.11620695544037021,42.19705705522395
2024-10-15,KZTO,817.0,4830.0,-0.10742313883725543,-1.853460867237482,-0.8361444775729657,0.0,-0.02247001272561249,-0.17450801824332005,47.38476854301044,0.000547507334227074,50.83208099095893,-0.002013952516951271,50.44333532892783,47.38476854301044,-0.0075763381321520724,50.333707067478464,-0.10618122923588039,42.8298135542088
2024-10-16,KZTO,818.9,2480.0,0.11506431282138586,-2.520027910391035,0.8999995500002022,0.0,-0.027258137077031275,-0.22608468066529305,46.61392050905422,-0.003874828942037975,48.83873369615923,-0.01085331372708647,48.714825420168886,46.61392050905422,-0.017311820589757422,49.21597910001562,-0.11361575715196727,42.36035948870844
2024-10-17,KZTO,822.98,62160.0,0.5665329830571055,1.364646814980611,0.4974999689062542,0.0,-0.027333636885619326,-0.22689794862883614,46.60177763778599,-0.00883793399673738,46.60633366878506,-0.017519680028483413,47.413044637299606,46.60177763778599,-0.021109334418433753,48.78013846838755,-0.1082053902253021,42.701866055971735
2024-10-18,KZTO,818.99,14700.0,-0.08106577447732222,-0.07721259768506215,0.7755554693827277,0.0,-0.016442551743465688,-0.10958148385920724,48.35686962576332,-0.01010069995234161,46.040150752791,-0.011448809523809524,48.59844231556071,48.35686962576332,-0.02238677114300871,48.63356545170651,-0.11276260295540172,42.41416367327581
2024-10-21,KZTO,817.05,3670.0,-0.3866584416804535,-1.1847047722209036,-0.29765876332486085,0.0,-0.01165005835453324,-0.05795775908955638,49.13072121177044,-0.004148834876340827,48.71528307295983,-0.013941169232517626,48.11151743695808,49.13072121177044,-0.021817309440758104,48.698902701883284,-0.11290526159732597,42.40516564774936
2024-10-22,KZTO,819.72,2630.0,-0.06211684325594222,-1.1395734971906675,0.812708758291404,0.0,-0.02040446337076776,-0.15225835763056186,47.71771169661746,-0.0038630028720609095,48.8440621430077,-0.01838037343761985,47.24519048031585,47.71771169661746,-0.022360275808464315,48.63660529493417,-0.12383466235857546,41.71734596092553
2024-10-23,KZTO,818.0,7250.0,-0.2876950766887855,0.04082171906809109,-0.33779252916637414,0.0,-0.015382525129041083,-0.09816310145351957,48.52797898518822,-0.010254295222571456,45.97135037229608,-0.015436213955834926,47.81960111378456,48.52797898518822,-0.013943446074436285,49.602669265791626,-0.12656664241083554,41.54590574899975
2024-10-24,KZTO,817.99,1370.0,-0.28797150471271454,-1.6585471484382677,0.9932200022983105,0.0,-0.018992316386450186,-0.1370470091034976,47.945452381183266,-0.005136760830894633,48.2703239041041,-0.01627582611519488,47.655725872821094,47.945452381183266,-0.004178735739580011,50.72376338585334,-0.13296516488248294,41.14518537439265
2024-10-28,KZTO,812.99,6430.0,-0.9001709939082595,-0.11241100804817586,-0.4306151029162924,0.0,-0.014136771850607518,-0.084744110719957,48.72911213629052,-0.000226057564893232,50.483412036179885,-0.015072623284380205,47.890581401413534,48.72911213629052,0.009556644564245168,52.29924397789807,-0.14016335169393326,40.69578641177855
2024-10-29,KZTO,815.91,2500.0,-0.5403795485629972,-1.0317476281832005,0.940199023189672,0.0,-0.01594116674283049,-0.10418067071751436,48.43779857196725,-0.006884144434697766,47.484022365057776,-0.016183113567030883,47.67381906472746,48.43779857196725,0.003290635755227478,51.580896345519136,-0.13536404324473225,40.995249906529644
2024-10-30,KZTO,818.78,33780.0,-0.4380928368680455,1.6320377687985803,0.007999998933326199,0.0,-0.02010720020146114,-0.14905630166698391,47.76564454911003,-0.011004730673627037,45.63543116601366,-0.02216833271491416,46.50724572568342,47.76564454911003,-0.007109434206603132,50.38731270188476,-0.1428559212758277,40.528078330112436
2024-10-31,KZTO,811.83,18450.0,-1.2648021870887007,0.9670104686602703,-0.7866322896359412,0.0,-0.012848416217798406,-0.07086621643904649,48.93716687568591,-0.0037338894695875726,48.90223817337294,-0.008811169840859286,49.11403807802393,48.93716687568591,0.003509459302117504,51.60599545268698,-0.13667298779125123,40.91350816894626
2024-11-01,KZTO,816.0,2860.0,-0.471107743325945,-0.8972231923540623,0.4690264656590305,0.0,-0.015084313725490225,-0.0949508313112941,48.57612262534417,-0.010075910364145648,46.05125624717642,-0.007846148459383754,49.30272968772657,48.57612262534417,-0.0018493697478991558,50.99113450224871,-0.14690856676003736,40.276074570697375
2024-11-04,KZTO,815.0,2870.0,-0.5338501755326649,-0.833509862255739,-0.6184208492036508,0.0,-0.01510370045768824,-0.09515966108860469,48.572992724595125,0.010181022981789842,55.15664183511287,-0.00420629077806992,50.01456883497273,48.572992724595125,-0.0055354708345505856,50.56801348958457,-0.13034615834063684,41.3090672070544
2024-11-05,KZTO,812.5,56810.0,-0.8307528548757193,2.1518820023719387,0.4696522999615624,0.0,-0.01750387667887668,-0.121013851503856,48.185589283500654,0.013919365079365057,56.81759550086676,-0.0066709645909646025,49.532540882516535,48.185589283500654,-0.006101312576312575,50.50305279931656,-0.13422008547008546,41.06672922940954
2024-11-06,KZTO,811.99,6070.0,-0.798954109373689,-0.08446796827442125,0.5366794952371062,0.0,-0.010118539554107454,-0.04146056261656591,49.37812363017942,0.010343647509538118,55.22916378171898,-0.0030915887765058433,50.232580877916,49.37812363017942,-0.008454035842180387,50.23293587260995,-0.1337078153574102,41.09875028421818
2024-11-07,KZTO,811.0,6020.0,-0.9133000024192225,-0.03749407441460942,-0.5025379435182861,0.0,-0.0034150695790029963,0.030747797606857755,50.46120388313816,0.014206303701094106,56.9445002801081,-0.005519295696083612,49.757772872128996,50.46120388313816,-0.025242271935490185,48.30601417173612,-0.13857433895054116,40.79486100675116
2024-11-08,KZTO,809.99,7500.0,-1.0190467169723971,0.21567085513490705,0.4261118470427788,0.0,-0.007141941405508249,-0.009397277161024193,49.85904121602155,0.008892030550249749,54.581068018630106,-0.005555611469434182,49.750670394951214,49.85904121602155,-0.022787795151106127,48.58755670761881,-0.13640506237878303,40.93023566022147
2024-11-11,KZTO,825.51,263040.0,0.8867908937441679,3.7730712109893183,-0.14279731694310346,0.0,-0.027384969291710567,-0.22745089044612438,46.593521915629736,-0.011831742397628919,45.265694446858966,-0.022701369759300302,46.403518173709735,46.593521915629736,-0.04552539319127971,45.98518403613809,-0.15213416403193178,39.95189174578633
2024-11-12,KZTO,826.02,7980.0,0.5626682564329786,0.277705907493509,-0.9542980463222942,0.0,-0.016021152289636735,-0.10504225810403245,48.42488748181097,-0.011223785051901167,45.53744877087325,-0.02395585371506049,46.159523362027834,48.42488748181097,-0.06069722023333918,44.25995871631001,-0.1504829359026243,40.05423610560908
2024-11-13,KZTO,822.6,11570.0,0.13991867837289163,0.6158321889322199,-0.6999998250000323,0.0,-0.02033358080650205,-0.151494825645923,47.729140932991484,-0.011943760202841193,45.21565325775829,-0.021099712583793576,46.71528640716681,47.729140932991484,-0.04334162672362889,46.23439882727209,-0.14388115122781428,40.46427919261081
2024-11-14,KZTO,824.73,12330.0,0.39104070993163703,0.5892458925995573,0.7443762020065227,0.0,-0.020525650429318015,-0.1535637589839971,47.698171824365886,-0.015719048687218292,43.5354202435539,-0.020793312760944035,46.77495821357003,47.698171824365886,-0.06771017024041925,43.46690076993695,-0.15390653066544724,39.84213670219693
2024-11-15,KZTO,819.4,6870.0,-0.2683185182856028,-0.07093153186713153,-0.9005326997277716,0.0,-0.01190005850196236,-0.060650707781579084,49.09033976684378,-0.008449793209123124,46.780545963337886,-0.015587601070857134,47.79004985215324,49.09033976684378,-0.051104964433906316,45.34937474542771,-0.14873418006206632,40.162719981916105
2024-11-18,KZTO,817.99,17080.0,-0.41423544117740785,0.883461164598944,0.08338982485492837,0.0,-0.014843947722611594,-0.0923616595859364,48.61492955569183,-0.0075940800834488524,47.16489386559125,-0.019316478701082433,47.06270015792238,48.61492955569183,-0.05400399336876285,45.01960616702026,-0.14631183498672798,40.313148987860735
2024-11-19,KZTO,818.99,2610.0,-0.28668991004701966,-0.9950890694965449,-0.0025062650360215153,0.0,-0.016553470311961888,-0.11077627521043057,48.33896732187745,-0.013697569925946352,44.43350614022749,-0.013836163551815791,48.1320254964492,48.33896732187745,-0.057450833571237654,44.62809434029271,-0.1372342348066347,40.87847443785545
2024-11-20,KZTO,815.0,7990.0,-0.7749190060902528,0.12374531587638027,0.004016063853805183,0.0,-0.00754635066705619,-0.013753488159804334,49.7936988483097,-0.006393314831044904,47.704780659281646,-0.0035039000876424167,50.151942129570045,49.7936988483097,-0.058812873697536266,44.47356679281612,-0.12906486512805532,41.38931334320478
2024-11-21,KZTO,814.0,5560.0,-0.8850036694876957,-0.2824967286038227,-0.47467158073704063,0.0,-0.0038702166452166432,0.025845049711536967,50.387667977226435,-0.007673098748098725,47.12938744003606,-0.007224487149487149,49.424294613132226,50.387667977226435,-0.05213404313404314,45.2322673562778,-0.12548191373191372,41.6139515858299
2024-11-22,KZTO,814.7,3750.0,-0.7955601028787302,-0.6502366218318875,0.34177206537419125,0.0,-0.004789028340357097,0.01594780453753101,50.23921524285965,-0.0036528356430744263,48.93876100718466,-0.009358620955030733,49.00700528250969,50.23921524285965,-0.05612565916755808,44.778539093956226,-0.11533979490941258,42.251688416340016
2024-11-25,KZTO,814.0,5330.0,-0.8757758834070888,-0.29864311382247394,0.33333322222225925,0.0,0.0003057281307281348,0.07082744327403606,51.06225178948753,0.0033139347139347136,52.07809287779721,0.003651997776997729,51.55099728099446,51.06225178948753,-0.05237638742638749,45.20469662080544,-0.1060767043017043,42.83642320917464
2024-11-26,KZTO,810.0,8050.000000000001,-1.3664701659690894,0.11367621224947774,-0.9950122206952113,0.0,0.007138580246913578,0.14442948054596594,52.16508747412536,0.01070842151675485,55.39175237640194,5.7936507936518986e-05,50.84848610481233,52.16508747412536,-0.04823619929453264,45.676103127160744,-0.09513884479717818,43.529450547493354
2024-11-27,KZTO,812.01,9090.0,-1.102639475495556,0.16077275382266587,0.9999996296297667,0.0,0.007028637710302665,0.14324520280369799,52.147356344503635,0.002633867164432059,51.77196709890832,-2.5767275913197996e-05,50.832119920023544,52.147356344503635,-0.030883723737275097,47.65934407580193,-0.09746821749204353,43.381638936604034
2024-11-28,KZTO,809.98,12110.0,-1.3485366327726849,0.4476287933806163,-0.007518796050269329,0.0,0.013271000802684896,0.2104866172493735,53.1531094532702,0.008119893642288555,54.23568834182253,0.004693895714454168,51.75454902256842,53.1531094532702,-0.03702491120690029,46.956288397800186,-0.08892557145247955,43.92427328673546
2024-11-29,KZTO,813.99,4690.0,-0.8696986488536229,-0.5009671916226202,0.9959998008000435,0.0,0.018030528308818572,0.26175524050457627,53.91827799730453,-0.00045488854431932233,50.38026049598007,-0.004964235959374731,49.866330029535874,53.91827799730453,-0.03333470555681334,47.378623761545136,-0.09071987506866533,43.81017290663051
2024-12-02,KZTO,819.0,128210.00000000001,-0.2545666058569343,2.8072650810517783,-0.608336598341788,0.0,0.008016514041514055,0.15388639762447356,52.306657476870534,-0.007812973137973137,47.06654310895247,-0.01155973748473749,48.57676430688176,52.306657476870534,-0.04312921245421245,46.25865011783237,-0.08381138583638577,44.24983474696103
2024-12-03,KZTO,821.0,38880.0,0.04139565194409321,1.5829122987713193,0.26954919323374016,0.0,-0.0017799373586218914,0.04836109591664328,50.72536554501151,-0.008414453917986196,46.79641154028565,-0.009873867041741584,48.90627722719536,50.72536554501151,-0.04799652234015813,45.703417572845204,-0.06088818465672913,45.71477999886656
2024-12-04,KZTO,816.51,13300.0,-0.607978205120638,0.5101978404169821,-0.8573642081605776,0.0,0.005098802714923096,0.12245742855608294,51.83603551680639,-0.003564292158670661,48.978659972494675,-0.0018997059785813026,50.46567785121563,51.83603551680639,-0.05172005527591006,45.27937219153016,-0.05501611029171187,46.091343701429096
2024-12-05,KZTO,818.93,8630.0,-0.31155639340605207,0.07330583117147685,0.18623478011438363,0.0,-0.004112916685322385,0.02323073623101426,50.34845540198594,-0.007744183060009138,47.09744873517905,-0.004902084257642352,49.878485597015136,50.34845540198594,-0.05419551294575437,44.99783562784528,-0.030223509606708943,47.685658825803465
2024-12-06,KZTO,816.0,236540.0,-0.6768655420010132,3.3450507872470037,-0.25751067435391967,0.0,-0.002281512605042049,0.042958233487607814,50.6443378306882,-0.0012287581699346683,50.031399732157965,0.002972595704948646,51.41823686726422,50.6443378306882,-0.05321827731092432,45.10894047543507,0.01724147992530345,50.74836660109353
2024-12-09,KZTO,815.0,23120.0,-0.613638236627771,0.9591484820617131,-0.7857141454081811,0.0,0.0017602809426428383,0.08649557840357307,51.29714255254183,-0.001192986171973952,50.0475260929225,0.0060664159119680604,52.022603271672516,51.29714255254183,-0.055528685850618355,44.846343850797155,0.02253055555555561,51.08972141601136
2024-12-10,KZTO,816.5,5350.0,-0.09414302696745763,-0.5044481166818585,-0.23076917159764382,0.0,0.00622851092059605,0.13462640631917333,52.01829880837451,-0.008440297096589198,46.784809179819966,0.0066552914102975345,52.13757632037331,52.01829880837451,-0.05612473585474198,44.77864394971768,0.015759746401111968,50.65272223094561
2024-12-11,KZTO,816.0,18360.0,-0.13921829835266727,0.728625982267555,0.19919917925934216,0.0,0.016670471521942114,0.24710499656288437,53.69980003883418,-0.0010662231559290607,50.10467197736227,0.010956932773109244,52.97667204547901,53.69980003883418,-0.04697892156862745,45.81941558581072,0.010140592903828155,50.28997417526209
2024-12-12,KZTO,815.0,34910.0,-0.24351923380809762,1.3712241652392958,-0.9999999293286269,0.0,0.02534826175869117,0.34058031690975005,55.09100115804977,0.0056520522933099625,53.12924200561391,0.022028447268477948,55.1274775310547,55.09100115804977,-0.052515692862011916,45.18884961763568,0.0072854684000389636,50.105645686819365
2024-12-13,KZTO,817.4,3570.0,0.08445490641699141,-0.9089762315240931,0.6521737240076076,0.0,0.019817914817015655,0.2810085897881122,54.20517161784713,-0.002207631922355408,49.590122935957574,0.015301487488397242,53.82243257833651,54.20517161784713,-0.05347501330195238,45.07974662183208,0.02825637911146847,51.459148249229955
2024-12-17,KZTO,816.42,56360.0,-0.03219968694007207,1.8502101299188596,0.6841025290203789,0.0,0.014334818563274558,0.22194583707940446,53.32427639641764,-0.0022344226127774536,49.578046263145644,0.009196526531045579,52.633456320092954,53.32427639641764,-0.04655131555770193,45.86817270932629,0.015504135972264577,50.636222338775774
2024-12-18,KZTO,812.0,19120.0,-0.5661936142439123,0.7691862460674898,-0.9999997747748255,0.0,0.02180370826491516,0.30239913664634704,54.52358404669716,0.01543152709359601,57.48533638306008,0.016061316365626646,53.97013759904146,54.52358404669716,-0.039820593869731795,46.63661579904282,0.0033276683087027914,49.85012414239512
2024-12-19,KZTO,817.52,122580.0,0.12779792306197696,2.4479071065476834,-0.8096879708724714,0.0,0.014785486147030843,0.2268003329374823,53.396764887489645,6.657090666781868e-05,50.6153158472725,0.0029256022084601426,51.40905321338087,53.396764887489645,-0.04870128530421858,45.623107688813306,-0.0016693431314529494,49.52752239535581
2024-12-20,KZTO,822.0,45110.0,0.6537616900371278,1.2671061931284746,-0.6960651052895137,0.0,0.004296222917390801,0.1138122087902778,51.70652003556205,-0.00296031746031746,49.250851725755105,-0.0043988182134167865,49.9769142689598,51.70652003556205,-0.05449260514424747,44.964068161918505,-0.0069235459390568355,49.18835956881404
2024-12-23,KZTO,818.0,41780.0,0.12464053111213307,0.9705093185540745,-0.9999998997996093,0.0,0.005630955291652112,0.12818966351752514,51.921897593518686,0.004126178833391492,52.44351030174774,0.0033117340008537374,51.48450972929054,51.921897593518686,-0.0547550209570381,44.93424586850453,0.003110066169907222,49.83607552515903
2024-12-24,KZTO,817.0,12640.0,-0.005250809211290428,-0.3937928128271807,-0.9999996644296427,0.0,0.003945799090750157,0.11003751747385344,51.649963460283445,0.0007247484020127845,50.91195869901956,0.010891193099026647,52.96386003585323,51.649963460283445,-0.053507110800256455,45.07609700258439,,
2024-12-25,KZTO,826.92,167120.0,1.206578612194058,2.1880498448762755,0.3280246512195025,0.0,-0.02596483180269636,-0.2121534698931326,46.82198797652827,-0.011753148343940638,45.30081011987848,0.008297024068661035,52.45798761348095,46.82198797652827,-0.0629471114842686,44.00519124915559,,
2024-12-26,KZTO,819.99,44900.0,0.1498107142879062,0.7542160802306977,-0.3363028578727303,0.0,-0.016346849090494147,-0.10855059513056806,48.372316413551644,0.0007644272665345976,50.92984025603406,0.02430125977146058,55.56690788486633,48.372316413551644,-0.04875970739190204,45.61645132971107,,
2024-12-27,KZTO,822.0,98820.0,0.3815375740086885,1.2254858131202921,0.3389121197107912,0.0,-0.022439853435291382,-0.17418314874921068,47.38962827863609,0.0007726509095122231,50.93354626847775,0.0193222338083652,54.60321217882553,47.38962827863609,-0.05365446066504462,45.0593433897011,,
2024-12-30,KZTO,823.8,53370.0,0.5558510363832712,0.3691722796247255,0.9310343222354455,0.0,-0.03916535682493433,-0.3543467324100164,44.70473047941295,-0.0014189666932565032,49.94565187163948,0.010409208198938773,52.86991414361836,44.70473047941295,-0.06661702331818861,43.5903098425779,,
2024-12-31,KZTO,820.0,13340.0,0.06412852482569523,-1.1063256269348518,0.11234703978342049,0.0,-0.021265650406504022,-0.16153488216593392,47.57887174347497,0.007443234610917538,53.9326800337404,0.016970673635307784,54.14681797113634,47.57887174347497,-0.062235878823073944,44.08569452651964,,
2025-01-05,KZTO,819.63,2870.0,0.011150191870514421,-2.5537470158637263,-0.340852087612523,0.0,-0.042724756597489116,-0.3926878336471863,44.136781339214984,0.009713558251894154,54.94805615949717,0.017421420336005276,54.234355858228135,44.136781339214984,-0.06188197387845735,44.12576407356438,,
2025-01-06,KZTO,823.0,10320.0,0.4291399687710539,-1.0337259878630527,0.5423339720059566,0.0,-0.03643274219367779,-0.3249115857802301,45.14170283052486,0.007984014156492893,54.174865839569264,0.008323993230341956,52.46324947502183,45.14170283052486,-0.06472710515149761,43.803855701193086,,
2025-01-08,KZTO,825.0,55860.0,0.6640524784254863,0.655034779146334,0.030927831863105288,0.0,-0.04334422799422803,-0.39936064846249153,44.03808877787124,0.009151767676767677,54.697152041778786,0.002194264069264068,51.266120363272684,44.03808877787124,-0.06715003607503608,43.53012620346739,,
2025-01-09,KZTO,824.99,53340.0,0.6271941070319881,0.33006198676120796,-0.33889810702869155,0.0,-0.04551981859520374,-0.4227956500955824,43.69185760135304,0.018859932722609225,58.98881999087857,-0.0007101041147780946,50.69830856408647,43.69185760135304,-0.06839286355948135,43.38987015893625,,
2025-01-10,KZTO,828.5,6140.0,0.8902177405946187,-1.8317933610122128,0.9999998175182815,0.0,-0.05560266186740236,-0.5314059044532737,42.095761118940125,0.010935103600885145,55.492732196807445,-0.02256863211387955,46.429345682487046,42.095761118940125,-0.06770987417497673,43.466934182881765,,
2025-01-13,KZTO,830.0,37090.0,1.0461640879408527,-0.03327671151251092,0.16527544530255175,0.0,-0.05192822241346337,-0.4918256201088134,42.675689576931575,0.0018859437751004016,51.43514390780338,-0.023144563970166378,46.317297439018006,42.675689576931575,-0.07245957161981259,42.93168335670779,,
2025-01-14,KZTO,832.0,19470.0,1.2422782505991858,-0.705777760458423,0.33333322222225925,0.0,-0.057297588522588525,-0.549663295763221,41.828977916641854,0.0007393925518924863,50.91855821470279,-0.02913973595848595,45.15334478253329,41.828977916641854,-0.07836146978021982,42.26889875561592,,
2025-01-15,KZTO,835.0,286730.0,1.5653784147448009,1.9838862767956222,-0.603849226065573,0.0,-0.05787541821119671,-0.5558875549092701,41.73813525424276,-0.008929690618762476,46.56516175496725,-0.04703814989069479,41.71461298080734,41.73813525424276,-0.06815573852295406,43.416622183834214,,
2025-01-16,KZTO,843.0,20770.0,2.1132261648070134,-0.7355649158616941,0.4214581848572511,0.0,-0.06763905835169182,-0.6610594206705936,40.21209282547819,-0.020117268259617047,41.5967595413908,-0.04318690193752467,42.44893572043533,40.21209282547819,-0.07264142518217251,42.91122198919082,,
2025-01-17,KZTO,839.99,4480.0,1.7073224229781847,-2.2694412642379556,-0.367132802948793,0.0,-0.0450447702703188,-0.41767853005264655,43.76740723196069,-0.013883860262319903,44.35058109179759,-0.06107002523367154,39.07229780721038,43.76740723196069,-0.06922616199418097,43.29588955918519,,
2025-01-20,KZTO,834.0,142970.0,0.9166836712144601,1.2879800466347535,-0.557267228490715,0.0,-0.04644086730615508,-0.432716991930586,43.5454616590075,-0.0005746231586159535,50.326285645901535,-0.04406942160557268,42.28035748028594,43.5454616590075,-0.06471103973963686,43.80567196209322,,
2025-01-21,KZTO,835.06,7490.0,0.9111016426842853,-1.7555003531144167,0.21833531745049892,0.0,-0.039281950370261325,-0.3556026534109256,44.6861037037779,0.007742722307949423,54.06682799981911,-0.049759179874538026,41.19797706537675,44.6861037037779,-0.06360466532392495,43.93079182479095,,
2025-01-22,KZTO,830.0,18030.0,0.16162365264292297,-0.7826150168231584,-0.8176845198099805,0.0,-0.03692591795754446,-0.3302239707603973,45.06278167493968,0.02118451424746602,59.998941316895404,-0.04605903614457829,41.900967389912445,45.06278167493968,-0.054099698795180715,45.00872683796877,,
2025-01-23,KZTO,828.53,13540.0,-0.05144465217989826,-0.759228695464806,-0.7349998162500595,0.0,-0.037601723989456125,-0.3375036103462641,44.95467526226212,0.020574054009213902,59.73445708169089,-0.05034662088468405,41.08669093268617,44.95467526226212,-0.05597977608650545,44.79510684052153,,
2025-01-24,KZTO,830.81,283760.0,0.17252043343232112,2.6464119963705337,-0.4853272589924157,0.0,-0.04927820783236395,-0.46328022374245315,43.09519852503389,0.011164256587996139,55.59476664657941,-0.04756969729579255,41.61354241202926,43.09519852503389,-0.05329305594482945,45.10043693083546,,
2025-01-27,KZTO,835.99,316190.0,0.7461095718246727,2.3914620750555646,0.1979999802000038,0.0,-0.05483592574016894,-0.5231467851199734,42.21659896330354,0.006688994006155982,53.594588765321035,-0.056567575673514746,39.91397867124011,42.21659896330354,-0.046872115424597814,45.8315932470997,,
2025-01-28,KZTO,844.0,18200.0,1.5111112632491563,-0.4634560072150822,0.05871029271315898,0.0,-0.06644152561498529,-0.6481598514098095,40.39831159202152,-0.002890873015873016,49.2821512306779,-0.06279434100654485,38.75164187036972,40.39831159202152,-0.0560905909125104,44.78252164312355,,
2025-01-29,KZTO,850.03,228120.0,2.1739770702249244,2.4281541465405327,-0.13672153638357493,0.0,-0.07658557401522145,-0.7574293944566826,38.83014471905513,-0.014704742274268906,43.985555616582396,-0.0701902799182251,37.38760786663867,38.83014471905513,-0.034854450015676296,47.20464368306288,,
2025-01-30,KZTO,848.0,97540.0,1.5383519870611135,1.5785450647130943,-0.5448915986925948,0.0,-0.0731904013177598,-0.72085731252456,39.352607915463054,-0.01589193620844564,43.45879920070979,-0.04894906409104522,41.3515947343852,39.352607915463054,-0.030442340521114056,47.709913617862384,,
2025-01-31,KZTO,842.5,145940.0,0.7427376312631091,1.9814777274763797,-0.36487712785467336,0.0,-0.05875709457868211,-0.5653847861910247,41.59963196101565,-0.012308600631152532,45.052737365702654,-0.050966540671659365,40.96935080078203,41.59963196101565,-0.023968803871697072,48.45207595534905,,
2025-02-03,KZTO,844.0,113050.0,0.8454902649640056,1.362948804950493,-0.7837837731921112,0.0,-0.0669862615662379,-0.6540276318191764,40.313569409231256,-0.03137014594147296,36.76607372192058,-0.0443778229143158,42.22148905202191,40.313569409231256,-0.022695781614383546,48.59811304203176,,
2025-02-04,KZTO,844.0,51900.0,0.7910386883733386,0.13788963233732182,0.15611813248114562,0.0,-0.06511762393741069,-0.633899062655667,40.60450314550619,-0.030179359437297826,37.266688766420444,-0.04792875385541262,41.545309778566065,40.60450314550619,-0.01981085157601744,48.92914780375467,,
2025-02-05,KZTO,840.0,30440.0,0.2826687249442485,-0.547337412855925,0.0,0.0,-0.05499920634920635,-0.5249056092929256,42.19085802886565,-0.029122619047619036,37.71325167240911,-0.045724999999999974,41.96459756655608,42.19085802886565,-0.012600396825396824,49.75686746926421,,
2025-02-06,KZTO,837.0,37670.0,-0.12441332720101393,-0.1665124157557007,-0.12994347835340553,0.0,-0.05024893753200205,-0.4737367186758777,42.94140938785305,-0.03996287335722819,33.24304487855212,-0.05119145331967913,40.92680404589255,42.94140938785305,-0.007765646868066224,50.311972145919945,,
2025-02-07,KZTO,834.6,115740.0,-0.45231437147217274,1.130208792007247,-0.19999995000000112,0.0,-0.04956463660949648,-0.4663655739259181,43.049806675517935,-0.024045000456449035,39.887003311731775,-0.04798836739584407,41.53398436202019,43.049806675517935,-0.015029655209795423,49.477964787200435,,
2025-02-10,KZTO,820.0,346770.0,-2.171558778542046,2.0467865401128162,-0.6527011768080961,0.0,-0.032734039876113036,-0.2850699470024318,45.734345165007504,-0.028505497483546277,37.975011819375865,-0.03336243708865655,44.336609658710124,45.734345165007504,0.003764276035617499,51.63522196406615,,
2025-02-11,KZTO,821.0,204460.0,-1.7459115397226233,1.006623587296823,0.37952426271724016,0.0,-0.03899651218993487,-0.35252797372666106,44.731707429202956,-0.019370345880942712,41.92433442997696,-0.038062568393171306,43.4311379500488,44.731707429202956,0.0164626795622837,53.08985342456987,,
2025-02-12,KZTO,817.99,69660.0,-1.9685466196832881,-0.41313906634324415,0.3303571305670709,0.0,-0.035358454123997726,-0.31333958199602935,45.31370140751285,-0.020310342575112054,41.51220305909368,-0.0332827266536227,44.35199997957394,45.31370140751285,0.01847172752335039,53.319577899637636,,
2025-02-13,KZTO,805.99,85910.0,-3.339642544543752,0.027256680106644286,-0.3340744672554486,0.0,-0.018298307183889213,-0.1295712888148999,48.05740897767082,-0.00792127957789069,47.01788835724882,-0.010058156660142117,48.87025163439548,48.05740897767082,0.03415983727593611,55.10784652851414,,
2025-02-14,KZTO,816.96,55030.0,-1.8937270644295328,-0.5109156315687967,0.6959999652000053,0.0,-0.025767347005390556,-0.21002620544121936,46.85376931896576,-0.027378469307817177,38.45485627633515,-0.030253519668737138,44.9376498914525,46.85376931896576,0.0380724539757148,55.55197294013745,,
2025-02-17,KZTO,799.01,388020.0,-4.005724827272839,1.4422609227718428,-0.4113712221712687,0.0,-0.006031523335524543,0.002563911341909753,50.03845866254424,0.00015405490385623187,50.654748135859194,-0.006213467782452229,49.622011812955705,50.03845866254424,0.08593415131483154,60.892877024471524,,
2025-02-18,KZTO,807.5,34360.0,-2.397830508350013,-0.9818994819517388,0.7573221123579756,0.0,-0.02770164995822893,-0.2308621075812314,46.54259473158095,-0.01351282372598162,44.5157744689196,-0.01097554548135044,48.69093538994936,46.54259473158095,0.07016881050665877,59.15572060498582,,
2025-02-19,KZTO,803.78,26350.0,-2.8147397564323433,-1.2473231054819067,-0.0439999956000059,0.0,-0.02321746190717112,-0.1825593826786247,47.26434392550029,-0.005941939553861998,47.90787313924509,-0.0049806117286298095,49.86312727558314,47.26434392550029,0.05314941392989556,57.2544923739976,,
2025-02-20,KZTO,801.98,18770.0,-3.0030245002393094,-1.5865294782636266,0.3784721565152622,0.0,-0.021054603784205542,-0.15926153260466763,47.61289314878761,-0.004387707566629774,48.60767411410253,-0.0049031726635308335,49.878272727555505,47.61289314878761,0.05679768684608768,57.664050148416656,,
2025-02-21,KZTO,797.0,22280.0,-3.583950861911106,-1.4151010223175735,0.08539944119380258,0.0,-0.013612131803788015,-0.07909279914116733,48.813830613086175,0.02206751558423453,60.380472311538256,0.0009745269960765666,51.02768982647935,48.813830613086175,-0.035489304634442644,47.131985496252845,,
2025-02-24,KZTO,801.5,6830.0,-2.94943871678097,-2.4326078675399083,0.8681317727327676,0.0,-0.019288909683232824,-0.14024184934198167,47.89761259206771,0.007598766202259652,54.00235372523268,-0.009884185901434838,48.904260029273274,47.89761259206771,-0.03239659665904208,47.48605035515009,,
2025-02-25,KZTO,799.0,19370.0,-3.0635296796806553,-1.1689542677326912,0.48936166047985874,0.0,-0.01741470538570038,-0.12005331720099857,48.199978475139844,0.019569033216123327,59.29779859557917,-0.006664399944374913,49.53382468596295,48.199978475139844,-0.02922438911734907,47.8494790869838,,
2025-02-26,KZTO,801.43,14680.0,-2.720987349647735,-1.4461919895356727,0.989451372420727,0.0,-0.015506634945590203,-0.09949998613770916,48.507943333509616,0.012765813226912514,56.306524920035116,-0.007232216683511493,49.4227830697153,48.507943333509616,-0.03100969333288962,47.64491253871222,,
2025-02-27,KZTO,800.89,2880.0,-2.390377690549244,-2.9212059815135722,0.9038460748386185,0.0,-0.017924061624300092,-0.1255399948314571,48.117789918705355,0.010954634789233525,55.50143062423657,-0.0004617221476028669,50.746877026884185,48.117789918705355,-0.02783110689655376,48.00917682739537,,
2025-02-28,KZTO,817.0,366080.0,-0.24094948472528263,2.1009768727635056,0.19627824111036277,0.0,-0.04130007965650566,-0.3773415150780581,44.363931752201914,-0.018189956966058556,42.44345671349462,-0.022931719317674047,46.3587023536775,44.363931752201914,-0.04166385343202969,46.42599746026785,,
2025-03-03,KZTO,810.0,5620.0,-0.8453812203658762,-2.075525957726535,-0.5037593606196021,0.0,-0.018785405643738953,-0.1348182103620583,47.97882882557428,-0.009239991181657865,46.42596246379902,-0.025390432098765455,45.880726535750796,47.97882882557428,-0.03569484126984128,47.10846471651306,,
2025-03-04,KZTO,817.0,9540.0,0.21147846213302882,-1.3284347017810625,-0.24487593069708963,0.0,-0.022488637290901673,-0.17470863811995116,47.38176748707226,-0.020314179343708057,41.51052325923295,-0.03396854782304599,44.2196188556721,47.38176748707226,-0.046642750772279536,45.857746280107634,,
2025-03-05,KZTO,814.0,5540.0,-0.05935176573563512,-1.7661500021009517,-0.0012515642989269831,0.0,-0.0188734126984127,-0.1357662037341007,47.964632324657785,-0.02022757205257204,41.54844614120465,-0.03043592196092196,44.9023438536295,47.964632324657785,-0.044259226434226424,46.12965728627487,,
2025-03-06,KZTO,811.98,38860.0,-0.25536202672530145,0.2470035336401262,-0.04121648494531762,0.0,-0.018911876787957502,-0.13618053076828332,47.95842774922046,-0.016587183093883403,43.15099570158313,-0.026818135474835785,45.603521583448845,47.95842774922046,-0.04078254689594746,46.52668369277359,,
2025-03-07,KZTO,804.5,60450.0,-1.1117174083499135,0.6888538222637409,0.4241724240118379,0.0,-0.007185074037901879,-0.009861892750984409,49.852072040345554,0.0012469568498623819,51.147275176596665,-0.01769616319906873,47.378621644624715,49.852072040345554,-0.035066535213629686,47.1803695082714,,
2025-03-11,KZTO,804.89,15220.0,-0.8596756318876596,-0.6903479781729127,0.6552300706920358,0.0,-0.003971254964939478,0.02475668630959569,50.37134346684894,-0.006041204659337279,47.863203479043,-0.019427745287880195,47.04101426562129,50.37134346684894,-0.03569341753689304,47.10862763833865,,
2025-03-12,KZTO,802.83,17110.0,-0.8670257247066221,-0.3514291004445159,0.6936291557888963,0.0,-0.0050873575352192255,0.012734265572223295,50.191013054335244,-0.0014867686807917787,49.91508612441018,-0.011950018787705165,48.50049820378458,50.191013054335244,-0.03596105900377418,47.07800174777207,,
2025-03-13,KZTO,799.99,22090.0,-0.9853428870182843,0.05897065578678191,0.1766784348245914,0.0,0.004134614619190662,0.11207139839583007,51.68043783475705,0.007972956368303794,54.169915592106555,-0.011461682755161434,48.59592654734268,51.68043783475705,-0.03114811100317324,47.62905535826873,,
2025-03-14,KZTO,801.0,27360.0,-0.7718706305107965,0.2774994561736161,0.7777777345679036,0.0,0.015944613875512763,0.23928621157556437,53.583140395221996,0.00809071696094168,54.22262930666414,-0.016402724273229946,47.63096223281685,53.583140395221996,-0.03441219457820582,47.25526619200323,,
2025-03-17,KZTO,808.0,136530.0,0.10214138058397403,1.884960078473206,-0.04509283580409474,0.0,0.007213268112525477,0.14523400243156423,52.17713254861147,-0.002806243124312465,49.320295770403334,-0.010893552569542646,48.70696072774016,52.17713254861147,-0.03940119047619048,46.68455555960118,,
2025-03-18,KZTO,802.53,5880.0,-0.5331373800086968,-1.260017623753315,-0.9969134264022518,0.0,0.04413584249631976,0.5429561614600497,58.07306982701954,0.0036328490612723427,52.22159673265014,0.0009395228215767978,51.02084657351739,58.07306982701954,-0.0319788040856505,47.53390099949647,,
2025-03-19,KZTO,804.15,12400.0,-0.7648866585016332,-0.4304187400368113,-0.7889907739848753,0.0,0.044181420710421915,0.5434471203387277,58.08024205171493,-0.0035053317167195175,49.00522911905533,-0.001106200202520823,50.620853480223474,58.08024205171493,-0.027122470043790665,48.090416463560636,,
2025-03-20,KZTO,808.88,55660.0,-0.1842902539194774,1.13222732454852,-0.47466957738603754,0.0,0.03791292679040427,0.475924230146634,57.0907463610289,-0.009257239679242938,46.41822648672444,-0.009495592533983884,48.98022719738262,57.0907463610289,-0.03796457574887008,46.84881318461107,,
2025-03-26,KZTO,810.0,41880.0,-0.05902907189255154,0.8477741542201209,-0.7181112954114672,0.0,0.039704805996472636,0.49522597382105554,57.37421377178767,-0.00817200176366843,46.90527775029708,-0.008426807760141094,49.18919006118312,57.37421377178767,-0.042486243386243336,46.332068498353365,,
2025-03-27,KZTO,808.28,350840.0,-0.29061107384677254,2.9567109913045875,-0.4677520057763312,0.0,0.045012656662275656,0.5524010181356936,58.210985831935325,1.1292252174130088e-05,50.59039930565524,-0.0025903011175601887,50.33061971306756,58.210985831935325,-0.04031515285053657,46.580093392067866,,
2025-03-28,KZTO,807.99,14800.0,-0.27345233408718594,-0.20898902985605583,-0.45636359487603523,0.0,0.047901235900491446,0.5835161825119969,58.664418293419615,-0.002103188320341098,49.637204331590276,-0.005898222264066232,49.68366463686492,58.664418293419615,-0.041379630479278756,46.45846580961069,,
2025-03-31,KZTO,803.9,1090000.0,-0.780933395699254,4.090312694727633,0.356211110651992,1.0,0.05460906686056273,0.6557715183427676,59.711604593692854,-0.008023693176320984,46.971886071764594,0.004854716836769982,51.78596303269004,59.711604593692854,-0.03303547966559846,47.41288672442496,,
2025-04-01,KZTO,804.0,7100.0,-0.41061429561567486,-1.0154244820186649,0.33333329629630043,1.0,0.04393634209902868,0.5408071853915642,58.04167227215928,-0.0081727434257285,46.9049446826967,0.017826137171286435,54.31293219685295,58.04167227215928,-0.03161610992655765,47.57544478426098,,
2025-04-02,KZTO,806.0,39950.0,-0.16627988760994528,0.7120961356403267,-0.13936780607989516,1.0,0.04192737799834574,0.5191670491640905,57.725140783288545,-0.010665200480523062,45.78736855466043,0.015518432195045038,53.864611958113265,57.725140783288545,-0.03173916459884201,47.56134945311226,,
2025-04-03,KZTO,810.9,39640.0,0.4425267772629943,0.4720220644749035,0.38823524844290663,1.0,0.049703886334408004,0.6029339515737774,58.94665033298393,-0.0154364348255025,43.660736640891436,0.03892140478833052,58.36997112335715,58.94665033298393,-0.036584888043267594,47.00662632148074,,
2025-04-04,KZTO,808.89,36700.0,0.4053146946857908,0.39496056019171627,0.4949494532870829,1.0,0.050512297878515494,0.611641989679785,59.07302946001033,-0.012984663036177131,44.751131181936124,0.0437017532844834,59.27577262490967,59.07302946001033,-0.03162110315488182,47.57487282602039,,
2025-04-07,KZTO,800.02,80000.0,-0.7014844671372242,0.915351773196158,0.3336116770934579,1.0,0.06237316815095499,0.7394047746816321,60.91267093600094,-0.003239285089301316,49.125123591189734,0.05537169774128662,61.4596216369613,60.91267093600094,-0.020488561476439186,48.85137365129008,,
2025-04-08,KZTO,800.0,2810.0,-0.6710470512714157,-2.598560824896465,0.9969230002366951,1.0,0.08119563492063492,0.9421564041878553,63.76765462609833,0.0017829365079365537,51.388744245193365,0.058733928571428534,62.080757122069706,63.76765462609833,-0.02396071428571426,48.45300388625642,,
2025-04-09,KZTO,800.0,59690.0,-0.6673501975431112,0.4573836222427748,-0.1666666597222225,1.0,0.10490694444444451,1.1975696134396294,67.22858236658715,-0.0012535714285714285,50.02021367245211,0.06185178571428573,62.65323484325549,67.22858236658715,-0.021542063492063487,48.73048468352345,,
2025-04-10,KZTO,801.0,32890.0,-0.509471541493776,-0.1488807615614789,-0.12499999218750048,1.0,0.0995673533083645,1.1400526674949498,66.46379140467829,-0.0061717718922775664,47.80445296157506,0.0630274255395042,62.8681898867829,66.46379140467829,-0.0241701578384163,48.42897962209081,,
2025-04-11,KZTO,801.0,2860.0,-0.5036413655284174,-2.498618562236688,0.9999998546511839,1.0,0.0773766630996968,0.9010192477668472,63.19546680695053,0.008109002140181938,54.23081354048327,0.06428221419654004,63.097055717580616,63.19546680695053,-0.024031425004458706,48.44489291876709,,
2025-04-14,KZTO,800.0,47630.0,-0.627316051054368,0.31398831255597925,-0.4974874059367195,1.0,0.07998333333333335,0.9290977479933169,63.586431698637554,0.014390476190476193,57.025906589940156,0.05499444444444445,61.389690509725945,63.586431698637554,-0.025260714285714282,48.30389911319909,,
2025-04-15,KZTO,803.96,41730.0,-0.12349304200345278,0.08917019242105828,-0.10399999479999662,1.0,-0.023670993127668866,-0.18744472502578124,47.191289066666364,0.009359612063144531,54.79000697890981,0.050348047146782114,60.52461532290345,47.191289066666364,-0.03149949000463583,47.58880340171562,,
2025-04-16,KZTO,801.5,3160.0,-0.4330663138627609,-2.533138276072517,0.0,1.0,-0.011865247452692868,-0.060275730524316486,49.095962575465705,0.009957182712968738,55.05678508739547,0.06796143342344216,63.76470261305378,49.095962575465705,-0.026536092049629163,48.15764773806769,,
2025-04-17,KZTO,798.55,12620.0,-0.8052794850936967,-1.1484527317547044,-0.27142853265307976,1.0,-0.008132209595168962,-0.020064236574936414,49.69904008612256,0.0161812976247624,57.81542589492111,0.07007126065795848,64.14519737726532,49.69904008612256,-0.025242890014937784,48.30594328727672,,
2025-04-18,KZTO,809.98,49250.0,0.6453112946171308,0.2548589178733156,0.8365383945081447,1.0,-0.021132203215286152,-0.1600974172574536,47.60038360764759,0.005479534679868627,53.05176650210346,0.05476922542081187,61.347919412411564,47.60038360764759,-0.03775856679000894,46.87237322925291,,
2025-04-21,KZTO,814.0,17490.0,1.1280995428936875,-0.8221087479398844,0.2727272479338866,1.0,-0.02356598904098904,-0.18631364322127295,47.208202077812295,-0.0031543816543816655,49.16338768704613,0.06793266838266838,63.7595029446411,47.208202077812295,-0.04391916364416364,46.16847060427443,,
2025-04-22,KZTO,814.0,9790.0,1.117663867175649,-1.4023720153229189,-0.32269095522337266,1.0,-0.017377451152451154,-0.11965202248284544,48.20599012058188,0.0023822237822237824,51.65865733237006,0.0912171317421318,67.8546542925768,48.20599012058188,-0.045129014079014075,46.030404887964124,,
2025-04-23,KZTO,812.0,13670.0,0.8772976742717504,-1.0268415656194343,-0.1999999583333515,1.0,-0.01749839901477833,-0.12095484726517582,48.18647318216628,0.017796264367816103,58.52401826892272,0.09005830596606455,67.65659214246769,48.18647318216628,-0.04414423918992891,46.142780917714035,,
2025-04-24,KZTO,814.0,10690.0,1.1331925756301569,-1.1801586462613087,0.8533005248654166,1.0,-0.022254154479154478,-0.17218283888467095,47.4195520793495,0.015539124839124778,57.53274848719593,0.06551891989391989,63.32204827992154,47.4195520793495,-0.04887827405327409,45.602942840516654,,
2025-04-25,KZTO,816.99,23910.0,1.5904400548573419,-0.052150137552832064,0.9244443759670846,1.0,-0.027124782360220062,-0.22464821187155512,46.63536934630157,0.041214481890260404,68.2786962915474,0.06278639917490395,62.82416158589656,46.63536934630157,-0.050559856870078856,45.41142799269522,,
2025-04-28,KZTO,814.01,8830.0,1.2005062346760462,-1.1682278032640336,0.0033333327777748385,1.0,-0.022444697878209394,-0.17423533206331587,47.38884766303788,0.04718549227096979,70.56356895216351,-0.0303007565865869,44.92850615797035,47.38884766303788,-0.04864273889131659,45.629778369834234,,
2025-04-29,KZTO,818.5,432980.0,1.6231725845223601,3.0405565943565316,0.2867331973276457,1.0,-0.03137953500887221,-0.2704795071643565,45.95168862705059,0.04135453088789983,68.33336880395,-0.027123504329445075,45.54426547541382,45.95168862705059,-0.0517514445220157,45.27580032746229,,
2025-04-30,KZTO,828.99,23650.0,2.1810757225541213,-0.18302568854824083,0.5516542503947234,1.0,-0.04400900846641269,-0.4065215230518134,43.932230111422285,0.031307197700127305,64.28963032990262,-0.039584984998957434,43.138754742503714,43.932230111422285,-0.06425528513182134,43.85720379345289,,
2025-05-02,KZTO,829.18,12400.0,2.121016797750111,-0.6511465855079929,0.7822704848723815,1.0,-0.046980038636373136,-0.43852483141955473,43.45981518175597,0.03404131842627472,65.4133813562979,-0.03857545070344878,43.332585738721434,43.45981518175597,-0.06809189567470936,43.423825476532095,,
2025-05-05,KZTO,853.2,134640.0,5.043475936274197,1.878768945942296,0.8795986327893464,1.0,-0.07316195666733644,-0.7205509127686384,39.356995584024475,0.007201809992632724,53.82449837976474,-0.06363568917018289,38.59553487714783,39.356995584024475,-0.09306892706449674,40.629790453377005,,
2025-05-06,KZTO,854.95,205400.0,4.547903678311828,2.301123361280569,0.799042985737523,1.0,-0.07695819942593882,-0.7614432365392767,38.77295723723789,0.006304644196216749,53.42217332725576,-0.059698116918561146,39.32809711187459,38.77295723723789,-0.09396497820349659,40.53056035132861,,
2025-05-08,KZTO,854.9,27870.0,3.541081028874272,0.30371640813751033,0.07188352394144122,1.0,-0.07338204296613172,-0.7229216358124755,39.32305112412357,-0.0035861449496552753,48.96881266821917,-0.06210631267557514,38.87947337237786,39.32305112412357,-0.09726662215203855,40.16560414145589,,
2025-05-12,KZTO,857.53,15350.0,3.764435122968336,-0.4377280648812882,0.4153845662266753,1.0,-0.07571662536124882,-0.7480692634119042,38.963623127993976,-0.006076524575289018,47.84731020831085,-0.06722001615381494,37.933143475457356,38.963623127993976,-0.10189900236263655,39.655391893588856,,
2025-05-13,KZTO,859.99,14830.0,3.833017871093716,-0.32718048739331906,0.9919996032001659,1.0,-0.0719944295079474,-0.7079745572380118,39.53723740408404,0.004440490384070531,52.58484669995064,-0.07110052839300272,37.22105916288091,39.53723740408404,-0.09818265695042228,40.064538758762566,,
2025-05-14,KZTO,862.0,31100.0,3.9210223512101816,0.6387061215032603,0.9999999375000038,1.0,-0.07883474662099951,-0.7816570058767139,38.485432975566944,0.0003525006444960038,50.74419190930337,-0.07230590358339775,37.00097755336857,38.485432975566944,-0.10387212923065589,39.438745552559105,,
2025-05-15,KZTO,863.0,12570.0,3.921149402687659,-0.4925189221451493,0.5873014319308496,0.0,-0.0828684820393974,-0.8251075503289725,37.87012215989419,-0.0008210745093711383,50.215186239399024,-0.0766815671614339,36.20663922774926,37.87012215989419,-0.10203719306958009,39.64020543342552,,
2025-05-16,KZTO,854.5,13000.0,2.688974110639674,-0.2335498638244592,-0.41666663194444736,0.0,-0.07350688674338468,-0.7242664265660722,39.303800736860595,0.02671463192064421,62.36670203631597,-0.0674842168445299,37.884492773557696,39.303800736860595,-0.09491053828006721,40.425931400717786,,
2025-05-19,KZTO,855.0,27560.0,2.580644768135913,0.6023315643974517,0.9999997500000625,0.0,-0.07541681286549715,-0.7448397466432573,39.00971555996773,0.04826858813700924,70.9676156352903,-0.07069465329991645,37.295285159924084,39.00971555996773,-0.09381242690058479,40.54744868099356,,
2025-05-20,KZTO,866.5,28470.0,3.8815920025240405,0.5503493826469948,0.9999999200000065,0.0,-0.08494019500087016,-0.847423604008206,37.55559758053332,0.030664559118511757,64.02314678465805,-0.08205367859203691,35.24165574764487,37.55559758053332,-0.10771208519953465,39.018318794336935,,
2025-05-21,KZTO,865.0,52570.0,3.548938905931045,0.938310263696108,0.4306151029162924,0.0,-0.08192852555280297,-0.8149825379353284,38.01316391447801,0.011899536654738967,55.92184055570579,-0.08228400311955225,35.200544403854686,38.01316391447801,-0.11004522203871916,38.76365993569145,,
2025-05-22,KZTO,864.99,81060.0,3.2369833070339213,1.3713538918326402,0.9985703360564463,0.0,-0.07971280795153703,-0.7911152967453507,38.35117088563072,0.013054946588977918,56.43475301734298,-0.07879626585278443,35.825400121172606,38.35117088563072,-0.10990974924565602,38.77842998552778,,
2025-05-23,KZTO,880.0,164570.0,4.7513547474048625,1.9344889971696055,0.9999999285714337,0.0,-0.09456890331890333,-0.9511420127274128,36.10787318029174,-0.09401608946608946,15.816810448870172,-0.09416439393939391,33.11079003338857,36.10787318029174,-0.12550692640692634,37.09209051750967,,
2025-05-26,KZTO,898.95,102060.0,6.359953038777371,1.3777070026430158,0.8950524290328665,0.0,-0.11181134511427357,-1.1368739475187086,33.57873305998842,-0.10536139715911955,13.279083154184196,-0.1073713601053081,30.863696699211552,33.57873305998842,-0.14111303637312314,35.4356984064476,,
2025-05-27,KZTO,895.79,79960.0,5.465392411808258,1.0595510487801965,0.06013985172868526,0.0,-0.10866346514746131,-1.102965650557904,34.034000953963385,-0.10217397511321474,13.955052799585404,-0.10863529336612869,30.653106212911656,34.034000953963385,-0.1391130003807936,35.64613202554238,,
2025-05-28,KZTO,878.0,104760.0,3.038523441273443,1.313412500638858,-0.5612110328560311,0.0,-0.09346805871931155,-0.9392839476219454,36.27217484755311,-0.08276315941714575,18.70939519951348,-0.0932209323136999,33.274462124305366,36.27217484755311,-0.12076947517807429,37.60118814203015,,
2025-05-29,KZTO,878.98,114070.0,2.88099859814197,1.3428054320789828,0.9985703360564463,0.0,-0.09233969197522239,-0.9271294197992037,36.44091759392567,-0.08149716726133142,19.059081796712984,-0.09421372986618327,33.102242405212195,36.44091759392567,-0.11505183373621732,38.21927796624597,,
2025-05-30,KZTO,799.99,89180.0,-6.570553493277745,0.7569224241974281,0.4140773358226154,0.0,-0.0022789649453951906,0.04298567633827922,50.6447494050437,0.015761147232594367,57.630537026910545,-0.00497410759797204,49.864399345778494,50.6447494050437,-0.0250887173242443,48.32362479728942,,
2025-06-02,KZTO,807.0,186760.0,-6.676637280297502,1.4960898221480803,0.40199995980000225,0.0,-0.010984103381129401,-0.05078423302160744,49.238295437721675,0.0042882294801439725,52.51638460811567,-0.010520600991325927,48.77985661490695,49.238295437721675,-0.03510395645246947,47.176086604884425,,
2025-06-03,KZTO,807.0,380720.0,-5.95527430881434,1.748401408791042,-0.1758530068337963,0.0,-0.013483449873133886,-0.07770666461122576,48.83461113311075,0.0019355977459137308,51.45750967911309,-0.009047104207234289,49.06790922596628,48.83461113311075,-0.035073437776597674,47.179579498957544,,
2025-06-04,KZTO,808.0,10650.0,-4.702469968726162,-2.022813904456153,-0.5572858112029115,0.0,-0.015993006443501497,-0.1047390770046803,48.42943069818979,-0.0005811763319188948,50.32333153514732,-0.007959822410812507,49.28050176837375,48.42943069818979,-0.03021123683796951,47.73639318601398,,
2025-06-05,KZTO,810.0,25330.0,-4.392674701189806,-0.9616702655112498,-0.33222031181630957,0.0,-0.016640608465608466,-0.11171490896445407,48.32490348581012,-0.002028042328042289,49.671079266936474,-0.00922526455026455,49.03307714498788,48.32490348581012,-0.030264373897707232,47.73030469563219,,
2025-06-09,KZTO,815.0,98140.0,-3.618195551604792,0.8526606495579379,0.0010010009007997995,0.0,-0.025206561008861678,-0.20398553734007258,46.94403076335437,-0.011680226896484566,45.333395467406476,-0.012963857240237596,48.30241434067852,46.94403076335437,-0.036489663063589445,47.017520707125534,,
2025-06-10,KZTO,812.88,88050.0,-3.6412415904728683,0.2842426758042201,0.26209384389214047,0.0,-0.020840939094858485,-0.1569599817790957,47.647338851901246,-0.009240254755578062,46.42584424920494,-0.01042294346731895,48.79894530299341,47.647338851901246,-0.03033546754397067,47.72215882951511,,
2025-06-11,KZTO,811.0,5330.0,-3.668677058147339,-2.7150152231732103,0.46586342263297115,0.0,-0.01975606149570391,-0.1452739098239728,47.822269975757656,-0.009741354001526611,46.201172150059335,-0.011591268862662176,48.57060240977378,47.822269975757656,-0.03406543655686689,47.294961598442214,,
2025-06-12,KZTO,809.99,20100.0,-3.7594517515224046,-1.387658419803024,0.37781222825351296,0.0,-0.019749221438555887,-0.1452002301756224,47.823373074986755,-0.007279284473823588,47.306372964305616,-0.007995353342594677,49.273554071998824,47.823373074986755,-0.024201227881120235,48.42541578827025,,
2025-06-13,KZTO,810.84,18040.0,-3.572134754128511,-1.4957862621577935,0.7595627031762044,0.0,-0.022278960266954296,-0.17245004158233757,47.41555473078416,-0.010294470872064518,45.95335689808058,-0.010403075587691607,48.802828833389036,47.41555473078416,-0.030207349638587646,47.73683858733251,,
2025-06-16,KZTO,808.0,23320.0,-3.854414381541918,-1.2390674643167772,0.06363027035296524,0.0,-0.021102828854314054,-0.15978100285621313,47.60511891343805,-0.0030876984126984126,49.19344103525933,-0.006753151029388654,49.51646829042922,47.60511891343805,-0.024315134370579937,48.412350484855104,,
2025-06-17,KZTO,807.89,73070.0,-3.8043186317846187,-0.09696340696598865,0.6731215590145936,0.0,-0.019010516764521004,-0.13724305972516382,47.94251659433,-0.002351051764865797,49.52547291673246,-0.009092926346251348,49.05895046402659,47.94251659433,-0.02229989275905277,48.64353315618101,,
2025-06-18,KZTO,805.61,91840.0,-3.895429282511361,0.13166639847226652,0.47706965592199835,0.0,-0.017906336419036113,-0.1253490626707271,48.12064984877075,0.007335897110796238,53.884586931862046,-0.007496744870248194,49.371054106539944,48.12064984877075,-0.02061398529616616,48.836980581929375,,
2025-06-19,KZTO,806.6,319010.0,-3.5354954672230847,1.3278194536182049,-0.13043476079685778,0.0,-0.016779699424194872,-0.1132131673408962,48.30245517392364,0.0011370497955360062,51.09775296462955,-0.006876308254519291,49.49238353363181,48.30245517392364,-0.021335247108182933,48.75421566024765,,
2025-06-20,KZTO,805.0,77550.0,-3.1158837510490742,-0.1333780867511095,-0.3775933348828968,0.0,-0.014801863354037267,-0.09190833567204165,48.62172422196165,-3.390269151133055e-05,50.57002772132261,-0.0073037784679089585,49.408788907366755,48.62172422196165,-0.02154399585921322,48.73026295831816,,
2025-06-23,KZTO,808.0,51880.0,-2.4845995359386417,-0.5353669560427503,-0.2727272479338866,0.0,-0.022241839541096965,-0.17205018497756186,47.4215365922064,-0.003720548483419748,48.90824953884385,-0.009247842998585573,49.02866290492708,47.4215365922064,-0.011891623448059045,49.838245226308445,,
2025-06-24,KZTO,808.48,63600.0,-1.8507207815367508,-0.27826247628689205,0.06001445697654241,0.0,-0.020359563939699524,-0.15177471045910548,47.72495133664204,-0.005762223682929294,47.988754401013836,-0.01108500812027432,48.66954157328238,47.72495133664204,-0.01740986385582667,49.20472489120286,,
2025-06-25,KZTO,814.0,72370.0,-0.6377205576142605,-0.08454981125333269,0.799799719739768,0.0,-0.026046998946998953,-0.2130385569862898,46.80876552860121,-0.009343530868530896,46.379527354214964,-0.019112744237744235,47.10241093653109,46.80876552860121,-0.009547799422799475,50.107354930823625,,
2025-06-26,KZTO,810.0,33410.0,-0.7143395894411421,-0.8127560782751196,0.0010010009007997995,0.0,-0.024701410934744268,-0.1985441676234594,47.02535445067813,-0.002954717813051118,49.25337553741069,-0.01569144620811293,47.76977983381277,47.02535445067813,0.01026723985890652,52.38065356544129,,
2025-06-27,KZTO,807.45,17600.0,-0.5832387086472203,-1.4187135804807147,-0.5095094585075531,0.0,-0.023420515202179755,-0.18474662980958662,47.23163461124469,0.0025560555865171684,51.73693206004314,-0.014873822424505235,47.929394989460015,47.23163461124469,0.009824845707680524,52.329971990325284,,
2025-06-30,KZTO,807.48,60590.0,-0.036567010330079336,-0.11515707293042095,0.46133327182223527,0.0,-0.01664617186449556,-0.11177483672013849,48.324005578940884,0.003756717548068395,52.27732484328824,-0.01296015221960387,48.303138134682435,48.324005578940884,0.007262356254732573,52.03631684766198,,
2025-07-01,KZTO,806.31,19750.0,-0.23005595321294792,-1.1455090141633857,-0.11950969157205164,0.0,-0.01893625599512408,-0.1364431384296264,47.95449521427819,0.0076861220958972624,54.04147981788833,-0.013234154667559537,48.249612349883925,47.95449521427819,0.03240054480995442,54.907876753690445,,
2025-07-02,KZTO,808.9,81480.0,0.07591282673602848,0.3708178254150742,0.07272726611569895,0.0,-0.01903305164567987,-0.13748580069698207,47.93888165613344,0.004386771669149068,52.56069388989907,-0.014087164373723263,48.08300501898578,47.93888165613344,0.021538604552135306,53.669985223175274,,
2025-07-03,KZTO,810.1,148750.0,0.1709089354302124,0.9727270137170444,-0.22403000950812918,0.0,-0.022846247915699218,-0.17856074410550865,47.32414785013776,-0.0006113277216412629,50.3097395348995,-0.015580367797038606,47.79146177591361,47.32414785013776,0.02672325834748991,54.26151872652376,,
2025-07-04,KZTO,812.0,69330.0,0.38679473256221675,0.11021212582019321,-0.33444534324892783,0.0,-0.023451108374384237,-0.18507617298754112,47.22670664397684,-0.0006167077175697863,50.30731427180114,-0.021608784893267653,46.61616469868222,47.22670664397684,0.032090695128626175,54.872641112841556,,
2025-07-08,KZTO,813.0,55420.0,0.4940988604354395,-0.1817347390099187,-0.7499999062500118,0.0,-0.026126079189363258,-0.21389039262490744,46.79604025230347,-0.0032027631347742325,49.14158310341141,-0.020368169038833244,46.85777081205151,46.79604025230347,0.026367593568792792,54.22097625633895,,
2025-07-09,KZTO,814.99,8740.0,0.7729616278541935,-1.9607484456625945,-0.20080317252948268,0.0,-0.03274444608532546,-0.2851820404862785,45.732676005330305,-0.005522700132458546,48.096568472152946,-0.021711335011024596,46.59620032465933,45.732676005330305,0.024391967084219687,53.995672929099705,,
2025-07-10,KZTO,814.94,26550.0,0.7962461664129922,-0.781498127006448,0.959999680000143,0.0,-0.03255927184823429,-0.2831873827842772,45.76237944735481,-0.007921616519825658,47.01773700084159,-0.02518293125874304,45.92103684089401,45.76237944735481,0.01979509534444246,53.47082206285808,,
2025-07-11,KZTO,812.1,16309.999999999998,0.4302858821275545,-1.268747861013141,-0.5466665208889157,0.0,-0.02886458549556995,-0.2433890031306715,46.35563921419006,-0.005679539231035381,48.02597016739056,-0.02357514629913044,46.23355134934066,46.35563921419006,0.02717707677332721,54.31324159549496,,
2025-07-14,KZTO,814.0,19330.0,0.6625157059760883,-1.0988686291142284,0.6666665555555741,0.0,-0.027169680394680346,-0.22513184399904612,46.62814778538709,-0.00617045942045942,47.80504349632464,-0.01912742677742678,47.09954897502095,46.62814778538709,0.01363386958386957,52.766173414253146,,
2025-07-15,KZTO,812.9,28670.0,0.5205108235564837,-0.7046767608774822,0.35085002305254237,0.0,-0.027121462693824,-0.22461245312752573,46.6359032989549,-0.007225413178762327,47.33058882615227,-0.02149725600290548,46.63787828320277,46.6359032989549,0.024817714600089476,54.04423992279239,,
2025-07-16,KZTO,813.0,17740.0,0.5201427598339534,-1.1847046244428956,0.33333322222225925,0.0,-0.02711366045803318,-0.2245284090944169,46.63715825474829,-0.005567167457388859,48.07655151980289,-0.01852949833069758,47.216114066702026,46.63715825474829,-0.01716017688748317,49.23338616184182,,
2025-07-17,KZTO,811.0,13230.0,0.25924144141678207,-1.3999908466151199,-0.33222031181630957,0.0,-0.0173515936625369,-0.11937349107252566,48.21016272556463,-0.004337013876656293,48.630509899607716,-0.018399607089033695,47.241440192152716,48.21016272556463,0.00872369991975417,52.20380187266331,,
2025-07-18,KZTO,810.0,69490.0,0.1016054630621575,0.4882722794315404,0.7777776913580343,0.0,-0.017336992945326243,-0.11921621523601371,48.21251884407467,-0.004337345679012346,48.630360432046785,-0.015436199294532627,47.81960397579312,48.21251884407467,0.019876058201058172,53.480073047921096,,
2025-07-21,KZTO,811.5,35380.0,0.1725875272791399,-0.1867631158892134,0.7435895529257541,0.0,-0.020384539946600944,-0.1520437467209189,47.72092416245532,-0.007661838746589265,47.134446857964654,-0.01872820907783933,47.17737232768853,47.72092416245532,0.03199837528973388,54.86214169279424,,
2025-07-22,KZTO,809.55,10130.0,-0.12845039982258244,-1.222406719307415,-0.14705878027686375,0.0,-0.017931233401272298,-0.12561724769556695,48.11663276886264,-0.0075843694027546114,47.169257483485566,-0.020552368599839388,46.82188892466767,48.11663276886264,0.034475901735532194,55.14375465887467,,
2025-07-23,KZTO,811.0,13690.0,0.03281557255817519,-0.8186092842827508,0.9999996644296427,0.0,-0.013612261953692289,-0.07909420108839851,48.81380959571314,-0.007416850155598614,47.24454114172637,-0.02219823899555712,46.501425236728664,48.81380959571314,0.020844264380639216,53.59068357863181,,
2025-07-24,KZTO,810.0,18630.0,-0.11267051162471066,-0.393404127328343,0.49999987500003124,0.0,-0.009911199294532628,-0.03922713721035099,49.41162010300387,-0.0079016754850088,47.02669473171618,-0.020723412698412644,46.788572649981504,49.41162010300387,0.015412918871252235,52.969765868063526,,
2025-07-25,KZTO,809.0,8050.000000000001,-0.19727603425710455,-1.056319592986753,0.13793101070154312,0.0,-0.008674343692977808,-0.02590399036951829,49.61144796617304,-0.004318574273549564,48.63881645681472,-0.015461711009084266,47.81462389787825,49.61144796617304,0.01715516265426649,53.16905065145476,,
2025-07-28,KZTO,807.8,8940.0,-0.34650330540996077,-0.7819258157439386,0.39999990000000224,0.0,-0.003602790844818543,0.028725703850348488,50.43087489150791,-0.002843286979725398,49.30359919604421,-0.015276195978102374,47.85083880697083,50.43087489150791,0.013719059998349485,52.77592466406804,,
2025-07-29,KZTO,805.92,21240.0,-0.583547858041923,0.08342240021100006,-0.6648450519408075,0.0,-0.007347658753793307,-0.01161322091020814,49.82580239115105,-0.004229647749510712,48.678876569301806,-0.012816791221153909,48.331144954689535,49.82580239115105,0.027034636074004748,54.29700825378274,,
2025-07-30,KZTO,807.5,7920.0,-0.404937109732649,-0.9030698471535158,0.02040815910038043,0.0,-0.000684613494520616,0.06015969282750731,50.90229742700196,-0.003701734728979311,48.9167269533162,-0.0074267801857584685,49.3847357001192,50.90229742700196,0.015239393827706511,52.94991209113821,,
2025-07-31,KZTO,806.11,12090.0,-0.5876336343585893,-0.45100610914649875,-0.3010032941465978,0.0,-0.0039005487897689484,0.02551831826822239,50.38276729648786,-0.0008844286188836163,50.186626041298524,-0.0069246175637142585,49.48293617790216,50.38276729648786,0.014473544066123542,52.8622767249323,,
2025-08-01,KZTO,808.01,16890.0,-0.37413996418071965,-0.07387521910170702,0.06809077862606297,0.0,-0.0039435657424482,0.02505494875566946,50.37581715378,-0.006804169674742738,47.519985788223536,-0.010496683003098136,48.78453172651568,50.37581715378,0.00438602107509669,51.70652902376129,,
2025-08-04,KZTO,808.0,60380.0,-0.398309764676958,1.2490837624192241,0.06666665777777896,0.0,-0.002059343077164908,0.045351396634336245,50.680228978221265,-0.00864668788307402,46.692162093464965,-0.01043913641364141,48.795780114388315,50.680228978221265,-0.00048730944523023983,51.14745029004683,,
2025-08-05,KZTO,805.0,6370.0,-0.7032639999566039,-0.9999713821676449,-0.49999987500003124,0.0,0.0005339371980676751,0.07328566306198228,51.099107859363635,0.0018923567977915806,51.43803257533678,-0.0005538302277432721,50.72886642699967,51.099107859363635,-0.003057625948930276,50.852453601236135,,
2025-08-06,KZTO,807.0,69660.0,-0.40865487499435227,1.4342226065078088,-0.45404909426304924,0.0,-0.0014638977400129975,0.05176540781930514,50.77641870220836,-0.00434013099663655,48.62910572633561,-0.0005977119844220204,50.72028582347955,50.77641870220836,-0.019133044196612985,49.00693832866784,,
2025-08-07,KZTO,807.88,3610.0,-0.23049629595854934,-1.5678601358484867,0.19900492562065486,0.0,-0.004795925766124276,0.01587350692655334,50.23810080408593,-0.0023207310177293175,49.53914061378215,-0.0017159566366527733,50.501612233324764,50.23810080408593,-0.011653713796092608,49.865561016945385,,
2025-08-08,KZTO,805.0,130820.0,-0.5473581437206396,2.0644184333605797,0.3333331111112593,0.0,0.012311766735679824,0.20015395083837753,52.99870613922874,-0.0010878191856452447,50.09493631211037,0.005480745341614879,51.90823470279846,52.99870613922874,-0.011883747412008313,49.83914951835276,,
2025-08-11,KZTO,803.5,17120.0,-0.5989523107072631,-0.011325788318561281,-0.7008544013442575,0.0,0.00929733037998439,0.1676830802219624,52.51312666700974,0.0025251009966317994,51.722994129672664,0.0012477007832795012,51.081093465854096,52.51312666700974,-0.012388780731126717,49.78116403838977,,
2025-08-12,KZTO,809.0,99570.0,0.12322917594327581,1.767352106073429,0.040832662863677156,0.0,0.01718948142915999,0.2526956614691339,53.78319041740356,-0.005770081621441263,47.98521770641287,0.0029716022131967747,51.41804271618794,53.78319041740356,-0.024381572389977832,48.40473001051333,,
2025-08-13,KZTO,805.98,14050.0,-0.2425916745256508,-0.19088462631214229,-0.6360293533061222,0.0,0.035875073202808985,0.4539729024786998,56.76780161701692,-0.006276468812294814,47.757347526287596,0.0018039976178068715,51.18983799885427,56.76780161701692,-0.005000751466124054,50.62939945944124,,
2025-08-14,KZTO,808.49,31140.0,0.09087868096254721,0.6995894653763359,-0.1033883489671335,0.0,0.028849331361795967,0.3782930979033474,55.650160172643595,-0.009247396479072207,46.422641155694464,0.0009932842225767544,51.03135681458567,55.650160172643595,-0.015201562132189608,49.45822921406411,,
2025-08-15,KZTO,806.6,24720.0,-0.13931767567542763,0.3741046129093487,-0.3599999280000053,0.0,0.028777791356231746,0.3775224841001453,55.638748275551755,-0.006670735283120576,47.57999489634807,0.00524286373529485,51.861775882845386,55.638748275551755,-0.01285847492315385,49.72723655089535,,
2025-08-18,KZTO,808.0,9880.0,0.07173800519740038,-0.5429936123999622,-0.14040110590226415,0.0,0.05053153386767249,0.6118491956849527,59.076035173159305,-0.0043629223636648925,48.618838934166014,0.0022866650950809815,51.28418042681484,59.076035173159305,-0.020701265126512682,48.82696485764064,,
2025-08-19,KZTO,806.82,15650.0,-0.045071313317518125,0.01156823065822778,0.21333326222227927,0.0,0.04464454070713825,0.5484357509544772,58.153099580037136,-0.0042056625600093555,48.68968184294504,0.004299548226370114,51.67751329694244,58.153099580037136,-0.01822790006858206,49.11082724761186,,
2025-08-20,KZTO,803.4,22600.0,-0.4625712248329338,0.3286264768432633,-0.9999997826087429,0.0,0.055983366229240064,0.6705751803621132,59.92509669354924,0.00017542586862975785,50.66438070194196,0.00639393085339693,52.086550565452406,59.92509669354924,-0.010287647735220572,50.02240805981164,,
2025-08-21,KZTO,803.5,9060.0,-0.4219163247511008,-0.6296367530644765,-0.7311824025901081,0.0,0.06379358041702474,0.7547051550749277,61.1310239584516,0.007428142254620209,53.92591826857739,0.0197721970347982,54.690455975784936,61.1310239584516,-0.008011206428225753,50.2837787782043,,
2025-08-22,KZTO,803.7,27280.0,-0.37860053146268424,0.516830180268301,-0.8831384905560452,0.0,0.059067396772071915,0.7037957048373306,60.40280885222504,0.0059385209477594465,53.257858000628076,0.014577227199203626,53.68157928984385,60.40280885222504,-0.005716824419204097,50.54719363668754,,
2025-08-25,KZTO,806.96,3800.0,0.046136314942909235,-1.4985001293514095,0.04746834691957578,0.0,0.05534453532048941,0.6636938289795845,59.82590310549638,0.0006529394269851833,50.87959689345766,0.025344375874337605,55.768299225926334,59.82590310549638,-0.017399321734245445,49.20593499838479,,
2025-08-26,KZTO,805.91,9230.0,-0.08210873581643856,-0.611046874328615,0.3433733905501743,0.0,0.05202965178080269,0.6279866048670955,59.3099130981856,0.002006387741118041,51.48939479504976,0.04150477069399813,58.860221985159974,59.3099130981856,-0.017352754167476638,49.21128039909181,,
2025-08-27,KZTO,806.02,70730.0,-0.07009134852062954,1.4695454893906512,-0.350684883467829,0.0,0.05559746155221644,0.666418296832551,59.86518554730144,0.008017750051891287,54.18996790082126,0.03760569281631915,58.1196413340896,59.86518554730144,-0.016711801964030132,49.28485583937499,,
2025-08-28,KZTO,811.96,99000.0,0.675351678137186,1.7616108374335053,0.4170661153340296,0.0,0.03667033030792816,0.462539243751197,56.89389840360764,0.003085376928412255,51.97522608323206,0.02742373109317295,56.169182436232234,56.89389840360764,-0.013714135734264884,49.62899639618307,,
2025-08-29,KZTO,810.97,10310.0,0.46120537384919225,-0.6555916312474056,0.0038022808869208574,0.0,0.04774730287715414,0.5818580485544046,58.640291084297004,0.004304190949266874,52.523561918900896,0.052182891759446966,60.86705152966321,58.640291084297004,-0.009179619242956391,50.14962792854297,,
2025-09-02,KZTO,810.0,18400.0,0.3367320560074891,-0.07635684717692794,-0.0012515642989269831,0.0,0.007027954144620801,0.14323783957880465,52.147246099836906,0.00907420634920632,54.66249293599345,0.04604457671957672,59.717449659342314,52.147246099836906,-0.005534038800705472,50.568177889938795,,
2025-09-03,KZTO,810.04,32740.000000000004,0.34049556508792334,0.6116479417052185,-0.6527544820109505,0.0,0.030366214699959992,0.394632644273487,55.89198770420475,0.0029449798089532376,51.91202931943938,0.05275419362006821,60.97345698744003,55.89198770420475,0.005580925496134703,51.84355116172544,,
2025-09-04,KZTO,815.0,138780.0,0.9367173938786715,1.9124635639439644,0.999999856938504,0.0,0.03378365712338102,0.43144461098172154,56.43576975530819,0.005390941182198851,53.01197452899552,0.05411166131074106,61.22586640235982,56.43576975530819,0.007650754698607445,52.08083592879797,,
2025-09-05,KZTO,817.0,8690.0,1.013050064123436,-0.858249333255447,0.6655517281686083,0.0,0.04519916846379515,0.5544100837987095,58.240306200527606,-0.001972438363350236,49.696145080682385,0.047128096403800154,59.92119133255416,58.240306200527606,0.010868253482543534,52.44949903601168,,
2025-09-08,KZTO,817.0,23610.0,1.0013193084475673,0.14124520999719725,0.4067796035621999,0.0,0.04510655806182127,0.5534125041435455,58.22574821789422,0.0003590954129509545,50.74716423499866,0.04776741077499946,60.04124581901912,58.22574821789422,0.011250618309339239,52.493293691072815,,
2025-09-09,KZTO,819.9,8240.0,1.2319273489673093,-0.9114220514732091,0.9599998080000293,0.0,0.029776552454132053,0.3882809273246491,55.79801398124794,-0.0013234963323053555,49.98869083463923,0.0394031005523322,58.46151231859294,55.79801398124794,0.013424962103392425,52.74226010163289,,
2025-09-10,KZTO,815.0,18550.0,0.5917021174802332,-0.09995492338982011,-0.2690354988533638,0.0,0.029414750706008404,0.38438367544539837,55.740333491847096,0.0035545452332262596,52.18636518158121,0.04943267114616809,60.35338977902094,55.740333491847096,0.023287769013535867,53.86967679233074,,
2025-09-11,KZTO,822.0,177800.0,1.4118189706879927,2.2642394097447824,0.9999998987854354,0.0,0.020942413972888423,0.2931214567689077,54.38552352454724,-0.0044674284555671585,48.57176374089984,0.02946981230448383,56.562866342290896,54.38552352454724,0.02765749913103932,54.36798644918595,,
2025-09-12,KZTO,818.0,41130.0,0.5757347446231146,0.6926601124236889,0.11111109876543349,0.0,0.021090710986921255,0.2947188808267628,54.40929954642812,-0.0017691456126052428,49.78778899961204,0.044277527457600815,59.38446151178105,54.40929954642812,0.058558387666395,57.861335169238224,,
2025-09-15,KZTO,819.9,43850.0,0.7541899060558267,0.7566969787886902,0.40200280371919,0.0,0.029358122070635765,0.38377368376688936,55.731304027650665,0.009155106458975906,54.69864391019823,0.00033932186852056803,50.90350263214189,55.731304027650665,0.05589774667642404,57.563117751517034,,
2025-09-16,KZTO,821.42,7430.0,0.8709081122699661,-1.0185474942465516,0.8369097515150429,0.0,0.01787848383345453,0.26011744958616506,53.89386106441093,0.002461424640952825,51.69432172162575,0.021533089079576916,55.03159516363104,53.89386106441093,0.08187897846663526,60.448484621239274,,
2025-09-17,KZTO,820.46,14460.0,0.7349070193419467,-0.3526897211727599,0.6211292129090825,0.0,0.016551528294812518,0.24582376528675315,53.68068625596537,0.01831458947342344,58.75071093396219,0.0324723377013823,57.13906915488103,53.68068625596537,0.12640581106456342,65.21911580279833,,
2025-09-18,KZTO,820.89,5830.0,0.7552133671929104,-1.2610549172171335,0.9498744486530091,0.0,0.008522615697596499,0.15933801758067437,52.3882515096019,0.03231944779446699,64.70758887184019,0.045842407021647255,59.67939691606138,52.3882515096019,0.12963770084907852,65.55504649385749,,
2025-09-19,KZTO,819.1,32119.999999999996,0.48865810851821967,0.5530595382203961,0.3666666055555733,0.0,0.005955492575087221,0.13168551046772328,51.97425569246107,0.030887754901333823,64.11579861071874,0.04805751134132896,60.09568305944069,51.97425569246107,0.12764214425240242,65.34780446259497,,
2025-09-22,KZTO,829.96,60690.0,1.7842160228775672,1.0574529901455327,-0.44784388224900123,0.0,-0.013706021651837142,-0.08010416071874317,48.79866883692156,0.014912698680448942,57.25652686223353,0.022728389568592654,55.262894433713875,48.79866883692156,0.10614443128641875,63.07954440133721,,
2025-09-23,KZTO,826.0,8119.999999999999,1.1179134836041231,-0.9539914448160024,-0.6323256858528248,0.0,-0.022069121603443646,-0.17018970389754878,47.449370390503674,0.042859207694377184,68.91755307695027,0.02109096717783161,54.94598569443122,47.449370390503674,0.10745879069141784,63.2200168615907,,
2025-09-24,KZTO,838.05,16600.0,2.5761391693885893,-0.23892149718819058,0.2424964153169843,0.0,-0.028119528752972408,-0.23536340954165333,46.475404359009715,0.02065923046982655,59.77139449637786,0.0066433806796390125,52.135251069426324,46.475404359009715,0.11476054978819886,63.996259597423254,,
2025-09-25,KZTO,850.0,70700.0,3.9701215917506834,1.2101194557416326,0.41839760128204495,0.0,-0.04574404761904764,-0.42521099769710796,43.65620733129383,0.012726283846872105,56.28898739680109,-0.012442973856209152,48.40417832048214,43.65620733129383,0.08492787114845937,60.78276754434183,,
2025-09-26,KZTO,846.98,25330.0,3.132065136414469,0.18366440721808966,-0.6819443970871992,0.0,-0.04455845581331545,-0.4124400536182669,43.84477853310385,0.023900431533212103,61.16837921021807,0.001468273580418419,51.12421217027418,43.84477853310385,0.07119249391957305,59.269266510423805,,
2025-09-29,KZTO,844.95,115460.0,2.6275471409316875,1.700597945869606,-0.43333331269840936,0.0,-0.046999465733390866,-0.43873409599816277,43.4567299449366,0.02213807516082937,60.41090622422905,-0.0053694760044973745,49.787074040210264,43.4567299449366,0.07665459952547198,59.87341821770149,,
2025-09-30,KZTO,864.0,43620.0,4.557526781905602,0.5780671042006578,0.6571428383673475,0.0,-0.053917460317460295,-0.5132532699193371,42.36147202781753,0.00013002645502640294,50.643917700099315,-0.030014484126984115,44.98392565621842,42.36147202781753,0.05300958994709,57.23877545338445,,
2025-10-01,KZTO,858.0,18190.0,3.5589271824824276,-0.4568949302002234,0.04347825897920613,0.0,-0.05373445443445443,-0.5112819692687531,42.39035402544089,0.00272988677988678,51.81519798965732,-0.030291106116106144,44.93037418872094,42.39035402544089,0.06490110722610723,58.56991080818735,,
2025-10-02,KZTO,863.48,5470.0,4.057332173165643,-1.4981630209737908,0.34918917031410085,0.0,-0.05991675767896759,-0.5778764317408985,41.41766162581174,-0.0001852214111814905,50.50181959152683,-0.041101815466539626,42.847919183450756,41.41766162581174,,,,
2025-10-03,KZTO,869.87,20790.0,4.449422666399198,-0.01385259712484469,0.6723076405917207,0.0,-0.07259568897906843,-0.714451197043917,39.444379641360776,-0.017889770652648167,42.575746524782744,-0.05420850439976343,40.35740489957235,39.444379641360776,,,,
2025-10-06,KZTO,866.29,24870.0,3.8701812022382294,0.11356978565699334,-0.451666629027787,0.0,-0.06776782022204883,-0.6624464162941007,40.19208679297171,-0.004662160143043801,48.48405288588586,-0.06282527159239717,38.745898776455476,40.19208679297171,,,,
2025-10-07,KZTO,866.8,7610.0,3.7340267623441963,-1.098608963011189,0.6857142367346909,0.0,-0.06500662187502289,-0.6327033719259093,40.62180637184244,-0.04450408728327506,31.451348197362872,-0.05538110016041484,40.13679444638265,40.62180637184244,,,,
2025-10-08,KZTO,863.0,5150.0,3.2195362633758258,-1.489073042103311,0.1983967538283073,0.0,-0.058564894517096164,-0.5633144477941192,41.62981360726024,-0.018337143868748736,42.3786319848514,-0.05481016939800257,40.244159211240685,41.62981360726024,,,,
2025-10-09,KZTO,865.99,6520.0,3.4891752638908624,-1.2531970018477168,0.6633332227777993,0.0,-0.05951812983287135,-0.573582496926108,41.48018678042948,-0.012523934910168916,44.956631501389396,-0.060373203606588814,39.20214965203328,41.48018678042948,,,,
2025-10-10,KZTO,857.01,22190.0,1.8180714670675107,0.12974004426937852,-0.661900701269917,0.0,-0.05649505295543031,-0.5410185524376471,41.95523926638114,0.01120448118069413,55.61267252041526,-0.055083077988199274,40.192826423840955,41.95523926638114,,,,
2025-10-13,KZTO,864.99,76610.0,2.47775196533145,1.3688250414273802,0.9999999332888637,0.0,-0.0665348171655164,-0.6491647682531115,40.38379455454811,0.0017966580538503647,51.39492526070586,-0.04936668747615578,41.27238195829949,40.38379455454811,,,,
2025-10-14,KZTO,831.01,26370.0,-2.0734646061268904,0.3023250934442987,-0.8979646974772134,0.0,-0.02673373363508886,-0.2204359177441775,46.69827295614997,0.0315155476229633,64.37583850484921,-0.016658029171043143,47.5811441008945,46.69827295614997,,,,
2025-10-15,KZTO,850.0,20170.0,0.215323639928442,-0.06339126630893133,-0.16009280371014317,0.0,-0.03886753034547155,-0.3511386085886239,44.75231744002205,0.0020240662931839673,51.49735735189333,-0.03894437441643324,43.26172825232242,44.75231744002205,,,,
2025-10-16,KZTO,858.03,73940.0,1.076914790198072,1.2356652321092811,-0.13113112675572017,0.0,-0.044900902371600916,-0.41612881548783326,43.790293081124226,-0.006919043470563491,47.4683296194837,-0.053721513150555844,40.449141999412596,43.790293081124226,,,,
2025-10-17,KZTO,869.5,22240.0,2.279517616443198,-0.056383649479819414,0.5915032438111423,0.0,-0.055476043520724376,-0.5300419984133014,42.11570972229575,-0.024664294157379262,39.619545562005676,-0.0654256567357631,38.264200030425144,42.11570972229575,,,,
2025-10-20,KZTO,869.46,5410.0,2.0193929131390753,-1.4125139548265446,0.9017287623540775,0.0,-0.044978870820750264,-0.41696867512517727,43.777889887187264,-0.014503201494523789,44.07511703219173,-0.0620120984508174,38.896989760301196,43.777889887187264,,,,
2025-10-21,KZTO,860.01,13550.0,0.633119578032568,-0.4612003243648463,-0.6511012642201505,0.0,-0.02621229858346055,-0.21481912969546105,46.78216664721244,-0.012697455511314652,44.879214852822244,-0.04924177635531372,41.29606977688877,46.78216664721244,,,,
2025-10-22,KZTO,854.6,16950.0,-0.05748448453156412,-0.2373194899591296,-0.855072339844588,0.0,-0.014337097463215005,-0.08690197583322827,48.696765608085805,-0.00880544764282187,46.62091166105768,-0.04067091417501553,42.93049044577931,48.696765608085805,,,,
2025-10-23,KZTO,855.0,14450.0,-0.06236665092893258,-0.3968925920076934,0.0,0.0,-0.014398015873015878,-0.08755817605422965,48.68692934238968,-0.016403884711779476,43.23209623051564,-0.04814709690893901,41.50383319662057,48.68692934238968,,,,
2025-10-24,KZTO,851.0,14870.0,-0.608783952190497,-0.32010251939769363,-0.5046024682340989,0.0,-0.003952734411430063,0.024956185793342415,50.37433579271045,-0.016348588495327623,43.25656923449046,-0.044770853151287954,42.14649847592873,50.37433579271045,,,,
2025-10-28,KZTO,859.8,59680.0,0.38593546097312814,1.135127905609815,0.18399999263999664,0.0,-0.010992422379512364,-0.05087384351202002,49.23695159286489,-0.032424999723080605,36.324972592224434,-0.05390946981025478,40.413727669752845,49.23695159286489,,,,
2025-10-29,KZTO,852.01,3720.0,-0.8787217081715117,-1.6401389988286996,-0.32370430554763346,0.0,0.011234258745379564,0.18854726275054043,52.82519650572224,-0.03627576563115084,34.7346043685758,-0.03508144030744853,44.00497746839487,52.82519650572224,,,,
2025-10-30,KZTO,849.99,17910.0,-1.058113946570602,0.019166289090431287,0.5988571086367377,0.0,0.03846019265492758,0.4818192622464633,57.177371659763544,-0.02573270915232057,39.159587544220635,-0.029552374005520524,45.073411792454515,57.177371659763544,,,,
2025-10-31,KZTO,843.9,12550.0,-1.731294195253769,-0.32847168255622045,0.1814516007088933,0.0,0.046054726778731486,0.5636259769445731,58.37472830449204,-0.022337766971938674,40.62740253852675,-0.020070660877219683,46.915731946758825,58.37472830449204,,,,
2025-11-03,KZTO,840.0,20240.0,-2.133448210015567,0.14946779947687994,-0.0020120722321840512,0.0,0.07844761904761904,0.912555358640497,63.35630889381068,-0.020044047619047618,41.62883933257644,-0.00463373015873012,49.93097016914743,63.35630889381068,,,,
2025-11-04,KZTO,834.86,18570.0,-2.5831822047731676,0.06335443394512008,-0.5134327975050157,0.0,0.12773517893314684,1.443470525257962,70.3929855905751,-0.018780367576124366,42.183584592517334,0.009869116578428292,52.76461827508305,70.3929855905751,,,,
2025-11-05,KZTO,824.01,7340.0,-3.6918960272795642,-0.8648522080848885,-0.49965442296790474,0.0,0.14673716922066948,1.6481559441140452,72.88693256246098,0.009476388953902008,54.84216272700285,0.0291374451361836,56.49897094222176,72.88693256246098,,,,
2025-11-06,KZTO,831.0,9170.0,-2.796338195906713,-0.6422543887077358,0.46666663555555765,0.0,0.13248122170649246,1.4945938938247285,71.02824729069349,-0.0057805483926422555,47.98050686187742,0.020781135751532856,54.885974562406304,71.02824729069349,,,,
2025-11-07,KZTO,827.9,11460.0,-3.095001061545657,-0.4193294571684171,0.05333332977777499,0.0,0.13063776700276278,1.4747365898020601,70.78245871476457,-0.0020451466418189177,49.66336881446493,0.03053281030413537,56.76707332537937,70.78245871476457,,,,
2025-11-10,KZTO,826.0,12660.0,-3.2255497581039094,-0.31974493764768697,0.4285713673469475,0.0,0.12914490180252894,1.4586557617318459,70.58251980798168,-0.005612725316115175,48.056044304402775,0.03643293650793649,57.89615718123803,70.58251980798168,,,,
2025-11-11,KZTO,822.0,20440.0,-3.5891597742191355,0.2505456040896528,0.6033713136652786,0.0,0.15908046865948325,1.7811153540216818,74.4343754458028,0.0002644537133588338,50.70450781322886,0.05501067373421392,61.39269988949001,74.4343754458028,,,,
2025-11-12,KZTO,834.6,69120.0,-1.6591974270696506,1.4688953103390732,0.21666665763889115,0.0,0.1274929584174911,1.440861377113355,70.36034841473716,-0.01137685004507442,45.46900369208713,0.06407557398468611,63.059405988750484,70.36034841473716,,,,
2025-11-13,KZTO,829.0,2990.0,-2.1874895609505947,-1.671668419598335,-0.492537246602815,0.0,0.11715198316962491,1.3294705797304227,68.9478494698841,-0.0022873705171654784,49.55417862137864,0.07129932793382739,64.36585835573237,68.9478494698841,,,,
2025-11-14,KZTO,829.0,108060.0,-2.1591047078103554,1.9975626724236217,-0.3693820095020353,0.0,0.12004386284871808,1.3606212957575359,69.34658394355938,0.00024381785283474067,50.695206785578804,0.09910351494437743,69.18531244608211,69.34658394355938,,,,
2025-11-17,KZTO,824.15,14020.0,-2.037206225022467,-0.0446377430187214,-0.578384131707649,0.0,0.12788344198303406,1.4450675834612268,70.41295251173582,-0.001136215379192965,50.073118890729994,0.1487299332453158,76.79969211513374,70.41295251173582,,,,
2025-11-18,KZTO,824.99,15050.0,-1.7136585420878647,0.05567418426939495,-0.5566666357407414,0.0,0.13116283960248096,1.480392560749153,70.85259150661717,-0.0033580803673041487,49.07158692349803,0.15142459159197125,77.17318238292096,70.85259150661717,,,,
2025-11-19,KZTO,827.92,18950.0,-1.2681998781484278,0.25668087773386195,-0.22896934657553036,0.0,,,,-0.006087594001107291,47.84232927293857,0.14284220015123006,75.96887960929139,,,,,
2025-11-20,KZTO,829.9,7900.0,-0.9078400336972315,-0.6385158146249544,0.9999998387097034,0.0,,,,0.0018412363700350148,51.415005739357014,0.13393616949450785,74.6739983342372,,,,,
2025-11-21,KZTO,832.0,25980.0,-0.566629717527312,0.5722036324493847,0.21212119926538184,0.0,,,,0.0025544566544566548,51.73621211513419,0.12692862484737485,73.62326780544132,,,,,
2025-11-24,KZTO,826.0,33410.0,-1.1865952796048038,0.8034744150948613,-0.515151483930213,0.0,,,,0.012281752757600217,56.09166038057383,0.1594482580037665,78.26006909746646,,,,,
2025-11-25,KZTO,825.02,4300.0,-1.1695482268067765,-1.343528297476217,-0.5954300675114214,0.0,,,,0.024517720378495936,61.43244388815181,0.1469145268532211,76.54567618695293,,,,,
2025-11-26,KZTO,825.71,3490.0,-0.6658753878136416,-1.4266530747395874,-0.4299999283333331,0.0,,,,0.03206040689273083,64.60084179107784,0.12780102150184164,73.75559033240535,,,,,
2025-11-27,KZTO,834.28,5670.0,0.39200378667003993,-0.9413680841625033,0.8921416878165042,0.0,,,,0.027152579431670387,62.55187363147535,0.11896134389428849,72.39517606063252,,,,,
2025-11-28,KZTO,837.0,38440.0,0.8117949332638137,1.0583305123558142,0.2128562636230276,0.0,,,,0.024239964157706087,61.31370718412356,0.11641055214200381,71.9945996189328,,,,,
2025-12-01,KZTO,839.0,33380.0,1.028767877545449,0.8313965156137845,-0.06542055856406793,0.0,,,,0.02759601897572696,62.73899366559122,0.11809718296535937,72.25986582544378,,,,,
2025-12-02,KZTO,848.09,11340.0,2.098773655832319,-0.24822278949300602,0.652727213388441,0.0,,,,0.019952531163864518,59.46459706891197,,,,,,,
2025-12-03,KZTO,855.01,118920.0,2.8991464460546617,2.187682449641267,0.2653222512723525,0.0,,,,0.02461771749443946,61.475157981181425,,,,,,,
2025-12-04,KZTO,859.78,9540.0,2.8343142158426304,-0.4210650313719354,0.9119998176000256,0.0,,,,0.043390916622450884,69.12256640994151,,,,,,,
2025-12-05,KZTO,860.13,91110.0,2.8168387038250047,1.8355063998501326,-0.722702683170198,0.0,,,,0.042908819513993786,68.93671372187278,,,,,,,
2025-12-08,KZTO,865.0,23930.0,2.9701645727911954,0.3419190086827708,-0.49999997433265014,0.0,,,,0.06367146756583172,76.34273413795309,,,,,,,
2025-12-09,KZTO,867.89,15220.0,3.1691210793817595,-0.2577539542985838,0.002553191380712938,0.0,,,,0.1010244570667375,86.35538790449017,,,,,,,
2025-12-10,KZTO,878.96,19310.0,4.332821282671849,0.12242199140937844,0.9200967966043139,0.0,,,,0.09075818286690909,84.02381305907782,,,,,,,
2025-12-11,KZTO,900.0,73390.0,6.567608351532529,1.457585451572261,0.36218677990462883,0.0,,,,0.061081349206349195,75.48884411796509,,,,,,,
2025-12-12,KZTO,899.95,10500.0,5.793543451499613,-0.599881083963253,0.9899999010000191,0.0,,,,0.05547390423806605,73.57006329071254,,,,,,,
2025-12-15,KZTO,923.0,22570.0,7.871466236470477,0.27842029713282807,0.3953488288509775,0.0,,,,0.025325685308431798,61.777059866729886,,,,,,,
2025-12-17,KZTO,958.5,110770.0,11.581115533025232,1.7561969367484533,0.3308240310414839,0.0,,,,0.008101264997391758,54.22735051309107,,,,,,,
2025-12-18,KZTO,961.7,23440.0,9.780345106633291,0.11278258657068461,-0.2076502637682001,0.0,,,,-0.007224734596968709,47.33089386570485,,,,,,,
2025-12-19,KZTO,958.01,7440.0,8.82773845240308,-1.1288376309513155,-0.7471838864600918,0.0,,,,-0.019046069510325874,42.06677477262397,,,,,,,
2025-12-22,KZTO,952.91,43650.0,8.07267923594693,0.6404909974525228,-0.7989454903709838,0.0,,,,-0.011262471243057806,45.520148115597934,,,,,,,
2025-12-23,KZTO,949.49,22640.0,6.922552993682911,-0.01599330575078826,-0.8169058750588236,0.0,,,,-0.006708658010557681,47.5629392866034,,,,,,,
2025-12-24,KZTO,969.5,45200.0,8.561352716309202,0.6929252042062289,0.9565216975425348,0.0,,,,-0.023492825626038622,40.1259845335618,,,,,,,
2025-12-25,KZTO,958.0,91050.0,6.660317032389172,1.3741757871053994,-0.1999999900000005,0.0,,,,,,,,,,,,
2025-12-26,KZTO,943.0,47790.0,4.181575641762221,0.7019736057334768,-0.19964428191097672,0.0,,,,,,,,,,,,
2025-12-29,KZTO,945.4,78910.0,4.150819196532414,1.0129790592552708,-0.26342160832420974,0.0,,,,,,,,,,,,
2025-12-30,KZTO,946.33,60220.0,3.5320419494047246,0.742675751812866,-0.41246104634077385,0.0,,,,,,,,,,,,
2025-12-31,KZTO,950.0,53500.0,3.390625075626854,0.45951624785657097,-0.8124999746093758,0.0,,,,,,,,,,,,
