date,ticker,close,volume,dev_price,dev_volume,order_flow,pre_agm,R30,Z30,Y_target,R5,Y_target_5,R21,Y_target_21,Y_target_30,R63,Y_target_63,R252,Y_target_252
2024-01-31,KCEL,2230.0,4650.0,4.625561193256368,1.944828203192274,0.025641024983563465,0.0,0.3749475763399529,6.827489840999705,98.3641178872902,0.04876303829454044,77.70609191889857,0.2811798918072461,96.75914244528288,98.3641178872902,0.34178558260374403,95.23709357472491,0.3980328760054097,77.52889262733389
2024-01-31,KEGC,1392.84,23830.0,-3.370572157926053,-0.6251045514743166,0.32656511619583795,0.0,0.04704408464514441,0.9234789966231467,63.508337762335856,-0.023515059569963873,35.38990671334713,0.057663105186935695,66.9981068796917,63.508337762335856,0.04204747935359209,61.81501640730793,-0.07155753455427138,47.34239556630989
2024-01-31,KMGZ,11933.15,30710.0,0.18747740222415718,1.1961867426858757,0.6779951083667584,0.0,0.0028718798153922476,0.12814383569839244,51.92121119151164,0.026398185149359564,66.28462902244038,-0.010681617927224045,47.155620559786485,51.92121119151164,0.052126254909210225,63.7893146116399,0.011295873651357674,53.267168227339056
2024-01-31,KZAP,18360.0,4150.0,-5.672654891512045,0.21414779989294122,0.9999999958333333,0.0,-0.03113741051976346,-0.484204687675045,42.7875878707104,0.05656620759414877,80.97532668534674,0.004246218487394959,51.64046965436471,42.7875878707104,-0.03435136943666356,46.03264048807611,-0.0545644646747588,48.55691896641701
2024-01-31,KZTK,34050.0,400.0,-2.3734723109746394,-1.858240855459406,-0.053571428491709185,0.0,0.02560824417872876,0.5375195976612248,57.99362647052251,-0.020070706593944478,37.43132395179502,0.036716921893573874,61.21063667938872,57.99362647052251,-0.029932742465561855,46.954497692268305,0.13609498461646036,61.97002233328499
2024-01-31,KZTO,850.0,55420.0,-0.3882108512265559,1.6003653620549962,0.9444444182098773,0.0,-0.006387955182072828,-0.03858255675202669,49.42128749286952,-0.02280198412698413,35.808469473796876,-0.03562306255835668,39.79834302899331,49.42128749286952,-0.04748426704014945,43.31108469293946,-0.15373657796451914,41.538423609418956
2024-02-01,KCEL,2229.01,7350.0,4.280187552880706,2.4026606291575763,0.46497436014221066,0.0,0.346884565357615,6.322206044510616,97.79753810632886,0.06305910979911857,83.40557089182552,0.2918120496194372,97.13702756759652,97.79753810632886,0.3388177887392956,95.12291175425511,0.4095549112361291,78.09852869357184
2024-02-01,KEGC,1382.5,44400.0,-3.9270983801949266,-0.002811356562455934,-0.15919281618873962,0.0,0.055028697006228644,1.0672445836387936,65.48318397523865,-0.006773538276069922,45.67820350086835,0.06928463934096846,70.012103425861,65.48318397523865,0.04938588507132811,63.2567856100502,-0.0628809473578461,47.96222367913546
2024-02-01,KMGZ,11848.9,10250.0,-0.5577420964542963,-0.12931496324196534,0.3416666650848732,0.0,0.0025551609807193086,0.12244120830378166,51.83579254105185,0.024304323889418743,65.076288571174,0.0006625560647449055,50.56349665763042,51.83579254105185,0.0646177855703437,66.1725676072388,0.017756821613070517,53.72747735113197
2024-02-01,KZAP,18990.0,3720.0,-2.1211986589168523,0.03557143200191545,0.9740259727610052,0.0,-0.053337175581132934,-0.8839188016891969,37.04349610405278,0.02827374558038065,67.34927079858568,-0.041347186489129543,38.161005643821525,37.04349610405278,-0.07485015045512676,37.78511607758515,-0.0930726529000226,45.80935436699666
2024-02-01,KZTK,33500.0,1920.0,-4.7016338821525645,-0.25995716729321766,-0.8356611029067199,0.0,0.047877262497038525,0.9384806394768178,63.71668310912405,0.004391329068941009,52.81088595287818,0.04791031746031746,64.35487809084378,63.71668310912405,-0.01846383558398484,49.35540989088593,0.13905343875858792,62.16949170821413
2024-02-01,KZTO,841.0,75270.0,-1.3878225255295658,1.8546767117620662,-0.3489475141136218,0.0,-0.009458521129418926,-0.09386911243279916,48.592335399146435,-0.007551480663609082,45.184416127646756,-0.020424997640752684,44.248471429339325,48.592335399146435,-0.03369268538965329,46.16990502316304,-0.14607863890304437,42.07196504185746
2024-02-02,KCEL,2239.99,4280.0,4.487842475795791,0.44782076405403304,0.9994858354887849,0.0,0.3406691559316061,6.210295541625362,97.64817035995655,0.07751107278540152,87.91778177446099,0.2603521090814819,95.8746326338314,97.64817035995655,0.33342674336627226,94.90882730377422,0.40657207618273805,77.95206402028825
2024-02-02,KEGC,1370.0,26870.0,-4.490707766129632,-0.4571980146517133,-0.999999941176474,0.0,0.07066505039972193,1.3487822992774288,69.19537916673974,0.01764509906152242,61.1089817668574,0.07623902502606882,71.73828014245011,69.19537916673974,0.05564586954003013,64.46832171619793,-0.05310599582898855,48.66125811160025
2024-02-02,KMGZ,12150.0,67730.0,1.9199169596169776,1.7589348739671344,0.9999999992063491,0.0,-0.02844964726631395,-0.43581062113594216,43.499836003659475,-0.002792857142857143,48.21612258964888,-0.02442617577895352,43.064818064433034,43.499836003659475,0.030979365079365107,59.601287283765046,-0.03561219870664317,49.91341749338372
2024-02-02,KZAP,19748.0,4420.0,1.8018150329476217,0.16305126777348472,0.810564661547241,0.0,-0.09784577726978982,-1.685310899344702,26.674770726174422,-0.024347444949217274,34.90413175461613,-0.08287412179171852,27.246065281887844,26.674770726174422,-0.09704859161948487,33.51796478782341,-0.14243756040394698,42.326304270615
2024-02-02,KZTK,33399.0,3420.0,-4.344952507300656,0.45031526529809035,-0.31465826030791355,0.0,0.04301662218287114,0.8509632026324193,62.49419430027211,0.02226777341494399,63.88212402901636,0.05516537952376675,66.33052861167629,62.49419430027211,-0.01118173555239036,50.882098647933496,0.1337907441625711,61.81438148000235
2024-02-02,KZTO,823.03,61010.0,-3.1290102165256566,1.6446329356037714,-0.8950103717512907,0.0,0.02767728691831524,0.5747733966642762,58.537156994471715,0.014010904566922625,58.87614987552537,-0.001183390685290036,50.00847994285474,58.537156994471715,-0.014270447334655142,50.23458755262814,-0.14217437543502146,42.344704396333064
2024-02-05,KCEL,2249.0,6630.0,4.731568650120889,0.3953351264890135,0.9999999772727278,0.0,0.3504569233592354,6.386527532130493,97.87914982680671,0.0843561935816271,89.65926470403113,0.27028818628385104,96.32222036164322,97.87914982680671,0.3324262469386746,94.86812986420159,0.40616898568676013,77.93221748484537
2024-02-05,KEGC,1365.0,28930.0,-4.64754342782651,-0.3833294494517093,-0.8533723714536395,0.0,0.06880793650793651,1.3153443492889352,68.76609488914556,0.02870818070818071,67.59339251116667,0.07953021978021976,72.53387396815408,68.76609488914556,0.06405744810744811,66.06729481851113,-0.048447161172161135,48.99462577078066
2024-02-05,KMGZ,12298.99,38870.0,2.8382184208326247,0.905924408463611,0.9999999976133082,0.0,-0.041216475485011096,-0.665681586711494,40.14543537937499,-0.014907653650795955,40.57494381411985,-0.0363696500881857,39.58340208379523,40.14543537937499,0.016462188141091023,56.63877810709715,-0.05575426707415654,48.47180954515446
2024-02-05,KZAP,19299.0,2670.0,-0.7026513333249547,-0.39668716850960084,-0.8032128497927453,0.0,-0.06885204587457036,-1.1632691739225174,33.22643434100948,-0.0016018791992676647,48.977834310702576,-0.060611262241566925,32.8624379187039,33.22643434100948,-0.07598567887800749,37.561504164987184,-0.11795866236592568,44.04615320180408
2024-02-05,KZTK,33400.0,240.0,-3.8929134191101946,-2.2064330657205096,0.2145996087200929,0.0,0.04746490827868073,0.9310560653610449,63.613633185547016,0.02714646896682825,66.71144284025475,0.05314317080125454,65.7852126884851,63.613633185547016,-0.01199933941640528,50.71071776539235,0.13373241374394068,61.81043836449762
2024-02-05,KZTO,828.0,25760.0,-2.1813157260921474,0.7017231619787018,-0.2580815973459675,0.0,0.012079158040027606,0.2939239260672805,54.39746770911582,0.0008657694962042458,50.55717298452647,-0.003605417529330574,49.28027291581658,54.39746770911582,-0.015519979296066248,49.97260367009414,-0.1469672015182885,42.00995981985455
2024-02-06,KCEL,2344.0,28310.0,8.871845136153397,1.7892887257766874,0.6138349477315825,0.0,0.3098977612546725,5.656246400732717,96.75085674835333,0.06374972642071619,83.64886009701154,0.2677180359174386,96.21113295742722,96.75085674835333,0.270788937645593,91.68338087325787,0.33352417113603117,74.14806779472516
2024-02-06,KEGC,1365.02,12700.0,-4.391271725757457,-1.206604382949293,-0.9973613459945477,0.0,0.07312661141891529,1.3931035197569552,69.75930139018618,0.04260275351509474,74.8550413359555,0.07586895013224994,71.6479517214056,69.75930139018618,0.06268233199908921,65.80827374574227,-0.04697304482194922,49.100127702692
2024-02-06,KMGZ,12322.0,25910.0,2.7966446061592065,0.2629044499551055,0.999999996794769,0.0,-0.047165107511922155,-0.7727886742711982,38.611480020036595,-0.021955909548800313,36.30791682220715,-0.03816664521838601,39.06771253302315,38.611480020036595,0.018169246901270926,56.99004233522522,-0.0490986093398567,48.94800467723483
2024-02-06,KZAP,19100.0,4760.0,-1.722854428179991,0.1814814141622921,0.5384544369321779,0.0,-0.045799806781351204,-0.7482059829510688,38.961672268532965,0.007668553145516413,54.89581675104617,-0.04988897407130394,35.76786027711217,38.961672268532965,-0.05680969001911418,41.40180464756057,-0.10685675018698579,44.83115098563989
2024-02-06,KZTK,33303.0,1020.0,-4.147762465988902,-0.7595210984273145,-0.6999999991463415,0.0,0.05282940071893995,1.027645526419132,64.94419894960785,0.03467092682912879,70.84389355452618,0.05994097389338583,67.60101457679401,64.94419894960785,-0.0138963513940543,50.31302075469159,0.13741627019873812,62.05915845113586
2024-02-06,KZTO,843.0,33780.0,-0.28198795317101144,0.8316802710274723,0.7439875584178637,0.0,-0.012149089137434331,-0.14231367950572457,47.866590899694,-0.0144283228831271,40.87119319330107,-0.021524440772750383,43.92251700503917,47.866590899694,-0.03125481556798283,46.6784270577131,-0.16819999576342992,40.53621852947375
2024-02-07,KCEL,2344.99,560.0,7.230951273127831,-2.1872416393816203,0.8186381920728313,0.0,0.319583317079499,5.830638037515936,97.06417206173683,0.06326334158902912,83.47781779071374,0.29251391411152333,97.16041020933778,97.06417206173683,0.2611846962677,91.04822615479873,0.3126415888479439,72.98525494733961
2024-02-07,KEGC,1363.99,19080.0,-4.204208792331434,-0.7433576042724821,-0.505785082166517,0.0,0.06970860741833854,1.3315612269889667,68.97469927597936,0.057285788516463765,81.25753083221193,0.08036413905073315,72.73323660836564,68.97469927597936,0.06930136493518024,67.04616098513483,-0.043971560220091924,49.314966559088965
2024-02-07,KMGZ,12281.6,8570.0,2.2858767421652706,-1.0068140122925633,0.7055999943552059,0.0,-0.04640677704988547,-0.7591346834327818,38.805844732804935,-0.009483371175463442,43.962472657927535,-0.03901164420953376,38.82605450799122,38.805844732804935,0.023600283092218968,58.10276100979228,-0.05327231713772884,48.64935884626275
2024-02-07,KZAP,19450.0,2470.0,0.16896194398100725,-0.521296259571651,-0.0740740738454504,0.0,-0.0754433478189905,-1.2819477459538162,31.665897192049464,-0.010533373117884761,43.30129500402047,-0.07113786877218754,30.13201555747063,31.665897192049464,-0.05794854837393398,41.170276674732605,-0.12441554759864529,43.59093748794134
2024-02-07,KZTK,33462.0,140.0,-3.528844964407739,-2.548314672565985,0.9936621204391601,0.0,0.042497853642084416,0.8416226034375291,62.36274229046923,0.029333925689694975,67.94333844412802,0.05974112852959007,67.54834888224069,62.36274229046923,-0.03666514959399575,45.550957434552345,0.14648538149884305,62.6687537517566
2024-02-07,KZTO,833.0,5380.0,-1.4393928106193912,-1.1428448072250499,-0.5804195398308001,0.0,-0.005478374683206617,-0.02220525896424418,49.66692604242028,-0.008841686674669868,44.367609075467016,0.02502290916366549,57.823409143172434,49.66692604242028,-0.01681710350806988,49.70064311376045,-0.17097933506736027,40.344504236330785
2024-02-08,KCEL,2375.8,730.0,8.583215077649479,-1.9221372317209646,0.9993508276744448,0.0,0.30057993213981715,5.488475805013182,96.41908388877366,0.049424590781117016,77.9981433703542,0.2839866505785184,96.86334546786736,96.41908388877366,0.24428919030782612,89.82418488114827,0.3050069880554852,72.55200403110973
2024-02-08,KEGC,1377.0,52210.0,-3.035148388313448,0.36884228915416173,0.1570247868998,0.0,0.05938169156551509,1.1456216907281545,66.53822861701379,0.047978402842618534,77.35613388271017,0.06499255109451188,68.91722533900098,66.53822861701379,0.061716425459072514,65.62576620290183,-0.05869873430853824,48.26122388530086
2024-02-08,KMGZ,12170.0,2950.0,1.2533714329603545,-2.073270719063827,-0.9999999910394266,0.0,-0.027224359601413832,-0.4137489113820729,43.825444132435464,-0.013570796976692574,41.40282990031494,-0.03409718407220461,40.238857909221544,43.825444132435464,0.02758637066165827,58.91428978206511,-0.045238250446713896,49.224296456004964
2024-02-08,KZAP,19580.0,960.0,0.7405454579598986,-1.466333867279191,0.7449664379532454,0.0,-0.09138584277769671,-1.5689976417512825,28.061792150878507,-0.01695735890202183,39.31609262798151,-0.06393440666699093,31.986732356994636,28.061792150878507,-0.05948005131572548,40.85954161365095,-0.1400636428490361,42.49234903878876
2024-02-08,KZTK,33740.75,90.0,-2.569389752504331,-2.852611767309786,0.9999999964125561,0.0,0.03675107208983438,0.738149900449888,60.89474298096612,0.031204441108433126,68.97735029873469,0.04562984601658615,63.72325539939446,60.89474298096612,-0.04045722103553602,44.763361053527575,0.12991030650493396,61.551728314627915
2024-02-08,KZTO,837.0,23770.0,-0.9133771273141797,0.48023596440615396,0.14203728234759294,0.0,-0.010299944529783238,-0.10901921911445286,48.365294535280725,-0.008830461682881038,44.374702962146884,0.021698105478750694,56.84525010524305,48.365294535280725,-0.027694636456733236,47.422267352111824,-0.16252519201228877,40.92854894290677
2024-02-09,KCEL,2419.87,8060.000000000001,8.934568467883182,0.47947702996066527,0.855945934379111,0.0,0.27463269607786234,5.021287235902238,95.31478145885666,0.015000241891191715,59.48804427244375,0.2773431525755581,96.61127435802746,95.31478145885666,0.22133763051255345,87.92506436226543,0.2655997275401322,70.24840678385374
2024-02-09,KEGC,1398.0,35780.0,-1.2985065498759358,-0.16218328879690386,0.9221967541328796,0.0,0.04336659683902176,0.8572646120943637,62.5827714090498,0.04076114347026364,73.95718786429259,0.05581152496764083,66.50386613996842,62.5827714090498,0.04793223141903395,62.972972572737795,-0.07637617685128414,46.998508090509965
2024-02-09,KMGZ,12150.0,2630.0,1.0669099108318127,-2.1880909335148533,-0.9999999859154932,0.0,-0.020977527924750147,-0.3012726404787298,45.4931755999219,-0.0069878453850676075,45.54208627497419,-0.02432385361552028,43.094995032974914,45.4931755999219,0.03335995002939454,60.08107684709032,-0.039395590828924146,49.642549171828044
2024-02-09,KZAP,19322.34,2330.0,-0.6956555097507027,-0.5328971475491829,0.08387056170361079,0.0,-0.07339582702987224,-1.245081456788796,32.14646761263506,0.0008877950637152859,50.571269417931305,-0.06419752277736054,31.917925985778616,32.14646761263506,-0.03606371434875506,45.67608795099966,-0.12165088058199786,43.7857211669851
2024-02-09,KZTK,34236.0,210.0,-0.9532282360210302,-1.9322046343821055,0.8155001918365319,0.0,0.02005789937075426,0.43758380323909607,56.526310392899894,0.02116640420276067,63.228983776480895,0.02647549989150936,58.24888974784973,56.526310392899894,-0.05027148406856608,42.73807787936338,0.10715675562899538,59.9984853643861
2024-02-09,KZTO,836.86,55650.0,-0.8744886837194438,1.0432964674249743,-0.08533332764444301,0.0,-0.011556754661890002,-0.13164850131858058,48.02629857951889,-0.01118942233610223,42.88937840186777,0.004667381403803803,51.76695811882755,48.02629857951889,-0.020639920247986776,48.89929891146888,-0.1838365291040697,39.46155171268677
2024-02-12,KCEL,2445.0,1420.0,8.934568467883182,-1.4242909469113718,0.7958766932868598,0.0,0.2780343509591976,5.0825351573696995,95.47618462925955,0.025746401791800475,65.91067931580989,0.2293472855195248,94.11983652329296,95.47618462925955,0.21192117051319498,87.0611936593174,0.26298956324861233,70.09194191513137
2024-02-12,KEGC,1408.0,29820.0,-0.38973163993795035,-0.3443927868469344,0.0828370307840528,0.0,0.037834325396825394,0.7576542346020668,61.17305952085316,0.03006097582972591,68.34741744941812,0.04272599206349206,62.9120912262978,61.17305952085316,0.04890999278499278,63.16397187404977,-0.08395892857142856,46.45794617226871
2024-02-12,KMGZ,12150.0,3560.0,1.0067510958851547,-1.885316900136277,0.2917533891354789,0.0,-0.020556878306878308,-0.2936987049504382,45.605884495971495,-0.014401998824221048,40.88748215595965,-0.028340108759553204,41.914582395233225,45.605884495971495,0.03506202233980012,60.422940320675536,-0.027617621987066424,50.48577884067965
2024-02-12,KZAP,19322.0,1250.0,-0.6028733189950588,-1.0999427952824736,0.9940339129461262,0.0,-0.0696888023849777,-1.178335251706604,33.026181447899965,-0.00039515019477756293,49.750102729319664,-0.061749314581782754,32.56115894092987,33.026181447899965,0.012924311131484303,55.908694555479045,-0.1177402076833217,44.06157240506279
2024-02-12,KZTK,34400.0,1080.0,-0.4199225402344193,-0.13005295147562906,0.22846441861998346,0.0,0.01512356958287191,0.3487395630426477,55.21209058641476,0.03197528608342562,69.39808880379059,0.025828608342561926,58.05955543196285,55.21209058641476,-0.0484831626061278,43.10551385028016,0.13692711794019946,62.02616887897552
2024-02-12,KZTO,831.03,8620.0,-1.4771697138139526,-1.003976256587721,-0.15591006846193098,0.0,-0.018092600376010688,-0.24932856557741298,46.267030692339574,-0.0064893430584994066,45.858809436113376,0.02409013881511359,57.54957207797284,46.267030692339574,-0.0097232456223286,51.18776387542767,-0.1669606891877721,40.62179737617667
2024-02-13,KCEL,2500.0,34050.0,8.934568467883182,1.9203928446238507,0.9999999850029997,0.0,0.22876190476190478,4.195368463370194,92.53402980335383,0.008584206349206385,55.475601089006446,0.22966663492063485,94.1410575485048,92.53402980335383,0.1847467619047619,84.27027751193678,0.23132853968253964,68.15725978425237
2024-02-13,KEGC,1427.0,43540.0,1.2423608667498602,0.14216475368433212,0.1874999941406252,0.0,0.02513807855307511,0.5290541100320298,57.86983973199593,0.02725735281031357,66.77445940502638,0.026620039265414168,58.29116099109315,57.86983973199593,0.03873570093769814,61.15730187635593,-0.09872352198529491,45.407899876611545
2024-02-13,KMGZ,12086.0,1050.0,0.434387406523372,-2.853475959039239,-0.900134491424551,0.0,-0.011542712150224975,-0.13139566125053467,48.03008528224359,-0.007439751949651822,45.25527830463973,-0.004979174776535359,48.867354700090864,48.03008528224359,0.04036574982466923,61.481551679021216,-0.03002936665537194,50.3131196651872
2024-02-13,KZAP,19300.01,2040.0,-0.32481329246204343,-0.5554045613226544,-0.9999999942193191,0.0,-0.06839195453661363,-1.1549850771760621,33.33680307371291,-0.00287682991968661,48.162443396849966,-0.07410601680130711,29.38583777529663,33.33680307371291,0.014895150640311869,56.31573710016783,-0.11799441403406451,44.043629848425034
2024-02-13,KZTK,34551.0,1800.0,0.09252278250785641,0.5389959064873262,-0.3419099448947849,0.0,-0.0009488300938158278,0.05935068982309161,50.890166280895684,0.029511112661614096,68.04206642945333,0.015537278433123703,55.01910147380933,50.890166280895684,-0.04703012420562564,43.40462307627122,0.16346561831991635,63.79922990975504
2024-02-13,KZTO,833.2,57040.0,-1.117187771443583,1.0679671135249311,0.3758388946444004,0.0,-0.008676789429165865,-0.0797937745587436,48.80332195202889,-0.006716408149113437,45.71450070241235,0.019035589313337695,56.058029535175145,48.80332195202889,-0.0040003029056078394,52.38608574803712,-0.17397710986138742,40.13805284873179
2024-02-14,KCEL,2500.0,1600.0,8.934568467883182,-1.1374285716570642,0.6342983704903983,0.0,0.22720753968253968,4.167381605904117,92.41718864465504,0.020964444444444518,63.10867970476293,0.20412777777777777,92.19875640959722,92.41718864465504,0.19243174603174604,85.10586762779933,0.23331888888888883,68.28083969890572
2024-02-14,KEGC,1446.0,45350.0,2.685774323245342,0.08510871422348062,0.2919359288582241,0.0,0.008795368174932486,0.23479820320910466,53.516159573833434,0.02411539880129092,64.96627501115364,0.013030958967266016,54.27201953762692,53.516159573833434,-0.0022647961535928324,52.749003096104694,-0.10963621484555092,44.634362126902964
2024-02-14,KMGZ,12200.0,2670.0,1.3736293666060244,-2.0096383942759144,0.9862357262284392,0.0,-0.024004755399427515,-0.3557788726219504,44.683490286231674,-0.023346539162112916,35.48862620428948,-0.021707468123861547,43.868304558517366,44.683490286231674,0.02875633619568046,59.15158630943941,-0.04103816029143896,49.524956588550175
2024-02-14,KZAP,19300.35,800.0,0.042829407831234574,-1.3971694816276872,0.4773684185401509,0.0,-0.0442712366090819,-0.7206835713206732,39.355095882063104,-0.01582734104131084,40.00846665815413,-0.06375470103737317,32.03377153257744,39.355095882063104,0.015006491049323535,56.33870768264918,-0.12816130152216573,43.32734794896942
2024-02-14,KZTK,34538.58,970.0,0.6803657124548483,-0.07924926966114483,0.46173912931947914,0.0,-0.017909472076484627,-0.24603127996228935,46.31621790586291,0.030192126196270902,68.42001639550723,0.020935148549824437,56.620003531348296,46.31621790586291,-0.04312354825076361,44.211122025029276,0.1555438040880661,63.27363951177273
2024-02-14,KZTO,828.0,9160.0,-1.6310383496352818,-0.9432152850020428,0.24842369177656026,0.0,-0.0010919772256728806,0.05677327835834257,50.851516838564045,-0.0064425120772947184,45.888581077855804,0.011436956521739077,53.79585717462925,50.851516838564045,0.04252643202208419,61.909784600934906,-0.17008623188405794,40.40607718986685
2024-02-15,KCEL,2500.01,7120.0,7.132114818925745,0.4089820223545607,0.08251491434131063,0.0,0.22364067334048113,4.1031589974313905,92.14269979817502,0.02073595325142491,62.97237459604348,0.2045625947369225,92.23628848483834,92.14269979817502,0.18848280563226943,84.6811658206286,0.23472228419975197,68.36782131682597
2024-02-15,KEGC,1447.0,62550.0,2.744451113533975,0.35245832266048216,-0.027777775848771707,0.0,0.010889035058851922,0.27249536807698377,54.078349586605825,0.02755178777108632,66.94149858760755,0.01788411546604359,55.716605132845544,54.078349586605825,-0.010524326466361707,51.019885682402354,-0.1103377370805498,44.584719974956585
2024-02-15,KMGZ,12039.61,22250.0,-0.3341234112960386,0.34804416363364704,0.19604009975930092,0.0,-0.01173842187190243,-0.13491947953365635,47.97731227205141,-0.00695159999744505,45.56510292119519,-0.01429275226417653,46.07484104254829,47.97731227205141,0.0492098520372759,63.222465124631185,-0.0187854484812124,51.117952756864604
2024-02-15,KZAP,19303.91,860.0,0.5618079198111056,-1.234319077347078,0.08635548564778099,0.0,-0.04208135841905636,-0.6812540900579117,39.921129696186135,-0.018599395030653908,38.31767094174341,-0.07160851252949141,30.012980483191875,39.921129696186135,-0.029734553555944197,46.995899285331056,-0.1325548087034066,43.01865744496299
2024-02-15,KZTK,34890.0,880.0,1.8966620692395328,-0.12282066978191222,0.38328530148909135,0.0,-0.032231579180826815,-0.503905556388293,42.49847359300264,0.017808994595258566,61.208663567516076,0.002814350543886193,51.21028714148959,42.49847359300264,-0.05305566644829327,42.167633702291006,0.13963101652813606,62.20838627418449
2024-02-15,KZTO,832.0,19210.0,-1.0817215976038328,-0.03277297559880766,0.6101540697956451,0.0,-0.009542826617826619,-0.09538706064136153,48.569584516335006,-0.005259798534798535,46.64137891850902,0.021508806471306482,56.789389687657966,48.569584516335006,0.039806929181929185,61.37050410906628,-0.1807395299145299,39.67363003589174
2024-02-16,KCEL,2463.12,3910.0,4.65232739400491,-0.1903875252574018,-0.9198773065003505,0.0,0.22318293360801406,4.09491724211973,92.10682327367672,0.05270076337560265,79.40379453812997,0.23669664966152104,94.59037904813516,92.10682327367672,0.2181246764846444,87.63604525646676,0.24227448137785762,68.8336882772393
2024-02-16,KEGC,1459.0,45110.0,3.5125731437789605,0.0052230986652162465,0.9999999473684238,0.0,-0.0009231524092387887,0.05981302502854413,50.89709909369818,0.023516905197079975,64.61671652527478,0.003963031593720421,51.55540780755826,50.89709909369818,-0.018515156608679598,49.3446513844249,-0.1177928897809981,44.05785383566297
2024-02-16,KMGZ,12100.0,1940.0,0.12627744878485567,-2.3290261154712786,0.41643059143116806,0.0,-0.01670793650793651,-0.22439723456086139,46.63911697745049,0.005393431063885609,53.449793084847755,-0.020065653286107835,44.355115993650976,46.63911697745049,0.03972546897546901,61.35430660816711,-0.005472825659189273,52.07008067799486
2024-02-16,KZAP,19395.0,770.0,1.4166675909677315,-1.2729630188321497,0.938379912891443,0.0,-0.0361459359923397,-0.5743848457196826,41.46850146962392,-0.020218286193054213,37.34287163807027,-0.06843949931867566,30.819629018793915,41.46850146962392,-0.013774163075903297,50.338638523210996,-0.14359063271093442,42.24571435143859
2024-02-16,KZTK,35059.0,380.0,2.654482681512165,-0.8896207978537223,-0.07296882497563195,0.0,-0.03835715639441359,-0.6141986005707647,40.88988930391875,0.01940570176034322,62.17476929470486,0.0022037725860759878,51.026790213501215,40.88988930391875,-0.060783734471188476,40.59560347193717,0.13059129392765118,61.59787119239274
2024-02-16,KZTO,829.9,3440.0,-1.2965173103298615,-1.8321080607844564,0.14202047701016557,0.0,-0.003332831073546795,0.016425963512350664,50.24638745833765,-0.002750535300676857,48.243178191611115,0.01482852394723406,54.808051056916874,50.24638745833765,0.07029605469773566,67.23021190133254,-0.17291860952839985,40.210910327099
2024-02-19,KCEL,2514.99,4890.0,6.050401184160792,0.09092296464941234,0.5967407319001335,0.0,0.18413611429203838,3.3918663429408418,88.44354011664475,0.0706482342114776,85.92355723985409,0.22480329088215642,93.80997810284472,88.44354011664475,0.19244304908246357,85.10706918926066,0.2250570202636421,67.76619500653139
2024-02-19,KEGC,1454.38,33090.0,3.319228389847015,-0.30197165497832856,0.21032256707597752,0.0,0.003702177751191346,0.14309362471004436,52.145086862354404,0.027998833872809246,67.19430162177046,0.011265478809821745,53.74459030151407,52.145086862354404,-0.015608692958566175,49.95400335364518,-0.11804371568248037,44.040150187682116
2024-02-19,KMGZ,12010.0,8170.0,-0.7365417553194576,-0.8912538045267593,0.624906225254425,0.0,-0.011251732352669071,-0.1261564737341556,48.10855590361145,0.0004158753287604243,50.26922307445443,-0.01686124360651838,45.30829515261578,48.10855590361145,0.027015717391591663,58.79839648939461,0.0070557541334602125,52.96477415240698
2024-02-19,KZAP,19370.0,7790.0,1.5584060202085388,1.1050507542962957,0.9915764124675467,0.0,-0.0422183545574486,-0.6837207508504669,39.88563851897929,-0.04226212704148945,25.314049752549323,-0.05422406335275456,34.579082943206416,39.88563851897929,-0.017562948554055935,49.54427307063347,-0.15785527509403346,41.25227700233111
2024-02-19,KZTK,35599.0,1660.0,4.4047688022586025,0.8284004651339613,0.995999998008,0.0,-0.04849062559497614,-0.7966550658619648,38.27261515839696,-0.0040102189311542105,47.4383951738321,-0.01105178526282841,47.04469281004771,38.27261515839696,-0.07122984559714313,38.5014746125129,0.1112815419173091,60.281655188768134
2024-02-19,KZTO,828.03,16280.000000000002,-1.4226090622063632,-0.07625539808038659,-0.3253332899555686,0.0,-0.0022078909178008498,0.036680883167126234,50.55019103943631,-0.0015137671139128434,49.03421121356069,0.011127655097037581,53.70337925472409,50.55019103943631,0.07888662316985298,68.7973473825106,-0.17381268764416744,40.14936732036269
2024-02-20,KCEL,2528.65,2980.0,6.034628422054761,-0.4043452139292444,0.9999999267399322,0.0,0.1800716115224291,3.318683625962925,87.98711094125686,0.08053599149775324,88.71661044098443,0.22763421434016953,94.00476657651183,87.98711094125686,0.19311968753168057,85.17885308316228,0.20854934221284396,66.72498430725278
2024-02-20,KEGC,1470.0,47930.0,4.544986792428069,0.086233939088864,0.9999999545454565,0.0,-0.0030462585034013497,0.02158579744121382,50.323782435670616,0.010638378684807256,56.77064857952628,-0.003531009070294846,49.302641610661205,50.323782435670616,-0.012106179138321994,50.68832138727182,-0.12520447845804988,43.53538961345219
2024-02-20,KMGZ,12030.84,1230.0,-0.6062713294544142,-2.47021800871981,0.6380952316302317,0.0,-0.01263504973171332,-0.15106356077028035,47.73559660034133,-0.0017984002898266168,48.85210347081059,-0.021058410587171932,44.06061970260614,47.73559660034133,0.029202650367127866,59.241997684086435,-0.0009467290373263992,52.39348264195105
2024-02-20,KZAP,19299.99,1230.0,1.189877003225937,-0.7407739762899301,-0.33346666444353423,0.0,-0.04052359984198371,-0.6532061315429792,40.32543000628069,-0.03788936137926447,27.488552340636137,-0.06300533331944246,32.2303168226965,40.32543000628069,-0.020953597278572565,48.833565005781885,-0.15435345200462608,41.49552941887363
2024-02-20,KZTK,35670.0,1210.0,4.258530355835634,0.26858163129306356,0.862968326561204,0.0,-0.0455980055268533,-0.7445724846043256,39.01353086814305,-0.0010046300746258696,49.36001685653695,-0.017957984233783225,44.98163686182576,39.01353086814305,-0.07310295800125488,38.1301931424086,0.12269834962019574,61.06179315560072
2024-02-20,KZTO,830.0,54260.0,-1.1389912794492991,1.1176823060449774,0.9999999046711245,0.0,-0.002180263912794035,0.03717831653178737,50.55765162413096,0.003924502772996782,52.51292538985693,0.0032979393765538347,51.35559713909945,50.55765162413096,0.06908339548670872,67.00575917331737,-0.17323160738190863,40.18936190133219
2024-02-21,KCEL,2559.55,6810.0,7.132367615148402,0.4221224138768467,0.999999985621855,0.0,0.16290460654976235,3.0095860222740183,85.88476340000462,0.11520397503684447,95.02508807695662,0.21113787449616786,92.78401400582598,85.88476340000462,0.17581446461943173,83.25160300927925,0.19577547235950757,65.90785212206411
2024-02-21,KEGC,1485.0,69290.0,5.547621611788231,0.4547926181341367,0.7007873795027597,0.0,-0.018552465127465192,-0.25760858255893665,46.143545887576025,-0.0009801948051948051,49.3756549982815,-0.013753535353535355,46.2360144477549,46.143545887576025,-0.028454870129870132,47.26332176238252,-0.13614052429052428,42.76712338696235
2024-02-21,KMGZ,11950.01,5120.0,-1.3068881178583094,-1.044090314354941,-0.3705655598948596,0.0,-0.007813836468131819,-0.0642560210148629,49.03627905319899,0.004530140805952419,52.899447472793085,-0.003868067948618192,49.20131722653088,49.03627905319899,0.03828278925030591,61.067031581743294,0.04903098777309914,55.94524052325956
2024-02-21,KZAP,19049.99,700.0,0.008684104555280426,-1.2649306777575513,0.1682875694412762,0.0,-0.025680447836463977,-0.3859502693001874,44.23647858221387,-0.022159986935417965,36.187172275203494,-0.060499238197325465,32.89217116795481,44.23647858221387,-0.02133909132098291,48.75278673388015,-0.1409333406845017,42.43149774594388
2024-02-21,KZTK,35680.0,860.0,4.05038089294994,-0.14581017176599134,0.24444444390123457,0.0,-0.04123525339881842,-0.6660196892616689,40.14056094237408,-0.0025799932379528792,48.35221298008607,-0.015376831091180867,45.75105856668992,40.14056094237408,-0.06792130578688871,39.1605398340585,0.12887887750017793,61.48180036554813
2024-02-21,KZTO,825.03,16770.0,-1.6292793677277742,-0.24799569009111305,-0.49457877443046583,0.0,0.0033633072650172333,0.1369921495019876,52.05372611366747,0.012841451349821106,58.1493134452274,0.009441654242876052,53.19885084970771,52.05372611366747,0.0806318517854762,69.11067928845294,-0.16809366906138476,40.54355854687801
2024-02-22,KCEL,2558.99,1960.0,6.460670124223884,-0.823322891694326,0.9764458259422373,0.0,0.16124970207429937,2.9797889197209457,85.66663452825243,0.12398531413869458,95.9865825523288,0.2095770598513043,92.65731447705335,85.66663452825243,0.1699191145182714,82.5508340035294,0.1956680241032596,65.90093765634366
2024-02-22,KEGC,1491.0,221030.0,5.562816947835338,1.614789993045581,0.08474575983912679,0.0,-0.019241493404873685,-0.27001476463670515,45.95861414359577,-0.0036925162083612786,47.641259221318286,-0.017607634697071287,45.08594092456376,45.95861414359577,-0.036474374021909235,45.59064289275258,-0.1401842387659289,42.48390978232393
2024-02-22,KMGZ,11990.3,1730.0,-0.9677000555758277,-1.6936435112164911,0.5440893286090656,0.0,-0.0032396305532156385,0.018104069713332598,50.27155837554771,-0.006382875579055973,45.926497757801435,-0.0025564933969773104,49.59562326607072,50.27155837554771,0.038973725868225,61.204712246445006,0.03994249434959932,55.302786051878485
2024-02-22,KZAP,19000.0,1060.0,-0.18929976763594725,-0.8171984686898611,0.7191977025845616,0.0,-0.026295572263993316,-0.3970257881121502,44.07261661423482,-0.02091656223893066,36.925512818126315,-0.05223292397660821,35.12281293991922,44.07261661423482,-0.047620196324143695,43.283096998179296,-0.15108496240601493,41.7229483601582
2024-02-22,KZTK,35611.0,140.0,3.7586247713469767,-1.8881447288128541,0.20343839483255474,0.0,-0.03461522955498418,-0.5468239699296946,41.87043614936285,-0.0001856230997823484,49.88421594293,-0.014822569961216728,45.91655697132873,41.87043614936285,-0.055804021842278985,41.60657202062398,0.13197234040846126,61.69138506526204
2024-02-22,KZTO,830.0,8770.0,-0.9969040668286009,-0.896248589509948,0.9999998699610052,0.0,-0.0033057181105373874,0.016914141380794074,50.25370994321319,-0.003021825396825397,48.06976579179341,0.0019089022757696906,50.93816265614017,50.25370994321319,0.0016702285331803499,53.57073386099997,-0.15450550774526678,41.48495823633066
2024-02-23,KCEL,2600.0,3650.0,8.044244449974448,-0.20154171955439618,0.2149948108609491,0.0,0.14274068986568986,2.6465280317885993,83.03228122146172,0.11485515873015867,94.98269793481283,0.20602167277167277,92.3610260147932,83.03228122146172,0.14329865689865692,79.09837079936793,0.17462860195360194,64.534270856187
2024-02-23,KEGC,1497.5,30320.0,4.7197210957756095,-0.37169947415471793,0.5833332847222263,0.0,-0.01761862694437823,-0.2407945171418784,46.39435194253302,-0.004664290351644275,47.02102173519912,-0.020017880329649948,44.369297772456356,46.39435194253302,-0.03472754061001139,45.95427625130401,-0.14517684301878794,42.1349192852747
2024-02-23,KMGZ,12200.0,11220.0,0.7633320439777375,0.29304354462714505,0.9217053954884323,0.0,-0.005834341660161332,-0.028614562144634335,49.570792110753295,-0.01938828389279209,37.84142111070617,-0.01945752016653656,44.53571301385957,49.570792110753295,0.018885037730939372,57.13712472403674,0.015429358574030688,53.561726714901155
2024-02-23,KZAP,19058.55,260.0,-0.007626157032291505,-2.1286810239763634,0.9998577048956903,0.0,-0.03005616912531817,-0.464736578673829,43.073771096794324,-0.035743922390912806,28.59687270976178,-0.05141342752552872,35.34773274628704,43.073771096794324,-0.050898054329071865,42.609527298169745,-0.16551649847881045,40.72159611943267
2024-02-23,KZTK,35840.0,1180.0,4.4036765432914065,0.243475725998857,0.9350262422045096,0.0,-0.03607713293650794,-0.5731460239381352,41.48654392289563,-0.012202430555555557,42.255286015713686,-0.021157242063492065,44.03132437376037,41.48654392289563,-0.06816904141865085,39.11105015936589,0.12986125992063494,61.548404174172
2024-02-23,KZTO,830.0,4630.0,-1.0060871976518406,-1.5350250708796362,0.3344709326841272,0.0,-0.005044296232549244,-0.014389532859147987,49.78415834786759,0.001812387645821391,51.16290208838096,-0.011670634920634922,46.85930835528363,49.78415834786759,-0.004899674890036308,52.19791359483508,-0.16292932205010519,40.90057034454442
2024-02-26,KCEL,2700.0,11320.0,8.934568467883182,0.9303009479972858,0.999999989999,0.0,0.10064206349206342,1.8885283369436827,75.64136719850124,0.05271031746031738,79.4077947570408,0.14171865079365079,84.8007031870739,75.64136719850124,0.09532791005290997,71.67809957505513,0.1263871693121693,61.312674379739384
2024-02-26,KEGC,1499.34,130120.0,4.239760729620488,1.1391549269353531,0.9999999482936944,0.0,-0.022794087080855195,-0.33398038903505767,45.006991034206244,-0.008496574461016763,44.58581416873161,-0.019911666545978528,44.40083145649942,45.006991034206244,-0.036665724331404206,45.55083788521214,-0.14769526399552307,41.95917331801477
2024-02-26,KMGZ,12050.0,3980.0,-0.4119115810275689,-0.7433701780922596,-0.9999999933333334,0.0,0.024936530988605682,0.5254251794581745,57.81674522971099,-0.007081844826450599,45.48240338717449,-0.0033159273529605477,49.36730108378472,57.81674522971099,0.03510696338009615,60.431953157126586,0.038961320226569174,55.23331810578248
2024-02-26,KZAP,18607.84,4630.0,-2.76302770923034,1.0348155893242161,-0.5436138390781422,0.0,0.0010830850543010542,0.09593599425925356,51.43864271009831,-0.01679065197574343,39.41797344016669,-0.027888468212818148,42.04688867342521,51.43864271009831,-0.023971185891674684,48.20144094642562,-0.15265454086463232,41.61369374589721
2024-02-26,KZTK,35560.0,780.0,3.2746044292749654,-0.17049962077773406,-0.7058823508650519,0.0,-0.03914155105611798,-0.6283218859467073,40.68523213844282,-0.0005438007749031374,49.65495716409273,-0.024550846769153915,43.02805691763999,40.68523213844282,-0.06976258280214981,38.793250551872084,0.14635384014498187,62.6599401574898
2024-02-26,KZTO,829.19,9980.0,-0.6693853478020447,-0.5892317174404793,0.6759998648000488,0.0,0.008705511354837138,0.233180301437025,53.49201024125267,0.0004547223748859624,50.29408768472612,0.0014221365247055317,50.79184549549864,53.49201024125267,-0.011733826724569896,50.766374860894416,-0.1534991097115813,41.55493933061541
2024-02-27,KCEL,2739.8,2500.0,8.934568467883182,-0.6376331025536509,0.9999999748743725,0.0,0.09689852341209006,1.8211246593729293,74.8885068354927,0.049779197994987395,78.15355483390303,0.1235753041584543,81.76998001869829,74.8885068354927,0.07161794291554113,67.47398718352436,0.1080448282924138,60.05950941701204
2024-02-27,KEGC,1490.0,18640.0,2.856115351271681,-0.8039900156242689,-0.1791044642459411,0.0,-0.020311766272504528,-0.2892853816840397,45.671580669396064,-0.0028389581335890187,48.186652235884594,-0.016242034196228827,45.49290380357361,45.671580669396064,-0.03688456375838926,45.50532151613376,-0.1421172126344945,42.34870111635144
2024-02-27,KMGZ,12044.9,1110.0,-0.5335178136344818,-1.7894944885725204,-0.267647054887554,0.0,0.0393983976159574,0.7858158723309451,61.57362459568415,-0.006580099737925012,45.801121549755464,-0.005972394886355726,48.56890975425358,61.57362459568415,0.026082775282484733,58.60871663395923,0.04842144916566812,55.90221277295717
2024-02-27,KZAP,18625.99,1300.0,-2.6979904774981267,-0.23537573425714206,0.8496659997822654,0.0,-0.0005101886609423546,0.0672485739325058,51.00859177592365,-0.017025587316177003,39.27442244162221,-0.0038123780541010907,49.21805791971611,51.00859177592365,-0.0355958989562434,45.773456259231224,-0.1349490931333217,42.85066018340555
2024-02-27,KZTK,35740.0,60.0,3.653430923214633,-2.674133946964416,0.894736837396122,0.0,-0.05106415958287816,-0.8429923966857761,37.61796890556533,-0.007391552748687701,45.285853845100924,-0.04623906720494577,36.7825759070731,37.61796890556533,-0.07454695019585898,37.84491169565723,0.14831179928229454,62.79104108512653
2024-02-27,KZTO,835.72,30110.0,0.13791711114007488,0.5150406742443732,0.03384615124260795,0.0,0.00019188978005086482,0.07988972852284768,51.198116531982684,-0.0037139135230984505,47.627593784646436,-0.005226142100452907,48.79313704805815,51.198116531982684,-0.0290906332264395,47.1304422620616,-0.16475107381981816,40.774520817071405
2024-02-28,KCEL,2862.1,43820.0,8.934568467883182,2.28381968387642,0.9999999934253782,0.0,0.03827724909781539,0.7656292223655707,61.28664993803981,0.045309610492462196,76.13691892869348,0.07199716336600447,70.69254965772969,61.28664993803981,0.029425919266184326,59.28720259233937,0.05511749073690486,56.37439088866313
2024-02-28,KEGC,1488.0,83290.0,2.508477947861901,0.7419846968545981,0.09090908264462885,0.0,-0.01989350998463903,-0.28175453885426904,45.78371850124589,-0.004790360983102924,46.940620102166875,-0.01214505888376856,46.71724690393279,45.78371850124589,-0.038154083461341526,45.24142485323739,-0.1380608678955453,42.63256609911807
2024-02-28,KMGZ,12040.0,920.0,-0.7969078077134543,-1.5984979307457912,-0.9999999732620328,0.0,0.042756063122923516,0.8462717505604082,62.42819350228122,-0.006103211517165006,46.104369419091555,-0.006489627168696936,48.41352972469547,62.42819350228122,0.02800442045035069,58.999128354059785,0.05917912513842752,56.66024463511463
2024-02-28,KZAP,18685.0,2160.0,-2.4177304555888757,0.25728426809855565,0.8900694682771433,0.0,-0.03681547746473489,-0.5864401614265986,41.293045555786755,-0.019265833301476888,37.915193196412844,-0.004515563371008916,49.00669061083076,41.293045555786755,-0.034603495185425874,45.98011528758896,-0.1456996986378174,42.09841567976095
2024-02-28,KZTK,35695.0,1070.0,3.4881411201786015,0.20692051771964087,-0.5061747886716434,0.0,-0.05002497398595242,-0.8242815162317187,37.88178414632134,-0.0026408767401063242,48.3132857149522,-0.04915336326060517,35.97137852953823,37.88178414632134,-0.07246052829639116,38.257379407473344,0.15834622863012696,63.45994102369578
2024-02-28,KZTO,838.1,29180.0,0.40237406745268134,0.3058954802960401,-0.3928570927478146,0.0,-0.011199379122845975,-0.1252138365117945,48.122675378564345,-0.006479795001164793,45.864879138915164,-0.01159233337689372,46.88275991695087,48.122675378564345,-0.034849662170480106,45.92884008629278,-0.16989192248907678,40.41947741564449
2024-02-29,KCEL,2884.0,55620.0,8.934568467883182,2.495750922477042,0.3142857131632653,0.0,0.044526937894898984,0.8781569366672615,62.87584337137345,0.05799404761904759,81.53213901971593,0.04754392433348744,64.25372746927184,62.87584337137345,0.006156437817845584,54.50518106935902,0.044367945754353516,55.61585063249016
2024-02-29,KEGC,1490.0,28600.0,2.356854113369047,-0.43010020533557153,-0.055967629402043285,0.0,-0.020176051986790244,-0.2868418010730112,45.7079619948089,-0.002726949504634062,48.25825662009582,-0.01675097741557475,45.34116018526262,45.7079619948089,-0.03910574464685203,45.04377631456192,-0.13938225205070842,42.54004071677661
2024-02-29,KMGZ,11950.0,4080.0,-1.7632910684463696,0.07902176338901454,-0.9999999918699188,0.0,0.048705186956233,0.9533876932570144,63.92320582615378,-0.002720238095238095,48.262547290485934,0.0011503171282459985,50.710133103467825,63.92320582615378,0.03204331042040246,59.815950557988884,0.07969893072989306,58.09726751913544
2024-02-29,KZAP,18660.0,1960.0,-2.797825777629292,0.16012064224051792,0.786324782964424,0.0,-0.038799795845455,-0.6221684703199094,40.774360520410035,-0.022012842596845814,36.274214338301256,0.007783439238503548,52.7019978529963,40.774360520410035,-0.036423461185117134,45.60123481614318,-0.1275535548410146,43.37008996939364
2024-02-29,KZTK,35712.0,60.0,3.307958451813372,-2.7354342833895653,0.99999999378882,0.0,-0.0500873783922171,-0.8254051282110219,37.8659212854861,0.0015080325140809014,50.9681777466675,-0.05094051459293395,35.47782546360247,37.8659212854861,-0.07298796722990272,38.15294676184395,0.1466548723118279,62.680108812808456
2024-02-29,KZTO,830.0,14400.0,-0.4052306307163183,-0.40035887622712824,-0.5381061941411709,0.0,-0.011317881048001542,-0.12734750287680272,48.09071627423672,0.038062894434882415,72.60474117209228,0.001851027921208644,50.920766967852046,48.09071627423672,-0.02141487378083764,48.73690766639811,-0.16943400267737618,40.45106274568431
2024-03-01,KCEL,2906.41,3150.0,8.934568467883182,-0.37538650916666905,0.17771722138306736,0.0,0.025378219924455013,0.5333779348668382,57.933077397620316,0.05667989019945676,81.02012582642409,0.027716706523834095,58.61148557182712,57.933077397620316,0.008805146582679321,55.05544587423813,0.027621395113635927,54.42902711353015
2024-03-01,KEGC,1495.0,29140.0,2.420622344070406,-0.30823083794430695,0.6666666111111158,0.0,-0.021467440409831715,-0.31009367684454303,45.36196666696687,-0.010719273238838463,43.1844764389888,-0.01872373254764559,44.753817422812794,45.36196666696687,-0.04268749270053625,44.30134195869649,-0.15080957822370866,41.742125611454746
2024-03-01,KMGZ,12000.0,2380.0,-1.44089919623909,-0.4599728430902694,-0.999999986491963,0.0,0.03846706349206349,0.7690468933280459,61.33529149643502,-0.010949206349206349,43.04009274464205,-0.005115873015873015,48.82627404306229,61.33529149643502,0.027605436507936447,58.91816014235486,0.07789722222222223,57.97160389493339
2024-03-01,KZAP,18434.4,2750.0,-3.9412025371158266,0.5230203419200877,-0.8727353032578953,0.0,-0.03253665781158624,-0.5093985980606507,42.41795260484433,0.004276881833755859,52.73785558626503,0.012535637204150253,54.12413586594022,42.41795260484433,-0.027787845291308465,47.40277687246387,-0.1514793780468401,41.69548633748832
2024-03-01,KZTK,35510.0,120.0,2.3596814234943917,-1.9809952727712323,-0.5555555534979424,0.0,-0.04723426477227519,-0.7740338736223286,38.59377253933614,0.0022292645040744743,51.42955861551701,-0.04076604198236133,38.32608382493424,38.59377253933614,-0.07235780084304444,38.277732048111936,0.15661213820832942,63.34470808741055
2024-03-01,KZTO,833.99,3490.0,0.22718639883647565,-1.6399086859144585,0.6627711748295236,0.0,-0.017435230500270574,-0.2374924034948561,46.44362957270026,0.03472330471207741,70.87158565388516,-0.004159551597150979,49.11369862304613,46.44362957270026,-0.019801964490077078,49.07491829268066,-0.1736619491507359,40.15974108908757
2024-03-04,KCEL,2850.24,3270.0,7.392721658189259,-0.2968136564080557,-0.9914953757708197,0.0,0.0502763437799056,0.9816768916343617,64.3137074430735,0.09195226413682123,91.32841755933487,0.050329684250482565,65.0195511114782,64.3137074430735,0.028318265195378778,59.06278452211503,0.055409164808844974,56.394932973565794
2024-03-04,KEGC,1491.0,15480.0,1.9214385704215342,-0.940792154681978,-0.4936708235859775,0.0,-0.020802375363290854,-0.2981189606660169,45.540100449626735,-0.0015017661524703901,49.04189000206448,-0.012040453834115792,46.74856533383471,45.540100449626735,-0.03807255756762799,45.258363868103125,-0.14487034428794993,42.15632175262572
2024-03-04,KMGZ,12000.02,820.0,-1.510963652491839,-1.3786363567207507,-0.9983999600639666,0.0,0.03305737837593018,0.6716437231902904,59.9404922986057,-0.002690555552777819,48.281523939744844,-0.004774693509108737,48.9288084023961,59.9404922986057,0.020117330358682184,57.390042585985825,0.07866384385258826,58.02508612452095
2024-03-04,KZAP,18350.0,1120.0,-3.848556344672628,-0.37525073238017953,-0.2197296890103198,0.0,-0.03272879308853423,-0.5128580572839273,42.36726196510533,-0.004686709052376619,47.00672305086324,0.015292152156048617,54.946128676120466,42.36726196510533,-0.022604271009039403,48.4877229333937,-0.13808208338739678,42.63108014795435
2024-03-04,KZTK,35645.0,110.0,1.798414008991311,-2.0088184841862895,0.6648427478146878,0.0,-0.04542441441952944,-0.7414469192898784,39.05815994850952,-0.005283923255560232,46.626007049040965,-0.03963521019667043,38.648074224367406,39.05815994850952,-0.07455900324407128,37.842533947820314,0.15026672867585336,62.9217516614488
2024-03-04,KZTO,832.0,10600.0,-0.16831262829141092,-0.444019657919256,0.3846153550295881,0.0,-0.012946481990231995,-0.15667100161233846,47.65166397497852,0.019895245726495682,62.469087420130855,0.0006628815628815649,50.56359451620729,47.65166397497852,-0.03158447039072045,46.60962071153275,-0.1738942231379731,40.14375644471071
2024-03-05,KCEL,2884.0,1600.0,8.064629164374628,-0.8597163121902437,0.9999999705275576,0.0,0.030834292649098427,0.6316163292416788,59.36246066190196,0.04966220141778394,78.10236706538008,0.0354556210510094,60.849846543051434,59.36246066190196,0.01657333949761134,56.66167061123322,0.03999277238403451,55.30634522339106
2024-03-05,KEGC,1490.02,30160.0,1.6388941651426705,-0.27382616176912394,-0.29986050907527684,0.0,-0.014789015919249393,-0.1898464345478783,47.155378563959026,-0.006064717214832302,46.12886039964253,-0.016669729973796076,45.3653787289214,47.155378563959026,-0.03473534822053096,45.952649975084285,-0.146663547991153,42.031146388923524
2024-03-05,KMGZ,12000.0,810.0,-1.1777088174162031,-1.2439005812445565,-0.11111110864197538,0.0,0.05279964285714288,1.0271097262730362,64.93687955436587,-0.006778968253968253,45.674753842974795,-0.006771031746031747,48.32900660111286,64.93687955436587,0.007873373015873028,54.862005468450405,0.07774376984126988,57.96089626262414
2024-03-05,KZAP,18362.0,3740.0,-3.6146254684879113,1.0761383679330692,-0.02656365738933639,0.0,-0.0320202642880483,-0.5001007618370236,42.55427040137234,-0.002804555517519791,48.20864421036036,0.01669268861848918,55.3627651078739,42.55427040137234,-0.033615111263254165,46.18607472014485,-0.12580100950375422,43.493399191956186
2024-03-05,KZTK,35577.77,110.0,1.5105600776420627,-2.0088185353500028,0.2847806699436341,0.0,-0.049221955572859834,-0.8098229040509577,38.08613729545167,0.0007393751994486716,50.476278587463895,-0.033187380470717516,40.50227110153796,38.08613729545167,-0.07221423110063935,38.30618336016141,0.15424165664647632,63.18693895834492
2024-03-05,KZTO,835.0,12220.0,0.1556190861417162,-0.2273894972323871,0.9999998319328013,0.0,-0.012596899059024742,-0.15037664528758926,47.74587929535306,0.028430113582359102,67.43724776370281,-0.0035699339416405294,49.290939967947764,47.74587929535306,-0.041236422393308624,44.601836128577006,-0.18085354053797167,39.66581580419314
2024-03-06,KCEL,2999.74,64959.99999999999,8.934568467883182,2.932500383962929,0.9981428535780597,0.0,-0.007115250522770036,-0.05167774996374582,49.22489584910692,0.03205499605468453,69.44141335800768,-0.006598635627786081,48.38078666806948,49.22489584910692,-0.03963286459429651,44.9343667401973,-0.00671178813010348,51.98152202089072
2024-03-06,KEGC,1485.01,22680.0,1.167769351642075,-0.5588586337934093,-0.9985548411448828,0.0,-0.01782632334900635,-0.24453415961693856,46.33855355084767,-0.004718204289255495,46.98663616730229,-0.010012322636275332,47.35625833068752,46.33855355084767,-0.03762811444912505,45.35072710076062,-0.1495889739746288,41.82715625985664
2024-03-06,KMGZ,12000.0,680.0,-0.7320233671819004,-1.360217354894241,0.09090908925619838,0.0,0.06220396825396826,1.1964377161639779,67.21361800311226,0.011468650793650793,57.29157874239013,0.0011476190476190484,50.70932200613528,67.21361800311226,0.008030952380952382,54.89473014564157,0.07599007936507937,57.83847390976584
2024-03-06,KZAP,18376.98,2070.0,-3.180502642015479,0.4846018235127849,0.23580785883183478,0.0,-0.03392227773421912,-0.5343471431558119,42.05275110749657,-0.017770133272066183,38.82072092834243,0.012482873806562053,54.10837845387836,42.05275110749657,-0.03824131732821635,45.22330108696034,-0.12333759580243987,43.66686103668046
2024-03-06,KZTK,35700.0,290.0,1.4471082533345574,-0.6931460676307687,0.5999199815966347,0.0,-0.05254393090569562,-0.8696361688882482,37.243570679514704,-0.008300256769374417,44.710034254185366,-0.031856862745098094,40.88847555191407,37.243570679514704,-0.07324005602240896,38.10307189316049,0.146984477124183,62.702186731107936
2024-03-06,KZTO,835.0,16400.0,0.24686981989077167,0.2087654242889641,0.99999980000004,0.0,-0.011338945917688434,-0.12772678282415545,48.085035395415474,0.026044499097044007,66.08195686889118,-0.004166752209865982,49.11153421968484,48.085035395415474,-0.04842363843741089,43.117757230526735,-0.17972848350917212,39.74294967097183
2024-03-07,KCEL,3059.1,16810.0,8.934568467883182,1.4922472369249702,0.9999999887766556,0.0,-0.04639914003651867,-0.7589971764806503,38.8078039699361,-0.00894326961244434,44.30342192505987,-0.026077818872964474,42.57844117302941,38.8078039699361,-0.05337456639908093,42.10242531266468,-0.03157916217188057,50.202164077763214
2024-03-07,KEGC,1489.99,32680.0,1.3546353243448577,-0.1935795638674988,0.9979999002000118,0.0,-0.021510864795406648,-0.31087554727239264,45.35033977828632,-0.008055343817157834,44.86509546644432,-0.007428854151253002,48.13146015681235,45.35033977828632,-0.04477335146970734,43.87012803584114,-0.14579918742929668,42.09147076288013
2024-03-07,KMGZ,11950.0,1030.0,-0.9684564923250651,-0.8887276656212085,-0.9999999857142859,0.0,0.07329928604635715,1.3962125835479389,69.79863960517724,0.008179894733346635,55.219768365871104,0.02046424254499568,56.48084145861301,69.79863960517724,0.02034149398950661,57.43600918713333,0.07345869363086938,57.66159220837
2024-03-07,KZAP,18300.0,2670.0,-3.2774932556537952,0.7391314787465281,-0.28442406459488906,0.0,-0.032377374447046664,-0.506530648388295,42.45998809735559,-0.002754247983346344,48.24080469807797,0.015987483736664063,55.15306874382453,42.45998809735559,-0.02257974889409316,48.49285972402004,-0.11723706739526402,44.09708994730377
2024-03-07,KZTK,35863.0,70.0,1.8239572007574023,-2.1145246588246236,0.942523778077065,0.0,-0.061208223645628584,-1.025639625975641,35.083206627457756,-0.008033791613941849,44.87874559143297,-0.03155074195494406,40.977493316282676,35.083206627457756,-0.06656777619105159,39.43132313082198,0.15623611908900234,63.31970084527507
2024-03-07,KZTO,863.85,84770.0,3.7001897626807425,1.709476832208509,0.9999999686028267,0.0,-0.047345958568644854,-0.7760449573762942,38.56518009817875,-0.021858021881554692,36.365894528683135,-0.039522684714332595,38.680169355598366,38.56518009817875,-0.06166411861902836,40.41767050165767,-0.2037468725280238,38.10788463532504
2024-03-11,KCEL,3078.99,9730.0,8.934568467883182,0.7936076154208949,0.933268813671715,0.0,-0.04182792927690103,-0.6766910145144567,39.98681271056194,-0.01503409655902926,40.49690932911153,-0.0317699853105819,40.91373285233292,39.98681271056194,-0.06912676101346771,38.91993973227818,-0.04109200526332142,49.521101874932995
2024-03-11,KEGC,1483.01,8360.0,0.5225488318155452,-1.4156102857933406,-0.9971427146939005,0.0,-0.014865262382501103,-0.1912192773424358,47.13485305734239,0.0020177520423660094,51.29427325436823,-0.0067706623102328336,48.32911755927184,47.13485305734239,-0.041477661623512796,44.55185126408238,-0.1458617205590989,42.08710573393757
2024-03-11,KMGZ,11901.0,1830.0,-1.3296559756022568,-0.1657919318394283,-0.9799357847117197,0.0,0.07533150285490214,1.432803319479904,70.25942090127913,0.006462419024411696,54.1300938257292,0.0430564492379592,63.004779291580626,70.25942090127913,0.023423111203140244,58.06658511720805,0.07500431696416068,57.76961697283253
2024-03-11,KZAP,18563.0,2940.0,-1.600487789908264,0.5898289994453387,-0.19298245557607469,0.0,-0.04181581963694634,-0.6764729764409844,39.98995215467348,-0.024944193882009698,34.55778558440479,0.008623392881726663,52.95374729938281,39.98995215467348,-0.04229577365881439,44.38242075150619,-0.1291061010595406,43.260921180466234
2024-03-11,KZTK,35685.01,390.0,1.279312959109002,-0.39688081676059767,-0.9999999968252961,0.0,-0.056106426588558786,-0.9337800821962682,36.34854405473014,-0.010653598222312662,43.22573765009154,-0.03748246529289439,39.26377287639844,36.34854405473014,-0.07006336938014836,38.733370660292636,0.18210371708874973,65.02269593960816
2024-03-11,KZTO,865.2,39940.0,3.1913068142980303,0.9569135985675027,0.9999999492128009,0.0,-0.05315908075204191,-0.8807121453744193,37.088377295534926,-0.009006314532285448,44.263595319571294,-0.028876922484204086,41.75747621751066,37.088377295534926,-0.06329536523347211,40.08865018797484,-0.21161348435814464,37.57797224544991
2024-03-12,AIRA,1085.0,73740.0,-6.178509764385934,-0.8614057161049248,-0.16597162919335934,0.0,-0.1747751280081925,-3.070449309011622,13.678309375547693,-0.04730392985151058,22.95206840195558,-0.16796337685611878,11.862020784681294,13.678309375547693,-0.21470279057859704,15.821386633066853,-0.4240872503840245,24.67562499860309
2024-03-12,KCEL,3119.99,4330.0,8.934568467883182,-0.016036947256876134,0.9570405499512953,0.0,-0.03930834624800639,-0.6313250885555273,40.641754843962616,-0.017051450163632482,39.25863090554514,-0.033746164798706776,40.340421819498594,40.641754843962616,-0.08051971549104978,36.67400261422278,-0.049849621801290794,48.894260509602404
2024-03-12,KEGC,1492.77,30970.0,0.9954821714853587,-0.05999753619745677,0.9979549081845717,0.0,-0.011388004283822615,-0.1286100949357971,48.07180528343093,-0.00991041013717865,43.69329742595284,-0.017156333296329568,45.220363343978526,48.07180528343093,-0.04193308347823811,44.45751778836882,-0.14715416230038308,41.99691662205201
2024-03-12,KMGZ,12000.0,6510.0,-0.4521026751723765,1.2394101921947023,0.7333333284444445,0.0,0.06293531746031746,1.2096059005678532,67.38749230870395,-0.002695634920634921,48.278276561918766,0.04835198412698416,64.47663950813612,67.38749230870395,0.014284920634920636,56.18979299430764,0.06905714285714287,57.3535663201014
2024-03-12,KZAP,18313.34,1980.0,-2.6845395997428225,0.19451660160831177,-0.8981679355031748,0.0,-0.02678868063797228,-0.405904367514819,43.94135131534204,-0.0036151831843596236,47.69065103754706,0.021834947438610218,56.885620091486274,43.94135131534204,-0.02578394537568519,47.82196798023303,-0.11161001925892482,44.494716488250226
2024-03-12,KZTK,35552.5,1790.0,0.8198057107883794,1.1183582909627274,-0.7460842750675195,0.0,-0.0486479162550799,-0.7994871362317311,38.23247910494195,-0.00276595346363471,48.2333215137839,-0.040970119335032196,38.26808333042706,38.23247910494195,-0.06646526102131545,39.45185871506941,0.17708693447986043,64.69523919068774
2024-03-12,KZTO,850.79,65510.00000000001,1.1619872408529437,1.4517378853333502,-0.11918366860475119,0.0,-0.027750055350050887,-0.42321423724595414,43.68567883219869,-0.0012734273253410923,49.188000292320176,-0.012809340837656526,46.51842432303749,43.68567883219869,-0.05261938790968687,42.25688778488359,-0.19409582869478728,38.76187749891385
2024-03-13,AIRA,1079.99,218010.0,-6.53963249987953,0.22258720077977398,0.10888887679012683,0.0,-0.17924568873874053,-3.1509432339075656,13.117995474891448,-0.02398723414105687,35.11397085614518,-0.17423470998849636,11.095841485687096,13.117995474891448,-0.2043995933053172,17.00647177919609,-0.41743683395731035,25.031326400098052
2024-03-13,KCEL,3035.0,5690.0,7.1821299593500925,0.21048180631264518,-0.8899768853561789,0.0,-0.024514528908762857,-0.3649575132998393,44.547407484531576,0.02201169686985173,63.7307111931123,-0.016855081587824526,45.31013164553167,44.547407484531576,-0.04924613046206946,42.94865599660162,-0.01762315119897491,51.201123384160105
2024-03-13,KEGC,1485.0,17820.0,0.3018600231043704,-0.6126938829125176,-0.5905833581797989,0.0,-0.008209668109668108,-0.07138310066899707,48.92941714112196,-0.0007471380471379861,49.52481291738436,-0.012940271765271778,46.479248954685204,48.92941714112196,-0.0380907768157768,45.25457827457056,-0.14138964646464647,42.39957996223436
2024-03-13,KMGZ,11951.0,1920.0,-0.7866894722913819,0.01839732668447478,-0.199999996923077,0.0,0.07366015555582119,1.402710158448006,69.88075798542613,-0.002867350012551251,48.16850317170688,0.05558274491873555,66.44254329841091,69.88075798542613,0.028635674938538712,59.12713288556457,0.0738336347957865,57.6878038961129
2024-03-13,KZAP,18360.0,1410.0,-2.238933330442062,-0.33444340662189403,0.9644527550774026,0.0,-0.025430454403983886,-0.3814490548460299,44.30310999728867,0.007534204793028402,54.810632644833554,-0.014538211951447246,46.00149944394772,44.30310999728867,-0.026412177093059357,47.69051385709969,-0.10478338779956425,44.978052928903224
2024-03-13,KZTK,35699.98,130.0,0.9400800495933288,-1.5040732296959005,0.9997333266684872,0.0,-0.049903380175296434,-0.8220921794454239,37.912700075205706,-0.00480028128867308,46.93429408884796,-0.04521927672215058,37.06823931873291,37.912700075205706,-0.07045261143737071,38.65593179047286,0.1600710594437929,63.57440592881589
2024-03-13,KZTO,860.99,35360.0,2.2004346962840766,0.7719643152253015,0.746278268849299,0.0,-0.0453152035392259,-0.7394805412610768,39.08624670728621,-0.018948736919127993,38.106491559500746,-0.03297780728884087,40.56302648655643,39.08624670728621,-0.06422308578607462,39.90192590400621,-0.19989279547058877,38.36854982998587
2024-03-14,AIRA,1072.03,118780.0,-6.99990617379072,-0.42218948747916063,-0.38205721647110763,0.0,-0.12500765479199896,-2.17436948977291,21.33882210109449,-0.004695614854121035,47.00104305203674,-0.16062815841596476,12.81585494128674,21.33882210109449,-0.18853996646178905,18.96695073591994,-0.41932804199242824,24.929827461289783
2024-03-14,KCEL,3103.99,32360.0,7.765776582314364,1.948692856767139,0.9999999919348336,0.0,-0.041252314010891245,-0.6663268712259993,40.13613245765432,0.006959471091918272,54.44590819596642,-0.025764136052843813,42.67070726489304,40.13613245765432,-0.053356102601070945,42.10620002526189,-0.046025785153026466,49.167926997198656
2024-03-14,KEGC,1482.01,87340.0,-0.062374173654365116,1.0095554023921063,-0.986710635644319,0.0,-0.009575821463193,-0.0959811437474754,48.56068060851556,-0.002648001823563784,48.30873026212149,-0.009923895700208943,47.38277301321733,48.56068060851556,-0.036735149790669316,45.53639728901937,-0.14081340900919312,42.43988780380623
2024-03-14,KMGZ,12170.0,4290.0,1.0547704184420972,0.7987655841862442,0.999999996296022,0.0,0.05180165708025198,1.0091406622083527,64.69100452264288,-0.023333216600800823,35.49643586445029,0.034338099150917574,60.52918875208013,64.69100452264288,0.007876961954324316,54.8627508340884,0.054380161990844,56.32245239992154
2024-03-14,KZAP,18100.0,4490.0,-3.4219501813005038,0.9800863556581773,-0.1339491914442339,0.0,-0.00526694290976059,-0.018398359937889967,49.72402740342476,0.008948728404805753,55.70600842048242,-0.0036788213627992547,49.25820651413675,49.72402740342476,-0.006236547399807113,51.918091161609794,-0.1118880820836622,44.475050620450325
2024-03-14,KZTK,35500.0,120.0,0.025640467372738483,-1.165748075391977,-0.6323529388516436,0.0,-0.02476737089201878,-0.36951001685306767,44.47994211779921,-0.004145349877040017,47.35213468057199,-0.03943568075117371,38.704991843622174,44.47994211779921,-0.05098711155823832,42.59126389279735,0.17462736418511068,64.53418972544927
2024-03-14,KZTO,859.0,9810.0,1.6694759178978982,-0.5102128290364515,-0.06182794867904359,0.0,-0.045420275514163756,-0.7413723969295444,39.05922425649197,-0.021917111998078238,36.33089140155794,-0.04035863407062477,38.441971863007524,39.05922425649197,-0.06895369569636159,38.95444945623611,-0.19650021619823715,38.59855727835151
2024-03-15,AIRA,1064.0,223260.0,-7.454181138902759,0.24638324665079797,-0.41944846735541247,0.0,-0.0886922305764411,-1.520498262971993,28.65296298344783,0.00662543859649128,54.23371018481574,-0.1587187552213868,13.074648539672944,28.65296298344783,-0.18732704678362572,19.12378869591195,-0.4215025062656642,24.8134667005403
2024-03-15,KCEL,3040.0,2300.0,4.549929738703196,-0.8329056028752164,-0.999999988377499,0.0,0.01034395363408527,0.26268099670125655,53.93207876126947,0.02688859649122807,66.56465989453594,-0.015529375522138608,45.70552618684587,53.93207876126947,-0.02810712197159566,47.336020398196595,-0.022771303258145373,50.83269235061203
2024-03-15,KEGC,1482.01,29310.0,-0.16511825641837657,-0.08232324889784778,-0.9799990200009983,0.0,-0.004859649362946904,-0.01106490488743048,49.834027036300746,-0.0027234142594629307,48.26051673409347,-0.007889300401010506,47.99322086326307,49.834027036300746,-0.038758237153359826,45.11593163051982,-0.13925072496458316,42.54924811846249
2024-03-15,KMGZ,12080.01,2250.0,0.2947684082907906,0.1534099110963315,-0.9997777666691311,0.0,0.06397330943552908,1.2282952894680759,67.63344940068438,-0.005697624463887051,46.362505661591875,0.036342121324718216,61.10355279034025,67.63344940068438,0.025987504191793256,58.58933224365933,0.056891787873401684,56.4993174011569
2024-03-15,KZAP,18299.0,6020.0,-1.980974596283178,1.1170529329968053,0.6357012738876116,0.0,-0.014247193315273536,-0.18009073931856628,47.301264215958305,-0.012443974169808913,42.10445976531959,-0.02039892530340365,44.25620728577533,47.301264215958305,-0.006649629327476484,51.83160331345717,-0.13402819175651026,42.91525683062596
2024-03-15,KZTK,35671.7,50.0,0.2804023813075221,-1.9020978194456384,0.990134032636681,0.0,-0.019763511023878123,-0.2794138645597592,45.81858101285163,-0.006128334739676843,46.08838644748086,-0.0467662912612554,36.63525159771749,45.81858101285163,-0.055997971388861784,41.567058534740575,0.17210839958900334,64.36890908341971
2024-03-15,KZTO,847.3,65250.0,0.21302058355517858,1.384608844033181,0.051407587166229056,0.0,-0.021398753463382228,-0.3088569456508346,45.38035864443782,-0.008381720366654811,44.658480028158,-0.028263312501522073,41.93707140205181,45.38035864443782,-0.03676628389150216,45.529921594535274,-0.18559978475043976,39.34098283127927
2024-03-18,AIRA,1025.0,315820.0,-7.454181138902759,0.5932184835409805,-0.2857142816326531,0.0,-0.049486604723190095,-0.8145879995533842,38.018742014779264,0.03639298296554385,71.74615826659617,-0.13223910181958962,17.137724465474403,38.018742014779264,-0.16169593495934964,22.670223503414107,-0.4011177797135114,25.91852899902315
2024-03-18,KCEL,3041.0,4120.0,4.176377630815004,-0.11237433032510867,0.09811827825109462,0.0,-0.003537181795879552,0.012746561153830794,50.19119748536506,0.024975734146557887,65.46595574023686,-0.011773192819822276,46.82859403793856,50.19119748536506,-0.034428389784062235,46.016593946730275,-0.02160109312934863,50.91644862387977
2024-03-18,KEGC,1490.0,47150.0,0.2214993203880428,0.4308639145122354,0.6713091298691645,0.0,-0.0032621817407051997,0.01769802812224195,50.2654679273408,-0.007963867582827284,44.923037398571246,-0.015290337701075955,45.776878793079675,50.2654679273408,-0.04412706935123043,44.00363945173557,-0.1486409422605732,41.89323231204782
2024-03-18,KMGZ,12009.99,3230.0,-0.31177534608231317,0.514961487644769,-0.6640336078652674,0.0,0.06528452798362827,1.2519042132014364,67.94275993085007,0.004765625829790369,53.049644258089515,0.03703046987985678,61.30013709192461,67.94275993085007,0.034044131094197426,60.218615666684116,0.07266970846274448,57.60642112990267
2024-03-18,KZAP,18150.0,2350.0,-2.495444158210263,0.14884545327415521,-0.4535519100898803,0.0,-0.00805141020595566,-0.06853361475807476,48.97214060578527,0.001677643316279656,51.07669758644692,-0.01704861603043421,45.252457865289216,48.97214060578527,0.0017460055096418722,53.58654040308459,-0.1600405909746818,41.100690493451886
2024-03-18,KZTK,35401.03,150.0,-0.6402593577428093,-0.36000166783304843,-0.9923420037459492,0.0,-0.054450921628865265,-0.9039721677259738,36.7633340170732,6.671311462472674e-05,50.045732272960706,-0.03389079980001834,40.298563046728006,36.7633340170732,-0.03502793813249687,45.891711578867664,0.1877081438645838,65.3868404684118
2024-03-18,KZTO,859.74,16200.0,1.5990911986470207,-0.008604833147158139,0.9999999319264853,0.0,-0.03927630291328387,-0.6307481377133332,40.65010621217242,-0.02417731310241087,35.003168942815364,-0.04046999635548733,38.4102815337217,40.65010621217242,-0.06400595063623887,39.94560305973362,-0.19984698145175672,38.37165245483644
2024-03-19,AIRA,1036.6,38280.0,-6.7920305917990085,-1.517021448969069,-0.2927683882520505,0.0,-0.05962182547338815,-0.997076002075216,35.47451750520401,0.02176270729399235,63.5832270762441,-0.14595171860692305,14.920848829667522,35.47451750520401,-0.16929728308971015,21.57213522066958,-0.4114323413081226,25.35540057594773
2024-03-19,KCEL,3075.2,960.0,5.056211433788168,-1.5690382280610848,0.9791959241159233,0.0,-0.017998089787423757,-0.24762687116409152,46.29241479454892,0.026786058669045203,66.50620516658756,-0.029412941215334547,41.6007694578877,46.29241479454892,-0.050091044381679106,42.775116147630825,-0.03870840270551501,49.691746650916016
2024-03-19,KEGC,1482.0,6170.0,-0.4094838301688548,-1.6027641201858942,-0.9999997500000625,0.0,-0.004154646230962027,0.0016289097317569129,50.02443364403143,-0.0007161846925004818,49.54462397011659,-0.0045233934194460505,49.00433719771469,50.02443364403143,-0.0401974776685303,44.817229422408694,-0.14281818488529013,42.29969732886328
2024-03-19,KMGZ,12000.0,3590.0,-0.365556977369082,0.5433827107796415,0.0,0.0,0.06465952380952385,1.2406508062839903,67.79551871207674,0.00600952380952381,53.842045755300106,0.057646468253968276,66.99368247366255,67.79551871207674,0.029208730158730163,59.2432288576598,0.11022500000000002,60.209187515513705
2024-03-19,KZAP,18296.5,1030.0,-1.5383129664460335,-0.7194946996128554,0.6187845269680413,0.0,-0.01228998110489516,-0.14485048598947037,47.828609319768574,-0.002488515432954228,48.41070516012581,-0.023650448574386897,43.29372336580109,47.828609319768574,-0.01179792867401563,50.75293790049864,-0.1844010213702074,39.42293850857599
2024-03-19,KZTK,35550.0,90.0,-0.27148568501214293,-0.47692189106598903,0.9999999933333334,0.0,-0.053747367892304596,-0.8913044499508855,36.94020986791434,-0.004146945951376331,47.3511159240308,-0.04361983624673498,37.51809558489049,36.94020986791434,-0.02146637532650191,48.72611644229681,0.1738677566807314,64.48438476086655
2024-03-19,KZTO,852.0,10860.0,0.6242348976665465,-0.4085289350585347,0.09090908539944936,0.0,-0.031213246143527888,-0.4855701331687207,42.76753354815866,-0.028562072434607646,32.49392135199386,-0.027773379163872056,42.08062190287014,42.76753354815866,-0.05056826514643415,42.67717631419154,-0.19623039906103287,38.616872150743426
2024-03-20,AIRA,1057.0,131550.0,-4.265458332560438,-0.2212410339216054,-0.022004889486444086,0.0,-0.09434956375486178,-1.6223604183976952,27.420009485267,-0.007477591191001787,45.23127719324479,-0.14654893303899927,14.829895676803934,27.420009485267,-0.18740998633448963,19.113032636645816,-0.42465240197624304,24.645554746615357
2024-03-20,KCEL,3110.0,760.0,5.964028048581512,-1.7154411103771194,0.966101667624252,0.0,-0.031745235543306355,-0.4951487783034569,42.62691897794143,-0.0014610485887817076,49.06794337946031,-0.03802868371357111,39.10721894881447,42.62691897794143,-0.061316449752462615,40.48790745498539,-0.046646062369213495,49.12353082850517
2024-03-20,KEGC,1487.9,11210.0,-0.08637329392145933,-0.9923565453202696,0.9699497545994006,0.0,-0.00884775773248123,-0.08287211541934675,48.75717432203906,-0.0034193104001911715,47.81577298323878,-0.014905838312653342,45.89168779677817,48.75717432203906,-0.04247992515284678,44.344300952190395,-0.1431868828656987,42.27392834830647
2024-03-20,KMGZ,11949.0,2870.0,-0.8058240856140767,0.3195427892986797,-0.9999999803921573,0.0,0.0739807905821966,1.408483298169767,69.95361402470388,0.014074269115965073,58.91542470652917,0.0716659692582364,70.60995396851068,69.95361402470388,0.026846519931932877,58.76401555740832,0.10372506206935028,59.76238581333635
2024-03-20,KZAP,18547.9,1930.0,0.5732950785928456,-0.048049641892396605,0.9992741017087777,0.0,-0.03339342866607847,-0.5248250407310934,42.19203708201405,-0.015841966101583282,39.99947953449201,-0.03811385056469413,39.082829027816466,42.19203708201405,-0.027023931670012435,47.56253821187931,-0.1982776187900278,38.477990119579644
2024-03-20,KZTK,35625.0,140.0,-0.08362596816043524,0.03636752803367961,0.5454545438016529,0.0,-0.06051846282372598,-1.013220254191917,35.253104606522434,-0.017484345029239824,38.99464640692196,-0.04565580618212197,36.94584670987564,35.253104606522434,-0.0188480668337511,49.274864412676,0.22150985797827905,67.54389832476996
2024-03-20,KZTO,847.0,16550.0,-0.0455478065299267,0.01522096905765936,-0.06604402494703027,0.0,-0.022211124229306045,-0.32348395003824976,45.1629160687935,-0.011011685032139578,43.00088035292475,-0.020714941624032535,44.16246178155203,45.1629160687935,-0.04365016397743665,44.102216148394255,-0.19066106519742884,38.99562492486512
2024-03-26,AIRA,1069.9,108850.0,-2.359814508348296,-0.3434035277809429,0.7472466754612741,0.0,-0.13042519616875642,-2.2719141144821964,20.37290701050803,-0.03185433340454613,30.67287253407059,-0.16159984099537567,12.68584188357646,20.37290701050803,-0.20231789226704175,17.254307910941037,-0.42977558149626804,24.374090150511613
2024-03-26,KCEL,3134.0,2220.0,6.604725320560551,-0.6435091179875772,0.7239498011571199,0.0,-0.03833173640866684,-0.613740905318003,40.89652698264956,-0.010406754641869511,43.38090406215163,-0.06470431139271281,31.785619812802224,40.89652698264956,-0.07687827260663885,37.38610275960124,-0.07265604202753213,47.2639760508067
2024-03-26,KEGC,1482.1,24830.0,-0.5395011930969903,-0.18027188815438883,-0.9666108569932095,0.0,-0.008273233121600243,-0.07252760973729193,48.91225750258358,-0.002141563049212607,48.632589562631715,-0.011344852782891652,46.95689014770482,48.91225750258358,-0.03824038483575958,45.22349481552482,-0.14004961468765356,42.49333075261934
2024-03-26,KMGZ,11919.0,4320.0,-1.019499225518582,0.6238451095575902,-0.08724832156209181,0.0,0.07019900339194325,1.3403909687255862,69.08795696524153,0.013444663082952807,58.52468340519514,0.08100385069456927,72.88555600807827,69.08795696524153,0.025528052249509582,58.49581231804115,0.11851269731401246,60.7764114249298
2024-03-26,KZAP,18311.0,960.0,-0.6127751248033009,-0.7463904194367479,-0.2183098583862329,0.0,-0.004888476741797151,-0.011583951380247997,49.826241428784805,0.022318090153979783,63.91184299886669,-0.028097325248159534,41.98569052231693,49.826241428784805,-0.018341740414513613,49.381005129824146,-0.1706183724459146,40.3693863267266
2024-03-26,KZTK,35449.0,150.0,-0.5690929673637892,0.10536023010304532,-0.34868420937932826,0.0,-0.051818192399812474,-0.8565690070023855,37.42700238566727,-0.02951966342659945,31.958444376243605,-0.045184684402407846,37.07794532218401,37.42700238566727,-0.0044763761442215,52.2864868673299,0.22592380653494157,67.82039403059252
2024-03-26,KZTO,842.5,6590.0,-0.7956275129925395,-0.9056094958041488,-0.48717943721236545,0.0,-0.019293478875229596,-0.2709507802281981,45.94466595319999,-0.004529224954076586,47.107176933697446,-0.01792426522537801,44.991673588599824,45.94466595319999,-0.03947771890160613,44.96656390311741,-0.18330558499364139,39.497882117963194
2024-03-27,AIRA,1073.94,175760.0,-1.7356554244623783,0.21681949081562774,0.07794914222805233,0.0,-0.12239134433332718,-2.127261954441658,21.817095137266797,-0.07158936331017876,13.790397748984956,-0.16198415212519635,12.634732185974606,21.817095137266797,-0.20588640830338134,16.831198075284203,-0.4453574963840313,23.56096575462272
2024-03-27,KCEL,3130.0,25290.0,6.0666898780970415,1.8732831234635317,0.09913792996618395,0.0,-0.03387111161823629,-0.5334258803108636,42.066221526629334,-0.012005255083929205,42.37851490007554,-0.05282957807191034,34.959468553423775,42.066221526629334,-0.07213036158020183,38.32280754812922,-0.05828155839545622,48.29105635139751
2024-03-27,KEGC,1482.0,13210.0,-0.5577473101055468,-0.7940485111029565,-0.9999996666667778,0.0,-0.004150282758177495,0.0017074755027582118,50.02561213030123,0.0006337397982134822,50.40866828899654,-0.009305478439688935,47.5682449187666,50.02561213030123,-0.03613619947304157,45.661004266112585,-0.1400611111111111,42.49252621353928
2024-03-27,KMGZ,12044.0,3720.0,0.02699905131031573,0.47431349481033663,0.9999999942528736,0.0,0.05726756838681448,1.1075562035054276,66.02780896665519,0.001909538702007981,51.22505152503596,0.06724930203012236,69.49564893431804,66.02780896665519,0.02086671516608414,57.543659661832066,0.10122085501310013,59.58981030391614
2024-03-27,KZAP,18121.0,2620.0,-1.5816886907824506,0.257604354620766,-0.9999999964684277,0.0,0.004894851759293568,0.16456811478407932,52.46651805090845,0.0355580278033992,71.3108030026111,-0.013172307889732426,46.40983296718841,52.46651805090845,-0.0018706107007304545,52.83139338330676,-0.17984920227605786,39.734670748238486
2024-03-27,KZTK,35550.0,260.0,-0.26397502654823524,0.6554056061408067,0.5836705948041655,0.0,-0.055311502913401644,-0.9194672184499205,36.54746472787812,-0.03649535362668274,28.205649641309215,-0.047582951577255374,36.40754234144406,36.54746472787812,-0.002284066706851523,52.74497489264595,0.21324437412095645,67.02284260441324
2024-03-27,KZTO,842.5,6030.0,-0.8816846607839721,-0.9311033528404147,0.4491681239984917,0.0,-0.014515616315764684,-0.18492378424159758,47.22898544866906,-0.008081325655880552,44.84864085271014,-0.02233460741368748,43.6826585134982,47.22898544866906,-0.0513090951909943,42.525250018494134,-0.17756852950873725,39.89117867669324
2024-03-28,AIRA,1065.1,151420.0,-2.310888510960006,0.05372233877493028,-0.837325589962479,0.0,-0.12529551607047845,-2.1795525273216554,21.286669109599483,-0.08261685503857592,10.763300098025908,-0.15416949243159214,13.709155962234354,21.286669109599483,-0.1970706048541533,17.89169119518496,-0.45476080601270014,23.0794303041858
2024-03-28,KCEL,3125.25,30300.0,5.264182755356298,1.9701254528860028,0.3388429725396076,0.0,-0.03705480561555072,-0.5907493439561228,41.23038206156405,-0.025516430114162294,34.2271972967928,-0.036068444524438116,39.67007060136375,41.23038206156405,-0.07318869604717337,38.11323124953313,-0.06118877661215673,48.08318617532116
2024-03-28,KEGC,1482.2,12840.0,-0.5192687906529229,-0.8102361873391212,-0.865771521553151,0.0,-0.005550875950164274,-0.023510668260548484,49.64734582397636,-0.0028329483414830012,48.19049396293124,0.0006619533276360657,50.563315449221626,49.64734582397636,-0.03892946943946475,45.08037493432332,-0.14162674044160012,42.382998158309896
2024-03-28,KMGZ,12100.0,8850.0,0.4786160710962964,1.2153357382020595,0.03836907376493175,0.0,0.05602238292011019,1.0851362272475211,65.72541880684038,-0.0027182539682539682,48.26381576739573,0.0589007116620753,67.32638660741893,65.72541880684038,0.015514951462678735,56.44357318331855,0.08299886199658929,58.32715429365247
2024-03-28,KZAP,18229.98,1360.0,-0.8355323290326712,-0.4415694776787224,0.8045528389873682,0.0,0.00839952882559383,0.22767098477343894,53.40976416052268,0.040508343098775206,73.83233001483653,-0.017380141622024062,45.15369205481281,53.40976416052268,-0.002748148684069883,52.647955243889,-0.20311455353972382,38.15060414760152
2024-03-28,KZTK,35500.0,40.0,-0.3964676519116116,-1.216389061397658,0.4381214513896726,0.0,-0.058545187793427225,-0.9776907844762831,35.74120284096064,-0.036521070869662414,28.192317930405707,-0.04233285602503906,37.881645185856996,35.74120284096064,0.0038154985468365696,54.01793284411893,0.21267444109099037,66.98675758427464
2024-03-28,KZTO,841.3,4640.0,-1.053918030763756,-1.1931347992242733,-0.04166665798612279,0.0,-0.010693188121557862,-0.11609970007645454,48.259208373169585,-0.00307484495838823,48.03588025186243,-0.011715699578694283,46.84581197499072,48.259208373169585,-0.04406825948692402,44.01579295454914,-0.1786661736183042,39.815828414178576
2024-03-29,AIRA,1062.0,34370.0,-2.260590490523913,-1.4150060705608776,-0.7095133834776043,0.0,-0.12551279257465697,-2.183464662658391,21.24736587323098,-0.08181437315039007,10.962239841311112,-0.16017470406241593,12.876916061601213,21.24736587323098,-0.19788109362389023,17.79205272005491,-0.4641394673123487,22.6060609970739
2024-03-29,KCEL,3166.0,820.0,5.960702281178289,-1.8098704788197302,0.9999999756097567,0.0,-0.056367043187036905,-0.9384725702685557,36.283428819871105,-0.0488050509380421,22.279476477826304,-0.06065970655476342,32.8495841545463,36.283428819871105,-0.06530902671239058,39.683729071506576,-0.09126143649289577,45.93814632809281
2024-03-29,KEGC,1485.0,28190.0,-0.2989994303585543,0.05374203312458003,0.9999996666667778,0.0,-0.0021435064935064925,0.03784014602607933,50.56757780955825,-0.0033634800384800385,47.85144205437532,-0.003318001443001442,49.36667754488292,50.56757780955825,-0.043419757094757136,44.14985813557444,-0.15033275613275615,41.77533653472797
2024-03-29,KMGZ,12105.0,1260.0,0.6979427681017258,-0.7339679537013709,-0.43359331612002355,0.0,0.05756885879506697,1.1129810369783353,66.10078180087025,-0.005168394111052103,46.69962605369593,0.06468545317755356,68.83804943179734,66.10078180087025,0.011066042662418125,55.524171726903404,0.09256461910662653,58.99146781782326
2024-03-29,KZAP,18301.11,940.0,-0.40653305102601983,-0.8109287537486601,0.2331498456688243,0.0,0.021903473402380896,0.4708139742278362,57.01561786883562,0.028668674284289323,67.57123197699546,-0.017350361096364515,45.16256251419385,57.01561786883562,0.013438162374928508,56.01490042780385,-0.19242038377011275,38.875833373384
2024-03-29,KZTK,35500.0,30.0,-0.2841310423966765,-1.4271087810202852,0.5234312905208054,0.0,-0.07543985021238542,-1.2818847703898202,31.666714819791775,-0.03181683992845965,30.69328950680472,-0.039567823608316566,38.667293411529755,31.666714819791775,0.005679024144869212,54.40587806205925,0.22455698636262017,67.73490677383407
2024-03-29,KZTO,830.0,7980.0,-2.3952104957420435,-0.6509129543969512,-0.44030319391641604,0.0,0.005389778160260098,0.17347942836409547,52.599844570790445,0.009358113406004974,55.96447987258383,-0.00416989386115892,49.110589884337806,52.599844570790445,-0.03283446643717728,46.3488379012843,-0.1763522279594569,39.97473038405527
2024-04-01,AIRA,1052.0,86890.0,-2.8961524352123686,-0.39112972654080486,0.09090908677685969,0.0,-0.11329547649224456,-1.9634878448852089,23.539530588651512,-0.09489062254813205,8.095808257536602,-0.10312846882732815,22.692131145050737,23.539530588651512,-0.1898919488200857,18.793294389880757,-0.4511805495201883,23.26195632630268
2024-04-01,KCEL,3114.0,1550.0,3.8393655867365974,-1.0027579861019913,-0.4399999912000002,0.0,-0.040418868703550714,-0.6513204127485365,40.352659776715484,-0.030915999174236188,31.18610355891921,-0.03947794293054404,38.692933585184754,40.352659776715484,-0.04331440499128367,44.17164572982741,-0.07707815166529032,46.94843391306086
2024-04-01,KEGC,1486.9,25790.0,-0.0074566623913810606,-0.027535169969311424,0.9666665055556127,1.0,-0.000808348732368562,0.06188010320972732,50.928094936232235,-0.0006043698832235876,49.61618986612355,-0.007977981568128916,47.966599672845824,50.928094936232235,-0.04126184668859373,44.5965676880023,-0.15370742108061203,41.54045134436756
2024-04-01,KMGZ,12150.0,6470.0,1.0736706245919103,1.0277656377195963,0.4545454504132232,1.0,0.04786105232216346,0.9381887699155729,63.712634455450115,-0.008519415049970606,44.57136613887364,0.05846860670194004,67.2119598637631,63.712634455450115,0.009705291005291009,55.242174900347464,0.08162303057025277,58.23135162573734
2024-04-01,KZAP,18305.02,1390.0,-0.24960517016471398,-0.37626543679880287,0.3982795656099065,0.0,0.026983055342109007,0.562273527470309,58.3550093563722,0.02649543915856682,66.34025394653848,-0.01168217821868036,46.8558512178457,58.3550093563722,0.018554384293887755,57.06919678112954,-0.2009842435871482,38.2946626441516
2024-04-01,KZTK,35099.99,3250.0,-1.4231063669783597,3.29891643383898,0.6520289103500088,0.0,-0.06043959335433623,-1.0118001833041061,35.27255516785588,-0.015866395699398166,39.98446900773529,-0.008558647946885578,47.79231871415144,35.27255516785588,0.01759732849695523,56.87243431980262,0.23284722679442094,68.25157762010001
2024-04-01,KZTO,840.0,7500.0,-1.2309192601343424,-0.7129481564692611,0.6260162092669809,1.0,-0.012765873015873017,-0.15341907728028656,47.70033745474706,-0.00029484126984126967,49.814307710243334,-0.01855079365079365,44.80524994641511,47.70033745474706,-0.04489126984126981,43.84577752264751,-0.18796309523809523,39.17958675021907
2024-04-02,AIRA,1038.76,30940.0,-3.938492306097056,-1.423719635766577,-0.5182272866966656,0.0,-0.11627721728043264,-2.0171750741903707,22.964708129167583,-0.08618536004772477,9.916687443856171,-0.06123221327076789,32.697875469771745,22.964708129167583,-0.18006195236139305,20.083934766867724,-0.4492456161864543,23.36101950857722
2024-04-02,KCEL,3110.0,1180.0,3.6138054791241068,-1.275495365839875,0.42857139795918586,0.0,-0.038913004644515956,-0.6242068321985222,40.744829367466316,-0.03192314857347012,30.63541912988207,-0.007844085898024752,48.006794239848546,40.744829367466316,-0.044897158423926914,43.844561589483824,-0.05911995993467059,48.23110307971999
2024-04-02,KEGC,1483.0,16540.0,-0.26301428237629715,-0.4896840524724207,-0.599999880000024,1.0,0.004386566269573653,0.1554162663916301,52.32955618237958,-0.0032695763627996204,47.911440443214815,-0.0006146300934399395,50.1794945085676,52.32955618237958,-0.03432206622140876,46.03874578258581,-0.1513309665628446,41.705819197107694
2024-04-02,KMGZ,12112.01,4160.0,0.6481618753089895,0.4604337436647548,-0.7946306361608135,1.0,0.05522928183587113,1.0708561798535996,65.53214664584647,-0.0073695967722605515,45.29978297142526,0.06603939633648158,69.18629002686085,65.53214664584647,0.011278840211702217,55.56823937575245,0.07016385600862943,57.431070142996
2024-04-02,KZAP,18770.0,3690.0,2.335438979961377,0.6000562462236803,0.26865671541546005,0.0,0.011847658793583144,0.28975570555090613,54.33542123332585,0.003037887628857262,51.9465513200414,-0.03447229812010047,40.13041492333554,54.33542123332585,-0.004769157766107691,52.22522518923136,-0.2610063096717997,34.3225606146467
2024-04-02,KZTK,34500.0,15180.0,-2.5703752200694017,4.104982775960408,0.5783926216803713,0.0,-0.03928743961352657,-0.630948657685425,40.647203622599875,0.006061939268461008,53.87539626512973,0.019002225672877845,56.048144757776896,40.647203622599875,0.06748430296756378,66.7085932537974,0.2609920117322292,69.97188171912286
2024-04-02,KZTO,841.0,52280.0,-1.2050009049114054,1.3680969590805583,0.5294117335640156,1.0,-0.0071142158805655165,-0.05165912088857508,49.22517521810611,-0.0020681680916520393,48.67953460765933,-0.009025450144385936,47.652251662993336,49.22517521810611,-0.04704434960270276,43.40169239911001,-0.18920585140516769,39.09481054970945
2024-04-03,AIRA,1000.0,279880.0,-7.439634836315556,0.7785870515524171,-0.6427933444759182,0.0,-0.08240277777777778,-1.4072545846672078,30.061883707454573,-0.05015031746031747,21.688762808769102,-0.020394047619047617,44.25765456196235,30.061883707454573,-0.1442403968253968,25.33862916534223,-0.41054880952380957,25.403319625128628
2024-04-03,KCEL,3101.0,760.0,2.5160747108268477,-1.581403446405598,0.2350691310659224,0.0,-0.03334247464975462,-0.5239075968106713,42.205463729686045,-0.030715783439034004,31.29621970659184,-0.018211203375255253,44.906277311189186,42.205463729686045,-0.037529887312336495,45.371144799477314,-0.04412507524454469,49.30397765129401
2024-04-03,KEGC,1487.0,17550.0,0.02616352101877439,-0.36614517176264816,0.33333329629630043,1.0,0.009824525517447509,0.25332852162496877,53.792628837062374,-0.00266031746031746,48.30085627298897,0.0037034641496141475,51.47743268940973,53.792628837062374,-0.041213342353305336,44.60661889593053,-0.15198122378070258,41.660551716998626
2024-04-03,KMGZ,12100.0,1620.0,0.5074207092405087,-0.6327144997644534,0.04109588984800151,1.0,0.05797738751147842,1.120336731666019,66.19960570825985,0.0014719139446412177,50.94506726615048,0.062160497835497854,68.18291486443876,66.19960570825985,0.011090925488652759,55.529325091695824,0.08242639708776073,58.287299690364506
2024-04-03,KZAP,18815.0,4019.9999999999995,2.4819263373709997,0.6857116210097361,-0.12878787830004593,0.0,0.05965356025039123,1.1505167763384323,66.60358988836934,-0.00266031746031746,48.30085627298897,-0.038765825455879935,38.896299197693715,66.60358988836934,-0.0028050340829041363,52.636061554688204,-0.2423840473659567,35.534601839092744
2024-04-03,KZTK,34350.0,730.0,-1.2459986698125844,1.764723328030238,0.9999999970238096,0.0,-0.028553287239204344,-0.43767669313381297,43.47232000226522,0.015330657794413192,59.69175797288545,-0.02009826887086706,44.34543432842471,43.47232000226522,0.07091132078741248,67.34379252016805,0.25391989498856316,69.54462103274922
2024-04-03,KZTO,838.0,48420.0,-1.5211887066118353,1.2913959942331068,0.8660499097422185,1.0,0.00024400026518170415,0.08082799504672034,51.21218235340138,0.0009196348069856427,50.591646793967286,-0.009007412774178884,47.657663222214865,51.21218235340138,-0.0458835710497405,43.64098273860417,-0.18470155415388112,39.402386419838045
2024-04-04,AIRA,980.0,153330.0,-7.454181138902759,0.08039866917196978,-0.99999995171415,0.0,-0.06537602040816326,-1.1006821854677022,34.06476714417048,-0.03980623582766436,26.5211849414753,0.000538378684807302,50.526163350339424,34.06476714417048,-0.12782120181405895,28.030882995375737,-0.39269557823129253,26.38433038562093
2024-04-04,KCEL,3054.0,9270.0,-0.26453424811766674,1.0605102821043173,-0.06581401486975602,0.0,-0.01804017447843577,-0.2483846199481405,46.281111250464896,-0.015750751551439172,40.05554199574585,-0.006161366046090997,48.51213819074404,46.281111250464896,-0.02215583154021268,48.58166510825604,-0.04275037421648423,49.40238372819242
2024-04-04,KEGC,1482.03,6050.0,-0.2962453045092562,-1.3677316370784218,-0.9949065369349336,1.0,0.017320837610767487,0.3883021007809513,55.798327312137495,0.006644882791075158,54.24606662170065,0.0007316112985952788,50.58425749857975,55.798327312137495,-0.03733764416760407,45.411109362776855,-0.14809725632120418,41.93113935446017
2024-04-04,KMGZ,12100.0,1360.0,0.4458912096286515,-0.6575950870307578,-0.0629325943676634,1.0,0.057570513577331756,1.1130108318804448,66.10118237992899,0.016355089859635314,60.321208205524115,0.060632661025842874,67.78295195262186,66.10118237992899,0.01109767152039879,55.530722210028735,0.07422127115308935,57.71489853999208
2024-04-04,KZAP,19018.0,4450.0,3.4461448174919815,0.6999110171470021,-0.409999998975,0.0,0.048910123116446075,0.9570776366182429,63.974247323479695,-0.01411599929557128,41.064582957212416,-0.04547338031472273,36.996974324282014,63.974247323479695,-0.0018687743607977078,52.83177716835853,-0.28068000115179104,33.06393926372767
2024-04-04,KZTK,34300.0,580.0,-1.3442549451706767,1.4577467325443592,0.8605269249459346,0.0,-0.021352696793002918,-0.3080276800642748,45.392691726892856,0.02177831227729187,63.59247791677858,-0.01376191286038225,46.233509777580934,45.392691726892856,0.08940911888564951,70.65964774965371,0.24360325558794954,68.91526616404474
2024-04-04,KZTO,841.0,9970.0,-1.0960141246286095,-0.35436457941235866,0.7777777345679036,1.0,0.004887756922031566,0.16444036989207636,52.464606536893854,-0.004436765566313723,47.166164681520364,-0.013421799916954549,46.33521039210311,52.464606536893854,-0.04821237849876376,43.161217550974015,-0.18821718758847178,39.16224818833468
2024-04-05,AIRA,977.97,117790.0,-7.454181138902759,-0.25744089700292544,0.6499733444333183,0.0,-0.07015450976682996,-1.1867204671812872,32.91499361447231,-0.04452473882975282,24.234552412099507,-0.014964131312821495,45.874279052245576,32.91499361447231,-0.12902558931596403,27.827566364108453,-0.39124420866693255,26.465140683968585
2024-04-05,KCEL,3020.0,16230.0,-1.4361299234752345,1.4798785458676362,-0.09909909820631443,0.0,-0.0004960396299800267,0.06750333191573812,51.01241158484916,-0.003969878061599989,47.46414965168162,0.002477783033743226,51.109142262021244,51.01241158484916,-0.033940873015873015,46.11817775675851,-0.020855290129296766,50.96982585240053
2024-04-05,KEGC,1484.0,14160.0,-0.12538666422787637,-0.3577331909594628,0.3201319075472371,1.0,-0.010325389338125187,-0.10947736130625291,48.35842977894988,0.0012258610362384011,50.787619977873966,-0.0013183737646001812,49.96789313966855,48.35842977894988,-0.0339476115603474,46.11677342533457,-0.1475012353998203,41.97270625702168
2024-04-05,KMGZ,12075.0,1680.0,0.21361162604181388,-0.42121283497123313,-0.4402776173706744,1.0,0.05814408212560387,1.123338123338944,66.23988893938481,0.036529779158040024,71.81710240336369,0.06748561076604559,69.55586659366104,66.23988893938481,0.034464924085576255,60.30312645896255,0.0733227225672878,57.652085567763166
2024-04-05,KZAP,18875.01,1110.0,2.3765583839162487,-0.6886313527205524,-0.7124550855541804,0.0,0.05704087510858725,1.1034745160367057,65.9728533950965,0.000430252761014075,50.27842557281037,-0.045545907498856876,36.97664398155651,65.9728533950965,-0.010100355845286,51.108738025784504,-0.26663721019220643,33.959971910142905
2024-04-05,KZTK,34466.0,370.0,-0.8233696055567687,0.9367643019224734,0.9999999939759037,0.0,-0.02265712514933051,-0.3315143441484691,45.043615533520644,0.005626955251045659,53.59852565627398,-0.023496056431044535,43.339316639959726,45.043615533520644,0.10732878403745491,73.67602595351028,0.2476270917785092,69.16158575729682
2024-04-05,KZTO,840.0,2720.0,-1.2056946853090917,-1.6533062304578696,0.5420200044703125,1.0,0.04551468253968254,0.8959416057604005,63.12457845842327,0.009262698412698412,55.904266530585886,-0.009045238095238096,47.64631495920158,63.12457845842327,-0.04823849206349205,43.15584490576505,-0.188375,39.151480880554544
2024-04-08,AIRA,954.99,174160.0,-7.454181138902759,0.20778050090007008,-0.18972972460189885,0.0,-0.0446295363601414,-0.7271348768705439,39.2627506029635,-0.04448867291804103,24.251511553346976,-0.01895546194948943,44.684918048527294,39.2627506029635,-0.1113935209119617,30.892356837904146,-0.3711937505329151,27.597609792019995
2024-04-08,KCEL,3026.06,35490.0,-1.2362355924536357,2.1282292950668222,-0.7833093468826674,0.0,-0.005812481235750086,-0.02822095797128569,49.576695744252994,0.005264342210296238,53.36754932614859,0.0014284122688111994,50.79373201627006,49.576695744252994,-0.04913738244313495,42.971004825289725,-0.023871344505385944,50.75395405288544
2024-04-08,KEGC,1489.98,13450.0,0.29187194442005665,-0.4091750845466767,0.8315333875233981,1.0,-0.02172323690506553,-0.3146993773633395,45.293484429124554,-0.006627365579851195,45.77108229686701,-0.00872856450933507,47.741330003629656,45.293484429124554,-0.041956646222160866,44.45263821721934,-0.15647982275569053,41.34777188507287
2024-04-08,KMGZ,12079.0,1280.0,0.23567000894612825,-0.6931459608356142,0.15999999680000007,1.0,0.06401998897469963,1.2291357700132783,67.64448760032349,0.05008914944209881,78.28874625187994,0.06068285884461687,67.7961348231086,67.64448760032349,0.06667152716179334,66.55703905109819,0.07871928143031917,58.028952916394786
2024-04-08,KZAP,18839.0,1180.0,2.118069080899195,-0.6274770665257371,-0.9512874979919488,1.0,0.013411190354019064,0.3179076085411018,54.7542083042384,0.001675616923521606,51.07540112418769,-0.028359545526546164,41.908891067028534,54.7542083042384,-0.043948649479254864,44.04051347833614,-0.24376222440866935,35.44424081002426
2024-04-08,KZTK,34637.0,140.0,-0.30683781107302666,-0.06899230196784509,0.9999999729656672,0.0,-0.027540483385277967,-0.4194408246900176,43.7413852699829,-0.006656098087145148,45.75282318914614,-0.024331862007826294,43.09263300354084,43.7413852699829,0.11442567663215461,74.81399972197795,0.26950622482105796,70.48169537398311
2024-04-08,KZTO,842.0,54020.0,-1.0076149803490424,1.335407060455903,-0.7974683140522372,1.0,0.04539025939750405,0.8937013259240487,63.093284135259964,0.006281598046978106,54.01512101369439,-0.013825637182822436,46.21445838294037,63.093284135259964,-0.050555224710628496,42.67985183842975,-0.18601346472872599,39.31271472825985
2024-04-09,AIRA,952.0,23610.0,-7.454181138902759,-1.7905182431006157,-0.07382549840097491,0.0,-0.04981400560224091,-0.8204829606908324,37.93543033914871,-0.05304218020541549,20.457558565769514,-0.0030264005602240896,49.45434409465909,37.93543033914871,-0.11900266106442575,29.54682620390625,-0.3648698179271709,27.96094859085525
2024-04-09,KCEL,3019.0,530.0,-1.3383581108850775,-2.246291821585877,0.5483870790842877,0.0,0.005762351141185191,0.18018772813953904,52.700186375758506,-0.002926181669532056,48.13089749953402,0.007116114213157863,52.50188973742307,52.700186375758506,-0.05675286913042792,41.413366285785784,-0.022341238426473675,50.86347425174166
2024-04-09,KEGC,1482.1,40670.0,-0.22792859997749024,0.8327731521861932,-0.9843749230957234,1.0,-0.01604399581032059,-0.2124427626566838,46.81766613965183,-0.002328126248362688,48.513270648227575,0.0006476957566645125,50.559029012720636,46.81766613965183,-0.036630228183304865,45.558221424698665,-0.15178320280747068,41.67433540807721
2024-04-09,KMGZ,12055.0,470.0,0.02630725405723611,-1.6950243780803795,-0.539869024076774,1.0,0.062044749264284764,1.193570925582202,67.17570165618814,0.05503760031732857,80.36508161396921,0.06115422814086233,67.9197866886942,67.17570165618814,0.08016293673836189,69.02666295955893,0.07426267355967692,57.717792172695724
2024-04-09,KZAP,18877.0,620.0,2.2347098516005253,-1.183602781594089,0.10497237511064986,1.0,0.03254839197108087,0.6624792545890611,59.808386827226926,-0.03317780554735712,29.957069288615852,-0.031136283068082346,41.09810920402302,59.808386827226926,-0.035963625298612314,45.69691713696633,-0.2490942064164756,35.09562811875646
2024-04-09,KZTK,34801.0,30.0,0.17803508473330504,-1.6094059798655491,0.9683781929389373,0.0,-0.03525512170558864,-0.5583454397892361,41.70227798427113,-0.011605502361955481,42.6286382065446,-0.029762568433309936,41.49864605566086,41.70227798427113,0.10365589952943335,73.0742715216269,0.26386410718219655,70.14441851689554
2024-04-09,KZTO,841.5,6290.0,-1.0098053206011006,-0.9522012994845885,-0.7228714121941333,1.0,0.07337311773194127,1.3975419474717394,69.8154508550302,-0.0016608246328835101,48.94012059803735,-0.008458876580935405,47.82226034361907,69.8154508550302,-0.04994039979628215,42.8060446780012,-0.1884544032764621,39.146063711454325
2024-04-10,AIRA,952.51,33980.0,-7.454181138902759,-1.3038578595844375,0.3751118733113772,0.0,-0.056754624906658474,-0.9454511073493919,36.186684301132146,-0.04523652600489303,23.901504009361563,-0.015123492745899587,45.82669216997597,36.186684301132146,-0.12176414732887031,29.067012473617947,-0.36842177186657876,27.7565125698298
2024-04-10,KCEL,3014.0,25250.0,-2.121692452780107,1.787804917192787,-0.4939377913132542,0.0,0.0075639170642820275,0.21262551857552112,53.185064084712806,0.012314705711968413,57.82075203864624,0.003943060690323507,51.549408730840106,53.185064084712806,-0.07339614945071146,38.07220193335395,-0.02129687595454019,50.938221750293245
2024-04-10,KEGC,1487.0,65459.99999999999,0.11959187787844038,1.3087214471181872,-0.36842103324099823,1.0,-0.019687077956042316,-0.2780376618879329,45.83908038819261,-0.004629786456165071,47.04302933133244,-0.003960348149571491,49.1735776790628,45.83908038819261,-0.03690678285885078,45.50070058847451,-0.1554602288617756,41.41860229506331
2024-04-10,KMGZ,12150.0,6490.0,0.8096694671118095,0.9302545305483624,0.9999999935483872,1.0,0.03305811287477954,0.6716569480850587,59.94068283109706,0.04471362433862436,75.85857450720705,0.056462742504409164,66.67811501254971,59.94068283109706,0.07558446502057614,68.19977575253074,0.06492433862433863,57.06382693557376
2024-04-10,KZAP,18815.0,490.0,1.8478468810779067,-1.3837364752188546,0.9660390790870105,1.0,0.030712335438205753,0.629420449313903,59.33067343448572,-0.03331440097608712,29.883737466593363,-0.018608303384246856,44.78814514793115,59.33067343448572,-0.026147363953110694,47.74592079359001,-0.2505949968152732,34.997788509941245
2024-04-10,KZTK,34967.99,50.0,0.6925979424206865,-1.0646952162051833,0.9999415158339554,0.0,-0.03557049062767091,-0.5640237615610764,41.6194724365119,-0.015995684504077703,39.90506014331151,-0.039120666532198964,38.79491533698173,41.6194724365119,0.08442793172095082,69.78615252699126,0.25885010563243616,69.84284016445453
2024-04-10,KZTO,841.0,1620.0,-1.109474811635998,-2.1224683315460497,0.263157867036014,1.0,0.07998930883490932,1.5166686570364778,71.30004071269556,-0.010923835475529897,43.056018313395505,-0.005481298246607413,48.71646411551855,71.30004071269556,-0.049350234509182175,42.92726424429633,-0.19147721155842445,38.94003712216558
2024-04-11,AIRA,943.59,158640.0,-7.454181138902759,0.2935402439123233,-0.22733332575555368,0.0,-0.04253738504515936,-0.6894650003227603,39.80302948683513,-0.04129248862878804,25.786281441975824,-0.00891140079756193,47.68646959088368,39.80302948683513,-0.12246656926762484,28.945701443339868,-0.3727295954432389,27.50981074629577
2024-04-11,KCEL,3014.0,940.0,-1.922258719838872,-1.502886015147539,-0.11392404702771748,0.0,0.013651124645832714,0.3222277048398141,54.81841593057495,0.0016954911471335548,51.08811635600651,-0.003137672607198185,49.42089097086434,54.81841593057495,-0.06510033389157474,39.72562992165818,-0.0309509503270452,50.2471403866124
2024-04-11,KEGC,1495.81,17310.0,0.7179474461234153,-0.021432421799342422,0.9999999275362372,1.0,-0.011522208037095756,-0.13102647791051125,48.03561446061076,-0.00851081721343733,44.5768046738907,-0.00465311365780155,48.96534890503456,48.03561446061076,-0.04571910408365041,43.67491124130035,-0.15943477659500288,41.142696590125176
2024-04-11,KMGZ,12330.0,15210.0,2.2112354617842533,1.6068106222074863,0.9047619011715797,1.0,0.021619125825512654,0.46569420203899714,56.94031705427427,0.023737443517553008,64.74570920728813,0.04279243135210288,62.930734070254545,56.94031705427427,0.056955995828988526,64.71960932810276,0.05492238153168813,56.36064847360389
2024-04-11,KZAP,18800.0,1210.0,1.6894446916912509,-0.3222027548497354,0.999999996,1.0,0.024229542384329616,0.512695615753554,57.63035817602109,-0.03816890408645724,27.346121831922737,-0.0008271783181357656,50.11558592333051,57.63035817602109,-0.017182556568726703,49.62402317976296,-0.2613163373860182,34.30254898700121
2024-04-11,KZTK,35138.0,110.0,1.1904574367458363,-0.27625077963078365,0.9999999970414202,0.0,-0.040320088977970764,-0.6495418511113479,40.37834764649933,-0.02348163849655824,35.40947495884448,-0.06092759697139713,32.77855101321826,40.37834764649933,0.07332224002052673,67.78689170245495,0.27047363842970173,70.53930297315705
2024-04-11,KZTO,839.5,3180.0,-0.9989094052792669,-1.1863607712386177,0.18214934588803744,1.0,0.07482052549230928,1.4236030030258569,70.14394459938835,-0.010494766111725628,43.32556481022347,-0.0013523135936923808,49.957688093558716,70.14394459938835,-0.05117537460884689,42.552662518241135,-0.17626735939760058,39.98056246527621
2024-04-12,AIRA,937.01,87920.0,-7.454181138902759,-0.3532051084832596,-0.13449781072062153,0.0,-0.03875183526187573,-0.6213049241463352,40.78687331980555,-0.04108114996570482,25.889966847100474,0.0023025315707867217,51.05647224640033,40.78687331980555,-0.1246108632482281,28.57723674068302,-0.3664184479701814,27.871702531927912
2024-04-12,KCEL,3015.99,7690.0,-1.8394699491586595,0.8736480283289378,0.19976470353217482,0.0,0.010807784461202844,0.2710324241871434,54.056550647598,0.005128143554378982,53.28075600223633,-0.003928062983819903,49.18328258454362,54.056550647598,-0.0829578918530897,36.20041687282335,-0.03014545819591094,50.304808336136105
2024-04-12,KEGC,1489.74,25770.0,0.2832472540028172,0.3764937354202338,0.18889744110274476,1.0,-0.01349123426459204,-0.16647944652610583,47.50488255300125,-0.006503418157978356,45.84986211547518,0.0020322616698215806,50.9752408644969,47.50488255300125,-0.041766680874962527,44.49198087635901,-0.1538027889654123,41.53381902760095
2024-04-12,KMGZ,12548.0,19960.0,3.560016762052048,1.7670169881243531,0.951082566757619,1.0,0.005321982887300125,0.17225875204654748,52.58158358384062,0.0006967501302933246,50.448997269448355,0.018883181155790355,56.01287106401465,52.58158358384062,0.03409284967945312,60.22840328992135,0.02629332303636578,54.33467326131207
2024-04-12,KZAP,18933.0,900.0,2.3888118442583846,-0.4418318941458122,0.08994708947117942,1.0,0.003086168267549979,0.1320021701699919,51.978998164752156,-0.04955263101966081,21.949802665643098,-0.002845772121239558,49.50864973544468,51.978998164752156,-0.025699347259634853,47.839672028214935,-0.26650149858020633,33.96868887164698
2024-04-12,KZTK,34751.0,1690.0,0.11653833131516753,2.490833723782872,0.14831804270006266,0.0,-0.023916619094665723,-0.35419194929762904,44.70702619678805,-0.006995595524714831,45.53716500667303,-0.04606331852731884,36.831741099832286,44.70702619678805,0.08959234994036944,70.69149617649234,0.2975521621051901,72.12481163626376
2024-04-12,KZTO,850.0,40640.0,0.43595328138563644,1.413227009776495,0.04761904535147403,1.0,0.06603744164332395,1.2654606727217268,68.11966125744252,-0.020732749766573303,37.035190732860734,-0.019796008403361345,44.435174195101844,68.11966125744252,-0.06389787581699345,39.967348485445406,-0.18357635387488327,39.47935302214438
2024-04-15,AIRA,915.0,44570.0,-7.454181138902759,-1.0325699561005606,-0.6296296063100145,0.0,-0.021911436377829864,-0.3180879711302542,45.24311073058905,-0.022368377569607068,36.06405548312769,0.010209907624251887,53.42883471382886,45.24311073058905,-0.11313060759823056,30.582205431218778,-0.3490002732240437,28.885491884354742
2024-04-15,KCEL,3049.9,73500.0,-0.6341721272720672,3.1310114346071627,-0.12478229043888855,0.0,-0.005834588565745355,-0.028619007761355515,49.57072543141706,-0.012682366543894048,41.955745573697975,-0.014910417918984682,45.890320097128956,49.57072543141706,-0.08304478735186221,36.18358722396904,-0.046887886488081607,49.106222705345544
2024-04-15,KEGC,1484.0,30500.0,-0.08820272078830596,0.5450092422691089,-0.9999998257840025,1.0,-0.013664106019766397,-0.16959205966712648,47.458311807038996,0.0027055181191973647,51.734095212999165,0.008439585205151208,52.898669178181294,47.458311807038996,-0.037932023060796655,45.287565953897726,-0.15347938005390835,41.55631159744701
2024-04-15,KMGZ,12715.6,12270.0,4.095951332407354,1.2804439615894774,0.437333331875558,1.0,-0.004152471055426533,0.0016680744868609336,50.025021115214294,0.006076361107740661,53.88457187614537,0.009102086363606886,53.0971541026542,50.025021115214294,0.019928014769509436,57.35121191029737,0.010620807512032426,53.21903978489502
2024-04-15,KZAP,18919.81,610.0,2.2191825665132154,-0.8127481298352814,-0.00271428569487925,1.0,-0.025334772503881803,-0.37972627058138714,44.328617787879,-0.0476017304686934,22.81751056092094,0.0084467948042583,52.90082967435903,44.328617787879,-0.03235280758780237,46.44930203614394,-0.29039008021222207,32.45142586411076
2024-04-15,KZTK,34496.99,5400.0,-0.43806547975119536,3.652503707768637,0.5975919997609616,1.0,-0.006097469062138544,-0.03335225806454237,49.49973282343321,-0.005496867105663271,46.4903508951999,-0.0344613105981498,40.133589975547984,49.49973282343321,0.09663778263260674,71.90057938414579,0.2966024126597713,72.07009502556663
2024-04-15,KZTO,849.49,2590.0,0.4176421384915435,-1.3398604859747416,-0.06551475410260728,1.0,-0.003999166418618678,0.004428375188535693,50.06642558874886,-0.01628171059031305,39.72957269046144,-0.01246026793013256,46.62289002676067,50.06642558874886,-0.06507905085254702,39.72990392769928,-0.18312800798125936,39.510035602027
2024-04-16,AIRA,903.99,89080.0,-7.454181138902759,-0.28356177922581466,-0.6817634997289163,0.0,-0.011908554666902667,-0.13798277679064436,47.9314397280708,0.008384590234615935,55.349327150893146,0.021532190516224625,56.79629104470304,47.9314397280708,-0.13233614666776233,27.273394257460637,-0.34498299663818444,29.12239329625168
2024-04-16,KCEL,3018.05,620.0,-1.5259009514796105,-1.6442890708250073,-0.47672900224598974,0.0,-0.0017820614488016258,0.044348083628554975,50.665182007439746,0.00019299303818323286,50.126561862221386,-0.0015857234895969782,49.88750642081736,50.665182007439746,-0.07300170368468248,38.15022840863772,-0.04305069852866733,49.380885004815106
2024-04-16,KEGC,1482.52,62480.0,-0.18350799571842782,1.0813163013400302,-0.9454646107142667,1.0,-0.0065772912188555716,-0.04199161473008876,49.37015909656902,-0.002719838989297056,48.26280244366815,0.01766336139794577,55.651086399907314,49.37015909656902,-0.03626481102104566,45.634242996148245,-0.15192064559529483,41.66476825826382
2024-04-16,KMGZ,12749.96,7290.0,3.8409216717145007,0.6904067342082895,0.11080736184791962,1.0,-0.008498145318800061,-0.07657722825290136,48.851543608023455,0.01220554162585117,57.75257243891232,0.007945962551914956,52.75072017993986,48.851543608023455,0.015139168736638994,56.36607679662139,0.008748487090180584,53.08552272959932
2024-04-16,KZAP,18300.0,4180.0,-1.1889562043479707,1.1795514133194878,-0.3406593399106388,1.0,0.007917850637522768,0.2189982096493544,53.280254850397355,-0.016360805360395525,39.6810915415542,0.09467371844912828,76.01012211256715,53.280254850397355,-0.016395752016653723,49.7889842889887,-0.22085089123080925,36.95950358373635
2024-04-16,KZTK,34488.0,390.0,-0.3677296974646052,0.9894068100075075,0.9997329804891526,1.0,-0.012241858037578348,-0.14398401424244928,47.841582029965906,-0.005251215329555622,46.64684814762789,-0.027768361666169673,42.08209272735485,47.841582029965906,0.09418980266428073,71.48393123262832,0.30548608128707294,72.57931846096763
2024-04-16,KZTO,842.3,5110.0,-0.26722490972765517,-0.5542883633008191,-0.986187709090108,1.0,-0.0018840384133390637,0.04251195464623231,50.637644748252654,-0.00661744717317845,45.777385570027604,-0.00020835373288170117,50.301651083005225,50.637644748252654,-0.060596302876289226,40.633517031627086,-0.17742491538663027,39.9010409437137
2024-04-17,AIRA,911.91,66590.0,-7.454181138902759,-0.5316604971075598,0.9369988008591674,0.0,-0.026139961859226846,-0.3942239712955908,44.114057354001204,-0.005833786868587088,46.27582254433256,0.010381476503268164,53.48017591125143,44.114057354001204,-0.10396447780195514,32.238090798235376,-0.3499094501284849,28.832036197787403
2024-04-17,KCEL,3058.99,12640.0,-0.013673713271570727,1.7214972190777167,0.3109579872087321,0.0,-0.01926754439698091,-0.2704838213677356,45.95162433823499,-0.03293530000461295,30.08751269768562,-0.014921528259379238,45.887002019177004,45.95162433823499,-0.05560577371813296,41.64697241072496,-0.056230006926759696,48.437781184538636
2024-04-17,KEGC,1484.0,35420.0,-0.09871176395386597,0.5137467778985965,-0.6289424277418889,1.0,-0.008380652890086878,-0.07446173820529796,48.88325967543356,-0.004067153339323151,47.40204934650152,0.0206958071278826,56.54928629272591,48.88325967543356,-0.03527145852051508,45.84100236893809,-0.15031566337226715,41.77652719366909
2024-04-17,KMGZ,12725.01,7640.0,3.334569288644885,0.7373007368582507,-0.5527939154868646,1.0,-0.0036480001082233454,0.010751240779376774,50.16126805246579,0.020376018741831984,62.75723850294466,0.00956806577867408,53.23670293625567,50.16126805246579,-0.0013661340035993896,52.93681352755005,0.010899334460247961,53.2388979304945
2024-04-17,KZAP,18237.34,2800.0,-1.6522562490085473,0.7788598343838987,-0.08327586171001658,1.0,0.014526690156586284,0.3379925515138547,55.052584070883185,-0.015568357717981141,40.16772322130605,0.09925841504733501,77.00114257649231,55.052584070883185,-0.012887614695132468,50.52450439218119,-0.2046316401161329,38.04814056954735
2024-04-17,KZTK,34500.0,80.0,-0.31749978989465605,-0.6286002507885342,0.18100890154003293,1.0,-0.022154962042788207,-0.32247273129052795,45.17794283133365,-0.010052198067632943,43.604005596818105,-0.02237384403036577,43.67104949890478,45.17794283133365,0.08548407177363697,69.97258585805432,0.33667545893719814,74.32068298990319
2024-04-17,KZTO,834.01,20700.0,-1.2001556048146762,0.9837305225204558,-0.7979999202000099,1.0,0.00032907973963235485,0.08235987913003476,51.2351468515999,0.0007457418243053144,50.480353393676204,0.01819456051210225,55.80871001444697,51.2351468515999,-0.05186722739230982,42.41088363673602,-0.16554807363087837,40.71941334138075
2024-04-18,AIRA,907.1,53420.0,-7.454181138902759,-0.6165800523902591,0.254841188625786,0.0,-0.013122839836702725,-0.15984638298041243,47.60414046240313,0.002766746372969491,51.773238268648555,0.008523474774836217,52.92380764034695,47.60414046240313,-0.11114432090404973,30.93699317402224,-0.3517225821254898,28.725607759438592
2024-04-18,KCEL,3027.01,280.0,-1.0640616494866018,-2.42665654551641,-0.735923402704856,0.0,-0.01542456837678853,-0.2012897667981297,46.984318250111414,-0.011679345826776696,42.582405909750456,0.0019017329164936134,50.9360077253153,46.984318250111414,-0.056993513033947396,41.36440773047782,-0.032675408800910674,50.12367846429851
2024-04-18,KEGC,1487.0,108470.0,0.09678247926686874,1.63294328744427,0.6666665555555741,1.0,-0.016992336226129102,-0.22951794557149466,46.5626613143106,-0.004134963866739223,47.35876400953219,-0.007604712801955573,48.07865880710005,46.5626613143106,-0.03991753397166982,44.87530076984943,-0.1510724690705693,41.723818319041186
2024-04-18,KMGZ,12655.0,1840.0,2.4978768631519666,-0.7614135043328284,-0.9999999858156031,1.0,-0.007153503853800182,-0.05236651384383806,49.21456690693804,0.023715401089976357,64.73282623817428,0.013646765504568743,54.45577001541165,49.21456690693804,0.01236012806281471,55.79202352404923,0.0230204532056468,54.102018394056216
2024-04-18,KZAP,18131.7,2500.0,-2.3076123587904975,0.6655312979542287,-0.23827160346745027,1.0,0.00950730124851061,0.2476167937192286,53.70743487490315,-0.005221644793635601,46.6656911464987,0.10579663065764588,78.36410665146703,53.70743487490315,-0.00737556100772737,51.67958716412369,-0.17682798702062716,39.942041971974206
2024-04-18,KZTK,34405.0,30.0,-0.5858287906532869,-1.6093994335445965,-0.44444444279835393,1.0,-0.019429854349335533,-0.2734062657549513,45.908078156497915,-0.006970852912205913,45.55287664553146,-0.016144841673529364,45.521891783070636,45.908078156497915,0.06849039222335257,66.89571577985329,0.34242645973614955,74.63374989590163
2024-04-18,KZTO,832.89,12980.0,-1.1825402372111715,0.5170071790132883,0.2126348064225871,1.0,-0.007795306217193236,-0.06392237771657122,49.0412818530648,-0.002384151197008166,48.47744241217217,0.05933007337046168,67.43988297580702,49.0412818530648,-0.052354915958146855,42.31101825340137,-0.16074769564551197,41.051677514580064
2024-04-19,AIRA,901.0,36610.0,-7.454181138902759,-0.8826794904785239,-0.1608391495916652,0.0,-0.010768852069129527,-0.11746205448348608,48.23879811913619,0.01048363899018729,56.67339229103485,0.01835043382132727,55.85494051062487,48.23879811913619,-0.09988178346810422,32.99057693574143,-0.3459572186107147,29.064837730495434
2024-04-19,KCEL,3039.45,35620.0,-0.666349891427429,2.9389732700614846,-0.0035181771901878667,0.0,-0.01481674163323715,-0.190345645200396,47.147914705111624,-2.979549088231656e-06,50.00112307806632,-0.005513191981788626,48.7068806515488,47.147914705111624,-0.05110374920979595,42.56734749179901,-0.05320392771561887,48.65425166977578
2024-04-19,KEGC,1484.0,6480.0,-0.09894084550057775,-1.1848057762372497,-0.199999960000008,1.0,-0.017654851752021562,-0.2414467567873188,46.38461936273058,0.007968972746331238,55.086194471167396,-0.01296397873614855,46.47215614089833,46.38461936273058,-0.03758393980233599,45.359909142398095,-0.1498259359089548,41.81064502349199
2024-04-19,KMGZ,12590.0,5930.0,1.8499205051515495,0.408843011240793,-0.9999999920571884,1.0,-0.0005803755815272892,0.06598483520827003,50.98964326434291,0.02578142390660262,65.93082360529235,0.024920664233392585,57.7934158445346,50.98964326434291,0.01278025738492379,55.878910908779666,0.034987879017108536,54.95178898461099
2024-04-19,KZAP,18045.0,3640.0,-2.7599553891948996,1.0412240069329652,-0.24731182662735576,1.0,0.01866099236036892,0.4124320303949789,56.155102942354894,0.0013435775640264422,50.862947984048624,0.06347378280489253,68.52458416725811,56.155102942354894,-0.021819109963187176,48.652210477652254,-0.18302535724181612,39.517061675705165
2024-04-19,KZTK,34600.0,590.0,-0.009797170397835921,1.4033813197737246,0.9999999972752044,1.0,-0.024211767134599504,-0.35950618739695184,44.6282192807203,-0.008592756216166562,44.5249797064659,-0.021731876777686027,43.861075852362774,44.6282192807203,0.07164728186072117,67.47938705070979,0.33181494173777404,74.05412738200144
2024-04-19,KZTO,834.63,8560.0,-0.8282749189074857,0.10069830411320839,0.6992413788825793,1.0,-0.012880474752713332,-0.15548251946442576,47.66945217971269,0.004807444644704285,53.07631138938422,0.059517046718163685,67.48924324849952,47.66945217971269,-0.059771704185430305,40.80044845816933,-0.16644524069119881,40.657407869129834
2024-04-22,AIRA,896.99,94620.0,-7.454181138902759,0.06686624366641068,-0.4771428344217689,0.0,-0.008606812900004042,-0.07853382400168225,48.82221055457648,0.0049467718402834635,53.16514515920411,0.014224410457761976,54.62802334967445,48.82221055457648,-0.07926943476038115,36.91786298632015,-0.3368965011952674,29.602710664479083
2024-04-22,KCEL,3019.41,30810.0,-1.236150814686212,1.8274397658397132,-0.01596958134424666,0.0,-0.022727614548159074,-0.33278352909354675,45.02476554257575,-0.005971509239979203,46.18816922382805,0.010387052815900225,53.48184447400533,45.02476554257575,-0.0452248375865294,43.77691082623531,-0.045192500793674414,49.22757114598317
2024-04-22,KEGC,1492.0,14880.0,0.4382152099163542,-0.3535107661437751,0.99999990000001,1.0,-0.022673200987276047,-0.3318037949288567,45.0393164722788,0.00048295246606238577,50.312156669813604,-0.017917907144984924,44.99356616670691,45.0393164722788,-0.04257522022213708,44.324577256833855,-0.15364047299885106,41.545107401784946
2024-04-22,KMGZ,12827.01,14910.0,3.5734386049681017,1.2574678916648523,0.38513432720855556,1.0,-0.02308254868697643,-0.33917423568159216,44.929872296303145,0.012645104172107643,58.026923336445925,0.0019038175953190618,50.936634328204335,44.929872296303145,-0.0015537076840199116,52.89761939534745,0.025140897976223625,54.25277314081699
2024-04-22,KZAP,18070.0,930.0,-2.4185510553108864,-0.39102371752260007,0.9749947365518795,1.0,0.01391662098892315,0.32700805432815433,54.88944539173993,0.0038937825563724123,52.493311131072886,0.08415521999982423,73.62806993297029,54.88944539173993,-0.012079816586291408,50.69384768828571,-0.16809737726302473,40.543302552657586
2024-04-22,KZTK,34400.0,900.0,-0.5792073455464621,1.479379276947141,0.371069181806495,1.0,-0.018566648209671466,-0.257863953646081,46.139738131414205,3.872277593207829e-05,50.02781609533824,-0.01905505721668512,44.65531195686548,46.139738131414205,0.08332259136212625,69.59033319295696,0.32333550664451827,73.58482395418132
2024-04-22,KZTO,837.94,4650.0,-0.37079633349578567,-0.5095331013265288,0.724966573767259,1.0,-0.01324409500471874,-0.1620296223939456,47.571468093912785,-0.005183455533998597,46.690027593519616,0.08276630383430862,73.30243248559607,47.571468093912785,-0.06360397300863688,40.02650381029103,-0.16501046605791758,40.756582936781406
2024-04-23,AIRA,914.01,137960.0,-7.257484090233008,0.44396083046722074,-0.4479310267598102,0.0,-0.027245561239561306,-0.4141306538908039,43.81980539849509,0.04251899977910005,74.81465774129155,-0.011558559846953838,46.89287562235177,43.81980539849509,-0.08212301730573959,36.36228477558188,-0.3595579054699308,28.26839353863912
2024-04-23,KCEL,3026.78,980.0,-0.8694953823647499,-2.157899124076245,0.3821935385240481,0.0,-0.014913844824564607,-0.19209402028374056,47.12177519512321,-0.002948090440183871,48.11689377450736,0.0080177276244218,52.77223273179173,47.12177519512321,-0.05818066682420222,41.123134943566406,-0.04103992551097055,49.5248302179651
2024-04-23,KEGC,1482.49,26590.0,-0.21006702607357022,0.22700555501659977,-0.9530650884547365,1.0,-0.016567832819236943,-0.22187462129698898,46.6767871198751,0.0035295656080337537,52.260708749271025,-0.011878144042728633,46.79716544940465,46.6767871198751,-0.03660014173922525,45.56447984673678,-0.14288482770621758,42.29503922876115
2024-04-23,KMGZ,12940.0,4480.0,3.9659098117939906,-0.13450730059073646,0.9999999913043479,1.0,-0.03176303083830137,-0.4954691884768479,42.62221740144685,0.0016741879492652286,51.07448688239117,-0.026230772061529403,42.53347049734005,42.62221740144685,-0.006020558867544955,51.963308600117045,0.014998136085964536,53.53100838791492
2024-04-23,KZAP,18050.0,2910.0,-2.4634443174433636,0.8173935023935137,-0.10891089054994608,1.0,0.011396069120168842,0.2816246840870419,54.21434752148582,0.010965098052147914,56.97582453176033,0.07986512333465243,72.6140471268874,54.21434752148582,-0.019988638262322424,49.035792936982475,-0.16222768434243495,40.94914965215696
2024-04-23,KZTK,34400.0,930.0,-0.5481831365850907,1.0826087983301695,0.6825396803728899,1.0,-0.02357220376522702,-0.3479906373522589,44.79902148761807,0.020370496493170912,62.75393384183876,-0.014599944629014396,45.983056873829945,44.79902148761807,0.0736296603912883,67.84316491277119,0.328640296234773,73.87905926084483
2024-04-23,KZTO,839.0,3580.0,-0.20107872486373907,-0.6769532397262824,0.48660324229876656,1.0,-0.008104523525739265,-0.06948993765162632,48.957801909443816,-0.008844793026467639,44.365645986960764,0.08737967535047393,74.37416108243578,48.957801909443816,-0.06019407079478595,40.71491795446971,-0.15381063198819456,41.5332736017457
2024-04-24,AIRA,909.07,177400.0,-6.872617067477583,0.6954039426867514,-0.838421030567865,0.0,-0.026267705666754203,-0.39652404081008513,44.08003718616625,0.08284997167434845,89.2962101354833,-0.0007462284977792985,50.1399258131354,44.08003718616625,-0.07798380871014002,37.16931578570436,-0.3477493684065051,28.959135801519487
2024-04-24,KCEL,2966.56,22340.0,-2.820694001761049,0.9686672107457432,-0.03134098277666827,0.0,0.004420380829102059,0.15602510872240752,52.33866891518031,0.04920889515128641,77.90322433800645,0.03493563216398156,60.700757424594386,52.33866891518031,-0.03369910280348219,46.1685674013828,-0.021793000219162487,50.90271346282107
2024-04-24,KEGC,1482.0,25810.0,-0.24353380418882675,0.17529455620813494,-0.99999989989991,1.0,-0.014266184692500484,-0.18043268534822887,47.296149996564694,0.008595985155195683,55.48304997988367,0.002654564295353769,51.16226954750994,47.296149996564694,-0.03627994344836443,45.631094432085966,-0.14127087108797634,42.40788748084019
2024-04-24,KMGZ,13018.9,3830.0,4.303315152548508,-0.3067544612717029,0.9999999922414463,1.0,-0.04462543536521441,-0.7270610371002001,39.2638071272753,-0.0004861653058245807,49.69184717023941,-0.028490796686063375,41.87046473050749,39.2638071272753,0.005316109851038295,54.33036767174466,0.015218180762717776,53.546683705173095
2024-04-24,KZAP,18003.01,3020.0,-2.5729778079652332,0.7868022772739647,-0.7836486433537471,1.0,0.014648239057696289,0.34018107968891736,55.08507461277388,0.015676897710438512,59.90486952145731,0.0751083717105138,71.461762037339,55.08507461277388,-0.009022167771010118,51.33466312676127,-0.16211670631369637,40.95683506173074
2024-04-24,KZTK,34247.02,120.0,-0.962059617018885,-1.152670735012424,-0.8538085867120462,1.0,-0.01763424274301118,-0.2410756847622536,46.39015638600963,0.035142322383086275,71.0925607058148,-0.010114478381031654,47.32562894285434,46.39015638600963,0.09763042719703498,72.06846750969348,0.3327815092221257,74.1072778213732
2024-04-24,KZTO,836.9,16690.0,-0.4438581779555261,0.884011934957606,0.54444441419753,1.0,-0.019695900972409544,-0.2781965232164384,45.83671398008943,0.0044138039192257415,52.825226062939045,0.08302389529954653,73.36301863293436,45.83671398008943,-0.06121368049509999,40.50867663758832,-0.15117015397906486,41.71701628144158
2024-04-25,AIRA,912.11,7530.0,-5.171395750602347,-2.4640951584506103,-0.3751284300998544,0.0,-0.03500344183632825,-0.5538138604829456,41.768394494752954,0.08365366562408146,89.49130503354942,-0.007199347453219007,48.200375528442386,41.768394494752954,-0.09530022962194937,33.84549126296032,-0.34714766746143993,28.994599039600445
2024-04-25,KCEL,3000.0,750.0,-1.3164942349456148,-2.4253738780920537,0.6222114301112648,0.0,-0.006266666666666669,-0.03639871690770204,49.45404094589932,0.023781904761904806,64.77168860531778,0.02114722222222225,56.68264157045386,49.45404094589932,-0.04383071428571436,44.06489075225177,-0.03267460317460316,50.123736143264686
2024-04-25,KEGC,1484.95,4920.0,-0.03980298995925832,-1.6562855791234201,-0.15714283469386775,1.0,-0.013539302108937484,-0.16734492396525869,47.49193288824684,0.013660776777797553,58.65892978894848,-0.00539162981544462,48.74340828584334,47.49193288824684,-0.036352718505833936,45.61595280684108,-0.14029070697158852,42.47645954184963
2024-04-25,KMGZ,12990.0,1430.0,3.830361564683686,-1.2919420372255783,-0.07852175889897141,1.0,-0.05375011547344109,-0.8913539210581977,36.9395184301789,-0.0028373254151544975,48.18769594017977,-0.024576950218116442,43.02036088850222,36.9395184301789,0.005512110964478199,54.3711514766799,0.016113695516697835,53.610470207257386
2024-04-25,KZAP,18087.0,1460.0,-2.0553592493907784,0.05998261579113211,0.15254237201953463,1.0,-0.0006200696632940803,0.06527013013453808,50.97892684278887,0.008938318760909572,55.69943204243357,0.05563391985035292,66.45626519518785,50.97892684278887,-0.018954820549881922,49.252486536736015,-0.13752958188859665,42.66978215585534
2024-04-25,KZTK,34260.0,240.0,-0.8971920983818019,-0.4595299776363009,0.9999999916666668,1.0,-0.017434208990075892,-0.23747401086586675,46.443904066488315,-0.00893821199232752,44.30661723235475,-0.0048287847830316664,48.9125517787423,46.443904066488315,0.10085096113751986,72.60891159639314,0.5522357879520752,84.29085649995292
2024-04-25,KZTO,833.2,11200.0,-0.856391285329858,0.3695114638229508,-0.9428570081632716,1.0,-0.02130747319571137,-0.30721341423425574,45.40480227876489,0.005323210570834135,53.405057226405326,0.09272656291673324,75.58048756777525,45.40480227876489,-0.0712733723109984,38.492831507965285,-0.11800409589343819,44.04294650791203
2024-04-26,AIRA,912.98,21490.0,-4.2373380643951135,-1.40296146364329,-0.4334763328359994,0.0,-0.0349248728392319,-0.5523991996981791,41.78904070903228,0.08345170884669671,89.44257774271809,-0.014761185401234536,45.93489157054479,41.78904070903228,-0.1098639417247618,31.166892647234278,-0.34393498918768367,29.18438289766761
2024-04-26,KCEL,3047.99,142110.0,0.5738453903159779,3.4262037975211683,0.9761061802934075,0.0,-0.03752820081352591,-0.5992729811033681,41.106516450540184,0.004449723728939941,52.848143779366595,-0.00025135071840467343,50.28872316969141,41.106516450540184,-0.061094274776294144,40.532812238224544,-0.04756361956099395,49.05785948400242
2024-04-26,KEGC,1500.0,56860.0,0.968661003635272,0.7909924869536452,0.2145748915460522,1.0,-0.029739285714285687,-0.4590309880274198,43.15773250881957,-0.002764761904761911,48.23408326059679,-0.01940952380952381,44.54997268008249,43.15773250881957,-0.048428174603174605,43.11682416808596,-0.1513357142857143,41.70548863489372
2024-04-26,KMGZ,12950.0,540.0,3.2125454213412743,-2.07943185354573,-0.32840832222282296,1.0,-0.050568886743886744,-0.8340748453745138,37.7436119646634,-0.0011034749034748753,49.29675921782442,-0.017523809523809546,45.11090331533631,37.7436119646634,0.008709534534534533,55.03560331806112,0.009161196911196934,53.11495734550028
2024-04-26,KZAP,18120.0,970.0,-1.8472811716336128,-0.3846303291194063,-0.5959595899398021,1.0,-0.006272177546515297,-0.03649794212247542,49.45255274561901,0.011025480920845158,57.01371826838692,0.023358688111005988,57.33451164224781,49.45255274561901,-0.01720521654577946,49.61927240260614,-0.15412180700094605,41.51163529170061
2024-04-26,KZTK,34400.01,160.0,-0.48176943992873794,-0.8649918579195485,0.5386117505810621,1.0,-0.019084149218685918,-0.267181730512089,46.00083491743773,-0.008033345646452736,44.87902805386388,0.0017006467979846732,50.87556485909107,46.00083491743773,0.0958311869493365,71.76370633939526,0.5817428543833064,85.37765451928934
2024-04-26,KZTO,840.99,55360.0,0.10204828412888545,1.9012211530921608,0.9994736579085884,1.0,-0.037597407689576756,-0.6005190738015512,41.08841761545605,-0.004780964951171559,46.946611885596816,0.011182897027822651,53.71989790687295,41.08841761545605,-0.07063471689261917,38.61972196684644,-0.12543623034416915,43.51907525961581
2024-04-29,AIRA,904.0,23720.0,-4.93472452124899,-1.3042310332075076,-0.7532873667321595,0.0,-0.026096625228262393,-0.3934436809185337,44.125599831735144,0.07528032729315914,87.2978285938243,-0.006899427588144403,48.2904445700278,44.125599831735144,-0.09009737673830596,34.829263696888205,-0.3267940370838601,30.209169356696385
2024-04-29,KCEL,3010.04,580.0,-0.8628653187572874,-2.6824040126654647,-0.03986847458735976,1.0,-0.019476376862997958,-0.274243919003933,45.89559776780677,0.01454144654092024,59.20463852623151,0.005938022724161459,52.148427881048676,45.89559776780677,-0.048670149945800496,43.067058371694635,-0.023868403425741452,50.75416457342953
2024-04-29,KEGC,1497.0,29980.0,0.6746923614781587,0.15093132801880677,0.5714285306122479,1.0,-0.03149157441867864,-0.4905815258388425,42.69395154803826,-0.0013814549734389415,49.11887328094169,-0.01132420634920635,46.96307518302358,42.69395154803826,-0.04505961685275313,43.8110184762623,-0.14733674491840829,41.98417994282221
2024-04-29,KMGZ,13026.0,2660.0,3.7643839843756224,-0.4849284209478789,0.699999995625,1.0,-0.04884162535734385,-0.8029749327004714,38.18307216894857,-0.0025746689770641423,48.355617264314404,-0.02483564501034561,42.94410869691293,38.18307216894857,-0.0023055981443706186,52.740474044923914,-0.00372081660854115,52.19528858474457
2024-04-29,KZAP,18192.19,1090.0,-1.4333423272527115,-0.26799366369633315,-0.11423312813355516,1.0,0.001328711459662988,0.10035857894545698,51.504923990852106,-0.0005841272772930091,49.629146110443706,0.01900804062050985,56.04986760980204,51.504923990852106,-0.02772188368234628,47.41656972595533,-0.12524956305163806,43.53221573871377
2024-04-29,KZTK,34500.0,60.0,-0.18740598876517292,-1.845804957489724,0.999999989999,1.0,-0.010430728088336783,-0.11137402035177835,48.33001109338676,-0.015760938578329883,40.049279531304585,-0.007570873015873075,48.08881883263022,48.33001109338676,0.09307903726708074,71.29365813733516,0.4956213457556935,82.02285366206826
2024-04-29,KZTO,836.0,4190.0,-0.5331826656876867,-0.7935407199793431,-0.07692307100591762,1.0,-0.011356184020657703,-0.1280371605707937,48.08038657490558,0.004459573175362649,52.85442775756158,0.01078105680868841,53.599719710153515,48.08038657490558,-0.06001936090225564,40.75029043784336,-0.11945186830713149,43.94078904373501
2024-04-30,AIRA,955.51,221180.0,1.0620943064192596,1.0518644474047092,0.6889983466502725,0.0,-0.08154451842637679,-1.3918013411175012,30.257183375928864,-0.010763433779982571,43.15673729957922,-0.06627220481275431,31.378158156686986,30.257183375928864,-0.14325688555251723,25.494990846519926,-0.35300729486189786,28.650338963942534
2024-04-30,KCEL,3026.59,830.0,-0.30711065692291456,-2.3240173355766385,0.39680930876654474,1.0,-0.03448069740019116,-0.5444016739769738,41.90581422800902,0.0099831894603791,56.35850351222946,-0.003543923451071385,49.29875926509082,41.90581422800902,-0.05630085640935847,41.50537324116408,-0.0369071717767447,49.82070376864943
2024-04-30,KEGC,1492.0,4540.0,0.3054891711114791,-1.7370541875834038,-0.6694489700419056,1.0,-0.029518317800757476,-0.4550523876441582,43.21630346565453,-0.001353961870717903,49.13646583860222,-0.008735182348185055,47.73934421131127,43.21630346565453,-0.04238456530065109,44.36403984094183,-0.1427782214136772,42.30249070143264
2024-04-30,KMGZ,12999.0,520.0,3.2727745037020175,-2.0389604241099604,-0.5147255646358321,1.0,-0.047959787932405004,-0.7870971581366623,38.4081874964613,-0.006463195886863076,45.875431492674544,-0.019942986639997953,44.391532400875676,38.4081874964613,-0.0043614816524348045,52.31052554187905,-0.003180918403979799,52.23386710250928
2024-04-30,KZAP,18300.0,4050.0,-0.8392576364031314,1.1097845402757878,0.10025880477042928,1.0,-0.010102563101743428,-0.10546530120524622,48.418548158039115,0.009327413479052825,55.94510803943283,0.016047007546187875,55.17077564831537,48.418548158039115,-0.025474707259953162,47.88668559473863,-0.12785621259432733,43.3488032128518
2024-04-30,KZTK,35200.0,1440.0,2.0230073130714477,1.552083026457512,0.792392521205364,1.0,-0.03884076479076479,-0.6229061297334809,40.76367276966996,-0.03138762626262626,30.92755468116586,-0.0368753968253969,39.43802645657535,40.76367276966996,0.06996493506493506,67.1690021420525,0.4487941242784993,79.95992639806279
2024-04-30,KZTO,834.0,7480.0,-0.7662321092319555,-0.21401059801309663,0.11373705853218986,1.0,-0.009039151535914152,-0.08631822416669176,48.705515974203635,0.004475819344524402,52.864792667472116,0.005391269841269813,51.98431077054646,48.705515974203635,-0.06244840698869476,40.259371061504496,-0.11390125328308785,44.33272198328343
2024-05-02,AIRA,987.0,165100.0,4.429403436488533,0.6235482737504762,0.6721311318002081,0.0,-0.11540527693346841,-2.001475499789627,23.131776401580122,-0.03004451198919284,31.666947998194722,-0.08926656534954408,25.74896565553336,23.131776401580122,-0.17448458291117863,20.845210965743405,-0.37206492738939545,27.54778628554149
2024-05-02,KCEL,3121.07,9760.0,2.812691474474405,0.14058162799588717,0.37326903824635876,1.0,-0.06290562234049674,-1.0562018510069606,34.6667266745817,-0.01745305630583256,39.01370524777414,-0.0405211894058922,38.395716842970664,34.6667266745817,-0.08428974331961149,35.94284178834091,-0.07905751691740237,46.80727267520059
2024-05-02,KEGC,1499.0,16590.0,0.7655696031174629,-0.44118606271299526,0.8399999328000054,1.0,-0.02811237041625634,-0.42973783987336667,43.58940931070563,-0.0020217774812838186,48.70920827935525,-0.01992482925124686,44.39692335117179,43.58940931070563,-0.04631876753814713,43.55123322532903,-0.14625588752289878,42.059594365439665
2024-05-02,KMGZ,13050.0,11520.0,3.516262837778176,1.2669680720224095,-0.11032028408407388,1.0,-0.05211969074986316,-0.8619975845361607,37.35075392139579,-0.011884291187739463,42.454160829226474,-0.03263169129720854,40.66342892803582,37.35075392139579,-0.003528708264915161,52.48472895894921,-0.004638615216201403,52.1297011437754
2024-05-02,KZAP,18337.0,1920.0,-0.4095346824016532,0.3633934133068004,-0.09818181782479339,1.0,-0.009140848691733587,-0.08814931510048099,48.67806841334678,0.006472915113946908,54.136766297917596,0.0030896597303916723,51.29301540893526,48.67806841334678,-0.03369818534128672,46.16875863343973,-0.1313886675045943,43.100539363698886
2024-05-02,KZTK,35549.0,1910.0,2.8147007709544805,1.834544810335768,0.9999999974937344,1.0,-0.048425949371468935,-0.795490549061652,38.2891233155756,-0.0416773273822361,25.59817194263585,-0.04644324426780473,36.725492447806126,38.2891233155756,0.05074690871575875,63.5216835665709,0.41186564542926896,78.21150938788652
2024-05-02,KZTO,843.0,27230.0,0.33353857816157456,1.2223794776037233,-0.12262521165370421,1.0,-0.025606144438795674,-0.3846124120442604,44.25628070903534,-0.0015026492684855671,49.0413249406996,-0.014822962209794939,45.916439816418674,44.25628070903534,-0.06096274925153926,40.5594029245114,-0.12203229678585548,43.75883708283274
2024-05-03,AIRA,991.0,51650.0,5.350942054852796,-0.538511595147497,-0.7315435259673135,0.0,-0.11197308234427307,-1.939677700779057,23.79762906094143,-0.045086194800826485,23.971582351580984,-0.09703680024986786,24.003062092086907,23.79762906094143,-0.19723615195489563,17.871304045860885,-0.3652892064292922,27.936762376984483
2024-05-03,KCEL,3079.86,7910.0,1.3937572481820601,-0.18474126451184217,-0.026750406760285183,1.0,-0.04566360884369202,-0.7457536940267716,38.99666949001534,-0.009036218529413675,44.24470700437701,-0.0229046420941212,43.514069883729924,38.99666949001534,-0.07742143479465521,37.2795289996098,-0.06593776356717525,47.74377289629907
2024-05-03,KEGC,1509.45,8470.0,1.4455838491665733,-1.1134539072310932,0.9999999331103724,1.0,-0.036296477982361935,-0.5770954040520487,41.429032331500835,-0.010210807153031244,43.504169691912374,-0.029440193684549275,41.5928066187956,41.429032331500835,-0.05446913378256669,41.87881992991253,-0.15193466529909186,41.663792406704125
2024-05-03,KMGZ,12990.01,8109.999999999999,2.6425709556404944,0.6687847279170573,-0.9998747667655425,1.0,-0.03843593537747074,-0.6156170422222225,40.869320609013634,-0.003860265249255113,47.53413560002381,-0.02680594315866396,42.36447216995099,40.869320609013634,-0.015158763626756763,50.04833865480165,-0.0029435280292866572,52.25082903123359
2024-05-03,KZAP,18300.0,670.0,-0.3722104751416063,-0.6894073700184448,-0.9999999843186455,1.0,-0.005181902159770924,-0.01686717310130633,49.746994562889725,0.018065729898516705,61.364622137488126,0.00929168618266979,53.15394033458389,49.746994562889725,-0.07188509627894873,38.37143844224774,-0.12780126854020296,43.352667397976106
2024-05-03,KZTK,34051.01,2460.0,-1.8950403057307028,2.087602666589688,-0.7550188327796846,1.0,-0.005863044325100611,-0.029131363122227263,49.56304067769645,-0.004202808511896378,47.31546086692438,-0.003164252988873715,49.41289984990995,49.56304067769645,0.0679103943767829,66.78790674522787,0.5094456619862375,82.5992462496689
2024-05-03,KZTO,840.0,8430.0,-0.0962409826514531,0.04985825954673442,-0.03333332777778628,1.0,-0.022062698412698412,-0.32081149410828197,45.202630808746115,0.004449999999999989,52.84832004241443,-0.014242857142857134,46.08975143700692,45.202630808746115,-0.06695515873015875,39.35375737009498,-0.11609166666666666,44.177968242779265
2024-05-04,AIRA,991.7,87110.0,5.641001021399081,0.12005991838226528,0.5387705689525697,0.0,-0.1021335230028283,-1.7625131797319749,25.778598470918347,-0.04880073859061965,22.28138837781194,-0.0998080180978311,23.400346755301175,25.778598470918347,-0.2017126503951048,17.326899029853077,-0.3740079469917778,27.436864038268073
2024-05-04,KCEL,3070.0,560.0,1.0548878034336746,-2.7585040722268745,-0.4242115909866079,1.0,-0.024578579184116642,-0.36611075969657486,44.530315155527255,-0.012783400548058559,41.89276232221124,-0.034064398169691326,40.248340651383344,44.530315155527255,-0.05642202057804671,41.48070449734238,-0.06023533167881699,48.1513518635314
2024-05-04,KEGC,1500.01,3580.0,0.7869016093135771,-1.9746166969049668,-0.9978834922874632,1.0,-0.03078275932128706,-0.4778190755214402,42.881404828376816,0.001275052743034629,50.81909870717687,-0.02294301737194767,43.50272567869943,42.881404828376816,-0.05029068249597912,42.73413755894372,-0.148382023447886,41.9112835403632
2024-05-04,KMGZ,12971.6,1810.0,2.2782517228549573,-1.056290549388942,-0.578028363440719,1.0,-0.03858940293006409,-0.6183802762765106,40.829260385176305,-0.0006059470824419152,49.615180384680144,-0.02911748482766016,41.68712627187352,40.829260385176305,-0.017166135885624642,49.62746586208531,-0.0014213125181410102,52.35958130421841
2024-05-04,KZAP,18370.0,910.0,0.4517876214293251,-0.2724563897026686,0.8544274398673395,1.0,-0.0034230785182881394,0.014801028414294167,50.222013967115394,0.03157679230284021,69.1809828895165,0.0021283037820462956,51.004107559985776,50.222013967115394,-0.05375899542905531,42.02385422384489,-0.1298549831073783,43.20828613404289
2024-05-04,KZTK,34219.0,220.0,-1.1811141033747954,-0.3266831471737249,0.08415841563327126,1.0,0.003733253594842185,0.1436531555554294,52.15346431688316,-0.026652325682798517,33.57551573680748,-0.008253071567035301,47.88402784804306,52.15346431688316,0.073136097647413,67.75279328886612,0.5229859521327843,83.14955870736623
2024-05-04,KZTO,839.3,1950.0,-0.176009406290918,-1.405965536348998,0.5348835965386936,1.0,-0.02838165534771034,-0.43458640414852645,43.51788976498153,0.007635612348915166,54.87493314388109,-0.00983333234044238,47.40992982906623,43.51788976498153,-0.058054491176509515,41.148758372450054,-0.11413757959675386,44.3160200683342
2024-05-06,AIRA,974.51,45760.0,3.8102989144187935,-0.5184443465430251,-0.8385026289570799,1.0,-0.09164169058996358,-1.5736042662502356,28.006029226291407,-0.027927688880842506,32.851211808491875,-0.08361071649683773,27.07080761963075,28.006029226291407,-0.1777690130188342,20.39436050530324,-0.3649105745125796,27.958597588934815
2024-05-06,KCEL,3061.99,570.0,0.7661495371906935,-2.616209381642988,-0.1705660312994115,1.0,-0.01739910589062392,-0.23684196794749318,46.45333688115896,-0.01028151057044173,43.45968260812027,-0.021390801624651505,43.96210990533804,46.45333688115896,-0.0374994842924797,45.37746475086401,-0.05672848946610447,48.402127656779726
2024-05-06,KEGC,1499.0,6200.0,0.707411735942348,-1.4254338632276926,0.5959998808000274,1.0,-0.03210670552855343,-0.5016571649686458,42.53144365479628,0.004554967067992424,52.91528465418188,-0.02254084945519241,43.621645048874825,42.53144365479628,-0.047593069718436624,43.288681995637624,-0.14844430678653495,41.90694109025803
2024-05-06,KMGZ,13027.86,1960.0,2.6243974537809445,-0.9766731900881377,0.2781334946221155,1.0,-0.0332024483025499,-0.5213863761059995,42.24236732704701,-0.010287414098927798,43.455968542281575,-0.033364693510676446,40.4508906551141,42.24236732704701,-0.018043188580911605,49.443592938136064,-0.0033630290338222957,52.2208546521272
2024-05-06,KZAP,18231.0,980.0,-0.2209817729486067,-0.19834856169224024,-0.863260607475538,1.0,0.01511454364752867,0.34857704809084983,55.20967933906328,0.044779772744488064,75.88957682381115,0.006231002139213427,52.2363517450692,55.20967933906328,-0.02831797402906091,47.29193926577234,-0.1222200673369013,43.74560343915401
2024-05-06,KZTK,34050.0,510.0,-1.6641255580128615,0.7963293937826813,-0.9766081814233439,1.0,0.008514834626949165,0.2297471038720884,53.440759798583535,-0.017402137962380253,39.044728212220335,-0.008329809104258443,47.860996125683904,53.440759798583535,0.0793678116914901,68.88391164056975,0.5785411509684637,85.26281355050003
2024-05-06,KZTO,842.0,6320.0,0.1454282022587354,-0.23008097159324611,0.6666664814815224,1.0,-0.012556839346981844,-0.1496553569197789,47.75667673657568,-0.0015889388455302945,48.986113799413786,-0.006658590657165484,48.36277846449499,47.75667673657568,-0.06445071353165177,39.8561553869786,-0.12761471175960487,43.365788436742584
2024-05-10,AIRA,947.8,92060.0,1.0438867127133158,0.42801217397596036,-0.007593998748028951,1.0,-0.07270089446906287,-1.2325689661351509,32.31044395376126,-0.016340276312395912,39.69367288090663,-0.06169805690370679,32.574697770284686,32.31044395376126,-0.17156133795221679,21.252621440644702,-0.35124024583245406,28.753897355297486
2024-05-10,KCEL,3064.96,880.0,0.8229154412533111,-1.5945380334579446,0.005268703787803945,1.0,-0.024304067191016434,-0.36116808044726834,44.60357994058279,-0.010995293446953571,43.01116706626404,-0.02332436113514106,43.390032921257465,44.60357994058279,-0.013968377018100355,50.29791992259055,-0.0609336179637861,48.101427824708004
2024-05-10,KEGC,1494.0,10800.0,0.3663644054432699,-0.8704390955018155,0.0,1.0,-0.02883862115127176,-0.44281422461421077,43.39658580901548,0.010424388028303654,56.636138487208584,-0.01728957257601836,45.18067000172504,43.39658580901548,-0.045585652132338894,43.70244589370264,-0.14455446069994263,42.178382638099244
2024-05-10,KMGZ,12950.01,1810.0,1.921368976091452,-1.0562905347943012,-0.9999999870113003,1.0,-0.025549392124021544,-0.38359056784205897,44.27140663850599,-0.0005619601424466242,49.6433342031813,-0.03443148146769219,40.14221008421545,44.27140663850599,-0.0181096751635162,49.42965466629279,0.003397860274680392,52.703727056740014
2024-05-10,KZAP,18520.0,1050.0,1.47058431538634,-0.09097162971735635,-0.09621540163353019,1.0,-0.0010089872810175194,0.05826753976643852,50.87392408635749,0.03928131320922897,73.2208361547066,-0.009105648976653296,47.628191134492205,50.87392408635749,-0.058773522403921974,41.00280399967588,-0.1332597115087935,42.9691803836234
2024-05-10,KZTK,34190.0,150.0,-1.211151300404941,-0.7419343206152796,0.6969696927456382,1.0,0.018297492769165775,0.40588710000312056,56.0583934748768,-0.01687451020673454,39.36671299248182,-0.010943744690037466,47.077066274456364,56.0583934748768,0.07349130500889056,67.8178453973962,0.5772546828646639,85.21645991181137
2024-05-10,KZTO,839.98,15100.0,-0.06695721115078049,0.7831723533582151,0.38785042198009406,1.0,-0.023246994901995045,-0.3421351441847874,44.885919321443154,0.007664932545634986,54.89352146923985,-0.018325168087902396,44.87236833031884,44.885919321443154,-0.06686785659484715,39.37123324220252,-0.12466505044337793,43.57336848302593
2024-05-13,AIRA,960.0,48200.0,2.3077972218914224,-0.46649579289034254,0.6207206927603266,1.0,-0.08235396825396823,-1.4063757530439427,30.072971183608573,-0.02993015873015873,31.73033728634092,-0.07895416666666669,28.190582186727482,30.072971183608573,-0.18457619047619048,19.483155518480284,-0.3544082341269841,28.568395363313748
2024-05-13,KCEL,3074.99,970.0,1.149914533540338,-1.4971658284616278,-0.24268547227422838,1.0,-0.032086540284012754,-0.5012940830696629,42.53676845509663,-0.01147124368761658,42.71272853342602,-0.025897608555908513,42.63144163255556,42.53676845509663,0.007119266934511204,54.70534170627661,-0.05384295556103749,48.60853435344467
2024-05-13,KEGC,1500.0,132160.0,0.7307199336664403,1.8141005478458523,0.748486836013003,1.0,-0.034187301587301586,-0.5391189853052504,41.98299769640384,0.014486507936507936,59.17066053179026,-0.0186,44.79061470100476,41.98299769640384,-0.04688785714285713,43.43393507887907,-0.14796031746031746,41.94068855236759
2024-05-13,KMGZ,12930.0,1690.0,1.7179075477951364,-1.1248885715882468,-0.4544958591281391,1.0,-0.029335020071446984,-0.4517520513897154,43.26490376220142,0.002566941037822708,51.64549547805941,-0.04428368136117555,37.33111674483837,43.26490376220142,-0.001051925201635183,53.0024603432689,0.011278661658012001,53.26594118357089
2024-05-13,KZAP,18505.0,1530.0,1.4046167623213797,0.2855054011513525,-0.9397590304833794,1.0,-0.005379411827777134,-0.020423400013532097,49.69365283324984,0.09123585495983495,91.18204644425263,-0.018561992254345672,44.80191911187181,49.69365283324984,-0.04742266215051273,43.32377048080964,-0.1430176893417909,42.28575307399773
2024-05-13,KZTK,34163.0,60.0,-1.2779401455427115,-1.6582163116259436,0.3584905637830782,1.0,0.037584322684571486,0.7531528530625118,61.10889111377258,-0.009590085649145236,43.895173453102224,-0.0095981949282362,47.480446511794256,61.10889111377258,0.06929602385900646,67.04517128854644,0.5624047753789141,84.67263486248177
2024-05-13,KZTO,844.0,17250.0,0.4180397895079103,0.7740106093833097,0.9999997506235035,1.0,-0.0233081546678703,-0.34323634600212927,44.86957465087347,0.00657260588279551,54.20013331679022,-0.029039178515007896,41.71002243447809,44.86957465087347,-0.07180466598961854,38.38739112935028,-0.11596821635447228,44.18668708830682
2024-05-14,AIRA,949.0,59710.0,1.1000946617940779,-0.25235563994816307,-0.6810289170087144,1.0,-0.0731166846471641,-1.2400554058427822,32.21228148013081,-0.020736609129074882,37.032886534181806,-0.06722568074999583,31.131762007345255,32.21228148013081,-0.16207405539665812,22.614678350149152,-0.3523574242728353,28.688398852436148
2024-05-14,KCEL,3060.36,1850.0,0.6033772262333523,0.6404949496858878,-0.4886894016913278,1.0,-0.027605499306337482,-0.4206114578571379,43.7241016569828,-0.006541532648820063,45.825634674888725,-0.036539579797334805,39.53453553674565,43.7241016569828,-0.005523506945027987,52.06735463238969,-0.07028230651669368,47.43344711320772
2024-05-14,KEGC,1498.12,11760.0,0.4350783421380934,-0.6052065173120359,-0.31997325851883257,0.0,-0.031313606524409995,-0.4873771550275341,42.74099744010108,0.019791994940537187,62.40708794458275,-0.023556918184018047,43.321342311048895,42.74099744010108,-0.04727106030033826,43.354992325567174,-0.14813196032148643,41.92871942614539
2024-05-14,KMGZ,12975.0,570.0,1.8155491887776463,-1.986421854788738,0.6673337706545202,1.0,-0.03912027020827605,-0.6279387172412235,40.69078031424632,-0.0012815900541334067,49.182776841389966,-0.04748501468024589,36.43481819532135,40.69078031424632,0.004173011285439003,54.09239839120694,-0.005903617304339831,52.03928996577043
2024-05-14,KZAP,18680.1,1110.0,2.3469093735383093,-0.18457099312421574,-0.2803928597413499,1.0,-0.016220035830082406,-0.2156124214497209,46.77031673722239,0.08175361915570462,89.02493714163595,-0.03160936474669624,40.96044162568605,46.77031673722239,-0.05920829006727549,40.91462822481391,-0.13360991834065322,42.94460461466238
2024-05-14,KZTK,34000.0,230.0,-1.7416983029057027,-0.31449230626880587,-0.02493074785337743,1.0,0.04760855275443504,0.9336424316671944,63.64954508296368,0.001000513538748833,50.64340813130846,-0.002408566760037348,49.64009935078453,63.64954508296368,0.07963991596638655,68.93280399064275,0.5749419000933707,85.13282341195338
2024-05-14,KZTO,846.01,10080.0,0.6309888557266816,0.1710752546829782,-0.2982870467639123,1.0,-0.024559737562672747,-0.365771510069328,44.535343058989675,0.012413210649129239,57.88224878224463,-0.03845976800435583,38.983822029885935,44.535343058989675,-0.07488963242582407,37.77733237268181,-0.12025861554508996,43.88388569688301
2024-05-15,AIRA,946.0,46860.0,0.7913770209089215,-0.2983479721147278,0.14449211094533312,1.0,-0.07544470955401184,-1.2819722644433622,31.665578865336126,-0.024581707439846986,34.767975966890916,-0.06516596697875768,31.665351793810014,31.665578865336126,-0.15081591412463505,24.309608948145883,-0.34889406355917985,28.89174039312192
2024-05-15,KCEL,3039.1,520.0,-0.10113982630333186,-1.0010346366174867,-0.9999999831621489,1.0,-0.029057598662511203,-0.4467569871458021,43.33848502113307,0.006714156133316442,54.290084331984865,-0.024120412919865032,43.15500920952285,43.33848502113307,0.003011304529379817,53.85036395030136,-0.05496536485060065,48.52824065508861
2024-05-15,KEGC,1506.0,14280.0,0.9629277877738216,-0.39419667346177406,0.5939085691463345,0.0,-0.036115556820337694,-0.5738378586778063,41.476467618704255,-0.011427376209447922,42.74021323718083,-0.032489821665718094,40.70460553197768,41.476467618704255,-0.053068075317776506,42.16509583491234,-0.15341493707708848,41.56079392353952
2024-05-15,KMGZ,12999.0,3490.0,1.5418342280924762,0.07278626624156949,0.37055837093201305,1.0,-0.04458203707977537,-0.7262796366139317,39.274988284486376,-0.004641533964151089,47.035536296800345,-0.04194635356565883,37.99109386612221,39.274988284486376,0.009446617047465196,55.188529594233046,-0.0003885580942123712,52.43335213132085
2024-05-15,KZAP,19000.0,6490.0,4.128414154485404,1.6195026505575774,0.330599605986445,1.0,-0.03724786967418546,-0.5942255262009273,41.17985262826112,0.06357423558897245,83.58731176267311,-0.03704423558897243,39.38953562587894,41.17985262826112,-0.08295344611528821,36.201278000498164,-0.16199412698412707,40.96532439377888
2024-05-15,KZTK,33400.0,2160.0,-3.4443018684526177,1.925288479680458,-0.9999999985714286,1.0,0.07661913316224693,1.4559875291350641,70.5492675913624,0.02265386370116909,64.10988996135158,0.027577573424579414,58.57088603612153,70.5492675913624,0.11097263330481891,74.2644136622578,0.05482036403383703,56.353462535323196
2024-05-15,KZTO,847.99,19900.0,0.8419645592954874,0.7585563041487914,0.5470967388969857,0.0,-0.027987829989010428,-0.42749544828057595,43.6224951177186,0.04910395882925393,77.85694010636345,-0.02067704282788601,44.1737021890092,43.6224951177186,-0.07002500418356236,38.7410064243732,-0.12273672076471402,43.70919547390961
2024-05-16,AIRA,950.0,25370.0,1.1842371150748858,-0.8018213386754036,0.45404909426304924,1.0,-0.07984319131161231,-1.3611683835863557,30.646438800205612,-0.02586384711779449,34.027232085464085,-0.07119465329991645,30.117639393182767,30.646438800205612,-0.14855114870509606,24.660799844972104,-0.3451584795321637,29.112021074343975
2024-05-16,KCEL,3039.01,410.0,-0.12316013670250188,-0.8662559961767528,-0.8559024412358642,1.0,-0.025336328706252194,-0.3797542905198859,44.32820289669379,0.0035427930986609733,52.2691580901636,-0.03356312540795586,40.393415357644244,44.32820289669379,0.032085306483998495,59.824416091398106,-0.04870480675541641,48.976187069796836
2024-05-16,KEGC,1509.99,19920.0,1.202205695837089,0.23583631389725648,0.716494783806277,0.0,-0.03664290905111639,-0.5833330100506421,41.33824681197971,-0.021242498980598743,36.73136392806722,-0.036343233998080725,39.59100040842989,41.33824681197971,-0.054578824733623285,41.85642976773347,-0.15343369801566012,41.559488993549024
2024-05-16,KMGZ,12930.01,1380.0,0.5240175807480729,-0.8012195187606957,-0.9999999857122448,0.0,-0.03343116179350113,-0.5255044381731399,42.18209495083719,0.006574009506161378,54.20102541350281,-0.037864694129860016,39.154197296027014,42.18209495083719,0.017263319383197404,56.803713478867465,0.0029729988779762795,52.673396789910576
2024-05-16,KZAP,19098.0,1870.0,4.096436084538629,0.2238119368369783,0.9865672577972512,1.0,-0.03668442020854839,-0.5840804321728477,41.32737235914583,0.013107221773409332,58.31481757165816,-0.04720884161393115,36.51178050720889,41.32737235914583,-0.08308432109570187,36.17593157329868,-0.14862323803539637,41.89446654112893
2024-05-16,KZTK,33552.0,300.0,-2.5609410153267747,-0.04879002099524905,0.9999999968652038,1.0,0.07715187683084679,1.4655797551294552,70.66870620034919,0.01809757646978677,61.383951746986895,0.014090074255739493,54.5879741182049,70.66870620034919,0.1140793259077594,74.75922741039875,-0.12114325226514068,43.82150695857685
2024-05-16,KZTO,843.0,16430.0,0.3537168897581716,0.5669457012471282,-0.8269229974112543,0.0,-0.03389994351239903,-0.5339450081033762,42.0586308558804,0.057792268259617016,81.45422301155843,-0.014861469807377308,45.90493877317133,42.0586308558804,-0.0571180463763204,41.33907834710141,-0.09892024515618822,45.39393452210271
2024-05-17,AIRA,935.0,53970.0,-0.5053810631071529,-0.04696201680985403,-0.9791666203046081,1.0,-0.06256134665987606,-1.0500030534847573,34.75101223863327,-0.018514476699770833,38.369071626620574,-0.06032760376878023,32.937752702045294,34.75101223863327,-0.13705323614294201,26.49579947772258,-0.3353700959171547,29.69388874987494
2024-05-17,KCEL,3039.95,71440.0,-0.028431222831039597,4.104982775960408,-0.3348446414876119,1.0,-0.02818139247930398,-0.43098060495228746,43.57107514536918,0.01244460869892133,57.901845491054175,-0.03248453060396508,40.70614147627469,43.57107514536918,0.03182601910093036,59.77213980544766,-0.047433278246796495,49.0671880713005
2024-05-17,KEGC,1513.81,18900.0,1.3899668950027633,0.18327407217257471,0.6630768720710015,0.0,-0.04166388656635629,-0.6737373712428001,40.02934803338453,-0.023271311978196922,35.53273436895249,-0.03279283759269025,40.616673331095356,40.02934803338453,-0.05630488037227205,41.5045539032041,-0.19688848093053968,38.572207985145845
2024-05-17,KMGZ,12979.45,290.0,0.7302996547282578,-2.0751093050138683,0.9846436156794881,0.0,-0.03755677540663033,-0.5997874761052059,41.09904339169601,-0.001036615655627077,49.33954683818971,-0.04189461977349181,38.005752995382515,41.09904339169601,0.011418476947411375,55.59715160192452,0.0014243341015195143,52.56282321679762
2024-05-17,KZAP,19300.0,2530.0,5.060326316133162,0.39759062635337633,0.5983451797471795,1.0,-0.0418809914466651,-0.6776464164349851,39.97305722574014,0.02328582531458171,64.48132949586471,-0.054399358499876704,34.53140426471254,39.97305722574014,-0.09030473928777039,34.789799558636474,-0.11227556542478831,44.447648923059205
2024-05-17,KZTK,33710.0,70.0,-1.9688484732140714,-1.349919870428013,0.9386503009898755,1.0,0.07697252275477579,1.4623504256562212,70.62852750869042,0.01022342458787134,56.50972790391167,0.009349656029721291,53.17130101220052,70.62852750869042,0.13666931401355162,78.16430372378959,-0.11057103916222878,44.568213097092695
2024-05-17,KZTO,848.8,35870.0,1.033465092136844,1.2152799046495377,0.46788986923353015,0.0,-0.03477069663240725,-0.5496232060900207,41.829563203223216,0.07772729904402861,87.97646547013979,-0.027389075894259624,42.193316708340426,41.829563203223216,-0.05604790366979334,41.55688754635635,-0.08376261987044256,46.471930760931976
2024-05-20,AIRA,934.0,54520.0,-0.8156749804744311,0.015247698152229492,-0.19999998000000202,1.0,-0.0652461702525407,-1.0983441904589357,34.09628196339631,-0.023995419088406238,35.10919632292925,-0.05178681214098773,35.245172065752904,34.09628196339631,-0.13179272968287958,27.36388519256091,-0.34222232249073786,29.2858538278438
2024-05-20,KCEL,3048.47,1700.0,0.2563529557647279,0.5559385836668984,-0.05127231230191013,1.0,-0.009917175890367213,-0.10212734313497163,48.46856900748258,0.00972895090464591,56.19833534965007,-0.030662219356355647,41.23620251802772,48.46856900748258,0.02955056638091847,59.31243286743617,-0.05093768666727998,48.81640066923105
2024-05-20,KEGC,1526.0,36500.0,2.077370143764835,0.8414237238524517,0.9824139902147251,0.0,-0.051991703072666415,-0.8596931240675926,37.3831141535875,-0.03141569462647444,30.912204786181174,-0.04191416921508664,38.00021326801698,37.3831141535875,-0.06342512013979903,40.06251669273602,-0.2091043614387651,37.7466763257779
2024-05-20,KMGZ,13000.0,1850.0,0.7859567994560354,-0.026668192736610606,0.4119308105432345,0.0,-0.04284178876678876,-0.6949458900329598,39.72426198386972,-0.021812912087912088,36.392625875489124,-0.034178510378510385,40.21533886664643,39.72426198386972,0.02210366300366301,57.79690289497492,-0.00022594627594624273,52.44496671975227
2024-05-20,KZAP,20246.0,6130.0,8.934568467883182,1.2825655970303207,0.4866238845126702,1.0,-0.06914193542443814,-1.168488731168598,33.15698873213411,-0.02955043288974189,31.94131602832583,-0.09734133836352539,23.936311345918092,33.15698873213411,-0.12949748898077457,27.748150950531127,-0.15506880222469965,41.445803851640946
2024-05-20,KZTK,33932.63,850.0,-1.3016894463798736,1.2856488925900906,0.9999999976874335,1.0,0.07174793225939217,1.3682799453977157,69.4441774045487,0.008096958644862812,55.16725499727573,0.0026701126815853824,51.16694211091909,69.4441774045487,0.11172608067248324,74.38499802237297,-0.11323089993763497,44.380104896887474
2024-05-20,KZTO,851.95,19460.0,1.2893014151461355,0.4759819360619846,0.9916665840277923,0.0,-0.040586279911538195,-0.6543347069310095,40.30913623318829,0.07964099230337121,88.48518257627134,-0.030997121077043662,41.13863223074925,40.30913623318829,-0.06469124641229224,39.80780921542546,-0.09145983504695585,45.924035927433984
2024-05-21,AIRA,932.0,37300.0,-1.1371952982894016,-0.36432594498027976,0.33333329629630043,1.0,-0.0632015702704544,-1.0615304913907815,34.59434948869461,-0.0166844267320662,39.48293972074081,-0.03859203283602427,38.94598969363187,34.59434948869461,-0.13947670141017784,26.101858285539624,-0.33615528476054224,29.64696612374501
2024-05-21,KCEL,3048.98,390.0,0.294882735225299,-0.9162652810914139,0.022845438430043156,1.0,-0.004180762720855878,0.00115867369141045,50.01738010467116,0.015577737098027199,59.84387379797737,-0.012746825178173044,46.53713092514854,50.01738010467116,0.02542900342315884,58.4756432092557,-0.05773052872378763,48.33046263299485
2024-05-21,KEGC,1532.0,56780.0,2.292082854197018,1.2832953394949325,0.9999999166666736,0.0,-0.05247952049401142,-0.8684764381177439,37.259835770673966,-0.021515218202163372,36.56924461024042,-0.04636153383894898,36.74833244625177,37.259835770673966,-0.06788101454681089,39.16859084864372,-0.21089662542998053,37.626140621539605
2024-05-21,KMGZ,12995.0,780.0,0.5800256204826562,-0.8609380236974666,0.7435897245233405,0.0,-0.04015440951037334,-0.6465587374874889,40.42144476948445,-0.017753086351893613,38.831087436638704,-0.03535358440670099,39.8760224159241,40.42144476948445,0.027899356895509292,58.97781188635312,-0.06559711778645022,47.76811251681822
2024-05-21,KZAP,20260.0,4890.0,8.414009774153222,1.056563174436714,-0.2170471707545924,1.0,-0.06500410301007536,-1.093985689678121,34.15506956348069,-0.03701315752362149,27.93796112076269,-0.0928977961108761,24.9228557314853,34.15506956348069,-0.13052164715836975,27.57627774516974,-0.16374250497500736,40.8442902050479
2024-05-21,KZTK,34130.0,970.0,-0.6434390818065523,1.2788723230784456,0.71999999856,1.0,0.06549129681563023,1.2556271544245048,67.99139309582793,0.002248742204177305,51.44201571272813,0.011388705416730616,53.78143229753146,67.99139309582793,0.11517604955841113,74.93239386011794,-0.13217060550462983,43.045630510159576
2024-05-21,KZTO,858.9,15610.0,1.9722507338374722,0.25553278760137305,0.9999999373433623,0.0,-0.0486493208367291,-0.7995124261889859,38.23212076831538,0.06391795319594831,83.70768632120573,-0.045925460860790905,36.87032555439776,38.23212076831538,-0.07880905809756669,37.00782624653821,-0.12077376198238055,43.84755860927412
2024-05-22,AIRA,925.39,54350.0,-1.9434101635921508,0.028744006926370195,0.16181816710743688,1.0,-0.057474100529386396,-0.9584055039521697,36.00739254393781,-0.012728238394382675,41.92714641235191,-0.0376074667746263,39.22792607761282,36.00739254393781,-0.13150931844780328,27.411153603862086,-0.3326384401677405,29.857465217477785
2024-05-22,KCEL,3068.0,46360.0,0.9198215287362332,3.8617382102337023,0.6585573956671303,1.0,-0.01338132695929306,-0.16450052913487132,47.5344932678116,0.0071429849340866585,54.562419320217735,-0.014391595269137641,46.04530539769325,47.5344932678116,0.02260833902444072,57.90010954199898,-0.058068426253595734,48.30629801300177
2024-05-22,KEGC,1493.0,139390.0,-0.7189675531067081,2.1813868028513097,0.6409335562725429,0.0,-0.02304180248567387,-0.3384405868475585,44.94076411580351,-0.0019329854134107318,48.76600648788389,-0.023188405415749687,43.4302020825465,44.94076411580351,-0.04326447814669523,44.18197175481868,-0.183629977726746,39.47568382492229
2024-05-22,KMGZ,12975.0,3750.0,0.36423487580568115,0.7174389000505843,-0.591397843103249,0.0,-0.04026634553628773,-0.6485741826645414,40.392325955313616,-0.014552681438664042,40.79426899893659,-0.02423426231764382,43.1214216125008,40.392325955313616,0.04185323882925039,61.77655722965242,-0.021334899990824857,50.93550035141301
2024-05-22,KZAP,20261.02,3240.0,7.336483193404818,0.6449444056218794,-0.9928795776862812,0.0,-0.062532448887349,-1.0494827395305013,34.75809134819031,-0.04998538734037633,21.76057119180469,-0.08324203663346806,27.158438799451634,34.75809134819031,-0.13846958761599198,26.265106512700402,-0.18367904101860277,39.472326786656296
2024-05-22,KZTK,34250.0,230.0,-0.2503309860784703,-0.5658064121050422,0.4854426604710621,1.0,0.09349987023519865,1.7599307845869983,74.19174465780284,0.004348463098134681,52.78353397527894,0.007495594369134518,52.615693218975444,74.19174465780284,0.1110880002317228,74.28290141912774,-0.144567977638744,42.177438569249176
2024-05-22,KZTO,892.0,27580.0,5.745245982237654,0.7406685063066092,0.8378378151935726,0.0,-0.085495615346288,-1.4629421482548957,29.364107987898773,0.028820989038365687,67.65662721518213,-0.06384514734144776,32.01009202262567,29.364107987898773,-0.10504014876503666,32.04133562092535,-0.1577039522385935,41.262779834524686
2024-05-23,AIRA,928.0,29960.0,-1.706103898427857,-0.5920783470354188,0.13725487205776013,1.0,-0.05725323617952925,-0.9544287682670662,36.06239021158725,-0.022088711001642083,36.22932370944403,-0.04763087027914619,36.39419995427513,36.06239021158725,-0.14135399562123696,25.79931508403488,-0.3329098453749315,29.84118984129345
2024-05-23,KCEL,3058.0,800.0,0.46348836869829196,-0.19782191000700683,0.198542801483739,1.0,-0.0055608056412012954,-0.023689455632591623,49.64466414782208,0.005242314460120216,53.35351339220501,-0.017105806004546982,45.2354175332143,49.64466414782208,0.02784761800948845,58.96731328325298,-0.05949248756838685,48.20446561787672
2024-05-23,KEGC,1482.0,35240.0,-1.3088259661643769,0.6860771212296218,0.09049567573916928,0.0,-0.01990609054687999,-0.2819810560392953,45.78034492362384,0.001442630614999036,50.92633001946448,-0.015903503952188168,45.593884610631655,45.78034492362384,-0.03663373176531074,45.55749263732431,-0.17450983548615134,40.10140134623462
2024-05-23,KMGZ,13050.0,3240.0,0.6923330119478026,0.5712565617832707,0.9999999894425677,0.0,-0.047026943076081004,-0.7703009778965816,38.646865572925186,-0.01633622058018612,39.69615861987965,-0.028198399014778327,41.95608327242981,38.646865572925186,0.05092474001094685,63.55623510414088,-0.005269759168035043,52.08459425463238
2024-05-23,KZAP,19400.0,3220.0,1.9255525287349529,0.6387524455427206,-0.14285714275510203,0.0,-0.01594091392570774,-0.21058673922287577,46.8453946924967,-0.03611110702012764,28.405296521664127,-0.04211473981345115,37.9433956339973,46.8453946924967,-0.1003039600720013,32.9123514842324,-0.15670594828996892,41.33206795465642
2024-05-23,KZTK,34250.0,70.0,-0.21381000781710524,-1.3499193254610635,0.6778523467186163,1.0,0.09209513092341559,1.7346379885651482,73.9001018306015,0.014941492874522072,59.45178886059931,0.021426233924226625,56.765017860750056,73.9001018306015,0.11090722511875789,74.25392802613874,-0.12422269146101264,43.6045187583479
2024-05-23,KZTO,894.0,28720.0,5.437885381650501,0.6261520987780382,0.50310555881332,0.0,-0.08981796367316502,-1.5407674597913963,28.404991402558306,-0.04064845797379354,26.103095527282917,-0.0783009987216363,28.349883129786768,28.404991402558306,-0.11936747629700654,29.483175620338187,-0.24835739320336636,35.14370843317329
2024-05-24,AIRA,920.14,45420.0,-2.822578799266127,-0.1507478080302939,0.19624999386718686,1.0,-0.05092470535022102,-0.8404814770927993,37.65332952378721,-0.0158019777787438,40.024054018953905,-0.036982922828168625,39.40714236221028,37.65332952378721,-0.1377825129440275,26.376854418092172,-0.3249788749538113,30.318879074829375
2024-05-24,KCEL,3085.75,350.0,1.293418838893686,-0.9718329030676401,0.5420950113338519,1.0,-0.014617939221382471,-0.1867661420075155,47.20143580836809,-0.010305003510761836,43.44490301403049,-0.030600239226912268,41.25426739061866,47.20143580836809,0.0281615241078743,59.0309969904216,-0.06634626103864538,47.71458659079035
2024-05-24,KEGC,1482.55,43960.0,-1.2174243764525134,0.8174907839337153,0.8999999000000011,0.0,-0.019738788059826106,-0.2789687194131985,45.82521156584729,0.007138386844738263,54.55950064350391,-0.017711048437564377,45.055148641849996,45.82521156584729,-0.03582783835016137,45.72517769323097,-0.17200729486357963,40.27367155101273
2024-05-24,KMGZ,13000.02,7510.0,-0.008736489014702736,1.4119183476981152,-0.9999999921247441,0.0,-0.04330442685033235,-0.7032758417762159,39.60465178312348,-0.014148315579514525,41.044559894951625,-0.02973249296283137,41.507428010089875,39.60465178312348,0.05246914765918672,63.85571346136525,-0.007378670648199054,51.933849348694125
2024-05-24,KZAP,19800.01,3070.0,3.8008906559101363,0.4824582177323462,0.9999999975000625,0.0,-0.024682607445051477,-0.3679838229491386,44.502557139639585,-0.05594214478090323,19.275811790257187,-0.06657295186691536,31.300325142949582,44.502557139639585,-0.12016251024179778,29.344740138702395,-0.16344645447148753,40.864776998669946
2024-05-24,KZTK,34143.0,90.0,-0.5092070941017235,-0.9597713395813114,-0.03703703691233321,1.0,0.11252305262321077,2.1024494766962927,77.92790022906553,0.011640268136953343,57.399057614148454,0.04311944932587451,63.02243897901438,77.92790022906553,0.10602736418118197,73.46379704660858,-0.12698655361274647,43.40997531262827
2024-05-24,KZTO,917.0,81080.0,7.651107201799803,1.6215975073277913,0.7777777561728402,0.0,-0.11196034169392949,-1.939448301154783,23.800125159847045,-0.07078717739003997,14.036395666870034,-0.09743084030049677,23.916717904500462,23.800125159847045,-0.132676820550103,27.216760001356917,-0.2632563794983642,34.17745027714181
2024-05-27,AIRA,914.0,52670.0,-3.721262116853229,0.053524083799869095,-0.31034480618311683,1.0,-0.047755705776110574,-0.783422591398509,38.460356797496864,-0.01469186985516303,40.70822501289688,-0.032116317599249766,40.81307463690333,38.460356797496864,-0.1362623814733771,26.625174935943395,-0.32391603712965855,30.383222126584787
2024-05-27,KCEL,3086.0,312320.0,1.2981014077726156,4.104982775960408,0.6967859097396634,1.0,-0.037392067349730995,-0.5968218530523263,41.14212480439856,-0.014281922198561933,40.96180923758129,-0.030933237663179333,41.15723867631251,41.14212480439856,0.009789527975804707,55.25964182453994,-0.08214654378709792,46.58707725520837
2024-05-27,KEGC,1482.0,75430.0,-1.2233560302073965,1.357415382188785,0.7721518009934225,0.0,-0.014662378703168171,-0.18756628957845217,47.189471356133254,0.00669189801426641,54.275941791188686,-0.015714536340852132,45.650267917901964,47.189471356133254,-0.03601413630229419,45.68640527820163,-0.1703881739605424,40.385257094039666
2024-05-27,KMGZ,12750.0,5360.0,-1.9658716662963804,1.0746469512602472,0.9930906178672717,0.0,-0.00416202147525677,0.001496116018365731,50.02244173876851,0.008079453781512598,55.15616981298618,-0.016991316526610702,45.269531948999855,50.02244173876851,0.07257401960784313,67.64971462760313,0.005628734827264226,52.862952836861496
2024-05-27,KZAP,19700.0,1700.0,2.7178727215848997,-0.10859043554010243,-0.7391606797697987,0.0,-0.03504069172508259,-0.554484557052905,41.75860704624739,-0.0482983744259125,22.504914605585995,-0.06310522117476432,32.20408155400193,41.75860704624739,-0.10041493231810492,32.89180503310214,-0.13318782733059384,42.974225285891315
2024-05-27,KZTK,34295.0,260.0,-0.04444951438286198,0.12260201356468158,0.9734219236763392,1.0,0.13095503954947388,2.4343234989386344,81.16235239175357,-0.0024999592124355973,48.40338760686536,0.04334382979609683,63.085307206228336,81.16235239175357,0.10644964887981728,73.53278072596522,-0.1182551389438509,44.02522881105156
2024-05-27,KZTO,922.0,36050.0,6.670957559107283,0.7779160195029254,-0.1304347769376184,0.0,-0.11796828237441034,-2.047623260642388,22.64311141712893,-0.08298185879557898,10.673868495283333,-0.10140449333746508,23.057933102588485,22.64311141712893,-0.13868794287780184,26.229656443085137,-0.26811972334125267,33.864818732611255
2024-05-28,AIRA,918.86,52810.0,-3.647246388614838,0.056178620453540176,0.9912915832668318,1.0,-0.057202436438665044,-0.9535141021273322,36.075045089713065,-0.012254287714694102,42.22289275106091,-0.042794645711784304,37.751038551889394,36.075045089713065,-0.14307359258833152,25.524201395796915,-0.32831091835155296,30.117660881401925
2024-05-28,KCEL,3104.36,380.0,1.12013555106556,-0.8108862815912887,0.7387883410938622,1.0,-0.05605899322959397,-0.9329260288762927,36.36040070390839,-0.0266555079522565,33.57369863416949,-0.0449457598703472,37.14501185423611,36.36040070390839,0.015218157043641808,56.38236887909213,-0.09171572580356521,45.90583756108042
2024-05-28,KEGC,1503.0,158910.0,0.2601133369594682,2.1025479647185716,0.5492957591747674,0.0,-0.03263260621613915,-0.5111261808260952,42.392636741137224,-0.013922616671419067,41.18446384674284,-0.029295817888033454,41.63499645194742,42.392636741137224,-0.04927520672939834,42.94268101331016,-0.18471313325729494,39.401594651863405
2024-05-28,KMGZ,12797.9,2480.0,-1.4188500882794792,0.30394216172383526,0.15211378781419457,0.0,0.02276496589780295,0.48632543160522457,57.243558513154156,-0.004713812106078387,46.98943733473694,-0.024451085923446983,43.05747231512162,57.243558513154156,0.0746089996349848,68.0220870864984,0.013289978083581955,53.40930088630781
2024-05-28,KZAP,19562.5,3200.0,1.5204510224552044,0.5837317891370492,-0.68749999828125,0.0,-0.06264457376134693,-1.0515015849797722,34.7306277982278,-0.05181369389928487,20.974139905873812,-0.0605330239870176,32.883202350975495,34.7306277982278,-0.07954407576449102,36.86423798108876,-0.12022907475024089,43.88596905326672
2024-05-28,KZTK,34295.0,170.0,-0.04529784847886854,-0.3237860650820691,0.9999999966101695,1.0,0.14379434956273424,2.6654995232035867,83.1920487738334,-0.0025244284534049807,48.387741347592915,0.05296334071559323,65.73651389947834,83.1920487738334,0.09924862328952576,72.34083536442323,-0.07071117168498346,47.40282411603701
2024-05-28,KZTO,916.02,13390.0,5.285205390559378,-0.22924850846083605,-0.8639999424000063,0.0,-0.11209972817187394,-1.9419580008017434,23.772826890690034,-0.08561227593283986,10.048537626366317,-0.09651547564463654,24.11762488303724,23.772826890690034,-0.1359577400056767,26.67511830415793,-0.26138549103731357,34.29808602690264
2024-05-29,AIRA,916.02,26410.0,-3.823948376103058,-0.6805720050655636,0.14367814027612852,1.0,-0.06515097814458196,-1.0966302250638658,34.119394160716936,-0.013556288618152413,41.41184221297043,-0.040322186742647474,38.45234579991382,34.119394160716936,-0.13814090412873078,26.31852654252499,-0.3253001102596013,30.299446991611813
2024-05-29,KCEL,3097.9,480.0,0.9061235958781765,-0.5772879225705609,0.5258426907208708,1.0,-0.06372376481866623,-1.0709327769827461,34.46681527785861,-0.020012085132427162,37.46648226945685,-0.03938044234522415,38.72075457059581,34.46681527785861,0.015801744166683285,56.50269630875728,-0.08170853422466934,46.61829204494454
2024-05-29,KEGC,1494.0,58930.0,-0.39227552516704745,0.8594754594861974,-0.2592592400548711,0.0,-0.02665778351501246,-0.40354752151278933,43.97618790457717,-0.010638874545802255,43.23498928962209,-0.02136981736469687,43.96832755331271,43.97618790457717,-0.04266684834576401,44.30561421466674,-0.17231309045706633,40.252608187424386
2024-05-29,KMGZ,12819.95,1420.0,-1.1908979626172613,-0.29382458726042016,-0.23162392964422748,0.0,0.031604242993172105,0.6454795399002387,59.56296038999961,-0.0050989554397391,46.74388161637994,-0.020204760045989888,44.31382630252481,59.56296038999961,0.06998362223077775,67.17245815042924,0.010146042966762386,53.185188133133146
2024-05-29,KZAP,19301.0,1840.0,-0.1094303126121473,-0.02945322699012407,-0.9999999964157706,0.0,-0.03997014041545672,-0.6432409114739625,40.46939484922213,-0.03498848791040517,28.993441024704914,-0.04219549889675919,37.920527525367746,40.46939484922213,-0.06712847566085481,39.31907139815696,-0.07881293020429074,46.82471300239635
2024-05-29,KZTK,34488.08,1380.0,0.5151976311718539,1.7917572282895413,0.9999999979299495,0.0,0.13189311391986616,2.4512138383095325,81.31680592590138,-0.007291843027577686,45.349116754183925,0.05226859774196466,65.54806359638089,81.31680592590138,0.09981981581637231,72.43658337940252,-0.0011009020001684633,52.38246970993572
2024-05-29,KZTO,920.03,54590.0,5.4675433341387265,1.1760927882132413,-0.4186274304594439,0.0,-0.11601109290086983,-2.0123834166975794,23.01560898365107,-0.09232121186438189,8.598967844626248,-0.11134561671039364,21.005282304262067,23.01560898365107,-0.14508586468626197,25.20472143545479,-0.26311852945961556,34.18633195167974
2024-05-30,AIRA,909.92,82030.0,-4.455443537013041,0.45276867165416324,0.14340526890142077,1.0,-0.06116777013014925,-1.0249112470466804,35.093160527393884,-0.00925195621593104,44.108489871302126,-0.03156960723566134,40.97200570966483,35.093160527393884,-0.12992348219693478,27.676581090230666,-0.33033812014871006,29.99561309520884
2024-05-30,KCEL,3082.0,260.0,0.1641530847677886,-1.142446368146231,0.49942240085825235,1.0,-0.07668431702769792,-1.3042918070916745,31.376516199087355,-0.02923109993510707,32.119314718491594,-0.036947785400121544,39.41723376024201,31.376516199087355,0.017089754385422838,56.76799291719532,-0.08555295031055904,46.34441247551223
2024-05-30,KEGC,1488.0,11510.0,-0.7658112096675229,-0.7736555348048635,-0.6029411361670337,0.0,-0.019673220686123913,-0.2777881571588163,45.842797063844124,-0.0063279569892473065,45.96141898084531,-0.02005163850486431,44.35927629671774,45.842797063844124,-0.037352022529441864,45.40812010450945,-0.16981954685099845,40.424469047048774
2024-05-30,KMGZ,12870.82,1100.0,-0.773466871108149,-0.549170634050208,0.6705724751374857,0.0,0.03135333359947,0.6409618332612622,59.49765677402791,-0.01278907657010196,41.889224747499796,-0.024586961032292465,43.017409509066454,59.49765677402791,0.06530949865418476,66.30230183918283,0.00434907917399871,52.771625988388074
2024-05-30,KZAP,18750.0,2320.0,-3.0708970687492383,0.20234809826721403,-0.723298283448674,0.0,-0.004750317460317462,-0.009096347811614598,49.863555121523596,-0.009771666666666666,43.780711579582956,-0.008594546031746118,47.78154599857001,49.863555121523596,-0.046099603174603175,43.59642571495445,-0.042369761904761896,49.429630186529934
2024-05-30,KZTK,34851.0,1440.0,1.522902081714902,1.7711378804346662,0.9999999981515711,0.0,0.10608551049296938,1.9865394009858124,76.70849292703886,-0.01780390447906803,38.80018709816807,0.045899921639195984,63.798311028338695,76.70849292703886,0.08804555191420346,70.42200429841554,0.03427508157175241,54.90125125266481
2024-05-30,KZTO,859.99,32369.999999999996,-2.500748717248433,0.6534744227946877,0.15684209700831164,0.0,-0.0531867191239027,-0.8812097834030466,37.08141076114742,-0.025288054221560725,34.358951616468104,-0.04282707369059481,37.74187369483732,37.08141076114742,-0.08096294809721857,36.587715384344044,-0.19591099036865878,38.63855740460404
2024-05-31,AIRA,908.0,105390.0,-4.48137928353118,0.6922929429527899,-0.3577392191561216,1.0,-0.06883922977414167,-1.1630384157945006,33.229506238001925,-0.007054193762673949,45.49995848525483,-0.033342701559331514,40.45726218383633,33.229506238001925,-0.12802238654639536,27.996857303131296,-0.32989012306831694,30.022560446189527
2024-05-31,KCEL,3062.0,260.0,-0.4886698924517201,-1.1424464100479128,-0.3754429773724591,1.0,-0.062383370398017654,-1.0467985320122273,34.79462191782879,-0.012787288368428218,41.89033923329792,-0.00968335018091713,47.45490764808206,34.79462191782879,0.022210538293262,57.81876469259186,-0.08391829129213192,46.46084103466055
2024-05-31,KEGC,1497.0,39530.0,-0.16115519823229338,0.711270347510226,0.9999999166666736,0.0,-0.028601044151795714,-0.4385365721438719,43.45964208415864,-0.012613160447879947,41.998902873207115,-0.028637579126507023,41.827502991475505,43.45964208415864,-0.04466477558291186,43.892551907792146,-0.17775781881222763,39.87818105707951
2024-05-31,KMGZ,12850.0,1540.0,-0.9016903213347714,-0.1725332384277896,-0.9999999867144947,0.0,0.0307168133530974,0.6295010756529023,59.331840707617665,-0.011222566549317572,42.868593615794836,-0.02680265116422704,42.365438928527986,59.331840707617665,0.06692473287628929,66.6042898807387,0.015609928355259095,53.5745888827688
2024-05-31,KZAP,18744.0,840.0,-3.090259312678633,-0.9257675811338381,0.828571416734694,0.0,0.0037585213300002814,0.14410810948597516,52.16027592691441,-0.01300989929475845,41.751662288968866,0.011411002886002887,53.788098301499375,52.16027592691441,-0.05198137207080869,42.38750431672247,-0.023331167814970633,50.79261908842566
2024-05-31,KZTK,34629.49,1710.0,0.7320874705314924,1.809456810835946,0.03824884786750435,0.0,0.10748429773374596,2.011725028000138,76.97739090323398,-0.016506211758468746,39.59201758813577,0.054538295155211546,66.16188322792095,76.97739090323398,0.09174393449212097,71.0639556664572,0.008507476586830792,53.06833277778317
2024-05-31,KZTO,854.48,8890.0,-3.0047718231351177,-0.7249735901290448,-0.003636363305781847,0.0,-0.05049971463197519,-0.8328293786161594,37.761173016648144,-0.012724521327739685,41.92946364475394,-0.03879497033747808,38.88796839712691,37.761173016648144,-0.06546864027950539,39.65169244474806,-0.19237426263517923,38.87897204230545
2024-06-03,AIRA,902.96,79370.0,-4.551421946250141,0.4087458951785851,-0.057988162249215595,1.0,-0.07241597356700577,-1.2274388710366202,32.377800133887725,-0.0059626313668907326,46.193818836134696,-0.027882812155014727,42.048546321616904,32.377800133887725,-0.12816620803396528,27.97254874115286,-0.32545691176532643,30.289964352845516
2024-06-03,KCEL,3049.99,64080.0,-0.8816494082107736,4.104982775960408,-0.34224672167820475,1.0,-0.07565169187387916,-1.2856990495860718,31.617213512003023,-0.009894383513981786,43.70339287432409,0.0001603680954041127,50.41251292290363,31.617213512003023,0.02398704058332335,58.18170088851642,-0.07166086808793581,47.33501829649117
2024-06-03,KEGC,1495.79,47270.0,-0.23727501646052246,0.5387842936777292,0.4567741640790815,0.0,-0.027872745834684985,-0.4254233200100246,43.65307378974796,-0.009898103255836437,43.70104969778968,-0.024478691904272737,43.049331947961846,43.65307378974796,-0.044529660217242514,43.920460385860416,-0.1817787398616243,39.60242263471
2024-06-03,KMGZ,12886.33,680.0,-0.5970561685021921,-0.9899755985500971,0.635466658193776,0.0,0.02395985733694741,0.5078398472587413,57.55920216639563,-0.021023337110129933,36.86186386219833,-0.027249018663545253,42.234408002413254,57.55920216639563,0.06009600219244269,65.31855117178795,0.024027871928551242,54.17365118227436
2024-06-03,KZAP,18800.0,1200.0,-3.1765387416672874,-0.45689652515749674,0.6901408402102758,0.0,-0.0006602161431948673,0.06454727948274203,50.96808819340107,-0.015450481256332319,40.24027796886769,0.013525346166835529,54.41954914657039,50.96808819340107,-0.0636333164471462,40.020596396115,-0.03135200101317122,50.21842753512228
2024-06-03,KZTK,34298.88,690.0,-0.0858959972583849,0.9019003773444034,-0.11608888863092523,0.0,0.12230853236801521,2.2786402767153557,79.69248322557546,-0.005538261307657783,46.46398662924936,0.06484250945414748,68.87855543561928,79.69248322557546,0.09803738742100818,72.13711974106388,0.02970889685027625,54.57727070426191
2024-06-03,KZTO,847.9,74300.0,-3.778262840580556,1.3982079578339748,0.40950790619232785,0.0,-0.0435887529788815,-0.7083952277809742,39.53120380862286,-0.01901899721440649,38.0640727526462,-0.03142358272632474,41.014487744843024,39.53120380862286,-0.06385756289581915,39.975460746415884,-0.18731809245811779,39.22361221711065
2024-06-04,AIRA,910.0,49960.0,-2.882825899239843,-0.05415143600770843,0.6806722117082208,1.0,-0.09015637973137973,-1.5468607528737108,28.330700181113034,-0.019164713064713085,37.97615668085188,-0.03658345543345543,39.5219216473119,28.330700181113034,-0.13561245421245424,26.731796970813104,-0.3197186202686203,30.63807902366914
2024-06-04,KCEL,3029.72,5160.0,-1.4048737975177203,2.0192405788598906,-0.07081444316376069,1.0,-0.058796393322741905,-0.982213823134931,35.67889897173085,-0.002610756821993438,48.33254332331645,0.003966608816488741,51.556482367830405,35.67889897173085,0.02223832458507881,57.82444799590218,-0.04808691107502419,49.020407938766894
2024-06-04,KEGC,1486.0,21140.0,-0.8786753888296575,-0.5287334082962353,-0.6969696547291118,0.0,-0.02135740616120832,-0.30811247379675727,45.391430623508604,-0.0006843320728919652,49.5650107279665,-0.01368423486936271,46.25673432933562,45.391430623508604,-0.0380153944754214,45.27024156545486,-0.17283118737849562,40.216929605744035
2024-06-04,KMGZ,12771.0,1370.0,-1.3299661191915149,-0.2785156545613132,-0.9999999908256881,0.0,0.033271656487354154,0.6755018714735577,59.99606429009228,-0.023681171627683243,35.29271976356747,-0.020000296989831873,44.37451775667808,59.99606429009228,0.07075913285680728,67.31571687964035,0.06110046589930307,56.79531359390163
2024-06-04,KZAP,18599.99,3300.0,-4.341231942361954,0.5760371965617123,0.15859804932201765,0.0,0.002783433027233915,0.12655132201780286,51.89735831855158,-0.01506823501449749,40.47584892942078,0.02729397876745735,58.48809609062354,51.89735831855158,-0.05373488041557831,42.02878175965217,0.000568536449631174,52.50170901439329
2024-06-04,KZTK,34298.0,110.0,0.4021478244862351,-0.9343053682381609,0.98810373248839,0.0,0.12111198628361874,2.2570960686266903,79.48248287767628,-0.004977359686852952,46.8213909141254,0.09662730109673658,76.43594685089201,79.48248287767628,0.09212529232580548,71.12967882280107,0.0465536866419162,55.770311184166246
2024-06-04,KZTO,839.99,26250.0,-4.378648464264525,0.3577635432967692,-0.14859094156315394,0.0,-0.03620698682259446,-0.5754840861151395,41.452493823956424,-0.015786663692330435,40.0334664909037,-0.02320172888490548,43.42626517896214,41.452493823956424,-0.06366226616076495,40.01476853087738,-0.17960915533385982,39.7511338036567
2024-06-05,AIRA,905.99,148140.0,-2.9311676221734233,1.0327829022334505,-0.701250868193463,1.0,-0.11641522878944843,-2.0196600170669057,22.938342191624656,-0.013859533852908806,41.223592576430555,-0.02927088056089477,41.64228493917962,22.938342191624656,-0.1353800766485912,26.769984783935925,-0.317351295982103,30.78234225851071
2024-06-05,KCEL,3043.98,550.0,-0.9232384438133509,-0.21949142771646896,0.9561975546086287,1.0,-0.06327582077693403,-1.062867396323359,34.57620191678586,-0.02274449107043129,35.8423123277825,0.0037839257438335213,51.501604467257856,34.57620191678586,0.02243024222047635,57.863696438143975,-0.0523200477898766,48.717489883766895
2024-06-05,KEGC,1482.0,88110.0,-1.119901449533035,0.8986839636622219,-0.08333332986111125,0.0,-0.018003658183921335,-0.2477271319851568,46.290919154793805,-0.0042634647516226155,47.27674927891828,-0.015215217531006972,45.799305698335665,46.290919154793805,-0.033967620975515714,46.112603443854944,-0.1709734898142793,40.34490712526727
2024-06-05,KMGZ,12788.0,3630.0,-1.0918405143091554,0.7296162080759085,0.23809523620559336,0.0,0.02992978946035718,0.6153304501023624,59.12652380187018,-0.024841629925872966,34.61719728585766,-0.022483945762644543,43.638477190774154,59.12652380187018,0.07321324232539433,67.76692730023393,0.09855694463063094,59.405968310538626
2024-06-05,KZAP,18676.0,1130.0,-3.7559615464525073,-0.6173348726380854,0.9999999942857143,0.0,-0.018969513457557,-0.2651176757093776,46.03159919265737,-0.022844298683991338,35.78357035859872,0.027518288474810214,58.55358293393477,46.03159919265737,-0.06309045834225745,40.12993126571907,-0.015321552914019126,51.36579902532027
2024-06-05,KZTK,34326.5,90.0,0.41385099040683615,-1.0014444385319623,0.9999999969372129,0.0,0.11740829657150903,2.190409910112545,78.82227889333977,-0.0034543742351401886,47.79337243019645,0.0943165211568923,75.93169647268226,78.82227889333977,0.09408686406379077,71.46632984425068,0.048040136045338744,55.875291104439384
2024-06-05,KZTO,837.49,10040.0,-4.52556946481572,-0.6730244571684817,0.545040896720574,0.0,-0.0370952593179507,-0.5914777262506516,41.219792835836486,-0.020013207061273616,37.46580926650875,-0.022633065886406234,43.594370502446125,41.219792835836486,-0.06014690913153761,40.72446555193158,-0.17580421198585264,40.01239448504596
2024-06-06,AIRA,903.89,53400.0,-2.3531520420340817,0.012436551094229855,-0.08426965503092945,1.0,-0.07779737985658808,-1.324332871547177,31.118187401358256,-0.01254518820066424,42.04130265162247,-0.0288597314657792,41.76250483946877,31.118187401358256,-0.14273601558045318,25.578057012325107,-0.28887014179629594,32.54691492464412
2024-06-06,KCEL,3000.0,1130.0,-2.3538274276185867,0.5005394217373965,-0.5925925816186559,1.0,-0.018453571428571427,-0.2558279687945284,46.17009729519111,-0.002709920634920635,48.269143394832035,0.01871984126984127,55.96446247591956,46.17009729519111,0.039634206349206356,61.33615701497013,-0.04737936507936502,49.07104668031007
2024-06-06,KEGC,1482.49,16880.0,-0.9917727262129327,-0.8118496386983842,0.11958145593560839,0.0,-0.01633805968818865,-0.21773748005935284,46.73857516653953,-0.00842328126467195,44.632182637683115,-0.014983387756998715,45.868528488220086,46.73857516653953,-0.03495540025859539,45.906818075874504,-0.16031238643757542,41.08184888833011
2024-06-06,KMGZ,12740.0,2280.0,-1.3651591874801499,0.2645593501816559,-0.36010880582359783,0.0,0.01533528257456835,0.3525515254966326,55.26864192502347,-0.013695791906506122,41.32520936043207,-0.018736987615559045,44.749875789335505,55.26864192502347,0.07935371969300539,68.88137840760382,0.1275220739577882,61.389740728887034
2024-06-06,KZAP,18616.0,1470.0,-4.076469489426223,-0.354290628579888,0.5223682941342632,0.0,-0.0157387024986187,-0.20694585558293657,46.89979428003937,-0.008403947278667948,44.644415719967235,0.04308168054788167,63.011852351328734,46.89979428003937,-0.06099442278702046,40.552998937830544,0.03374134112318469,54.86340213303366
2024-06-06,KZTK,34322.0,210.0,0.3993491049183742,-0.1541502873112529,0.9587020620687254,0.0,0.1092055102100277,2.0427160280438392,77.30527397487083,0.008216016082053901,55.24263600421586,0.11135255498116346,79.47558483958777,77.30527397487083,0.09952532516512619,72.3872440685973,0.04176534191129197,55.431790029804674
2024-06-06,KZTO,840.5,46720.0,-4.1178154768304225,0.8645686392106757,0.07692307297830395,0.0,-0.04153358332625138,-0.6713912182980403,40.06314562437668,-0.003304804632541099,47.88893113671175,-0.0249624906754294,42.90673221335229,40.06314562437668,-0.057808809712661585,41.19866449957627,-0.18273015825802857,39.53726939620467
2024-06-07,AIRA,904.01,46160.0,-2.0400008105005023,-0.14015729388177167,0.14913956509181406,1.0,-0.09004790527232893,-1.5449076343531865,28.354500378873283,-0.014884178259195385,40.58943695122113,-0.03229866796757232,40.76010711890825,28.354500378873283,-0.14058129618421483,25.923565215114785,-0.29458322473869947,32.18875201270358
2024-06-07,KCEL,3030.99,27580.0,-1.3403703817692756,3.491414810674811,0.8088928422870062,1.0,-0.040333785036289344,-0.649788453172278,40.374785643183095,-0.02248626072433658,35.994491270800275,-0.014873893886470152,45.90122817324182,40.374785643183095,0.032410002538853094,59.8898482566252,-0.041405837079948216,49.49863504923795
2024-06-07,KEGC,1482.1,34390.0,-1.0011870455925445,-0.10021485041053566,-0.5692307108481509,0.0,-0.018688964098560218,-0.2600662916898335,46.10690165096218,-0.009508702500634495,43.946495504680094,-0.009972798276362408,47.36810946661113,46.10690165096218,-0.03534003944424625,45.826723042993464,-0.15836790544411988,41.21670290341911
2024-06-07,KMGZ,12739.97,1140.0,-1.262744682191443,-0.42858681890864747,-0.3683628289478363,0.0,0.02332472611881386,0.4964040995633411,57.391500364110804,-0.014855771704740025,40.60697666079725,0.0013917313163417672,50.78270550254462,57.391500364110804,0.07452499650113807,68.00676066597956,0.11175857832095273,60.31436012034806
2024-06-07,KZAP,18550.0,850.0,-4.415572756474339,-0.9020706605579601,0.44441357606304416,0.0,-0.012580300988319856,-0.1500777915336055,47.7503530087698,-0.010241217430368373,43.4850340466711,0.030530959868224017,59.43011233302221,47.7503530087698,-0.05960959868224019,40.833290142313786,0.05802498502545672,56.57906162800362
2024-06-07,KZTK,34150.0,340.0,-0.1291988043812003,0.3908655181515465,-0.06382978704437661,0.0,0.09466420379279093,1.7808949954740676,74.43185936179712,0.0046265965976434505,52.9609752983889,0.1405821451811569,84.62368245851735,74.43185936179712,0.09705905435868833,71.97190503755935,0.05326250145250877,56.243696386745356
2024-06-07,KZTO,845.88,34360.0,-3.229295250277802,0.3981428970719113,0.5152940873356413,0.0,-0.04948529933323874,-0.8145644955754634,38.019074330956826,-0.00976360831323594,43.78578986936613,-0.0323975879163317,40.731382701635454,38.019074330956826,-0.06147936744376664,40.45498953799287,-0.18904315702778962,39.10590522235864
2024-06-10,AIRA,900.0,58010.0,-2.183115596230283,0.09524112933501813,-0.3333333111111126,1.0,-0.0809031746031746,-1.380253733412598,30.403591099413063,-0.014922222222222212,40.56595035718016,-0.03233531746031746,40.74946408592542,30.403591099413063,-0.155465873015873,23.599256306709748,-0.3126873015873016,31.067662642342857
2024-06-10,KCEL,3028.0,9130.0,-1.370176369894386,2.333705931418444,0.7340303361719999,1.0,-0.02944676773395407,-0.4537641050213054,43.23527298943489,-0.02019219139879642,37.35850549825103,-0.02707625390534902,42.285110140868106,43.23527298943489,0.031452518294856506,59.696797320806624,-0.04051071271309052,49.56271638278169
2024-06-10,KEGC,1485.0,60700.0,-0.7773621593047364,0.46796235785913015,0.9999998333333611,0.0,-0.020313949013948982,-0.28932468266583744,45.670995573140125,-0.005382491582491582,46.563207643592186,-0.015938011063011064,45.583589748890546,45.670995573140125,-0.0379574555074555,45.28228102869613,-0.16077518037518032,41.04977276780119
2024-06-10,KMGZ,12650.01,9080.0,-1.9147238169956566,1.7267380765488178,-0.999880154593561,0.0,0.025756081002156917,0.5401814485741464,58.03252873668715,-0.008223271865661257,44.75876459809457,0.039684053802366635,62.054480452954685,58.03252873668715,0.0774274079644055,68.5340373630257,0.15841079032461516,63.46422828048895
2024-06-10,KZAP,18560.0,730.0,-4.383293820939381,-1.0542619807495186,0.7948717803137515,0.0,-0.03195974787903659,-0.499011143872844,42.57025300500913,-0.007824125957854478,45.01157765023683,-0.006375068418171867,48.44794139922375,42.57025300500913,-0.07171347837985768,38.40548046561519,0.07723444170771757,57.92535089251577
2024-06-10,KZTK,34201.0,180.0,0.02363307987005305,-0.30830051730989755,0.9999999970148363,0.0,0.10248517661462606,1.921714198450612,76.00636534889587,0.0031296544285579694,52.00519810961244,0.15175699303092882,86.29236449443303,76.00636534889587,0.08973520947359287,70.71631335468864,0.04859185626708212,55.914242823331136
2024-06-10,KZTO,834.05,11050.0,-4.501118630109078,-0.8902516998956395,-0.4899244023977133,0.0,-0.04115345935828514,-0.6645469605029176,40.161794751437014,-0.0015618581353368784,49.00344074126912,-0.01848995780295606,44.82334535035295,40.161794751437014,-0.050125132719194734,42.76811832356889,-0.17830819894890387,39.8403971112096
2024-06-11,AIRA,895.02,62380.0,-2.442451615438912,0.16097346276224303,-0.6103225412695158,1.0,-0.05923544855608437,-0.990119157858682,35.5701210625385,-0.0015867984328096748,48.98748328226189,-0.03806092545417976,39.09798497952451,35.5701210625385,-0.16761531567264792,21.81174744986707,-0.3038906894073131,31.609721845335066
2024-06-11,KCEL,3030.0,470.0,-1.2820963388036464,-0.7193656593507327,0.7214484579185458,1.0,-0.030747120069149772,-0.4771773789965985,42.89083542909803,-0.01626590444758757,39.739263488567516,-0.03760383074021688,39.22896862304456,42.89083542909803,0.030740495835297775,59.55304177920478,-0.04778366729530091,49.042110716534005
2024-06-11,KEGC,1489.0,29880.0,-0.4327114553592987,-0.24079110407568866,0.9999999090909174,0.0,-0.022645131226880694,-0.3312983896069535,45.04682304173014,-0.009411094587823923,44.008066328046894,-0.01855511928747325,44.803963353681006,45.04682304173014,-0.03997895173068107,44.86255910575083,-0.1611758480177386,41.02200874817864
2024-06-11,KMGZ,12503.09,31810.0,-2.7265006680339763,2.9320964864907637,-0.5101438830570354,0.0,0.043122575777680444,0.8528709321583283,62.521019568402195,0.013067160838475637,58.289882182686135,0.06293328348184708,68.38420574168966,62.521019568402195,0.09486352725955347,71.59896954700585,0.2033735412698046,66.39507026049405
2024-06-11,KZAP,18370.0,1470.0,-5.435001867349371,-0.35429063375497366,-0.9118584199624419,0.0,-0.01083303285204483,-0.11861765071204104,48.22148589460106,0.004394465182189821,52.812886982282535,0.014275129610908053,54.64314253739975,48.22148589460106,-0.052846772472371274,42.21036298956382,0.09006416539215942,58.81812470720771
2024-06-11,KZTK,34220.0,60.0,0.07837663661877707,-1.4069063805090254,-0.9999999873401698,0.0,0.10713183439555445,2.0053788089947466,76.90984020303013,0.0025765824311412373,51.65166007741373,0.14566613857115027,85.40258619382364,76.90984020303013,0.09445349442913731,71.52898988868681,0.04336810159286783,55.5451578912602
2024-06-11,KZTO,829.0,28600.0,-5.092342000017206,0.060722899844017984,-0.5714285306122479,0.0,-0.035208059528596305,-0.5574980697234689,41.714638996759014,0.00455588967392345,52.91587319212313,-0.012407463093802057,46.63869532886121,41.714638996759014,-0.0456862738621785,43.681684619770614,-0.17130582409481682,40.32200277765008
2024-06-12,AIRA,895.89,53340.0,-2.046609765210595,0.004415428149988623,0.12085560204752842,1.0,-0.04495083609329163,-0.7329199848576825,39.18000664403639,0.009045188862471956,55.76693856328481,-0.04141864282073324,38.14072674879018,39.18000664403639,-0.1632795048180341,22.43824379444572,-0.34784829488526703,28.953307701833552
2024-06-12,KCEL,2983.0,500.0,-2.8132558340589546,-0.30009049537678517,-0.967207439295701,1.0,-0.025938367947469478,-0.3905942062234836,44.16775618790493,0.017774212202480724,61.187516611836216,-0.040714581703728506,38.3407145222152,44.16775618790493,0.05620454160879903,64.57557583932525,-0.032093964742003586,50.16530696522021
2024-06-12,KEGC,1479.7,55570.0,-1.039845509940573,0.3796622499290626,0.22435361866749318,0.0,-0.016796810432402075,-0.2259974389719671,46.61522313512687,-0.003823881530039904,47.55736815139404,-0.009288280094313442,47.573403923497345,46.61522313512687,-0.035077075147150194,45.881478896010265,-0.15600098615013125,41.38103185952137
2024-06-12,KMGZ,12505.0,66910.0,-1.6924964587079088,3.4782162310325413,-0.8728705785538154,0.0,0.04765631620367726,0.9345024283718143,63.6614828361416,0.011319402239104359,57.19805273942327,0.06678825691945445,69.37797046400296,63.6614828361416,0.08949851868776298,70.6751893635695,0.19901915487773145,66.11626853822756
2024-06-12,KZAP,18300.0,1760.0,-5.727081994901109,-0.17423951041854602,0.7391142261065047,0.0,-0.015916068175904192,-0.21013938327823903,46.85207837695039,0.013885109289617448,58.79814553985848,0.024912340619307832,57.7909738794647,46.85207837695039,-0.044782435597189696,43.86825202994351,0.09328678116055167,59.041490118516705
2024-06-12,KZTK,34301.0,810.0,0.3033970201189911,1.1957744171443638,0.9999999875000002,0.0,0.09474907351490978,1.7824231028972581,74.44930415581761,0.01472974038657765,59.32102608650992,0.12887367026876442,82.70074477472788,74.44930415581761,0.08566543485473838,70.00453452918343,0.0420444843803435,55.45153868864025
2024-06-12,KZTO,823.0,8450.0,-5.606129639548991,-1.2012446294969172,-0.8180163040931482,0.0,-0.02334231229146176,-0.34385136531485383,44.86044666261115,0.004615400972053462,52.953834220520555,-0.005117372080464414,48.82582355173844,44.86044666261115,-0.04298506625007232,44.23976985285884,-0.16623469497965243,40.67195654705307
2024-06-13,AIRA,895.0,33640.0,-1.9177604219161661,-0.4615323118347553,-0.7126434733783137,1.0,-0.04505019287044422,-0.7347089364993356,39.15443196170637,0.003908386538973116,52.502635585256165,-0.05026527223552363,35.66394901639293,39.15443196170637,-0.16861398421566015,21.669246835415944,-0.34457455440276674,29.146543413888292
2024-06-13,KCEL,3000.0,2160.0,-2.257785078319558,1.1631231195653733,0.09200273285027037,0.0,-0.026940714285714214,-0.40864178363789566,43.9008970058878,0.016660714285714286,60.508345843706344,-0.03785912698412695,39.15579247805212,43.9008970058878,0.046420317460317474,62.67683103193493,-0.03877380952380953,49.68706398956391
2024-06-13,KEGC,1474.02,5450.0,-1.3557177959543711,-2.035955708079605,-0.6210130749518755,0.0,-0.01297258183160911,-0.1571409378906335,47.644630526717094,-0.0020077705381008467,48.7181679755305,-0.008391186250622738,47.84257526864481,47.644630526717094,-0.031218000337270072,46.686112010367694,-0.15226940659847607,41.64049443956506
2024-06-13,KMGZ,12600.04,16239.999999999998,-0.12733688679265662,2.0623439889104374,0.20636393057951502,0.0,0.05776762313755304,1.11655985471964,66.14888088653132,0.013593995978999846,58.617460260828366,0.056297801724035784,66.6340240028659,66.14888088653132,0.07588378056043454,68.25419265947669,0.23412657597761208,68.33091532148919
2024-06-13,KZAP,18510.0,1580.0,-4.720362948689861,-0.1604596296513467,0.7678388502292983,0.0,-0.01918553870494713,-0.26900728175369976,45.97362802307276,0.012994587867561936,58.24469932348817,0.021466480795451704,56.77689739764277,45.97362802307276,-0.04134341025443132,44.57966684782146,0.08192311105965894,58.252252323393606
2024-06-13,KZTK,34697.0,390.0,0.9299281834148906,0.4648877675388936,0.9799999967333334,0.0,0.1008631691432085,1.8925094173383021,75.68535156632758,0.002832179638146293,51.81506716994624,0.11011504657554673,79.23173657976581,75.68535156632758,0.07045804348850435,67.26013533425052,0.02277859174046884,54.084818232154944
2024-06-13,KZTO,840.0,74800.0,-3.6676156022228734,0.9794035660343323,-0.07859078377802697,0.0,-0.046896428571428575,-0.7679510210637536,38.68030290516025,0.003255952380952403,52.08590417355234,-0.02904007936507934,41.70975901250858,38.68030290516025,-0.06776349206349205,39.192077611857,-0.1825357142857143,39.55058192878567
2024-06-14,AIRA,892.99,68840.0,-1.997770699407255,0.2545359327297132,-0.599999919463098,1.0,-0.0573250651991873,-0.9557220735283496,36.04449996979984,-0.001376128449864504,49.12228165245881,-0.057043239628165564,33.81610568375753,36.04449996979984,-0.17655445699902078,20.560231110098076,-0.308103909307184,31.349461633778997
2024-06-14,KCEL,2971.0,680.0,-3.194690009307767,-0.3500234575283906,-0.7327382322725523,0.0,-0.016287175100041212,-0.21682128621621521,46.752259846459474,0.020482114674659303,62.82070596501722,-0.04581309750872195,36.90178693402103,46.752259846459474,0.056937943506809245,64.71615230660647,-0.023986843321419274,50.74568670262908
2024-06-14,KEGC,1472.0,9600.0,-1.4639113703632345,-1.4698124363559517,-0.9999996666667778,0.0,-0.009697222222222194,-0.09816700457536502,48.52792048910734,-0.0006638932022084258,49.578092375653284,-0.0070651828847481035,48.2406651272113,48.52792048910734,-0.029150897170462386,47.11784870281187,-0.1526708247066943,41.61256069627998
2024-06-14,KMGZ,12585.03,2009.9999999999998,-0.21251961789762788,-0.1689651373464184,-0.8338028099933389,0.0,0.05683687126027244,1.0998013592596312,65.92336148110694,0.016597540863269734,60.469689019221576,0.053695285971469525,65.93451989733016,65.92336148110694,0.08158958762532789,69.28188602358024,0.1530547360000238,63.10783618607745
2024-06-14,KZAP,18410.0,2170.0,-5.14752289046365,0.1869402825545028,-0.12621359162032236,0.0,-0.018880410706741506,-0.26351335120414154,46.055513380515286,0.018475408896131328,61.613005781258224,0.02568654113102782,58.017942736175875,46.055513380515286,-0.038115631601182934,45.24941403831815,0.08568232693584402,58.51382938829672
2024-06-14,KZTK,34400.0,370.0,-0.04097559672446748,0.4122440973561857,-0.6651986225263443,0.0,0.11411324289405689,2.131081378586608,78.22196891361463,0.02540173495754891,65.71212540376588,0.12380059062384643,81.81033598332172,78.22196891361463,0.07720906238464378,68.49453445217128,0.003769139904023555,52.73023056229421
2024-06-14,KZTO,839.9,13430.0,-3.361286790445814,-0.7580100899290074,-0.30490954102651685,0.0,-0.06107164179598098,-1.0231804245889873,35.116818848128595,-0.009733375949895748,43.80484314741524,-0.029488692153449826,41.57863704337762,35.116818848128595,-0.06883836643440164,38.97745259076274,-0.18192786617643442,39.59220800222711
2024-06-17,AIRA,888.99,81810.0,-2.2086502607632017,0.4271503062812268,-0.19959877636923043,1.0,-0.06711487380810434,-1.1319908161778267,33.6441107852568,0.005653466226252489,53.6154066162158,-0.0634238728380361,32.12046359197509,33.6441107852568,-0.17038792901146788,21.417785260171346,-0.31334126194038286,31.027569010753353
2024-06-17,KCEL,2975.0,450.0,-3.1980311278915368,-0.49738193244870504,-0.45109529159905964,0.0,-0.01941335200746971,-0.2731091356303837,45.91250529008291,0.014404645191409864,59.1200144516086,-0.03633865546218487,39.59231742969054,45.91250529008291,0.04745123716153128,62.878863881497516,-0.023926937441643314,50.74997474209828
2024-06-17,KEGC,1481.0,63340.0,-0.8234464291551996,0.41693693882895155,-0.03999999840000006,0.0,-0.017970102783404607,-0.2471229558981191,46.299932046264466,-0.00817358096738583,44.79022357971906,-0.013147477573068396,46.41726055134276,46.299932046264466,-0.03457147063867186,45.986786448882214,-0.16181730223036772,40.97757148576824
2024-06-17,KMGZ,12580.0,2970.0,-0.24467128005976846,0.22146077994675362,-0.2529594999815517,0.0,0.05718751104045222,1.1061147444997554,66.00840617728802,0.01153660067630656,57.334142038950695,0.05405425846014081,66.03142680413853,66.00840617728802,0.08204128939864233,69.36244954937669,0.1666090607414137,64.00688526677601
2024-06-17,KZAP,18464.69,660.0,-4.664197341081361,-1.0032998965205808,0.9999999938908913,0.0,-0.018364739613223272,-0.2542285225720121,46.193949097807554,0.010242744574292521,56.52188432124935,0.015100409399159843,54.88903301815269,46.193949097807554,-0.04208389378162497,44.42628857378983,0.07935852053383374,58.073532950774954
2024-06-17,KZTK,34400.0,20.0,-0.05325856831089698,-2.7080258881066643,0.3146853124847181,0.0,0.11364857881136951,2.122714948058531,78.13633345942485,0.043739802510151346,75.39902637876426,0.1225923588039867,81.5930892713822,78.13633345942485,0.0824766426725729,69.43998546672968,0.010924049464747149,53.24065998756639
2024-06-17,KZTO,834.99,14150.0,-3.9837669834967886,-0.6856978846746662,0.4180644891571309,0.0,-0.04589689896485785,-0.7499541598349581,38.93673054166547,0.0008210320026644175,50.5285405757527,-0.025488024835199064,42.751964370553644,38.93673054166547,-0.06538908166279724,39.66765983990058,-0.1697372319543034,40.43014641396561
2024-06-18,AIRA,896.0,98200.0,-1.1703352243228926,0.6097569026375883,0.4071145842772153,1.0,-0.06392589285714287,-1.0745721591831325,34.41750994524051,-0.003925198412698412,47.492675673526406,-0.10153000992063492,23.031161510337743,34.41750994524051,-0.1704946428571429,21.40272617669561,-0.32330897817460313,30.420007326676547
2024-06-18,KCEL,2988.84,520.0,-2.747562051742448,-0.1677864237638251,0.9956740450127227,0.0,-0.02393682728320794,-0.3545558044175663,44.70162959402471,0.009456501152541374,56.026550848781866,-0.04084431553633497,38.3038338861837,44.70162959402471,0.04604700815605476,62.60356267445593,-0.029540085722060738,50.348148506333644
2024-06-18,KEGC,1478.98,4370.0,-0.8342027111799726,-2.34546271717444,0.5919998816000309,0.0,-0.015267478358637142,-0.19846130905309195,47.02659293201253,-0.005162099979028888,46.703637299287685,-0.011110302075411482,47.02715976722362,47.02659293201253,-0.032359157228051,46.44797744245631,-0.15886719816767758,41.182063190029524
2024-06-18,KMGZ,12700.0,5210.0,0.7461119385749372,0.6481099809982475,0.999999995,0.0,0.04191608548931382,0.831147675387457,62.215109910772725,-0.004557158480190034,47.089357330872474,0.04203254280714911,62.71728082851112,62.215109910772725,0.0691443475815523,67.01705950526224,0.14618439570053743,62.64858572401744
2024-06-18,KZAP,18499.99,460.0,-3.750942933609659,-1.3246469551929205,0.31552631163785383,0.0,-0.02671282434670059,-0.4045385498958377,43.961538768566406,0.006921148545751593,54.42157140327419,-0.00462841133603545,48.97277325889897,43.961538768566406,-0.04781300016725888,43.24340624727775,0.06612917873091598,57.148345838312075
2024-06-18,KZTK,34399.94,90.0,-0.17817667966742431,-1.0014451695918187,0.9993023197715253,0.0,0.11410296771281736,2.1308963705491744,78.22007786450027,0.048645904623486155,77.65409457626416,0.11984421144039271,81.09148780874662,78.22007786450027,0.08303408980821306,69.53910553732051,-0.002078008932204667,52.31266735407684
2024-06-18,KZTO,835.0,8320.0,-3.95742586980501,-1.2167486775126513,0.9999997995992386,0.0,-0.04110684345594525,-0.6637076257599035,40.17389793530073,0.0019214119380287584,51.23264681118186,-0.0293206563064348,41.627737236526315,40.17389793530073,-0.06913402480752781,38.918491553225856,-0.1746218657922251,40.09369507277869
2024-06-19,AIRA,906.39,41490.0,0.1470322325520435,-0.2612137588398737,0.9999999252615901,1.0,-0.07728994519861368,-1.3151963426617763,31.23581250435433,-0.020941855918218677,36.91043102698165,-0.07553856862309347,29.02958741899479,31.23581250435433,-0.15721168197858695,23.336290410484377,-0.3338566617491997,29.784451975203662
2024-06-19,KCEL,3044.0,37460.0,-0.9503940984177143,4.104982775960408,0.9381768847227385,0.0,-0.04417817825334254,-0.7190080248401972,39.37909246819312,-0.017255348017437302,39.13421228857536,-0.028025671109442464,42.006683460704316,39.37909246819312,0.018211469870471175,56.99872186235259,-0.05340582045345517,48.63980761691735
2024-06-19,KEGC,1478.0,21200.0,-0.7428915705317208,-0.6775773416920235,-0.010121456465430313,0.0,-0.015282140172261958,-0.19872529985780013,47.0226470924271,-0.004157148226904654,47.34460397689317,-0.008454910110187463,47.82345072361889,47.0226470924271,-0.03186110574134931,46.55189065917109,-0.16134232768434392,41.01047432243548
2024-06-19,KMGZ,12680.0,1240.0,0.5786867686058045,-0.9178982250088711,0.5792798422901753,0.0,0.039246317159881826,0.7830776134083363,61.53474404622968,-0.006747185919583396,45.69494570683371,0.025061626858945536,57.83476537860729,61.53474404622968,0.07585511491662912,68.24898327367977,0.16319942666866954,63.78162151276523
2024-06-19,KZAP,18603.05,2580.0,-2.456180995632805,0.4530927548785536,-0.7098282435974934,0.0,-0.024185875707443905,-0.35904000368566247,44.635131426940845,-0.002967919864053658,48.104219388662,-0.010196001942077815,47.30118715187513,44.635131426940845,-0.06563155062514697,39.619003260992905,0.06944362488904046,57.38063602631147
2024-06-19,KZTK,34898.0,1570.0,1.16063718783923,1.9652016498349936,0.9999999987977156,0.0,0.0972282719617352,1.8270618910960803,74.95543942369447,0.043101241213623014,75.09450657469785,0.09548091376501311,76.18670352117508,74.95543942369447,0.041345860998992984,61.676028064622535,-0.0040414762023020245,52.172374556473066
2024-06-19,KZTO,829.0,7850.0,-4.626369271194424,-1.2748972035751702,-0.8459166647277868,0.0,-0.03887790989335018,-0.6235749395938034,40.75398331700038,0.008040422578359862,55.13145094846359,-0.02316986903325866,43.435679468866255,40.75398331700038,-0.05010210236084783,42.77284607878471,-0.1707610479254025,40.35955074277708
2024-06-20,AIRA,900.89,143080.0,-0.36963010099156945,0.9861543783810435,0.4026115123715161,0.0,-0.07465899622278284,-1.2678252359863893,31.849536247768818,-0.01548545841440389,40.218744524046755,-0.08201201208522718,27.452085722757946,31.849536247768818,-0.09515421467254509,33.87291543443358,-0.3320930069726462,29.89018866189618
2024-06-20,KCEL,3058.0,5410.0,-0.43539916812148727,2.174348617633933,0.2623626337587548,0.0,-0.04700534196019808,-0.7699120426590693,38.65239896034257,-0.018169507770407038,38.578146078401886,-0.04412137692443448,37.37679675185619,38.65239896034257,0.008653058073022107,55.023881893812366,-0.054593042708690254,48.55487461097901
2024-06-20,KEGC,1475.0,9690.0,-0.8851988520748388,-1.350171759348043,-0.9999999213218002,0.0,-0.012549455205811138,-0.14952240301519276,47.75866703416259,-8.859967715898727e-05,49.94631896482197,-0.009059355663169223,47.64207950220766,47.75866703416259,-0.02988233118105993,46.965028196531165,-0.16180077347323107,40.97871634429343
2024-06-20,KMGZ,12805.0,10820.0,1.632355374284986,1.3789255497863304,0.8918918870708546,0.0,0.033885001673453444,0.6865453544549672,60.1549898141684,-0.010518259701381528,43.310795480002966,0.022876289178954123,57.19252471477023,60.1549898141684,0.06335166772032252,65.93447080158401,0.15277327665284518,63.08906786448486
2024-06-20,KZAP,18800.0,1160.0,-0.681864089541784,-0.3462757882322977,0.8735510972228566,0.0,-0.040620136778115504,-0.6549443110141984,40.3003359818746,-0.007840096251266464,45.00145726691146,-0.02109325396825397,44.05029105927489,40.3003359818746,-0.0736830884836204,38.015480334125215,0.05722962681526511,56.52309500661787
2024-06-20,KZTK,34888.0,1420.0,0.9320669243195249,1.7988248520287382,0.9519292973322071,0.0,0.0889965088282504,1.6788462726614113,73.24929438187094,0.048606124359856305,77.63641590121313,0.07600087581849221,71.6801723414881,73.24929438187094,0.05599535975438865,64.53543410762678,0.01601304682921864,53.603301700529926
2024-06-20,KZTO,844.98,34660.0,-2.6154806188700253,0.23413104468160384,0.47999998222222423,0.0,-0.04553761940265703,-0.7434852124613485,39.02905364345973,-0.022882054942974156,35.761359952192485,-0.04362656836622789,37.516197533251194,39.02905364345973,-0.0684241335945962,39.06011427766528,-0.189224589902945,39.0935327813814
2024-06-21,AIRA,894.18,47610.0,-1.0174520718534021,-0.15702687530859158,-0.8953067784019278,0.0,-0.08892192194710978,-1.5246339320869464,28.602262476060524,-0.005742469823376286,46.3339539504174,-0.06995518557039218,30.43232026107455,28.602262476060524,-0.09151228388020304,34.56040214202397,-0.32939233375830357,30.052519041625196
2024-06-21,KCEL,3039.9,630.0,-1.0204791367175428,0.024096643115441334,-0.32801437995263844,0.0,-0.04710106868333705,-0.7716356339773196,38.627879631092114,-0.014872684173508243,40.59653371887526,-0.028446050817774494,41.8835638503759,38.627879631092114,0.01989394434967315,57.34422273468033,-0.04353607707960323,49.346139656627585
2024-06-21,KEGC,1475.01,6410.0,-0.891522130730686,-1.7519714577067438,-0.6488146928169748,0.0,-0.01385583160695278,-0.1730441422907126,47.406667111395656,-0.002740906599180435,48.24933379385792,-0.008708685437483678,47.74729509178843,47.406667111395656,-0.029774114945467677,46.987634592952645,-0.16184391248679186,40.97572835630079
2024-06-21,KMGZ,12828.0,2080.0,1.7795443436243235,-0.270099539822038,0.24826629250577922,0.0,0.015454762275973689,0.35470279704648416,55.300550526314716,-0.012712299731242667,41.93708288181829,0.016165238614934595,55.20594266104544,55.300550526314716,0.05821173771660207,64.95970425270734,0.1475191389371464,62.73798872037578
2024-06-21,KZAP,18800.0,510.0,-0.42014708601844986,-1.0953367780273815,0.32450330511823317,0.0,-0.07971272374197906,-1.358819271834075,30.67640434113672,-0.0026804035798717496,48.28801441521924,-0.03965842620736229,38.64145365350906,30.67640434113672,-0.08076352583586627,36.62652771415363,0.0567076494427558,56.48635620560625
2024-06-21,KZTK,35367.0,1550.0,2.1934492248558963,1.6422262030007642,0.9999999982363316,0.0,0.044673231671439814,0.880791004510509,62.91272670512178,0.03905624256941163,73.10769299541042,0.07047579506454092,70.31202139078381,62.91272670512178,0.04623890430546636,62.641232830295365,-0.005436063683255998,52.07270815743207
2024-06-21,KZTO,834.0,16960.0,-3.6042169813984106,-0.48059667905511627,-0.4728369904200599,0.0,-0.042249842982756664,-0.6842877103650797,39.8774824077612,-0.004065062235925562,47.4033842180903,-0.03623271953865478,39.62279423520657,39.8774824077612,-0.052341795135320314,42.31370422335297,-0.1780895340870162,39.8554071465413
2024-06-24,AIRA,896.48,84580.0,-0.667623360182324,0.41762749820873896,-0.02542372342715397,0.0,-0.095534071033375,-1.643687863803778,27.166078540164797,-0.012114377006082363,42.310305084509345,-0.05587282259503837,34.13187173896925,27.166078540164797,-0.10055354118683588,32.86615086558544,-0.3328405903583398,29.845342377510875
2024-06-24,KCEL,3026.1,3890.0,-1.468113021571324,1.781499389628199,-0.6874910141104237,0.0,-0.024428267406893404,-0.36340434642181324,44.57042909478841,0.010860587610015121,56.910218901694954,-0.024556838009318897,43.02629050214012,44.57042909478841,0.02536839881916221,58.463301017388815,-0.0379692348787769,49.744666147800594
2024-06-24,KEGC,1473.0,31250.0,-1.0401284190146747,-0.027926366582788142,-0.9999999321113421,0.0,-0.014442226748133063,-0.1836023807977926,47.24874605487731,-0.0039654099182103685,47.46700229365972,-0.006935624575695828,48.27957363874362,47.24874605487731,-0.02154860989881356,48.70888591092682,-0.15781119031455082,41.2553367027798
2024-06-24,KMGZ,12760.0,850.0,1.3591888033049822,-1.0296130124765586,-0.9999999850164821,0.0,0.01750721003134796,0.39165779786887356,55.84798003170728,-0.011197478479375031,42.88432615124707,0.026720924764890283,58.32065823004326,55.84798003170728,0.062211257899189,65.71932259651902,0.18025118425635667,64.90193987564186
2024-06-24,KZAP,18705.0,1110.0,-0.43450443931626764,-0.28090204426439247,-0.422222220345679,0.0,-0.05349045709703288,-0.886678686091276,37.004885957893194,0.022204504461501254,63.844739904379274,-0.023912717187917668,43.2162993447411,37.004885957893194,-0.08109930563511158,36.561186973039405,0.055842907422257865,56.42547663239852
2024-06-24,KZTK,36000.0,4530.0,3.7385017802295257,2.546357759678293,0.4598540139272204,0.0,0.036199999999999996,0.7282276651677958,60.75288420452224,0.022622619047619048,64.09148131002354,0.056525000000000006,66.69474974507217,60.75288420452224,0.030799206349206347,59.56490152320154,-0.03157222222222224,50.20266093965574
2024-06-24,KZTO,837.99,53610.0,-2.1798233756010768,0.908810081340876,0.09820787826466904,0.0,-0.038711967923244966,-0.620587099525451,40.797275520663455,-0.01099654705221509,43.01038033164905,-0.04080829156672514,38.31407340493691,40.797275520663455,-0.05455771915109796,41.86073758758801,-0.17961957362259698,39.75041924162184
2024-06-25,AIRA,895.0,47620.0,-0.7450481769751003,-0.23433614059327137,0.33630282042253173,0.0,-0.08390205950164051,-1.4342496480948939,29.722449180653065,-0.010420832224882505,43.372051342789504,-0.03903211847122462,38.82020591225507,29.722449180653065,-0.08894766781945553,35.04844689345595,-0.3347831958854305,29.72898970329766
2024-06-25,KCEL,3025.5,35410.0,-0.5227849910874929,3.990102233320645,0.35340021508583563,0.0,-0.007647799852051215,-0.06126647681441303,49.081106319714266,0.017063262467439392,60.754361055744695,-0.034891703063641547,40.00928207835439,49.081106319714266,0.024594671089390972,58.30563773030847,-0.03148194552651659,50.20912424652838
2024-06-25,KEGC,1475.5,42050.0,-0.8726134321863379,0.3190034770594022,0.22222219753086697,0.0,-0.01405129401924556,-0.17656350768654883,47.35402154728266,-0.00219296135826979,48.599715493946135,-0.008999643919467646,47.65999404553621,47.35402154728266,-0.027293877512600005,47.50607712532414,-0.16018630703608677,41.090588732457746
2024-06-25,KMGZ,12677.8,4450.0,0.7410887719186898,0.7135772905494743,-0.26461538257989287,0.0,0.027836059064125878,0.5776321416742971,58.57878193981212,-0.0023471934505184967,48.50107690329257,0.03811283636162407,61.60850291834655,58.57878193981212,0.040059492984487105,61.420707741912395,0.19606420895218166,65.92642942567241
2024-06-25,KZAP,18680.0,670.0,-0.2800732770487094,-0.6894077306017392,0.36810602506962786,0.0,-0.03464285119472486,-0.5473213066909639,41.86317348752864,0.02882437969477584,67.65852685040137,-0.03130555045715641,41.04883596878941,41.86317348752864,-0.0458761785799259,43.642507631212865,0.05949192583528781,56.682241113238085
2024-06-25,KZTK,36169.99,130.0,3.189775338361688,-1.0726324677698427,0.9834419158910668,0.0,0.03197375897469107,0.6521327973900641,59.659071783458074,0.01788727005925733,61.256237936291335,0.04231140757893146,62.79567222475671,59.659071783458074,0.017568254147961017,56.866453453532294,-0.03643790769201942,49.85430066810497
2024-06-25,KZTO,838.95,173380.0,-1.3932579093946345,2.082559787644948,0.13924050064351082,0.0,-0.04308933835945732,-0.6994031023428442,39.660245273069336,-0.012254528974710478,42.22274206039251,-0.03725985259351974,39.32764037786282,39.660245273069336,-0.05924540298388864,40.907104005650964,-0.17933901702524982,39.76966337903296
2024-06-26,AIRA,889.95,63830.0,-1.2099917027310176,0.05863394011468732,-0.2757863733879668,0.0,-0.09770621470173557,-1.6827980291370608,26.704271140106385,-0.0059036818547859,46.231335011326095,-0.03460040271122776,40.09340279794199,26.704271140106385,-0.0905366877887736,34.74568108602971,-0.32701738855045365,30.195685396901528
2024-06-26,KCEL,3000.01,490.0,-1.263772747388969,-0.6135203716398442,-0.6845901414888216,0.0,0.025927876995700944,0.5432746922711316,58.07772315693997,0.022741026678059148,64.16122245954774,-0.02200353476202698,43.78064106715735,58.07772315693997,0.03086748509118719,59.57869268011231,-0.015377971892210213,51.36176267841302
2024-06-26,KEGC,1476.0,16800.0,-0.5490923057895033,-0.598475796112489,-0.4999999375000079,0.0,-0.015714992257065446,-0.20651894483999308,46.90617337286484,0.0017945799457994762,51.15150975770407,-0.009377555168408765,47.54662455671886,46.90617337286484,-0.027708914053426244,47.419281777071255,-0.15906526325977552,41.16832433402449
2024-06-26,KMGZ,12630.0,1510.0,0.3667131695892107,-0.36721352818606373,-0.9999999915966388,0.0,0.02544124627681631,0.5345127451913618,57.94967014859505,-0.00021359197677487448,49.866313604338245,0.06016111582400177,67.65897750962195,57.94967014859505,0.06745139595822494,66.7024639320165,0.19549752761753947,65.88996454839469
2024-06-26,KZAP,18600.0,1880.0,-0.19152153855873613,0.4657568996025343,-0.3548387073881374,0.0,-0.04514391961085509,-0.7363965174669359,39.13031192193252,0.03601326164874552,71.54866408685075,-0.019068087557603686,44.651438785030784,39.13031192193252,-0.05246821556579616,42.28782652860442,0.07108762160778295,57.49573410072997
2024-06-26,KZTK,36500.0,820.0,4.0836523055894896,0.7691318809288128,0.7703292797310581,0.0,0.021250983909545555,0.45906568505399875,56.84277819946565,0.03850672754946722,72.83018519028617,0.05063642857142858,65.10341410399845,56.84277819946565,0.013446374211785177,56.01659725538669,-0.04262991411176345,49.411006930339475
2024-06-26,KZTO,837.99,11090.0,-1.0412645949355073,-0.9054092369872173,0.3299999450000122,0.0,-0.04675000737308493,-0.7653146589487929,38.717828178084005,-0.012123608873614255,42.3045357794376,-0.039631598016000885,38.64910435717203,38.717828178084005,-0.058176999853390685,41.12387955480201,-0.1760555629286405,39.99511814177454
2024-06-27,AIRA,889.45,35010.0,-1.1824876135878384,-0.5891653494995838,-0.29698704490859157,0.0,-0.09943555507817838,-1.7139353747120187,26.340193824444146,-0.0022997480162076363,48.53141925561146,-0.04858753864747887,36.128267263699,26.340193824444146,-0.09213688294531938,34.44202749517317,-0.3317020326008493,29.91365795328137
2024-06-27,KCEL,3010.96,1250.0,-0.8955123072409255,0.322960894540403,0.4371929747860895,0.0,0.04705181973286164,0.9236182694364025,63.51027434967562,0.023625488385078698,64.68025346885445,-0.024631955921035238,43.004144768588574,63.51027434967562,0.02566055638638274,58.522789410533996,-0.009619061557543634,51.77366778231297
2024-06-27,KEGC,1478.98,44460.0,-0.26993554314577495,0.5543435454547013,0.9959917843703875,0.0,-0.015062762608593176,-0.19477533424987398,47.08169062526806,-0.004471737321324181,47.143852269727994,-0.009523965503252223,47.50270969241863,47.08169062526806,-0.02977362598354465,46.98773674002265,-0.16469807996158659,40.77818583029841
2024-06-27,KMGZ,12706.0,7230.0,0.9834295360565614,1.1989114852928173,0.5737213478191464,0.0,0.03495257302511749,0.7057673298136092,60.43109954506228,-0.007392944965383183,45.28497063153475,0.05154543916260038,65.35138479385914,60.43109954506228,0.06237755447370197,65.75073640263827,0.19904812262173363,66.11812700547236
2024-06-27,KZAP,18705.0,1670.0,0.6222588263739294,0.3473088416990285,0.15736419579106772,0.0,-0.04016411291862375,-0.6467334505631006,40.41892027690764,0.0346172388335179,70.81549272931527,-0.029683112804063085,41.521848050249474,40.41892027690764,-0.05963136957268873,40.82887900303282,0.0641650239940938,57.01054021214058
2024-06-27,KZTK,36681.0,130.0,4.24471173075463,-1.0726326195903864,0.9999999964412811,0.0,0.011393617073066242,0.281580534167778,54.21368997677028,0.03205802783587195,69.44306053607843,0.04876290109320906,64.58975564636901,54.21368997677028,0.010287882886040656,55.36295131648677,-0.053293840394858516,48.64781900092749
2024-06-27,KZTO,828.0,12570.0,-1.530150332203355,-0.5416106002044164,-0.99999990000001,0.0,-0.03541813319530705,-0.5612805155887681,41.65947063202776,-0.0025920634920634923,48.34449542552745,-0.04242596618357488,37.85529689687308,41.65947063202776,-0.0500277605244997,42.78810813998783,-0.16325324361628707,40.878148966240936
2024-06-28,AIRA,891.49,43050.0,-0.8632373136923346,-0.3352265977696204,0.6347606253450004,0.0,-0.08807776764670953,-1.5094346546467146,28.788859329776873,-0.006504873698162191,45.84893686660068,-0.06486813113572837,31.7429144471384,28.788859329776873,-0.09542267960701428,33.8225013683492,-0.33961537489759874,29.440704502003456
2024-06-28,KCEL,3003.0,600.0,-1.150021295959325,-0.6847707829579255,-0.8553773111917623,0.0,0.031892063492063485,0.6506618431990098,59.63782908063864,0.026380949605949607,66.2747663549089,-0.023797477522477576,43.25031505754722,59.63782908063864,0.02875949050949051,59.15222550756327,0.010611219336219335,53.21835615819435
2024-06-28,KEGC,1475.0,15060.0,-0.5139134242433997,-0.7078122496006832,-0.7499999062500118,0.0,-0.01403206887274684,-0.17621735256381285,47.35919936154828,-0.001234147161689534,49.213136496131035,-0.009003006456820017,47.658985210837265,47.35919936154828,-0.022988740920096867,48.407190022767935,-0.1593346314231907,41.14964172424375
2024-06-28,KMGZ,12700.0,6080.0,0.9089927671236059,0.8399219268569847,0.8666666551111113,0.0,0.04442262217222845,0.8762786975710489,62.84953429978726,-0.006920788026496687,45.5846707144129,0.051955221222347206,65.46289890580337,62.84953429978726,0.06131749156355459,65.55025261478313,0.22248359892513436,67.60500092440212
2024-06-28,KZAP,18801.01,1000.0,1.174672901450961,-0.1655142310202069,0.369629653607603,0.0,-0.04769388377758792,-0.7823094658632722,38.47616553307057,0.041396387319423314,74.26922601820493,-0.031302305397296074,41.04978042758288,38.47616553307057,-0.06716717097721253,39.31132876168252,0.05683014414570933,56.49497850130858
2024-06-28,KZTK,36845.0,170.0,4.5782802355774015,-0.7363170196242593,0.8426966244792324,0.0,0.01146802197967892,0.2829202191258295,54.23364185618327,0.043169182407209954,75.1270261060911,0.04359737397333747,63.15629326728771,54.23364185618327,0.004927005990345658,54.24938599899011,-0.05993126735337001,48.173092128496556
2024-06-28,KZTO,832.89,21610.0,-0.8110399064660333,0.3287734371985439,0.3680933565686023,0.0,-0.04200896614141579,-0.6799506431503173,39.939888424291325,-0.00726056406293861,45.368965450037834,-0.038543538290942175,38.95985927562842,39.939888424291325,-0.051056082264336035,42.57712111830798,-0.16672436995052795,40.6381226053178
2024-07-01,AIRA,888.0,27560.0,-1.1482596209533027,-0.7037032355130952,0.17785628058229785,0.0,-0.07541008151008151,-1.2813487750568127,31.673674241806378,-0.0059925675675675475,46.17476872718962,-0.05045498712998715,35.611612045382714,31.673674241806378,-0.08611007078507078,35.59210588491063,-0.34009406906906914,29.412234690192175
2024-07-01,KCEL,3067.0,62710.0,0.9612504865493322,3.9645594745565234,0.9999999850746272,0.0,0.011336879014185827,0.28055894664765907,54.198474602305005,-0.01791608792522552,38.73200503418649,-0.044323610399490815,37.31988231823073,54.198474602305005,0.009693631515207968,55.239757149297105,-0.015562052132014614,51.348593020193576
2024-07-01,KEGC,1471.07,43460.0,-0.7056126171123785,0.5315946208194885,-0.8439094935149993,0.0,-0.012034206059491693,-0.1402451716819653,47.89756284507915,0.0061910561133506495,53.95753489160025,-0.004992683904847966,48.86329485772148,47.89756284507915,-0.01011729890002317,51.10518736767615,-0.15692755637808606,41.31667946152427
2024-07-01,KMGZ,12651.0,5720.0,0.5066907507640906,0.5500451985242512,0.0199999998,0.0,0.05588949527799421,1.082743541289585,65.6930713269793,0.01716961702632203,60.819268570168624,0.050907499971769576,65.17744649491391,65.6930713269793,0.06546618533825671,66.331655204283,0.2568510901641504,69.72212345186803
2024-07-01,KZAP,19170.0,2060.0,3.1435339798636566,0.557191049080004,0.9945799431041195,0.0,-0.07362837022132797,-1.2492684738804543,32.09169458725661,0.005493883672404799,53.5137794630525,-0.056393820329383795,33.99113619951881,32.09169458725661,-0.08195783404128469,36.39434775159708,0.04402677360459048,55.59173101974029
2024-07-01,KZTK,36910.0,1180.0,4.479994040200165,1.4564967121843544,0.9910621013988411,0.0,0.01989394752572751,0.4346317960311508,56.48277966848647,0.06310868554140701,83.42313151280048,0.04214741681825805,62.749581070068004,56.48277966848647,-0.0009415576498819564,53.02551669109101,-0.06532513696980642,47.78754669053748
2024-07-01,KZTO,831.0,17830.0,-0.9879726742410045,-0.07844501544971985,-0.39999996000000404,0.0,-0.03257256890722594,-0.5100451892176842,42.40847704156305,-0.006213808664259917,46.03401541657119,-0.03152037562317346,40.98632686545379,42.40847704156305,-0.052291649475674745,42.32396998398342,-0.16465666867228232,40.78104987364763
2024-07-02,AIRA,888.0,36380.0,-1.0924297649292478,-0.3832290538506038,-0.16279065035153667,0.0,-0.06911052123552121,-1.1679231083047663,33.164510745766165,-0.010476533676533676,43.33702751408747,-0.05297284427284432,34.920299276385734,33.164510745766165,-0.09850777563277563,33.24581903919507,-0.3406903582153582,29.376793518270862
2024-07-02,KCEL,3084.99,1200.0,1.3748463033035827,0.008368180980604326,0.659228429288411,0.0,0.03386607302038032,0.6862045377944445,60.15008834038582,-0.03662617602063688,28.13787166769126,-0.05221236609704218,35.12844725521938,60.15008834038582,-0.005636455273683769,52.04371312049457,-0.017388794773433608,51.21789246043302
2024-07-02,KEGC,1476.1,14710.0,-0.24348137310348453,-0.5517174226387609,0.4194193774354801,0.0,-0.014444967191537485,-0.18365172338787752,47.24800815758942,-0.0013064751280454205,49.16685262498726,-0.009116315838712634,47.62499104169316,47.24800815758942,-0.008194153969651844,51.50812981421865,-0.15904831282670007,41.16950005305271
2024-07-02,KMGZ,12681.0,890.0,0.7379540485026548,-1.5127705084390082,0.5913539026631467,0.0,0.05555561047461331,1.0767318349495743,65.61173288546681,0.045746385481090945,76.33950284599538,0.04404088343641218,63.280327821990134,65.61173288546681,0.058992698581680124,65.10864182078532,0.24230542234163593,68.83558917832259
2024-07-02,KZAP,19267.0,1800.0,3.4787093925248285,0.3139497101577461,0.9666666612962963,0.0,-0.07375882059628232,-1.251617276036853,32.06098997860739,-0.03461731820424923,29.18947563797232,-0.05348506303647737,34.78042434109436,32.06098997860739,-0.10206670124754805,32.58675741796145,0.03793918071527844,55.1609280487156
2024-07-02,KZTK,36911.0,70.0,3.9476712519588,-1.3682683106001796,0.9999999909909911,0.0,0.027317354582644737,0.5682926958883959,58.442749261556436,0.07500164600134265,87.21849773977593,0.04139662882790135,62.53827002961751,58.442749261556436,0.0017291077787710968,53.58301571808416,-0.07528965702786583,47.07602501094759
2024-07-02,KZTO,830.85,19690.0,-0.8571935552259393,0.12392787440971818,-0.4107883391298329,0.0,-0.025180298360543016,-0.376944912527729,44.36980528009161,-0.006035908722278119,46.147190263527364,-0.03617573483265849,39.63919155425182,44.36980528009161,-0.048778907931349764,43.04469524372971,-0.1679985996125597,40.55012180386953
2024-07-03,AIRA,887.0,22880.0,-1.120318246801013,-0.8469840331386428,-0.0025062650360215153,0.0,-0.07097651706304468,-1.2015209804845288,32.71920564326224,-0.020656514289293302,37.080718548703295,-0.05506224655965354,34.351386465715386,32.71920564326224,-0.11099466947620838,30.9638156191609,-0.33607289597537626,29.651887635412233
2024-07-03,KCEL,3076.0,18890.0,1.0587815256597644,2.785903853531965,0.03703703612254232,0.0,0.03691866885462465,0.7411675356439809,60.93784991696227,-0.0435579236072409,24.691960204020287,-0.04781856048878155,36.341960032498264,60.93784991696227,0.0016688468842239942,53.570445652117115,-0.01484253926971743,51.40006806940748
2024-07-03,KEGC,1482.47,25410.0,0.20755941847198314,-0.005103047128806077,0.33264672166357206,0.0,-0.018074815159941693,-0.24900833687841925,46.2718073826337,-0.005577145507695754,46.43922280126663,-0.012748677951779551,46.53657650444421,46.2718073826337,-0.01849917711603364,49.348001183934144,-0.16810893140480587,40.5425049203875
2024-07-03,KMGZ,12660.0,680.0,0.5784943214430716,-1.781896033821523,0.11111110905349798,0.0,0.05535592040923794,1.073136349261402,65.563042104895,0.05822585007146618,81.62133548417708,0.05076580154968781,65.13875631334076,65.563042104895,0.06399152749567441,66.05489958079389,0.23677473106146094,68.49479957659811
2024-07-03,KZAP,19318.0,1700.0,3.496831246938366,0.2567913553454209,0.3801169568414213,0.0,-0.07360761285222928,-1.2488947305829188,32.09658175950793,-0.02744292760103662,33.12558059112504,-0.061915959291194825,32.51716274553241,32.09658175950793,-0.0993602818409346,33.08733652711812,-0.001520978871584533,52.352461472920176
2024-07-03,KZTK,37999.99,3000.0,6.965130386054927,2.3895941363960387,0.8181636356198475,0.0,0.022160882988244115,0.4754487189770547,57.08375700059012,0.03919411291877246,73.1770363579226,0.00336509569841705,51.37577468466337,57.08375700059012,-0.02694094237846431,47.579897269557286,-0.10371568239593976,45.053736371796326
2024-07-03,KZTO,830.0,5960.0,-0.9218072578032721,-1.0711089128949154,0.7084046812341827,0.0,-0.016336536622681204,-0.2177100567610336,46.73898476604216,-0.005005273474851789,46.80359633940062,-0.02316687703193724,43.43656360177248,46.73898476604216,-0.03440918435647351,46.02059515882442,-0.164808854465481,40.77052487037179
2024-07-04,AIRA,889.71,89220.0,-0.6684051559896454,0.5695275173629472,-0.233812935622725,0.0,-0.06936878758247073,-1.1725732793207757,33.10269534803106,-0.026092516181035003,33.89592474821248,-0.07945921323481009,28.067779990242503,33.10269534803106,-0.12292573722523825,28.866563719988015,-0.32850481477110527,30.10597512084076
2024-07-04,KCEL,3089.9,6340.0,1.4191349705573686,1.6439309907701052,0.6548785544337803,0.0,0.03284752688868036,0.6678652777396862,59.88604353568044,-0.0656993146642132,15.683031087557303,-0.05797210246440403,33.56652898065007,59.88604353568044,-0.00728794207651455,51.6979370047853,-0.020993134891096832,50.95996044583622
2024-07-04,KEGC,1476.2,36230.0,-0.19774856955179662,0.4412191535974043,-0.6566522665733399,0.0,-0.013159156392539437,-0.16050027458242658,47.59435470107011,0.0016772382113663478,51.07643840520261,-0.009858033980425965,47.40252250987816,47.59435470107011,-0.013701559559830826,50.353860353843906,-0.16066361265411194,41.057504800763425
2024-07-04,KMGZ,12645.0,2380.0,0.48959535547372557,-0.44393003932858777,-0.11043689208700717,0.0,0.0692805061289047,1.3238531216490534,68.87564226564416,0.06344352934530871,83.54134945056335,0.03518596424334858,60.77255671053469,68.87564226564416,0.06485136417556346,66.2164037597219,0.23310176947410044,68.26737132926289
2024-07-04,KZAP,19401.0,2940.0,3.718036909490103,0.6931467164446222,-0.19123020613286137,0.0,-0.0725860728828411,-1.2305015654901683,32.33757932329193,-0.025295491395877976,34.35465716326642,-0.10390764743349017,22.528152083059133,32.33757932329193,-0.10542388364860918,31.971298953120396,0.03988090175764136,55.298425851141
2024-07-04,KZTK,37952.0,100.0,5.517322099692428,-1.2669414835207395,0.7486630996025051,0.0,0.008009815907813338,0.22065407476471252,53.30498511576918,0.02779000441660644,67.07633223102489,-0.02275818828796268,43.557369665999154,53.30498511576918,-0.037216170133033535,45.43636510617717,-0.10971068718381122,44.629091695845524
2024-07-04,KZTO,828.0,19060.0,-1.1521680150962221,0.09140893517679786,0.5859212846155086,0.0,-0.019127053140096554,-0.26795422981048145,45.98932177055411,-0.0026025534851621696,48.3377883322612,-0.030388975155279514,41.315860579488465,45.98932177055411,-0.03823526570048305,45.224558336334375,-0.16386171497584545,40.83604173098726
2024-07-05,AIRA,888.0,101670.0,-0.7684524011457501,0.7001544652448359,-0.5774647480658642,0.0,-0.07764164521664525,-1.321528817835168,31.154261403015337,-0.03412042042042042,29.453129463422282,-0.08202015229515229,27.45013591475486,31.154261403015337,-0.12951275203775203,27.745584681263963,-0.3272666023166024,30.180644135250144
2024-07-05,KCEL,3090.0,400.0,1.3720151894814567,-1.4498351992693164,0.666109044292116,0.0,0.028921702111265213,0.5971795038884157,58.86307148745239,-0.05763743257820925,18.609409407500582,-0.040203656187394125,38.48609019473777,58.86307148745239,0.012052585144090022,55.72839773528403,-0.019510217290799825,51.066087237220415
2024-07-05,KEGC,1477.0,2760.0,-0.12438111114278509,-2.3042049044652853,-0.2727272231405049,0.0,-0.014384395922666066,-0.18256111765377528,47.26431797877916,-0.001844136011434651,48.82284456159893,-0.012428302490032348,46.63245769531079,47.26431797877916,-0.014278392763108397,50.232921694962386,-0.16258230647709326,40.92459445609596
2024-07-05,KMGZ,12645.0,2170.0,0.49896903893863154,-0.536302994178233,-0.08163265222823825,0.0,0.07481904055809753,1.4235762662941311,70.14360864247283,0.061072637406089356,82.68961827180263,0.03163041998531323,59.74853783883104,70.14360864247283,0.06997387872112071,67.17065620691449,0.22983965429588205,68.06464805214596
2024-07-05,KZAP,19628.0,1190.0,4.508803205300433,-0.2480408374836808,-0.3173546368515066,0.0,-0.0839064154382628,-1.434328078174801,29.72146623167675,-0.028781063333559696,32.37105264165723,-0.09401694121776147,24.6718477668251,29.72146623167675,-0.10119310112537644,32.74791160222669,0.009258868283404664,53.121922987223314
2024-07-05,KZTK,38531.0,1700.0,7.031485715151269,1.5662638540057447,0.9999999982728843,0.0,0.0015462916171806382,0.10427618166101753,51.56363269235212,0.007113688256785985,54.54382246693268,-0.02817731812933144,41.962257958839395,51.56363269235212,-0.03247632752312815,46.42353553645414,-0.12070499350553854,43.85240764299647
2024-07-05,KZTO,829.0,2990.0,-0.9689780583454211,-1.7609012865064286,0.22661117949871912,0.0,-0.026836200145518657,-0.4067599719685049,43.92870608330253,-0.00743810481168742,45.25632312054482,-0.023390249775020626,43.37056873699744,43.92870608330253,-0.035677701667719726,45.75642797956249,-0.1650241714055948,40.75563523253931
2024-07-09,AIRA,884.98,128440.0,-1.0059608733484764,0.8359300250865463,-0.7656804280662444,0.0,-0.0727813132715402,-1.2340169332777509,32.29144595817816,-0.03985368048851971,26.49751942692254,-0.06867486921953579,30.75930493452938,32.29144595817816,-0.13107895937564013,27.48302763033495,-0.31741159219991344,30.778663166087703
2024-07-09,KCEL,3020.0,14480.0,-1.0089526760357432,2.469820496647837,-0.9999999866666669,0.0,0.056941643014821824,1.101687809360686,65.94878375252313,-0.05292173867339438,20.5077837926838,-0.0011352727846105325,50.02294806570633,65.94878375252313,0.03959014243666561,61.32739280284958,0.006359636812782482,52.9151075099598
2024-07-09,KEGC,1483.99,49480.0,0.3630611968163649,0.7529000066413796,0.8367815130136118,0.0,-0.01970276704149278,-0.278320149061702,45.83487245490213,-0.006623716927027602,45.7734010462543,-0.015105462958773633,45.83207566041718,45.83487245490213,-0.019099762339026598,49.22210410011759,-0.1687302606620269,40.49961924289995
2024-07-09,KMGZ,12901.0,18550.0,2.535556723824308,1.6094359681781754,0.6800759312133253,0.0,0.06557105004779991,1.2570631377535328,68.01014105583822,0.03616938394095203,71.62996436834686,0.014457655737281324,54.69754577873793,68.01014105583822,0.04775168440861607,62.93765924591887,0.2184095369437339,67.34895436392819
2024-07-09,KZAP,19325.0,2240.0,2.669268658831996,0.38448115126302856,-0.577464787105733,0.0,-0.07757747489681513,-1.3203734099979232,31.16913232201881,-0.01485120844370521,40.60979448311187,-0.06271199716626626,32.30742546878634,31.16913232201881,-0.07180863929444137,38.38660299827057,0.053553249040021345,56.2641869773963
2024-07-09,KZTK,39335.0,2780.0,8.452454996374406,1.99003287634498,0.9989130325455226,0.0,-0.019299901638550478,-0.2710664242065569,45.94294270947504,-0.010036138500991686,43.61411713717725,-0.04765224324635155,36.38824958281488,45.94294270947504,-0.05486679352771574,41.797665444210224,-0.1365719484747418,42.73688436676662
2024-07-09,KZTO,827.99,11250.0,-1.0204086112142974,-0.3240133177223998,0.7566264148642883,0.0,-0.015728398749927403,-0.20676033317908318,46.902566427019224,-0.006814405779381201,45.65224144954884,-0.02553782139650872,42.73730677594894,46.902566427019224,-0.04171174806669892,44.50335899190032,-0.166345365143203,40.6643090507159
2024-07-10,AIRA,881.0,33190.0,-1.3244425657252428,-0.5557768319696225,-0.8014041322563547,0.0,-0.07622157225735543,-1.2959599344173105,31.484255703679786,-0.046293594490387904,23.4127180584553,-0.08371257904978109,27.046627374926103,31.484255703679786,-0.12773853530439802,28.04487141796377,-0.30018787588058304,31.83940918081213
2024-07-10,KCEL,2980.0,18700.0,-2.280831188326037,2.725575282532829,-0.9999999897959185,0.0,0.073171266112709,1.393907542291292,69.76947727095612,-0.029438891552146587,32.00343058319462,0.037589860977948225,61.45962225494388,69.76947727095612,0.05545128102695217,64.43093030995242,0.02113240918291251,53.96772305897023
2024-07-10,KEGC,1478.0,54730.0,-0.02645796192478417,0.8537434259056623,-0.6666665555555741,0.0,-0.01638760175698609,-0.21862950139746404,46.72525200935663,-0.0025864880683892926,48.34806026499254,-0.012400739416199517,46.64070787778848,46.72525200935663,-0.014369409004016575,50.21383897471425,-0.16352268885452242,40.8595012502609
2024-07-10,KMGZ,13294.0,38280.0,5.425088279810816,2.3338933799273036,0.9824253058305354,0.0,0.04857364827431393,0.9510192957736842,63.89042814777154,0.005380267921320275,53.441407570409595,-0.021895298093662058,43.81268479812173,63.89042814777154,0.012284077373489882,55.776291594681545,0.17797417208144978,64.753252768314
2024-07-10,KZAP,18650.0,6490.0,-1.142840276754934,1.384754008912905,-0.23260572967888274,0.0,-0.04523545789182518,-0.7380446944983229,39.10676019385386,0.013438917613515467,58.521112673786334,-0.043078581003446956,37.67082201729674,39.10676019385386,-0.05582050406400273,41.60321366507163,0.08731261862206902,58.62712165749626
2024-07-10,KZTK,39775.12,3900.0,8.393420690229423,1.8718007038902502,0.55905882298132,0.0,-0.03048370315133918,-0.47243447024833335,42.96055487218731,-0.022080813025272594,36.233995750051356,-0.05946796253537393,33.166532563232145,42.96055487218731,-0.07327815176365982,38.09553696601849,-0.14530633537860962,42.125877864506144
2024-07-10,KZTO,827.99,14410.0,-1.0057996015439845,-0.07645957826289021,0.9999994974876898,0.0,-0.02895756123022733,-0.44495578008333725,43.36502545537226,-0.008619896802104631,44.50781638582213,-0.030379684580386594,41.31856983458799,43.36502545537226,-0.044882662311695014,43.84755490433377,-0.16765866475363844,40.57359246012291
2024-07-11,AIRA,870.98,51410.0,-2.4015624045268233,0.0182554648738292,0.0457142835374168,0.0,-0.06968765355354142,-1.1783145666165395,33.02645596727738,-0.06688152912592166,15.286919087175239,-0.07533909542507676,29.079039735380135,33.02645596727738,-0.12234522868237818,28.96663599178212,-0.29171030425679956,32.36860199528223
2024-07-11,KCEL,2950.0,108570.0,-3.0711064568993316,4.104982775960408,-0.31618086745720986,0.0,0.09455667204735005,1.7789588508239564,74.40974520949385,-0.019550161420500478,37.743982048474514,0.07367909604519773,71.10989635578716,74.40974520949385,0.06836435969868174,66.87230409211872,0.01701552999730968,53.67469491910041
2024-07-11,KEGC,1478.05,20730.0,0.018396417206262936,-0.11708585626065905,-0.9818180033058341,0.0,-0.015240987374506201,-0.1979843301201172,47.033722374374,-0.0019616459749895324,48.747672641782195,-0.009767657837465981,47.42962429796762,47.033722374374,-0.01191720688670126,50.72793468143478,-0.16771252729760303,40.569873256438854
2024-07-11,KMGZ,13430.0,10140.0,5.245523539219291,1.0054544441992643,0.6999999965,0.0,0.03525679951305417,0.7112450283725391,60.50966191993332,-0.006692928057298869,45.72941992593773,-0.017023479771655498,45.259947820517475,60.50966191993332,0.00442074749731116,54.143988127407496,0.20988352096112722,66.80976349981175
2024-07-11,KZAP,18838.0,4080.0,-0.04658001519843575,0.884330803984336,0.8235311228887159,0.0,-0.05598092145730438,-0.9315203207886629,36.37991947313108,-0.014168380274925618,41.032129368909914,-0.04238633966804685,37.86650952304758,36.37991947313108,-0.06061583000082575,40.6295665738667,0.07495417186976006,57.76611345538498
2024-07-11,KZTK,39588.0,1530.0,6.456929995940007,0.6298341921384634,-0.22187893315371743,0.0,-0.03312741643691931,-0.5200354025434213,42.26214535654458,-0.01985032188686326,37.56356856870566,-0.05936413054460947,33.19421995512811,42.26214535654458,-0.0711955651544239,38.508282194743614,-0.14553263988125306,42.110078090463624
2024-07-11,KZTO,828.0,3690.0,-1.0243576787608863,-1.3532280517664272,0.0,0.0,-0.018320876466528635,-0.2534387521050521,46.205727223214105,-0.01250100069013118,42.068872273588866,-0.03075265700483086,41.20984758649347,46.205727223214105,-0.04180881642512076,44.483253820889864,-0.1659628536922015,40.690743160728736
2024-07-12,AIRA,868.8,80260.0,-2.53596205162417,0.4829952159263711,-0.3671294682877184,0.0,-0.07203691133912125,-1.2206137302229119,32.46752491572526,-0.02655416557046385,33.631589854087714,-0.05918892835218796,33.24096496549601,32.46752491572526,-0.12544968210120144,28.433866402473612,-0.29669137507673415,32.05711262457606
2024-07-12,KCEL,2894.9,48080.0,-3.8837720624333327,2.7659502385632466,-0.37853389569009066,0.0,0.09620312700989751,1.8086038171017331,74.74696551605109,0.031112876065022912,68.92716163874806,0.07567366808733693,71.60021673992061,74.74696551605109,0.0858409937536565,70.03544223034339,0.05283171458618799,56.21333253840574
2024-07-12,KEGC,1482.5,34830.0,0.3328042573847249,0.5076242127441776,0.044776112719976086,0.0,-0.01879453946840118,-0.2619672111500637,46.07856198495279,-0.0029928183302550438,48.088305365405894,-0.014437760646698251,46.03151150019231,46.07856198495279,-0.015493440001070696,49.97816808286657,-0.170368231216039,40.386632118155795
2024-07-12,KMGZ,13480.0,4630.0,4.238300270153869,0.2215246179050048,0.42848977813273464,0.0,0.030241684329518157,0.6209462204020751,59.207928705290136,-0.027926513117610983,32.851875871253824,-0.012259441382883545,46.68300409744901,59.207928705290136,0.00038505840516225853,53.30254973858458,0.24102728321793604,68.75701214926234
2024-07-12,KZAP,18960.5,2290.0,0.4732457585590601,0.30678595625197425,0.3535911582674522,0.0,-0.04647414461895093,-0.7603476588002169,38.788563492146714,-0.02055997447492134,37.13840506023519,-0.05117478111345097,35.413354551170016,38.788563492146714,-0.0613478707509304,40.48155809866815,0.06954635147924487,57.38783038753841
2024-07-12,KZTK,39105.0,1100.0,4.494367829252517,0.09531006412264714,-0.9999999979181846,0.0,-0.01618710796938645,-0.21501954442475774,46.77917288896822,-0.01506265366138786,40.479291889782864,-0.04323487862348621,37.62669407834994,46.77917288896822,-0.06392740287139022,39.961407038147016,-0.1270876166730597,43.4028654688413
2024-07-12,KZTO,827.99,6190.0,-1.0438343188070465,-0.8359224114147216,0.9963501831477801,0.0,-0.01955677472525258,-0.27569150911089585,45.87403100403047,-0.013459206354957523,41.4721626135733,-0.031584650857488704,40.96762992323549,45.87403100403047,-0.04902101374489422,42.99492295505472,-0.1684096892608741,40.52174406505223
2024-07-15,AIRA,860.0,55680.0,-3.36496582036808,-0.0342486735357142,-0.04479222640084738,0.0,-0.06459395533407161,-1.0866008450873967,34.25478776359573,-0.02935093207825766,32.05245805125114,-0.04013564045773348,38.50545855805768,34.25478776359573,-0.10433062938353635,32.171045432885094,-0.2846141565153193,32.81506485663576
2024-07-15,KCEL,2919.9,119920.0,-2.559067772477433,3.249953849666961,0.30804597347073803,0.0,0.09900745822182427,1.8590967282960098,75.31452573749608,0.0100991685543699,56.43152554588093,0.06773819561661437,69.62015785836935,75.31452573749608,0.08454199846211305,69.80631956636526,0.03804164485411263,55.16818576474506
2024-07-15,KEGC,1478.1,9800.0,0.011405880238601113,-0.8662839281742848,-0.9599998080000748,0.0,-0.015147856240798131,-0.19630747324823827,47.058787447384134,-0.0026744004529623967,48.29185243019275,-0.012148343755335779,46.71626346526029,47.058787447384134,-0.008435915396535387,51.457485008304616,-0.16525295585387928,40.73981614709028
2024-07-15,KMGZ,13450.0,25430.0,3.5101771502204526,1.924896230686207,0.4634146318857823,0.0,0.03844399746267776,0.7686315818382957,61.32938183452734,-0.018221615920221902,38.5465377794025,-0.003110482681300526,49.42906537569023,61.32938183452734,0.0005029488995102402,53.32715884130752,0.26230737888711875,70.05097107091196
2024-07-15,KZAP,19113.9,2240.0,1.1786170911265823,0.24685983630676356,0.9879472655821305,0.0,-0.039609021077655016,-0.6367388383320279,40.563417190952684,-0.02886512344294947,32.3239536159509,-0.06620375696420389,31.395887054329886,40.563417190952684,-0.06829123542976336,39.08664793377086,0.06746942395947683,57.24231434583389
2024-07-15,KZTK,38904.85,440.0,3.651090315604675,-0.9520069891211431,-0.9999999974368833,0.0,-0.01739792958598152,-0.23682078819326388,46.45365297911705,-0.02775296816086355,32.949967921838855,-0.02854801213220426,41.85371687665601,46.45365297911705,-0.051774712624069706,42.42983517238963,-0.12734596184920918,43.38469197349184
2024-07-15,KZTO,824.98,7650.0,-1.32831437547613,-0.5892366799911908,0.738146988336365,0.0,-0.019381076318540875,-0.2725280011738378,45.9211641740348,-0.011685754007696975,42.578394453120815,-0.02073883478464319,44.15537561419373,45.9211641740348,-0.03943690680139626,44.97503428144216,-0.16318792884637515,40.882669654220706
2024-07-16,AIRA,852.0,47190.0,-4.109866486869437,-0.12634025100548643,-0.06666666222222252,0.0,-0.0533428739101274,-0.8840214019878527,37.04206045270845,-0.014932276995305164,40.55974372315018,-0.024448138832997963,43.05834136631429,37.04206045270845,-0.10387418399284595,32.25463559262075,-0.2813072490498547,33.02419557102779
2024-07-16,KCEL,2867.99,86920.0,-3.683586074465481,2.6942782435249435,-0.6003076830721963,0.0,0.11743710021154695,2.1909285291801934,78.82747273840056,0.03888414048979716,73.02097356382205,0.11794584234702958,80.73891093866035,78.82747273840056,0.0881935883736839,70.44785817737058,0.05659060430270929,56.478117133293495
2024-07-16,KEGC,1478.0,15650.0,-0.0026110467270799593,-0.39819643904481766,-0.14326645511941866,0.0,-0.014407534312777883,-0.1829777320223369,47.258087513431185,-0.0023038678394226124,48.528784498843585,-0.011067857142857143,47.03987721585586,47.258087513431185,-0.0023050352256373946,52.74059171582781,-0.16530051173829927,40.736528181058006
2024-07-16,KMGZ,13401.0,1760.0,2.485635319005813,-0.9476105708411927,-0.9599999808000005,0.0,0.03968216311149486,0.7909251639528605,61.646131887307874,-0.019323503842996793,37.88044178034697,0.002662461490080698,51.164642795904506,61.646131887307874,0.0015692136514332614,53.54966175507832,0.32033913060859,73.41769114270863
2024-07-16,KZAP,19088.0,3180.0,0.8288708836737232,0.5972649112479251,0.3559896590703342,0.0,-0.03881184588672015,-0.6223854352992603,40.77121688197046,-0.04588211791003065,23.60215522872951,-0.060261067536821936,32.95543159649703,40.77121688197046,-0.060041753815245014,40.745756140091096,0.07253851202118175,57.597245161343835
2024-07-16,KZTK,39042.0,320.0,3.830587277127015,-1.2704595976036022,0.4698271376160395,0.0,-0.014813273068563575,-0.19028319254598433,47.14884844783992,-0.022894179345320426,35.754228976733785,-0.02495034267126245,42.910311408078414,47.14884844783992,-0.05758165034724509,41.24482427891276,-0.13158911776328788,43.086461824639386
2024-07-16,KZTO,824.49,3170.0,-1.3522106886538405,-1.4385280111522087,0.5887094400365265,0.0,-0.02462680120004928,-0.3669790130461579,44.51744757779787,-0.016556349682834235,39.56131975850858,-0.012875034913357706,46.4987676967537,44.51744757779787,-0.0332705013748759,46.257915507895824,-0.16391696091783148,40.83221928441066
2024-07-17,AIRA,842.5,38110.0,-5.03174670009939,-0.26179855277505754,-0.9019018116214386,0.0,-0.040095836277141916,-0.6455041070460711,40.43668458333744,0.013678481936790565,58.66992227856696,-0.016403547878102775,45.444738598124864,40.43668458333744,-0.10193982148744765,32.610137670965656,-0.2660254427488107,33.99927524146991
2024-07-17,KCEL,2900.0,84150.0,-2.0603130702554417,2.0898316310717804,0.8524559619563296,0.0,0.10054685276409421,1.8868140362891643,75.6224103980506,0.02669209085933224,66.45259151882257,0.1054756294471812,78.29857674538259,75.6224103980506,0.09205717022441162,71.11794517706448,0.04320740284619595,55.53379378409199
2024-07-17,KEGC,1478.01,10450.0,0.02358189329189531,-0.6962512045409617,0.006688962092140704,0.0,-0.013084213844806103,-0.15915090921813632,47.61454872003049,-0.001982263684020401,48.734483928123964,-0.010392482032630096,47.242285282654315,47.61454872003049,-0.002269353113468906,52.74805053916164,-0.16667754259185702,40.64135774364881
2024-07-17,KMGZ,13400.0,1630.0,2.3713190676845217,-1.0243440460330409,-0.4117646998269897,0.0,0.039460388533522864,0.7869320393094291,61.589468816433765,-0.014483925610045013,40.836793588796695,0.0008779969201611008,50.628266356684485,61.589468816433765,-0.0013636223643686343,52.93733831829509,0.33415614190950016,74.18274518733713
2024-07-17,KZAP,18949.0,1500.0,-0.008679055475560507,-0.20430020943696,0.8105682910739354,0.0,-0.03893094153312107,-0.6245297918117048,40.74015104198834,-0.028266045408435508,32.66039609151834,-0.050589453415894124,35.574537399917084,40.74015104198834,-0.04485219302103306,43.8538466806715,0.08818892275171367,58.687980179439826
2024-07-17,KZTK,39000.0,250.0,3.664339032935665,-1.5173184811361857,-0.20771160647640183,0.0,-0.013712210012210011,-0.17045818796474535,47.44535362608772,-0.017233638583638584,39.14745271572855,0.000219749694749697,50.43036655547651,47.44535362608772,-0.05911984126984127,40.93256192142747,-0.13846394993894998,42.60433616624073
2024-07-17,KZTO,823.0,5900.0,-1.5241019852408018,-0.7024240997742517,-0.3513512920014803,0.0,-0.02062375937819437,-0.2949029207649531,45.58796133637964,-0.014781072923296484,40.653111067156196,-0.0031643672009103348,49.41286551328914,45.58796133637964,-0.040743575575228064,44.703988020301644,-0.1634518086173311,40.86440646179141
2024-07-18,AIRA,814.99,105010.0,-7.454181138902759,0.7909070468593685,-0.3488480253933436,0.0,-0.0071681119127569495,-0.05262953677796503,49.21062254138465,0.06469337678113489,83.97663764985367,0.022066939262279393,56.954039475724485,49.21062254138465,-0.07641796275813688,37.476516044122434,-0.23769457205824118,35.84284030152038
2024-07-18,KCEL,2899.99,36900.0,-1.8001866052088766,0.7994103594693641,0.999491068715229,0.0,0.09871715723349246,1.8538697629642729,75.25617240516131,0.01566016168528672,59.89457699622277,0.10618637858056121,78.44347795936966,75.25617240516131,0.09238103062698033,71.17370301075336,0.03656744859191369,55.0637447879936
2024-07-18,KEGC,1478.99,24570.0,0.090187199272162,0.15867162914233254,-0.20040078152296742,0.0,-0.01508654597995179,-0.19520356171915565,47.075289143335176,-0.0030560637423414846,48.04788338344797,-0.010379403122808934,47.246205912621065,47.075289143335176,-0.000347441679687685,53.14960813490366,-0.16775726136090088,40.5667844557469
2024-07-18,KMGZ,13375.0,2310.0,2.045406085525296,-0.390928942304789,-0.8366012901020949,0.0,0.04127728452751818,0.8196458527434034,62.052743390925826,-0.008264619492656874,44.732590883477066,0.014732090936062899,54.7793220322507,62.052743390925826,0.00015993917816347486,53.25555267256763,0.342805715027444,74.6543065977004
2024-07-18,KZAP,18620.03,3510.0,-1.76971592544967,0.6458499190942288,-0.12429938461329823,0.0,-0.027908522630677165,-0.42606749305747554,43.64356712452636,-0.01984239980893069,37.5683257797411,-0.028357117975889516,41.90960187242641,43.64356712452636,-0.017374849920748794,49.58370814411986,0.11223232862781873,60.34683064133991
2024-07-18,KZTK,38905.0,1160.0,3.3465107633226814,0.017391722528892078,-0.432584268447797,0.0,-0.014355744405888987,-0.1820452376157635,47.27203307967551,-0.023425681605375732,35.442249003080015,-0.012396320350956683,46.642030610016505,47.27203307967551,-0.03387047519089031,46.13284922743407,-0.13497318564961855,42.848970539321876
2024-07-18,KZTO,819.8,3550.0,-1.8889736294744077,-1.210426335784193,0.39957109366896504,0.0,-0.0069868145347103065,-0.0493652175097803,49.259575867297556,-0.0062067891123270096,46.03848028726977,-0.0044875272520977574,49.01511723202473,49.259575867297556,-0.034582749373637374,45.98443691411776,-0.16117779588130282,41.02187378612007
2024-07-19,AIRA,847.99,111500.0,-3.483791562670053,0.8117482173817675,0.7101886613789021,0.0,-0.05194673542215708,-0.8588834666440591,37.39448639591657,0.022016875783950028,63.7337760912221,-0.028706796838162817,41.80724796271112,37.39448639591657,-0.11385602381036614,30.453201532062792,-0.2610494249660775,34.3197772806897
2024-07-19,KCEL,2992.5,53180.0,1.6142523395308819,1.1648809234909472,-0.10714285671768707,0.0,0.061843629908103596,1.189949705040236,67.12777514467297,-0.011218358395989902,42.871232415819996,0.06763166248955724,69.5930509568486,67.12777514467297,0.04919367167919799,63.2193098292924,-0.00043886800334169696,52.42975868052151
2024-07-19,KEGC,1481.92,11850.0,0.28507364121178075,-0.6478309612361537,0.9771427175510611,0.0,-0.01773073224611235,-0.2428130101860646,46.36423331667719,-0.005075693737510828,46.758708218081146,-0.013035496121719448,46.45075994572207,46.36423331667719,-0.005799048595901371,52.009678679745974,-0.1652959255774577,40.73684525999322
2024-07-19,KMGZ,13138.62,15890.0,0.1824426654968419,1.5375107910319181,-0.37554339172569,0.0,0.05664465098023264,1.096340369527566,65.8766964966181,0.0269975470986986,66.62671473235521,0.0385200368800057,61.724274475395845,65.8766964966181,0.018347754683738192,57.02673419095711,0.36189363897281085,75.67464343534897
2024-07-19,KZAP,18620.0,5420.0,-1.7377099138462713,1.0803294680832363,-0.21126760543542947,0.0,-0.036714968970044115,-0.5846304727296616,41.31937020595654,-0.011830364601981145,42.48789575279396,-0.02878795799021363,41.78350147034937,41.31937020595654,0.005808601861797255,54.43283398596309,0.11807712435851542,60.74667093691038
2024-07-19,KZTK,38617.71,510.0,1.9880716239798712,-0.7955607723519281,-0.9999580066766842,0.0,-0.010943110958368436,-0.12059964343222802,48.19179425087078,0.0007216082598348328,50.46490724872267,0.003935551174639352,51.547152929452544,48.19179425087078,-0.02001436628705177,49.03040063671962,-0.1274159475631529,43.379769079222484
2024-07-19,KZTO,819.0,11030.0,-1.9835692248660712,-0.07675940098065467,0.49874680466832133,0.0,-0.012104059829059828,-0.14150291191193118,47.87873039841453,-0.00880540293040293,44.3905402330206,-0.010088278388278443,47.333484303601786,47.87873039841453,-0.028653510378510355,47.2218001302206,-0.16260839438339444,40.922788222752914
2024-07-22,AIRA,837.0,42180.0,-4.158571649001474,-0.16032925938668025,0.06354514625116364,0.0,-0.039773860727086566,-0.6397068307519834,40.52049031193389,0.020029258405871265,62.5494976715394,-0.014052730841440517,46.146574167470746,40.52049031193389,-0.10115976275814988,32.75406967350105,-0.25195753541559995,34.9090710056706
2024-07-22,KCEL,2957.0,860.0,0.31589759941927564,-2.853475959039239,0.19297439796837934,0.0,0.06574199800312415,1.2601411122418245,68.05030697570993,0.0016743150501097007,51.07456820012345,0.08447014321679523,73.70154949310319,68.05030697570993,0.065549610823926,66.34727882754517,0.012888111610330183,53.38066165437208
2024-07-22,KEGC,1478.0,8050.000000000001,0.009705594446980978,-1.034485715866382,-0.1428571220324895,0.0,-0.01508293382305561,-0.19513852363927303,47.07626137765441,-0.0005535628369525217,49.64870892053641,-0.010991448117361581,47.06277203203951,47.07626137765441,-0.002414162209764377,52.71777955904944,-0.16702744163068925,40.61718640892742
2024-07-22,KMGZ,13239.98,7700.0,0.7675266929059988,0.8130415919985005,0.87626248205605,0.0,0.04919676766523677,0.9622387665464256,64.04558616444322,0.016997391073482002,60.714141077883134,0.04256109620915606,62.86580488605866,64.04558616444322,-0.00022758359679099505,53.174637906662625,0.3585527749778168,75.49808856975682
2024-07-22,KZAP,18612.0,1330.0,-1.6036821404225439,-0.39285402063083785,0.9445395347857712,0.0,-0.036821741733443776,-0.5865529516570357,41.29140501647612,-0.0164732177397071,39.61222323592109,-0.036963143593994656,39.412822807032505,41.29140501647612,-0.0031810797949094957,52.55742986000166,0.1107317920849836,60.2439537338441
2024-07-22,KZTK,37926.54,1630.0,-0.31578148024628305,0.5294014662061883,-0.9021712991718522,0.0,0.001997434774095974,0.1123991634476021,51.6853487408906,0.02226490953112444,63.88043219090862,0.022379044448256245,57.046044090501546,51.6853487408906,-0.020869127796599902,48.85126597489729,-0.0921997640099594,45.87141685928787
2024-07-22,KZTO,817.49,6460.0,-2.022764893658236,-0.5476009193627353,0.1035714100765408,0.0,-0.019429293470314767,-0.27339616694263347,45.90822862416355,-0.021666894808868117,36.47921094920255,0.0017905533624312953,50.90258948033127,45.90822862416355,-0.03170241675690611,46.58500578215167,-0.15895684090694182,41.17584491895558
2024-07-23,AIRA,841.5,49050.0,-3.418950703689637,-0.009435456045750393,0.3767208539773634,0.0,-0.04902986800780919,-0.8063643038961766,38.13508289629391,-0.0003534504710975294,49.776793486323946,-0.027441392920804657,42.177970221306374,38.13508289629391,-0.11022185722773958,31.102532700827734,-0.2615095068330362,34.290083131044035
2024-07-23,KCEL,2986.99,2770.0,1.3357545054904523,-1.9147327384666117,0.9999999721758495,0.0,0.06010971841138377,1.158730054932481,66.7131138507012,-0.01019921620942714,43.51146379469102,0.07530200903261058,71.50923411973339,66.7131138507012,0.05481362084153631,64.30827664727762,-0.007057170708081734,51.956832494272895
2024-07-23,KEGC,1478.45,12670.0,0.0375917468489656,-0.5809219667454977,0.3793102678884029,0.0,-0.014031173051249006,-0.17620122300139038,47.359440630137506,-0.003034531553047597,48.06164494749366,-0.01201281068708279,46.75684203601464,47.359440630137506,-0.0020873383052929517,52.7860961550179,-0.16674607979077188,40.63662277599075
2024-07-23,KMGZ,13177.0,1160.0,0.21958788602685037,-1.3645019277147497,0.5306122394835486,0.0,0.05808483080186616,1.122271283653636,66.22557302776332,0.021782249253449074,63.59481164963228,0.06270281484934663,68.32424619049932,66.22557302776332,0.0023228633104097965,53.7068450182435,0.3604900331385495,75.60057228392849
2024-07-23,KZAP,18261.99,4760.0,-3.417653318511797,0.8822134069586705,0.06673350698469806,0.0,-0.023558497448603912,-0.34774385058716206,44.8026832635331,0.0059222389548689355,53.78650119349842,-0.01993620970973834,44.393544464083455,44.8026832635331,0.0314806830940736,59.702480316868126,0.10724686274606426,60.00467850710168
2024-07-23,KZTK,38250.0,290.0,0.12514397169522293,-1.1970492990799093,0.9999999933333334,0.0,-0.004017390289449113,0.004100248365447308,50.06150369446164,0.013165266106442577,58.35093893617026,0.013480009337068092,54.406023416585484,50.06150369446164,-0.029651447245564892,47.01326139784875,-0.09457189542483659,45.70278851430864
2024-07-23,KZTO,812.99,6140.0,-2.5328845550096166,-0.5885087647544657,-0.001999999799998201,0.0,-0.013283597247432916,-0.16274087334207138,47.56082460891425,-0.006432541293289877,45.8949201377081,-0.006071961651649662,48.53899699038568,47.56082460891425,-0.028579104508792516,47.23735268997767,-0.15529592204906167,41.43001989302353
2024-07-24,AIRA,856.23,115710.0,-1.392189145268558,0.8729303966079904,-0.11481544285056237,0.0,-0.07563687856734086,-1.2854323311013398,31.620673603049386,-0.006492246645455229,45.856963649408534,-0.04869572338985466,36.0982473832592,31.620673603049386,-0.1295955508449833,27.731665769547746,-0.2861791073048352,32.71633301274603
2024-07-24,KCEL,2985.0,280.0,1.277849512677254,-2.853475959039239,0.882213646575519,0.0,0.06255507896625986,1.2027595806925684,67.29715199012686,-0.00944677155619374,43.98555923882034,0.08623246390683581,74.11030608961751,67.29715199012686,0.07720075376884421,68.49303073504001,0.00011771556193670984,52.469511977950056
2024-07-24,KEGC,1478.95,6510.0,0.04948766472504568,-1.0586514997443033,0.5855129606613894,0.0,-0.01503646542189684,-0.19430184470382098,47.088768832168356,-0.0020332908187222364,48.701843707771225,-0.011155391561044281,47.01365037435629,47.088768832168356,-0.00316262832865662,52.561288387017704,-0.16784446934413466,40.5607631275493
2024-07-24,KMGZ,13241.0,4780.0,0.6888012242956978,0.05151344675556752,0.9999999923664122,0.0,0.05478449809574156,1.062847701470053,65.42353077159844,0.011907452171765653,57.56624767323749,0.05495313090772649,66.27349366662636,65.42353077159844,0.003691693729073832,53.99214160958529,0.34768264541473515,74.91766802481564
2024-07-24,KZAP,18463.0,1370.0,-2.07039295093065,-0.4506564144547388,0.9999999950251232,0.0,-0.0354079137038555,-0.5610965102643901,41.662153935245925,-0.011517017711957678,42.68405409988134,-0.031792743100959614,40.90711616669369,41.662153935245925,0.017945917962050223,56.94412678558395,0.0824602139499935,58.28965429796378
2024-07-24,KZTK,38430.0,20.0,-0.6288254619328801,-2.853475959039239,0.9642857114158163,0.0,-0.00403682669789227,0.0037502894015124665,50.05625431728673,0.008810219880301848,55.61848823435641,0.0011760603695029938,50.71787202098557,50.05625431728673,-0.03439730679156909,46.02306972749487,-0.09591563882383553,45.60730889055663
2024-07-24,KZTO,812.99,78050.0,-2.4243582220393907,2.1230416810891044,0.12945205036123,0.0,-0.007271539581404111,-0.054491786167702456,49.18269601215197,-0.0015009262643461822,49.04242740431089,0.004788785039430185,51.803415314785376,49.18269601215197,-0.02533858206538004,47.91517625228845,-0.1530429969169265,41.586666917925186
2024-07-25,AIRA,869.88,115120.0,0.4214989304880042,0.8293618881185936,0.26282050516257266,0.0,-0.08802072896754229,-1.5084076543588805,28.801493623504452,-0.02464953606080318,34.728599593832044,-0.06847088339497295,30.81158165283736,28.801493623504452,-0.13950323575008705,26.097566083175273,-0.2985809277470127,31.939365218424303
2024-07-25,KCEL,2953.11,21280.0,0.33664621597659017,0.24896711742990785,-0.70509089627107,0.0,0.0780502646120772,1.4817555243334515,70.86947713055571,-0.0010257321579139826,49.34651199583051,0.07902260018937254,72.41207636223757,70.86947713055571,0.08420104810812035,69.74601673118221,-0.002417731355370184,52.28839620574708
2024-07-25,KEGC,1478.4,7640.0,-0.005298104891692737,-0.7531540727079861,0.7201015979385523,0.0,-0.015306060606060667,-0.19915599518165847,47.016209619863915,-0.002309632034632096,48.52509812809666,-0.011292009379509435,46.97272058910341,47.016209619863915,-0.057074891774891806,41.347855232842015,-0.16753658008658012,40.58202279545198
2024-07-25,KMGZ,13300.0,1840.0,1.0148706603619624,-0.9388575717877442,0.999999990909091,0.0,0.04541591478696742,0.894163259698604,63.09973776046276,0.0032995614035087723,52.11376840920296,0.04913569340016708,64.69223593276087,63.09973776046276,-0.0009870300751880223,53.016017424001085,0.33648483709273186,74.31026293614057
2024-07-25,KZAP,18300.04,1420.0,-2.8937960154266285,-0.4148103410727362,-0.9996272087622137,0.0,-0.02877417129246977,-0.4416537835853007,43.413689603407065,0.005479041417135549,53.50432595518437,-0.006754582561759042,48.33394704570831,43.413689603407065,0.015573916708066564,56.455730537265445,0.07165740658282191,57.535606502894176
2024-07-25,KZTK,38097.0,260.0,-1.528569802991235,-0.939102938421158,-0.9999999973482538,0.0,-0.0025087654070999194,0.03126353845256829,50.46893932650591,0.016997362090753303,60.71412337830762,0.014997864380022423,54.858492670717595,50.46893932650591,-0.0251246885769034,47.95994634898514,-0.07856947322436336,46.842073544088365
2024-07-25,KZTO,816.89,149140.0,-0.813566655758777,2.7705778635796436,0.6358313445063608,0.0,-0.009456472573972464,-0.09383222751428638,48.59288823456719,-0.011149904326455315,42.914163483184275,-0.0012826500750911674,49.978634560763716,48.59288823456719,-0.032244759348609604,46.4718426645764,-0.15785654771377386,41.25218867726753
2024-07-26,AIRA,868.95,113040.0,0.4095659019896068,0.8111285457556161,0.685714267903528,0.0,-0.10654011450601306,-1.8418553175270642,24.878306298631458,-0.026788922796807352,33.4975614495523,-0.06960580894018237,30.521354815887804,24.878306298631458,-0.1404404001545379,25.946263191179664,-0.2966887836715906,32.057274265295504
2024-07-26,KCEL,2967.01,260.0,0.7998039464602128,-2.853475959039239,-0.31996085322991025,0.0,0.0708987813208134,1.352990701834101,69.24917526878798,-0.004019386123211175,47.4325428310038,0.08609222224709888,74.07792997952437,69.24917526878798,0.08066576800127404,69.11675122679928,-0.00648323485088384,51.99785952343752
2024-07-26,KEGC,1478.4,7100.0,-0.011478575369857033,-0.7713446697527908,0.9999997041420994,0.0,-0.015953896103896165,-0.21082048763589792,46.84190243869047,-0.0015856060606061217,48.988246188722265,-0.010565981240981305,47.19027912411779,46.84190243869047,-0.053473665223665284,42.08216726852856,-0.16759493145743148,40.577993378041896
2024-07-26,KMGZ,13528.81,12700.0,2.7009921424417422,0.9929751550483767,0.99999999695873,0.0,0.022841119297755473,0.4876965987642931,57.263693155756016,-0.0090106175186773,44.260877314255964,0.03708783395237091,61.31650309118648,57.263693155756016,-0.017311664631796966,49.59695512411008,0.3383232775960786,74.41064312357022
2024-07-26,KZAP,18450.0,880.0,-2.0668849951743975,-0.8932994620331375,0.5473251006282918,0.0,-0.048420460704607045,-0.7953917237990532,38.29052438411711,-0.008846718931475029,44.36442890184434,0.00030134533488200554,50.45489886698801,38.29052438411711,0.004949283778552069,54.25402314135751,0.09947866821525359,59.46960848712782
2024-07-26,KZTK,38749.86,2960.0,-0.04745571935373938,1.8296279281399381,-0.0693371346619114,0.0,-0.024531365300416587,-0.36526065810134783,44.542914433442775,-0.007851359741318158,44.99431983606922,-0.008619816899246326,47.77396254591139,44.542914433442775,-0.03861596491666589,45.14547851525797,-0.08749898821385604,46.20585801407109
2024-07-26,KZTO,814.0,4600.0,-0.8209893757463739,-0.7082477072816252,0.21158909468049839,0.0,-0.008349180999180967,-0.07389507639806574,48.89175539458339,0.004666295191295225,52.98629588329739,-0.0011561005811005706,50.01668555013047,48.89175539458339,-0.028685581685581676,47.21509664620315,-0.15808190788190787,41.23654863980322
2024-07-29,AIRA,856.04,9860.0,-1.0463612108879754,-1.6920304336706191,-0.8764845085223021,0.0,-0.11063772305551658,-1.915634115023968,24.060226110815535,-0.03438361551121698,29.313305413832367,-0.05307896170850933,34.89129966564571,24.060226110815535,-0.14578427307951042,25.094459892871452,-0.27326272568853405,33.53573546799992
2024-07-29,KCEL,2969.99,620.0,0.9049523083428225,-2.853475959039239,-0.2417344107931191,0.0,0.06979961443940517,1.3331998385100419,68.99573473646257,-0.011058614189123647,42.97143280680354,0.08332501681503184,73.43373203842106,68.99573473646257,0.07920510562218244,68.85465607746156,-0.009756500044599464,51.76384010165417
2024-07-29,KEGC,1481.2,18350.0,0.18109403957988301,0.20927531890203302,0.7765041867472595,0.0,-0.017187673657995037,-0.23303506065339977,46.510157750582934,-0.004804854922435293,46.9313775920873,-0.011764915834008493,46.8310727632311,46.510157750582934,-0.05431969199147841,41.90932943247543,-0.16958216836198875,40.440842049985385
2024-07-29,KMGZ,13501.02,3080.0,2.1184665410139263,-0.4236952525061435,-0.36668210308258126,0.0,0.029039583478384045,0.5993019969006806,58.89390501590546,-0.022718483294842447,35.85762624508326,0.036669047259286394,61.19696447336405,58.89390501590546,-0.027743325592472022,47.412086087835675,0.330640544229427,73.98945330665558
2024-07-29,KZAP,18356.0,1430.0,-2.55394163465201,-0.4077927960146961,0.855999993152,0.0,-0.03453831142103096,-0.5454390334819555,41.89066238016243,-0.043829887896176846,24.562707446912697,0.004952843237970716,51.852678507488214,41.89066238016243,0.004160069195834067,54.08970302842587,0.12207589430556853,61.019400981530595
2024-07-29,KZTK,38874.08,30.0,0.24896296043445632,-2.853475959039239,0.9999999973758102,0.0,-0.02299658594564243,-0.3376264480858423,44.95285146418147,-0.03776784800794998,27.55060835406824,-0.005683640375969554,48.65566576312819,44.95285146418147,-0.04578801201783366,43.66069524461986,-0.08742258580067294,46.21129663991058
2024-07-29,KZTO,802.0,21700.0,-2.2465296089217697,1.12357376983163,-0.9230768639053265,0.0,0.0051215849265725255,0.16865052046837356,52.5276013981576,0.009836852313660284,56.26632831504147,0.007972918893243018,52.75880082833553,52.5276013981576,-0.01989001207299211,49.05646406708193,-0.14086598286030955,42.436209842267125
2024-07-30,AIRA,843.5,32049.999999999996,-2.3952312912069207,-0.5132243783330394,-0.6591796553134928,0.0,-0.09168971217809394,-1.5744689108309335,27.995570302980088,-0.024559805374431927,34.78069516867693,-0.03643665283540802,39.56413166869584,27.995570302980088,-0.13318149081209246,27.132998136161966,-0.25816140090891126,34.50645284640925
2024-07-30,KCEL,2964.68,12370.0,0.7255066167967571,-0.41831574202516697,0.5931654569574571,0.0,0.08049230800037097,1.525725323411845,71.41110827247029,0.009282842073375604,55.91698000122436,0.08100834247268006,72.88662363779343,71.41110827247029,0.08858201901819333,70.51563336312566,-0.020586196374201088,50.98908439485078
2024-07-30,KEGC,1478.0,13880.0,-0.05198345832864734,-0.08952968886857753,-0.06312291310252445,0.0,-0.016373415383293597,-0.21837407104602144,46.7290670483965,-0.004657150911785553,47.02557538449743,-0.008261556801340275,47.8814810765934,46.7290670483965,-0.05281158418712552,42.21756190698691,-0.16748103292737934,40.58585868761868
2024-07-30,KMGZ,13500.0,280.0,1.918651150432014,-2.622309902207198,0.12044817792214928,0.0,0.024303174603174604,0.5140213882127291,57.64978044536142,-0.02596071428571429,33.97157850165622,0.03645978835978836,61.13718291288915,57.64978044536142,-0.022240873015873068,48.563849246487464,0.31733518518518516,73.2494605194437
2024-07-30,KZAP,18420.0,870.0,-2.148852668658026,-0.9047281360899941,0.45725042229021345,0.0,-0.033666423659583264,-0.5297404059008334,42.12012118728675,-0.025428683883977045,34.277791100103336,-0.006061625562277029,48.54210220514847,42.12012118728675,0.006414429191872191,54.55882893711422,0.12317497285559176,61.09424217322839
2024-07-30,KZTK,38858.0,80.0,0.1706403609652341,-2.30880256695618,0.9050093130100324,0.0,-0.027998024635077494,-0.42767900625558697,43.619786561766574,-0.028001821222080885,32.80935623849405,-0.005234509777970585,48.790622517764305,43.619786561766574,-0.04739024194319243,43.33044685884103,-0.09720597989260049,45.515654134334184
2024-07-30,KZTO,809.98,150670.0,-1.071360762857464,3.0613527377871317,0.10888888283950852,0.0,-0.009511487487247394,-0.09482278922773082,48.57804170112025,0.00824943082074918,55.263788172597636,0.0001884583863916451,50.42095854469256,48.57804170112025,-0.02627526014751693,47.719160331600065,-0.1497759899421385,41.81412504877622
2024-07-31,AIRA,853.02,119950.0,-1.184151889381038,0.8065518550972394,0.1471365573948614,0.0,-0.10850013012590555,-1.8771460471718804,24.48468564734308,-0.02489486881901946,34.586351860092165,-0.0472942803216806,36.48796355663383,24.48468564734308,-0.13678773182340387,26.539188314532357,-0.26802408267098077,33.87095337969293
2024-07-31,KCEL,2964.99,480.0,1.1406895091651452,-2.853475959039239,-0.3040862295290643,0.0,0.07673142197219336,1.4580093263053209,70.57446576961422,0.026073641226446034,66.09867856292925,0.07912490154548028,72.43664930458135,70.57446576961422,0.09019151065152561,70.79549824366364,0.003506187148467066,52.711460043892544
2024-07-31,KEGC,1480.0,6610.0,0.026413516362366104,-0.7713246046579267,0.99999950000025,0.0,-0.017704011154011153,-0.24233188808296155,46.371412064379,-0.0039489703989704,47.47749808438043,-0.01092936507936508,47.08137519194001,46.371412064379,-0.05791400686400686,41.17729321576713,-0.17022614757614757,40.396429021682195
2024-07-31,KMGZ,13434.99,1530.0,1.2579364396366592,-0.5790316288829893,-0.9999999846177514,0.0,0.02451731449177184,0.5178770477482745,57.70625154023622,-0.017831720450001934,38.783277202925184,0.04139743233544507,62.53849643600663,57.70625154023622,-0.018791755633894035,49.286668569451614,0.38568432665287394,76.90680223757177
2024-07-31,KZAP,18301.01,750.0,-2.672359000898573,-0.990777461335154,-0.999999993887157,0.0,-0.012453664758271601,-0.14779766431802913,47.784486725075745,-0.0011774788477064964,49.24940044114342,-0.0058482247488586435,48.60621552373912,47.784486725075745,0.012800106876311619,55.88301511659425,0.1318434435616152,61.682660807652944
2024-07-31,KZTK,38874.0,2530.0,-0.047271725876105904,1.6726578855676366,0.2055172412375743,0.0,-0.030571257934670498,-0.4740109230869212,42.937378339781205,-0.027755822474073745,32.9483533861896,-0.008717089522437571,47.74477328070628,42.937378339781205,-0.043210508798878916,44.193134428728115,-0.09770849178175155,45.47996818553757
2024-07-31,KZTO,814.0,314650.0,-0.22714590869163187,3.797720643687793,0.10664432979775866,0.0,-0.01936248781248781,-0.27219330897293803,45.92615118843234,-0.00012833157833158984,49.92088722823046,0.00504115089115089,51.8791939352304,45.92615118843234,-0.0277174466674467,47.41749753885176,-0.15830968565968567,41.22074261741863
2024-08-01,AIRA,850.8,17670.0,-1.274894979186132,-1.3471950845592353,-0.0966057315136285,0.0,-0.11651530996037339,-2.021462011658073,22.919235829070068,-0.04230787102335053,25.29191338550515,-0.05027842870575594,35.660318412085054,22.919235829070068,-0.14279095249289184,25.56928752944461,-0.2540587984418026,34.77245860079373
2024-08-01,KCEL,2958.1,23360.0,0.9147653434438532,0.3422244987229912,-0.6582308831470153,0.0,0.07924998824857017,1.5033569452988065,71.1363238668213,0.05384079598766479,79.87705600900777,0.07922684489400375,72.4611227605674,71.1363238668213,0.09786654063392253,72.10831132521528,-0.0013095488416792478,52.367565213772416
2024-08-01,KEGC,1479.0,3700.0,-0.0508763624765999,-1.277546069933442,-0.49999987500003124,0.0,-0.016345180141021928,-0.21786568616819071,46.736660261999205,-0.004588669145819266,47.069256658164036,-0.010908714865256453,47.08756320109808,46.736660261999205,-0.05861650648765253,41.03466284674594,-0.16917479474548439,40.46894529708074
2024-08-01,KMGZ,13380.0,1380.0,0.8058210710155026,-0.6822152985252152,-0.9999999912349901,0.0,0.032910922485586164,0.6690067364343865,59.902494946617615,-0.019765906826108657,37.61427217755031,0.04214954623104849,62.75017971041772,59.902494946617615,-0.01865341483379603,49.31566840182183,0.36835935297885974,76.01387826423074
2024-08-01,KZAP,18450.0,1330.0,-1.7523951176827375,-0.39285399486090783,-0.15704401373032295,0.0,-0.02271511807975223,-0.3325585260458234,45.02810719378544,-0.024098170731707315,35.049283483278735,-0.022842305458768836,43.53249880857909,45.02810719378544,-0.0038435056136275625,52.41888506180407,0.13206807975222606,61.69786460221835
2024-08-01,KZTK,38848.0,180.0,-0.12374979965400865,-1.4978801233241519,0.8566978166458012,0.0,-0.03237518435710363,-0.5064912150943492,42.46056614667838,-0.028270423759838917,32.65793066754694,-0.012048095630344395,46.74627731651045,42.46056614667838,-0.04255759328992442,44.32822545614399,-0.09804102730054132,45.456355681571495
2024-08-01,KZTO,810.0,114630.0,-0.5878920389931555,2.7879674693953405,0.5555555493827161,0.0,-0.015681393298059954,-0.20591398446795528,46.915213136636844,-0.0001114197530864198,49.93171220523354,0.0038993386243386247,51.5362748664697,46.915213136636844,-0.03134034391534386,46.660574151076304,-0.15536040564373899,41.4255388505407
2024-08-02,AIRA,847.99,9920.0,-1.5404740544951554,-1.9245072411047577,-0.17183569389474013,0.0,-0.11113098481993935,-1.924515456272322,23.962996648632807,-0.04148352256231684,25.692791269338034,-0.04757666026123028,36.40929423814239,23.962996648632807,-0.14062939154250284,25.915820136343186,-0.2361380032090825,35.945413950290074
2024-08-02,KCEL,2963.0,2480.0,1.1956111877999573,-1.9005305711256302,-0.14878636003731463,0.0,0.06936719085654286,1.325413908847056,68.89571396815346,0.07740673826398599,87.88937717132967,0.06839801654265035,69.78774249431204,68.89571396815346,0.10830706317063893,73.83483866430107,-0.0033234283678596765,52.22368428586744
2024-08-02,KEGC,1480.0,8730.0,0.030357423712145195,-0.3395759742635539,0.5999997600000959,0.0,-0.01635742170742171,-0.21808609962095055,46.7333681580283,-0.0026000321750321567,48.339400402429604,-0.011589167739167738,46.88370806455821,46.7333681580283,-0.06335314242814244,40.07701278220269,-0.17108277563277563,40.337374724716454
2024-08-02,KMGZ,13443.0,360.0,1.2531481446426294,-2.025933852110822,0.9524405387679621,0.0,0.027984102365189174,0.5802977102853459,58.617583093912465,-0.009497860543458626,43.95333366750518,0.03795952735181702,61.56488129916033,58.617583093912465,-0.029011346939281556,47.14701154059222,0.35684542371140227,75.40752652782483
2024-08-02,KZAP,18336.0,1840.0,-2.2162288294952317,-0.01617283778841024,-0.096110389460508,0.0,-0.01758837779439869,-0.24024987118953037,46.40247924284336,-0.007379063824482673,45.293776873201814,-0.01724038996925114,45.19532129142003,46.40247924284336,-0.00793623992354359,51.56215489533702,0.14450522729161472,62.53598985484112
2024-08-02,KZTK,38549.0,680.0,-1.2051196826132107,0.35877730329320245,-0.9999999973863043,0.0,-0.020065776745902042,-0.28485625887977306,45.73752717487344,-0.025226263759544128,34.394641216429335,-0.00959050054620238,47.48275419469049,45.73752717487344,-0.03152219087683497,46.62261886091967,-0.07093408807261176,47.38690760401531
2024-08-02,KZTO,819.97,179610.0,0.7203212995038758,2.9564768366652125,0.2910500147251641,0.0,-0.030121298698307042,-0.4659092581815356,43.05651928487042,-0.012665496748719588,41.966264538687255,-0.01759666339902875,45.08920793909736,43.05651928487042,-0.038465053246237654,45.176823365428895,-0.16081266522333088,41.047175036056764
2024-08-05,AIRA,828.87,68040.0,-3.5433148622789643,0.23957307174356504,-0.40073258605375406,0.0,-0.08309946573849539,-1.4197986818769186,29.903879916526765,-0.004846322804943271,46.90493547508422,-0.029457206900157247,41.58783578718408,29.903879916526765,-0.12276855608639875,28.893639458122678,-0.2209694731984509,36.95159148592625
2024-08-05,KCEL,2945.0,7360.0,0.6316298327464237,-0.8127377674074757,-0.41547813402527295,0.0,0.0796366251650632,1.5103184708867554,71.22201085110181,0.06567309874147734,84.31129789836336,0.08029154404829274,72.71591752253848,71.22201085110181,0.12084853329560452,75.81535973216336,-0.003542329614358408,52.208042695229885
2024-08-05,KEGC,1478.0,28480.0,-0.13060199478320664,0.9377616933836606,-0.6666665555555741,0.0,-0.014172116974890995,-0.178738964973366,47.32148220131583,-0.0029164695964087033,48.13710539063672,-0.008884118929484288,47.69465522167205,47.32148220131583,-0.05937117350774319,40.88160864024156,-0.1700625894065339,40.40770757777947
2024-08-05,KMGZ,13230.0,2420.0,-0.42651958853170147,-0.1076303361447915,-0.9999999953051644,0.0,0.042506613756613756,0.8417803321976344,62.364963554762184,0.015101341647770192,59.550411086091124,0.058625037792894935,67.25340846716104,62.364963554762184,-0.013239814814814833,50.45066668858962,0.37930081254724113,76.58052671163901
2024-08-05,KZAP,17600.0,10750.0,-5.862262871536687,1.8620809112414114,0.14649681519331412,0.0,0.02009987373737371,0.4383395655959597,56.53745335841654,0.031512734487734485,69.14600354896912,0.018603156565656566,55.92987400168995,56.53745335841654,0.04418800505050514,62.237845914225076,0.19366103896103895,65.77166086450133
2024-08-05,KZTK,37508.69,1360.0,-3.8477785585738515,0.82667751672581,-0.9999999989912338,0.0,0.008041655110085387,0.2212273501346053,53.31354657783769,0.006441335275736062,54.11669022226262,0.02082035722847745,56.586089951204244,53.31354657783769,-0.007826539068531708,51.58513276001094,-0.042188287873137886,49.44262128078899
2024-08-05,KZTO,812.01,92510.0,-0.3455396269692334,2.293005222192877,-0.2632410859097993,0.0,-0.02431502793479555,-0.3613654322650239,44.60065416492297,-0.003822001649639537,47.558568563754015,-0.007231668226581762,48.19066995306079,44.60065416492297,-0.0299650015599151,46.94775917401757,-0.15495815977811672,41.45349371471739
2024-08-06,AIRA,825.0,62420.0,-3.5770579381867726,0.1533631366311966,-0.18699185471610638,0.0,-0.05328210678210678,-0.8829272697449753,37.05737145561538,0.009540656565656565,56.07962796922581,-0.03522445887445882,39.913262050879915,37.05737145561538,-0.09427987012987013,34.037358874174245,-0.22763174603174602,36.50820427878999
2024-08-06,KCEL,2999.99,41910.0,2.506807737476232,0.9267231869054068,0.6088755965868473,0.0,0.051143873627726974,0.9972970535389653,64.52851837084597,0.04742294445611123,77.10605336330562,0.06199214780715945,68.13897340530664,64.52851837084597,0.10132997382213504,72.68873705486844,-0.022964663808138608,50.8188523572401
2024-08-06,KEGC,1475.0,28620.0,-0.3243760585293612,0.8477630187932561,-0.99999980000004,0.0,-0.01231651869787463,-0.14532830413018194,47.821455609536,-0.001563606403013183,49.00232214692043,-0.007531598062953995,48.10061090566009,47.821455609536,-0.05740262308313156,41.28121425983517,-0.16830971213344095,40.52864495767325
2024-08-06,KMGZ,13185.0,1680.0,-0.8253249380637399,-0.49280531351356144,-0.9166666590277779,0.0,0.05088447369846687,0.9926264719984441,64.46434870145605,0.025633323852863103,65.84559905982172,0.06415631128446826,68.70136772297406,64.46434870145605,-0.01432606587572455,50.22292642462235,0.3791031800205862,76.57037438218491
2024-08-06,KZAP,18000.0,4070.0000000000005,-2.557933367291461,0.6906924864731454,0.6624365001155723,0.0,-0.015706904761904672,-0.20637332681413353,46.9083492862055,0.0007527777777777776,50.484856580261315,-0.005366428571428483,48.75098105645327,46.9083492862055,0.02466007936507928,58.318972663440775,0.1809793650793651,64.94942869886103
2024-08-06,KZTK,37872.0,470.0,-2.7774424668367126,-0.23582821893302658,0.9999999981884058,0.0,-0.025528909409137546,-0.3832217697845198,44.27686606195883,0.006732657372201075,54.301839270179656,0.015694541010320476,55.065906361334896,44.27686606195883,0.014567635343110633,56.248151915862756,-0.052205045567022754,48.72571815731204
2024-08-06,KZTO,818.79,56390.0,0.5180675262254556,1.621745335380303,0.8655555074691343,0.0,-0.0203351307009937,-0.2897060659483632,45.6653177635472,-0.0047667082931316905,46.95570342413845,-0.009590195898826278,47.48284556411291,45.6653177635472,-0.04135587696478946,44.577083722880715,-0.160211284130648,41.08885727161555
2024-08-07,AIRA,834.0,49310.0,-2.0156444634511663,-0.08239541917380892,0.6918335368387111,0.0,-0.002431294964028729,0.032658419408690194,50.48986061707686,0.005327557953637117,53.40782700363624,-0.04332943074112137,37.6000088767885,50.48986061707686,-0.09598214571200189,33.717559309853975,-0.2418916238437821,35.566912952319086
2024-08-07,KCEL,3050.0,8880.0,4.124187215810282,-0.8114284934211249,0.9999999857081608,0.0,0.028873497267759566,0.5963115597340616,58.85046082646467,0.05905323315118397,81.93698572125392,0.048085044236273744,64.40307014542384,58.85046082646467,0.08826324486078585,70.46001881903126,-0.039894886807181854,49.60680377983595
2024-08-07,KEGC,1478.0,8090.0,-0.051721710367564615,-0.41571249952259415,0.4285713673469475,0.0,-0.014431145692377025,-0.18340286272309128,47.251729774430665,-0.002586111111111111,48.34830128623968,-0.010254759219881006,47.283571780960706,47.251729774430665,-0.04755376527697233,43.296774545627805,-0.17080267091951795,40.35668153477226
2024-08-07,KMGZ,13230.32,1910.0,-0.8664030315991235,-0.21367407993414889,0.22159695648975256,0.0,0.045587972979237584,0.8972612243703932,63.14300695964681,0.024222008420389282,65.02837484842921,0.055785102096415976,66.4967865205212,63.14300695964681,-0.01777993920554008,49.49878146303878,0.3583573357330161,75.48773342561302
2024-08-07,KZAP,18327.0,3700.0,-0.4406225448162647,0.5953823574055519,-0.01319378720482251,0.0,-0.031431186227969664,-0.4894942164876206,42.70991371591958,-0.01229855722886088,42.19524450136037,-0.025445454078941557,42.76449606191996,42.70991371591958,0.02773543808640387,58.94454747382534,0.17217956216043465,64.37358310442521
2024-08-07,KZTK,37896.0,180.0,-2.5166580205220743,-1.0014450782092734,0.9999999970588236,0.0,-0.012972313700654423,-0.15713611010409176,47.64470278281958,0.013352246499190767,58.46723691002196,0.0076458093328106,52.660734210014695,47.64470278281958,0.019177602360344596,57.19720546652087,-0.05951610120932482,48.20277716674152
2024-08-07,KZTO,816.01,29170.0,0.16808705181181,0.8299624990915959,0.11333332074074012,0.0,-0.016684792057286835,-0.22398051107031072,46.6453396393797,0.005979960383110785,53.82323384415923,-0.00359075289012758,49.284681381845715,46.6453396393797,-0.03863037846952932,45.142484974043825,-0.15926267380593487,41.15463225045198
2024-08-08,AIRA,817.0,210050.0,-3.8525449196761006,1.3668222758174846,0.04596751869068094,0.0,0.014872374249577429,0.34421670796671655,55.14497551288229,0.02311609595694663,64.38173902267772,-0.043999322919702356,37.41116325555999,55.14497551288229,-0.0549667856657147,41.777265994999055,-0.2320288419692642,36.216812327922064
2024-08-08,KCEL,3125.0,10430.0,6.677854446702693,-0.4781784027901475,0.7667844468778484,0.0,0.00864701904761907,0.23212712809524952,53.47628934998034,0.0335595015873016,70.25265356288524,0.020696412698412728,56.549465251963625,53.47628934998034,0.07570944444444444,68.22250362701166,-0.06687375555555562,47.67690050235311
2024-08-08,KEGC,1476.03,4260.0,-0.19335019292411082,-0.9621682610850067,-0.9898988232493656,0.0,-0.013037733722988576,-0.15831401924834598,47.62707364601909,-0.0005755441881907623,49.6346397166634,-0.009616926081964374,47.47482874852181,47.62707364601909,-0.04730074044339657,43.34887939290365,-0.16885316349712853,40.49113790164717
2024-08-08,KMGZ,13150.06,690.0,-1.5948143640096053,-1.1177466249128358,-0.9985185061911421,0.0,0.04891262829472519,0.9571227431819167,63.974871069228676,0.028586303835200114,67.52500218245298,0.05748460234317481,66.9506203505546,63.974871069228676,-0.018526062192027137,49.3423652377616,0.359313138085386,75.5383474969504
2024-08-08,KZAP,18053.0,3140.0,-1.753139133878265,0.4312725050532305,-0.6617093232217104,0.0,-0.023925464373419005,-0.3543512114677603,44.704664047109674,0.005554992552792086,53.55269899981126,-0.022417825599931065,43.65803741015439,44.704664047109674,0.040883082067000254,61.584248318579284,0.18823547225145712,65.4210115116491
2024-08-08,KZTK,37850.0,40.0,-2.053316072411939,-2.4313997460789256,0.7252671756771677,0.0,-0.007140855192803672,-0.052138770518189846,49.2179822175068,0.03942022761107966,73.2905176428875,0.0037643968463651426,51.49573777997944,49.2179822175068,0.023072614853955675,57.99499340523653,-0.05761311830324371,48.33885938024589
2024-08-08,KZTO,812.0,7400.0,-0.30917149224797125,-0.7936602998288251,-0.9999998327759477,0.0,-0.008338218390804597,-0.07369769100761987,48.894714724741114,0.018964025725232623,61.90845729097838,-0.0011363163656266766,50.02263428109409,48.894714724741114,-0.03496208264915161,45.90542639187952,-0.15275666392993978,41.6065880448353
2024-08-09,AIRA,815.0,98540.0,-3.464503306003412,0.5120775217223036,0.3333333111111126,0.0,0.010024410848183854,0.25692752313056283,53.84629883437299,0.03052331044892396,68.60294507097082,-0.0603559791605804,32.930214735674454,53.84629883437299,-0.04020835280942642,44.814973774035124,-0.22768436313175577,36.50471148747652
2024-08-09,KCEL,3200.0,7720.0,8.934568467883182,-0.3897978153588132,0.6969696927456382,0.0,-0.014804960317460317,-0.19013351871236162,47.15108626082249,0.0099098710317461,56.3123269724513,-0.0035161210317460716,49.30711729139703,47.15108626082249,0.04437063492063492,62.27383673037473,-0.09512038690476196,45.663811624097015
2024-08-09,KEGC,1479.97,8430.0,0.07175685972839488,-0.18321057304794564,0.9849997537500752,0.0,-0.008965295915479215,-0.08498842928798436,48.72544973227531,-0.002572983287091531,48.35669508241007,-0.011650678510107086,46.86528523246279,48.72544973227531,-0.05468046493274051,41.835685922419145,-0.17223430861854666,40.25803437891729
2024-08-09,KMGZ,13350.0,8310.0,-0.03239508526499477,1.4888490257107272,0.8785616000056476,0.0,0.031151921705011656,0.6373353454708387,59.445211414089805,0.02512210183698948,65.55063040066244,0.04556507044765469,63.705243916742184,59.445211414089805,-0.029934140360263956,46.95420568737916,0.3316312867843766,74.04402039720705
2024-08-09,KZAP,18248.0,1110.0,-0.41014820633453275,-0.6085886470783545,0.9834710703162353,0.0,-0.03991058833148928,-0.6421686565012211,40.4848952505147,0.0001467723359985522,50.09697684669355,-0.02402427123998803,43.18337761993288,40.4848952505147,0.03424760773957407,60.259488943009906,0.16728286413644808,64.05132877111555
2024-08-09,KZTK,37676.0,50.0,-2.2457569590479105,-2.0281356639743944,-0.24451358340875168,0.0,0.0008198074392017467,0.09119559370238899,51.36759270942552,0.028649446955410926,67.56044384532773,0.013277729496441673,54.345667624497786,51.36759270942552,0.03270704271339424,59.949676403736675,-0.05837673079742567,48.2842504155081
2024-08-09,KZTO,811.7,6140.0,-0.3393020303744982,-0.9803138128839475,0.8775508413161728,0.0,-0.005517007563980025,-0.022900856763025765,49.6564925531042,0.014026186711800248,58.88562314367887,-0.002370190038152328,49.65163791174589,49.6564925531042,-0.035861054743033964,45.71826430159193,-0.15394183533090455,41.524149660130306
2024-08-12,AIRA,826.99,47880.0,-1.6598875222907428,-0.20968637149514313,0.2858455750990099,0.0,0.005988486689249988,0.18425937349217905,52.76107889062038,0.004702007663285265,53.00907272433532,-0.06855278649172744,30.79058591436472,52.76107889062038,-0.04813698715095498,43.17672958612287,-0.24719622320340523,35.21954107588849
2024-08-12,KCEL,3146.0,950.0,7.146140595898304,-2.3187444340514243,-0.9877519649431998,0.0,0.001375367814004179,0.10119864204013682,51.51751342607971,0.023463256945075124,64.58530542386234,0.022003425614789223,56.93531056183871,51.51751342607971,0.05425822788322789,64.20129394446448,-0.07364919979010887,47.19308877805756
2024-08-12,KEGC,1477.5,11810.0,-0.06302077379621648,0.2427024873628016,-0.573676598901772,0.0,-0.011362889775199444,-0.12815789989970275,48.07857815697309,-0.0015863588751913627,48.98776452102299,-0.011345155507211343,46.95679946152187,48.07857815697309,-0.05578034606397551,41.611396244592484,-0.17137961888647166,40.31691744180609
2024-08-12,KMGZ,13463.9,7290.0,0.8687003651835683,1.3578929683988372,0.7421428544923444,0.0,-0.005304210810283153,-0.01906938081569492,49.71396240821009,0.021626162458883345,63.50223872110383,0.03178174764393489,59.79230170081842,49.71396240821009,-0.03927248156062706,45.0091629896368,0.32256979266839003,73.54217785515665
2024-08-12,KZAP,18200.0,1070.0,-0.5186857536909618,-0.44516406128543734,-0.19075144408432984,0.0,-0.002547527472527473,0.030565614641352188,50.45847136979249,0.002343467643467643,51.50259543687955,-0.01710564713064713,45.23546486975681,50.45847136979249,0.04753495115995116,62.8952499512876,0.14867448107448097,62.815304934440995
2024-08-12,KZTK,37847.0,50.0,-1.6762188500635327,-1.8082775345458428,0.9256942910749731,0.0,-0.011693848823647091,-0.13411692705424766,47.98933097533869,0.033068346907200716,69.98918522652782,0.0030762724373532366,51.2889927917797,47.98933097533869,0.03893009128022141,61.19602259063428,-0.05944110180882836,48.2081398788163
2024-08-12,KZTO,811.0,9250.0,-0.4153870321655143,-0.5705184221978857,0.11504423760670109,0.0,-0.008391011978157477,-0.07464825701298297,48.88046329247165,0.008249214178067388,55.26365103976594,-0.006086893997220742,48.53451096745243,48.88046329247165,-0.015892238173526717,49.89455342494684,-0.1574005118117942,41.28384305328796
2024-08-13,AIRA,835.0,39900.0,-0.5676079776887484,-0.3365612183208255,0.2919354603277864,0.0,-0.011221689953426466,-0.1256155503972229,48.11665819221565,-0.003205548426955613,47.952353627878196,-0.08426019152171843,26.916867699218916,48.11665819221565,-0.03980191284098469,44.89928923267186,-0.26185113819979094,34.26804184702538
2024-08-13,KCEL,3150.0,410.0,7.087761114135891,-2.853475959039239,-0.7792604731926573,0.0,-0.0025111111111111115,0.031221303275845422,50.46830585450596,0.02580595238095238,65.94492865583342,0.017232936507936513,55.52328204194254,50.46830585450596,0.05196388888888882,63.75785514398804,-0.07209484126984125,47.30403701217637
2024-08-13,KEGC,1476.5,3580.0,-0.1285263158455501,-0.9853559401336259,-0.7499998125000469,0.0,-0.01076486435639839,-0.1173902543965544,48.239873784985264,-0.0015163295061788797,49.03257167845674,-0.010676043867146136,47.15729115138761,48.239873784985264,-0.05176173853331829,42.43249307693492,-0.17149942848004987,40.30866158398819
2024-08-13,KMGZ,13557.0,5500.0,1.73565983028614,1.0761380496058761,0.9873417659029002,0.0,0.009480479948857902,0.2471338673460101,53.70023072911522,0.026381968285580808,66.27534931172974,0.019818097573911914,56.28972690087151,53.70023072911522,-0.0468706123527821,43.43748842272551,0.29798981013147313,72.15000310474369
2024-08-13,KZAP,18060.0,2610.0,-1.0880132191394851,0.5774941788804406,-0.9999999955173032,0.0,-0.005861609449981497,-0.029105527721024947,49.56342817914367,0.0012692229605020303,50.815368149461406,0.005596613141380585,52.045953242318156,49.56342817914367,0.05001169250645991,63.37868793155875,0.1420173772609819,62.368918807556106
2024-08-13,KZTK,38224.71,3060.0,-0.6526669484679879,2.4093969377906688,0.9999999978934507,0.0,-0.01649088492757693,-0.2204891490518948,46.697477969147755,0.02277683437998237,64.18230113381226,-0.00917581966799559,47.60714006077762,46.697477969147755,0.03225044488892134,59.857698875502294,-0.08344617507609232,46.494474740635866
2024-08-13,KZTO,817.0,135200.0,0.33243998624754484,2.111606898385154,-0.036513543197082735,0.0,-0.015844444444444446,-0.20884977429887921,46.87134630440962,0.010857146257115658,56.908058204863835,-0.01835862378815255,44.86241484824171,46.87134630440962,-0.02277349721202233,48.45227500927002,-0.1646504551106448,40.781479614763214
2024-08-14,AIRA,840.6,63830.0,0.1621449849811466,0.133285070733955,0.546697007591286,0.0,-0.020163607627205087,-0.2866177362618611,45.71129822044088,-0.017928737976275443,38.72431943893644,-0.10095361731416339,23.154280685835698,45.71129822044088,-0.052399045749634644,42.301984756156756,-0.269086286156147,33.80285127753312
2024-08-14,KCEL,3238.0,32090.000000000004,8.934568467883182,1.448320666680922,0.8708249409373735,0.0,-0.03129478808200237,-0.4870383227465033,42.74597287294785,-0.0004537858956636595,49.71257199976616,-0.010746084443660073,47.136299879063884,42.74597287294785,0.020822499436257934,57.5345998530685,-0.111913876143416,44.47322643482513
2024-08-14,KEGC,1478.0,5010.0,-0.026908705992456247,-0.5379970292864784,-0.023136240838991,0.0,-0.01182141246214318,-0.13641375256573082,47.954935264676756,-0.003249109693494027,47.92451812989085,-0.011017857142857142,47.054858824175014,47.954935264676756,-0.052792158536847295,42.221536202320806,-0.17326083349442617,40.18735001467686
2024-08-14,KMGZ,13585.0,3190.0,1.8401381560474506,0.41333230791835845,0.9999999907140869,0.0,0.008778598594388069,0.23449626136372156,53.511652815584,0.038913709682130676,73.03588553605307,0.021738859824386142,56.857274069687826,53.511652815584,-0.05113936399857452,42.560045417535065,0.29086699046567466,71.73827405364977
2024-08-14,KZAP,18149.0,1240.0,-0.2744959286152852,-0.16674353549667956,-0.25833333225694444,0.0,-0.012519885655512963,-0.14898999347993153,47.76663718659829,-0.00530622247760382,46.61179892663485,-0.0015958504207236913,49.884461463843785,47.76663718659829,0.04376670866906831,62.15476974309081,0.14419697497435263,62.515305348779634
2024-08-14,KZTK,38500.0,660.0,0.21946824640353196,0.8754670626603358,0.999999997979798,0.0,-0.021725108225108224,-0.3147330710997748,45.29298350171278,0.015286637806637738,59.66463714286383,-0.01883603896103896,44.720423177607884,45.29298350171278,0.029250036075036075,59.251593105548594,-0.08635010822510823,46.28764929193888
2024-08-14,KZTO,823.0,66350.0,1.0393215387465318,0.9588159069942718,0.06666666222222252,0.0,-0.026767951165885595,-0.40553112651221357,43.946867801359566,-0.009835996836968945,43.74017606273403,-0.02682587658392639,42.358618454489665,43.946867801359566,-0.034326899747343216,46.037738714278355,-0.1716710278886767,40.296837942097994
2024-08-15,AIRA,838.0,39480.0,-0.14465399363740164,-0.46932197045315743,-0.8461537810650938,0.0,-0.018281872940106834,-0.25273648070875493,46.216200799925716,-0.01931636454900178,37.88474313960278,-0.09569602985187717,24.298453416075137,46.216200799925716,-0.049976055044133806,42.79872386353969,-0.25693440258362693,34.58590859756537
2024-08-15,KCEL,3237.96,910.0,7.3896934530674345,-2.1145200782587503,0.5167862192713576,0.0,-0.031015869603965823,-0.4820163032781732,42.81973365234201,0.008952915224694696,55.70865342195199,-0.0181210431141536,44.93310688867851,42.81973365234201,0.02235431348897511,57.848169688888916,-0.11260480627426209,44.42436861831865
2024-08-15,KEGC,1479.0,8280.0,0.04012065018629456,0.0024183775314793625,0.0,0.0,-0.008437496377861507,-0.07548522400753502,48.86791515250184,-0.0027451471393155273,48.24662282171471,-0.011030158730158729,47.05117282359744,48.86791515250184,-0.05178378167358898,42.42797729031735,-0.17604008419459738,39.99618198445807
2024-08-15,KMGZ,13560.0,1790.0,1.5906680595401554,-0.27856183162221343,0.0,0.0,0.009185882848714733,0.2418295490998781,53.6210924536864,0.03831928290490237,72.73511511539328,0.02363060823149319,57.41449418136939,53.6210924536864,-0.052892081050709354,42.201094121873005,0.30824477103525777,72.73626949644982
2024-08-15,KZAP,18200.0,1110.0,0.12990132033594412,-0.24981127464214067,-0.10447761102303506,0.0,-0.017983699633699543,-0.24736777168576368,46.29627993921305,-0.009197832722832804,44.142655284395495,-0.005478510378510329,48.71730182162846,46.29627993921305,0.03646340048840049,60.70364787395035,0.14289014041514042,62.42756277226755
2024-08-15,KZTK,39440.0,1320.0,2.6813059887340973,1.245214244919485,0.9933950187487729,0.0,-0.04609300685791558,-0.7534851473255039,38.88637062279313,-0.01630160420490035,39.717376994928436,-0.03790642647863743,39.14224025605004,38.88637062279313,0.003152239286519254,53.87973674526273,-0.1087902532277279,44.69423953924777
2024-08-15,KZTO,829.5,29280.0,1.7929926118263995,-0.37916523715317857,0.857142734693895,0.0,-0.029759011452682338,-0.459386156472883,43.15250482510828,-0.006986050833835638,45.54322581112878,-0.03679266626481817,39.46179443924187,43.15250482510828,-0.039616721920835825,44.937716608682635,-0.1754916465742415,40.0338818056445
2024-08-16,AIRA,841.99,43250.0,0.12043473310055758,-0.2559404630991682,-0.11234703978342049,0.0,-0.017072611332525356,-0.23096332541861775,46.54108372672962,-0.028844989788929777,32.33523127749302,-0.09297533216848144,24.905410640635694,46.54108372672962,-0.06000320765978257,40.75356137456018,-0.25073141537140753,34.98890134578351
2024-08-16,KCEL,3240.01,1430.0,6.768037937025564,-1.2646739571146115,0.5694323061218033,0.0,-0.02870851424963765,-0.44047160680857,43.43111537509296,-0.009094071696721755,44.208169834722426,-0.015439713047377984,45.732288317588356,43.43111537509296,0.03077069991161592,59.55914325533299,-0.11478475987948902,44.27028841526609
2024-08-16,KEGC,1480.0,6240.0,0.11077379429587283,-0.27132262544276947,0.33333322222225925,0.0,0.000995066495066494,0.09435119098210239,51.41489001813486,-0.0039676319176319115,47.46558367802654,-0.010869573144573146,47.09929259017409,51.41489001813486,-0.05415002145002146,41.94397626450475,-0.1764480694980695,39.96814459274391
2024-08-16,KMGZ,13720.0,9450.0,2.760148580098258,1.473592893801508,0.13250283075688027,0.0,-0.002850178166504699,0.02511628877396337,50.3767372019456,0.025087269193391645,65.53048841741558,0.009369671201814056,53.17729493222251,50.3767372019456,-0.06777863621639132,39.18905078534507,0.2951717201166181,71.98754644075485
2024-08-16,KZAP,18298.0,990.0,0.8382549485056139,-0.3429440150580445,0.7930569545463139,0.0,-0.01934146415515958,-0.27181477106773677,45.93179161532999,0.0017625387109702338,51.13101133889701,-0.01475583822154215,45.93648874090326,45.93179161532999,0.033443254879100326,60.09783191760382,0.15227977921084265,63.05615082403617
2024-08-16,KZTK,38853.1,110.0,1.0270556454075532,-1.2396856032212906,-0.9086014489853544,0.0,-0.03528009211170783,-0.5587950402120745,41.695719860609245,0.0034363258138010084,52.20114620535211,-0.022726105149706514,43.56685651696703,41.695719860609245,0.013648952554418177,56.058451944579005,-0.08028844762157233,46.71951272839727
2024-08-16,KZTO,825.19,4670.0,1.2293685154010625,-2.2161824465349924,-0.7591835185339617,0.0,-0.02810007555739454,-0.42951646687219797,43.59267534869321,-0.003033668551946794,48.06219651134329,-0.03549346606947864,39.83569394012702,43.59267534869321,-0.04090307381830495,44.67092403449197,-0.1717786018111847,40.2894263962566
2024-08-19,AIRA,833.03,46510.0,-0.88041858065202,-0.055819614921007725,-0.9986648198488117,0.0,-0.019535339858946718,-0.275305567252017,45.879780766057294,-0.020649710351710846,37.08478297662609,-0.057895118003905774,33.58717936116486,45.879780766057294,-0.06876505437026692,38.99207768613998,-0.25874961801333773,34.46839278193911
2024-08-19,KCEL,3228.0,660.0,5.8723910453911365,-1.3805863109334837,-0.003109368620936193,0.0,-0.03386579778131823,-0.5333302029192404,42.067620559486045,0.005757169410515134,53.68143200137933,-0.01954887885761493,44.50857293232918,42.067620559486045,0.04925858411518257,63.23196757369992,-0.11288771759013395,44.40436618534826
2024-08-19,KEGC,1479.0,18810.0,0.053622544826231376,0.846234432139221,-0.6666665555555741,0.0,0.007090489874110564,0.20410130539819832,53.057699266933255,-0.0026071428571428574,48.334853997774154,-0.010365930970089185,47.25024445947798,53.057699266933255,-0.04848854357835084,43.10440709281801,-0.17555879294246435,40.02926550250012
2024-08-19,KMGZ,13790.1,3450.0,2.6004295378357947,0.4659532068967333,0.40099999799500363,0.0,-0.01155432003324679,-0.13160466502444032,48.02695509968677,0.025594247995715327,65.82309565702079,0.008747495684447167,52.99093074672585,48.02695509968677,-0.06726888020253319,39.29098008685591,0.2862839350762676,71.47141261667377
2024-08-19,KZAP,18290.0,1010.0,1.0886056596938642,-0.29015369094190124,0.8387096706555672,0.0,-0.035034155840211065,-0.5543668762836041,41.760324310118186,0.017512594704366252,61.02832417564261,-0.026898269068881337,42.33736124338222,41.760324310118186,0.049201703810738705,63.220876171400654,0.17335747567844345,64.4509096796331
2024-08-19,KZTK,39197.0,330.0,1.9275765975031514,0.1823210731588774,0.9885386791159351,0.0,-0.04133389106754612,-0.6677956931182376,40.11495943314032,-0.011689470586305803,42.57606795714965,-0.05433619314484304,34.54858108528809,40.11495943314032,0.00890503359910521,55.07617390469435,-0.0998362973802255,45.328913663608084
2024-08-19,KZTO,819.8,2280.0,0.5677725308460867,-2.853475959039239,-0.8250949524594631,0.0,-0.018215654321417894,-0.25154419257294264,46.2339831816318,6.424040706799229e-05,50.04414953196833,-0.016897150098552825,45.29759404065814,46.2339831816318,-0.03611222065389539,45.66599401512795,-0.16532246986295532,40.7350100463927
2024-08-20,AIRA,834.5,57180.0,-0.6880663299731772,0.15071695785515907,-0.5510948402285678,0.0,-0.035674302880728884,-0.5658929355203579,41.592225059789435,-0.020007180185835048,37.46942461947055,0.0016330123541328338,50.85523457909581,41.592225059789435,-0.07287769765185881,38.17477106665994,-0.25578660256593144,34.660313734290845
2024-08-20,KCEL,3239.5,360.0,6.2106720855653625,-1.9867109739105617,0.6108949303150824,0.0,-0.03325960104317491,-0.5224154301081141,42.22730381516596,0.0006337012497029475,50.40864361633304,-0.02756013236904578,42.14314523099564,42.22730381516596,0.042773696153874365,61.95867420215823,-0.11821470808007312,44.02808217027403
2024-08-20,KEGC,1478.11,8490.0,-0.011758143107252485,0.03658574192259593,-0.8899995550003225,0.0,0.0017962927265653926,0.10877753434038312,51.6310840596002,-0.0013288797722487704,49.152515805764516,-0.009834232148454573,47.409660000235945,51.6310840596002,-0.047660758083601575,43.27474620461083,-0.17508010004839938,40.06217943291672
2024-08-20,KMGZ,13950.0,5540.0,3.499133549482842,0.9395731151930392,0.3840883123366153,0.0,-0.020167217101894522,-0.28668272604772393,45.71033054739967,0.01129855350742446,57.18498385476263,-0.004493266769073247,49.01339214076947,45.71033054739967,-0.07843780081925246,37.080440281575164,0.2909485407066053,71.74300882794093
2024-08-20,KZAP,18130.0,1990.0,0.26418894697506495,0.38802950491329335,-0.6273291886501293,0.0,-0.02086613194827481,-0.2992669190704856,45.52301860117174,0.025963888888888887,66.03568200170152,-0.016064543114543115,45.54584337448118,45.52301860117174,0.07473778727707306,68.04557690938198,0.180005950848808,64.88594015725965
2024-08-20,KZTK,39194.99,130.0,1.722570269919558,-0.7492336742163398,0.9999443582041161,0.0,-0.04031811486206017,-0.6495063065013044,40.37886107319522,-0.005567101606142674,46.445619202104,-0.041533573466672,38.10811876688962,40.37886107319522,0.024607905425145564,58.308335942398315,-0.10200727948923918,45.17488262968609
2024-08-20,KZTO,828.0,72360.0,1.5740737153215616,0.5242974407763776,0.7647058373702448,0.0,-0.014694254658385095,-0.18814022669727595,47.18088958391472,-0.01567517253278129,40.102014254422194,-0.026480020703933717,42.46021392009046,47.18088958391472,-0.04480188060731538,43.86423640835504,-0.16799261559696338,40.55053493034714
2024-08-21,AIRA,827.72,50960.0,-1.4612722764878547,-0.04386283495104107,-0.5955389891792546,0.0,-0.0374510214902824,-0.5978833418560513,41.126703061792504,-0.009522454223075238,43.937822445850074,0.006201814067175508,52.22759294330377,41.126703061792504,-0.06863700958226043,39.01762621344114,-0.2474500705514249,35.2029566615351
2024-08-21,KCEL,3244.97,490.0,6.34140284866708,-1.3837267581370678,0.9755813764422172,0.0,-0.039013369973435255,-0.626013943148382,40.71865409553762,-0.004975562977543002,46.82253631411506,-0.024548210364504962,43.028834222438405,40.71865409553762,0.024594383318093646,58.30557905903684,-0.1018700593179353,45.1846156866992
2024-08-21,KEGC,1477.05,8770.0,-0.08232446340087204,0.06903350892244606,-0.9099090901720647,0.0,0.0030129323490677533,0.13068353322995171,51.95924928858927,0.0007190589833984255,50.46327563646271,-0.00905317262851788,47.64393449016371,51.95924928858927,-0.04589554988949973,43.63851181130245,-0.17251846582070754,40.23846384079889
2024-08-21,KMGZ,14149.05,2950.0,4.6778088830546505,0.07020416354857016,0.9873333267511015,0.0,-0.034571950947909796,-0.5460447242919735,41.88181626510522,-0.003251523676248783,47.922975640822614,-0.02157901888836214,43.9063495194844,41.88181626510522,-0.09536249080579362,33.8338008175927,0.2718690432059969,70.62228116532235
2024-08-21,KZAP,18100.0,1320.0,0.19702951003857944,-0.02247281992619006,-0.15966386420450535,0.0,-0.021434782513373673,-0.3095056606149926,45.37071115926054,0.020040028939752694,62.55595720436491,-0.02182387748838025,43.83383187207105,45.37071115926054,0.06837949881610109,66.87511676240625,0.22674858151363672,67.87192164298389
2024-08-21,KZTK,39188.88,50.0,1.676166558569023,-1.4815933364784548,0.9999999971699448,0.0,-0.051350586456449535,-0.848149607299624,37.545382672000564,-0.0053902439234219425,46.558268966769425,-0.03692202163325042,39.424633635438674,37.545382672000564,0.03011255756370545,59.426126367216206,-0.09867851968648833,45.411094686090514
2024-08-21,KZTO,817.05,7610.0,0.15486419032115967,-2.087449172797406,-0.9909090008264628,0.0,-0.007599535713557098,-0.06039746503417566,49.09413715597374,-0.0002252699170359712,49.858838789946,-0.009887677285588923,47.393633476813896,49.09413715597374,-0.03644831208966049,45.59606477598355,-0.15616243680080188,41.369816622711994
2024-08-22,AIRA,824.0,63720.0,-1.6777864789889094,0.2397788427263362,-0.4500457882634459,0.0,-0.04201802666050239,-0.6801137807938552,39.93754044565922,-0.005045835259670211,46.7777403276715,0.0035023925104022188,51.4170249855336,39.93754044565922,-0.06187770072430267,40.374541538097404,-0.24129874402835574,35.60583310999906
2024-08-22,KCEL,3275.4,32520.000000000004,7.315762272281286,2.8114608978349263,0.9999999895178199,0.0,-0.02981112063375757,-0.46032439951680304,43.13869566723489,-0.015868940834561855,39.98290528252013,-0.033164884768708755,40.50879122810914,43.13869566723489,0.030027104795633808,59.40884534596014,-0.11139247303855294,44.51010354910069
2024-08-22,KEGC,1478.8,4630.0,0.04081909915310676,-0.5903022593692862,0.45799445582806875,0.0,0.0017845120024387352,0.10856541850520583,51.62790570140158,-0.0018071820351979629,48.84648538716843,-0.003487005873488126,49.31586999776411,51.62790570140158,-0.04532564198341853,43.75610396974835,-0.17506050572965637,40.06352688889986
2024-08-22,KMGZ,14115.0,3300.0,4.10047923945397,0.20624147904757492,-0.06256641000958699,0.0,-0.02761548546800938,-0.42079126200164346,43.721447104357864,-0.0009891786009479948,49.36990551298292,-0.02090556019432209,44.105935295315476,43.721447104357864,-0.09532462594673011,33.84091026207879,0.27128750484961967,70.5877163900933
2024-08-22,KZAP,18080.1,1840.0,0.15177611958107584,0.3283526619279994,-0.598666662675575,0.0,-0.004095106873618666,0.0027009355574214504,50.04051402449476,0.01474297884335351,59.32920507727607,-0.026166825424480056,42.552270329527325,50.04051402449476,0.07215988675789563,67.57365753993862,0.21178892764499574,66.93065205456848
2024-08-22,KZTK,38900.0,300.0,0.920435124538313,0.31015404770029914,-0.6352165653797537,0.0,-0.02466615354796589,-0.36768756508886563,44.506947329619436,-0.0010762343412086337,49.314192120484094,-0.02648487881013588,42.45878640382408,44.506947329619436,0.04297579467091035,61.99861555937707,-0.09602095931774596,45.599826702820245
2024-08-22,KZTO,825.87,3650.0,1.2165776122054373,-2.4626101423076547,0.9932125573289025,0.0,-0.014593864896873516,-0.1863326758305094,47.20791747882092,-0.0012503967100783236,49.20273801899035,-0.01816837045436069,44.91902301447969,47.20791747882092,-0.04833780146419909,43.13541430798667,-0.16803911525911783,40.547324706263176
2024-08-23,AIRA,819.9,78820.0,-1.7371636224392524,0.4524469534406929,-0.7428570367347155,0.0,-0.042164878556618414,-0.6827578977646901,39.8994911233098,-0.0057751916610039936,46.313122441946334,0.01951150532294882,56.19897836331952,39.8994911233098,-0.07411771775303605,37.92962592836697,-0.2390681555241928,35.75243232951885
2024-08-23,KCEL,3219.0,560.0,3.752877597384148,-1.2501968584570056,-0.49999999305555565,0.0,-0.009430599934910279,-0.09336638208883433,48.599870409222575,-0.0008300008136215031,49.47177907358162,-0.017004438305300372,45.26562182810146,48.599870409222575,0.04395258768620841,62.191432377171004,-0.09983944954807024,45.32868995193602
2024-08-23,KEGC,1477.99,4590.0,-0.014373213137027963,-0.598979097948092,0.19599996080001147,0.0,0.0023204541007376227,0.11821523328442629,51.77248545547498,-0.0019261433857457972,48.77038330702773,-0.007008587013336569,48.25766154754568,51.77248545547498,-0.043794728251700055,44.07232965711484,-0.1729353569578676,40.20975724974628
2024-08-23,KMGZ,14100.0,1010.0,3.7595474270239584,-1.0936469709840397,0.24999999687500005,0.0,-0.02686925869638633,-0.4073552021132445,43.91990946523787,-0.003324780479567698,47.87616783408504,-0.04620340256670046,36.79255076983479,43.91990946523787,-0.0985298801080716,33.24170496345601,0.2656159912191827,70.24938022093016
2024-08-23,KZAP,18378.0,4950.0,1.8413629570528594,1.3179739274638214,0.11819887407467378,0.0,-0.004962962315190523,-0.012925088770371847,49.80612464009588,-0.010672097461250214,43.21411430132027,-0.007673972373800973,48.05786487474926,49.80612464009588,0.05687864488596614,64.7047955308533,0.20323717566033922,66.38635625229423
2024-08-23,KZTK,39088.0,140.0,1.367928278509395,-0.5389943325868568,0.9999999973066875,0.0,-0.031381094510392504,-0.4885922985413968,42.7231554106664,-0.00988192682039387,43.711239922381395,-0.03888544708236685,38.862110575008145,42.7231554106664,0.035391034474916996,60.488906630467945,-0.10768273752672033,44.77265307141984
2024-08-23,KZTO,824.84,3270.0,1.1002835104355067,-2.1902167588270354,0.9638006869229541,0.0,-0.020621936972095817,-0.2948701077402637,45.58844969972738,-0.006059361834868639,46.13226776669027,-0.020606857799453978,44.19451994888492,45.58844969972738,-0.0462841662606235,43.558367424468116,-0.16686588964247429,40.62834599888888
2024-08-26,AIRA,818.0,23380.0,-1.471914362838929,-0.7628370307478413,-0.9999997500000625,0.0,-0.04068683684557773,-0.6561452677944456,40.28300078370871,-0.003954267085807456,47.47411639684109,0.014347651065316118,54.66475942019815,40.28300078370871,-0.08066385881165829,36.645931806034895,-0.23766056875072766,35.845079647380295
2024-08-26,KCEL,3255.0,640.0,4.894948646504565,-1.116667522468745,0.5618221136264214,0.0,-0.019224411162314384,-0.2697071932083098,45.96319760817749,-0.020121044546850996,37.40114426447917,-0.03050841013824885,41.281036439368314,45.96319760817749,0.026170839733742984,58.62663234954352,-0.10786232718894007,44.75993611635842
2024-08-26,KEGC,1479.0,26840.0,0.05472173770061081,1.1670322871692822,-0.49999987500003124,0.0,0.0022495951254064943,0.11693939399215743,51.753371657541656,-0.0026095238095238094,48.33333167838993,-0.007772908818699893,48.02816216739686,51.753371657541656,-0.044831612415080976,43.85809659835993,-0.17015214189123923,40.40153214019166
2024-08-26,KMGZ,14179.0,1610.0,4.189951868574488,-0.5114457393927987,0.7487548339927452,0.0,-0.03566944741104943,-0.5658055111825021,41.593499349961874,-0.008181143810934346,44.78543532341316,-0.030807284666458448,41.19393068010812,41.593499349961874,-0.09275247224545134,34.32554901859234,0.25939114224926874,69.8754652662278
2024-08-26,KZAP,18657.99,2890.0,3.236419547240442,0.7391721109348892,0.16464705833928278,0.0,-0.03893115843017243,-0.6245336971148681,40.740094471609865,-0.026084721298642408,33.90039669556085,-0.03354076318931311,40.399891203089176,40.740094471609865,0.03678781075637215,60.76852998159775,0.1843400169406549,65.16821125216268
2024-08-26,KZTK,38841.0,40.0,0.8356710161339838,-1.5040659732676966,-0.8387952537484606,0.0,-0.0328818297981637,-0.5156135338681203,42.32689810182741,-0.008814307414477338,44.384912418848835,-0.027656751058344094,42.114813783603026,42.32689810182741,0.05632918706423379,64.59948538825091,-0.1011677089195143,45.234439307683274
2024-08-26,KZTO,821.99,5890.0,0.7473765151582712,-1.6017596521998982,0.13392855149874044,0.0,-0.02035991004312612,-0.2901522262009123,45.65867573555957,-0.011733722400747547,42.548369828883196,-0.01722420489126563,45.2001429396728,45.65867573555957,-0.04373380496267577,44.08492410914565,-0.15753351499178242,41.274610287470814
2024-08-27,AIRA,819.98,60410.0,-1.1808339563683667,0.1864350797415768,0.991999801600047,0.0,-0.048370717510725164,-0.7944960811372609,38.303223003631224,-0.010506203200078073,43.31837469491231,0.009568508581510097,53.23683552057001,38.303223003631224,-0.08169303235038258,36.445772422917834,-0.23758829754655258,35.84983939593547
2024-08-27,KCEL,3250.0,380.0,4.701215483668673,-1.6379545022762294,0.7135491058851576,0.0,-0.01601626984126984,-0.21194354741167254,46.825124105298755,-0.013803571428571457,41.25831398805533,-0.03023732600732596,41.36009005051008,46.825124105298755,0.019258974358974307,57.21391216461977,-0.10608876678876678,44.88555379425583
2024-08-27,KEGC,1480.0,6130.0,0.13278953646816982,-0.30966493889351626,0.99999960000016,0.0,0.004051297726297757,0.14937964535704365,52.23919589978523,-0.0019278957528957525,48.76926232261016,-0.008485392535392535,47.814302687657324,52.23919589978523,-0.042850900900900865,44.267528349354734,-0.17372275847275856,40.15555610737984
2024-08-27,KMGZ,14143.99,2390.0,3.7829029981322004,0.09887286612395473,0.09974999875311956,0.0,-0.030650754169949355,-0.47544227910191095,42.916337658660275,-0.0021786559697793747,48.60886501931016,-0.027024503493474364,42.30030076235471,42.916337658660275,-0.067545093451942,39.23573766295731,0.24785418922728938,69.17545528203226
2024-08-27,KZAP,18648.0,1020.0,3.030254545485022,-0.44078093115428996,0.04285714255102041,0.0,-0.03339078721578721,-0.5247774805447596,42.19273308952328,-0.030944412269412268,31.170493886327588,-0.034675868725868725,40.071604355687775,42.19273308952328,0.03042398112398112,59.48908543081376,0.17915765765765765,64.8305693346245
2024-08-27,KZTK,39078.99,170.0,1.4530215644433928,-0.05715822168373206,0.9304861078802424,0.0,-0.041349319646292904,-0.6680734897826266,40.110955416939284,-0.012327210652614783,42.17735179024297,-0.031761554275803176,40.91618420668356,40.110955416939284,0.07863615991610844,68.75223781779424,-0.11016231668584207,44.59713232295436
2024-08-27,KZTO,817.18,78890.0,0.12576711524432543,0.993028579275018,0.045901635581828505,0.0,-0.011366131560841944,-0.12821626932263736,48.07770390916854,-0.005271282336816797,46.63406155178903,-0.01503057792244873,45.85443652505721,48.07770390916854,-0.042819647242141615,44.273995173050785,-0.14935519034294084,41.843447830666555
2024-08-28,AIRA,822.0,43030.0,-0.8388588628861212,-0.2283816596883338,0.8262380179740216,0.0,-0.05643532614992475,-0.9397020276045916,36.26637657853477,-0.023343282933611344,35.490534927884895,0.005837582551268683,52.11828243911872,36.26637657853477,-0.08695952670605955,35.42895993197837,-0.23318208202989227,36.14055447134311
2024-08-28,KCEL,3237.3,5320.0,3.9495888993890933,1.4975143200171182,-0.1764705834515913,0.0,-0.015212003389067665,-0.19746246387386923,47.04152288966557,-0.008337452175754979,44.686493728489125,-0.026113888226961677,42.56783509874709,47.04152288966557,0.03782890426766568,60.976491127931595,-0.10055793209508809,45.27770365689563
2024-08-28,KEGC,1481.97,8700.0,0.2620226506398005,0.061019738863472076,0.9899998350000365,0.0,0.002193203866025159,0.11592405071174697,51.73816007521446,-0.003930502135670781,47.489289390023316,-0.005755341032544555,48.63412259499367,51.73816007521446,-0.0457121391908518,43.67634818585368,-0.17620458477567025,39.984876456190705
2024-08-28,KMGZ,14140.0,1250.0,3.6070000925422687,-0.654405089189906,0.11101233347024639,0.0,-0.030543910105296244,-0.47351851637188075,42.944617222173996,-0.0001330150872230337,49.91788939364649,-0.02816010136727956,41.967301012795915,42.944617222173996,-0.06516938158101523,39.711765018948654,0.24539247996228197,69.02492716379798
2024-08-28,KZAP,18510.0,3540.0,2.235275202639553,0.8035414708702452,-0.938625935322573,0.0,-0.02036801986056443,-0.29029824614676353,45.65650195695315,-0.024751919811684717,34.669202581036195,-0.02999523616577903,41.430726010289874,45.65650195695315,0.04104255936302127,61.61588570141126,0.2544315929613337,69.57564971136318
2024-08-28,KZTK,39080.0,20.0,1.4405200919764307,-2.1971982444362803,0.8611062854227349,0.0,-0.045984619258826014,-0.7515335927473161,38.91420130865098,-0.007718897743334795,45.07827110927563,-0.032458121314032265,40.713808110535176,38.91420130865098,0.08073818987506295,69.12971452974847,-0.11789451917921726,44.05068050617711
2024-08-28,KZTO,819.0,42350.0,0.24689640154706158,0.37094326728899274,0.42028982461667747,0.0,-0.020893406593406626,-0.29975800807903036,45.51571142093962,-0.0015267094017094073,49.02593017056843,-0.012415048840048841,46.636424756407294,45.51571142093962,-0.042586782661782674,44.32218424267699,-0.15168247863247863,41.681347038272335
2024-08-29,AIRA,822.0,36560.0,-0.5132493574613589,-0.31576418553831764,0.3084111861297901,0.0,-0.044047995597265674,-0.7166640430507537,39.41267074654547,-0.020872109257328214,36.95202486019081,0.011924672691461012,53.94162595606487,39.41267074654547,-0.08639238790406673,35.53784689298635,-0.2369314563781717,35.893111428082605
2024-08-29,KCEL,3232.0,3630.0,3.644313463976086,0.6188403440586694,0.6087587910986578,0.0,-0.006079836555084017,-0.033034778941873046,49.504494538068755,-0.0032184150557912935,47.94413176366793,-0.02155478154958353,43.91352910268815,49.504494538068755,0.03797969118340408,61.0065783520486,-0.10139446016030172,45.218352886145915
2024-08-29,KEGC,1480.0,12600.0,0.12200229361912926,0.4108362240959164,0.0,0.0,0.007581188331188333,0.2129364934498169,53.189709751849016,-0.0032752788502788503,47.90779674812195,0.0057022093522093534,52.07764999525216,53.189709751849016,-0.04093906048906055,44.66346464834638,-0.17435238095238093,40.112233061554825
2024-08-29,KMGZ,14138.0,1120.0,3.4833827677717624,-0.7642196566088703,0.5999999900000001,0.0,-0.03247713636782105,-0.5083268947748872,42.43365926246819,-0.004367887231754115,47.21011321295096,-0.028094478126045534,41.98652460531313,42.43365926246819,-0.049501096672931455,42.89626912094016,0.24759131688323952,69.1594005615088
2024-08-29,KZAP,18394.0,2590.0,1.454721157450784,0.341891898685632,0.2455809454555913,0.0,-0.013186085956255577,-0.1609851502859229,47.58709845258302,-0.020703332651606544,37.0527559038504,-0.019835436589916246,44.42346605981588,47.58709845258302,0.05323012731894976,64.00288274566127,0.2637714637795969,70.1388619974547
2024-08-29,KZTK,38960.0,40.0,1.374642214441693,-1.4758975134455978,0.014084506992660187,0.0,-0.03583132068707018,-0.568720093067866,41.55102270488975,-0.011839849581174016,42.48196171408472,-0.03326360451093511,40.48018091213898,41.55102270488975,0.07654533098660408,68.37428850446277,-0.11495813043903391,44.25803919027033
2024-08-29,KZTO,827.0,120270.0,1.0922961313802004,1.4147134816044602,0.7092554975223605,0.0,-0.02453178921709756,-0.3652682908614281,44.542801305881476,-0.008645552388629777,44.491593362085375,-0.025554857872209742,42.73229238988304,44.542801305881476,-0.05466136350549891,41.839584130851755,-0.15793762883629872,41.246561428770946
2024-09-02,AIRA,817.31,35610.0,-1.0217461140601312,-0.3420923843059141,-0.4378748553663445,0.0,-0.04708794423945521,-0.7713993240234235,38.631240969712124,-0.03603116055515445,28.44694208894467,0.004330512649607677,51.665787575926124,38.631240969712124,-0.06782738672043187,39.17930770039356,-0.22572282302201968,36.635016857030244
2024-09-02,KCEL,3224.75,1010.0,2.552886011427506,-0.660436054705108,0.5289593784071223,0.0,-0.018561339134201316,-0.25776836198590264,46.141163462647704,-0.002880252991187919,48.16025530402502,-0.028174092060784826,41.963202911073274,46.141163462647704,0.035688221586021814,60.54845927618494,-0.09362322592990478,45.77021524111237
2024-09-02,KEGC,1479.01,5910.0,0.04898247661939656,-0.35870277840573456,-0.7608369565266289,0.0,0.014322964744864195,0.33432440807974395,54.99811774013952,-0.0032995558966245377,47.89228479273158,0.011785557289877416,53.900053857868556,54.99811774013952,-0.03484560289041477,45.92968554195196,-0.17349422415551888,40.17128489865404
2024-09-02,KMGZ,14090.01,2770.0,3.0254623901811115,0.14129723800030544,-0.9195999816079917,0.0,-0.03171064096206497,-0.4945258914236919,42.63605936343073,-0.005456267206339826,46.51621116942776,-0.028230086370549416,41.94680237690632,42.63605936343073,-0.0406953373778402,44.713988722661426,0.25221742024347477,69.44125736984962
2024-09-02,KZAP,18229.95,3300.0,0.5227944571609723,0.5442042674695394,0.0651256196355479,0.0,0.003105885977275187,0.13235719405656962,51.984315158051494,-0.023678161624140534,35.29447974318988,-0.027101176850653573,42.277794873416255,51.984315158051494,0.08927005811276809,70.63546330669118,0.28566986585653975,71.43554187584544
2024-09-02,KZTK,38804.0,60.0,0.9840937227008956,-0.9490758557973997,-0.7736233424003197,0.0,-0.03426426182540501,-0.5405046798521427,41.96274799997373,-0.012847570697178986,41.85277320917187,-0.026761695079708738,42.377466972539544,41.96274799997373,0.08217226120527585,69.38578702802822,-0.11608630193581745,44.178347126706726
2024-09-02,KZTO,822.0,5750.0,0.223976534477469,-1.6258179992917083,-0.38120563996403595,0.0,-0.012908683814158262,-0.15599043294780995,47.66185008376284,-0.005086253041362497,46.75197783158869,-0.016183866295910117,45.51025219938805,47.66185008376284,-0.04390047792839762,44.05047021973314,-0.15800073572007878,41.242181799200885
2024-09-03,AIRA,816.9,56910.0,-1.0201528123664168,0.12675156092527523,0.42028979416089746,0.0,-0.055423863589994724,-0.9214903096029249,36.51931968135905,-0.05423327722691474,19.965780934174397,-0.009861779287550469,47.40139940878048,36.51931968135905,-0.06288965805688167,40.1703986042608,-0.21682354225323375,37.22863249996791
2024-09-03,KCEL,3198.0,2800.0,1.5933444094261902,0.8307649123346383,-0.37652580981139294,0.0,0.004502676524017993,0.1575068699342747,52.3608462449621,0.0054476689299859625,53.48434298531801,-0.015814337085678556,45.62048842158401,52.3608462449621,0.0476936641948837,62.92630808860037,-0.0852029944310432,46.369334767670814
2024-09-03,KEGC,1479.0,15720.0,0.051619102241210565,0.6320730129735,0.33333327777778704,0.0,0.014364608487072928,0.33507421743471605,55.00925224316893,-0.0026615385234553465,48.30007559217412,0.005877535496957392,52.13027383511935,55.00925224316893,-0.03700468302263428,45.480341121308385,-0.16283664477285162,40.90698602735095
2024-09-03,KMGZ,14100.0,610.0,2.9615542253917426,-1.4478785987143663,0.29032257648283044,0.0,-0.03527790442418102,-0.5587556501744277,41.69629441402702,-0.002300498142519445,48.530939525589176,-0.02606648936170213,42.58177271935155,41.69629441402702,-0.040967291455589264,44.6576130476175,0.24754557581897996,69.1566064889928
2024-09-03,KZAP,18219.99,1460.0,0.47366604186504957,-0.4501147085921565,0.10626517675444062,0.0,0.012027468714438334,0.29299324266028093,54.38361510199091,-0.014173269179960694,41.0291007567398,-0.021087043475325813,44.05213200154207,54.38361510199091,0.1254826961655589,76.5208132603427,0.30943852926818016,72.80401200853458
2024-09-03,KZTK,38600.0,1110.0,0.4718059390290119,2.1068377245816334,0.5624888389718231,0.0,-0.03169891644049675,-0.4943147875341722,42.6391572646934,-0.002907083230528826,48.14310514653923,-0.020586571675302246,44.20053744822634,42.6391572646934,0.08662238259725306,70.17278683780128,-0.1133488239164405,44.371768875021
2024-09-03,KZTO,814.49,48360.0,-0.6987281230456427,0.9232408272978075,0.26325009797415294,0.0,-0.013047285237602195,-0.15848599742877814,47.624499789844364,0.0025085851902262118,51.60818233779894,0.006606495578009949,52.349017942602835,47.624499789844364,-0.028695332350344088,47.21305860057128,-0.14039776016231406,42.468968710971524
2024-09-04,AIRA,813.5,64650.00000000001,-1.360792601007108,0.25426846781247003,-0.09090907910272236,0.0,-0.05734476858762354,-0.9560768395553817,36.039593182005994,-0.044588671573935895,24.20450938042556,-0.015657456512619405,45.66730133971191,36.039593182005994,-0.035752109735514716,45.74093985044133,-0.2093590008877962,37.7295417009601
2024-09-04,KCEL,3213.6,5590.0,1.7440917138590675,1.5221235232600863,0.9999999813049172,0.0,-0.00017015926360583813,0.07337091571943043,51.10038603057573,0.008609152471045675,55.49137666970263,-0.0247871800798985,42.95839155381338,51.10038603057573,0.04111539054257505,61.630330809340514,-0.09608388930379227,45.595356120013506
2024-09-04,KEGC,1481.0,13980.0,0.18073443854739574,0.5147670799107416,0.7163322755970933,0.0,0.015570631437359997,0.35678905962886087,55.331490716380735,-0.0053719095313119625,46.569949113602775,0.004985425441840026,51.86246182568135,55.331490716380735,-0.03902812342582768,45.05989153300854,-0.16525782504313904,40.73947949242923
2024-09-04,KMGZ,14150.0,2000.0,3.169682051426875,-0.2546418485117176,0.23076922899408286,0.0,-0.0391328804195412,-0.6281657682667389,40.687492650154475,-0.010444883336137753,43.35692772691828,-0.029947756464187562,41.44458358279591,40.687492650154475,-0.025821021930562564,47.81420905402389,0.27642063211621515,70.89199133639575
2024-09-04,KZAP,18119.5,2890.0,-0.7945206132018493,0.4115384835445358,0.13319740085733006,0.0,0.0280142407197893,0.5808403613302345,58.6254808454051,-0.00435430115192043,47.218782464041766,-0.01781494599127398,45.02421611387917,58.6254808454051,0.1171650646479698,75.24442509831191,0.31830390080054943,73.3037854835828
2024-09-04,KZTK,38699.0,1400.0,0.2786337404771627,2.33894994948445,-0.1572871570601917,0.0,-0.011229154489862132,-0.12574995184515086,48.114645033867845,-0.010914138803061644,43.062105398085194,-0.03445041570328916,40.136738343163756,48.114645033867845,0.08420276681609015,69.74632088472588,-0.11611011323864238,44.17666545945504
2024-09-04,KZTO,815.0,17480.0,-0.716054696489676,-0.09437341733789328,0.4997488448142191,0.0,-0.011379406466062936,-0.1284552883827203,48.07412393251399,-0.002683301684682042,48.28616155979178,-0.0003732155029700663,50.25208185346584,48.07412393251399,-0.02693962411140325,47.58017301918744,-0.14604679618268576,42.07418753983176
2024-09-05,AIRA,804.95,74210.0,-2.324793090450405,0.39217915352523186,-0.33911880246202397,0.0,-0.047360510881579,-0.776306976584842,38.561455439112486,-0.04132217277618546,25.771739748307475,-0.01427700064186187,46.07954809839845,38.561455439112486,-0.011810745811876345,50.75025117699315,-0.200702486918738,38.3137314131639
2024-09-05,KCEL,3218.73,490.0,0.02143696515420325,-0.9121936164212188,0.6564910883431436,0.0,-0.009582676615429369,-0.09610457303129971,48.55883070543739,0.0036174917036932487,52.31687096099169,-0.0077568068772466,48.03299619912937,48.55883070543739,0.03717880172496303,60.846677713039085,-0.1028298582160399,45.11654470278907
2024-09-05,KEGC,1480.0,15620.0,0.06606474469669465,0.6256914510940124,0.6666665555555741,0.0,0.012856424281424288,0.3079188618773724,54.60568985492669,-0.004700836550836552,46.997712761241786,0.005651801801801807,52.06251939738278,54.60568985492669,-0.035034405834405834,45.89036467334602,-0.16638381595881596,40.66165213993765
2024-09-05,KMGZ,14174.9,1010.0,3.151033040648246,-0.9378370759116664,-0.20091193929245277,0.0,-0.04122808668228334,-0.665890650159575,40.142421280890325,-0.016776201780544994,39.42680884062466,-0.02709940646259701,42.27831449834735,40.142421280890325,-0.031104386212741048,46.70982924903429,0.33871689450903997,74.43210141425479
2024-09-05,KZAP,18099.99,1470.0,-0.9827883601135519,-0.26445487588675276,-0.06258928543485497,0.0,0.052990380675427176,1.0305440237907686,64.98378220019619,0.011691391782931439,57.431061381374484,-0.0005145428809630089,50.2095883458551,64.98378220019619,0.13690600534664854,78.19816513388464,0.3197843097052223,73.38667025305429
2024-09-05,KZTK,38880.0,70.0,0.6100633068751999,-0.6567763517489791,0.9873737319533564,0.0,-0.009529350382128161,-0.09514441655942805,48.57322120630343,-0.01772010582010582,38.85114630086108,-0.019463786008230455,44.53385150534343,48.57322120630343,0.07418036449147561,67.94384167398617,-0.11608490593768372,44.17844571913693
2024-09-05,KZTO,819.88,304790.0,-0.12419151468136466,3.126981177008154,0.7286956204914943,0.0,-0.012409831887903042,-0.14700843898633614,47.796301985316184,-0.013504662819413754,41.44391582367022,-0.002585726366460095,49.58683406365861,47.796301985316184,-0.03846908777203943,45.17598533125527,-0.1498053680910331,41.81207809282484
2024-09-06,AIRA,806.98,40940.0,-1.8943864318507464,-0.2756716742218403,0.07384614816568372,0.0,-0.049149127208361065,-0.8085116052552158,38.10469176016203,-0.05469373481256987,19.778061589782382,-0.021876984736743404,43.81810702365876,38.10469176016203,-0.008982971628100401,51.34287537233069,-0.20814721491494648,37.811109835178435
2024-09-06,KCEL,3230.0,10810.0,-0.05601161658338365,2.4006693102231114,0.9999999166666736,0.0,-0.010019557472111652,-0.10397075738396104,48.4409442044283,7.660695857293663e-05,50.05206516501679,-0.008161167624944714,47.9116127424282,48.4409442044283,0.030604368765049877,59.525539309967854,-0.115527681949973,44.21780334514782
2024-09-06,KEGC,1479.0,3730.0,-0.009568029510203259,-0.8189394530246628,0.599999880000024,0.0,0.014214455552335876,0.3323706641714662,54.969102725821486,-0.0033487515695933548,47.86085219006247,0.006322302714189125,52.2637484723563,54.969102725821486,-0.031057493802118526,46.7196185936817,-0.16615733925754209,40.67730222740652
2024-09-06,KMGZ,14113.0,520.0,2.5387856371174364,-1.601710858390963,-0.1276827925820134,0.0,-0.046821583753130905,-0.7666034153502832,38.699482688150475,-0.008553721577201703,44.54966694605986,-0.02308311890759277,43.461315722921064,38.699482688150475,-0.022578049394962885,48.493215729209076,0.35853721177930065,75.49726407823798
2024-09-06,KZAP,18061.0,1720.0,-1.138889273665204,0.03852323456963918,0.4532374068112417,0.0,0.045578536911507206,0.8970913248492858,63.14063452431156,0.011667672187639245,57.41621351801158,0.017478807533200975,55.59629661047999,63.14063452431156,0.14343064737402259,79.11666613633692,0.3931737668553571,77.285531587418
2024-09-06,KZTK,38600.0,550.0,-0.1571846877743191,1.5224235547695741,0.29577464580440394,0.0,-0.021211507936507938,-0.3054855279952528,45.43050287978346,-0.013061220083888478,41.719710076179815,-0.01423641746854182,46.09167588630029,45.43050287978346,0.08089976971790443,69.15862598886021,-0.10886798256435562,44.6887371890383
2024-09-06,KZTO,822.0,280770.0,0.15517881970221456,3.0448930186926635,0.39879755523070703,0.0,-0.01987330842312593,-0.28139080305618347,45.789135791191356,-0.017283324643726092,39.11715190454779,-0.01248585331942995,46.61523216868858,45.789135791191356,-0.038145904298459106,45.243124226346595,-0.15063575483721472,41.7542316408549
2024-09-09,AIRA,790.0,57350.0,-4.016745521636281,0.14881749391751112,-0.7345132418356976,0.0,-0.03268823588507133,-0.5121278114185207,42.37796075170649,-0.031716902752662306,30.7477469931707,-0.0014075346594334508,49.941084201653254,42.37796075170649,0.0035111914808117345,53.95453524037277,-0.1883801838456901,39.1511272123233
2024-09-09,KCEL,3223.9,360.0,-0.5543820422668099,-1.0014389828585235,0.9999999489535503,0.0,-0.007826571755494827,-0.06448532407689749,49.03284078963511,-0.005426901374506012,46.534917025925026,-0.0048973796894917505,48.89193655597353,49.03284078963511,0.03318748966671046,60.04638246735169,-0.11555172857039467,44.2161047433763
2024-09-09,KEGC,1478.0,18540.0,-0.08151980745437845,0.7845807507056631,0.1135857208049597,0.0,0.015567189681465733,0.3567270896753895,55.33057173415572,-0.0019896798548016403,48.72974000307086,0.007650035440427874,52.66200131892861,55.33057173415572,-0.03108054213115106,46.71480695112085,-0.16510781783620077,40.7498513563784
2024-09-09,KMGZ,14050.0,1970.0,2.0121300364353627,-0.2697554657678749,-0.9999999886363637,0.0,-0.044702290572219396,-0.7284448405274188,39.24400887339927,-0.004089757385753827,47.38762012079235,-0.021957108964582275,43.79438490436213,39.24400887339927,-0.00936740665423937,51.262326760733636,0.36244242077613964,75.7035622497432
2024-09-09,KZAP,17846.0,920.0,-2.3584474476678103,-0.5502544224229133,-0.9999999953488372,0.0,0.07364754549060837,1.4024831100522113,69.87789061966564,0.022831881004858192,64.21469436168853,0.010236474493417226,53.43678520529848,69.87789061966564,0.15347722294267188,80.47466470196147,0.36293042151635957,75.7292585044409
2024-09-09,KZTK,38407.0,150.0,-0.6561348605687755,0.10536015788126452,-0.999999997368421,0.0,-0.016414798125011107,-0.21911918100080538,46.717938393596,-0.0033692666908024783,47.84774495795839,-0.017061148699331844,45.24872353428584,46.717938393596,0.08668629833929908,70.18400527398168,-0.10385484283618927,45.0438707903968
2024-09-09,KZTO,819.97,8780.0,-0.1334362155487098,-0.979400122360241,-0.07863089004338791,0.0,-0.01979364557665785,-0.2799564471516138,45.81049930400429,-0.017105822507830853,39.22543915067115,-0.013195656577447435,46.402848733455826,45.81049930400429,-0.03930513261131702,45.0023854425437,-0.14941551239969872,41.839244025185614
2024-09-10,AIRA,774.76,68040.0,-5.745229203140487,0.3197402832875876,-0.99999995678479,0.0,-0.017179111237315116,-0.232880891436454,46.51245903050401,-0.004921671227218739,46.85689379020313,0.012841456709174524,54.21545033629071,46.51245903050401,0.023840062585689673,58.15170657648005,-0.1601162137665571,41.095447852273935
2024-09-10,KCEL,3223.89,460.0,-0.6504216689646353,-0.7039525260344995,0.999275063455038,0.0,0.012243236963508621,0.29687822136483466,54.4414359237584,-0.002073057238305238,48.67640732752297,-0.0031832312937830256,49.407194234217755,54.4414359237584,0.0244649470271718,58.279186999132136,-0.11096996197583839,44.53999079375342
2024-09-10,KEGC,1478.98,31150.0,-0.005907746796011633,1.287632730346131,0.5951902614849219,0.0,0.014170437938029787,0.33157811246406127,54.95733159031919,-0.0017913000851938626,48.856645817242644,0.009488929097853172,53.21300704731168,54.95733159031919,-0.03585225256059143,45.72009630067749,-0.16508412372147518,40.7514897006377
2024-09-10,KMGZ,14104.9,1320.0,1.8991909258054738,-0.5085494232734312,-0.31187739224615585,0.0,-0.04248762733810729,-0.6885690963465375,39.81590982524078,-0.010087131776900201,43.58201222022314,-0.02318580754104701,43.43096972878024,39.81590982524078,-0.007991503251093525,51.55057922646032,0.38540745555383377,76.89271695468906
2024-09-10,KZAP,18010.0,770.0,-1.4119320740114072,-0.7282371592407885,0.992104457989023,0.0,0.06174951702317055,1.1882551714127705,67.10533589182552,0.009564325374791759,56.09455347183611,0.00615261561037519,52.21282908457782,67.10533589182552,0.14199900099591944,78.91759452715193,0.3823946528824374,76.7390581543413
2024-09-10,KZTK,38590.0,100.0,-0.18574387258484643,-0.3715620419559682,0.9841269815234736,0.0,-0.0211862537379122,-0.3050308177949904,45.43726665014479,-0.007599468774293859,45.15398640052145,-0.024264780846259208,43.11241917783274,45.43726665014479,0.08235616328763518,69.41853922229643,-0.11875794164949388,43.98974742347553
2024-09-10,KZTO,818.69,3330.0,-0.29399341449678196,-1.948892592089776,0.47599990480004084,0.0,-0.015004590948334645,-0.19372793426268076,47.09734839044328,-0.019359621468443566,37.85868416376659,-0.008484991310159305,47.81442309782331,47.09734839044328,-0.03902069259116439,45.0614343295041,-0.14740008176050523,41.97976191263924
2024-09-11,AIRA,779.4,44530.0,-4.797962206106472,-0.19161629393732865,0.30526314182825326,0.0,-0.018373627149089026,-0.2543885455954328,46.19156266976252,0.016095453462370353,60.161991747711866,0.0007637340078448327,50.5939148367566,46.19156266976252,0.018810501667949737,57.12181471143557,-0.17376570805381425,40.15260034422631
2024-09-11,KCEL,3249.85,26750.0,0.1237943050067357,3.5285997951724224,0.119741097740208,0.0,-0.0005302564819230672,0.06688724617694958,51.00317405314511,-0.017809912746888666,38.796534321240195,-0.01432773451570778,46.06438755002965,51.00317405314511,0.01911243463373525,57.18382452623536,-0.11996924101014672,43.904294683583885
2024-09-11,KEGC,1477.0,16840.0,-0.14446507759190466,0.6725757225238899,0.20481923598006868,0.0,-0.03881514518919729,-0.6224448403318301,40.770356166629064,-0.0006057605506657642,49.61529977374568,0.01036871285639058,53.47635670120299,40.770356166629064,-0.030501600466410893,46.83568693342396,-0.16438864439930792,40.79958819566461
2024-09-11,KMGZ,14040.0,2290.0,1.0010391629674014,0.14293272645857374,-0.9999999924213718,0.0,-0.03807856125356131,-0.6091824028954029,40.96265427607675,-0.000998728123728124,49.36379398973036,-0.018775457875457875,44.73843633762166,40.96265427607675,-0.00892215099715098,51.35561816505264,0.4060985958485959,77.92875046261291
2024-09-11,KZAP,18089.0,1970.0,-0.9622542397071523,0.2111595700311693,0.5444444414197531,0.0,0.04514854438854807,0.8893491672240952,63.032457642668206,-0.007557574782359093,45.18055158766846,0.007554410160695748,52.63332926705432,63.032457642668206,0.1144769646685217,74.82210376700074,0.3479774108530397,74.93352731819046
2024-09-11,KZTK,38380.0,1930.0,-0.7376986081039881,2.588538410870503,0.009786687599230938,0.0,-0.01522671385559617,-0.19772733069020362,47.03756381566175,-0.02556551341224348,34.19891187058107,-0.023542786835074485,43.32551557221439,47.03756381566175,0.08633241126744254,70.12186085588507,-0.12046766462360523,43.86914318498486
2024-09-11,KZTO,814.99,3340.0,-0.752924058891298,-1.9458942211235064,-0.9999997506235035,0.0,-0.012576147594176353,-0.15000300829803376,47.75147248760515,-0.002624634672701225,48.32367025545254,-0.011247745040011248,46.98598144609518,47.75147248760515,-0.03271110541915307,46.37456568336194,-0.14512762825797648,42.13835569864185
2024-09-12,AIRA,773.84,51500.0,-5.212268916113737,-0.04619776416178619,-0.10824741919305685,0.0,-0.01337116630483478,-0.16431758319002152,47.537230791923406,0.0894230726502669,90.80166246793651,0.02119333974949085,56.69626001492798,47.537230791923406,0.03665628176285155,60.7422287303125,-0.16557095540032069,40.717831556401606
2024-09-12,KCEL,3238.98,1130.0,-0.2465427271808898,0.16303863009906774,0.8799999482352993,0.0,0.004400032571982529,0.15565873162139854,52.33318525361229,-0.01899430286548176,38.078979595625526,-0.003508740244209688,49.309336126998076,52.33318525361229,0.021263361555033923,57.62490982158194,-0.12927019651101213,43.24938645393258
2024-09-12,KEGC,1477.0,4210.0,-0.13701586514596764,-0.7298738157538139,0.1594202667506707,0.0,-0.03524901263823065,-0.5582354440104654,41.70388248903685,-0.000673862183103828,49.57171184476928,0.014407985405852705,54.682742280478166,41.70388248903685,-0.025829748739938308,47.812382829818375,-0.1648271684345144,40.76925835333084
2024-09-12,KMGZ,13975.0,4780.0,0.2118694665359884,0.87882090270675,-0.9999999846153849,0.0,-0.03246340190816935,-0.5080796012852505,42.43728376090718,0.0021140400942726264,51.35586246937368,-0.016257229463043418,45.488372042442094,42.43728376090718,0.0025131428003521,53.746518715176926,0.39208786239600185,77.23089202769668
2024-09-12,KZAP,18360.0,3370.0,0.4949236613622025,0.7480383643576358,0.5999999981538462,0.0,0.027335784313725485,0.5686245292933934,58.44758476279228,-0.020120961718020542,37.40119391574968,-0.006581279178338002,48.385999962042895,58.44758476279228,0.10287485216308756,72.94519277458026,0.3480953781512605,74.93987245407129
2024-09-12,KZTK,38295.0,590.0,-1.192325278130473,1.4033865369731715,0.95999999616,0.0,-0.00950226857292075,-0.09465679962549584,48.58052953492354,-0.010340657116744072,43.42247527654648,-0.014061713576930968,46.143889285752365,48.58052953492354,0.09630632775632778,71.84438299409071,-0.11097072631637854,44.53993672288046
2024-09-12,KZTO,811.0,24730.0,-1.297697096322418,0.6331154114483452,0.42154733032918973,0.0,-0.0076726777640772625,-0.061714411850505725,49.074389580126756,0.002566150940441973,51.64499029638366,-0.00022243066564891535,50.2974185728187,49.074389580126756,-0.02845937506116298,47.26238005757146,-0.12689208991446965,43.41662113278114
2024-09-13,AIRA,765.0,61910.0,-5.879680359765748,0.18935624497723,0.016949151967825357,0.0,-0.022849439775910363,-0.3349770326211996,44.99219090152616,0.09801470588235295,92.48141498978421,0.023925513538748857,57.50119373117866,44.99219090152616,0.048845681605975695,63.1514217049126,-0.12814960317460317,43.32817058478199
2024-09-13,KCEL,3238.88,430.0,-0.33863984980378203,-0.8031418937749705,0.47720928012981106,0.0,0.004100972195758015,0.15027405061288943,52.25258491013419,-0.01428180248865178,40.96188335833597,-0.01815963168534055,44.92162347383104,52.25258491013419,0.019690003971586392,57.30238046292706,-0.12332852647868095,43.66749994423513
2024-09-13,KEGC,1478.0,3060.0,-0.0684489207733932,-1.048920482178935,0.599999880000024,0.0,-0.034919716691367564,-0.5523063615501347,41.79039573264465,-0.0012857089159524883,49.18014112753514,0.019780679060076894,56.27865360164284,41.79039573264465,-0.028580888480787003,47.23697979199396,-0.16653556017355076,40.651167308315586
2024-09-13,KMGZ,14030.0,380.0,0.4244256979682243,-1.6531975007004014,0.359223297483269,0.0,-0.04838761893448279,-0.7948003968633138,38.29890816889626,-0.0047714619466223225,46.952671974247025,-0.0227465943160348,43.560797901037894,38.29890816889626,0.003272078822025397,53.90471087956299,0.40949987809569066,78.09583277885446
2024-09-13,KZAP,18320.0,2029.9999999999998,0.21538587322791986,0.13142228650155832,-0.8490566005695978,0.0,0.02347908435572191,0.49918337068337,57.432273335052166,-0.025291727316836488,34.356830626304436,0.0028496794205309494,51.220903574292585,57.432273335052166,0.1080018593609205,73.78535868002946,0.3526849431621266,75.1859016792388
2024-09-13,KZTK,38199.0,130.0,-1.4096047955907554,-0.10919894939312341,0.9887640393889661,0.0,-0.011051050638323947,-0.12254313307822731,48.1626806500471,-0.003267177587545922,47.91297318546627,-0.013960329895197954,46.174193509448784,48.1626806500471,0.10021508918209027,72.50272202790707,-0.10068466081136504,45.26871152285802
2024-09-13,KZTO,809.99,2830.0,-1.3810075919656934,-1.5346081766723647,0.2627290974817648,0.0,-0.012609742634486765,-0.15060789811267028,47.7424175638665,0.007250122086555242,54.63041663037755,0.006719491064655504,52.38291742866489,47.7424175638665,-0.028498468612291324,47.25420807581437,-0.13060614927736713,43.15550595018197
2024-09-16,AIRA,767.05,26390.0,-5.19214158931104,-0.7197869745479304,-0.13447781584565743,0.0,-0.026162745904480412,-0.39463420556775586,44.10798920158934,0.0872493614993746,90.32614842752037,0.011779889325523575,53.89835997476658,44.10798920158934,0.04340187026052199,62.08276892520153,-0.1075016091333215,44.78547967846094
2024-09-16,KCEL,3215.0,4090.0,-1.0753790821894589,1.5888639578708588,-0.32703553020612736,0.0,0.018485757485990795,0.40927686851093176,56.108487301644814,-0.006372980078501074,45.93278974037998,0.0038741224172406177,51.52869996212329,56.108487301644814,0.024356311560393987,58.25703256475104,-0.1159519884470118,44.18783323291765
2024-09-16,KEGC,1479.0,24270.0,2.7211343544866146e-05,1.0219022167390668,0.43266469446064176,0.0,-0.036198137415885956,-0.575324749619809,41.45481404373047,0.004796981551241186,53.06963942075825,0.019132862455326895,56.08684628690123,41.45481404373047,-0.027980341446923594,47.36252737980579,-0.16473782478508642,40.77543710019088
2024-09-16,KMGZ,14030.0,1380.0,0.3150023196063655,-0.3635348659145506,0.9999999800000005,0.0,-0.04316944925273512,-0.7008455254784448,39.6395360418228,-0.006486520381495373,45.86060379991179,-0.02561588178393239,42.71433230427846,39.6395360418228,0.002250492991209316,53.69175441084333,0.40579656857753776,77.91386980348281
2024-09-16,KZAP,18301.04,1540.0,0.08960420152356233,-0.21269933063045776,-0.9895999950519913,0.0,0.030451271191526998,0.6247199011876726,59.26260276421602,-0.02963675618330727,31.89328871302427,0.012242315924590654,54.03652719360961,59.26260276421602,0.09639623587876239,71.85963318575335,0.3573658309504346,75.43515406766663
2024-09-16,KZTK,38380.0,30.0,-0.600780782347577,-1.504067778330446,0.9999999971181557,0.0,-0.017831045021795413,-0.24461917489752047,46.33728516239423,-0.0047248951586888015,46.98236902166575,-0.021287759621826843,43.99264312421668,46.33728516239423,0.09847876063922181,72.21146009251183,-0.11477575374078763,44.270924748927534
2024-09-16,KZTO,808.13,4140.0,-1.5762572332318383,-0.6828222009971053,-0.9888887057613608,0.0,-0.00669267732344654,-0.04406917971506153,49.33900081547409,0.012047754663470581,57.653972736345224,-0.0003847574470868323,50.24861150055521,49.33900081547409,-0.023270739959329996,48.3481263872026,-0.1134476823919773,44.36478083382687
2024-09-17,AIRA,773.0,43500.0,-4.168961637255462,-0.22001198034519626,0.09090908264462885,0.0,-0.026691193350992824,-0.40414907666219435,43.96729574007306,0.09047058050473317,91.02322967798354,-0.002328499558512496,49.66417284775477,43.96729574007306,0.03248450224850612,59.90485634237898,-0.10659488901209468,44.84969946096413
2024-09-17,KCEL,3225.75,280.0,-0.7046670982527588,-1.0926304331105476,0.7878260595538635,0.0,0.016609108162369032,0.3754871766095501,55.60860487277615,-0.010655655569210557,43.22444495134844,0.00078358595084938,50.5998830823138,55.60860487277615,0.019219635798983628,57.20583566702575,-0.11950442126784844,43.937081771003285
2024-09-17,KEGC,1480.25,7490.0,0.08621361829121704,-0.35527158704522027,0.49999992857143877,0.0,-0.04081807482380443,-0.6585082510083166,40.24889941753972,-0.00011263755854199137,49.93093270806621,0.02087393753200205,56.601920313845035,40.24889941753972,-0.027536522747927072,47.45533159098611,-0.1644621551486101,40.7945034478133
2024-09-17,KMGZ,14000.0,780.0,-0.3398687868285982,-0.8306754726900769,-0.5180722829147918,0.0,-0.04248611111111117,-0.6885417961778769,39.81630233969005,-0.030882301587301608,31.204621981033476,-0.023884126984126983,43.22473782422197,39.81630233969005,0.003415476190476191,53.934591805690744,0.39599920634920627,77.42726528295395
2024-09-17,KZAP,18229.98,1040.0,-0.3005666242671573,-0.6052603656784699,0.07346098750241979,0.0,0.0341379000585588,0.6910988735421535,60.22045693854001,0.008902421949735465,55.676752406038155,0.02646670993396072,58.24631869029362,60.22045693854001,0.08873506160495752,70.5423120937384,0.3468441098778209,74.87251572730275
2024-09-17,KZTK,38399.0,80.0,-0.5398227227628397,-0.5232462747898939,0.11170212736249434,0.0,-0.01369869142384247,-0.17021478130899398,47.4489952083544,-0.013011826779549897,41.75046211573806,0.0014026643385637132,50.78599204243683,47.4489952083544,0.09610772450051404,71.81067815715994,-0.11604721580464436,44.1811076038004
2024-09-17,KZTO,805.01,13640.0,-1.9478945456253762,0.5094799050976399,-0.1392693904943651,0.0,0.000776409318981125,0.09041419619093283,51.35588044060412,0.012221209043444804,57.76235951461884,0.005870317060046364,52.12810732625118,51.35588044060412,-0.02062507255159804,48.9024104789077,-0.0946918605763154,45.69426310195506
2024-09-18,AIRA,794.0,42400.0,-1.2486613344408002,-0.24562452588436465,0.901901856761667,0.0,-0.061810042581264275,-1.036475575004361,34.93527806724123,0.0537800897605054,79.85206142676358,-0.029214516612690398,41.6587598996571,34.93527806724123,0.006705760465395227,54.619396922538144,-0.126766456759026,43.425460189637505
2024-09-18,KCEL,3200.54,610.0,-1.482913696901609,-0.30192233365291726,-0.9992716314904895,0.0,0.029413855734761372,0.6060408926927927,58.99175478919291,-0.005386950518072286,46.560367042814974,0.0009232170717024951,50.641860990251466,58.99175478919291,0.02965191191694736,59.3329429656026,-0.11804196656397559,44.040273637704644
2024-09-18,KEGC,1480.0,5510.0,0.06676409406928246,-0.46077251209293385,0.4285713673469475,0.0,-0.042019723294723296,-0.6801443292542799,39.93710077832026,-1.5948090948090642e-05,49.99282211290822,0.017641344916344923,55.6445509333149,39.93710077832026,-0.023369465894465896,48.327449694477906,-0.160886036036036,41.042090521086706
2024-09-18,KMGZ,14063.0,1810.0,-0.04685138312897207,0.1912004115520051,0.9999999911504426,0.0,-0.050690915285975045,-0.8362720096440647,37.71263984499523,-0.01428588395869382,40.95935625873637,-0.028685338002796937,41.813527119952326,37.71263984499523,0.00247605359216857,53.73878590341715,0.3987726860082012,77.56578200608833
2024-09-18,KZAP,17999.99,2420.0,-1.5505113685721383,0.23928529353351052,0.241923457741545,0.0,0.03915653877016695,0.7814611238012033,61.511784582096986,0.010631356623019951,56.76623622963047,0.06371520046413234,68.58717613923939,61.511784582096986,0.09070022848359244,70.88363085789592,0.37803973817948405,76.51569323968049
2024-09-18,KZTK,37500.0,990.0,-2.79337598033041,2.0301681238344385,-0.9999999990548203,0.0,0.01032261904761905,0.2622968604140648,53.92635230043739,0.015948015873015874,60.071482783506525,0.03230071428571428,59.94226766648389,53.92635230043739,0.12194591428571427,75.98370877434026,-0.09135079999999997,45.931790581622764
2024-09-18,KZTO,815.0,245390.0,-0.7063320884352958,3.0860380657117714,-0.20705816909131033,0.0,-0.02023361817119481,-0.2878782992671515,45.692529497990606,-0.00026466306358944366,49.83362407862267,-0.001614541338007574,49.878841497118096,45.692529497990606,-0.03853693397604441,45.16189302268192,-0.11144406952965233,44.50645403000134
2024-09-19,AIRA,845.08,113870.0,5.381449255670557,0.7987315986526927,0.5725909982499523,0.0,-0.12028932211546052,-2.0894143490219634,22.20691861419596,-0.012311621798180516,42.18708603985541,-0.08796332305535465,26.049779677622986,22.20691861419596,-0.0503940944259246,42.712914691916346,-0.19596090066799354,38.635168603627
2024-09-19,KCEL,3186.0,340.0,-1.9224728537634395,-0.8864292661820677,-0.6396455320103325,0.0,0.04564417765222849,0.8982732081011179,63.157136735463126,-0.0020944018473679034,48.662754642979436,0.008661694018473682,52.96522336534936,63.157136735463126,0.02754449600932652,58.90578885470155,-0.11345594565509816,44.36419673595463
2024-09-19,KEGC,1479.9,8390.0,0.05628273120105321,-0.04029736701897117,0.266666577777868,0.0,-0.04602249983106973,-0.7522156449821433,38.9044738911445,2.006063794523106e-05,50.01587074870641,0.018373120288050288,55.86166825025337,38.9044738911445,-0.019989585605848584,49.03559438419596,-0.151680455404001,41.681487883081715
2024-09-19,KMGZ,14041.4,970.0,-0.3311228328352174,-0.4325847762477707,0.49011041754506823,0.0,-0.05455965229013249,-0.9059298992521614,36.73603036950483,-0.011396258349176479,42.75971252148901,-0.037093146762600636,39.37549213778442,36.73603036950483,0.003943815335421923,54.04466174914682,0.4044762766725428,77.84873562488829
2024-09-19,KZAP,18039.0,2150.0,-1.2894158855812563,0.12098570480257523,-0.15999999964444445,0.0,0.02621608875214812,0.5484640402916299,58.15351263665458,0.006729064342073655,54.29955644173873,0.051658792061644296,65.38224848835658,58.15351263665458,0.09191393138939702,71.09326386405175,0.4069542703771458,77.97086988156494
2024-09-19,KZTK,38000.0,970.0,-1.12748129573728,1.9720187584126199,-0.05630026794557569,0.0,0.00022061403508771837,0.08040691823728982,51.20586989430775,0.004486445279866333,52.8715717851544,-0.000715664160401001,50.14911584289366,51.20586989430775,0.10921530910609858,73.9817273700422,-0.11130885129490388,44.516018401663274
2024-09-19,KZTO,815.22,512580.00000000006,-0.48718728245844406,3.822645213810122,-0.3837455559190391,0.0,-0.015401536395083572,-0.2008750683481354,46.99051614489253,-0.004197858860185058,47.31861994103131,-0.006801671941316476,48.31980403210447,46.99051614489253,-0.03209494553617434,46.503098656912826,-0.11431306273153255,44.30361896101731
2024-09-20,AIRA,842.0,50690.0,4.565869832071515,-0.06704443305381527,-0.41593657004853757,0.0,-0.11969843154997549,-2.0787751689131087,22.31739218895456,-0.009881446291897598,43.711542635838654,-0.08865389567545148,25.890098807017818,22.31739218895456,-0.057547066696829165,41.251853181088464,-0.18559353579911778,39.34140989730419
2024-09-20,KCEL,3201.17,5340.0,-1.4494481349535637,1.8675925135973508,-0.605358993166505,0.0,0.045735525691474516,0.8999179597673278,63.18009668723824,-0.006557290546199624,45.81561875816107,0.004109437582370033,51.59938544751751,63.18009668723824,0.04058749896305269,61.52558411878356,-0.12000548440101591,43.90173839918177
2024-09-20,KEGC,1480.0,308470.0,0.056026683966065506,3.586276923779968,-0.09157064332500586,0.0,-0.0434135564135564,-0.7052407556641002,39.57645554373903,0.004021471471471453,52.574832896732325,0.018948659373659374,56.03227345569638,39.57645554373903,-0.008630394680394678,51.416742810013524,-0.15425019305019308,41.50270860947592
2024-09-20,KMGZ,14000.08,630.0,-0.5766506794145693,-0.7621386437956554,-0.9983838282991547,0.0,-0.052093526041529205,-0.8615264803068486,37.35736845154668,-0.00989694331905402,43.70178037361008,-0.036462317428480905,39.556751227095596,37.35736845154668,0.004290886696066934,54.11694641353127,0.41625461638178407,78.42494359604319
2024-09-20,KZAP,17905.0,2570.0,-1.9889265725459804,0.25075847504391857,-0.3137254886582084,0.0,0.043101991108274354,0.8525002983758904,62.5158085553281,0.011597418474045204,57.37222864249647,0.07483200012854438,71.39392461407618,62.5158085553281,0.09040222492608699,70.83202236440684,0.4380625064826267,79.46291509957457
2024-09-20,KZTK,38175.0,1110.0,-0.5384909483180621,2.035378892819263,0.9999999963636363,0.0,-0.00845710231702367,-0.07583823542814941,48.86262270845353,-0.0008171141672123994,49.48002671246877,-0.005562836405026976,48.69196363110253,48.86262270845353,0.10188793307761873,72.78153530954518,-0.12402853868462907,43.618192309529476
2024-09-20,KZTO,818.0,376090.0,-0.004674315842595716,3.1851196278784424,0.7333332844444478,0.0,-0.02004049753560756,-0.2844010983356004,45.74430504390989,-0.002755555555555556,48.23996877768202,-0.012618115224900122,46.57564795120064,45.74430504390989,-0.03009177048162378,46.92127982420435,-0.09464385260216557,45.697674793955706
2024-09-23,AIRA,836.0,33170.0,3.7406783365027696,-0.43204022378649026,-0.2727272479338866,0.0,-0.08935063416116049,-1.5323530373266914,28.50777546968398,0.003233242196400091,52.071392855525325,-0.08560485494038131,26.599915971186917,28.50777546968398,-0.060126589200273445,40.72857941682328,-0.16724492671071622,40.60216463712904
2024-09-23,KCEL,3203.0,460.0,-0.9058765770635724,-0.5841534815492796,-0.3370473443719369,0.0,0.04668174875736536,0.9169550190964134,63.417573005978,-0.004152551923048332,47.347537711991414,0.023711877877386767,57.43839131247416,63.417573005978,0.03301209134293743,60.01108670581916,-0.11757080242233224,44.07353033820782
2024-09-23,KEGC,1490.0,106660.0,0.6997403376904215,2.304084023554179,0.5384614970414233,0.0,-0.04994117396399275,-0.8227726691137706,37.903089733355685,0.0073194950463406835,54.674436741381015,0.011310096409928633,53.75793043918995,37.903089733355685,-0.015613326941514835,49.953031761223414,-0.15768839352295727,41.263859759993146
2024-09-23,KMGZ,13976.04,710.0,-0.7099441923568001,-0.5932480630274731,-0.9628571256632344,0.0,-0.0547311838042277,-0.909018380909176,36.69297393297679,-0.008259910082847974,44.73557186879658,-0.02874864340958498,41.79500383094084,36.69297393297679,0.0024470183869781323,53.73273216317429,0.4369542181305939,79.41106990747409
2024-09-23,KZAP,17806.98,3280.0,-2.4551718114152528,0.45067896922527834,-0.24233683636681236,0.0,0.05342164580833972,1.0383090951791727,65.08972393057415,0.02128733803100976,63.300943397881646,0.07880080725032974,72.35875481409188,65.08972393057415,0.09114530053463779,70.96060850573421,0.5028070938020078,82.32429742319488
2024-09-23,KZTK,38300.0,100.0,-0.10932737526917818,-0.3715620543696595,0.6666666648148148,0.0,0.020143288159476146,0.43912125662819085,56.54897792146883,-0.007969551162501554,44.9194369610892,-0.008891018069542872,47.69258519726054,56.54897792146883,0.09419996270048489,71.48566813513017,-0.1248673235525716,43.55912639360459
2024-09-23,KZTO,820.0,88710.0,0.24231705902092,1.435858846996808,-0.11347120662542656,0.0,-0.025530468447541615,-0.3832498407867432,44.27645051399582,-0.008698838559814164,44.45790220173201,-0.01184344754161824,46.80755534905699,44.27645051399582,-0.03748188153310105,45.38112394836816,-0.10463552071234998,44.98853299040146
2024-09-24,AIRA,845.0,36940.0,4.871047044170297,-0.253747536276743,0.8535680395210407,0.0,-0.09085306424344892,-1.5594047879893664,28.178130158507237,-0.02046179675025829,37.197107918163056,-0.09106086925894619,25.33853467511721,28.178130158507237,-0.07767418521649291,37.22997891268891,-0.16760693622616699,40.57716441198258
2024-09-24,KCEL,3200.0,140.0,-0.9960851560720746,-1.773719933647292,-0.4314357167405686,0.0,0.053007142857142864,1.0308458324177927,64.98790265670642,-0.01208531746031746,42.32846674217756,0.02007559523809524,56.36591139238085,64.98790265670642,0.03336686507936508,60.08246775815822,-0.11947638888888887,43.93905926628392
2024-09-24,KEGC,1484.04,264100.0,0.18000903041888494,2.9893136462731538,-0.4619492348498551,0.0,-0.0342312570512154,-0.5399104179742819,41.971431850202514,0.016803981345644668,60.59596448890845,-0.038669460488165455,38.92384886609523,41.971431850202514,-0.01083274375867161,50.95524599247814,-0.15309408955733442,41.58311252382173
2024-09-24,KMGZ,13605.07,8240.0,-3.323844586636045,1.858240630445772,0.6853147407628226,0.0,-0.028427332029792654,-0.43540882792009195,43.50576113499739,0.015292530007575043,59.668267686196565,-0.0020249909312519566,49.75542893677915,43.50576113499739,0.0299734993616584,59.398003586918534,0.4770299119331578,81.22434593746604
2024-09-24,KZAP,18441.0,5770.0,1.2864361197380685,1.0155073593680735,0.9757732361897047,0.0,0.03850986098522702,0.7698174763506408,61.34625559908303,-0.029878041553370982,31.75924984904429,0.02967084156421647,59.18044938338235,61.34625559908303,0.03997952504899796,61.404814654925474,0.4409566644975871,79.59784564533831
2024-09-24,KZTK,38002.0,440.0,-0.8574030955467602,1.1451299569057316,-0.9799999951,0.0,0.0335768826076823,0.6809975687443925,60.07517877704489,0.0024996714876325933,51.602482694633004,-0.00048695739071385677,50.21788261897385,60.07517877704489,0.1030273599217418,72.97042732761783,-0.11924845680636692,43.955139051336864
2024-09-24,KZTO,817.0,39190.0,-0.1329893466502892,0.1556823855457277,-0.1379310146650886,0.0,-0.022500048085329592,-0.3286861196471961,45.085625559594575,-0.0016087262730469867,48.97345344306851,-0.010262914553826427,47.281126873656014,45.085625559594575,-0.03507063492063492,45.88282004025661,-0.09414782401740782,45.732927477422514
2024-09-25,AIRA,838.86,32860.0,3.965039705114569,-0.3707862191040213,-0.17206622231344612,0.0,-0.06307891177141772,-1.059321984537974,34.62433828554963,-0.02753136722967566,33.07543857707708,-0.08627772623390245,26.442209193819377,34.62433828554963,-0.06471561637505777,39.80291205536315,-0.16785052463490707,40.560345046856604
2024-09-25,KCEL,3192.0,340.0,-1.235306107337542,-0.8680826211316787,-0.48871829521474836,0.0,0.06981597744360903,1.3334944598139102,68.9995160657734,-0.005399248120300758,46.55253287206377,0.02425238095238095,57.59723594472883,68.9995160657734,0.03885467836257309,61.18100272746646,-0.11416925647451964,44.313781462529285
2024-09-25,KEGC,1484.0,6220.0,0.11840163216129519,-0.7592381981801729,-0.33333329629630043,0.0,-0.03520482929020664,-0.5574399082126418,41.715487466122916,0.010994743935309961,56.99443005930662,-0.035046810422282124,39.96451469483215,41.715487466122916,-0.011562638514525249,50.80225854450663,-0.15244412997903561,41.6283351889912
2024-09-25,KMGZ,13900.33,1020.0,-0.45475836281823784,-0.23095571772247242,-0.9933999900660015,0.0,-0.05592805115914856,-0.9305683735799156,36.39314015448343,-0.0033714631697849672,47.846341632095196,-0.022348696658212257,43.67848982142074,36.39314015448343,0.00805982427743892,54.9007255455445,0.43879415475051126,79.49708816473897
2024-09-25,KZAP,18240.29,2610.0,0.1783468651820876,0.22218593696362687,-0.09497386897549798,0.0,0.047242676483788104,0.927054708375702,63.55804414200685,-0.013644922535301217,41.35679352736691,0.0390148146323592,61.86476627159219,63.55804414200685,0.05097713531505651,63.566412529870966,0.4334810671578276,79.24797000193351
2024-09-25,KZTK,38200.0,90.0,-0.29809299516627286,-0.575361704636418,0.9999999952380952,0.0,0.03078351408626278,0.6307020444193551,59.34922656368931,-0.0016695213163799554,48.934556498446646,-0.0021687110446272743,49.71221629889938,59.34922656368931,0.08321224964680454,69.57074614117123,-0.11705826892711707,44.10971309708589
2024-09-25,KZTO,817.0,2870.0,-0.12938315742634124,-2.653598511601472,-0.5948552098303568,0.0,-0.023680846010374772,-0.3499467769169657,44.76999865265565,0.01202359678265431,57.638871283562864,-0.010250154455907198,47.284952260054695,44.76999865265565,-0.022938175866021697,48.417781157975085,-0.08637732023858093,46.28571177644618
2024-09-26,AIRA,837.0,29380.0,3.7017064744164383,-0.40421573978447634,-0.18367343190337745,0.0,-0.04888734852363884,-0.8037981934356639,38.17141369837249,-0.035024803720771484,28.97430258380509,-0.10344561785287591,22.625285171476666,38.17141369837249,-0.0568649598907664,41.390559511700786,-0.16787561017238437,40.5586130589167
2024-09-26,KCEL,3188.09,490.0,-1.3474203497724484,-0.5026260193899543,-0.6562824336375096,0.0,0.06583398605160759,1.2617973874860806,68.07190940578276,-0.008309561286558294,44.704145314213406,0.025220462529263757,57.88134457208021,68.07190940578276,0.030407628083232545,59.48578018651843,-0.10975765215845262,44.62576803173227
2024-09-26,KEGC,1484.0,13270.0,0.11651000696871579,-0.001506019384578423,-0.3552035797281165,0.0,-0.039903556454028155,-0.6420420452212612,40.48672565474533,0.011515625935908956,57.32100477495167,-0.034024520814615156,40.25987545364288,40.48672565474533,-0.008860527103923311,51.36852907297922,-0.15384462413896374,41.53090971599166
2024-09-26,KMGZ,13920.0,3980.0,-0.21435070450296895,1.211537991022005,0.3192612112427287,0.0,-0.05360313355227148,-0.8887074629432583,36.976514430235866,-0.005149685276409414,46.71154930478425,-0.035875684181718666,39.72556930762812,36.976514430235866,0.012243589217296076,55.76791569703595,0.42941113847838,79.05563420467053
2024-09-26,KZAP,18210.0,660.0,0.05420657623118685,-1.2418789140650222,-0.33333333188090053,0.0,0.053911991710467906,1.0471379353622925,65.20999816184684,-0.014167442666248267,41.032710212886954,0.0346231891163934,60.611078814254945,65.20999816184684,0.06428573520566924,66.11020325803594,0.411179184644753,78.17798963450984
2024-09-26,KZTK,38275.0,410.0,-0.06560423767829181,1.0745123945859274,0.9986191322409107,0.0,0.03345274045389982,0.678762348197067,60.04300749969127,-0.015045506878998062,40.489869783882746,-0.008184034970400173,47.90474900738894,60.04300749969127,0.08101208878935864,69.17871438343333,-0.12434058453339972,43.59621640549948
2024-09-26,KZTO,814.04,3920.0,-0.49497228964380907,-2.0983694591634428,-0.994917281459054,0.0,-0.02129383628822103,-0.3069678772035562,45.40845425061468,0.009403402995679874,55.99305455028236,-0.012740259731396473,46.53909556474283,45.40845425061468,-0.027811411786636535,47.397849113864076,-0.08696317126493529,46.244001479695264
2024-09-27,AIRA,836.0,34630.0,3.5473671561826863,-0.23980981820640307,-0.15466100056557494,0.0,-0.04130821941216677,-0.6673334664704841,40.12162201930437,-0.042712246525404424,25.09678603667701,-0.10296193893825473,22.727286718662288,40.12162201930437,-0.05729177109440269,41.303751370904145,-0.18520502202475883,39.36796491481296
2024-09-27,KCEL,3189.0,490.0,-1.2952733525356221,-0.11551215744185749,-0.2502084966551965,0.0,0.05703881982708418,1.1034375100133187,65.97235495151263,0.010191132464274538,56.489407481384326,0.03178763383057836,59.79400366750849,65.97235495151263,0.038971535337245525,61.20427602783916,-0.11006094872254321,44.60430519668166
2024-09-27,KEGC,1490.03,22550.0,0.5213611935319439,0.5038274389275003,0.9999999002991127,0.0,-0.04655301089335687,-0.7617676721612874,38.768336167741225,0.007399590116913618,54.7252513952048,-0.03858844377693902,38.94701611379347,38.768336167741225,-0.012388309242521888,50.62917829201162,-0.15682422162534487,41.323854828712186
2024-09-27,KMGZ,13900.1,520.0,-0.2904307156136264,-0.8527752136889014,-0.989999950499966,0.0,-0.05302972057241112,-0.8783829725454775,37.120990989063266,0.0009494260404429851,50.610712949690914,-0.02921002985247459,41.6600714421401,37.120990989063266,0.010133309906529088,55.33091308966227,0.427747716017916,78.97664826341207
2024-09-27,KZAP,18161.99,710.0,-0.07513995272247427,-1.0796523043233568,-0.19635513926935355,0.0,0.0672495571658171,1.2872852136939752,68.40335930433602,0.004628000446720415,52.96187072846599,0.043330534199904944,63.08158320395412,68.40335930433602,0.08033001861151892,69.05661375919404,0.4346607670852391,79.30347568140715
2024-09-27,KZTK,38249.0,2640.0,-0.12696389309451434,2.2437429407812424,-0.501999999498,0.0,0.045107371901412924,0.8886078429726227,63.02209263932437,0.005490455337145446,53.51159586889317,-0.009546215276091875,47.49603634859084,63.02209263932437,0.105235202435005,73.33408150990745,-0.11612170108607466,44.17584707548621
2024-09-27,KZTO,818.0,7140.0,-0.007759404917644333,-1.0837874399708725,0.6456043069224939,0.0,-0.0071512137617883425,-0.052325279979561,49.21518526239802,0.008325293980672988,55.311803919110226,-0.014009774129700819,46.159413960432914,49.21518526239802,-0.03029653238638568,46.87851305531971,-0.09157602844723876,45.91577238306135
2024-09-30,AIRA,841.0,29580.0,4.107765673050539,-0.3974314735643296,0.44290905869751707,0.0,-0.02943680992016307,-0.4535848112897733,43.23791318608418,-0.05330915623879361,20.346553032374338,-0.1018511343261046,22.962767672322737,43.23791318608418,-0.06022979729347149,40.707685804658745,-0.2012794217013004,38.27468939987321
2024-09-30,KCEL,3198.5,490.0,-0.989111108799522,0.0,0.9660664485434202,0.0,0.052956597958864586,1.029935754803125,64.97547709974111,0.010307768460414233,56.562792528818676,0.03026767991444402,59.35374228866402,64.97547709974111,0.018359360042281732,57.029119378358075,-0.10584003712057494,44.903176066564896
2024-09-30,KEGC,1505.0,137450.0,1.5157345256948493,2.228630333689917,0.764289878356519,0.0,-0.05290199335548173,-0.8760832017501881,37.15320450828874,-0.002667063492063492,48.29654324057806,-0.05200219638242894,35.18607239514681,37.15320450828874,-0.01997713178294573,49.03820457096653,-0.16793827980804724,40.55428624401027
2024-09-30,KMGZ,13899.0,1820.0,-0.25234975450692226,0.44183217703560007,-0.9999999090909174,0.0,-0.05369867821939915,-0.8904277762827977,36.952463671561596,0.0007216695103108061,50.4649464508253,-0.03055114430979966,41.268578381456756,36.952463671561596,0.015894516049458844,56.5218175438041,0.4142532734455031,78.32780740425603
2024-09-30,KZAP,18234.97,2430.0,0.4008887646162956,0.19474388811471155,-0.24167487565676254,0.0,0.05706880739119855,1.103977446025627,65.97962713704773,0.01625427281943024,60.25941007620595,0.03870877310690778,61.7778892512162,65.97962713704773,0.07963126021699221,68.9312493547189,0.4334751844534961,79.24769294158793
2024-09-30,KZTK,38100.0,530.0,-0.48494817571066473,0.22078753579086635,-0.7876801380406063,0.0,0.053196662917135366,1.0342582037946246,65.03447464590006,0.007437923384576928,54.74956766289113,-0.0009719472565929265,50.07205685262086,65.03447464590006,0.11040976752905887,74.17408893728845,-0.1095427321584801,44.640978097121256
2024-09-30,KZTO,815.12,271770.0,-0.2940816620931739,2.860246561533826,-0.565303077116657,0.0,-0.0029848786506456795,0.022690961995646197,50.3403591726295,0.004534330167765742,52.90211999358755,-0.00698049849900379,48.26609701589765,50.3403591726295,-0.024610784973524258,48.06752489143684,-0.09258716667679273,45.8438708962149
2024-10-01,AIRA,830.0,14790.0,2.6637497107710497,-1.0905769782116208,0.28289708558992127,0.0,-0.022404651941097725,-0.3269684805115297,45.11114253972145,-0.04149676802447892,25.68631729480343,-0.09835556511761334,23.714924772860485,45.11114253972145,-0.047367780646395095,43.33507251440994,-0.1755170204628036,40.032137333657936
2024-10-01,KCEL,3170.0,270.0,-1.8664825817659596,-0.5959782863470455,-0.9999999704927717,0.0,0.06090651069050124,1.1730765635113025,66.90399139068161,0.020793680837213967,63.00683127555512,0.044344712332882605,63.36519718720223,66.90399139068161,0.047342302588753694,62.85753673232265,-0.1020483951730008,45.171966357002034
2024-10-01,KEGC,1513.0,29820.0,1.8474003969211075,0.6434296976606222,0.6581196018701209,0.0,-0.05802629250201953,-0.9683479030945309,35.87005152217775,-0.00734137580125682,45.31768776385825,-0.05841473106096372,33.44791999306251,35.87005152217775,-0.026054400224509278,47.765372946329315,-0.17255744919690724,40.23577921142031
2024-10-01,KMGZ,13850.0,1290.0,-0.5076688440695637,0.09763832350967229,-0.967213098898146,0.0,-0.052481638588046525,-0.8685145751015498,37.259300857967695,0.0009085210016617964,50.584534001369086,-0.030984124118961696,41.142417471306594,37.259300857967695,0.0203603303535614,57.43987115471699,0.432694888545069,79.21091879715765
2024-10-01,KZAP,17940.0,2780.0,-1.2171125286901205,0.3293034540817124,-0.4204098512920295,0.0,0.07378109438870309,1.4048877021428001,69.90825002244374,0.01346340712427669,58.536331950074505,0.047542005096352924,64.25319728760083,69.90825002244374,0.08955366433083817,70.6847736972096,0.49976219674045763,82.1970506072564
2024-10-01,KZTK,38199.99,60.0,-0.19862477062590572,-2.08979452894878,0.08780219731974576,0.0,0.055059515502054734,1.0677994808514586,65.49070889577678,-0.0030939957812753317,48.02364113691156,-0.0036344282606954516,49.271551778020736,65.49070889577678,0.11071370273139819,74.22288796454883,-0.11220570318897735,44.45258912860355
2024-10-01,KZTO,817.9,2480.0,0.08275920441154291,-2.1412112124153047,-0.37777769382718923,0.0,-0.010634131787368679,-0.11503637124247376,48.275139148483156,-0.002090265624120618,48.66540028618,-0.01890954040254069,44.698570144333246,48.275139148483156,-0.032739988637179585,46.36854171760675,-0.09262371598188932,45.84127221738715
2024-10-02,AIRA,818.0,10600.0,1.200711760551851,-1.3991792674014858,-0.41190333459614986,0.0,-0.00844982147708309,-0.07570714149638558,48.86458810166727,-0.03273405033570065,30.19600989392048,-0.08576809096906897,26.56160185748695,48.86458810166727,-0.03327493499437259,46.256991132379746,-0.1674237697442465,40.589813202655876
2024-10-02,KCEL,3183.27,4730.0,-1.493771712467285,2.2672696607407405,0.8200382373938727,0.0,0.0579708928315253,1.1202197928049054,66.19803573514417,0.01824089532746127,61.4708961401596,0.05141170626132127,65.31495542465777,66.19803573514417,0.03637181259552364,60.68532342874967,-0.11642908015597014,44.15413979067697
2024-10-02,KEGC,1504.27,52670.0,1.1994621328995558,1.1771824324746543,-0.43066663795555993,0.0,-0.050811396009096205,-0.8384413049210656,37.68207042015565,0.0008878989212824321,50.5713358868919,-0.05688572711691299,33.858517762763846,37.68207042015565,-0.023566726691562977,48.2861380487729,-0.16500632377873317,40.75686937052938
2024-10-02,KMGZ,13890.5,4110.0,-0.17830222341713184,1.1472190092490793,0.7285714181632654,0.0,-0.05876239724763355,-0.9816017125560879,35.68732783264568,0.0006257862802200656,50.40357769970385,-0.03925436797902872,38.75673975799222,35.68732783264568,0.01966284353872099,57.296807190270115,0.4277746512975922,78.97792899734026
2024-10-02,KZAP,18040.0,1360.0,-0.5774994365245623,-0.42967881277113795,0.9869429393489961,0.0,0.06342658466195052,1.2184513290533407,67.50402077102737,0.013020968394748884,58.26112505536606,0.031015042410164364,59.570411704636975,67.50402077102737,0.0899239872593531,70.74908843730623,0.5150179856051806,82.82741929429054
2024-10-02,KZTK,38238.0,400.0,-0.022419600302047534,-0.060624530860689,0.8147344020415836,0.0,0.05322084152139861,1.0346935475631043,65.04041415045336,-0.00661847271101547,45.776733821463495,-0.0012500051058657678,49.98845027208587,65.04041415045336,0.10835177858475359,73.842082911075,-0.11329713193557146,44.37542293156123
2024-10-02,KZTO,829.0,170750.0,1.4335110278077465,2.3954905137337317,0.9117646611880089,0.0,-0.02154681582323317,-0.31152285742165997,45.3407142665018,-0.01239613179007025,42.13432221088187,-0.027183131330537843,42.25374236350647,45.3407142665018,-0.04665594903019511,43.481726117571704,-0.11774365318704888,44.0613292019141
2024-10-03,AIRA,809.89,28500.0,0.22965400567560254,-0.37987686063484616,0.6313636220144625,0.0,-0.003925553431026378,0.00575380138264407,50.086306935020765,-0.028788589284219904,32.36683438015421,-0.07928812812517944,28.10934282680527,50.086306935020765,-0.02414322552033813,48.16541752945031,-0.15896033675551077,41.17560242723027
2024-10-03,KCEL,3170.0,129340.0,-1.8379313221950566,4.104982775960408,0.5104918497483323,0.0,0.07176161684442442,1.3685263408783297,69.4473143092215,0.019334003054428922,62.13158742190221,0.061038558409693994,67.88946683840472,69.4473143092215,0.03085439011566772,59.57604783260035,-0.100618614491012,45.27339785208401
2024-10-03,KEGC,1505.0,24530.0,1.184590909104036,0.3268964988991607,-0.0010010009007997995,0.0,-0.052946936138796606,-0.8768924114316587,37.14186838291926,-9.02085640457728e-05,49.945289142153925,-0.05471614987080102,34.44531881518487,37.14186838291926,-0.024893327796234807,48.00837621577777,-0.16629333702473237,40.66790422575652
2024-10-03,KMGZ,13885.0,430.0,-0.11407700973898709,-1.1101700291263616,0.5652173831127916,0.0,-0.06178143451595018,-1.035960477324315,34.94230346380473,0.0008529924093031768,50.548995567445154,-0.03924197603900522,38.760277430869714,34.94230346380473,0.018262636538230688,57.00923931633262,0.41383414584655126,78.30742482213833
2024-10-03,KZAP,18000.0,3470.0,-0.7888159184718101,0.5510069731405376,-0.6666666659259259,0.0,0.06859126984126984,1.3114431942783458,68.7157986263434,0.021140873015873016,63.213784328415315,0.04236984126984135,62.812089949775164,68.7157986263434,0.10080277777777778,72.60087400315892,0.5011023809523809,82.25314536682275
2024-10-03,KZTK,37800.0,2230.0,-1.022675275226836,1.7058686485776098,0.41935483843912585,0.0,0.06031084656084656,1.1623514338003917,66.76134767987581,0.00016203703703703736,50.1067475076739,0.006401587301587363,52.28753843634525,66.76134767987581,0.12273002645502647,76.10350735228633,-0.10667222222222215,44.844221549846466
2024-10-03,KZTO,823.84,60090.0,0.6959542261824154,1.1417105149019664,-0.3476190062358287,0.0,-0.021798126157953374,-0.3160477831363058,45.273438320488665,-0.013441839916519536,41.482955654367494,-0.02224373094482828,43.709548968390884,45.273438320488665,-0.036411282125979196,45.603768610640756,-0.10172637759836248,45.19480745754013
2024-10-04,AIRA,802.5,21560.0,-0.7255637165621674,-0.5911813724591884,-0.5762175473613177,0.0,-0.014557191069574234,-0.1856723514376198,47.21779156756957,-0.007121688176828364,45.45710963010485,-0.04578696039163328,36.909106841187395,47.21779156756957,-0.017329557929090657,49.59320373635622,-0.15243059264204123,41.62927723529592
2024-10-04,KCEL,3229.92,128100.0,1.3020424665332702,4.104982775960408,0.49837458741717344,0.0,0.06610518279090496,1.266680374493921,68.13555194569581,0.007877716918243039,55.02838059499252,0.04268662930174297,62.90104423216027,68.13555194569581,0.02732776433206656,58.861781905834256,-0.13102993528366907,43.12573576200114
2024-10-04,KEGC,1504.99,5730.0,1.1497271185982623,-1.2768952197528918,0.4341316715371504,0.0,-0.048015427769545864,-0.7880989718110489,38.39396896540298,0.0038908895244465524,52.49146394691812,-0.05470205880184618,34.44914578344197,38.39396896540298,-0.028758519763407188,47.199851641251556,-0.16575447620703487,40.7051457139456
2024-10-04,KMGZ,13950.0,3990.0,0.4061120364971615,1.1175871858861832,0.4107248060652659,0.0,-0.060858333333333334,-1.0193397351527151,35.16934269500717,-0.005914439324116743,46.22448850945978,-0.048071018945212464,36.27174393587278,35.16934269500717,0.028593471582181312,59.1185788117371,0.4337121735791091,79.25885236336609
2024-10-04,KZAP,18294.0,4380.0,0.8869226849397008,0.7398841134419863,0.6705390998190158,0.0,0.06645535785867854,1.2729853924334362,68.21762855063118,0.005603080375038394,53.58332253622747,0.029806523606490727,59.21986508382354,68.21762855063118,0.08128191470531583,69.22694339054217,0.4716739296516683,80.98930508793751
2024-10-04,KZTK,38560.0,3350.0,1.147282006249939,2.0646250660715344,0.06381289591897386,0.0,0.04362241816505302,0.8618707596998826,62.64746544337163,-0.012355753144964763,42.15953039220454,0.018019334123690972,55.75672756561616,62.64746544337163,0.09657905881578081,71.89062805888962,-0.13105131561614963,43.124233964375925
2024-10-04,KZTO,826.97,2920.0,1.0893735455545388,-1.8825142949704816,0.4846938157278364,0.0,-0.02727280759210668,-0.41462123348197005,43.81255926204815,-0.011188676409251553,42.8898462026095,-0.029016659382473164,41.71660751774326,43.81255926204815,-0.03780520627895566,45.31392037762431,-0.14692223549980032,42.01309701154727
2024-10-07,AIRA,798.41,19820.0,-1.2212822698897028,-0.5908363456846505,-0.19949967482804115,0.0,-0.011919262828522428,-0.13817558078306189,47.92855262507862,-0.010811442851794865,43.126585602357345,-0.031993676613817607,40.848710317268676,47.92855262507862,-0.023394480205002684,48.3222109062884,-0.14847646280315463,41.90469919307202
2024-10-07,KCEL,3240.0,650.0,1.111404736124456,0.28255932012546114,0.14722751938551043,0.0,0.06012460317460312,1.1589980600183947,66.71668466278736,-0.009918430335096946,43.688245560066115,0.044657363315696655,63.452444343117854,66.71668466278736,0.013923677248677185,56.115199008467556,-0.10872345679012346,44.69896806878529
2024-10-07,KEGC,1505.0,6800.0,1.142226721369787,-1.1056896236147224,0.005025123102948621,0.0,-0.04776530084902181,-0.7835953538604996,38.45790342370069,0.009866648209671466,56.28509975640692,-0.04305700442967887,37.67691539958006,38.45790342370069,-0.030804789590254705,46.77237791253513,-0.16721572535991142,40.604181482666846
2024-10-07,KMGZ,13946.1,1460.0,0.3591350355223559,0.07833172489870084,-0.055152394374790935,0.0,-0.06065353850419358,-1.015652336504217,35.219803986962525,-0.008214659175922566,44.76421693558877,-0.047733486960512286,36.36563461155943,35.219803986962525,0.04011356167674114,61.43145214997507,0.43273980109134436,79.21303675925896
2024-10-07,KZAP,18580.0,4540.0,2.362968430384812,0.6865604852510658,0.395348836213182,0.0,0.06540360688229371,1.2540482681653633,67.97077270927761,-0.002757936507936508,48.2384466565063,0.035470530268081404,60.85411828389387,67.97077270927761,0.060432099287508256,65.38237764047075,0.4715865805525654,80.98545328341612
2024-10-07,KZTK,38485.0,150.0,0.7559049967308596,-1.0414503526842678,0.5867768578876671,0.0,0.06165321100160648,1.1865211496347339,67.08236565007024,-0.012787818280055515,41.8900089682419,0.02525209559073727,57.8906194213674,67.08236565007024,0.11912375399815638,75.54914161395064,-0.12971688536659304,43.21799116056964
2024-10-07,KZTO,820.99,22460.0,0.43029583271485894,0.694925590986504,0.18311775472309666,0.0,-0.01883925786850061,-0.2627723807375103,46.066558958589056,0.0016635546186301925,51.06768377347568,-0.02247785088444323,43.64028014589147,46.066558958589056,-0.03058378585030036,46.81852476127433,-0.11659794556977959,44.14221536932446
2024-10-08,AIRA,797.8,10970.0,-1.427624585339819,-1.1282482902010285,-0.5988538252970115,0.0,-0.014879593783698767,-0.19147731896208672,47.1309951598545,-0.01904084247553789,38.050887648263426,-0.0091791389615092,47.606144300049216,47.1309951598545,-0.03277098807434726,46.3620765051109,-0.13314921002996327,42.976935546264116
2024-10-08,KCEL,3244.48,260.0,1.2495423149523228,-0.6336962362458607,0.9986196688323536,0.0,0.04230980470664113,0.8382367201448804,62.3150470162135,0.003264176361276667,52.091159032885926,0.05708616402638249,66.84450049420455,62.3150470162135,0.016103739450213463,56.564933498033135,-0.10719962720565099,44.806866070469155
2024-10-08,KEGC,1505.98,5080.0,1.18911710494645,-1.3550456526926025,0.995545435290553,0.0,-0.04732039598430548,-0.775584694588698,38.571723156310675,0.009286000551873863,55.9189733731158,-0.0446857076086299,37.218065305006434,38.571723156310675,-0.03020313549980744,46.89801945418876,-0.16797437670708332,40.551794121203464
2024-10-08,KMGZ,13900.0,1100.0,0.06693163979875208,-0.20479405986884525,-0.33333332888888895,0.0,-0.06099020497887409,-1.0217141277562043,35.13686713604417,-0.007782002969053329,45.03827298882904,-0.05106636119675688,35.44318549344071,35.13686713604417,0.0843994861253854,69.78112214609095,0.44204952894826993,79.64862505468025
2024-10-08,KZAP,18230.0,1640.0,0.18802307083807304,-0.3911347905719444,-0.14473684162915512,0.0,0.07807430604532914,1.482188398292494,70.87483875853911,0.024845849767956184,65.39073452703327,0.052681907330494826,65.66023395597226,70.87483875853911,0.08250708408431946,69.44540293610395,0.5319252220306663,83.50521145430098
2024-10-08,KZTK,38185.0,390.0,-0.03138713530212503,-0.08594225738779783,-0.9777158747138833,0.0,0.07564193436922584,1.438392741591667,70.32944971444199,-0.007617054398905912,45.14283609116506,0.03603373743325622,61.01536427522931,70.32944971444199,0.12977193924315833,77.16093611884214,-0.118923260660818,43.97808266070573
2024-10-08,KZTO,818.4,127200.0,0.10970442212648336,1.9526105487921321,-0.5494349894466889,0.0,-0.02053817786156493,-0.2933619972461249,45.61089614858723,-0.004456686682493107,47.153454623896025,-0.02054004910859747,44.214338140393004,45.61089614858723,-0.023187417958385664,48.36557739323804,-0.10362743681050134,45.05999261858645
2024-10-09,AIRA,793.45,12690.0,-2.3294590351902147,-0.956145932790719,-0.7760617161342243,0.0,-0.006867529109864852,-0.04721744397365977,49.291785708398486,-0.01970327280301922,37.651910636191424,0.009040118049866569,53.078592491243285,49.291785708398486,-0.01975283956841086,49.08521468053468,-0.12501909680649212,43.54844070666251
2024-10-09,KCEL,3250.0,240.0,1.4216513701906093,-0.7137340787756511,0.9999999791666672,0.0,0.0559247557997558,1.0833784186487214,65.70165585712783,0.0018634004884004888,51.19553646508436,0.05004798534798535,64.94245354072423,65.70165585712783,0.016125543345543412,56.56942619058308,-0.10159435286935281,45.20417271877767
2024-10-09,KEGC,1509.7,43110.0,1.4145026191688903,1.0520425506887026,0.9398796653427282,0.0,-0.04797861776911425,-0.7874361955758632,38.403375387363575,0.009369629438624905,55.97174608826284,-0.05169713976602103,35.26979076417825,38.403375387363575,-0.03139682676364802,46.64878457525233,-0.1688710262787414,40.48990526498285
2024-10-09,KMGZ,13937.0,1300.0,0.3805337385978592,-0.026566985346470805,0.7070063604203012,0.0,-0.06575439377994627,-1.107494923199417,33.973015788765636,-0.010788146859279457,43.14121582127571,-0.04994925498074669,35.751205229823675,33.973015788765636,0.09458729441215627,71.55183672804756,0.4335281423150208,79.25018702322875
2024-10-09,KZAP,18324.0,550.0,0.6828982431022393,-1.4836649600192553,0.38832997831657956,0.0,0.07501904995790057,1.4271775017043153,70.18883993799872,0.02977366529453956,68.18806276623648,0.05208188792216305,65.49733443376601,70.18883993799872,0.06298942526584964,65.86620125453204,0.49811572722736774,82.12794593926007
2024-10-09,KZTK,38089.0,450.0,-0.27580766187500566,0.0571583052127042,-0.010526315734072023,0.0,0.08348841742627022,1.5796712647924018,72.06730804709997,0.018277709485344892,61.49321766061486,0.04340726331436773,63.10307233905511,72.06730804709997,0.14322141079768486,79.08765816800766,-0.12112013236959217,43.823136973256354
2024-10-09,KZTO,820.98,6780.0,0.41847526619224984,-1.2470473055859492,0.19199996160001495,0.0,-0.024884970662239922,-0.3716274396200325,44.44857010105752,-0.005285541582707824,46.62497590088851,-0.024876916785862204,42.931946624795756,44.44857010105752,-0.02458297191857817,48.073347686229596,-0.09307886837333779,45.80891249258152
2024-10-10,AIRA,788.8,50880.0,-3.109412929942778,0.4884105672035375,0.4670486838367426,0.0,-0.018656550436266402,-0.259482672977207,46.11560297748032,-0.014079703145625993,41.087075461276235,0.021886981229273385,56.900968273172914,46.11560297748032,-0.01886095817637394,49.2721620942737,-0.1179551064103802,44.046404182892665
2024-10-10,KCEL,3240.0,88310.0,1.2462783659224275,4.104982775960408,0.8669778267478664,0.0,0.054582186948853646,1.059205022342146,65.37407317125209,-0.0027460317460317463,48.24605729501915,0.044995149911816586,63.54660658159683,65.37407317125209,0.019960317460317456,57.35783818440234,-0.10353298059964727,45.066689346100596
2024-10-10,KEGC,1509.0,11340.0,1.2978918819599328,-0.4570211719370493,0.7999999200000081,0.0,-0.046527021995014045,-0.7612997334490267,38.775001274985165,0.006525008678090196,54.16988051307335,-0.0538923522357916,34.66939014280934,38.775001274985165,-0.03360716652466156,46.18773078177428,-0.1700916532550727,40.4057033344964
2024-10-10,KMGZ,13935.0,530.0,0.4173384774988079,-0.8933866993995372,0.9459459289018752,0.0,-0.06983710765971261,-1.1810055372402761,32.99075283133517,-0.010998633109505015,43.00907117659013,-0.05059031301792335,35.574300448590215,32.99075283133517,0.11115754267261263,74.29404152445974,0.42645939139200717,78.9153234123374
2024-10-10,KZAP,18430.0,2810.0,1.2330042067777767,0.14735281968569366,-0.6629213445903296,0.0,0.07141704088399695,1.362322136718867,69.36827262429368,0.04729032202499366,77.04605725823714,0.056344040944285106,66.64638734093352,69.36827262429368,0.058164935534713066,64.9507692754243,0.4016820539320811,77.71043499190388
2024-10-10,KZTK,37910.0,530.0,-0.6747745377687617,0.22078748474773321,-0.9999999978021978,0.0,0.08623684499210746,1.6291576123448985,72.66108009794488,0.02967285509121436,68.13204779951695,0.059450993999991625,67.47181000455915,72.66108009794488,0.13741979751541872,78.27153861050962,-0.11642397323652931,44.154500426006045
2024-10-10,KZTO,815.03,9300.0,-0.3112524627830615,-0.9310139572089919,-0.9866886877389991,0.0,-0.01677949624602377,-0.2256856913183794,46.61987794976453,0.0070082104291029675,54.476857119243284,0.001378263659201193,50.77865702508005,46.61987794976453,-0.014773918634604713,50.12902767498135,-0.08551559488802528,46.347072674749164
2024-10-11,AIRA,799.0,128110.00000000001,-1.9907350601827551,1.411829500694438,-0.16291290985523946,0.0,-0.04034981623855212,-0.6500771002724312,40.370616456023534,-0.026022749667242814,33.935960225604575,0.02731913304328824,58.49544133676444,40.370616456023534,-0.02689622295726799,47.58925157469239,-0.13369304835409335,42.93877147520256
2024-10-11,KCEL,3264.28,40420.0,1.702491050215842,4.104982775960408,0.9999999965431416,0.0,0.04080049950974868,0.8110611807693477,61.93138073698326,-0.007118275519470944,45.459275996012835,0.036286145232250225,61.08755069037942,61.93138073698326,0.016514119105678897,56.64947405470835,-0.11085471604521177,44.548143653282914
2024-10-11,KEGC,1515.0,35840.0,1.6835427188136793,0.6937038545524729,0.9999998333333611,0.0,-0.050693273613075594,-0.8363144721036874,37.71204137566853,0.003196943265755147,52.048197897011995,-0.054383655508407985,34.53567406832679,37.71204137566853,-0.032675047147571884,46.3820862470847,-0.17223094845198803,40.25826581963331
2024-10-11,KMGZ,13906.0,540.0,0.2950768966300353,-0.7943304749164257,-0.579831927900572,0.0,-0.05663016055648017,-0.9432100855493711,36.21773976639505,-0.01892371695214353,38.12160144978387,-0.049305483301715164,35.929250451537825,36.21773976639505,0.09877027336607014,72.2604925252163,0.42962194502087714,79.06562855151662
2024-10-11,KZAP,18447.0,520.0,1.3138007892263976,-1.5397543102165794,-0.42331288083857127,0.0,0.06667889294168364,1.2770102155523955,68.26996325020615,0.036828637383288634,71.9717167003635,0.04960861670629109,64.82204788917085,68.26996325020615,0.057228484887205826,64.771772277632,0.397579163149512,77.50624769999082
2024-10-11,KZTK,38190.0,370.0,0.09564889769839607,-0.13858589956645853,0.7272727239669422,0.0,0.0925591977456078,1.742993665220425,73.99668373241897,0.0029384649434531602,51.883005718769326,0.05555388969937282,66.43480491935699,73.99668373241897,0.2117886479257846,87.04866866112953,-0.12270940815970277,43.711119992041986
2024-10-11,KZTO,820.0,177330.0,0.28799363095791175,2.284861816516063,0.13043477126654163,0.0,-0.023686914440572977,-0.35005604101023097,44.76837762896341,-0.0039753581107239535,47.46065099109028,-0.0041379016647309546,49.12020630957667,44.76837762896341,-0.017339459930313588,49.59112775168219,-0.10363628532713898,45.059365288328
2024-10-14,AIRA,791.98,41310.0,-3.0108012921283533,0.280045384595322,0.014218008997361689,0.0,-0.030356125294971024,-0.4701373887393602,42.994331391972786,-0.02166779365921139,36.47867768209833,0.030212416489193025,59.337706179228945,42.994331391972786,-0.02301681615136187,48.40130956925782,-0.09696825698460401,45.53253766550581
2024-10-14,KCEL,3216.8,920.0,0.05432108773522468,0.629948945289961,-0.060674156621634605,0.0,0.047797270480769496,0.9370403567610868,63.69670241386226,0.00787850905760624,55.02888250268001,0.05013347080604597,64.96585814233427,63.69670241386226,0.033409314886528284,60.091005865869285,-0.10645827056761525,44.85937715707083
2024-10-14,KEGC,1524.0,35870.0,2.2302586934776967,0.4267371796154407,0.9893403737947883,0.0,-0.05380025621797272,-0.8922567217509557,36.926901290463626,-0.002097006624171978,48.66108855927758,-0.0600435476815398,33.01326097373558,36.926901290463626,-0.041475737407823954,44.552249918878104,-0.18208409261342332,39.58150801004217
2024-10-14,KMGZ,13870.0,1110.0,0.0434286944110578,-0.07378605275948191,-0.9999999888876543,0.0,-0.03078548368638491,-0.4778681286162963,42.88068394788045,-0.01861474634073769,38.308381645744255,-0.048971543298886484,36.02176006828159,42.88068394788045,0.08076970537073278,69.13535477053014,0.456372737494421,80.30544874834867
2024-10-14,KZAP,18580.0,2830.0,2.0565290872409228,0.1544450479036896,0.9393865866202775,0.0,0.05198719479898167,1.0124813302133173,64.7367750391666,0.04407136791566286,75.55615187869704,0.04112977813658653,62.46304852673823,64.7367750391666,0.051519185589557,63.67163070232774,0.3310752255369317,74.01340338894798
2024-10-14,KZTK,38099.0,450.0,-0.144157667069189,0.05715831370940518,-0.4799721151805007,0.0,0.12492392461661077,2.325731279370425,80.14590921135084,0.005147295225429822,53.2929617193452,0.0627996092781671,68.34943600896834,80.14590921135084,0.190111553411184,84.85752462915653,-0.12597420839067136,43.481209293626875
2024-10-14,KZTO,824.62,3100.0,0.8277765511805116,-2.2968928243228555,0.9212327189669943,0.0,-0.034095251396217906,-0.537461591162919,42.007221390293125,-0.011933160536089218,42.423595638198755,-0.013930168710705786,46.18320942497115,42.007221390293125,-0.013379596441343063,50.42136132503438,-0.11620695544037019,44.16982614106081
2024-10-15,AIRA,784.8,22290.0,-3.9336504996857187,-0.39282328331296773,0.054545449586769046,0.0,-0.024377082423183292,-0.3624827438571933,44.584090528682914,-0.016479503422163973,39.608373589243115,0.039110739769914145,61.891981267953554,44.584090528682914,-0.013812203291102308,50.33066310305438,-0.06955065530799474,47.48569490678855
2024-10-15,KCEL,3263.98,167870.0,1.5216494246103436,4.104982775960408,0.9996773852756081,0.0,0.046756957721885345,0.9183091813830828,63.43642063522119,0.013091512995576423,58.305040360827896,0.03632514116809578,61.09869886055801,63.43642063522119,0.028628883998569478,59.1257564872682,-0.12139670949489358,43.80363841894511
2024-10-15,KEGC,1524.1,7810.0,2.1474261141352167,-1.103291300008599,0.6999998833333224,0.0,-0.05534268345200853,-0.9200286343626242,36.53965344223027,-0.0028539197736264198,48.17708818176264,-0.058453941540310486,33.437423008772875,36.53965344223027,-0.04431110954890884,43.965610805604314,-0.20147574540478214,38.261407336929594
2024-10-15,KMGZ,13830.0,860.0,-0.20102941013980347,-0.2506677562583736,-0.9999999886260238,0.0,-0.02576215697414179,-0.3874214693549385,44.214704914080066,-0.009650871122129256,43.8568492721117,-0.049652547946148796,35.833215736116074,44.214704914080066,0.06283799538615156,65.83764269275682,0.46335920359467003,80.61997386721649
2024-10-15,KZAP,18733.0,2700.0,2.7907363290954668,0.07696096925471407,0.17972350147592855,0.0,0.0459341805565088,0.903494806330896,63.23000713860652,0.03362459571810717,70.28747154253043,0.02840075755457435,58.81092296628366,63.23000713860652,0.046865667580934765,62.764162564862005,0.34760074238738364,74.91326020354609
2024-10-15,KZTK,37999.0,120.0,-0.4010240524245075,-1.3105777496101287,-0.06951871620578226,0.0,0.13014155377731326,2.419676418495061,81.02762006495475,0.007771163255340472,54.96085780309943,0.06486898065822122,68.88537971693705,81.02762006495475,0.19092219640700647,84.94467661158723,-0.1234031389923794,43.6622437715433
2024-10-15,KZTO,817.0,4830.0,-0.10742313883724156,-1.853460867237482,-0.8361444775729657,0.0,-0.02247001272561249,-0.32814532305924893,45.093659271531926,0.000547507334227074,50.353475420018924,-0.0020139525169512694,49.758747896653475,45.093659271531926,-0.0075763381321520724,51.63753715098193,-0.10618122923588039,44.879003240531496
2024-10-16,AIRA,780.0,31030.0,-4.703406235947596,-0.006104429124729796,-0.23913041621658587,0.0,-0.017647527472527468,-0.24131488071202337,46.38658716699327,-0.0056475885225885335,46.394364876621225,0.03981816239316239,62.092453134996695,46.38658716699327,-0.01782811355311353,49.48868192811214,-0.058071092796092835,48.30610731931192
2024-10-16,KCEL,3265.0,1270.0,1.1003192108342381,0.8368245348715908,0.9941158871987142,0.0,0.044859638664041454,0.8841473240791095,62.959701501301716,0.008250240039864848,55.264300400171884,0.04504453377573592,63.56036428659414,62.959701501301716,0.012947124990884566,55.91341101610141,-0.11698007304504243,44.115233956137814
2024-10-16,KEGC,1528.0,9950.0,2.388264253053378,-0.861125268913544,-0.20713575746919502,0.0,-0.05442175891298934,-0.9034470833790733,36.77065858961872,-0.05794595071885645,18.490063605850587,-0.06250446480511926,32.36203725366897,36.77065858961872,-0.04491349414111194,43.841188466693595,-0.2081157296601014,37.813230102866584
2024-10-16,KMGZ,13825.0,1600.0,-0.2104517953167778,0.37015778443792874,0.0,0.0,-0.00949459011452684,-0.09451854644194042,48.582601663720524,-0.009372538677918478,44.03239238953056,-0.05269354530841873,34.996678989879904,48.582601663720524,0.04200577154912597,61.80675960427911,0.46599110407876243,80.73746625764765
2024-10-16,KZAP,18920.0,2720.0,3.6618324010967664,0.048973958297105186,0.527777775945216,0.0,0.040716976240813454,0.8095573166811595,61.91010500769541,0.012022832142018275,57.638393271945475,0.02077712591026544,56.57331622855366,61.91010500769541,0.029259380348333842,59.25348520126729,0.3350288692573576,74.23058344867603
2024-10-16,KZTK,38890.0,6080.0,1.9408259900624363,2.6146840495315646,0.6666666661375661,0.0,0.09625987737085062,1.8096256261247405,74.75853628501883,-0.014860648369230348,40.60396537962093,0.035077638496042965,60.741492833758016,74.75853628501883,0.193099413792259,85.1767064220379,-0.14998876328023278,41.79930046214765
2024-10-16,KZTO,818.9,2480.0,0.11506431282139978,-2.520027910391035,0.8999995500002022,0.0,-0.027258137077031275,-0.4143570860047654,43.816460836056045,-0.003874828942037975,47.52483636164331,-0.010853313727086472,47.104165056677054,43.816460836056045,-0.017311820589757422,49.59692242699869,-0.1136157571519673,44.35290059057542
2024-10-17,AIRA,779.86,16040.0,-4.696427310378355,-0.6362260070961541,-0.40321877323972183,0.0,-0.003676865984085934,0.010231501135116535,50.15347203504683,-0.0075959813706896395,45.15619767519855,0.01948510182332278,56.19116121676371,50.15347203504683,-0.018938520355098354,49.255903389143825,-0.06331376577969432,47.93128803024084
2024-10-17,KCEL,3240.0,1430.0,0.3227790098049167,0.9197632687538749,-0.5598149248774059,0.0,0.048398721340388015,0.9478696784593514,63.846818652132065,0.0175957671957672,61.07895972523134,0.06769488536155198,69.60913939100321,63.846818652132065,0.016678350970017575,56.68329594584451,-0.11470449735449734,44.27595947420251
2024-10-17,KEGC,1522.99,240710.0,2.02710595124546,2.324889611295056,0.6096608780273024,0.0,-0.04595706145659379,-0.7510374054015051,38.921278478896774,-0.05135666871672755,21.16874918708057,-0.054503250367880104,34.503161293506174,38.921278478896774,-0.04300376680448037,44.23590103727671,-0.21268955683666124,37.50571312803267
2024-10-17,KMGZ,13820.0,590.0,-0.16202864209486104,-0.6274766468729247,0.7142856938775517,0.0,-0.0035394430661796223,0.012705846234008871,50.190586770469594,-0.007912085084878138,44.95584305239595,-0.046912210277260925,36.594520850695304,50.190586770469594,0.035123300140123576,60.43522928631986,0.4519766142926056,80.10557219939898
2024-10-17,KZAP,19352.17,3350.0,5.75111155320168,0.23251549391694312,0.48014205244112224,0.0,0.0418693317693318,0.8303058591922039,62.20323557434446,-0.012653081918847271,41.97400612812671,0.01220197954954743,54.0244776338185,62.20323557434446,0.00027234033231055693,53.27901885215045,0.33370974684960286,74.15825381933836
2024-10-17,KZTK,39139.0,6760.0,1.9348303456596703,2.720701696293592,0.999999999037536,0.0,0.09036337454380135,1.703457142053831,73.53764481035422,-0.017695781538894548,38.865942826504096,0.03289838647928405,60.114746573851185,73.53764481035422,0.2084952418770381,86.73407420348647,-0.16620515786835452,40.67399768809339
2024-10-17,KZTO,822.98,62160.0,0.5665329830571336,1.364646814980611,0.4974999689062542,0.0,-0.027333636885619326,-0.4157164850350968,43.79638273352614,-0.00883793399673738,44.36998063936662,-0.017519680028483413,45.11213310600747,43.79638273352614,-0.021109334418433753,48.80093034074992,-0.1082053902253021,44.73564532619458
2024-10-18,AIRA,780.4,31030.0,-3.974309643946456,0.05124235557561676,0.1443432842206252,0.0,0.00031868760830836007,0.08217276536764105,51.232341854028085,-0.028915043974193103,32.29600000452112,0.01621649032242322,55.221185510975566,51.232341854028085,-0.028654351451839893,47.22162432938186,-0.07027686514038384,47.43383566561031
2024-10-18,KCEL,3250.0,6040.0,0.6307968613716246,2.0404439001593206,0.4999166444421278,0.0,0.048160622710622714,0.9435826338630898,63.787423704344924,0.014148473748473748,58.96140403068679,0.06176657509157503,68.0800455030978,63.787423704344924,0.019495995115995104,57.262566130035395,-0.11923440170940171,43.95613062922797
2024-10-18,KEGC,1524.0,7370.0,1.7265560612357567,-1.3048729630957465,0.5384614003944769,0.0,-0.048672609673790716,-0.7999317494046492,38.22617951079117,-0.051002949631296084,21.32027339679366,-0.054887129733783305,34.39889878817542,38.22617951079117,-0.04436034245719285,43.95543889647933,-0.21764748468941386,37.17350720025786
2024-10-18,KMGZ,13681.0,8630.0,-1.12507369707423,2.055397756449748,0.8108843531898745,0.0,0.007230641209045631,0.20662477654830314,53.095408021676235,-0.010157104453749436,43.537966801098605,-0.03717938477415675,39.350735559758945,53.095408021676235,0.03053852776936615,59.51223495920534,0.44855675165882936,79.94903114701512
2024-10-18,KZAP,19176.99,4560.0,4.342992266669152,0.5203736017961108,0.7147290204583883,0.0,0.085386559387057,1.6138479387360931,72.47822701174174,-0.009448747552839884,43.98431273836727,0.036680745740077014,61.20030552939695,72.47822701174174,0.006564919955286609,54.590117773264815,0.3837351803863205,76.80751546751534
2024-10-18,KZTK,38407.0,2760.0,-0.4971243375378218,1.824909164014722,-0.9999999966101695,0.0,0.11003259717040668,2.057608002380803,77.4616522519777,-0.002956340878667621,48.111620306803275,0.06879697900432337,69.88881823154465,77.4616522519777,0.21456872688965017,87.30926532136507,-0.15039849238998673,41.770757523907335
2024-10-18,KZTO,818.99,14700.0,-0.08106577447732222,-0.07721259768506215,0.7755554693827277,0.0,-0.016442551743465685,-0.21961889408247948,46.7104750681111,-0.01010069995234161,43.57347072168836,-0.011448809523809524,46.92574933560385,46.7104750681111,-0.02238677114300871,48.533285003202685,-0.11276260295540172,44.41321183336823
2024-10-21,AIRA,777.0,44080.0,-3.9304586242576796,0.4022937401409135,-0.3333333209876548,0.0,0.028972361647361708,0.5980916455949248,58.87632305545948,-0.02527609395109395,34.36585838097355,0.01688188545688546,55.41899164071382,58.87632305545948,-0.02800427927927926,47.357522398358086,-0.0629765015015015,47.955393822017214
2024-10-21,KCEL,3251.0,1420.0,0.6467837954389848,0.5927121335926343,0.5221027401119666,0.0,0.0465606930468281,0.9147753709807692,63.387227392566516,0.020593091136793102,62.887045709458754,0.045138143208683,63.58643657955605,63.387227392566516,0.022258873093992992,57.82865077710363,-0.12427609172757591,43.60075812096317
2024-10-21,KEGC,1525.0,20250.0,1.4262417916191268,-0.15054594010913452,-0.012722644691763707,0.0,-0.04992714676034348,-0.8225201046716125,37.90665651089908,-0.052196194379391166,20.812277280114756,-0.05445509367681492,34.51625131588833,37.90665651089908,-0.04374326697892271,44.08296801064205,-0.22108988420504813,36.94355806735277
2024-10-21,KMGZ,13650.0,1910.0,-1.113272429918566,0.46478100639779224,-0.5703703661454047,0.0,0.02893672161172161,0.5974499349628557,58.86700043634331,-0.00251181318681324,48.395807832819486,-0.038540567765567815,38.96070891267146,58.86700043634331,0.034461813186813184,60.30250190030556,0.4858258547008548,81.60548620869999
2024-10-21,KZAP,19450.0,3610.0,5.30986243930387,0.2721066282001282,0.5624999982421875,0.0,0.056214704982249966,1.0885990495999678,65.77220793503588,-0.017817838780756518,38.791715814929354,0.014376083363936896,54.673233917766595,65.77220793503588,-0.005637008813808221,52.04359725529179,0.39947819704574206,77.60092100934719
2024-10-21,KZTK,38400.0,590.0,-0.5098796733206443,0.282047472989372,0.42361451216572327,0.0,0.11072901785714287,2.0701472872340596,77.59273164968093,-0.004784821428571428,46.944152626442204,0.07447931547619047,71.30721539087284,77.59273164968093,0.21569724702380946,87.4137643795501,-0.1428043650793651,42.300663302105875
2024-10-21,KZTO,817.05,3670.0,-0.38665844168043967,-1.1847047722209036,-0.29765876332486085,0.0,-0.01165005835453324,-0.13332846517117278,48.001138890167105,-0.004148834876340827,47.34991024703242,-0.013941169232517625,46.17992107107095,48.001138890167105,-0.02181730944075811,48.65258771354469,-0.11290526159732597,44.40312584630474
2024-10-22,AIRA,774.05,10050.0,-3.8720422036574935,-1.0761373109741814,0.012499998437488828,0.0,0.046879507419745545,0.9205157292347144,63.46712320040795,-0.01442094008221028,40.8757613660521,0.023414491342690486,57.35092873865379,63.46712320040795,-0.02563155042586758,47.85386042404742,-0.02952916780733776,50.348930143282246
2024-10-22,KCEL,3315.79,5270.0,2.650262947381311,1.5712552637032628,0.9935384462532536,0.0,0.023682930131520234,0.5028536813124919,57.48610270350814,0.002172459541471538,51.39322760183707,0.039629198248955694,62.03894391225012,57.48610270350814,-0.00821563931327714,51.50362913300752,-0.14191746212937742,42.362668097672696
2024-10-22,KEGC,1523.99,31980.0,1.229965092823396,0.4017190275041584,0.13999998000000546,0.0,-0.04600968314742307,-0.7519848763530943,38.90776501061218,-0.05520349088602736,19.57179878676884,-0.0520785008744277,35.16514593739784,38.90776501061218,-0.04247725545161993,44.34485353926211,-0.2209117232729832,36.955444623838304
2024-10-22,KMGZ,13735.0,700.0,-0.4308731117791162,-0.6151841612753619,0.9999999907407409,0.0,0.01889774747054512,0.4166948844765781,56.21806681002669,-0.010084307700752967,43.583790093184895,-0.04679298888831107,36.6277979910962,56.21806681002669,0.01995345181756722,57.35642985228521,0.4775375003611443,81.24650453829227
2024-10-22,KZAP,19415.0,3070.0,4.521663240417279,0.11007654758136658,0.09523809478458051,0.0,0.07544454939929449,1.4348387599095316,70.28493358465522,-0.016366025185076093,39.67789276099873,0.018669728241541197,55.94960833841862,70.28493358465522,-0.00828228082116176,51.48966912781113,0.41916295349284016,78.56553795437677
2024-10-22,KZTK,38400.0,220.0,-0.502143295052369,-0.7156166909737599,0.23287671153124415,0.0,0.10590734126984126,1.9833314051817859,76.67408573194565,-0.00011210317460317448,49.93127475839918,0.0795611607142857,72.54128708480536,76.67408573194565,0.2171057663690477,87.54315665144283,-0.1502075396825397,41.78405916800945
2024-10-22,KZTO,819.72,2630.0,-0.06211684325591452,-1.1395734971906675,0.812708758291404,0.0,-0.02040446337076776,-0.2909544236041475,45.64673373882731,-0.0038630028720609095,47.53238755453788,-0.01838037343761985,44.855944280846025,45.64673373882731,-0.022360275808464315,48.53883543808725,-0.12383466235857546,43.631847359560766
2024-10-23,AIRA,777.76,21990.0,-3.0653192304979515,-0.2746365779779376,0.5739230996597011,0.0,0.04743344590733503,0.9304895749566435,63.605765394926436,-0.02824637730495066,32.671472267315885,0.0004782874220798615,50.50809699994655,63.605765394926436,-0.02554730222405078,47.871492213979664,-0.040046058440519394,49.59598124013252
2024-10-23,KCEL,3301.0,10400.0,2.1674899063971833,2.0453930738496267,-0.9080459352622559,0.0,0.02558900753980275,0.5371732356135336,57.988563746908774,0.011220633838711629,57.136131583306316,0.0397643291114285,62.0772120846724,57.988563746908774,0.0016252339358442877,53.56134796613175,-0.13013524316825587,43.18859203994947
2024-10-23,KEGC,1443.7,148660.0,-4.632525370420227,1.9382694004880368,0.1698467259979147,0.0,0.011367235613739382,0.28110552726513355,54.20661539132598,-0.0038890378942554225,47.51576379834673,0.002312776557368546,51.05955133690744,54.20661539132598,0.0072168985169279234,54.725629758258385,-0.17057032555789745,40.3726986973353
2024-10-23,KMGZ,13733.8,1700.0,-0.7311048486740708,0.3483062348325534,0.6759999932399855,0.0,0.02325104879122236,0.49507751490626234,57.37203531206735,-0.013911612787313957,41.19128848607784,-0.05099772601924987,35.462075813682766,57.37203531206735,0.018398450335830097,57.0371531575957,0.47398974371998925,81.09120705786874
2024-10-23,KZAP,19199.99,1230.0,3.0017929507677925,-0.8045855896573122,-0.7551836703869924,0.0,0.09144988262291331,1.723020079454785,73.76542730394206,-0.013179742555380215,41.64594485047247,0.032765226376771255,60.07634019901653,73.76542730394206,-0.002290781087501838,52.74357134948641,0.4267476484224275,78.92905595610442
2024-10-23,KZTK,38420.02,25920.0,-0.4699187917805799,4.053519447282503,-0.7633705352883012,0.0,0.10401615132047196,1.9492799045035176,76.30669104604273,-0.0006297807536484999,49.59992575637986,0.07657246252869183,71.81951651482112,76.30669104604273,0.24418112984815965,89.81589828643098,-0.15138186300139334,41.702275549885826
2024-10-23,KZTO,818.0,7250.0,-0.28769507668874406,0.04082171906809109,-0.33779252916637414,0.0,-0.015382525129041083,-0.2005327642137694,46.9956321370347,-0.010254295222571456,43.47680545188738,-0.015436213955834926,45.7333327638025,46.9956321370347,-0.013943446074436285,50.30314692967936,-0.12656664241083554,43.43951920596572
2024-10-24,AIRA,776.1,14770.0,-2.9266447099044726,-0.5419533446874901,0.4424588675869323,0.0,0.04000535185082921,0.7967442841212614,61.728649485597295,-0.02699207545664835,33.3817911613633,-0.006579049245004007,48.38666976160577,61.728649485597295,-0.028374077346439184,47.280210907749684,-0.028733844435854514,50.405868567144395
2024-10-24,KCEL,3306.0,410.0,2.2823452011101275,-1.2457188240135446,0.9834664926021809,0.0,0.02457780226428139,0.518966150102759,57.72219920526479,0.02075035721487626,62.98097333169339,0.03243138521591338,59.979998475826534,57.72219920526479,1.8969838389081006e-05,53.22612022964053,-0.1336282113329301,42.94332099916596
2024-10-24,KEGC,1449.0,82800.0,-3.550033396875576,1.25772560540008,0.4161219816927102,0.0,0.006904934437543135,0.200760318377704,53.007768837736236,-0.01167567287784679,42.584705182762875,-0.001736180124223604,49.842267347023494,53.007768837736236,0.0047208419599724175,54.20646928065289,-0.17498295376121462,40.0688601058225
2024-10-24,KMGZ,13749.0,3370.0,-0.576308232692113,0.9564011417889959,0.99999998989899,0.0,0.03097847895431359,0.6342124513665179,59.400031618019334,-0.020450713471802277,37.20373725788535,-0.04069905594865778,38.34512907209506,59.400031618019334,0.0073665980902507255,54.75673459883574,0.46696969719009873,80.78101372740714
2024-10-24,KZAP,19161.0,1040.0,2.6015807309736396,-0.9723787061640303,-0.07999497643269142,0.0,0.08985402454390251,1.694286126803451,73.43042657974333,-0.021178995653373296,36.76915707459968,0.03129286664877318,59.65086175895591,73.43042657974333,-0.0031490937693380155,52.56411868263196,0.3756110484838996,76.39048102238264
2024-10-24,KZTK,38555.0,14180.0,0.1021255982969487,3.365177048810749,-0.24668874151764175,0.0,0.10028654025479988,1.8821270234432292,75.57053022318799,-0.0007586952673257954,49.517415996198,0.08703279725109253,74.29456644139805,75.57053022318799,0.24790398070783234,90.09795806480068,-0.1576127509041917,41.26911020971319
2024-10-24,KZTO,817.99,1370.0,-0.28797150471271454,-1.6585471484382677,0.9932200022983105,0.0,-0.018992316386450186,-0.2655282499877212,46.0254794331869,-0.005136760830894633,46.71978634989599,-0.016275826115194885,45.48282597069348,46.0254794331869,-0.004178735739580011,52.34875814622352,-0.13296516488248294,42.989852880988224
2024-10-28,AIRA,760.0,32990.0,-4.650154994359853,0.3988181162351136,-0.999999941176474,0.0,0.06229876775271515,1.198144612500306,67.23618285935906,-0.00927736006683375,44.09245563173948,0.0161051587301587,55.18807296378484,67.23618285935906,-0.013635150375939854,50.367783442409184,-0.026086675020885547,50.59537508999226
2024-10-28,KCEL,3305.0,6510.0,2.248617561270177,1.5191515182084216,0.640811261173383,0.0,0.016380283000744483,0.37136710387499394,55.54757296807571,0.026042888360588747,66.08103251454337,0.02436915267872146,57.63153267016212,55.54757296807571,0.0048436297817160134,54.23203051066887,-0.1451554703071344,42.13641162233603
2024-10-28,KEGC,1450.5,36170.0,-3.1701320079856994,0.2859321735482754,0.18137594292035714,0.0,0.0016604352357971822,0.10633137527498393,51.59442984980744,-0.009951084191001448,43.66767848043873,-5.392434464303146e-05,50.34808305703034,51.59442984980744,0.003631037327030094,53.97950478135599,-0.1840526214277507,39.4467687008506
2024-10-28,KMGZ,13580.0,4920.0,-1.6787763973910168,1.3347967668679612,-0.9999999940476191,0.0,0.04959043118965798,0.9693268085346504,64.14345827503843,-0.008590165275732302,44.52661824870963,-0.004767448044509901,48.93098597592145,64.14345827503843,0.005969182621502193,54.466235837056146,0.4811116429389626,81.40196311781084
2024-10-28,KZAP,19049.0,1800.0,1.9137265615857626,-0.42381376410015126,0.23024054903697405,0.0,0.09573220326942972,1.8001246793645114,74.65081397239567,-0.0068508616458639315,45.62908398814058,0.030654610144931156,59.465964055054265,74.65081397239567,0.004830593094500575,54.22931671703509,0.37442495564904865,76.32916406288575
2024-10-28,KZTK,38400.02,11700.0,-0.32517234916581694,3.0944609735523727,-0.6104771172244685,0.0,0.10578612176834773,1.9811488079557893,76.65065618992493,-0.0006887783284304553,49.56216496464414,0.12094831896809619,81.29426252114891,76.65065618992493,0.21920410815076224,87.73380166681494,-0.15189664033367764,41.66643917691897
2024-10-28,KZTO,812.99,6430.0,-0.9001709939082457,-0.11241100804817586,-0.4306151029162924,0.0,-0.014136771850607518,-0.178102564317835,47.331000913410215,-0.00022605756489323245,49.858334632637515,-0.015072623284380205,45.841881465590866,47.331000913410215,0.009556644564245168,55.211349222206685,-0.1401633516939333,42.48537142033325
2024-10-29,AIRA,759.5,18330.0,-4.1917939393642065,-0.18884658702996418,-0.5258166214005999,0.0,0.06431003949967083,1.2343582256693497,67.71303110413268,0.017703401360544217,61.14445210965551,0.013626450149952441,54.44971002475432,67.71303110413268,-0.015631519274376424,49.949217433178426,-0.018901521468802557,51.10964656250074
2024-10-29,KCEL,3326.9,410.0,2.8996695170773576,-2.0164648856810357,0.9999999834983502,0.0,0.012609212136566392,0.3034677254269528,54.53948121880232,0.02077054543841039,62.993023712098285,0.031609840516005384,59.74258506825817,54.53948121880232,-0.005350452325368942,52.103575350431385,-0.14393958621091085,42.22133359240955
2024-10-29,KEGC,1449.6,23780.0,-3.1280792482375115,-0.2619108207833231,0.32132128915700875,0.0,0.006376553137811481,0.19124663827793562,52.865556008851165,-0.009327278461053232,44.06095205250081,-0.0009934063912539724,50.06560451708222,52.865556008851165,0.0035574477031431323,53.96417282855124,-0.18669537475034156,39.266133222106006
2024-10-29,KMGZ,13653.3,3260.0,-0.9452484027315091,0.8596428194788787,0.7432110105145621,0.0,0.03802652163631824,0.7611147914761311,61.22236437940439,-0.0183200344029857,38.48686444844343,-0.007982756096293429,47.96516644035094,61.22236437940439,-0.015780844017127524,49.91790901997374,0.46860616843721375,80.85366910909988
2024-10-29,KZAP,19157.0,2530.0,2.382850663971061,-0.08338152769011847,0.9844961202151313,0.0,0.0683177052028725,1.3065175724638667,68.6522312988298,-0.008289665595318964,44.716737715273226,0.027381603806806085,58.51368165658921,68.6522312988298,-0.002474928141812306,52.70507641576682,0.37044048161764404,76.12237688694712
2024-10-29,KZTK,38322.0,620.0,-0.5030697865203497,0.15684141373992314,-0.9845139031573787,0.0,0.10592848084278333,1.9837120301859614,76.6781699544065,0.033227600706792815,70.07475916815145,0.12543728257546952,82.10143478772099,76.6781699544065,0.21650428698174112,87.48804247194894,-0.1521886711847726,41.64611327647461
2024-10-29,KZTO,815.91,2500.0,-0.5403795485629834,-1.0317476281832005,0.940199023189672,0.0,-0.01594116674283049,-0.21059129127880738,46.84532668346324,-0.006884144434697765,45.607943775841875,-0.016183113567030883,45.51047670559305,46.84532668346324,0.003290635755227478,53.90857790369908,-0.13536404324473222,42.82156144556398
2024-10-30,AIRA,764.99,17530.0,-3.07118546775761,-0.2168485002839744,-0.09857034623247576,0.0,0.06696239163412655,1.2821147032963303,68.33627040270494,0.019602112414790273,62.292962230651995,0.00689332996779498,52.43506609395264,68.33627040270494,-0.01775232812463367,49.50457002024668,-0.027182329253396226,50.51694076165019
2024-10-30,KCEL,3332.0,370.0,3.05443815654695,-2.1191112139907338,0.9950124192013574,0.0,0.009698659463785515,0.2510622616900153,53.75882878791348,0.02429889955982393,65.07313214404688,0.028465319461117806,58.82973138229719,53.75882878791348,-0.0027690409497132806,52.64358709077369,-0.14559108309990662,42.10599805556136
2024-10-30,KEGC,1444.0,9100.0,-3.3300448412100585,-1.094019875569632,-0.7088790816769849,0.0,0.015137125709009373,0.34898364557836464,55.21571201248802,0.006657901332278045,54.25433937925034,0.0064810271292265135,52.3113739404764,55.21571201248802,0.01017409752451301,55.33936754015747,-0.1762659125884888,39.980661890989246
2024-10-30,KMGZ,13633.8,1690.0,-0.9816472976767574,0.20264474132618118,-0.502941172772502,0.0,0.04638129009206117,0.9115451614304453,63.34223605728957,-0.01685322999771571,39.37971884255812,0.009570578094078552,53.23745517476874,63.34223605728957,-0.020955188400816123,48.833231581578275,0.4701308911186415,80.9211743106917
2024-10-30,KZAP,19149.99,820.0,2.1032137492050085,-1.2100496469544801,-9.99999994839929e-05,0.0,0.07386255506810037,1.4063544286240157,69.92675975523929,0.013111080002055863,58.317218849748286,0.03296633342765134,60.134339214157336,69.92675975523929,0.0017801847167443902,53.59366970867365,0.31336924608489775,73.02632272531126
2024-10-30,KZTK,38500.0,1950.0,-0.04428474593178786,1.2476429462066947,-0.5209580832084334,0.0,0.10819718614718615,2.0245608197205223,77.11359435604368,0.0336517316017316,70.30197921387598,0.11247546897546898,79.69500906419302,77.11359435604368,0.1847777777777778,84.27372522276806,-0.16048795093795093,41.06967966696159
2024-10-30,KZTO,818.78,33780.0,-0.43809283686803174,1.6320377687985803,0.007999998933326199,0.0,-0.02010720020146114,-0.28560210190074364,45.726421047466374,-0.011004730673627037,43.00524456069944,-0.022168332714914158,43.73186220148389,45.726421047466374,-0.007109434206603132,51.735320094597235,-0.1428559212758277,42.29705967032723
2024-10-31,AIRA,757.9,14970.0,-3.7550966355722672,-0.3747137141326361,-0.9382320619561246,0.0,0.07692673039748511,1.4615259191142618,70.61826400740179,0.052374915074443376,79.26701991577939,0.03060496573656949,59.45157114075914,70.61826400740179,-0.020138702230683345,49.00434156265248,-0.0128026679295547,51.54598707281723
2024-10-31,KCEL,3346.99,6330.0,3.5151713872128685,0.7203656852082133,0.9417142319020189,0.0,0.003563587621988905,0.14059826358563057,52.107724145397206,0.033144589631754956,70.03017117601159,0.019299106096845108,56.136085743237764,52.107724145397206,-0.02984276927546888,46.973292543747405,-0.1532639185578114,41.571298551426736
2024-10-31,KEGC,1442.0,48750.0,-3.3848215982887093,0.7022129226765916,0.0007147962319653086,0.0,0.014467352442595147,0.3369241563434542,55.03672127792618,0.006997229927569733,54.46988492690983,0.013486565726614278,54.4079794814384,55.03672127792618,0.009652700724302667,55.231269406852235,-0.17651989135460008,39.963209561615535
2024-10-31,KMGZ,13579.98,3240.0,-1.3180437361873434,0.7503048389540669,-0.15181236511928942,0.0,0.055598920171633676,1.0775116403720577,65.6222888414636,-0.01964673169972405,37.68590050183173,0.01930067942276942,56.13655168673919,65.6222888414636,-0.03865683159186922,45.136991034129196,0.4751091864063339,81.14031512871087
2024-10-31,KZAP,18999.0,610.0,1.0164640121634685,-1.491241810715786,0.1387038150290602,0.0,0.08509429105291257,1.6085855506921662,72.41520009365499,0.01839486608317731,61.56422097362581,0.06647964573323407,69.29905815276315,72.41520009365499,0.008358961561886716,54.96283455741368,0.3822692715030114,76.73264805180729
2024-10-31,KZTK,38500.0,180.0,-0.043818350162813824,-1.2122561489132,0.011235955026474672,0.0,0.10927279942279941,2.043927592580284,77.31802501628042,0.036249531024531025,71.67164621039664,0.11367103174603174,79.9267026162424,77.31802501628042,0.1586881313131313,81.15222376645406,-0.17259517316017323,40.233181368502414
2024-10-31,KZTO,811.83,18450.0,-1.2648021870886734,0.9670104686602703,-0.7866322896359412,0.0,-0.012848416217798406,-0.15490529493773877,47.67809180625353,-0.0037338894695875726,47.61483642813628,-0.008811169840859286,47.716543417394035,47.67809180625353,0.003509459302117504,53.95417433128922,-0.13667298779125123,42.72980318766538
2024-11-01,AIRA,757.25,14100.0,-3.6784894005965545,-0.4345869892466484,-0.37844602043959075,0.0,0.07529640145262465,1.4321713071197182,70.25149654178048,0.0666058918549262,84.62461982033024,0.03633475962521028,61.101448409657024,70.25149654178048,-0.027751078070713257,47.410465006197185,-0.004760022297683186,52.1210246335595
2024-11-01,KCEL,3383.54,1950.0,4.593679948444405,-0.541124587131092,0.9995407347981362,0.0,-0.010457530278938615,-0.11185660266021423,48.32278046890953,0.016931435651925,60.6738552284522,0.011075015382593107,53.68763797076335,48.32278046890953,-0.03244214026194595,46.43066687538702,-0.1712939650672054,40.32282002462298
2024-11-01,KEGC,1436.0,9110.0,-3.548501790004235,-0.9751158301345197,-0.8317913514052705,0.0,0.020108077994428968,0.43848728595835634,56.5396312713318,0.006342210505372066,54.05366552909171,0.015566517442631711,55.027804337078976,56.5396312713318,0.009797907547420083,55.261379296432814,-0.17618351350753858,39.98632454847281
2024-11-01,KMGZ,13505.0,2540.0,-1.6767603655602512,0.5068957877642918,-0.9199999926400001,0.0,0.060504701962236215,1.1658418644332889,66.80780414733553,-0.010411565822182261,43.377878493179146,0.025503667512914153,57.96436071730735,66.80780414733553,-0.01883766021403011,49.277045879778,0.4948314206084754,81.98947241264261
2024-11-01,KZAP,18807.0,560.0,-0.1307538433514976,-1.5767636747964884,-0.34704370090734266,0.0,0.08390718349550699,1.5872112864044072,72.1582869804986,0.0335470620741518,70.2459971570114,0.1119952200548428,79.60138010224213,72.1582869804986,0.023016997280647787,57.983629964827024,0.41696197268241053,78.45919991616472
2024-11-01,KZTK,38630.0,30.0,0.29011949903220857,-2.853475959039239,0.7777716026062611,0.0,0.10908661661920786,2.040575309608976,77.28273173073565,0.03741354147405791,72.27281320778792,0.10846184898240943,78.9026524936793,77.28273173073565,0.12870876600963968,77.00342179892851,-0.19640491979257835,38.605025518817705
2024-11-01,KZTO,816.0,2860.0,-0.47110774332591737,-0.8972231923540623,0.4690264656590305,0.0,-0.015084313725490222,-0.19516336923910493,47.07588996813684,-0.010075910364145646,43.589076661991925,-0.007846148459383754,48.00617505329323,47.07588996813684,-0.0018493697478991558,52.835832606379064,-0.14690856676003733,42.014050665738594
2024-11-04,AIRA,755.0,52940.0,-3.7336996455108613,0.939507859226964,-0.14217631912817744,0.0,0.07588244507516029,1.4427232164173127,70.38363982083155,0.07691445653316514,87.75457799691301,0.0643522758330706,68.75202504452953,70.38363982083155,-0.03091230421528435,46.749930233459594,-0.0020773573005361257,52.31271390824139
2024-11-04,KCEL,3399.99,24720.0,4.50317494105447,2.682871188211625,0.56553521850988,0.0,-0.01684309056091055,-0.22683072799606657,46.60278129110399,0.004047102053801629,52.59119485675956,0.004893559154725882,51.834877166973904,46.60278129110399,-0.028857354657485682,47.17919469941501,-0.1749805927580459,40.069022474728726
2024-11-04,KEGC,1439.98,31590.0,-3.211594827044174,0.3611160109751127,0.21544713257652473,0.0,0.01858501590740787,0.4110640492250291,56.13489316313267,0.0007714769903109202,50.49682450656486,0.012057074161303373,53.98118662670577,56.13489316313267,-8.481571723770176e-05,53.20444980895284,-0.1803608765068828,39.69958653232346
2024-11-04,KMGZ,13499.99,1470.0,-1.6099611332326604,-0.11247782045109805,0.005835010001659148,0.0,0.0598214324520899,1.1535393708651804,66.6439170534871,-0.010862095982210999,43.094778849652066,0.04546956605976088,63.67868096881939,66.6439170534871,-0.03428364936648922,46.04675007451672,0.5115319218508063,82.68495253720181
2024-11-04,KZAP,18969.9,740.0,0.4004737196585961,-1.2623669680363512,0.3082921584124761,0.0,0.06286445697557451,1.2083300340981251,67.3706664300074,0.03471830340120268,70.86894213822694,0.08827939941948126,74.57985756340554,67.3706664300074,0.018455231646425325,57.048822108074624,0.40438999535354114,77.8444743139867
2024-11-04,KZTK,38477.19,3040.0,-0.16077199730337272,1.6916704167088226,0.39956777917571096,0.0,0.11176237235000536,2.0887531767304233,77.78622740236155,0.052429936908879,79.29016227712509,0.1133839579786163,79.87125048717215,77.78622740236155,0.10472513026858361,73.25034455861922,-0.17459395842798597,40.095614702001406
2024-11-04,KZTO,815.0,2870.0,-0.5338501755326374,-0.833509862255739,-0.6184208492036508,0.0,-0.015103700457688236,-0.19551243376581215,47.070671940100425,0.010181022981789842,56.48304545200584,-0.00420629077806992,49.09964953926399,47.070671940100425,-0.0055354708345505856,52.06485048285134,-0.13034615834063687,43.173772285152936
2024-11-05,AIRA,775.0,46190.0,-0.7779114390796245,0.792774166311692,0.36543297285544274,0.0,0.05020828213005632,0.9804514191127993,64.29683004491645,0.06824710701484896,85.16344679523391,0.05045816692268308,65.0546892367442,64.29683004491645,-0.07238419098822325,38.27250316856103,-0.04265681003584222,49.4090815679216
2024-11-05,KCEL,3405.0,540.0,4.0755656074737985,-1.1408916587910494,0.16504852766517092,0.0,-0.01630112055101042,-0.21707237867432347,46.74850936880809,0.0017433885742255259,51.11875983365546,0.0013128872106845033,50.75900423639994,46.74850936880809,-0.029987904691979535,46.94297506591643,-0.18031926089084682,39.70243961535152
2024-11-05,KEGC,1440.0,44560.0,-3.086438276342754,0.4759452666756089,0.009372746260083916,0.0,0.022694841269841268,0.48506281448027794,57.22501573023838,0.004223809523809524,52.70398541386726,0.015476984126984127,55.00115416796365,57.22501573023838,-0.004310714285714286,52.32114694842215,-0.183,39.518797354358796
2024-11-05,KMGZ,13440.1,1010.0,-1.838002938081596,-0.4185793302530404,-0.9966101525998157,0.0,0.06852009864639846,1.3101617333699669,68.69926756404901,-0.007193071881669479,45.411798978359,0.04649812918294852,63.964316593071736,68.69926756404901,-0.015429420826422919,49.99159078927718,0.5177068038101569,82.93666869014184
2024-11-05,KZAP,19050.01,970.0,0.4863201136311418,-0.8028783674256154,0.20655870361715828,0.0,0.046628010027583044,0.915987435488938,63.40410337482451,0.024779613110731,65.35234456286452,0.10124765979417115,77.42210184903509,63.40410337482451,0.00836371548565542,54.96382147657073,0.38694175425921334,76.97069581896605
2024-11-05,KZTK,39699.0,19400.0,3.018560118130495,3.5450849290204154,8.578229879384959e-05,0.0,0.0758360098131295,1.441887134162823,70.37318183466141,0.0237535835735337,64.75514110275935,0.07406331501693098,71.2047380452362,70.37318183466141,0.05692099180260029,64.71290591331338,-0.20488194287009753,38.031245395715274
2024-11-05,KZTO,812.5,56810.0,-0.8307528548756916,2.1518820023719387,0.4696522999615624,0.0,-0.01750387667887668,-0.23872840065005765,46.42518389835451,0.013919365079365057,58.81939159354873,-0.0066709645909646025,48.359061859620496,46.42518389835451,-0.006101312576312575,51.94640309420164,-0.13422008547008546,42.90179444355482
2024-11-06,AIRA,782.06,121820.0,0.2526820777623167,1.7051574497111124,-0.3352577181337068,0.0,0.04692802481561728,0.9213893009978179,63.479275315086234,0.05218325730295536,79.18625896492256,0.04646446678876999,63.9549839290788,63.479275315086234,-0.09647361751970471,33.62550347930286,-0.04220973385714319,49.44108603348633
2024-11-06,KCEL,3422.0,6530.0,4.587072678476941,1.3516704084108848,-0.3908210758189173,0.0,-0.027741358668930263,-0.42305765062535766,43.68799018595412,-0.004768603248819497,46.95449499023996,-0.006378410239997032,48.44693754670201,43.68799018595412,-0.027953209855927585,47.36820018431929,-0.18358972150325167,39.478438334777394
2024-11-06,KEGC,1457.53,67500.0,-1.7440175771080628,0.7531323818541277,0.9955594584565112,0.0,0.01357469204804957,0.3208515106314415,54.797963912594284,-0.007896151245872668,44.965938467090325,0.006494925430487521,52.3155439450665,54.797963912594284,-0.01608006849269566,49.85517185580976,-0.19549941933183546,38.66650637791205
2024-11-06,KMGZ,13441.0,1280.0,-1.7247084484863833,-0.18167003010697727,-0.01181007457446968,0.0,0.06833626498760598,1.3068517475279056,68.65654619488211,-0.009493345461588152,43.95618145584429,0.050782458758619385,65.1433055334775,68.65654619488211,-0.017029806750962172,49.656048113414144,0.5182102529809881,82.95706287047592
2024-11-06,KZAP,19453.0,2250.0,2.3599897926568025,0.2686056606651314,0.9392857126084184,0.0,0.027994179846581764,0.5804791586716328,58.620223945803765,0.002648906195559668,51.69790146995166,0.08192034204949823,73.10284489994588,58.620223945803765,-0.01578463276158492,49.917114647485526,0.3104133058597074,72.85924964141034
2024-11-06,KZTK,39900.0,4740.0,2.9104814969776096,2.0585570542079914,0.19516301017755383,0.0,0.0727201545530493,1.3857851294237482,69.66658915797896,0.02306645781119465,64.35258974952315,0.06733393901420218,69.51722433754588,69.66658915797896,0.036307059314954,60.67236610233853,-0.21731299081035924,37.19588226692943
2024-11-06,KZTO,811.99,6070.0,-0.7989541093736616,-0.08446796827442125,0.5366794952371062,0.0,-0.01011853955410745,-0.10575296251536012,48.41423756679226,0.010343647509538116,56.585361142834046,-0.003091588776505845,49.434745674951344,48.41423756679226,-0.008454035842180387,51.4536889688385,-0.1337078153574102,42.93773531171209
2024-11-07,AIRA,799.65,51350.0,2.4994495771292864,0.6554999514915064,0.9599999451428576,0.0,0.012221703691793758,0.2964905076840124,54.435666048019286,0.02835268309349629,67.3936985422392,0.013764109967753778,54.49077082108912,54.435666048019286,-0.1303182981840269,27.61035107174016,-0.07806782342274743,46.87784782353142
2024-11-07,KCEL,3467.0,51250.0,5.876393518271817,2.6530030644990243,-0.13669064617083312,0.0,-0.023877908030821234,-0.35349494378678825,44.71736434609186,-0.016279801507181085,39.730743112853155,-0.018895368920570827,44.70278337014973,44.71736434609186,-0.038090475732644805,45.2546408331472,-0.19661467487100606,38.59078893170377
2024-11-07,KEGC,1456.0,60650.0,-1.716855409626139,0.5814090641064721,0.9524726427442244,0.0,0.02629065934065934,0.5498067084070751,58.173115808104846,-0.005127258852258853,46.72584229257343,0.006859432234432233,52.42489777323479,58.173115808104846,-0.01506221001221,50.068582732688505,-0.19598394383394385,38.63360405982941
2024-11-07,KMGZ,13350.0,4770.0,-2.2975171353889574,1.1338149905125574,-0.9999999900000002,0.0,0.07290157838416263,1.3890517255212318,69.70799150644565,-0.006318169252719798,45.96764315111607,0.06716191813804176,69.47336431099548,69.70799150644565,-0.03259436418762261,46.398914641525394,0.5246118601747816,83.21469800381445
2024-11-07,KZAP,19400.0,5610.0,1.770290039399431,1.0189803993468816,-0.5027349552325426,0.0,0.02168122238586156,0.46681227115074564,56.95676419365583,0.0014002986417934872,50.89924300216351,0.08109846588119791,72.90803906933574,56.95676419365583,-0.02241700212731148,48.52695204150569,0.2879946162657503,71.57119887256974
2024-11-07,KZTK,40000.0,10370.0,3.0203338120766436,2.088154891943212,-0.7783609276615713,0.0,0.06802142857142858,1.3011830137010452,68.58330736949618,0.019776837301587354,62.397982738331606,0.06481547619047619,68.8715854085294,68.58330736949618,0.02598531746031746,58.58888728775269,-0.2173888888888889,37.19080478771505
2024-11-07,KZTO,811.0,6020.0,-0.9133000024191812,-0.03749407441460942,-0.5025379435182861,0.0,-0.0034150695790029963,0.01494523201562528,50.22417697807157,0.014206303701094105,58.997226282588855,-0.005519295696083614,48.70504661170663,50.22417697807157,-0.025242271935490185,47.9353345382272,-0.1385743389505412,42.59660588933135
2024-11-08,AIRA,809.74,54510.0,3.651308340341581,0.5634291499839322,0.9479999052000113,0.0,-0.010497991183531029,-0.11258511463260039,48.311865165631055,0.009945336990395888,56.334665091682425,0.0008928118706337859,50.63272021814408,48.311865165631055,-0.15955589578822282,22.986406213577226,-0.09134784686913025,45.932000613243645
2024-11-08,KCEL,3450.0,7030.0,4.610882195018311,0.21764586582824616,0.10361741135968594,0.0,-0.025442546583850922,-0.38166677854484793,44.29988656255554,-0.0028703243616287097,48.16660189350219,-0.022166959972394696,43.73226847227725,44.29988656255554,-0.02942693236714982,47.06016941184081,-0.1972339544513457,38.5487683140586
2024-11-08,KEGC,1449.0,115980.0,-1.9998538735563052,1.229706800710062,0.12499999218750048,0.0,0.031243719806763316,0.6389882006613513,59.46911727345214,-0.002028364389233961,48.704994919450584,0.007582798481711525,52.641841334468566,59.46911727345214,-0.009506849551414731,51.23310839508041,-0.1942543823326432,38.75109977157904
2024-11-08,KMGZ,13401.0,1000.0,-1.632586909433444,-0.4977394878846359,0.5187969885804737,0.0,0.06497785293208395,1.2463824274447217,67.87055647823873,-0.013620106175445328,41.37220428248428,0.06870013884891318,69.86430180915264,67.87055647823873,-0.042660683904186245,44.30688993434255,0.5199511998038526,83.02743745825745
2024-11-08,KZAP,19488.9,1060.0,1.959218896145505,-0.8130232941893216,0.9053075633871155,0.0,0.011965553322293924,0.29187843554198817,54.367021042621346,-0.0006165040710598164,49.608423425140884,0.07549288568779934,71.55598287285162,54.367021042621346,-0.02577041337205629,47.82479981801584,0.24397453774053068,68.9380394533361
2024-11-08,KZTK,40180.0,120.0,3.1821307614411367,-2.853475959039239,0.056872230347273664,0.0,0.05937521984403517,1.145505165241946,66.53667194413777,0.010216365245285106,56.50528586718559,0.06093209861180244,67.86154779479851,66.53667194413777,0.02118539765499696,57.60894271804408,-0.22473490957358558,36.7007183219543
2024-11-08,KZTO,809.99,7500.0,-1.019046716972356,0.21567085513490705,0.4261118470427788,0.0,-0.007141941405508249,-0.052158328137274584,49.217688925010435,0.008892030550249749,55.67018666871688,-0.005555611469434182,48.694134545554455,49.217688925010435,-0.022787795151106127,48.44928008140661,-0.13640506237878303,42.7485809639125
2024-11-11,AIRA,815.12,13780.0,4.141575132662495,-0.8117346285846985,0.05078124504089222,0.0,-0.024584287443508178,-0.366213538795315,44.528791923517225,-0.01637665347160881,39.6713798732444,-0.004573242969776002,48.98935443320559,44.528791923517225,-0.17151254589839338,21.259470624913888,-0.08534604370259237,46.3591472186336
2024-11-11,KCEL,3422.98,20320.0,3.2239939141050713,1.2790633366159505,-0.7159636818657465,0.0,-0.018238920027633963,-0.2519630993100798,46.227735287578696,0.018741531582941638,61.77402979699171,-0.011404197296479913,46.93911288124557,46.227735287578696,-0.028376094810917102,47.27978916383957,-0.18776775614481284,39.19291800844571
2024-11-11,KEGC,1445.0,64709.99999999999,-2.036319047607954,0.5904320573562012,-0.025748084499082058,0.0,0.03483384412588564,0.7036295767052703,60.400424774280935,0.005879853902345296,53.759525655796246,0.01451067309276652,54.71334589061638,60.400424774280935,-0.005274004503762288,52.11957534803947,-0.19311585516559565,38.828515844320975
2024-11-11,KMGZ,13390.0,1120.0,-1.652759750995332,-0.3844110408092689,-0.10083493806005014,0.0,0.06507466837369749,1.2481256214992744,67.89335991962867,-0.007203178159488839,45.40538465278295,0.06364326700807285,68.56853312210237,67.89335991962867,-0.03387666465142193,46.13155926737697,0.5178366451509655,82.94193027633145
2024-11-11,KZAP,19680.0,2720.0,2.6663192588755096,0.2950619111122133,0.8548269987304337,0.0,-0.009708304297328689,-0.09836654100380854,48.52493004234892,0.0038839769647695662,52.48705028994068,0.04436146922183507,63.36987552842616,48.52493004234892,-0.035145547812620984,45.86722018283021,0.2524677700348432,69.45646936644874
2024-11-11,KZTK,40599.0,7530.0,4.24114549600914,1.1623527151376012,-0.3553482625565574,0.0,0.048220984331070776,0.944669464807974,63.80248521976932,0.004075974777703884,52.60962585695543,0.04784510587875141,64.33688437989206,63.80248521976932,0.010233305535322916,55.35163961687738,-0.24382423080441812,35.44017775774283
2024-11-11,KZTO,825.51,263040.0,0.8867908937442098,3.7730712109893183,-0.14279731694310346,0.0,-0.027384969291710567,-0.4166407419884589,43.782732768603914,-0.011831742397628919,42.48703375614994,-0.0227013697593003,43.57417099094764,43.782732768603914,-0.04552539319127971,43.714880173426806,-0.1521341640319318,41.64990686219446
2024-11-12,AIRA,830.0,35890.0,6.375006675854622,0.2972940667222462,0.762892663728947,0.0,-0.03638782271944922,-0.5787400962617981,41.405088904633715,-0.03646008318990245,28.22393991082507,-0.01303021610250526,46.4523395495255,41.405088904633715,-0.1942797379996175,18.238127882857718,-0.10465003824823098,44.98750404213626
2024-11-12,KCEL,3420.2,266360.0,2.7284676375621686,3.8523058898254123,-0.8294573584957212,0.0,-0.014830145897900653,-0.19058699342003582,47.14430627605044,0.017095687874003472,60.77415411526125,-0.011883872937904813,46.79544995308576,47.14430627605044,-0.04146566315160252,44.55433709267742,-0.16751569466372976,40.583465056086624
2024-11-12,KEGC,1450.0,123740.0,-1.4918782606744414,1.2341071705638935,0.3342227929137555,0.0,0.03040652709359612,0.6239142689022695,59.25093247688924,0.002666215106732316,51.70896777977353,0.015753913519430767,55.08357463045023,59.25093247688924,-0.006793240284619591,51.80153258195732,-0.19587671045429667,38.64088500013384
2024-11-12,KMGZ,13379.99,2750.0,-1.6630959998701351,0.5138599562448829,-0.11989436514178162,0.0,0.06659637368669825,1.27552442906752,68.25064896637048,-0.006525504664410223,45.83582260840669,0.07143400770330613,70.55202480417057,68.25064896637048,-0.040259327355299565,44.804401262052686,0.5226985242882889,83.13802244723611
2024-11-12,KZAP,19573.89,1190.0,1.9031639633263222,-0.6973391141287911,-0.39446036072555635,0.0,-0.005048216744346646,-0.014460122971036497,49.78309951601796,0.024163524585557684,64.99431445547903,0.055131145793367364,66.32133261654943,49.78309951601796,-0.028728434707323516,47.20613974533716,0.2886309590394823,71.6082638398208
2024-11-12,KZTK,40750.0,33440.0,4.337042560512421,2.445040212703975,0.30365659767769265,0.0,0.031202659947414474,0.6382489043104306,59.458425109676824,0.015421874087058135,59.74793769591287,0.05097214918687312,65.1950920569318,59.458425109676824,0.018766311227967673,57.11273717019847,-0.2263458029019379,36.59361092550524
2024-11-12,KZTO,826.02,7980.0,0.5626682564330063,0.277705907493509,-0.9542980463222942,0.0,-0.016021152289636735,-0.21203145750972077,46.823810772744395,-0.011223785051901167,42.867829538884756,-0.023955853715060493,43.2035682220147,46.823810772744395,-0.06069722023333918,40.613102134097076,-0.15048293590262432,41.76487562419816
2024-11-13,AIRA,825.0,40310.0,5.470010510052965,0.4134348396176532,-0.3846153550295881,0.0,-0.024675865800865858,-0.3678624374153186,44.50435591885539,-0.03421991341991342,29.400227514195453,-0.007133441558441585,48.22016676910711,44.50435591885539,-0.17832774170274168,20.318390512869765,-0.09470227272727272,45.693523166623166
2024-11-13,KCEL,3415.0,87290.0,1.311370126664093,2.647104498079292,-0.9999999931034483,0.0,-0.022431578121731854,-0.32745329530151523,45.10393994548977,0.0031253991494108197,52.00247874526913,-0.011863642543401026,46.801507903187854,45.10393994548977,-0.03218663517627651,46.48396891361073,-0.179220485602733,39.77779472159523
2024-11-13,KEGC,1449.99,7220.0,-1.2330327766635278,-1.7211013804927657,0.7306665692444598,0.0,0.03317066731002087,0.6736835279266238,59.96987643101931,0.0037780414249162933,52.41940581791762,0.013677392873645415,54.46490579009353,59.96987643101931,-0.010961003499531531,50.928363700369786,-0.19834311288353718,38.47355012826531
2024-11-13,KMGZ,13350.0,870.0,-1.747018760235403,-0.6669434540084628,-0.5745903322559046,0.0,0.07492243178170141,1.4254378594788077,70.16699506017244,-0.007950454788657085,44.93153435436559,0.07896475387907977,72.39817558964137,70.16699506017244,-0.039781197610130194,44.903587370581114,0.5263388576779027,83.28366696067685
2024-11-13,KZAP,19557.5,870.0,1.5466219863072876,-0.8448303537693567,0.049999999833333336,0.0,0.006497217454027433,0.19341923920934417,52.898036764210076,0.017464993943378256,60.99933404446061,0.058521492028998735,67.22597557713482,52.898036764210076,-0.036817670777459226,45.519233780613774,0.26460730005539224,70.18897186443945
2024-11-13,KZTK,40929.0,370.0,3.782595329704291,-2.3526431194978357,0.9045202118030091,0.0,0.02659750116054639,0.5553314968829706,58.25375138561502,0.016108304625082462,60.16987753679683,0.0473393638984583,64.19719884856171,58.25375138561502,0.00922554769641741,55.142673373018134,-0.20805821727870213,37.81710319940162
2024-11-13,KZTO,822.6,11570.0,0.13991867837291933,0.6158321889322199,-0.6999998250000323,0.0,-0.02033358080650205,-0.28967815958530785,45.66573321321991,-0.011943760202841193,42.41696687155876,-0.021099712583793576,44.04837658474287,45.66573321321991,-0.043341626723628894,44.166015858889715,-0.14388115122781428,42.225416076616675
2024-11-14,AIRA,824.5,25570.0,5.07853714799945,-0.19353445391501442,-0.965811883263934,0.0,-0.025681213000664203,-0.38596404633474257,44.2362746726807,-0.03121085265721409,31.02432442301532,-0.00888554342699278,47.6942278134633,44.2362746726807,-0.17941080428735062,20.171728136549195,-0.09798129818937884,45.46059674405167
2024-11-14,KCEL,3420.0,14170.0,0.17950296860383824,0.8289977434688414,-0.8823529307958479,0.0,-0.015610213032581519,-0.20463236024029557,46.934364778483655,0.016297117794486213,60.2856769022961,-0.01629152046783626,45.47814553769863,46.934364778483655,-0.04295695488721804,44.245585730587486,-0.1905282999164578,39.00467028848702
2024-11-14,KEGC,1452.5,18640.0,-1.0297310388277923,-0.7726515534076093,0.5982905343706516,0.0,0.032009997131382674,0.6527852773895347,59.66849337788752,0.0038317173455727676,52.45368136423819,0.013223532224134632,54.32949419220494,59.66849337788752,-0.014148991202906865,50.26005227071069,-0.20372181583476756,38.10957711751901
2024-11-14,KMGZ,13302.01,1430.0,-2.038394813267001,-0.17000803187260177,-0.9795938884776814,0.0,0.07510440629344911,1.428714370763288,70.20813091328326,-0.00670060807793187,45.72453996516258,0.08183892366224685,73.08358620284974,70.20813091328326,-0.03250827191523734,46.41687218406083,0.5238486554046021,83.18414654302896
2024-11-14,KZAP,19480.0,670.0,0.9309705393014711,-0.8158912860927962,-0.3963365499563265,0.0,0.022825591571330787,0.4874170169131636,57.25958788448483,0.02392628010821022,64.85598906677643,0.05077411590234998,65.14102706562328,57.25958788448483,-0.02779782031224528,47.40069108753177,0.269009423584629,70.45208639726707
2024-11-14,KZTK,40900.01,17490.0,3.696385468229741,1.5032186321978234,0.3162564099861091,0.0,0.04928768603368942,0.9638757818478578,64.06820058488066,0.021569748012791018,63.4687554669578,0.0514927174522016,65.33702533795476,64.06820058488066,0.00626282475420898,54.52730491392309,-0.20679140379270605,37.90245444882444
2024-11-14,KZTO,824.73,12330.0,0.3910407099316649,0.5892458925995573,0.7443762020065227,0.0,-0.020525650429318015,-0.2931364366842178,45.61425350544678,-0.015719048687218292,40.07503337721847,-0.020793312760944038,44.139219577487545,45.61425350544678,-0.06771017024041925,39.20273558150031,-0.15390653066544724,41.52660470590111
2024-11-15,AIRA,820.0,29440.0,4.27710159581714,0.03949244280982516,-0.5493866656302983,0.0,-0.01726984126984127,-0.23451451568722473,46.4880747203099,-0.04295779132791328,24.978790409975886,-0.005841037553232685,48.60837489814596,46.4880747203099,-0.12194799651567945,29.035232013650415,-0.07999529616724738,46.740411317102904
2024-11-15,KCEL,3449.5,660.0,1.0278849628046791,-2.2748983032941794,0.6605478491796617,0.0,-0.04031665964931655,-0.6494801049144447,40.37923954526462,0.0032000116764104563,52.050158640811716,-0.026300699434240526,42.51291484524029,40.37923954526462,-0.043104827304164164,44.2149946101168,-0.1905254560702379,39.004864049398805
2024-11-15,KEGC,1450.01,22020.0,-1.1495783564611195,-0.606010710140784,0.23574726721921468,0.0,0.03651599468991074,0.7339172540964032,60.83425095568479,0.006589495225703431,54.21086744712353,0.01631797690940939,55.25136589683343,60.83425095568479,-0.012451274794163972,50.615978541162136,-0.19819945985594184,38.48328893996609
2024-11-15,KMGZ,13255.0,1490.0,-2.2667917310038734,-0.12890642505166167,-0.6666666444444451,0.0,0.08495497955248991,1.60607720104029,72.38512649838023,-0.007617698771951884,45.14242753041191,0.08461653943106226,73.73566256769246,72.38512649838023,-0.01817399498841407,49.41617071868416,0.5267911488926013,83.30169208344664
2024-11-15,KZAP,19530.0,360.0,1.036044800098244,-1.2122677766904533,-0.9999999845631371,0.0,0.02369278033794163,0.5030310375377357,57.488703390064586,0.023809408602150535,64.7877551552481,0.036794726062468,61.232852501049514,57.488703390064586,-0.026548860727086496,47.661917712684854,0.28296321044546857,71.27711100680902
2024-11-15,KZTK,40700.0,400.0,2.7236859908201394,-2.2746817881345587,-0.9999999971180726,0.0,0.055211731211731216,1.0705401750598962,65.5278638601777,0.024313138138138138,65.08141731642121,0.05501923091923092,66.29126099398268,65.5278638601777,0.041543901368901445,61.71527867190392,-0.18532258687258685,39.35992866323192
2024-11-15,KZTO,819.4,6870.0,-0.26831851828557524,-0.07093153186713153,-0.9005326997277716,0.0,-0.01190005850196236,-0.13782980053020896,47.93373044886608,-0.008449793209123124,44.615408944049115,-0.015587601070857132,45.68814856241418,47.93373044886608,-0.051104964433906316,42.567098329938176,-0.1487341800620663,41.886732516642056
2024-11-18,AIRA,803.99,54010.0,2.0358126375111203,0.580168517395136,0.08856405593109709,0.0,0.0025995545579517373,0.1232405293480506,51.84776608815198,-0.03275395687717822,30.185268040693813,0.016626108158574966,55.34297509718782,51.84776608815198,-0.07745354610842714,37.27323229999182,-0.061208626296781296,48.08176711490743
2024-11-18,KCEL,3496.45,91660.0,2.3871629192044272,2.6586642098301505,0.8911764618512076,0.0,-0.0357341725008154,-0.5669709078359698,41.576513545569036,-0.015743769162009372,40.059834600221514,-0.03757674221494949,39.23673591535873,41.576513545569036,-0.057070015556595174,41.34884700432183,-0.2053570621687257,37.99918331694751
2024-11-18,KEGC,1457.43,85950.0,0.33032734917929796,0.9252008911416653,0.9999999194847087,0.0,0.030433520624857213,0.6244002963625744,59.25797313415019,0.0011055260597339369,50.710612705662626,0.01515688130737631,54.905850125459345,59.25797313415019,-0.01840142165612467,49.36849390029081,-0.20011537031264756,38.35347792627132
2024-11-18,KMGZ,13330.0,4019.9999999999995,-1.6237637009931842,0.8635983232652809,-0.25919066340225183,0.0,0.07954802182688528,1.5087231384712734,71.20238785521462,-0.001505467140594716,49.03952192820113,0.08237994260469879,73.21139528117331,71.20238785521462,-0.03145584878362448,46.63646540207933,0.509666750913919,82.60834471135239
2024-11-18,KZAP,19810.01,1400.0,2.485089435927037,0.21868888432243255,0.2179329602850945,0.0,0.0013762357340941223,0.10121426922847993,51.5177476179494,0.005814265983800495,53.71777855591813,0.010721633045176223,53.58194428549608,51.5177476179494,-0.04223587551553114,44.39482123817115,0.29124613281947265,71.76028282738888
2024-11-18,KZTK,40875.0,1550.0,3.1034592808391612,-0.6264534777331668,-0.09701540797571667,0.0,0.053720216251638274,1.0436849547832712,65.16298161312034,0.033369357070045146,70.15081324140728,0.04929246541430027,64.7352921672901,65.16298161312034,0.06404064001747489,66.06413455525006,-0.1820492973642056,39.58389106004624
2024-11-18,KZTO,817.99,17080.0,-0.4142354411773803,0.883461164598944,0.08338982485492837,0.0,-0.014843947722611594,-0.1908354998398498,47.1405908549794,-0.007594080083448852,45.15740324154688,-0.019316478701082437,44.57761883578223,47.1405908549794,-0.05400399336876285,41.97380165340899,-0.14631183498672795,42.05568984260443
2024-11-19,AIRA,801.99,22210.0,1.5834305382455516,-0.3403556465022164,0.0016806719864401415,0.0,0.0047476489731792595,0.16191767992274456,52.42685672755121,-0.029017720919213494,32.238544570627916,0.025378149353483204,57.92757298987703,52.42685672755121,-0.09028550885921272,34.793458514167185,-0.05738613355528127,48.35509273267684
2024-11-19,KCEL,3487.95,740.0,1.720355471679489,-2.175943314593978,0.38046271515519225,0.0,-0.0392274362959822,-0.6298682781028548,40.66284322805178,-0.021284547820762504,36.70634809852466,-0.04155717459907882,38.101424008226395,40.66284322805178,-0.053310027943143025,42.115619865150585,-0.2051301945166317,38.01449153273171
2024-11-19,KEGC,1457.8,18330.0,0.363248230534212,-0.7894224427677897,0.508452469642049,0.0,0.026704042185768103,0.5572498032877876,58.281739218797235,0.0035559462290427383,52.27755980309809,0.018271530268484625,55.83153975338286,58.281739218797235,-0.01598578054123734,49.87494078263172,-0.19623832242322087,38.61633427622081
2024-11-19,KMGZ,13328.98,4510.0,-1.301788721066777,0.9786135926101821,0.9741772028585054,0.0,0.08212655353639639,1.5551504549259931,71.77018140921719,0.022864218534018054,64.23371794332826,0.08234479720962226,73.20310431071739,71.77018140921719,-0.03202832999557685,46.51699769048261,0.5096402286221451,82.60725343907748
2024-11-19,KZAP,20099.97,2360.0,3.763272729156357,0.7408778133094673,0.42823663781585175,0.0,-0.007383164488020974,-0.05650162953887907,49.15255671756824,-0.015156971890292146,40.42112256527301,-0.0007517007523608395,50.13828042449588,49.15255671756824,-0.06638139353477363,39.46866161229815,0.2651433256563495,70.2210820773813
2024-11-19,KZTK,41489.0,750.0,4.560960865557553,-1.201963628669035,0.36141906833545556,0.0,0.03675146370791718,0.7381569516630232,60.89484372743629,0.04531619411838747,76.13998135229949,0.03587504532660599,60.96995498091265,60.89484372743629,0.04071265884397739,61.55042862661075,-0.1821512515365518,39.57690858319824
2024-11-19,KZTO,818.99,2610.0,-0.28668991004699207,-0.9950890694965449,-0.0025062650360215153,0.0,-0.016553470311961888,-0.22161601960212418,46.68064902961835,-0.013697569925946352,41.32410553896035,-0.01383616355181579,46.21131146458645,46.68064902961835,-0.057450833571237654,41.271413814820924,-0.1372342348066347,42.690474518514456
2024-11-20,AIRA,799.0,19780.0,1.0516887312372478,-0.3296959883125709,-0.5412369739080028,0.0,0.007668987524087647,0.21451734696353164,53.213325334322825,-0.02836915886922146,32.60235898006694,0.017944689790809938,55.73457983004997,53.213325334322825,-0.06463687148618308,39.81873662798431,-0.042166364701909126,49.44419068943847
2024-11-20,KCEL,3434.91,9200.0,0.1591730468235229,0.34432776124125186,-0.3608723494435898,0.0,-0.03334816439011151,-0.5240100424680663,42.20396439639894,0.007491093888784264,54.7832920057284,-0.009714337763892316,47.44561450927393,42.20396439639894,-0.03713747523155451,45.452727867293476,-0.18514537289463875,39.372042505132534
2024-11-20,KEGC,1459.39,13490.0,0.5630005657253395,-1.096011808434097,0.2699999807143014,0.0,0.02471692329432694,0.5214710702724846,57.75887249875337,0.0009070511467228278,50.58359329809201,0.028752975705113516,58.91350105965891,57.75887249875337,-0.017122902969788377,49.63652988641192,-0.20017990407385913,38.34910836897176
2024-11-20,KMGZ,13279.97,1040.0,-1.4991036481921838,-0.4884611518950517,-0.23153845857003655,0.0,0.08429606059273351,1.5942131471875547,72.24260922464119,0.02890423333632273,67.70324847593285,0.08353461791921005,73.48288260827121,72.24260922464119,-0.02143854597539186,48.73194756841826,0.5126197382414244,82.72950891751074
2024-11-20,KZAP,19951.97,860.0,2.76028145089189,-0.2686054890660987,-0.4285072170992216,0.0,0.007674323868731018,0.21461342961419494,53.21476061883833,-0.0053293584945039735,46.597058214935046,-0.0021675214491888566,49.712573975461794,53.21476061883833,-0.06328927346482902,40.08987724908506,0.25974081244282754,69.89654007712521
2024-11-20,KZTK,41699.0,750.0,5.05389394745917,-1.2019636212088805,-0.25563909678331165,0.0,0.03247102774913334,0.6610862861794105,59.788294713744115,0.04204865277877701,74.58707210609946,0.028699487997314088,58.897928557588585,59.788294713744115,0.03284302954240843,59.97705621487741,-0.189608695385714,39.06734412796393
2024-11-20,KZTO,815.0,7990.0,-0.7749190060902255,0.12374531587638027,0.004016063853805183,0.0,-0.007546350667056187,-0.059439850677350484,49.10849673083166,-0.006393314831044904,45.919860175576446,-0.0035039000876424184,49.310791191591065,49.10849673083166,-0.058812873697536266,40.994820724546635,-0.1290648651280553,43.263819883909896
2024-11-21,AIRA,801.0,23450.0,1.2441804213306553,-0.1594970906144605,-0.11111110288065905,0.0,0.0026162698412698186,0.123541493553911,51.85227437080169,-0.030200191724629927,31.58075961522131,0.005377113429641485,51.980060900408986,51.85227437080169,-0.06861298377028714,39.02242070884511,-0.057630149812734024,48.33764134555992
2024-11-21,KCEL,3485.0,1790.0,1.5880663421332777,-1.331749006410962,0.9566736414161566,0.0,-0.032419598164469064,-0.5072909003888554,42.448844030902386,-0.008502099132335836,44.58231940183034,-0.030508649882717308,41.28096654486646,42.448844030902386,-0.060737605611350234,40.60493335413213,-0.20640965247887771,37.92818956820544
2024-11-21,KEGC,1462.0,17040.0,0.892090997100118,-0.8623978003440782,-0.2021276326957916,0.0,0.018881659718150815,0.41640521917259893,56.21378898258011,0.0026348332356197672,51.68890391610621,0.026814996308600986,58.34815781654083,56.21378898258011,-0.017967928256573947,49.45937064469736,-0.19860894512843896,38.455530736524466
2024-11-21,KMGZ,13248.91,4740.0,-1.6699999615110348,1.0283534951293383,0.11234991263079999,0.0,0.10293711132936213,1.9298514324976208,76.09528998989686,0.047917190180532726,77.32866947809167,0.0822911629043506,73.19044858100692,76.09528998989686,-0.0018232041562496193,52.84130098575447,0.5117918276337869,82.69560639572036
2024-11-21,KZAP,19998.85,1070.0,2.918765570212477,0.018868457913676535,0.9846666601022028,0.0,0.004125006593633178,0.15070679789764566,52.25906290656197,-0.002677020503083616,48.29017733542253,-0.00938033346937291,47.545791187186346,52.25906290656197,-0.07171728679954653,38.4047249063738,0.2613870664924345,69.99564778419168
2024-11-21,KZTK,41893.0,1900.0,5.511871827649598,-0.2724338732492005,0.9609756074122546,0.0,0.02455645077841925,0.5185817095363532,57.7165700471159,0.030134929321070803,68.3883657987835,0.020253554340441765,56.418545694283175,57.7165700471159,0.02545218904245472,58.48036470407205,-0.19541460055644413,38.67226718148413
2024-11-21,KZTO,814.0,5560.0,-0.8850036694876683,-0.2824967286038227,-0.47467158073704063,0.0,-0.0038702166452166432,0.006750158517558924,50.10125223935776,-0.007673098748098725,45.10730397151945,-0.007224487149487151,48.192826340342286,50.10125223935776,-0.052134043134043136,42.35623928083661,-0.12548191373191372,43.51585950757164
2024-11-22,AIRA,787.0,77790.0,-0.619139235908062,1.0396442546954898,-0.3333333209739221,0.0,0.009314990117181936,0.2441541681796519,53.655777095714996,0.0007637587987333392,50.491884693175884,0.015772510639156127,55.089108559702524,53.655777095714996,-0.05464383433169964,41.84316156437866,-0.04451988614590266,49.275716620844264
2024-11-22,KCEL,3469.9,8540.0,1.0767550022322177,0.26988554671235765,0.5973333253688914,0.0,-0.03756699912901758,-0.5999715576089808,41.096369700810506,-0.00852214865301916,44.56963703391199,-0.026850756666058285,42.35131238837393,41.096369700810506,-0.048362298144999455,43.13037504499791,-0.1851175433329812,39.37394497332658
2024-11-22,KEGC,1463.5,7940.0,0.9168521824902546,-1.450907249802747,-0.33222031181630957,0.0,0.015720289071100478,0.35948369483381293,55.37144722486707,0.007119573239841439,54.547558220003644,0.02643116821492291,58.23592230084179,55.37144722486707,-0.022505598939268224,48.50839254137087,-0.1964471991746249,38.60215575745945
2024-11-22,KMGZ,13190.0,3640.0,-1.8898141673669968,0.5429283687806832,-0.19191918998061425,0.0,0.11980572613933115,2.2335764225942873,79.25139259811434,0.05846732403095184,81.71389813571572,0.08637776875218119,74.14382331879119,79.25139259811434,0.0064484981407271075,54.5659125967147,0.5028115025211499,82.32448114548765
2024-11-22,KZAP,20048.0,1760.0,3.011381226092752,0.5165230783796401,0.9619120075993907,0.0,-0.0017769863438858585,0.04443946257149995,50.66655244849072,0.018766934911767313,61.78938725174975,-0.023305050101977476,43.39573798644004,50.66655244849072,-0.08912930300611865,35.013777250487905,0.26202126452070595,70.03377796328144
2024-11-22,KZTK,41800.0,390.0,4.522187108698626,-1.5965211655512739,-0.2657995497775213,0.0,0.0455949096225412,0.8973861209278421,63.14475094406824,0.03353444026733501,70.23924232801085,0.022507249183564976,57.083823142194646,63.14475094406824,0.0277385395306448,58.945176932905156,-0.18909932596643123,39.10207474758798
2024-11-22,KZTO,814.7,3750.0,-0.795560102878689,-0.6502366218318875,0.34177206537419125,0.0,-0.004789028340357097,-0.009793350012988191,49.853100172478506,-0.003652835643074426,47.66660222475625,-0.009358620955030733,47.55230403413424,49.853100172478506,-0.05612565916755808,41.541050522044145,-0.11533979490941258,44.231075748810724
2024-11-25,AIRA,779.84,479550.0,-1.4992890476801155,2.731948267115706,0.6308419597955645,0.0,0.008343917026528806,0.22666967593388326,53.39481407237411,0.014675019051527025,59.28721264201262,0.03158361910623909,59.73499990686395,53.39481407237411,-0.034164328051012535,46.071612404440444,-0.04080561108180117,49.54160464379079
2024-11-25,KCEL,3450.9,2400.0,0.5055385876201929,-1.038500203715027,0.1386595417841255,0.0,-0.028779961369635825,-0.4417580358401379,43.41215296037023,-0.00019157818043328808,49.880404208046805,-0.018856188137256147,44.71443233507695,43.41215296037023,-0.04965544606031004,42.86456330206429,-0.16772996136963583,40.5686694585526
2024-11-25,KEGC,1463.0,10910.0,0.8650975356739575,-0.9312086559509195,-0.1267175379057439,0.0,0.017352337282600445,0.3888692627929654,55.80672016667118,0.005305399863294662,53.39370956124036,0.025988921166552804,58.1064986584621,55.80672016667118,-0.018478898002582216,49.35225232634614,-0.1954117433735855,38.6724612439117
2024-11-25,KMGZ,13346.14,8530.0,-0.443744297739695,1.394533646010754,0.9999999959372715,0.0,0.14889712863354276,2.757376748465193,83.94883467082997,0.046541508609552064,76.70523872257587,0.07423547119598772,71.2471733477138,83.94883467082997,-0.011210584446734052,50.876051856765784,0.480644274025394,81.3816913887709
2024-11-25,KZAP,19979.0,8580.0,2.4226331898821445,2.0864578720785647,0.8618522168053723,0.0,0.002653129019597609,0.12420515525338637,51.86221556101665,0.054781919586994916,80.26157823796748,-0.020679119921155308,44.17308612824975,51.86221556101665,-0.08593557850822729,35.62566036775058,0.2792939994335323,71.06150271958104
2024-11-25,KZTK,42350.0,15940.0,5.4215042611067945,2.223601605818957,-0.4394048438096465,0.0,0.03318903646858193,0.6740142707033658,59.97464022651566,0.018777095631641087,61.79552920467513,-0.003512563951200391,49.30818663181642,59.97464022651566,0.025592437360619183,58.50892139957179,-0.2048872917486554,38.03088438363487
2024-11-25,KZTO,814.0,5330.0,-0.8757758834070477,-0.29864311382247394,0.33333322222225925,0.0,0.0003057281307281348,0.08193942568657929,51.22884387897359,0.0033139347139347136,52.122952031188404,0.003651997776997729,51.46197111474282,51.22884387897359,-0.05237638742638749,42.30662291686498,-0.10607670430170432,44.8864083809792
2024-11-26,AIRA,780.9,530510.0,-0.8860930289426189,2.787532896576376,0.04499999887499889,0.0,0.01458962201733046,0.33912566048555237,55.069406566791436,0.03736380016342569,72.24728510279084,0.03625834629151953,61.079602812647806,55.069406566791436,-0.0214943439803889,48.720256162788395,-0.04518572328022,49.22805627056295
2024-11-26,KCEL,3423.2,227650.0,-0.34354400322036316,3.5138279506705326,-0.785858581889605,0.0,-0.019068903040689558,-0.26690721803355283,46.00492628935836,0.006698167592190793,54.279925475327175,-0.01992905422198476,44.39566894055708,46.00492628935836,-0.039092580876706785,45.04650921868563,-0.16278867067665262,40.91030720669445
2024-11-26,KEGC,1466.95,22840.0,1.1256614454179459,-0.002623521178005199,0.12857141020409724,0.0,0.015883944673566817,0.36243036809645557,55.41513305132322,0.0019340643744687538,51.24074048767463,0.0259126804778514,58.08417548244446,55.41513305132322,-0.02195809855725926,48.623090792634294,-0.19882611312370935,38.440812392633205
2024-11-26,KMGZ,13670.0,19670.0,2.163378098270675,2.2300386721331815,0.4760820034713394,0.0,0.1346783853531659,2.5013635718843097,81.76964676360672,0.04101990832665668,74.08459115176149,0.05424325716143562,66.08239437540189,81.76964676360672,0.0014159812937611094,53.51769445907068,0.44398958819567824,79.73853703860766
2024-11-26,KZAP,19850.0,980.0,1.077971129526677,-0.08317735585400106,-0.9999999931034483,0.0,-0.0034469843268961665,0.014370596421832351,50.21555761085894,0.0482112980288673,77.4604122315931,-0.0037015932989485287,49.25136095329633,50.21555761085894,-0.07930666606693054,36.91059149418658,0.32955046079724926,73.92932893791038
2024-11-26,KZTK,43482.0,21780.0,7.0181824669454675,2.535761838626593,0.4797385617779486,0.0,0.015034959676801199,0.34714411237008336,55.188417698012046,-0.007402435764333791,45.27894980715691,-0.0298003496794513,41.487614801454484,55.188417698012046,0.0032572530833776883,53.90162135418962,-0.23552461702817362,35.985869798098605
2024-11-26,KZTO,810.0,8050.000000000001,-1.3664701659690621,0.11367621224947774,-0.9950122206952113,0.0,0.007138580246913578,0.20496718846968257,53.07063873359097,0.01070842151675485,56.81465447511746,5.7936507936518986e-05,50.38171566457945,53.07063873359097,-0.04823619929453264,43.15631661715006,-0.09513884479717816,45.66250006180403
2024-11-27,AIRA,778.51,55860.0,-0.9575420217035854,0.38263355835281865,0.09383032816000729,0.0,0.01258373711136843,0.30300903917066396,54.53265755233436,0.05436814215515071,80.09320431083722,0.03777996924527989,61.51376726543722,54.53265755233436,-0.015847480540258724,49.90393758510836,-0.04177821754743952,49.47197706253162
2024-11-27,KCEL,3470.0,83190.0,1.112660416722215,2.368923514028434,0.7931034455410226,0.0,-0.031998507616303004,-0.4997090257647486,42.560016238509036,-0.008962691551164238,44.29115195535828,-0.02515566076574728,42.84982805332129,42.560016238509036,-0.05287911234618727,42.203747099949325,-0.17546055990119389,40.036019069865475
2024-11-27,KEGC,1464.69,23700.0,0.9353193341644217,0.055075604038582915,-0.7700204811758637,0.0,0.01471106453047594,0.3413122731101188,55.101866431620515,0.006862048949737093,54.38403597727225,0.028164638738767695,58.742114069415265,55.101866431620515,-0.02043159952748009,48.94295655147168,-0.18382645562249644,39.46224089296037
2024-11-27,KMGZ,13700.0,2100.0,1.870994396236319,-0.007117455811774968,0.47015968452307016,0.0,0.14883407194994785,2.7562413920167748,83.93965335022627,0.03512345035337741,71.08262968061891,0.04825901981230443,64.4510260321677,83.93965335022627,-0.0053508660641872485,52.10348875659581,0.43450500521376445,79.29615327145103
2024-11-27,KZAP,19900.0,1020.0,1.125500758303955,0.0,-0.31034482544589775,0.0,-0.004624461593682698,-0.006830271297456464,49.89754607393039,0.06241266650713893,83.17522357693214,0.005761880832735104,52.095560810655925,49.89754607393039,-0.09394354111828979,34.100717182712145,0.40759806173725766,78.00252160179575
2024-11-27,KZTK,43566.0,16149.999999999998,6.057938491077175,2.126990830507063,0.7022222214419753,0.0,0.0031378868514765797,0.13293338038303426,51.992944281241705,-0.01360435114320254,41.38198890484146,-0.011089302273725954,47.03345172811852,51.992944281241705,0.0017397963790024146,53.585245249346634,-0.23350633390389625,36.1191259104058
2024-11-27,KZTO,812.01,9090.0,-1.1026394754955287,0.16077275382266587,0.9999996296297667,0.0,0.007028637710302665,0.20298763672702153,53.04105637108134,0.002633867164432059,51.688286253994775,-2.5767275913197996e-05,50.35654892397816,53.04105637108134,-0.030883723737275097,46.75589734383932,-0.09746821749204353,45.497030719288404
2024-11-28,AIRA,779.0,68680.0,-0.8915236334415946,0.4624600475500981,-0.6978850909539139,0.0,0.017015495547812644,0.38280431592476694,55.716954081948536,0.059329544898832444,82.04145414812646,0.04026332497911445,62.2183939745637,55.716954081948536,-0.029347420889622427,47.07678303705944,-0.04452968294720541,49.275015360051185
2024-11-28,KCEL,3464.9,860.0,0.8605301564078963,-2.33344978831735,0.09910323984587681,0.0,-0.02639235277639202,-0.39876835325463456,44.046847074846404,-0.010116116489309825,43.563766097200876,-0.03975721180253493,38.6132874031042,44.046847074846404,-0.05145117320548432,42.496129294441516,-0.17587248251970902,40.00770173563739
2024-11-28,KEGC,1469.85,38300.0,1.2578076150163957,0.4982842319385137,0.046666663555543636,0.0,0.016146699412152597,0.36716135408871703,55.48525463637025,0.006669857103980571,54.261936583010716,0.02719360608549308,58.458782725991924,55.48525463637025,-0.02470140437880762,48.048553654681754,-0.18872717535155023,39.12745628478832
2024-11-28,KMGZ,13919.99,9590.0,3.4835707342469617,1.4191525396287403,0.9999999965153152,0.0,0.11564365758444431,2.1586370013759204,78.50230387764778,0.022933044031161916,64.27419180304688,0.037200747158902016,61.348709818409915,78.50230387764778,-0.025410945388211068,47.9000306225496,0.40485771743051224,77.86756741117378
2024-11-28,KZAP,20000.0,3480.0,1.5382169933568803,1.2078103792418655,-0.15254237158862397,0.0,-0.00961865079365079,-0.09675230001108584,48.54912292708802,0.06072023809523809,82.56008838358144,0.004131746031746033,51.60608627561587,48.54912292708802,-0.10954960317460316,31.223476694080365,0.40064732539682535,77.65906490727976
2024-11-28,KZTK,43270.0,340.0,4.600810925449068,-1.9830079884082101,0.2540792534869947,0.0,0.08335199861702636,1.5772149990021542,72.03763112292224,-0.007991005260435582,44.9058466862486,-0.00358618787165124,49.286053714430096,72.03763112292224,0.013793937384675777,56.088401958347376,-0.22921300820613283,36.403300184015585
2024-11-28,KZTO,809.98,12110.0,-1.3485366327726576,0.4476287933806163,-0.007518796050269329,0.0,0.0132710008026849,0.31538344929208856,54.716685534755705,0.008119893642288555,55.18177810798156,0.004693895714454168,51.774920459248854,54.716685534755705,-0.03702491120690029,45.476134625432906,-0.08892557145247955,46.10432490133426
2024-11-29,AIRA,789.79,86610.0,0.4854921040579755,0.5742990984202959,0.9809809318828308,0.0,-0.0021489243875757527,0.037742595051024855,50.566114732999914,0.03532646788065227,71.18935724790069,0.025890393588651417,58.07764928425504,50.566114732999914,-0.0684206301876106,39.06081366407115,-0.06045556162005686,48.13560610145757
2024-11-29,KCEL,3449.98,1700.0,0.4073768339899355,-1.6520249854371463,0.9989997249562469,0.0,-0.020788458736866786,-0.29786838720337955,45.54382917206563,-0.005237263236492658,46.65573861072639,-0.017559243462833055,45.10035110258046,45.54382917206563,-0.046881872142438004,43.43516829960751,-0.1798297910974777,39.736001932006744
2024-11-29,KEGC,1477.99,18680.0,1.7168988865742099,-0.21971111991010978,0.9985713572449044,0.0,0.007533523848401204,0.2120782786689608,53.17688870997889,0.00046553241763239205,50.3010067826284,0.020812280545747613,56.583703569324605,53.17688870997889,-0.031613017222983125,46.60366295124967,-0.1907598670282259,38.98889399892934
2024-11-29,KMGZ,13997.87,1610.0,3.657503273514879,-0.36533226944438146,0.9999999914434843,0.0,0.08863100488667311,1.672265253277991,73.17185151547805,0.025989478375683904,66.05037515255931,0.03216843946699775,59.90406172867752,73.17185151547805,-0.023164001112028654,48.37048190245257,0.39508493856140076,77.38147116086918
2024-11-29,KZAP,20480.0,3070.0,3.7726362157022306,1.0587015816566314,0.9887663803021264,0.0,-0.03128304656498012,-0.48682691284821134,42.74907730249646,0.03223155536954373,69.5372557480006,-0.026995568266369126,42.308794935056525,42.74907730249646,-0.14103644593253967,25.85033004707016,0.3136783296130953,73.04375497311443
2024-11-29,KZTK,43318.0,1040.0,4.698033384270126,-0.8649930820442987,0.9421463674135894,0.0,0.060488134885824066,1.1655435687417994,66.80383520785767,-0.00888015999434232,44.34329673781233,-0.0017284768896246808,49.84458353833287,66.80383520785767,0.01795614862255289,56.9462304307101,-0.2277388808457498,36.50109268078523
2024-11-29,KZTO,813.99,4690.0,-0.8696986488535816,-0.5009671916226202,0.9959998008000435,0.0,0.018030528308818572,0.40108031657789245,55.98733793020097,-0.00045488854431932233,49.711866234614504,-0.0049642359593747324,48.871844218323375,55.98733793020097,-0.03333470555681333,46.244529681895926,-0.0907198750686653,45.976666292042964
2024-12-02,AIRA,793.49,133000.0,0.9062910841959213,0.9363197267762613,0.4629024623681186,0.0,-0.006900131301601704,-0.047804457221277054,49.28298229829488,0.030442592824306225,68.55841387825798,0.020702323885819315,56.55121212719757,49.28298229829488,-0.0841955632661178,35.961029466751036,-0.05944104902153183,48.20814365330198
2024-12-02,KCEL,3460.0,510.0,0.6949216031080949,-2.853475959039239,0.4537177472880471,0.0,-0.013566058812735116,-0.1678266872687371,47.484724673907884,-0.016215095421598255,39.770420117913616,-0.026320297733736998,42.50715424883779,47.484724673907884,-0.049740969354986696,42.84699797717744,-0.18014400633085603,39.71445548412977
2024-12-02,KEGC,1474.9,13560.0,1.45093904264564,-0.5400394426861994,-0.033444810460703515,0.0,0.006863934089693397,0.2000220935510121,52.99673538939693,-0.001505142909877191,49.03972938675681,0.01960540017778977,56.22677482790017,52.99673538939693,-0.030176284456196717,46.9036276023352,-0.18712635489411716,39.23670288614305
2024-12-02,KMGZ,14005.04,1370.0,3.6312384358097534,-0.30307322490904504,-0.19058823389272073,0.0,0.0672114475772848,1.2865990379451093,68.39446037295359,0.03091242027473276,68.81713230302509,0.034058617929291476,60.448852342370905,68.39446037295359,-0.015998918310043367,49.87218624379151,0.38535141201548373,76.88986511663136
2024-12-02,KZAP,21130.0,2230.0,6.69641813697091,0.6797830574356963,0.9095443039735884,0.0,-0.05783946675530917,-0.9649840437196715,35.91649296450702,-0.00013720299130845276,49.91520878779004,-0.05160961188861094,35.29382825628238,35.91649296450702,-0.15216855088304448,24.101485280253875,0.3096124969012688,72.81387538792697
2024-12-02,KZTK,43265.0,60.0,4.536182340394787,-2.853475959039239,0.682303299373783,0.0,0.05972550033110813,1.1518120812908212,66.62087469957211,-0.006742674483021762,45.697812014917865,-0.001512141719818295,49.90963094794419,66.62087469957211,0.026190863568741188,58.63070565369405,-0.22603914510794493,36.613990254483056
2024-12-02,KZTO,819.0,128210.00000000001,-0.2545666058569067,2.8072650810517783,-0.608336598341788,0.0,0.008016514041514052,0.22077467687785776,53.30678623918994,-0.007812973137973137,45.018645442941285,-0.01155973748473749,46.89252289694277,53.30678623918994,-0.04312921245421245,44.209950350827484,-0.0838113858363858,46.46845673174083
2024-12-03,AIRA,812.32,107320.0,3.127254142494703,0.7115781965699439,0.07542856927347232,0.0,-0.04019159514899129,-0.6472282772124874,40.41177062247213,0.007752110826603575,54.948782392787756,-0.004086560382803306,49.13563894623358,40.41177062247213,-0.10141803566348086,32.706378522493736,-0.07871954996232626,46.83137171276181
2024-12-03,KCEL,3455.96,6360.0,0.5473238448969117,-0.20216915815833256,0.5046649649632619,0.0,-0.026862077934103085,-0.4072259101128085,43.92182017664273,-0.012097212544898303,42.321032291985446,-0.03428934169303474,40.183294415513785,43.92182017664273,-0.048312134780917684,43.14069440709433,-0.17330461862800808,40.18433596624782
2024-12-03,KEGC,1474.0,9660.0,1.32572586464176,-0.8424033553482951,0.09638551313687631,0.0,0.009522756348129484,0.24789506790069318,53.7115860125253,0.003172501130710086,52.03257891376849,0.019440418578105117,56.177931381105765,53.7115860125253,-0.026840314122030536,47.600946693447,-0.17543658923994743,40.03766712147458
2024-12-03,KMGZ,14270.0,9900.0,5.52109686649843,1.6746483845760796,0.842322594364011,0.0,0.026533576934628073,0.5541805200480201,58.236956234167224,0.006177388460640053,53.948841123535416,0.012917129119809554,54.238040971743196,58.236956234167224,-0.026303543620204407,47.713242592947836,0.367413977319496,75.9644802451686
2024-12-03,KZAP,20864.0,3170.0,4.907820072436266,0.895219921930801,-0.6061538442887574,0.0,-0.05183591148115688,-0.8568880449237843,37.42251952635418,-0.006719759713701432,45.71237118473355,-0.03208081787418444,40.82338876843241,37.42251952635418,-0.14769339456130098,24.79469705649673,0.3358899990261953,74.27772923489668
2024-12-03,KZTK,43285.0,4140.0,4.438169626682676,0.8754661248742646,0.14890867700088156,0.0,0.08646333932903183,1.633235717809649,72.7096594754396,-0.009055546571175542,44.23249968407003,-0.0009433964348513277,50.080641513841385,72.7096594754396,0.03262159143623566,59.93246832302289,-0.21683252799367786,37.22803113573517
2024-12-03,KZTO,821.0,38880.0,0.04139565194412093,1.5829122987713193,0.26954919323374016,0.0,-0.0017799373586218914,0.04438632857492858,50.665755580014995,-0.008414453917986196,44.6377678336576,-0.009873867041741586,47.39777468526681,50.665755580014995,-0.04799652234015813,43.20563428316021,-0.0608881846567291,48.10467596873204
2024-12-04,AIRA,823.1,74110.0,4.285334735513277,0.31176266734070346,0.2190152677410722,0.0,-0.05418890942680886,-0.8992545513495682,36.82916346096298,0.004228340786766224,52.70687731434614,-0.019684327831484973,44.468340907527505,36.82916346096298,-0.11489958152782842,30.26815901271027,-0.07592904785046083,47.03040643296132
2024-12-04,KCEL,3448.99,12000.0,0.34003643923943433,0.4327058407621844,-0.22447843603677953,0.0,-0.028927499453831367,-0.444414507854348,43.373001740412,-0.011345041789781782,42.791811084694224,-0.017049734884429207,45.25212448072173,43.373001740412,-0.0477359899886955,43.25925858589209,-0.1670622018744203,40.61478538857719
2024-12-04,KEGC,1479.0,11590.0,1.592154179158723,-0.5629368415768533,0.33333329629630043,0.0,0.004692531955310858,0.1609252797823166,52.41200558051654,0.0044910138768151,52.874486418975465,0.012056674393895479,53.9810671864117,52.41200558051654,-0.030249785891368043,46.88827617173247,-0.176808224669178,39.94339962375666
2024-12-04,KMGZ,14221.03,376440.0,4.482886810637496,4.104982775960408,-0.9749906092911014,0.0,0.02309169650203595,0.4922083242228388,57.32992770810665,0.016255129650433037,60.259935428722365,0.03144042243038922,59.69356868177369,57.32992770810665,-0.013175284873489835,50.46419535473115,0.36307654967427005,75.73694946122306
2024-12-04,KZAP,21199.88,2640.0,6.130368696709458,0.5133535020268771,0.816408628500528,0.0,-0.07185929922903739,-1.2174157654235502,32.50961044283969,-0.017816653541405162,38.79243634841847,-0.04866008902386425,36.10813426514616,32.50961044283969,-0.14699663933108217,24.90382009564687,0.2909142616036371,71.74101865554267
2024-12-04,KZTK,43100.0,11230.0,3.2493816088714467,1.8733583020341933,0.8713658939123673,0.0,0.11231032114315172,2.0986191760224044,77.88834541155938,0.0019095053953522628,51.225030218752906,0.0004634018340514863,50.50362164895388,77.88834541155938,0.02802345965455009,59.00299087893529,-0.19688231687106397,38.57262625212468
2024-12-04,KZTO,816.51,13300.0,-0.6079782051206243,0.5101978404169821,-0.8573642081605776,0.0,0.005098802714923096,0.1682403192108575,52.521464065231825,-0.003564292158670661,47.72315708863514,-0.0018997059785813026,49.79309893527366,52.521464065231825,-0.05172005527591006,42.44103270901618,-0.05501611029171187,48.52461065914343
2024-12-05,AIRA,827.5,89420.0,4.616577886385623,0.49955634481101197,-0.26050417978956714,0.0,-0.06778161295736825,-1.1439956751297047,33.4834967021048,-0.0012533951949360081,49.200819223868656,-0.03581860044118357,39.74200968731029,33.4834967021048,-0.12949832038555603,27.748011157696173,-0.08781756342013139,46.18318154605423
2024-12-05,KCEL,3440.0,26830.0,0.07066987298194617,1.1068424959214538,-0.32352940383505774,0.0,-0.020592764857881155,-0.2943448541731652,45.596267277653915,-0.010215586932447462,43.501161890780416,-0.023932798080472564,43.21037264785645,45.596267277653915,-0.05158316722037645,42.46908008178587,-0.1666062938353636,40.64628022665511
2024-12-05,KEGC,1483.96,27020.0,1.917632327502535,0.37019455267690965,0.9938270071254675,0.0,0.0005909598491723109,0.08707511713698307,51.30582974355464,-0.0008831879052060561,49.43773887978604,0.006593403888865333,52.34509019802142,51.30582974355464,-0.04174134384959679,44.49722880876678,-0.17548505130202885,40.03433523920372
2024-12-05,KMGZ,14280.0,2090.0,1.2046357425062941,-0.4244192109692079,0.5994392088980676,0.0,0.00400739962651726,0.14858924554820965,52.2273635556046,0.016839075630252134,60.61741693696475,0.038118183940242766,61.61002414943623,52.2273635556046,-0.0146422268907563,50.15663886063631,0.3576820261437908,75.45193011033294
2024-12-05,KZAP,21273.0,1390.0,5.977868462628084,-0.12812090480960409,-0.23170859968571397,0.0,-0.07794174814710353,-1.326932270377552,31.08476673809628,-0.018880931227377426,38.14744564445881,-0.05514502460082427,34.32893819786148,31.08476673809628,-0.1815019026465473,19.8908050947799,0.24118237593820024,68.76655265199301
2024-12-05,KZTK,43051.0,1100.0,2.7272315788401382,-0.4499144704943894,-0.12561715583660732,0.0,0.0978852280499356,1.8388906027970962,75.0884343063021,0.004046469414459705,52.59079100138895,0.019822705194982845,56.29109039558045,75.0884343063021,0.03142573224337469,59.691392282170355,-0.19588611501014117,38.64024642854748
2024-12-05,KZTO,818.93,8630.0,-0.3115563934060245,0.07330583117147685,0.18623478011438363,0.0,-0.004112916685322385,0.002380264005887849,50.03570395401973,-0.007744183060009138,45.062243696123716,-0.004902084257642352,48.890522678711726,50.03570395401973,-0.05419551294575437,41.93468609145757,-0.030223509606708943,50.29922040046326
2024-12-06,AIRA,820.0,104610.0,3.485889623302147,0.6395471066448803,-0.9999999274836892,0.0,-0.06262470963995352,-1.051143924902673,34.73549252008945,0.005579945799458006,53.56859019165485,-0.036736275648470776,39.47799797505445,34.73549252008945,-0.12854198606271777,27.90909608861715,-0.14036648277197053,42.47115724745865
2024-12-06,KCEL,3442.0,537410.0,0.17722943357594537,4.1040816886868505,-0.6120066533627937,0.0,-0.018226678149470186,-0.25174268024390606,46.231022770612526,-0.013694008651300923,41.32631644110287,-0.02106189461645592,44.05958690666756,46.231022770612526,-0.04815352784925704,43.17332616451267,-0.1721206812668898,40.265861016075796
2024-12-06,KEGC,1483.0,224200.0,1.7729053878062278,2.4861546661140017,-0.32692304548817464,0.0,0.0025856171531323316,0.12298958176353136,51.844007004703904,0.0011014085562298646,50.70797768505181,0.008557542090785518,52.934015875697405,51.844007004703904,-0.03775288026201715,45.324795272896175,-0.16817981435100451,40.53761167398168
2024-12-06,KMGZ,14402.6,10990.0,2.010674734023022,1.5111468859281874,0.9999999945530803,0.0,-0.0032367270162199785,0.01815634885748206,50.27234253951147,0.007220386905450689,54.61154616470115,0.06850048207786114,69.81372013737311,50.27234253951147,-0.022678393682886645,48.47219621873049,0.3395603718982398,74.47804435530833
2024-12-06,KZAP,21199.99,980.0,4.918119431571809,-0.3530965021106393,-0.4747570240359286,0.0,-0.07244825137103052,-1.2280200435761677,32.370165885636574,-0.02648171969787624,33.673004280312824,-0.05094038957355905,35.477859883451416,32.370165885636574,-0.1708611817033877,21.351060195538746,0.1869489120500633,65.33761411989154
2024-12-06,KZTK,43060.0,37800.0,2.372026913164883,3.3508916739051524,0.2056361998070035,0.0,0.09848246356136507,1.8496440257567035,75.20892905338133,0.007111291737627085,54.542301155827275,0.021026007269295703,56.6468421469422,75.20892905338133,0.030037081149226992,59.41086297344518,-0.18985743130663013,39.050388450633
2024-12-06,KZTO,816.0,236540.0,-0.6768655420009858,3.3450507872470037,-0.25751067435391967,0.0,-0.002281512605042049,0.035355300332961435,50.53030961857644,-0.0012287581699346683,49.21658505674584,0.002972595704948646,51.25783941991936,50.53030961857644,-0.053218277310924315,42.13437974407316,0.01724147992530345,53.690784184516026
2024-12-09,AIRA,819.97,58660.0,3.3597696859760315,-0.05972160295288629,0.232911362922617,0.0,-0.06395725982328818,-1.075136931785339,34.40986156829604,0.0032112488774753414,52.05733926596204,-0.029375700741858378,41.6116513788539,34.40986156829604,-0.14593256236532853,25.071089981402334,-0.17084798268364834,40.35355812287457
2024-12-09,KCEL,3414.03,4390.0,-0.7023461292091314,-0.8815154349816114,-0.2519234969012543,0.0,-0.019536542168499933,-0.2753272152332684,45.87945825151473,-0.007044830264833003,45.505903433362974,-0.011172714375539697,47.00846035140094,45.87945825151473,-0.041221020741023476,44.60502772892902,-0.17153786212091482,40.30601330906997
2024-12-09,KEGC,1477.0,73940.0,0.7633460668705492,1.3768701964353895,-0.9999999090909174,0.0,0.007378434138268292,0.20928583713153384,53.13516897437262,0.00654335552546453,54.18154214251656,0.01406638268261491,54.58091040625457,53.13516897437262,-0.03610270631159256,45.66797387735298,-0.1651200876401113,40.74900296125907
2024-12-09,KMGZ,14478.99,1730.0,2.4921907883293675,-0.6134594786417683,0.9844615308887541,0.0,-0.016049292816859514,-0.21253813701176277,46.81624132219967,0.0009330462860488412,50.60023005699388,0.07551363021851795,71.56106075587941,46.81624132219967,-0.028751808813848076,47.2012542950408,0.33061708645308374,73.98816042248927
2024-12-09,KZAP,21188.99,660.0,4.643550433735015,-0.748408230695203,-0.25954897120930653,0.0,-0.07606506171121949,-1.2931419102576105,31.520740813206448,-0.03630123060672045,28.306405579451333,-0.06231680627289995,32.41146069469445,31.520740813206448,-0.15915602256415182,23.045827774627192,0.11441751194186739,60.496483215780394
2024-12-09,KZTK,43100.0,18620.0,1.939138319896293,2.379004641194462,0.11523505742404265,0.0,0.09871904853975624,1.8539038165592308,75.25655287565534,0.004621063050123381,52.95744576589465,0.02940118311052193,59.102078450114234,75.25655287565534,0.030359489743306455,59.476050061249644,-0.1829914862077855,39.519380121118644
2024-12-09,KZTO,815.0,23120.0,-0.613638236627771,0.9591484820617131,-0.7857141454081811,0.0,0.0017602809426428383,0.10812913025750744,51.62136828704942,-0.0011929861719739525,49.239476706790924,0.0060664159119680604,52.18696067251321,51.62136828704942,-0.055528685850618355,41.66268494918947,0.02253055555555561,54.06717793948068
2024-12-10,AIRA,821.0,44560.0,3.4118244749230886,-0.35687618551500805,0.45864654757195955,0.0,-0.06046748883475433,-1.0123024506573641,35.265675106559854,0.004379192525568895,52.803142021144254,-0.03547068373837558,39.84226124389471,35.265675106559854,-0.09133128202153781,34.594741661480455,-0.17944111613788838,39.762659757699424
2024-12-10,KCEL,3424.29,640.0,-0.4081779034638412,-2.6288616023620057,-0.4520790194019751,0.0,-0.017437244728104272,-0.23752867033334485,46.443088322709734,-0.007978190136460672,44.913964440622465,-0.013580989055221586,46.28760578869101,46.443088322709734,-0.045227617668118635,43.77633696514188,-0.1728322543540135,40.216856139484335
2024-12-10,KEGC,1483.0,139030.0,0.9827964130999379,2.0083057119018215,-0.1847825961424882,0.0,-0.0021325634974151495,0.038037178290845186,50.57053291070622,0.0065113554142718,54.16120192426224,0.007226781566751222,52.53508085066697,50.57053291070622,-0.04637930085947621,43.53875291898616,-0.16699349827141463,40.61953104729018
2024-12-10,KMGZ,14400.01,810.0,1.9110294560723051,-1.3722865310909704,-0.9997777666691311,0.0,-0.012085420525170917,-0.14116730507919217,47.883755461402075,0.010125883791273365,56.448341886247434,0.09739327697915066,76.60147384209972,47.883755461402075,-0.024641972965781578,48.06099559997533,0.338083981204356,74.3975919460172
2024-12-10,KZAP,20785.0,1270.0,2.365561113070615,-0.015625294256653797,0.9956850000232583,0.0,-0.06281943909870902,-1.0546500932275962,34.687817054795254,-0.028187568205856633,32.70460238925227,-0.04249415968857272,37.836004061469865,34.687817054795254,-0.1391383831441324,26.15662475426717,0.1991944799554013,66.12751601055125
2024-12-10,KZTK,43020.0,70.0,1.3884237555689938,-2.853475959039239,-0.6853047670081103,0.0,0.1255970595072059,2.3378512957607986,80.26136956603061,0.005440859733014538,53.48000566201219,0.021353833765026232,56.74364578551836,80.26136956603061,0.030036786876535833,59.41080345990374,-0.18126307697416483,39.637750731231286
2024-12-10,KZTO,816.5,5350.0,-0.09414302696742984,-0.5044481166818585,-0.23076917159764382,0.0,0.00622851092059605,0.18858108918192612,52.82570228194127,-0.008440297096589198,44.6214168455564,0.0066552914102975345,52.36365732241376,52.82570228194127,-0.05612473585474198,41.54123856959613,0.015759746401111996,53.585260212614536
2024-12-11,AIRA,829.0,69430.0,4.424947576213633,0.08660541826466064,0.38254308283711835,0.0,-0.07433806699599824,-1.2620467990889341,31.92483824600002,0.0006898495988664865,50.44458069755603,-0.04009577660979951,38.51681200056003,31.92483824600002,-0.08783844993968637,35.26051071046313,-0.1612600876941046,41.01617213839648
2024-12-11,KCEL,3420.0,670.0,-0.6574786118458134,-2.4086156736397455,-0.8499338338700916,0.0,-0.0161812656641604,-0.2149143517864224,46.780744234298574,-0.013162886382623223,41.65643340941486,-0.008087614870509609,47.93369046088735,46.780744234298574,-0.04653172514619883,43.50733085212873,-0.1655360066833751,40.72024752047053
2024-12-11,KEGC,1489.99,40490.0,1.0902942066804735,0.7746716730369223,0.8690364013997676,0.0,-0.005576058886407768,-0.02396409535858383,49.64054476241551,0.005124777073181592,53.27861044036561,0.0074646981890898,52.606428667786446,49.64054476241551,-0.043879742984852255,44.05475614301621,-0.16803731276773243,40.54744914439847
2024-12-11,KMGZ,14494.0,174490.0,2.540729319751855,4.104982775960408,0.999999993006504,0.0,-0.02792888940360652,-0.4264342035417659,43.638155442918745,0.0034909296348132604,52.2360284607569,0.07605401824728787,71.69314522173266,43.638155442918745,-0.037450286325376,45.387691970214036,0.3092415782337957,72.79284284244063
2024-12-11,KZAP,20884.49,1390.0,2.662829895264352,0.0441247419134094,0.9999465913644066,0.0,-0.07005008793930145,-1.1848403176320055,32.939907791805965,-0.02962820773743192,31.898043061675896,-0.047017718135620834,36.565082106154776,32.939907791805965,-0.1417741546836911,25.731916738488565,0.1710481068205494,64.2992357257576
2024-12-11,KZTK,43309.0,9740.0,1.1862707064636075,1.994823706909103,-0.08598130833085858,0.0,0.12530624844463942,2.332615146373725,80.21155004000545,0.0009501330875542934,50.61116545215994,0.08765183814757518,74.43649834569467,80.21155004000545,0.0354528602599922,60.50129832923075,-0.17128739420341166,40.32327284808786
2024-12-11,KZTO,816.0,18360.0,-0.13921829835263946,0.728625982267555,0.19919917925934216,0.0,0.016670471521942114,0.37659204419877373,55.62496874633336,-0.0010662231559290607,49.32059893266623,0.010956932773109244,53.65232409401768,55.62496874633336,-0.04697892156862745,43.41517208426951,0.010140592903828155,53.18479951577659
2024-12-12,AIRA,828.9,42180.0,4.340114394475033,-0.49295611950191526,0.7555554716049426,0.0,-0.08024643503438289,-1.368428920215164,30.553925949004583,-0.010054771814625208,43.60238514506981,-0.04478002904020816,37.191561916036285,30.553925949004583,-0.1010345992106578,32.777194462614176,-0.12262616850214568,43.71698539445352
2024-12-12,KCEL,3414.99,900.0,-0.8699301696619146,-1.7870713870732178,0.7768373991795587,0.0,-0.010309739413585334,-0.1091955792376345,48.362651965689224,0.005288595166352758,53.38300252954509,-0.005293685392510956,48.77284011552786,48.362651965689224,-0.0471682563875596,43.3761674176506,-0.17155142499545759,40.30507877096197
2024-12-12,KEGC,1487.02,20690.0,0.8215208724592187,0.01656954606082411,-0.32666661222223736,0.0,-0.0035313037708526503,0.012852396938997252,50.19278499873538,0.018569194685311832,61.66978242030412,0.006589647735868101,52.34396327852669,50.19278499873538,-0.046576083252047984,43.498187465439834,-0.1651437312517866,40.74736814019467
2024-12-12,KMGZ,14562.52,4830.0,2.3092754478904665,0.23197993413876222,0.9547169682652626,0.0,-0.04596153477099664,-0.7511179489071818,38.92012964698949,-0.0038035130137733125,47.570374777159216,0.05101879814299537,65.20782198181567,38.92012964698949,-0.04494176403229359,43.83535121964389,0.2905054178428214,71.71727550145954
2024-12-12,KZAP,20934.0,1600.0,2.7218676641054653,0.1406996963704671,0.9886954270778578,0.0,-0.07052098022355982,-1.1933188889897701,32.827632867383564,-0.04038794135309613,26.231962704254403,-0.0473923470362636,36.46063456645523,32.827632867383564,-0.1415434447037628,25.768911022682683,0.15591949494329116,63.29863811537739
2024-12-12,KZTK,43352.0,1750.0,1.2040546840875301,0.014388670686363843,0.1039999998336,0.0,0.09419541735867626,1.7724543406447935,74.3353605040682,-0.0018296894085185285,48.83208652577135,0.06492395693283773,68.89954998868787,74.3353605040682,0.05039333547160636,63.45294506121556,-0.1757482529869917,40.016241106354414
2024-12-12,KZTO,815.0,34910.0,-0.24351923380808368,1.3712241652392958,-0.9999999293286269,0.0,0.02534826175869117,0.5328385281815565,57.92518977610188,0.0056520522933099625,53.614506310150546,0.022028447268477948,56.94268918802376,57.92518977610188,-0.052515692862011916,42.278109231417524,0.0072854684000389636,52.98116254346205
2024-12-13,AIRA,826.99,53680.0,4.058349915486243,-0.251862345596954,0.20536909995045147,0.0,-0.08048439724612322,-1.3727135085597564,30.499405706355887,-0.017403752060685986,39.0437446561385,-0.0425650322444927,37.8159573665311,30.499405706355887,-0.09894659909325018,33.164193284983476,-0.07685309763635073,46.96448709453807
2024-12-13,KCEL,3405.0,480.0,-1.1691248664233103,-1.9561818836272244,-0.332888570187544,0.0,-0.010569398993077407,-0.11387083586647913,48.29260158322867,0.0017514317180616795,51.12390553759022,0.007929396545696106,52.74575414993752,48.29260158322867,-0.0390271939025243,45.06008452094296,-0.1732369939165093,40.188991096981546
2024-12-13,KEGC,1489.0,20210.0,0.9012990376249835,-0.05510826153376636,0.33555920942250056,0.0,-0.005529207042118393,-0.023120512402715322,49.653197875517904,0.01717250391761812,60.82102988960126,0.0024400961548711724,51.09781606399694,49.653197875517904,-0.04263109682646286,44.31301302933083,-0.153791878537849,41.53457777285871
2024-12-13,KMGZ,14549.0,670.0,2.1817187072376885,-1.8508792645787722,0.9599999808000005,0.0,-0.06017060990937033,-1.006957047392902,35.3389277765373,-0.006309595733956515,45.973095285233505,0.03192928996374594,59.83495582924853,35.3389277765373,-0.040633008432369215,44.72691134031114,0.29395532584468254,71.9172454089611
2024-12-13,KZAP,20701.0,87200.0,1.3944550556292172,4.104982775960408,-0.25949367006489343,0.0,-0.06114232455989014,-1.0244530911363097,35.099422271034996,-0.03419571236494219,29.413090481078434,-0.03267210241357867,40.65170230055279,35.099422271034996,-0.12813025496046124,27.97862428285352,0.17834590633992833,64.77754634456896
2024-12-13,KZTK,43493.0,2280.0,0.9699849793016404,0.3233989367570542,0.7174914503849462,0.0,0.08600778376487508,1.6250332891709787,72.61189534135507,-0.008528772637742472,44.56544717327354,0.05935523640184382,67.44652818034696,72.61189534135507,0.03877014469396462,61.16416377451143,-0.17958929926326406,39.75249568953265
2024-12-13,KZTO,817.4,3570.0,0.08445490641701928,-0.9089762315240931,0.6521737240076076,0.0,0.019817914817015655,0.4332628019577973,56.462588886995846,-0.002207631922355408,48.59033250488608,0.015301487488397244,54.94890814706556,56.462588886995846,-0.05347501330195238,42.08189170916084,0.028256379111468444,54.4741288261963
2024-12-17,AIRA,825.01,61500.0,3.750484660219004,-0.1158659184404123,-0.5847807622183019,0.0,-0.07336642372588846,-1.2445520405734227,32.153396744646,-0.022350666653776,36.0745119638677,-0.04994817324965562,35.751504071623586,32.153396744646,-0.09226066156389068,34.41859169783187,-0.05007039085913914,48.87846225202101
2024-12-17,KCEL,3400.0,1050.0,-1.3136285276921174,-1.1734801169806788,-0.3037423714646493,0.0,-0.004965406162465052,-0.012969091049018677,49.80546461587365,0.0026433940242763776,51.69437727361924,-0.0052776844070961705,48.77764841636291,49.80546461587365,-0.035992343604108315,45.69094051550624,-0.1696762138188609,40.43435508052112
2024-12-17,KEGC,1491.0,45200.0,0.9686590377716168,0.7931130830181184,-0.09008188443295032,0.0,-0.004336552649228732,-0.0016463755070715708,49.97530436940209,0.01651189917281466,60.41726260282543,0.0030893807288173494,51.292931574643255,49.97530436940209,-0.04335209031969595,44.16385186694809,-0.1485218365750056,41.901535819194166
2024-12-17,KMGZ,14535.0,1260.0,2.064731426561406,-1.2193124889355793,-0.0831805293950581,0.0,-0.06542514128458402,-1.101566623097733,34.05284910803642,-0.006040816502039413,46.144067536445036,0.012774603174603159,54.19549097494407,34.05284910803642,-0.03979334119612759,44.901067726990995,0.3093764177600864,72.80048995201516
2024-12-17,KZAP,20482.0,2260.0,-0.6409260409439715,0.40989828034919384,0.24228250656261457,0.0,-0.04724530156560232,-0.7742325947373544,38.590946885159575,-0.03502178688062147,28.975892174409395,-0.02854586249172715,41.85434607604212,38.590946885159575,-0.10991620501470126,31.157490180110536,0.21368306290618322,67.05060430997771
2024-12-17,KZTK,43425.68,150.0,0.7834939049463915,-2.4986548842604117,0.999915138529767,0.0,0.06476846082997981,1.2426122533756383,67.82120812324571,-0.006990373775031753,45.540480760732436,0.0881643938340573,74.55362554992566,67.82120812324571,0.030946040211507646,59.594557620902044,-0.1780765347132907,39.85629953590845
2024-12-17,KZTO,816.42,56360.0,-0.032199686940044235,1.8502101299188596,0.6841025290203789,0.0,0.014334818563274558,0.33453784000168024,55.00128720798914,-0.0022344226127774536,48.57319799082568,0.00919652653104558,53.12544048561735,55.00128720798914,-0.046551315557701936,43.50329269220932,0.015504135972264577,53.5670532420681
2024-12-18,AIRA,827.0,44690.0,3.9201381622073104,-0.4351526559699597,0.03614457395847979,0.0,-0.08651688787163396,-1.4813304979291906,29.135787862242147,-0.018662325099326308,38.27959648836951,-0.053450153068079306,34.78994913531002,29.135787862242147,-0.10386298103683231,32.25668865265217,-0.06489476305637128,47.81830008368566
2024-12-18,KCEL,3407.0,1230.0,-0.9635216888538393,-0.5325238204304599,0.6465613032147458,0.0,-0.02905511470315557,-0.44671226263586516,43.33914398184947,0.003220923309153424,52.06352120592579,-0.011460093481674115,46.92236930770911,43.33914398184947,-0.04117321329568908,44.61493488814649,-0.16886237508211385,40.490502246776224
2024-12-18,KEGC,1497.0,11830.0,1.1769920529813582,-0.5473427849237029,0.7134669464947075,0.0,-0.010257129338041163,-0.10824831742309622,48.37684578747869,0.011686401374176985,57.427937623647395,-0.0023176583325380928,49.66743244961147,48.37684578747869,-0.04871358510672138,43.058126769975175,-0.14597833285618855,42.07896612240014
2024-12-18,KMGZ,14588.0,1060.0,2.391595154679882,-1.3465795027261918,0.9999999897959185,0.0,-0.0890686904000244,-1.5272765466353353,28.569893981727322,-0.008975897998354826,44.282809071411094,0.002194108551930033,51.023885646848385,28.569893981727322,-0.04140195975383115,44.56753553998425,0.3158117128233251,73.16388331409436
2024-12-18,KZAP,20260.0,1260.0,-1.7486651679950949,-0.28768080291377124,-0.9612115887504336,0.0,-0.03813822881900375,-0.610256737150305,40.94706663943882,-0.02515411084473276,34.43633837981564,-0.02270245655682485,43.57384960941972,40.94706663943882,-0.11934174501324057,29.487662430978823,0.2230435223052697,67.64010917567063
2024-12-18,KZTK,43380.07,1930.0,0.6219561676994291,0.05593979829641605,-0.9996705858831294,0.0,0.04278962624828875,0.8468760657358986,62.436697791479965,-0.018187184779949545,38.567422294600675,0.11029741951126985,79.26780663066393,62.436697791479965,0.03802108464886413,61.014836321201074,-0.1690689836572636,40.47624584845717
2024-12-18,KZTO,812.0,19120.0,-0.5661936142438846,0.7691862460674898,-0.9999997747748255,0.0,0.02180370826491516,0.469017669923652,56.98920178209528,0.01543152709359601,59.75388144719047,0.016061316365626646,55.17503198334928,56.98920178209528,-0.039820593869731795,44.89541323026232,0.0033276683087027914,52.698716286488924
2024-12-19,AIRA,832.0,47950.0,4.4742938240699255,-0.36474377798710134,0.47226620663500113,0.0,-0.09979265873015873,-1.7203651441022783,26.26541142076905,-0.018820146520146575,38.18417344307125,-0.0676285409035409,31.027974559597578,26.26541142076905,-0.11912957875457875,29.524673383151544,-0.06797345848595845,47.598342360063754
2024-12-19,KCEL,3385.0,550.0,-1.6006818512170378,-1.3373283551849875,-0.43618687876492584,0.0,-0.014317123279641712,-0.18134985146111354,47.28243294065222,0.0005902897939087009,50.38085834045193,0.0008977345197064366,50.63420012616974,47.28243294065222,-0.03444459977491736,46.013216836597266,-0.1580936507936508,41.23573372801685
2024-12-19,KEGC,1501.99,55490.0,1.4617245011340039,0.9982187216561854,0.747499906562514,0.0,-0.017598500896218432,-0.24043214098670015,46.399759360373864,0.011013373701999804,57.006120946726156,-0.006341370984863792,48.458063867925006,46.399759360373864,-0.050408217043167156,42.71001656481092,-0.1374477077447623,42.67551809756878
2024-12-19,KMGZ,14587.05,2250.0,2.334121007790961,-0.24337875771145176,0.6762499915468569,0.0,-0.07574371313286522,-1.2873559227964144,31.595723754381233,-0.003485369532760697,47.77357180350243,-0.0122070846882941,46.698677789089395,31.595723754381233,-0.0465884674738405,43.495634826543125,0.30553333341494526,72.58201151898027
2024-12-19,KZAP,20326.89,1330.0,-1.4534480499184173,-0.11694673820630008,0.5335582148798331,0.0,-0.03762248553224205,-0.6009706086549442,41.08185990638616,-0.018043149749631473,38.654833591849844,-0.0289136919541178,41.74672119030501,41.08185990638616,-0.13219393066629614,27.297058287815805,0.21688304264051456,67.25274918948166
2024-12-19,KZTK,43477.0,130.0,0.8192230143958263,-2.689885695051152,0.04301537776634475,0.0,0.017401856473282167,0.3897608722030346,55.81991351795816,-0.020366726851745294,37.2539885528807,0.09224556361856714,75.47355779860048,55.81991351795816,0.03877939964425635,61.16600747378435,-0.17803522909942165,39.85913515498226
2024-12-19,KZTO,817.52,122580.0,0.12779792306199092,2.4479071065476834,-0.8096879708724714,0.0,0.014785486147030843,0.34265225893620793,55.12175613081667,6.657090666781825e-05,50.045641247899475,0.002925602208460141,51.24371822456051,55.12175613081667,-0.04870128530421858,43.06065594091882,-0.0016693431314529217,52.34186264887306
2024-12-20,AIRA,823.0,702750.0,3.2488636825042487,2.320096449882886,0.3552361323360125,0.0,-0.09536586433682423,-1.640659246586561,27.2020482059805,-0.009618883681459644,43.8770158851963,-0.0608118729387259,32.809226451362655,27.2020482059805,-0.11764322021639761,29.78471334681168,-0.07190684246562135,47.31745796683901
2024-12-20,KCEL,3443.08,163220.0,0.08711617832626219,4.104982775960408,0.9999999863163659,0.0,-0.022855604054029924,-0.3350880224879971,44.99054275954567,-0.00806911539704857,44.856373617553395,-0.013246118176582798,46.387754765667836,44.99054275954567,-0.04996086268551356,42.80184315372945,-0.17359301677752165,40.16448528387333
2024-12-20,KEGC,1519.0,49700.0,2.4873797537496127,0.8257006833832162,0.9074868427521747,0.0,-0.03537643917782167,-0.560529801010808,41.67041842360938,0.00033132177602223723,50.215102913954844,-0.016299407504937455,45.475793463918826,41.67041842360938,-0.06535532696949754,39.67443506411411,-0.14106006327262088,42.422633090271454
2024-12-20,KMGZ,14549.9,71010.0,2.0537192865571345,3.182701516205945,-0.5393267041111917,0.0,-0.08797320497593555,-1.5075519691682044,28.812022897309316,-0.004324588005132226,47.2377429490334,-0.008212244561327348,47.89628188271797,28.812022897309316,-0.03675464667732945,45.53234204321256,0.32087137866381454,73.44742826279031
2024-12-20,KZAP,20150.0,1270.0,-2.3177772163415153,-0.16310855185269743,-0.999999994485801,0.0,-0.024703324274291946,-0.3683568363131154,44.49702964619801,0.0024987396116428378,51.60188682753524,-0.017901666075859544,44.99840063059401,44.49702964619801,-0.15506717180668786,23.659597884514717,0.2358680777108196,68.4387417886761
2024-12-20,KZTK,43400.0,2100.0,0.6229213540025167,0.09221938503595925,0.41843971557014237,0.0,-0.006081080389144953,-0.03305717458562303,49.50415863642711,0.0021085765488990833,51.352367902556836,0.09503271889400919,76.08876724878249,49.50415863642711,0.045270084485407064,62.45089294073991,-0.16094156426011266,41.03824260472007
2024-12-20,KZTO,822.0,45110.0,0.6537616900371558,1.2671061931284746,-0.6960651052895137,0.0,0.004296222917390801,0.15378960444836132,52.305208667314965,-0.00296031746031746,48.10907859328884,-0.0043988182134167865,49.041780257012974,52.305208667314965,-0.05449260514424747,41.874028664220575,-0.006923545939056863,51.96638471804182
2024-12-23,AIRA,815.03,71200.0,1.4631009362905112,-0.007973726666722502,-0.07024389901249539,0.0,-0.10106574871915316,-1.7432875505153398,25.999923518638802,0.0031336493310500746,52.007751067715425,-0.05288679778853204,34.94382212593946,25.999923518638802,-0.11117158768038334,30.932107454853963,-0.041760347798084685,49.47325631607376
2024-12-23,KCEL,3420.98,560.0,-0.5662437618559376,-1.2975881679624994,-0.45933561770710546,0.0,-0.016029626076237098,-0.21218403084074233,46.82153141452969,-0.01786644825250576,38.76216925664938,-0.016274188353341938,45.4833143952238,46.82153141452969,-0.047742997307371415,43.25781609101253,-0.1693612088437111,40.45608447922623
2024-12-23,KEGC,1518.95,7630.0,2.3104052743522088,-1.1150733223223495,-0.9914710039507528,0.0,-0.039289045181586935,-0.6309775664695028,40.64678516425821,0.0029937774214330087,51.918359227003485,-0.015640160287207588,45.67246297634308,40.64678516425821,-0.06481302814914441,39.78333913475854,-0.13452562686891584,42.880361221828124
2024-12-23,KMGZ,14500.0,2390.0,1.4452873907036745,-0.20881267546778512,-0.666054422006101,0.0,-0.07138953201970444,-1.2089574514120127,32.62105875308669,0.0046212315270935805,52.95755322812488,-0.01221048166392994,46.69766083823274,32.62105875308669,-0.0030350985221674898,52.58795628001776,0.33967190749863163,74.48411546727624
2024-12-23,KZAP,20054.01,1860.0,-2.785555766241574,0.21844944382846454,-0.2789470149065016,0.0,-0.02527618937737204,-0.37867146200822,44.34423691175327,0.010798049100546912,56.87094921198563,-0.017485539886441265,45.122300491823616,44.34423691175327,-0.16587173748898237,22.062156202158906,0.24091241027949273,68.74994473481748
2024-12-23,KZTK,43250.0,630.0,0.2289514386326223,-1.1626466502157113,0.21951219458655563,0.0,-0.014174463253509496,-0.1787812104960836,47.32085033743637,0.006284269199009084,54.01681974719793,0.10013736764840817,77.18782031338107,47.32085033743637,0.04225092898431049,61.85528309521528,-0.1550221327644738,41.44904741817538
2024-12-23,KZTO,818.0,41780.0,0.12464053111214701,0.9705093185540745,-0.9999998997996093,0.0,0.005630955291652112,0.1778219024005701,52.66480113483848,0.0041261788333914915,52.64167208822177,0.003311734000853739,51.35974185829675,52.66480113483848,-0.0547550209570381,41.82047154743959,0.0031100661699072496,52.683182050774434
2024-12-24,AIRA,809.0,358400.0,0.6224028585560598,1.6286628611923124,0.4871794746877058,0.0,-0.10906738036376479,-1.8873595753611845,24.37155592626726,0.010637450212882857,56.770065175412434,-0.04098031667549587,38.26518603556652,24.37155592626726,-0.10309585614220967,32.39743491872725,,
2024-12-24,KCEL,3419.0,700.0,-0.6167296676487206,-0.7384901818952673,-0.2681105202348492,0.0,-0.008365659340659358,-0.07419177438771786,48.88730711996398,0.0008550591465990706,50.5503182944945,-0.010600406690901051,47.179960862426015,48.88730711996398,-0.04315241855736153,44.205150097557876,,
2024-12-24,KEGC,1520.01,14560.0,2.3475489279457533,-0.4688858231217285,0.7524999059375096,0.0,-0.03931339095983391,-0.6314159202608638,40.640440103562874,0.0016514317340017557,51.05992761313236,-0.02156942557708736,43.90919121915762,40.640440103562874,-0.061943762118106364,40.36120466708467,,
2024-12-24,KMGZ,14490.0,1240.0,1.3298295767912338,-0.6264426143778459,-0.99999990000001,0.0,-0.07211678743961353,-1.2220519258367353,32.44860734644644,0.006093495514147687,53.89547296234699,-0.013041131815044828,46.449073944067656,32.44860734644644,-0.012060386473429954,50.69792075246985,,
2024-12-24,KZAP,19825.0,1610.0,-3.8940004939176855,0.07410766723381118,-0.8031496031372063,0.0,-0.016230980904341576,-0.215809491132586,46.767373036854856,0.014959965671850838,59.46318997506439,-0.011294121179367102,46.97208793979653,46.767373036854856,-0.15663685221881946,23.422649632797448,,
2024-12-24,KZTK,43250.0,930.0,0.21964095101090492,-0.7731856332539171,0.1810662515754757,0.0,-0.028070648224607808,-0.4289866180102785,43.60049272690765,0.00926087026332691,55.9031126739845,0.12480669419212767,81.98971321494975,43.60049272690765,0.08379204514175612,69.67358776019313,,
2024-12-24,KZTO,817.0,12640.0,-0.005250809211276514,-0.3937928128271807,-0.9999996644296427,0.0,0.003945799090750157,0.1474801075231505,52.21075925531068,0.0007247484020127841,50.46691703115806,0.010891193099026648,53.63266234626723,52.21075925531068,-0.053507110800256455,42.07533083659848,,
2024-12-25,AIRA,814.0,305540.0,0.6473030561853937,1.4690940199791773,-0.20930232071389954,0.0,-0.12754728852228853,-2.22009643524359,20.881917457817316,0.004065155415155471,52.6027193636045,-0.051669975819975816,35.27724991182728,20.881917457817316,-0.1041717542217542,32.20012778148585,,
2024-12-25,KCEL,3428.0,360.0,-0.3540230659583057,-1.1525777530826158,0.5559877589333866,0.0,-0.007990244207367943,-0.0674323007186832,48.988653446733885,-0.007724349428608428,45.0748154041299,-0.013233082365579447,46.391653946848436,48.988653446733885,-0.06186078142653405,40.37795753646123,,
2024-12-25,KEGC,1518.9,4250.0,2.2134237494991584,-1.7002376446487932,0.9333330222223866,0.0,-0.03861163694591015,-0.6187806070872338,40.823457563715955,-0.0008963508993037536,49.4293145301577,-0.019553933611103313,44.5070714035942,40.823457563715955,-0.06194230959748445,40.361497895365034,,
2024-12-25,KMGZ,14499.99,1090.0,1.3144174676252458,-0.6908350535167137,-0.5656521616162669,0.0,-0.09345786020000209,-1.6063050009007667,27.612141482012763,0.007732360943500223,54.93626432118109,-0.023052426642067615,43.47038668905756,27.612141482012763,-0.0031649406408457426,52.56080484343286,,
2024-12-25,KZAP,19810.0,990.0,-4.131455686916693,-0.4121744840480873,-0.7799559833971187,0.0,-0.024658518425037933,-0.3675500921747108,44.50898454422184,0.02179768074485389,63.603958403094964,-0.01336752762353469,46.35144174320303,44.50898454422184,-0.1416352880139099,25.754179813116973,,
2024-12-25,KZTK,42718.77,2290.0,-1.2354459965310727,0.21878554124727656,-0.01283126786194007,0.0,-0.0228814590158912,-0.3355535496295988,44.98363004266809,0.02080448685838637,63.0132797471598,0.14638329129426855,85.50978681995532,44.98363004266809,0.09581118831538062,71.76030759278198,,
2024-12-25,KZTO,826.92,167120.0,1.206578612194072,2.1880498448762755,0.3280246512195025,0.0,-0.02596483180269636,-0.39107069669156613,44.16070619561735,-0.011753148343940638,42.53621220431212,0.008297024068661037,52.855945748813596,44.16070619561735,-0.0629471114842686,40.158818628008945,,
2024-12-26,AIRA,818.8,33370.0,0.45219029276816375,-0.7453258233003871,0.7089585853133845,0.0,-0.1504559529625235,-2.632574517090964,17.08599718175613,-0.002662089313823504,48.29972344728618,-0.06338365087119358,32.131012004035654,17.08599718175613,-0.12649931626615787,28.25507567989729,,
2024-12-26,KCEL,3397.0,920.0,-1.3863293173018456,-0.058061214751706884,-0.6491227907488031,0.0,0.005085543967366098,0.16800159107486004,52.517892236985006,-0.007910764867226451,44.956679504509935,0.0003248945147679306,50.461979055769824,52.517892236985006,-0.0409211889809403,44.6671690588184,,
2024-12-26,KEGC,1522.97,21180.0,2.4406566616093217,-0.04680960637774315,0.25359709949668097,0.0,-0.040579681102432354,-0.6542158931900534,40.3108515023363,-0.004331196708269844,47.23352574946254,-0.02216937737884967,43.731553027937956,40.3108515023363,-0.06457558983016791,39.831053262093945,,
2024-12-26,KMGZ,14579.31,1080.0,1.7339073318015275,-0.6625773293182279,0.9846666557259147,0.0,-0.10417183270088126,-1.799213620155169,25.359531609746462,0.0005698098162657387,50.36775015485332,-0.04178054311212257,38.0380851386043,25.359531609746462,-0.012248448888805243,50.65849752844828,,
2024-12-26,KZAP,20020.19,2310.0,-3.112407149074006,0.4351198936965967,0.7468998845525099,0.0,-0.033787708304894706,-0.5319241760628223,42.088181511467205,0.018637402376428046,61.71105445477537,-0.021990584338443683,43.78447479906124,42.088181511467205,-0.16855158563481745,21.678130768295983,,
2024-12-26,KZTK,42719.98,120.0,-1.1064520135396219,-2.7299852987695945,0.912865772803776,0.0,-0.022891776163217914,-0.3357393132803155,44.98087165063566,0.021836639905537004,63.62704640564113,0.11594434844460749,80.36178363310201,44.98087165063566,0.0884969669519047,70.50080081802837,,
2024-12-26,KZTO,819.99,44900.0,0.14981071428792014,0.7542160802306977,-0.3363028578727303,0.0,-0.016346849090494147,-0.2178957361555567,46.73621143253634,0.000764427266534598,50.492312527741014,0.02430125977146058,57.61159291031613,46.73621143253634,-0.04875970739190204,43.04864310756532,,
2024-12-27,AIRA,817.52,53980.0,0.1909811299584522,-0.2643709893681425,-0.5320333767842759,0.0,-0.15519728443127256,-2.717943758704079,16.372541897777598,-0.003488589959257344,47.771514548778676,-0.06431889648445083,31.88621257794314,16.372541897777598,-0.14476104043665936,25.256112518217734,,
2024-12-27,KCEL,3425.49,72570.0,-0.477915259077381,4.104982775960408,0.46241666473992876,0.0,-0.010260362698892234,-0.10830653515487407,48.37597344228968,-0.0008013686675899592,49.49010409686315,-0.011283265584944406,46.97534005013356,48.37597344228968,-0.053320839792263236,42.113409360111056,,
2024-12-27,KEGC,1524.0,3480.0,2.4050726910677245,-1.7943799566289536,-0.07264295631484838,0.0,-0.039871219222597176,-0.6414598026716049,40.495143406612286,-0.00876937257842771,44.41331361292996,-0.023462792150981127,43.34914133586164,40.495143406612286,-0.06657694663167105,39.42948631266592,,
2024-12-27,KMGZ,14530.05,770.0,1.3734998202137325,-0.9084418111064226,-0.8165388753510633,0.0,-0.09368306292083348,-1.610359850390473,27.56353937379703,0.018663203277739283,61.72666201701276,-0.05361199258482542,34.7458032974598,27.56353937379703,-0.01912612878138747,49.21657727509977,,
2024-12-27,KZAP,20260.0,1960.0,-1.9243341705775387,0.19982002845394317,0.48556106929394743,0.0,-0.04495538750215453,-0.7330019344799474,39.178834970099196,0.005464575596609161,53.49511196837038,-0.03501277362540936,39.97433702756247,39.178834970099196,-0.19456636503235714,18.202309447088084,,
2024-12-27,KZTK,43619.99,8550.0,1.122663327784147,1.7917566490581835,0.9499058782045771,0.0,-0.0434001200040484,-0.7049988286659011,39.57992678861216,-0.0021889968074088125,48.60225115556599,0.08810474125746418,74.54001217089974,39.57992678861216,0.0632804831849394,65.92106031065642,,
2024-12-27,KZTO,822.0,98820.0,0.3815375740087024,1.2254858131202921,0.3389121197107912,0.0,-0.022439853435291382,-0.3276022950597781,45.101726389206654,0.0007726509095122231,50.49757583998139,0.019322233808365195,56.142934950534126,45.101726389206654,-0.05365446066504462,42.04521545899195,,
2024-12-30,AIRA,820.0,42820.0,0.3680566216096316,-0.49597870306615327,-0.383125837958099,0.0,-0.16510700735578784,-2.896371598275729,14.958967036373105,-0.017448857917150645,39.01626285973712,-0.06227828106852498,32.42161189872716,14.958967036373105,-0.16212884243128148,22.606638236194122,,
2024-12-30,KCEL,3370.0,11960.0,-2.0486331000900053,2.496642583069002,0.08577632958582723,0.0,-0.0077418774433611354,-0.06296037496851857,49.05570666841421,0.00603561772879274,53.8586490276756,0.009368277518722556,53.17687757055592,49.05570666841421,-0.05227898356177289,42.32656303990724,,
2024-12-30,KEGC,1528.0,4920.0,2.6036128332710775,-1.4246680823043856,0.6540158293013304,0.0,-0.04045179090833541,-0.6519131879369462,40.344099464396955,-0.013334696251973739,41.5495622468908,-0.02355356519571182,43.32233250489567,40.344099464396955,-0.07570890883403972,37.61595816122043,,
2024-12-30,KMGZ,14609.99,940.0,1.8873859937657136,-0.5746835200531767,0.8461420044146316,0.0,-0.10522507875427747,-1.8181776637794305,25.144759847358912,0.023831255845301866,64.8005149823811,-0.06499345545329566,31.710264997696957,25.144759847358912,-0.016326412114598197,49.803522336101366,,
2024-12-30,KZAP,20330.0,1740.0,-1.6451242860488473,0.08076106551595644,0.9999999956521739,0.0,-0.047305008627487724,-0.7753076401387782,38.57566193884848,-0.0013091388908408805,49.16514806555956,-0.03467119434099267,40.07295444291264,38.57566193884848,-0.18452895400495006,19.489370875000073,,
2024-12-30,KZTK,43650.0,810.0,1.1005336506598289,-0.8204829864812836,0.6595744672080127,0.0,-0.03243721158566519,-0.5076080358643303,42.444195563881536,0.015097561773850436,59.548079896257676,0.0645251022745868,68.79666396771556,42.444195563881536,0.07221484208803797,67.58375564964312,,
2024-12-30,KZTO,823.8,53370.0,0.5558510363832851,0.3691722796247255,0.9310343222354455,0.0,-0.03916535682493433,-0.6287505166896249,40.67902596662777,-0.0014189666932565028,49.09487026464626,0.010409208198938771,53.488473804149216,40.67902596662777,-0.06661702331818861,39.42145939508405,,
2024-12-31,AIRA,819.99,5900.0,0.244837807796228,-2.4065440273670413,0.44493879616580617,0.0,-0.15415756015317258,-2.6992231791172743,16.526916007757848,-0.02730096512501025,33.206148204375786,-0.07324958187643406,29.60003266773087,16.526916007757848,-0.1536885110532707,23.869071395650703,,
2024-12-31,KCEL,3432.0,780.0,-0.21701412696760566,-0.2333364713142106,0.8988458774805516,0.0,-0.018234324009324055,-0.2518803464799639,46.22896951691465,-0.008750124875124875,44.4254802978893,-0.03094855144855151,41.15277820953166,46.22896951691465,-0.07309913142413135,38.1309502366529,,
2024-12-31,KEGC,1527.0,4360.0,2.501933388728766,-1.5455036192075704,0.2452829880147228,0.0,-0.04375348722986247,-0.7113613224669592,39.48867075106328,-0.011436044063991018,42.73478212887354,-0.02474031714847039,42.97220340867505,39.48867075106328,-0.07711871940000625,37.338909565446286,,
2024-12-31,KMGZ,14621.0,340.0,1.9555875374450016,-1.5169880925000423,-0.12857142765306123,0.0,-0.10749746198390442,-1.859092675574376,24.68551947083901,0.06177883776108077,82.9469017107981,-0.08585688311984394,26.540775714104193,24.68551947083901,-0.022395255329635697,48.53150768188242,,
2024-12-31,KZAP,20180.01,560.0,-2.3704370534844545,-1.0529353270737358,0.44095317018034125,0.0,-0.04872828815496119,-0.8009342588775732,38.211976699286666,0.007076384917195762,54.52014133549824,-0.028948254998740895,41.7366122557278,38.211976699286666,-0.18576478857814047,19.327254694957468,,
2024-12-31,KZTK,43778.0,40.0,1.391695577186123,-2.853475959039239,0.9848038379220795,0.0,-0.039900605707585204,-0.6419889160553955,40.48749374466401,0.013501155450987559,58.55978787176747,0.03845846848493155,61.70677840577391,40.48749374466401,0.0631411621007,65.89480616400213,,
2024-12-31,KZTO,820.0,13340.0,0.0641285248257091,-1.1063256269348518,0.11234703978342049,0.0,-0.02126565040650402,-0.30646038107884144,45.416002602871664,0.007443234610917539,54.75293659972,0.016970673635307784,55.44537341705941,45.416002602871664,-0.062235878823073944,40.30224749141901,,
2025-01-05,AIRA,819.7,21880.0,0.040790052523744416,-1.0101005833724346,0.336363621074385,0.0,-0.15543457599663832,-2.7222162718388354,16.337472750406505,-0.019651923806812844,37.68277874415238,-0.08072678181719604,27.761011702913272,16.337472750406505,-0.16200192448456757,22.62526680099633,,
2025-01-05,KCEL,3411.59,8280.0,-0.8098634446203746,2.128918879873377,0.1483097028660598,0.0,-0.021550543335772773,-0.31158997251806414,45.33971628391537,-0.0010566715633733295,49.326711642211606,-0.016843119296606902,45.31369685504087,45.33971628391537,-0.05218942465243488,42.3448993818433,,
2025-01-05,KEGC,1522.0,5980.0,2.1347265192490377,-1.2295576441076064,-0.599999880000024,0.0,-0.0418771817575037,-0.67757782172132,39.97404477161757,-0.0068806734038337185,45.610148394997786,-0.025452112404313457,42.76253596782361,39.97404477161757,-0.07415421907264885,37.922419078226824,,
2025-01-05,KMGZ,14654.7,1430.0,2.18464175707865,-0.044450751070595526,0.16260553117849472,0.0,-0.10622599202693629,-1.836199438373884,24.94178200394285,0.07187027236020814,86.29775238339299,-0.07479794573462056,29.213448583692404,24.94178200394285,-0.03736440690894879,45.405545421265906,,
2025-01-05,KZAP,20300.0,1060.0,-1.7373054543364024,-0.3438556867256112,0.0012210012135514486,0.0,-0.04958726053639839,-0.816400340768965,37.99312121246299,-0.011312876299945264,42.811973020614104,-0.031030719759168036,41.12884741984054,37.99312121246299,-0.22476761083743835,14.729343829314695,,
2025-01-05,KZTK,43732.99,220.0,1.2870289762741391,-2.1238724122109924,0.7866824625907902,0.0,-0.042330748755751116,-0.6857444455729392,39.85652882425087,0.023723073953375418,64.73731098115302,0.016637118718106855,55.346247932543655,39.85652882425087,0.06763827434963865,66.73726474214807,,
2025-01-05,KZTO,819.63,2870.0,0.011150191870528296,-2.5537470158637263,-0.340852087612523,0.0,-0.042724756597489116,-0.6928386871083593,39.754538949888826,0.009713558251894154,56.18863392355497,0.017421420336005276,55.579256893296716,39.754538949888826,-0.06188197387845735,40.373678805015864,,
2025-01-06,AIRA,819.0,26190.0,-0.08535599736279376,-0.7656697179074529,-0.1983967538283073,0.0,-0.1018482905982906,-1.7573774759282303,25.837600043931563,-0.02370860805860806,35.276679243616,-0.08559221611721612,26.60288397504027,25.837600043931563,-0.1466647435897436,24.955913021728087,,
2025-01-06,KCEL,3380.0,3360.0,-1.7169808856445166,1.227024275690507,-0.9999999749874945,0.0,-0.003693880905419368,0.009925141847664033,50.14887668774691,0.008882732225039918,55.66431141523016,0.0009785080304310426,50.65848310354348,50.14887668774691,-0.03207551657743959,46.50715236595185,,
2025-01-06,KEGC,1520.8,45470.0,2.023998703786794,0.7990688282316657,0.06666665925924999,0.0,-0.041139448327112686,-0.6642946872515548,40.165432398774904,-0.008738015497273752,44.433135111492156,-0.03126954422484404,41.059315775977396,40.165432398774904,-0.07139910677755229,38.467868480451,,
2025-01-06,KMGZ,14629.99,600.0,1.9998403093958437,-0.8071893159660314,0.23046153491596968,0.0,-0.09490547928582488,-1.6323698614396078,27.300650304690034,0.08932530420688264,90.78073373939287,-0.08779289163414133,26.08928647790266,27.300650304690034,-0.026511689955532394,47.669694211496676,,
2025-01-06,KZAP,20451.5,1160.0,-0.9611303710502948,-0.18088291939721762,0.9996040322074724,0.0,-0.05307582175638916,-0.8792130396141085,37.10936682261453,-0.017302612898731765,39.10539131173053,-0.03407137958794493,40.2463213385514,37.10936682261453,-0.21170074212548534,16.159594960813166,,
2025-01-06,KZTK,43777.0,260.0,1.3965217716794334,-1.7012296628326447,0.9879602380289426,0.0,-0.015252540291687489,-0.19819234421588044,47.03061315610266,0.012855800139306317,58.158253637770294,-0.009522676699114715,47.503096244409754,47.03061315610266,0.0561862414071171,64.57206487245476,,
2025-01-06,KZTO,823.0,10320.0,0.4291399687710678,-1.0337259878630527,0.5423339720059566,0.0,-0.0364327421936778,-0.579548886255459,41.39331603001012,0.007984014156492893,55.095722435089364,0.008323993230341956,52.864028323930434,41.39331603001012,-0.06472710515149761,39.80060344896527,,
2025-01-08,AIRA,817.02,10500.0,-0.3122229307289447,-1.6344470943662104,-0.7681817308884427,0.0,-0.07374159314162622,-1.251307090016616,32.06504398204184,-0.01648196555775864,39.60686569704646,-0.09805288688509109,23.780845707800708,32.06504398204184,-0.14089626683382467,25.87287098074379,,
2025-01-08,KCEL,3432.6,250880.0,-0.1764680729853348,4.104982775960408,0.3718518490973924,0.0,-0.01983999425674836,-0.2807909704696259,45.798069600136344,-0.0024159281594126635,48.45712157829118,-0.014174880973189766,46.110066202016334,45.798069600136344,-0.061248546083352035,40.50163008527649,,
2025-01-08,KEGC,1515.02,30960.0,1.5110636284687071,0.3912730153842086,-0.7753058091984663,0.0,-0.03809799310103926,-0.6095322797376505,40.9575776740185,-2.5588917784706306e-05,49.98665116743614,-0.0315060531182678,40.99049347612378,40.9575776740185,-0.06711484902079976,39.32179811229328,,
2025-01-08,KMGZ,14843.03,6720.0,2.3140823675221354,1.6819354517765044,0.469851912629645,0.0,-0.11490975584457158,-1.992553478656692,23.227098674831133,0.059818948491499185,82.22532940026221,-0.08801161829988959,26.038591663030864,23.227098674831133,-0.04769529965237603,43.26763513999116,,
2025-01-08,KZAP,20429.0,1820.0,-0.9992671658054034,0.29135074333717875,0.8340769037813286,0.0,-0.05335653195309811,-0.8842673195698683,37.03861950424101,-0.016137000369844612,39.818324987411124,-0.03824575212874322,39.0450660774741,37.03861950424101,-0.23748151672420237,13.43984084438094,,
2025-01-08,KZTK,43650.0,390.0,1.076512021488372,-0.9564900853374714,-0.753148612712472,0.0,0.013075724104074617,0.31186742773254317,54.66440935724426,0.08841658075601375,90.58415353115998,-0.018124386352479135,44.93211196669164,54.66440935724426,0.049685432007854746,63.315156237547995,,
2025-01-08,KZTO,825.0,55860.0,0.6640524784255003,0.655034779146334,0.030927831863105288,0.0,-0.04334422799422803,-0.7039924745389966,39.594367401585274,0.009151767676767677,55.83423987296396,0.0021942640692640698,51.023932388300764,39.594367401585274,-0.06715003607503608,39.3147572581473,,
2025-01-09,AIRA,808.04,25250.0,-1.3669428885587058,-0.6993632792134212,0.043617445233392255,0.0,-0.07831863627684622,-1.3337182658349858,30.997611656343764,-0.010445512401947682,43.35653217968118,-0.1027502949327512,22.77202163675999,30.997611656343764,-0.13096827706942055,27.501531529128986,,
2025-01-09,KCEL,3399.99,16960.0,-1.0825526987536143,2.8459205440022415,0.18332748064739837,0.0,-0.00881678080565782,-0.08231436560416305,48.765535434909005,0.00850586942202504,55.42605474618757,0.002514842998838,51.1202799399314,48.765535434909005,-0.043363367483293676,44.16151964470751,,
2025-01-09,KEGC,1512.0,22610.0,1.2322766740926459,0.07696974110151603,-0.199999960000008,0.0,-0.03352142857142855,-0.5271297213716075,42.15831353812641,-0.0008873015873015274,49.43510610935276,-0.028893121693121693,41.75273787104932,42.15831353812641,-0.06324047619047618,40.09970690152843,,
2025-01-09,KMGZ,15000.0,2340.0,3.3280024936828823,0.6270020548029206,0.047619047392290254,0.0,-0.12489523809523809,-2.172345389958252,21.359214353836826,0.02936269841269841,67.9593814651653,-0.09902539682539682,23.569488894086003,21.359214353836826,-0.060768253968253964,40.59873443549105,,
2025-01-09,KZAP,20361.6,1550.0,-1.2730710817841302,0.1307697161211844,0.45869311836339466,0.0,-0.05979618104667603,-1.0002153318522444,35.43141356099338,-0.010909598459845878,43.06495566995167,-0.037382795065220756,39.29236370151724,35.43141356099338,-0.22780180732358946,14.412596461640154,,
2025-01-09,KZTK,44434.0,1720.0,2.88313176233276,0.6815838358316204,0.1610862817851166,0.0,-0.011642164622972111,-0.13318633592302537,48.0032674252981,0.04804885465941639,77.38771449897438,-0.049200112883670565,35.95842939825798,48.0032674252981,0.038821714674377096,61.17443673807378,,
2025-01-09,KZTO,824.99,53340.0,0.6271941070320021,0.33006198676120796,-0.33889810702869155,0.0,-0.04551981859520374,-0.7431647030343227,39.03362991911243,0.018859932722609225,61.84558849888769,-0.0007101041147780946,50.150787626304215,39.03362991911243,-0.06839286355948135,39.066356885104746,,
2025-01-10,AIRA,800.0,31380.0,-2.327572760236189,-0.3894020167793959,-0.99999990000001,0.0,-0.0467071428571428,-0.764542869158897,38.728816164102184,-0.00044583333333332196,49.7176621479756,-0.10668412698412698,21.950689864780248,38.728816164102184,-0.11934007936507937,29.48795288676107,,
2025-01-10,KCEL,3412.0,19220.0,-0.5612641540738696,2.97103901319311,0.5555555246913597,0.0,-0.011280853290906046,-0.1266808058608459,48.100702223489236,0.015237827276279797,59.63455793906952,0.002031435735685396,50.97499261649197,48.100702223489236,-0.04746874290552486,43.31428136763666,,
2025-01-10,KEGC,1514.0,11880.0,1.062501114851625,-0.5665649532807345,0.6611294582841482,0.0,-0.03475519437629741,-0.5493440828403362,41.83363830874741,-0.004914839277851167,46.86124955973703,-0.03015589052441759,41.38384700240047,41.83363830874741,-0.06935163814975567,38.87511516562262,,
2025-01-10,KMGZ,15567.0,2960.0,7.170210871716994,0.8620393149708622,0.9964788714850724,0.0,-0.1514550791968358,-2.6505641154688035,16.933628200672846,-0.026958514806963447,33.40090255582098,-0.15151385493427794,14.09139572288497,16.933628200672846,-0.09179342618848786,34.507095982424964,,
2025-01-10,KZAP,20381.79,1600.0,-1.134639878390528,0.08474091102855924,0.9998682411076084,0.0,-0.06467270752295488,-1.0880188043008898,34.23563011498486,-0.007927497241410144,44.94607856230869,-0.04722706108118138,36.50670108224464,34.23563011498486,-0.2089205118246426,16.47799655923596,,
2025-01-10,KZTK,44497.0,1630.0,2.7128049006402,0.6278406691803549,-0.057279236208497335,0.0,-0.015267380064145578,-0.19845953922825374,47.02661938550222,0.04457593695455117,75.79395631566473,-0.05734587103428767,33.73469165839714,47.02661938550222,0.059736740420524154,65.25026464834053,,
2025-01-10,KZTO,828.5,6140.0,0.8902177405946607,-1.8317933610122128,0.9999998175182815,0.0,-0.05560266186740236,-0.9247096317373567,36.47455178062794,0.010935103600885145,56.956998240305666,-0.02256863211387955,43.61342745760684,36.47455178062794,-0.06770987417497673,39.20279476195544,,
2025-01-13,AIRA,806.0,17830.0,-1.5568991505956138,-0.9174083511153533,0.8490245251039438,0.0,-0.05543206408287053,-0.9216379621900254,36.51726591339482,-0.01784648469809758,38.77430281305643,-0.13140789022805152,17.280158134943598,36.51726591339482,-0.12149691204852502,29.113243774334308,,
2025-01-13,KCEL,3418.01,1540.0,-0.3707097869577559,0.4468858960567814,-0.7731647334748968,0.0,-0.022421169006815178,-0.3272658757439168,45.10672429792098,-0.0011808516261412006,49.24724206519726,0.00407676043676752,51.589570052182076,45.10672429792098,-0.050123357385665396,42.76848276575645,,
2025-01-13,KEGC,1516.0,11610.0,0.9855645259007155,-0.5661150444090269,0.38674881458021265,0.0,-0.03507108409766721,-0.5550317817756382,41.750621898401675,-0.00425259454705365,47.28368654303354,-0.030810425304686483,41.19301564573832,41.750621898401675,-0.07110375256523013,38.526517014283726,,
2025-01-13,KMGZ,15751.0,2700.0,8.352155074882791,0.7701022438780799,0.9574468034178362,0.0,-0.14704170153469717,-2.5710997906367656,17.614893994079605,-0.056962283876156025,18.872651769945026,-0.1668412196806854,12.00385323031566,17.614893994079605,-0.10808412940271866,31.48801434399259,,
2025-01-13,KZAP,20130.0,2390.0,-2.3251969337082996,0.4170368400733118,0.5859030811193697,0.0,-0.05881789735765153,-0.9826010103974028,35.67356779873888,-0.0019397913561847988,48.76165277088101,-0.03387694805194803,40.3025712662682,35.67356779873888,-0.20180826295744328,17.31541547652534,,
2025-01-13,KZTK,44898.98,680.0,3.2376418674570884,-0.24639983956163264,0.6265735029731349,0.0,-0.026477043703937712,-0.4002932414223868,44.02429923451642,0.06145610268503494,82.82970145918243,-0.06588770847726763,31.477818173811812,44.02429923451642,0.05071988510404662,63.516431822667876,,
2025-01-13,KZTO,830.0,37090.0,1.0461640879408527,-0.03327671151251092,0.16527544530255175,0.0,-0.05192822241346337,-0.8585501337980904,37.39916870915445,0.001885943775100402,51.209957728302236,-0.023144563970166378,43.44315721721526,37.39916870915445,-0.07245957161981258,38.25756892783717,,
2025-01-14,AIRA,802.0,27780.0,-2.0261010494922,-0.45428822304527455,0.4545454132231443,0.0,-0.05379372798163322,-0.8921391786960042,36.92854391861557,-0.01416043720064917,41.03705014360131,-0.13324842457348693,16.966024089312654,36.92854391861557,-0.12058856430352691,29.27070998421802,,
2025-01-14,KCEL,3420.0,1330.0,-0.31189663460479017,0.15414719500644655,-0.6295610181596388,0.0,-0.014718922305764466,-0.18858437584884588,47.174248575513865,-0.0058653926482874486,46.25570500979252,-0.00338266499582289,49.34723767828066,47.174248575513865,-0.0513764411027569,42.51144595617894,,
2025-01-14,KEGC,1512.0,5510.0,0.3015791664588239,-1.1490404615079435,-0.263157867036014,0.0,-0.03582195767195767,-0.5685515088833104,41.55347928213843,-0.0029384920634920636,48.12302886237197,-0.026851058201058202,42.35122384430817,41.55347928213843,-0.0689111111111111,38.96294264329652,,
2025-01-14,KMGZ,15980.0,3560.0,8.934568467883182,0.9733600515869072,0.9785648299084394,0.0,-0.15648456503168642,-2.7411216717702587,16.1830208789508,-0.07678142072431811,12.284683458260009,-0.17225073107257086,11.333424073066157,16.1830208789508,-0.12126102270695513,29.154088259113376,,
2025-01-14,KZAP,20158.0,1710.0,-2.1337517353178317,0.06648950623311431,0.9720666029309648,0.0,-0.0750803021999222,-1.2754109894804282,31.750825934799074,-0.008295670354989316,44.71293710521102,-0.03477326115749074,40.043478250881805,31.750825934799074,-0.20707270987768062,16.69238631841317,,
2025-01-14,KZTK,44469.0,19130.0,2.1849546677200213,3.090517856715228,0.6089131420605216,0.0,-0.01693701214007832,-0.22852181709994104,46.57753292914254,0.09220621548558702,91.37977285836718,-0.05673826694679753,33.89824664816867,46.57753292914254,0.06260968347131068,65.79456302716797,,
2025-01-14,KZTO,832.0,19470.0,1.2422782505991858,-0.705777760458423,0.33333322222225925,0.0,-0.05729758852258852,-0.9552273468764064,36.051343047156024,0.0007393925518924863,50.47628969348983,-0.02913973595848595,41.68062086627724,36.051343047156024,-0.07836146978021982,37.095377085870886,,
2025-01-15,AIRA,805.98,29400.0,-1.4681018047064338,-0.3685083611530517,0.9949998756250202,0.0,-0.047424424716907804,-0.777457766333791,38.54509830348476,-0.02773136368148095,32.962189750136226,-0.14502845707503084,15.06236220766164,38.54509830348476,-0.1386284020695303,26.23931986032793,,
2025-01-15,KCEL,3434.5,1090.0,0.11112768748415018,-0.16067859015527816,0.36069291893806854,0.0,-0.025678813313552724,-0.3859208391744405,44.23691416885224,-0.004307222060464907,47.248824835087774,-0.02145562909737099,43.94290268667168,44.23691416885224,-0.06395960959868006,39.95492672267412,,
2025-01-15,KEGC,1519.48,7230.0,0.674774848588317,-0.6034905526341235,0.8959999104000127,0.0,-0.037073199551141356,-0.5910805328514792,41.22556713493052,-0.008522523275506545,44.56940007236669,-0.02972264942559716,41.51030241303856,41.22556713493052,-0.07181501149516058,38.38533904318732,,
2025-01-15,KMGZ,15775.0,10480.0,7.43445064963964,2.0530711260638665,0.5257666766511045,0.0,-0.1498778475838301,-2.6221655384998637,17.174655567803025,-0.07812455097728474,11.918906598686203,-0.16735110243252083,11.939227111539008,17.174655567803025,-0.10335806920232435,32.34929005993966,,
2025-01-15,KZAP,20160.0,1080.0,-2.077390433330443,-0.3961609400125823,0.9999999952380952,0.0,-0.07521150793650794,-1.2777733921728873,31.7201183818983,-0.01137420634920635,42.77353225744362,-0.033873015873015874,40.30370912722996,31.7201183818983,-0.21775515873015874,15.483425737838852,,
2025-01-15,KZTK,47639.0,10430.0,8.368077315353274,2.4839459268853203,0.724776119186634,0.0,-0.07310959697053601,-1.2399277898803616,32.213953473952174,0.005141416521477494,53.289215153546785,-0.10967383345544883,21.340862793934896,32.213953473952174,0.0029720857210828594,53.842189720054265,,
2025-01-15,KZTO,835.0,286730.0,1.5653784147448009,1.9838862767956222,-0.603849226065573,0.0,-0.05787541821119671,-0.9656313615763191,35.907554039943754,-0.008929690618762476,44.31200097913366,-0.04703814989069479,36.55938240845086,35.907554039943754,-0.06815573852295408,39.113707085474985,,
2025-01-16,AIRA,802.0,17270.0,-1.9052025519909705,-0.7911090267388131,-0.41860459031909986,0.0,-0.028908453073665047,-0.4440715714785661,43.37805549030412,-0.026505996912480685,33.659123163790305,-0.12952914242172345,17.605541751203056,43.37805549030412,-0.13300356845980288,27.16251005069029,,
2025-01-16,KCEL,3439.01,1750.0,0.2416291762899113,0.312749866167551,0.5931372427872431,0.0,-0.02437738699763315,-0.3624882278209218,44.584009234377696,-0.002673230848135957,48.29260020297765,-0.015010212297854564,45.86051804218392,44.584009234377696,-0.06383214355986454,39.98057622001666,,
2025-01-16,KEGC,1515.15,5920.0,0.2954016785062157,-0.694411646698263,-0.27380949121312037,0.0,-0.034945525195525254,-0.5527710522054142,41.78361344231868,-0.004377982377982432,47.203671628732586,-0.030876240801240858,41.173841504866424,41.78361344231868,-0.06737950532950539,39.268851853573004,,
2025-01-16,KMGZ,15485.0,9980.0,4.713080049175617,2.00418538187601,-0.13758315734774168,0.0,-0.10099293350964322,-1.7419764885795237,26.015061245871745,-0.05945867736826729,17.913449668895144,-0.15301404495389803,13.874382567955202,26.015061245871745,-0.09216362762735059,34.43696311197909,,
2025-01-16,KZAP,20199.95,2009.9999999999998,-1.8418404506165065,0.22501023283691607,0.9989999900100147,0.0,-0.07659506959136356,-1.3026848774758066,31.39727984163787,-0.010970222580701771,43.02690172164001,-0.044423539366571625,37.291772321973106,31.39727984163787,-0.21838151614354537,15.41480846067535,,
2025-01-16,KZTK,46701.0,1520.0,4.511664156507169,0.5579710647403534,-0.9999999989338906,0.0,-0.04914193715643899,-0.8083821459917595,38.106523756400804,0.026149779600926227,66.14234764183632,-0.09583076540116911,24.268657949035088,38.106523756400804,0.03237664121600332,59.8831269632932,,
2025-01-16,KZTO,843.0,20770.0,2.1132261648070134,-0.7355649158616941,0.4214581848572511,0.0,-0.06763905835169182,-1.1414289322948563,33.517805398824905,-0.020117268259617047,37.4034079653147,-0.04318690193752467,37.64023728861371,33.517805398824905,-0.07264142518217251,38.22154964121715,,
2025-01-17,AIRA,801.99,13570.0,-1.8584041587796702,-0.8695209036716989,0.22018345257134708,0.0,-0.026391216224641214,-0.3987478892643693,44.047149683455025,-0.02789312553772491,32.87073580120343,-0.13111314199678295,17.330889640741066,44.047149683455025,-0.13428402068604348,26.95057130693318,,
2025-01-17,KCEL,3474.0,110580.0,1.260111996922421,4.104982775960408,0.6688189066373396,0.0,-0.034658701373468215,-0.5476066944027642,41.859006099530376,-0.022082965293198403,36.23272255216601,-0.034160529237601774,40.22053850921856,41.859006099530376,-0.07743327370671929,37.277207460037,,
2025-01-17,KEGC,1511.0,15000.0,-0.06244860202186031,0.24675307200343002,-0.5206929238986627,0.0,-0.03223529093525784,-0.5039723877547392,42.49749369022183,-0.0010028092927000635,49.36118212059655,-0.029490877743111363,41.57799852242397,42.49749369022183,-0.06806691904866954,39.13144824345683,,
2025-01-17,KMGZ,15193.0,1980.0,2.3420005056564333,0.07333103444996297,-0.8658634511403712,0.0,-0.08737920779097308,-1.4968568533479325,28.943820206134486,-0.04843663046056089,22.4432394679404,-0.1332321932667404,16.96877440761154,28.943820206134486,-0.07415710051830468,37.92185018595039,,
2025-01-17,KZAP,20280.0,1000.0,0.3098139332568424,-0.4731231623257301,0.5789473623268699,0.0,-0.0922611956419648,-1.5847586596550047,27.871286772132585,-0.019178531511223743,37.96782355647931,-0.04334931201277347,37.59439879349216,27.871286772132585,-0.2443997158824082,12.779056267845018,,
2025-01-17,KZTK,46611.02,1090.0,4.059369701304976,0.22543914113612953,-0.7482833608813998,0.0,-0.046767658698232836,-0.765632476897459,38.71330373153104,0.029311674306320742,67.93092866608525,-0.09726406313578145,23.953237006943205,38.71330373153104,0.025948634081614096,58.58142274850425,,
2025-01-17,KZTO,839.99,4480.0,1.7073224229781847,-2.2694412642379556,-0.367132802948793,0.0,-0.04504477027031879,-0.7346113007901829,39.15582759902014,-0.013883860262319903,41.20850218275738,-0.06107002523367155,32.740817161062715,39.15582759902014,-0.06922616199418097,38.90012390532861,,
2025-01-20,AIRA,793.98,13760.0,-2.795263529666986,-0.7923440209580065,0.10880828210153562,0.0,-0.028973997455855334,-0.44525171976317046,43.360664580277934,-0.013212861694968908,41.62533905174297,-0.06768666474146526,31.013016039478536,43.360664580277934,-0.1315082933899019,27.411324659149415,,
2025-01-20,KCEL,3424.0,8960.0,-0.4064911589877361,1.6950132706661514,0.18478260769139887,0.0,-0.020292393561786085,-0.28893656961871067,45.67677368698778,-0.0026715787716956583,48.29365643949144,-0.011418673045542204,46.93477663768182,45.67677368698778,-0.07015749332443252,38.714639667107775,,
2025-01-20,KEGC,1514.0,7490.0,-0.04557702089812475,-0.4477271684763029,0.6923075857988329,0.0,-0.03483694040804344,-0.5508159471849907,41.81215084168035,-0.008244730137761842,44.74518080237994,-0.03144939873351366,41.00697627108823,41.81215084168035,-0.06937573598792225,38.87031287859155,,
2025-01-20,KMGZ,14899.99,8180.0,0.3098616435774165,1.3526351484986763,-0.23198156646393067,0.0,-0.07256258345177113,-1.2300786305130247,32.343131961215626,-0.03114663924271086,31.05951747322337,-0.10632107887134301,22.025589296477172,32.343131961215626,-0.054102623240015565,41.9536564300326,,
2025-01-20,KZAP,20150.0,2020.0,-0.24591948008174394,0.24884202744074282,-0.9998894422647381,0.0,-0.09706835539012959,-1.671313161216187,26.839364082148702,-0.018048555476781306,38.65155166501643,-0.03333950628224818,40.45818794926952,26.839364082148702,-0.20225273839064162,17.262110719560543,,
2025-01-20,KZTK,47790.0,900.0,6.596127762014246,-0.11531051614890561,0.9847972964655427,0.0,-0.06620960975099394,-1.1156912373518146,33.86279021466133,0.026169438465907337,66.15361850116986,-0.09411677054374788,24.64954028337747,33.86279021466133,0.005861203031118284,54.44377581482688,,
2025-01-20,KZTO,834.0,142970.0,0.916683671214474,1.2879800466347535,-0.557267228490715,0.0,-0.04644086730615508,-0.7597484897745901,38.79709949147659,-0.0005746231586159539,49.635229222173486,-0.04406942160557268,37.39142415293782,38.79709949147659,-0.06471103973963686,39.80383171769959,,
2025-01-21,AIRA,793.0,14530.0,-2.8659595546519987,-0.6768383866529285,-0.38854801753087403,0.0,-0.05296371524650213,-0.8771945248167294,37.13763647403377,-0.01683446976520747,39.39118580413019,-0.03982916691687188,38.59277599131412,37.13763647403377,-0.1280318311015033,27.995260597981865,,
2025-01-21,KCEL,3409.99,580.0,-0.81027800804483,-1.4827343824606036,-0.4310221278755269,0.0,-0.015892293393123973,-0.20971131044915262,46.858474069365776,0.0014386772011201906,50.92380036592642,-0.007901953771497817,47.98942237922694,46.858474069365776,-0.06477502735077605,39.79097423623651,,
2025-01-21,KEGC,1512.0,9140.0,-0.2177262889616986,-0.05118378770924308,0.07550075878262706,0.0,-0.0348505291005291,-0.5510606160885804,41.80857926796537,-0.005628439153439135,46.4065585696186,-0.03081931216931217,41.190426464056976,41.80857926796537,-0.06550132275132275,39.64513371928877,,
2025-01-21,KMGZ,14799.99,46150.0,-0.3967964324807274,3.0011613838072817,-0.19917497574742363,0.0,-0.05873519506721673,-0.9811119282987093,35.69407287873333,-0.03371108898673964,29.671359212510396,-0.10696234409778718,21.893415694960765,35.69407287873333,-0.047505872743672045,43.30663581583445,,
2025-01-21,KZAP,20050.01,2440.0,-0.7129924252382158,0.4188739519173855,-0.3938787866852255,0.0,-0.10244324829454418,-1.7680898860720533,25.714630107290375,-0.015931168570726913,39.94467906235404,-0.02980751808634248,41.48552188793222,25.714630107290375,-0.1861658943102454,19.27485875459316,,
2025-01-21,KZTK,48699.99,11450.0,8.379245877012181,2.5268182503188483,-0.07028165160779941,0.0,-0.07925621192559348,-1.3505996255576789,30.781383505456066,0.013464218196671424,58.536835972094856,-0.08848130210675016,25.929947800652847,30.781383505456066,0.008822070578013978,55.0589579768372,,
2025-01-21,KZTO,835.06,7490.0,0.911101642684299,-1.7555003531144167,0.21833531745049892,0.0,-0.039281950370261325,-0.6308498220444931,40.64863429138082,0.007742722307949423,54.942831744514834,-0.049759179874538026,35.80373285520571,40.64863429138082,-0.06360466532392495,40.02636443019832,,
2025-01-22,AIRA,786.0,9960.0,-3.652956471486367,-0.9966983097561796,-0.45404909426304924,0.0,-0.0557404125772447,-0.9271898788384966,36.44007740436929,-0.014398397552405186,40.88971072869675,-0.04665114503816794,36.66740614981935,36.44007740436929,-0.12678377862595425,28.206738971382116,,
2025-01-22,KCEL,3429.81,314140.0,-0.234308725480192,4.104982775960408,0.35920644315924766,0.0,-0.021675271631039935,-0.3138357467367276,45.306324418191295,2.299418293476383e-05,50.01774846575441,-0.012259181412381479,46.68308192155468,45.306324418191295,-0.059682737309063726,40.81847164321063,,
2025-01-22,KEGC,1511.0,11650.0,-0.4448252170218102,0.32886130196569796,-0.3859111496239537,0.0,-0.03485595710819073,-0.5511583491622113,41.80715262568223,-0.004940074112592306,46.84516110688628,-0.027541561879549946,42.14859123918362,41.80715262568223,-0.06357390800794176,40.032556789972666,,
2025-01-22,KMGZ,14588.99,4600.0,-1.7375373025595324,0.6652764742858132,-0.8629869123456608,0.0,-0.03749185554687211,-0.5986185725535942,41.11602235167518,-0.03303920107500724,30.031584831411852,-0.09441603407775315,24.582749347630095,41.11602235167518,-0.02814258840056781,47.328605426640365,,
2025-01-22,KZAP,19990.0,820.0,-0.9295539853697264,-0.7052675494099334,0.5712682347291281,0.0,-0.08233115069439481,-1.4059649153353613,30.078155175261056,-0.011109596663411143,42.93944748413699,-0.03666218109054527,39.499292157303955,30.078155175261056,-0.1632874312156078,22.437086898110813,,
2025-01-22,KZTK,48024.07,1940.0,5.31111171032008,0.6527361022722725,-0.9223535848604765,0.0,-0.05979579956442874,-1.0002084631381807,35.431507844712776,0.0007153554322483473,50.46090525251575,-0.08151674901773215,27.57087689852007,35.431507844712776,0.02478996699467588,58.345449538591495,,
2025-01-22,KZTO,830.0,18030.0,0.16162365264293668,-0.7826150168231584,-0.8176845198099805,0.0,-0.03692591795754446,-0.5884286790353496,41.26412530914044,0.02118451424746602,63.239763612309204,-0.04605903614457829,36.83293942625356,41.26412530914044,-0.054099698795180715,41.954253711486714,,
2025-01-23,AIRA,783.11,17880.0,-3.446482346819446,-0.3635851659707064,-0.9818015485166885,0.0,-0.0471371286048525,-0.7722849047934802,38.61864478024821,-0.013281540917542264,41.582618101897204,-0.020476582249488312,44.23316671474117,38.61864478024821,-0.12287457521323711,28.875375140407034,,
2025-01-23,KCEL,3439.97,430.0,0.18044812904404797,-1.7819423660203122,-0.1933306791055838,0.0,-0.024333041136940434,-0.36168976592873586,44.59584594217329,-0.006114378124652284,46.097265312134134,-0.01417210019734847,46.11089726798013,44.59584594217329,-0.07665858344971713,37.42924278826736,,
2025-01-23,KEGC,1512.99,29160.0,-0.2768510354733749,1.2463524462522848,0.20361081207514095,0.0,-0.033489216929013785,-0.5265497400937352,42.16679950336099,-0.006884444803242025,45.607752998097595,-0.028808232940827676,41.77756992893251,42.16679950336099,-0.06554681142260406,39.63600566271185,,
2025-01-23,KMGZ,14610.0,44830.0,-2.786111996065755,2.9420973427428043,-0.9864237220532878,0.0,-0.03044109791075906,-0.4716673487971034,42.97183397656577,-0.0494757048336104,21.98356372948085,-0.08943021576871679,25.71135268949225,42.97183397656577,-0.02442327662070988,48.10678166138588,,
2025-01-23,KZAP,20037.99,2020.0,-0.6732618839984834,0.19627973893267775,0.46078260669226345,0.0,-0.09165047891945918,-1.5737625030301425,28.00411498234197,-0.014802336578336196,40.639976825914786,-0.04303237710801673,37.683870811666864,28.00411498234197,-0.17509471431515844,20.76090689208031,,
2025-01-23,KZTK,48060.1,2029.9999999999998,5.058305396183838,0.6980838520839209,-0.4672212970595368,0.0,-0.0542702896659186,-0.9007198294767954,36.80871175755072,-0.004176122479317658,47.33249325946619,-0.08428654242705302,26.910633639003134,36.80871175755072,0.02240424587924187,57.858380592828496,,
2025-01-23,KZTO,828.53,13540.0,-0.051444652179884545,-0.759228695464806,-0.7349998162500595,0.0,-0.037601723989456125,-0.6005967902087894,41.08728890573534,0.020574054009213905,62.87566910002771,-0.05034662088468405,35.64150302544957,41.08728890573534,-0.05597977608650545,41.57076501729724,,
2025-01-24,AIRA,781.99,124810.0,-3.498169514510982,1.6670281665172928,0.07538460958580066,0.0,-0.04702245828053256,-0.7702202276690803,38.648014383501796,-0.006717139625664055,45.71403593538062,-0.02059021188209894,44.19945763641627,38.648014383501796,-0.11519072646769932,30.216647176639622,,
2025-01-24,KCEL,3407.55,40870.0,-0.7640463137085636,2.7723289130334043,-0.1888708937307318,0.0,-0.016304393849512096,-0.21713131549671255,46.7476290560327,0.007494085123301011,54.78518911949508,-0.014066342194608525,46.14250583050578,46.7476290560327,-0.0667692456037749,39.39097615752548,,
2025-01-24,KEGC,1513.95,8170.0,-0.18074567925647944,-0.23892980299382618,0.3187918928201655,0.0,-0.03409038615479221,-0.5373739908815394,42.00850182208638,-0.0049936043997176015,46.811035081723006,-0.0284406798126629,41.885136261107135,42.00850182208638,-0.0646329327728318,39.819528207718314,,
2025-01-24,KMGZ,14502.0,13530.0,-2.759333591603644,1.6806480869898186,-0.9881978018759654,0.0,-0.013610869108366007,-0.16863351146562833,47.4726530849497,-0.04855522522345029,22.390430877140556,-0.06676473868957317,31.25074584550428,47.4726530849497,-0.006308213645408518,51.90308705578253,,
2025-01-24,KZAP,19950.99,940.0,-1.0965823724086057,-0.5686922712759274,0.1305905394313519,0.0,-0.07188281220869841,-1.2178391244008662,32.504037373747096,-0.006715182752955244,45.71527929874257,-0.04491531922129956,37.15356016195282,32.504037373747096,-0.15656506726877076,23.433449770577493,,
2025-01-24,KZTK,48115.01,540.0,4.960798383806134,-0.8823855907823372,-0.9999999978857904,0.0,-0.06358391281029253,-1.0684146953064013,34.50094913326854,-0.026017848092040014,33.938773856543946,-0.08742356029994512,26.17503213027863,34.50094913326854,0.00903538647245812,55.103221397831035,,
2025-01-24,KZTO,830.81,283760.0,0.17252043343233484,2.6464119963705337,-0.4853272589924157,0.0,-0.04927820783236396,-0.8108357445925953,38.07180830147816,0.011164256587996139,57.10077679931829,-0.04756969729579255,36.41123320614133,38.07180830147816,-0.05329305594482945,42.119089889251214,,
2025-01-27,AIRA,785.84,6480.0,-2.5871779884422077,-1.2910373307145464,0.626890650942746,0.0,-0.061969248435401886,-1.0393421290762876,34.89619320805255,-0.023036509996784405,35.67056433485726,-0.028659838829827672,41.82098888181142,34.89619320805255,-0.12858076004808938,27.902553862699996,,
2025-01-27,KCEL,3424.99,800.0,-0.2205435104225966,-1.9843970991699842,0.15220338725078264,0.0,-0.027847692315125155,-0.424972223102192,43.659731327192326,-0.01953484467478691,37.753197441524854,-0.010866616076784276,47.10017873181711,43.659731327192326,-0.06564925375868313,39.61545155238322,,
2025-01-27,KEGC,1506.0,70990.0,-0.6875031683454198,2.104400484242799,-0.45155388925467466,0.0,-0.03689083191045342,-0.5877969431503757,41.273312384048275,-0.0015644390691203441,49.00178938240129,-0.026596863340289635,42.42588412297397,41.273312384048275,-0.05509907512805919,41.750281875412945,,
2025-01-27,KMGZ,14480.02,2260.0,-2.7064407902867047,-0.22491116642268863,-0.9287943196539348,0.0,-0.009348623651927372,-0.09189037199448855,48.62199347241737,-0.06743173581569863,15.105380881548868,-0.06196490336777797,32.504246777372835,48.62199347241737,-0.0046604584718082445,52.24797023989426,,
2025-01-27,KZAP,19845.98,950.0,-1.6720309247375726,-0.5550936041588058,0.025157982442109834,0.0,-0.100567188258445,-1.7343108044874629,26.103684753754564,-0.002992228633260271,48.08868226976109,-0.054947907547131546,34.38240513911564,26.103684753754564,-0.1475012372194939,24.824759941777785,,
2025-01-27,KZTK,49182.13,1930.0,7.159326653175796,0.39131614647872126,0.9999999990628982,0.0,-0.08235579553972333,-1.4064086539284624,30.072556058951793,-0.06759339945938031,15.052378643222964,-0.10752045648184014,21.778846421956715,30.072556058951793,-0.009956735400545605,51.138835279806635,,
2025-01-27,KZTO,835.99,316190.0,0.7461095718246727,2.3914620750555646,0.1979999802000038,0.0,-0.05483592574016894,-0.9109042941163267,36.66669290541943,0.006688994006155982,54.274096568528996,-0.056567575673514746,33.94426282336252,36.66669290541943,-0.046872115424597814,43.43717870731313,,
2025-01-28,AIRA,782.0,41330.0,-2.5390782861361973,0.731873716499398,-0.4984246692864081,0.0,-0.06497648276701985,-1.09348837806463,34.161780419162845,-0.02639470933300856,33.722777809087916,-0.01235595238095238,46.654113930082175,34.161780419162845,-0.11528326736491695,30.200284469153438,,
2025-01-28,KCEL,3425.0,410.0,-0.2201041730640434,-2.6528001033348847,-0.01010509276262958,0.0,-0.02382832811956896,-0.3526022410827589,44.730605789149045,-0.011320070096164956,42.80746360594222,-0.017611426833507124,45.08481171845554,44.730605789149045,-0.06831237110415943,39.082427678821865,,
2025-01-28,KEGC,1507.97,7700.0,-0.4094252002372861,-0.2981781802253135,0.48370915195260833,0.0,-0.03488373278235611,-0.5516584593642548,41.799852564797426,-0.006849837716762309,45.62973438168353,-0.024272635073578908,43.11010239112385,41.799852564797426,-0.055090034060822454,41.75212589576319,,
2025-01-28,KMGZ,14344.92,5990.0,-3.5948937344645002,0.7498131585688182,-0.4526706659173367,0.0,0.0008171108059757091,0.09114703992905909,51.36686494739928,-0.04513161050342962,23.950396561884503,-0.05804948012457167,33.54577945946504,51.36686494739928,0.011666212020900575,55.64843659082028,,
2025-01-28,KZAP,19790.0,580.0,-1.9570490207013465,-1.0485264405765988,-0.29662209189610855,0.0,-0.08972860511561878,-1.5391585294013477,28.424627556388405,0.0036781012135357763,52.35558148188255,-0.052275103467359654,35.111254069300216,28.424627556388405,-0.147178645820801,24.875284015030307,,
2025-01-28,KZTK,49500.0,2470.0,7.364653059069398,0.6380139283684292,-0.4245349516975687,0.0,-0.08937907647907647,-1.5328651506700024,28.501513502323572,-0.09382016594516594,8.302085439772716,-0.10330544733044733,22.654811927747893,28.501513502323572,-0.018228116883116843,49.40482472129151,,
2025-01-28,KZTO,844.0,18200.0,1.5111112632491563,-0.4634560072150822,0.05871029271315898,0.0,-0.06644152561498529,-1.1198669592049455,33.80670148010525,-0.002890873015873016,48.15346682590956,-0.06279434100654485,32.28577018261084,33.80670148010525,-0.0560905909125104,41.548192910946604,,
2025-01-29,AIRA,777.0,23870.0,-2.8575999939695973,0.1829080068455129,-0.99999989989991,0.0,-0.07725374302874302,-1.314544510616922,31.244213561668722,-0.026071181896181895,33.90816497433305,0.008211465036465037,52.83030297992624,31.244213561668722,-0.10550779708279709,31.955994462050157,,
2025-01-29,KCEL,3440.0,2730.0,0.21589027919949136,-0.7569902269366401,-0.20844326626798962,0.0,-0.029344970468807678,-0.45193121158596633,43.262265140238114,-0.007268530823182049,45.363909842167935,-0.019357299741602066,44.56548941391761,43.262265140238114,-0.07114186969361389,38.51894621268579,,
2025-01-29,KEGC,1507.99,6160.0,-0.3598409996519311,-0.3400596641259106,-0.6638368991787973,0.0,-0.03727952743413207,-0.5947955346417261,41.171568814452776,-0.013508677321130825,41.44142146975308,-0.024973477259280386,42.90349527448149,41.171568814452776,-0.05217135341883136,42.34859955230149,,
2025-01-29,KMGZ,14149.99,3900.0,-4.7967622794463205,0.17924892902747935,-0.5526027372027292,0.0,0.014087905981413226,0.3300920972821147,54.93525950262108,-0.04700342311055757,23.08841272472339,-0.009199634579639654,47.59999582552615,54.93525950262108,0.02459723322004257,58.30616010056012,,
2025-01-29,KZAP,19826.85,890.0,-1.7995764102304757,-0.5707883699380797,0.9999999820948974,0.0,-0.0794444685009276,-1.353989247475253,30.738067969359562,0.006175961064463357,53.947933166545745,-0.05357973747300581,34.75459960906227,30.738067969359562,-0.12225057587552324,28.982972396793215,,
2025-01-29,KZTK,48200.0,3910.0,4.251420903630469,0.9092808176754164,-0.7590346925228253,0.0,-0.06319424191530001,-1.0613985419318743,34.596140855815015,-0.09211698445629986,8.640153794442174,-0.07395731904103273,29.422962213710246,34.596140855815015,0.16566502502799185,82.03093455856762,,
2025-01-29,KZTO,850.03,228120.0,2.1739770702249244,2.4281541465405327,-0.13672153638357493,0.0,-0.07658557401522145,-1.3025139064860596,31.399489450095952,-0.014704742274268906,40.700270365697705,-0.0701902799182251,30.372491526726197,31.399489450095952,-0.034854450015676296,45.92784289010933,,
2025-01-30,AIRA,775.0,17360.0,-2.7587771275023187,-0.1355453012751484,-0.9999998988877757,0.0,-0.01581748591909883,-0.20836437713166317,46.878598820165195,-0.03904927035330261,26.900583472077177,0.013413991295442908,54.38632651940903,46.878598820165195,-0.09844454685099849,33.25758856465506,,
2025-01-30,KCEL,3429.0,380.0,-0.12412332536749388,-2.0809931917438544,0.45072535140756936,0.0,-0.027214691913510836,-0.4135748414631333,43.828015379158394,-0.0036959744615256,47.63905057722774,-0.01647528329792109,45.42334901337159,43.828015379158394,-0.06577720284964378,39.58978489824651,,
2025-01-30,KEGC,1507.0,18190.0,-0.4108826308789965,0.742733829081024,-0.9999998305085033,0.0,-0.042782462266038934,-0.6938776967606787,39.73960914493455,-0.016855208234587797,39.37850973774422,-0.024336720436902916,43.09120005303315,39.73960914493455,-0.05253988687711318,42.27315761150891,,
2025-01-30,KMGZ,13929.9,12430.0,-6.185715706928517,1.2037030443218457,-0.841834382853535,0.0,0.028903521595717904,0.5968521576915428,58.85831549791346,-0.017988544400380245,38.68799138385634,0.0022587575663723138,51.04331605116481,58.85831549791346,0.031577771351040396,59.7220684530884,,
2025-01-30,KZAP,19800.0,2360.0,-1.8536243618836605,0.5548597193734923,-0.999999997368421,0.0,-0.0750896103896103,-1.2755785865150802,31.748646910678403,0.002130266955266956,51.36624133847669,-0.06454397546897539,31.827446690829575,31.748646910678403,-0.13454718614718614,26.907142020933527,,
2025-01-30,KZTK,47999.99,5270.0,2.760588650945199,1.2077736859972084,0.10607144124675934,0.0,-0.06130734042034536,-1.02742425629404,35.05882366590968,-0.09879504973582381,7.382493151571118,-0.06957976389814852,30.527997938399437,35.05882366590968,0.19673716213175008,85.55778886917187,,
2025-01-30,KZTO,848.0,97540.0,1.5383519870611413,1.5785450647130943,-0.5448915986925948,0.0,-0.0731904013177598,-1.241382698883667,32.194894304896884,-0.01589193620844564,39.96877790328581,-0.04894906409104522,36.027991103190985,32.194894304896884,-0.03044234052111405,46.848062218793004,,
2025-01-31,AIRA,779.01,7350.0,-1.9170610729931432,-0.8875812789212101,-0.4846153224852144,0.0,-0.007550931936811117,-0.05952233795485498,49.107259815569584,-0.05942652787023333,17.925556697281213,-0.004701626407998907,48.95076839156111,49.107259815569584,-0.09261432546253759,34.351672051692226,,
2025-01-31,KCEL,3442.99,560.0,0.2552786752670068,-1.3862417917711407,0.05854150821925179,0.0,-0.03377912252187404,-0.5317695861992028,42.09044231495959,-0.0007330756899790892,49.53381321933992,-0.020520434821164283,44.22015689085581,42.09044231495959,-0.06110637156256338,40.53036689385671,,
2025-01-31,KEGC,1510.79,13330.0,-0.12383053848893431,0.25061770998837823,0.09759546002890712,0.0,-0.038187605740694665,-0.6111457849601296,40.93416872014305,-0.018678474564500395,38.26982792638587,-0.02747569618785586,42.16790864499208,40.93416872014305,-0.053043632037039004,42.17009502482925,,
2025-01-31,KMGZ,13840.0,13380.0,-6.409747808444473,1.1468405869467524,0.20555282682876458,0.0,0.02915850077988808,0.6014431422542571,58.92500243132525,-0.013047352968162217,41.72834302816108,0.005094676117074964,51.89526500946263,58.92500243132525,0.03270037847508946,59.948334455203025,,
2025-01-31,KZAP,19875.0,740.0,-1.2868690547082904,-0.604905658994859,0.9404915790363497,0.0,-0.0769275396825396,-1.3086711114545566,31.319967691853947,-0.004085456723569946,47.39036540215182,-0.07905753968253967,28.165420462955037,31.319967691853947,-0.1079699236298293,31.508680843332336,,
2025-01-31,KZTK,47003.0,2840.0,0.33127529819706686,0.5279900597400637,-0.993999999006,0.0,-0.029478284103108533,-0.4543315676741169,43.22691704994107,-0.09241560876391211,8.579991260634474,-0.045005812487821616,37.12815030771278,43.22691704994107,0.16336381540489306,81.7446955089707,,
2025-01-31,KZTO,842.5,145940.0,0.7427376312631228,1.9814777274763797,-0.36487712785467336,0.0,-0.05875709457868211,-0.9815062362473984,35.688642636644296,-0.012308600631152532,42.188972637057084,-0.050966540671659365,35.47066039197667,35.688642636644296,-0.023968803871697072,48.201939731339536,,
2025-02-03,AIRA,770.01,35420.0,-2.9855560734964115,0.6849923592066061,-0.19566090013415455,0.0,-0.010072070724498927,-0.10491627586552854,48.426775342279285,-0.062037255514925276,16.963127895047965,-0.0188937105949768,44.703276400497685,48.426775342279285,-0.05951852506862927,40.851744749459854,,
2025-02-03,KCEL,3367.99,10780.0,-1.9288630618600318,1.5712028210936402,-0.27531882798625723,0.0,-0.013988352403630812,-0.1754302230751793,47.37097351467107,0.024660966825533988,65.28352865251922,0.0018674913307297081,50.925715509678035,47.37097351467107,-0.045549647940128266,43.70987517241799,,
2025-02-03,KEGC,1508.0,16320.0,-0.29151865457593745,0.3388029578083783,-0.3981945438119832,0.0,-0.040994426550461094,-0.6616835221871137,40.20309037805281,-0.01687311902656729,39.36756319566325,-0.02697616100374721,42.31449235061996,40.20309037805281,-0.04999316555092418,42.79521080832302,,
2025-02-03,KMGZ,13545.49,13060.0,-7.454181138902759,0.9027900331478067,-0.7882004537854214,0.0,0.04892454078196262,0.9573372314554931,63.97783700646108,-0.013674971353728953,41.33813572430098,0.03534149965946027,60.81714334830859,63.97783700646108,0.05425712904975917,64.20108214073072,,
2025-02-03,KZAP,19844.0,1570.0,-1.4042955156149688,0.1472740177774249,-0.13454545405619836,0.0,-0.072981708516908,-1.2376251159649734,32.24413037845989,-0.011697481146594302,42.5710536354486,-0.08767454206301213,26.11674325780038,32.24413037845989,-0.10338441838403034,32.34445415942434,,
2025-02-03,KZTK,46000.0,19380.0,-1.8264870642226723,2.362659873534294,-0.23599771242581274,0.0,0.007148809523809526,0.2051513699842241,53.07339102727829,-0.0791732574189096,11.639892227448245,-0.01890904071773637,44.69871870089033,53.07339102727829,0.17866449965493442,83.58223700299231,,
2025-02-03,KZTO,844.0,113050.0,0.8454902649640192,1.362948804950493,-0.7837837731921112,0.0,-0.0669862615662379,-1.1296751102157634,33.6751365023319,-0.03137014594147296,30.937116363791706,-0.0443778229143158,37.30463128539962,33.6751365023319,-0.022695781614383546,48.46855395544529,,
2025-02-04,AIRA,763.62,55350.0,-3.4560697320551017,1.1313921070001534,0.20173065431418938,0.0,-0.0017159229971027562,0.04553892833119034,50.683041430880095,-0.07314634594494145,13.323272982711531,-0.022283942306133394,43.69764992186986,50.683041430880095,-0.04335287627478637,44.16368932329604,,
2025-02-04,KCEL,3396.13,650.0,-1.0902024078943724,-1.2372157930311474,-0.07393862181684653,0.0,-0.017056904580559258,-0.23068052015339024,46.545305529410626,0.019997920687641613,62.53070060883709,-0.006532952950555003,48.40051572109588,46.545305529410626,-0.06173250147378308,40.4038602319204,,
2025-02-04,KEGC,1502.0,183810.0,-0.6642782520781589,2.748772183111018,-0.6666666111111158,0.0,-0.03187668452645151,-0.4975155607306888,42.59219286604774,-0.012289026800245139,42.20119625867887,-0.0237019725022721,43.27851044776551,42.59219286604774,-0.04481493775495101,43.861540000036605,,
2025-02-04,KMGZ,13738.98,69260.0,-6.225892398996324,2.388624136338519,0.8766475613300508,0.0,0.03748931857525435,0.7514422726451775,61.08449621857267,-0.03365389077715546,29.70192803927123,0.02841405832338427,58.81479800665711,61.08449621857267,0.041745987939494265,61.75531547258929,,
2025-02-04,KZAP,19920.0,1350.0,-0.9225036059823378,-0.1445810809836237,0.22038765175740893,0.0,-0.07312286766112067,-1.240166733054523,32.210822934821,-0.014189218779881415,41.019220663031994,-0.07377931248804744,29.467439938614387,32.210822934821,-0.10828446165614841,31.451780233667698,,
2025-02-04,KZTK,44999.0,2900.0,-3.597389123926343,0.40460264086813263,-0.038381742718681666,0.0,0.02212112749771864,0.4747329082183075,57.07323503389487,-0.05861830105042899,18.232026601071322,0.009861208617687094,53.32446586559799,57.07323503389487,0.18893759954806755,84.73057897823482,,
2025-02-04,KZTO,844.0,51900.0,0.7910386883733522,0.13788963233732182,0.15611813248114562,0.0,-0.06511762393741069,-1.0960296715295714,34.12749419245367,-0.030179359437297826,31.592285595507885,-0.04792875385541262,36.31130484723183,34.12749419245367,-0.01981085157601744,49.07305560323426,,
2025-02-05,AIRA,759.0,78120.0,-3.533572193200326,1.475961356070694,-0.1959798798010208,0.0,0.009294789510006837,0.24379044956473767,53.65035043917322,-0.07406648315452664,13.053556722498167,-0.011050334086203652,47.04512762671263,53.65035043917322,-0.024298119392684607,48.13298589664872,,
2025-02-05,KCEL,3424.99,30840.0,-0.25543833180792846,2.9310495876353886,0.8311045826872159,0.0,-0.023934086520563058,-0.35450645607945136,44.702361508189476,0.004527958833804097,52.89805552008418,-0.014729907834975861,45.94423410948235,44.702361508189476,-0.07090775510895941,38.56545467659458,,
2025-02-05,KEGC,1492.0,75580.0,-1.0275476807929875,1.8600609073010383,-0.422928688683588,0.0,-0.02465400017022001,-0.3674687395019936,44.510190120234604,-0.004260720668964637,47.27850051720347,-0.014385283416315581,46.04719138305368,44.510190120234604,-0.03686057810970672,45.510309921403234,,
2025-02-05,KMGZ,13526.0,20580.0,-6.226861375019908,1.0161045064154202,-0.8278576191940366,0.0,0.05398320495037187,1.0484201533053923,65.22744958714452,-0.010461270181590307,43.34662419821104,0.053932601233603064,65.99859964808826,65.22744958714452,0.05539957501015097,64.42099170983485,,
2025-02-05,KZAP,20006.9,560.0,-0.38205853152764907,-1.024502608642022,0.652048464588886,0.0,-0.06852913804658034,-1.1574551116558014,33.30387570425982,-0.0180100321163009,38.674942229178896,-0.08495281533228181,26.753311190311237,33.30387570425982,-0.110861008819021,30.987782832253348,,
2025-02-05,KZTK,43899.99,7770.0,-5.861762138768127,1.3646495220700732,0.21567535550504865,0.0,0.038768471176785974,0.7744738384025931,61.41248330211517,-0.03497218161504287,29.002036879165814,0.04227930792483427,62.786652141807345,61.41248330211517,0.24237115002786802,89.67620865931677,,
2025-02-05,KZTO,840.0,30440.0,0.2826687249442621,-0.547337412855925,0.0,0.0,-0.05499920634920635,-0.9138442154982269,36.625739631041796,-0.029122619047619036,32.179901602038456,-0.045724999999999974,36.92646174731075,36.625739631041796,-0.012600396825396824,50.58471708211205,,
2025-02-06,AIRA,747.0,84130.0,-4.562702561785493,1.393809854624288,-0.7635933354850268,0.0,0.015476329126027921,0.35509111531641496,55.30630976845382,-0.06717091700133868,15.191214961780197,0.0036885685599541158,51.472957771708785,55.30630976845382,-0.018762033849684442,49.292898989186995,,
2025-02-06,KCEL,3426.34,14090.0,-0.217193669235474,2.1477097842928874,-0.7481481331702081,0.0,-0.027429515999348134,-0.41744282019633067,43.77088797328373,-0.009714148057564554,43.816962052176414,-0.016547525470512286,45.40181003557214,43.77088797328373,-0.0692316720136652,38.89902557677298,,
2025-02-06,KEGC,1486.0,960790.0,-1.2544593800670372,4.104982775960408,0.0,0.0,-0.02202855807643829,-0.3201967860596772,45.21176670690455,0.0017967436817705996,51.15289399653123,-0.010343459057018951,47.256980944304736,45.21176670690455,-0.03546423070349719,45.80086676083398,,
2025-02-06,KMGZ,13720.0,174840.0,-4.398694942396408,2.957795552175511,0.9999999962962963,0.0,0.04097414156138646,0.8141876633530203,61.97559759021437,-0.031412431162941366,30.91398927751161,0.04886218820861678,64.61706272890007,61.97559759021437,0.03988823291221251,61.38666798729623,,
2025-02-06,KZAP,19900.0,52890.0,-0.7982715862153844,3.5966497701469895,-0.42853877119528055,0.0,-0.08336775743798357,-1.4246293626819548,29.843160453905625,-0.01170785873813512,42.56455786480268,-0.06421154781845734,31.914260564560777,29.843160453905625,-0.1041556014197974,32.20308535034332,,
2025-02-06,KZTK,43398.0,12280.0,-6.533940823741488,1.6970398999796967,-0.42308941229462815,0.0,0.05694345575503809,1.1017204483479672,65.94922352291675,-0.012084818424812203,42.32877864790044,0.045359021975996214,63.647924557927084,65.94922352291675,0.2742960605492024,91.90492248108558,,
2025-02-06,KZTO,837.0,37670.0,-0.12441332720100039,-0.1665124157557007,-0.12994347835340553,0.0,-0.05024893753200205,-0.8283140539695382,37.82486589358002,-0.03996287335722819,26.443105085025387,-0.05119145331967913,35.40876832234895,37.82486589358002,-0.007765646868066224,51.59788690927485,,
2025-02-07,AIRA,735.0,66380.0,-5.436353175278389,1.1568424394092924,-0.263424936007402,0.0,0.021427210884353738,0.4622387100344938,56.88947604158964,-0.039671031746031725,26.588699121125213,0.009378231292517004,53.179858384524806,56.88947604158964,-0.007948242630385464,51.559640776461315,,
2025-02-07,KCEL,3450.56,840.0,0.4637566520213746,-0.6720774093259957,-0.001828896528576487,0.0,-0.034130305639829876,-0.5380927544157309,41.99799615017572,-0.008960318674751146,44.29265100224317,-0.02993835247722377,41.4473284202318,41.99799615017572,-0.07540661310646239,37.675470065074194,,
2025-02-07,KEGC,1487.0,7030.0,-0.3669969418366328,-0.5149380924281723,0.3139841274427447,0.0,-0.021088423479681016,-0.3032693516315173,45.463469876869176,-0.0029091269841269845,48.14179877666912,-0.019115425753354467,44.63736840551563,45.463469876869176,-0.0368357529808606,45.5154730120996,,
2025-02-07,KMGZ,13700.0,23160.0,-2.9089452647225467,0.8171008048571144,-0.37737884718583214,0.0,0.03693493222106361,0.7414603629369304,60.942032048874594,-0.03166825107171822,30.77427756430594,0.05330295446645812,65.828454930418,60.942032048874594,0.04433826613370409,62.267458808289014,,
2025-02-07,KZAP,19852.07,6910.0,-0.48246090396459596,1.5545310433689405,0.09245398744645837,0.0,-0.09117308482188505,-1.56516686437271,28.108215026191054,-0.018074799883728877,38.635619617839154,-0.09560446848447884,24.318715499578325,28.108215026191054,-0.101943409932958,32.609476305766876,,
2025-02-07,KZTK,42796.99,6070.0,-7.214459048828973,0.8269127839581418,-0.9185131872457815,0.0,0.07524925021262349,1.4313223334450136,70.24084994096265,-0.0028411315479992686,48.185262897773114,0.062428103340467514,68.25269665185697,70.24084994096265,0.3303840981685899,94.78410400661348,,
2025-02-07,KZTO,834.6,115740.0,-0.4523143714721592,1.130208792007247,-0.19999995000000112,0.0,-0.04956463660949648,-0.8159929894806914,37.99887929560708,-0.024045000456449035,35.08028034812624,-0.04798836739584407,36.29472532410517,37.99887929560708,-0.015029655209795423,50.07540838599287,,
2025-02-10,AIRA,724.5,127120.0,-6.182766148562621,1.8065778450117576,-0.6173838680279559,0.0,0.026770824706694275,0.5584522446699303,58.29927995815446,-0.027490407177363625,33.09865664807972,0.015871963423050375,55.1187004992173,58.29927995815446,-0.0037219634230503743,52.44430817677645,,
2025-02-10,KCEL,3460.93,77910.0,0.7414779466282144,3.994370881958214,0.4799562594760131,0.0,-0.035692792997101985,-0.5662258561825209,41.587372537696794,-0.021090910448466896,36.821606710335736,-0.0289074213319302,41.74855528450625,41.587372537696794,-0.08105472404563796,36.569859442017425,,
2025-02-10,KEGC,1486.98,17490.0,-0.3549822622946945,0.4080392039264863,0.9942855722449234,0.0,-0.025061564907204133,-0.37480707742118646,44.40146848442183,-0.004239494430706161,47.29204705559074,-0.015772482625378777,45.63297697392846,44.40146848442183,-0.0362151847080276,45.6445688563231,,
2025-02-10,KMGZ,13400.0,18440.0,-4.842837385047248,0.47609510056881255,-0.9999999968253969,0.0,0.06847946576640607,1.3094301249236115,68.6898275593408,-0.006234055910921561,46.02113726786589,0.07787509476427387,72.13551670620504,68.6898275593408,0.06854328950485665,66.90553944059978,,
2025-02-10,KZAP,19670.1,870.0,-1.315811249041574,-0.5176965236212439,-0.5567060464768103,0.0,-0.11417821142483343,-1.9793817793711685,23.368324328535238,-0.003930300400341577,47.48941819214617,-0.07883385290969781,28.21988459385579,23.368324328535238,-0.0886443766415111,35.10637283651251,,
2025-02-10,KZTK,42493.0,1770.0,-7.454181138902759,-0.4833312431744678,0.9999999892473119,0.0,0.08774149698419048,1.6562493692284732,72.9827906302136,0.0007867896822595245,50.506624939428555,0.06893116334940694,69.92277008054928,72.9827906302136,0.34483867394218803,95.35190444682942,,
2025-02-10,KZTO,820.0,346770.0,-2.1715587785420327,2.0467865401128162,-0.6527011768080961,0.0,-0.032734039876113036,-0.5129525274300161,42.36587794114388,-0.028505497483546277,32.52570302060613,-0.03336243708865655,40.45154437299926,42.36587794114388,0.003764276035617499,54.00726234186798,,
2025-02-11,AIRA,710.0,36780.0,-7.071583243665345,0.3536107359868219,-0.4391999824320014,0.0,0.04521202772188687,0.8904922056422964,63.04843695425737,0.05341104404202996,79.69961478938654,0.016739442208808422,55.37666087315797,63.04843695425737,0.026803023697742095,58.755175737357426,,
2025-02-11,KCEL,3473.99,14640.0,1.0261824746949797,2.251957088058642,0.9008935458613295,0.0,-0.0434964788623958,-0.7067338017877008,39.55503517275504,-0.01645321765097233,39.62447308421891,-0.03377010201823184,40.33349318280739,39.55503517275504,-0.07522419560267757,37.71139996958694,,
2025-02-11,KEGC,1487.94,4170.0,-0.27399357534869073,-1.0970004940797486,0.646666558888925,0.0,-0.02519138662145238,-0.37714456033359955,44.366848554873926,-0.004902870251424665,46.86888063328311,-0.018822887939669894,44.72433338036096,44.366848554873926,-0.036228935034502835,45.641707756990144,,
2025-02-11,KMGZ,13316.84,5340.0,-5.2036692533590845,-0.8699106615609307,-0.9999999957110997,0.0,0.10822509460392982,2.0250633207168147,77.11891496340439,0.010751936698076461,56.841988399301755,0.08388662000013067,73.5652947276147,77.11891496340439,0.08142837769725911,69.25310479994604,,
2025-02-11,KZAP,19695.68,640.0,-1.145975164902457,-0.6410280844485995,0.9999999895430306,0.0,-0.13066398907361718,-2.2762136597312304,20.331089748520597,-0.0013900988810824654,49.113342176973376,-0.06795048873822811,30.945169285214913,20.331089748520597,-0.09977849128207825,33.009730397653335,,
2025-02-11,KZTK,42493.0,6270.0,-7.454181138902759,0.7814632325987584,-0.9424338002559852,0.0,0.08083628795629831,1.531918796313114,71.48691411426623,0.029707332113337884,68.15121078847618,0.07024768134546157,70.25471949539694,71.48691411426623,0.33183294345585956,94.8438507561811,,
2025-02-11,KZTO,821.0,204460.0,-1.7459115397226233,1.006623587296823,0.37952426271724016,0.0,-0.03899651218993487,-0.6257104131795976,40.72305023677728,-0.019370345880942712,37.85222461135387,-0.038062568393171306,39.09751446602064,40.72305023677728,0.0164626795622837,56.638879325435674,,
2025-02-12,AIRA,705.0,42230.0,-7.276261092641137,0.46090415952032315,0.26847108496919425,0.0,0.05409905437352244,1.0505060604943048,65.25583076129668,0.09091966396487668,91.11673759715963,0.08892032252617357,74.72572110925427,65.25583076129668,0.024888112124282283,58.36545268864759,,
2025-02-12,KCEL,3450.5,42230.0,0.31812178382390993,2.936641622547247,0.1298388566431078,0.0,-0.03289111561931443,-0.5157807281498569,42.32444926933053,-0.01033162349371963,43.42815758133627,-0.02813322609099673,41.975173529176445,42.32444926933053,-0.08783191508937052,35.26176179620262,,
2025-02-12,KEGC,1490.0,11670.0,-0.1301602445552715,-0.06790646285236081,0.21739128544423605,0.0,-0.022953542132736763,-0.3368514299948032,44.9643585498997,-0.006965337701075956,45.55637894318139,-0.026404919036966047,42.48228355251906,44.9643585498997,-0.03900512410780867,45.06466670263961,,
2025-02-12,KMGZ,13424.0,7430.0,-4.294628563228253,-0.5396117692670911,0.9813066550022744,0.0,0.08871703085684016,1.6738141793297971,73.19009144409925,-0.004800828177913994,46.933945349568525,0.0736021203435685,71.09087317174578,73.19009144409925,0.05977989481052652,65.25847052227074,,
2025-02-12,KZAP,19705.0,490.0,-1.0663745389398094,-0.7525661414822699,-0.1655076449094009,0.0,-0.13193228734951648,-2.2990497897648288,20.110058011549715,-0.0032429833093687442,47.928432790586974,-0.06529129169133602,31.6327450475395,20.110058011549715,-0.08238841523583976,36.31079495969429,,
2025-02-12,KZTK,42492.91,1340.0,-7.454181138902759,-0.7616403717300024,-0.2793713448250158,0.0,0.12311132188352772,2.2930947675194644,79.83247695454907,0.0558263701217524,80.68180085631245,0.06790323126276672,69.66212356929992,79.83247695454907,0.3353485077643185,94.98614397971001,,
2025-02-12,KZTO,817.99,69660.0,-1.9685466196832881,-0.41313906634324415,0.3303571305670709,0.0,-0.035358454123997726,-0.5602059741669265,41.67514109629772,-0.020310342575112054,37.28774013965911,-0.0332827266536227,40.474639803754684,41.67514109629772,0.01847172752335039,57.05221197762751,,
2025-02-13,AIRA,699.0,29430.0,-7.454181138902759,-0.007278904641454634,0.599999880000024,0.0,0.06874221847537301,1.3141610743719143,68.75084399153256,0.08289087812521288,89.30621661003515,0.11334215035084133,79.86316523469299,68.75084399153256,0.035378537366305585,60.4864016799316,,
2025-02-13,KCEL,3403.04,10780.0,-1.08165345196874,0.6121033304507435,-0.9131428440979604,0.0,-0.03536605304165014,-0.5603427951931178,41.67314568741464,0.004961603779850952,53.1746006993153,-0.016971561916254888,45.275418678325785,41.67314568741464,-0.06756068213892047,39.2326207582112,,
2025-02-13,KEGC,1493.0,7040.0,0.08097298716081554,-0.5741158835569221,0.7777776913580343,0.0,-0.025678430293751792,-0.3859139427762148,44.23701624054297,-0.00631508733879797,45.9696030130229,-0.02125928486375573,44.00108151552384,44.23701624054297,-0.0410581385088083,44.63878364275654,,
2025-02-13,KMGZ,13329.0,3520.0,-4.661538104355882,-1.2866729145135083,-0.21274015310691108,0.0,0.1070550295810424,2.003995912901034,76.89510192980555,0.0017054799952841817,51.09450701899193,0.0745520746921321,71.32511645060686,76.89510192980555,0.07507002293602563,68.1061317107724,,
2025-02-13,KZAP,19725.0,1250.0,-0.943769881468318,0.24846043360965842,0.9849146408502097,0.0,-0.11843644305630996,-2.0560526485960198,22.554644481167063,-0.014200784597742773,41.0120565876939,-0.0645170031383909,31.834485853259594,22.554644481167063,-0.0943013790814172,34.03330891468736,,
2025-02-13,KZTK,43000.0,7100.0,-6.015142217520525,0.9836490249724615,-0.49290253524087446,0.0,0.10773579734219269,2.016253361650845,77.02550683692195,0.03658885197489849,71.84770478823097,0.0677838298265043,69.63176512150619,77.02550683692195,-0.1088097379106682,31.356880758060495,,
2025-02-13,KZTO,805.99,85910.0,-3.339642544543752,0.027256680106644286,-0.3340744672554486,0.0,-0.018298307183889213,-0.25303238470480205,46.21178768863042,-0.00792127957789069,44.950017763938774,-0.010058156660142117,47.3425156539712,46.21178768863042,0.03415983727593611,60.241859843951694,,
2025-02-14,AIRA,707.98,36170.0,-5.977453465355811,0.10930018071252669,0.7292224712317396,0.0,0.03545135165462933,0.7147480040429706,60.55987396024343,0.09411846026723922,91.75770517789108,0.08348568415303631,73.47141304964975,60.55987396024343,0.031235178724446033,59.652934546541715,,
2025-02-14,KCEL,3429.68,34470.0,-0.29036614414221756,1.2505870571026467,0.18487207597613903,0.0,-0.031094232411150037,-0.48342725154536026,42.79900714844784,-0.0018326220355417934,48.830210421911545,-0.026784220213242116,42.37085164584485,42.79900714844784,-0.06961346461866215,38.822949219140845,,
2025-02-14,KEGC,1487.0,5150.0,-0.31537197235058906,-0.8867234757626935,-0.7060133106151939,0.0,-0.021712077956042315,-0.31449845679459415,45.2964715507032,-0.0022739336151407436,48.54792856377869,-0.02193815608287706,43.79999596656429,45.2964715507032,-0.034417826720466234,46.01879462336982,,
2025-02-14,KMGZ,13306.0,7560.0,-4.586402398453612,-0.5222665215265617,-0.3428571404081633,0.0,0.10520368105807382,1.9706617702853757,76.53785281636671,0.010355841081359646,56.593030513532824,0.07338577512471996,71.0373674981536,76.53785281636671,0.07431581867829049,67.96857915619465,,
2025-02-14,KZAP,19551.0,980.0,-1.7683087675172724,0.005115079397889733,-0.9999999919678716,0.0,-0.12836955100335873,-2.234901543234574,20.7355366217417,-0.00954455654442228,43.92388353284546,-0.053560759040458206,34.75977571547057,20.7355366217417,-0.06793929594394149,39.15694522282481,,
2025-02-14,KZTK,42799.9,5420.0,-6.0182408593061325,0.6357829721774301,-0.8216018302875951,0.0,0.10571867735876257,1.9799344490493767,76.6376133191773,0.039112080911070185,73.13579113494811,0.08904761174898157,74.75462402302537,76.6376133191773,-0.23817858042113807,13.371975787231582,,
2025-02-14,KZTO,816.96,55030.0,-1.8937270644295192,-0.5109156315687967,0.6959999652000053,0.0,-0.025767347005390556,-0.3875149175845287,44.21332196119372,-0.027378469307817177,33.16215022611352,-0.030253519668737138,41.355366396615025,44.21332196119372,0.0380724539757148,61.025083589942675,,
2025-02-17,AIRA,706.69,25630.0,-5.8185394996232365,-0.33404419734973967,-0.04428571112244141,0.0,0.01458793454034641,0.33909527690420666,55.068955497599006,0.09440712489389942,91.81342907169305,0.08540222076562157,73.91825375192921,55.068955497599006,0.02920116494918063,59.24169688133435,,
2025-02-17,KCEL,3398.0,7820.0,-1.0151044502706574,-0.2328144926719564,-0.13669064502354814,0.0,-0.02604838513784953,-0.39257510213195485,44.13844906610364,-0.001932283929856031,48.766455223383495,-0.012352137812158413,46.65525576297748,44.13844906610364,-0.05915740655100572,40.924944967124475,,
2025-02-17,KEGC,1485.0,8700.0,-0.4352148991070834,-0.292839009101115,-0.7777776913580343,0.0,-0.021763828763828763,-0.31543024720889334,45.282618744127575,6.800144300144308e-05,50.04655691153903,-0.015333297258297263,45.764054112562356,45.282618744127575,-0.0748358706108706,37.78793144405089,,
2025-02-17,KMGZ,13355.43,21500.0,-4.1311999281980105,0.5229131010360658,0.022267364463887836,0.0,0.08976741940847102,1.6927267726894604,73.4121686379737,0.02373769983534075,64.74585900277792,0.07305429390624528,70.9552731610214,73.4121686379737,0.07291140854408315,67.7116085275876,,
2025-02-17,KZAP,19649.99,2690.0,-1.2268587584165072,1.0251656709785901,0.6632323209992286,0.0,-0.14908340589890207,-2.607861353147042,17.29708567531204,-0.020768417519167356,37.01389786230715,-0.05488512691173315,34.3994423703658,17.29708567531204,-0.02693087043474985,47.582004080664916,,
2025-02-17,KZTK,42650.0,15720.0,-6.028223835776941,1.5296876558550818,-0.9999999992891062,0.0,0.10762896592791084,2.0143298266949343,77.00507688851881,0.04041401728725878,73.78564371652459,0.08465720566069335,73.74513350746945,77.00507688851881,-0.22324903468616838,14.890022779294515,,
2025-02-17,KZTO,799.01,388020.0,-4.005724827272827,1.4422609227718428,-0.4113712221712687,0.0,-0.006031523335524543,-0.032164883440817006,49.51754172254138,0.00015405490385623187,50.10163828855385,-0.006213467782452229,48.49648622240144,49.51754172254138,0.08593415131483154,70.05183551249827,,
2025-02-18,AIRA,750.0,119710.0,0.2142843901208048,1.2072630704256595,0.6296296179698219,0.0,-0.061091825396825415,-1.023543836999292,35.1118508181128,0.02768015873015873,67.01419293927583,0.026888809523809457,58.36973172471739,35.1118508181128,-0.042035317460317426,44.436347091085196,,
2025-02-18,KCEL,3427.0,80200.0,-0.16105002858240247,2.154506234697109,0.6342800136095679,0.0,-0.04935766335033187,-0.8122663674789313,38.0515723405835,-0.0021198607232018963,48.64647060488297,-0.019250033001236677,44.59736366027299,38.0515723405835,-0.06780302488177455,39.18417645441485,,
2025-02-18,KEGC,1485.0,3710.0,-0.42500884975853165,-1.1451187761780277,-0.3610223257697272,0.0,-0.028539502164502163,-0.437428488303448,43.47597965334054,-0.003323208273208273,47.87717236446369,-0.014704725829725828,45.95175612519902,43.47597965334054,-0.0795726911976912,36.85865254130789,,
2025-02-18,KMGZ,13499.0,5020.0,-2.8239120414604164,-0.9682977390720582,0.9906528906358233,0.0,0.08705080343987856,1.6438132034692081,72.8354094257029,0.01643493068857541,60.370125133347806,0.0613942968438579,67.98266627983439,72.8354094257029,0.06128323453118809,65.54376448388109,,
2025-02-18,KZAP,19725.95,690.0,-0.7736016485482501,-0.3354348116709919,0.9999999868334433,0.0,-0.13908920850553924,-2.4279125228181084,18.89652886394022,-0.03978828427681097,26.530142741019592,-0.04973977336657939,35.809097802016716,18.89652886394022,-0.02527578378344346,47.92832023150583,,
2025-02-18,KZTK,43879.73,2730.0,-2.4991060656053823,-0.5195775361392849,0.9878386693658628,0.0,0.08571597743757361,1.6197792197130998,72.54915799585494,0.011149176125358368,57.091318447850135,0.044523439867554346,63.41508296481593,72.54915799585494,-0.24290121706058093,12.919789464757303,,
2025-02-18,KZTO,807.5,34360.0,-2.397830508350013,-0.9818994819517388,0.7573221123579756,0.0,-0.02770164995822893,-0.4223426821528198,43.6985440862911,-0.01351282372598162,41.43884520575918,-0.01097554548135044,47.067537173640034,43.6985440862911,0.07016881050665877,67.20669684878347,,
2025-02-19,AIRA,771.17,89670.0,3.106762353882752,0.899508369137333,0.6597412520681568,0.0,-0.07838475009936453,-1.3349086670810775,30.982336768815934,0.01102534212599249,57.01363117600843,-0.011642760937771064,46.86765654341816,30.982336768815934,-0.06406058516836192,39.93461170917082,,
2025-02-19,KCEL,3424.99,770.0,-0.20135965617231838,-2.639015992892359,-0.12763636131571046,0.0,-0.05179361182122776,-0.8561264255532673,37.43322153464184,-0.00827082404875049,44.72866355093898,-0.02176724921963617,43.850600645382805,37.43322153464184,-0.0730550780231683,38.13966668598418,,
2025-02-19,KEGC,1484.0,10370.0,-0.4824015721339415,-0.11724637623672347,-0.5740148483477311,0.0,-0.029949992512728382,-0.4628248336390043,43.10189923511553,0.0010248727163821502,50.65899742325729,-0.01541446540880503,45.739824586467556,43.10189923511553,-0.07692513477088948,37.376903099279204,,
2025-02-19,KMGZ,13399.0,1900.0,-2.8916165580646713,-1.903274613062568,0.46969696613865936,0.0,0.08954562046800457,1.6887332093912568,73.36537290153588,0.01865873685195655,61.72396034567741,0.0716156042206419,70.59738165737014,73.36537290153588,0.005739440310044461,54.418446699116785,,
2025-02-19,KZAP,19699.0,670.0,-0.8767357870767881,-0.34390547364642077,-0.48235293833910037,0.0,-0.14562773396361267,-2.545640836753318,17.837668669601786,-0.038502288690828716,27.17686121733799,-0.06855944560879329,30.788879208631425,17.837668669601786,-0.03203206961194541,46.5162174219602,,
2025-02-19,KZTK,44990.0,3940.0,0.8955950063026933,0.14593556501418048,0.9885605332134981,0.0,0.052812279007327906,1.027337244337385,64.93998769211169,-0.0028404366755222506,48.18570708924778,0.024178040622783906,57.57539782120175,64.93998769211169,-0.27235221080875116,10.385881904523375,,
2025-02-19,KZTO,803.78,26350.0,-2.8147397564323433,-1.2473231054819067,-0.0439999956000059,0.0,-0.02321746190717112,-0.34160339284293334,44.89381227631246,-0.005941939553861999,46.206986864874956,-0.004980611728629808,48.866922858119466,44.89381227631246,0.05314941392989556,63.98728563884072,,
2025-02-20,AIRA,759.0,65910.0,1.262972015149569,0.5233187103463174,0.037037035665294975,0.0,-0.07260415960850744,-1.2308272229692072,32.333304163462124,0.04176721249764728,74.45024561293152,-0.006171114875462702,48.50920950658412,32.333304163462124,-0.05107239004956396,42.573777306073595,,
2025-02-20,KCEL,3429.95,66670.0,-0.10777262935125989,1.969738954533496,0.08640776615137738,0.0,-0.038119526731959855,-0.6099199998860907,40.95195220271399,-0.0070956861095434025,45.473616259469075,-0.022948383069122388,43.50113956668116,40.95195220271399,-0.06867575340077373,39.009895098257616,,
2025-02-20,KEGC,1487.97,5360.0,-0.2022281456693039,-0.720740807134755,0.9924998759375224,0.0,-0.03276610770762477,-0.513529919345004,42.35741918799459,-0.0023363531714829305,48.508009392964475,-0.016468482371476374,45.42537679549666,42.35741918799459,-0.07649365993842044,37.461641707873504,,
2025-02-20,KMGZ,13391.0,2220.0,-2.8834623151930083,-1.747623138773282,-0.06863119269691277,0.0,0.0764049510865507,1.452131110006845,70.50116921223417,0.05701175416324397,81.15044190160809,0.06654826707822002,69.31661451840958,70.50116921223417,0.047709370929065124,62.92938111747639,,
2025-02-20,KZAP,19503.0,1290.0,-1.849875646564747,0.31121143727107653,-0.96581001216132,0.0,-0.17219080068267878,-3.0239176405734804,14.01131398812735,-0.028306733762571326,32.63748841284787,-0.06931413189179687,30.59579704659422,14.01131398812735,-0.04249622896843709,44.34092634362704,,
2025-02-20,KZTK,44700.0,2680.0,0.34774854567241026,-0.38154889580583484,-0.2667555929720722,0.0,0.06306752956216047,1.2119864231996935,67.41887420177922,0.008872994566954298,55.65815839436272,0.033975050601896234,60.424820072522664,67.41887420177922,-0.2741144588260359,10.24912987607624,,
2025-02-20,KZTO,801.98,18770.0,-3.0030245002393094,-1.5865294782636266,0.3784721565152622,0.0,-0.021054603784205542,-0.30266041682631384,45.47252885734098,-0.004387707566629774,47.197466197790284,-0.004903172663530835,48.89019557724377,45.47252885734098,0.05679768684608768,64.68928789637782,,
2025-02-21,AIRA,776.7,37110.0,3.621511727482668,-0.11853111339972694,0.538888873919756,0.0,-0.07875712722323389,-1.3416134403854392,30.89638059944938,0.020534633246886952,62.852106667964705,-0.03817840083503472,39.06434687705385,30.89638059944938,-0.07110645818389155,38.525979607582386,,
2025-02-21,KCEL,3433.5,400.0,0.012186504277185822,-2.853475959039239,0.9171531577105161,0.0,-0.028384847822921153,-0.4346438857208258,43.5170420347714,-0.008414675258482598,44.63762778651714,-0.022571490461628076,43.612582031647236,43.5170420347714,-0.07405083369739332,37.94283295246203,,
2025-02-21,KEGC,1488.0,3440.0,-0.16966589857813288,-1.0194843726794172,-0.6666665555555741,0.0,-0.030727726574500767,-0.476828192709724,42.89596741210845,-0.0023545442908346134,48.49637598472604,-0.020469252432155725,44.23534134250778,42.89596741210845,-0.07445592677931394,37.86287009602713,,
2025-02-21,KMGZ,13483.0,4190.0,-1.5834696767676966,-0.8693812862751042,0.7874468567926541,0.0,0.07889927086313275,1.4970421627503452,71.0584664256957,0.04525569408979442,76.11182915092837,0.06706368280927541,69.44830146339942,71.0584664256957,0.06214605867588698,65.70700255220943,,
2025-02-21,KZAP,19422.0,5040.0,-2.2071042682877913,1.6739730240894257,-0.7479954138144572,0.0,-0.14853672933492204,-2.598018260762077,17.381733323992126,-0.036730634258646234,28.083823952851695,-0.09735849883048671,23.932553786130228,17.381733323992126,-0.05386346595171896,42.002509100627755,,
2025-02-21,KZTK,44600.0,870.0,0.25790887675692287,-1.5066233937959814,0.7142897952477539,0.0,0.055360079009182155,1.0732112262291376,65.56405643738957,0.011659511353121219,57.41110473378516,0.040772761406505806,62.3623163762522,65.56405643738957,-0.25672966225354116,11.670145999820686,,
2025-02-21,KZTO,797.0,22280.0,-3.5839508619110796,-1.4151010223175735,0.08539944119380258,0.0,-0.013612131803788015,-0.16865624671442409,47.47231292766106,0.02206751558423453,63.763739003516484,0.0009745269960765683,50.657286290554424,47.47231292766106,-0.03548930463444264,45.795646710614456,,
2025-02-24,AIRA,775.5,102510.0,3.8723193216918474,0.9607727268148978,0.4499999775000011,0.0,-0.07346843204077247,-1.2463887340291067,32.12936100735452,0.009243811979982192,55.89234584349375,-0.0393131297780234,38.73996595068675,32.12936100735452,-0.06831095453010344,39.08271052741397,,
2025-02-24,KCEL,3401.5,410.0,-0.9955469988995306,-2.853475959039239,-0.9124797111027703,0.0,-0.03292349477004776,-0.5163637254704196,42.31591061936423,0.0009624880713224085,50.61907249130484,-0.017435384599231434,45.1372381381168,42.31591061936423,-0.06227504648976058,40.29434450632752,,
2025-02-24,KEGC,1489.5,6480.0,-0.059696188320546205,-0.38624517615422593,0.8567334016141261,0.0,-0.031085354625233784,-0.48326740407300584,42.801355144076624,-0.004013398551767132,47.43636529348002,-0.020941679854217615,44.09522600212372,42.801355144076624,-0.07249807221982449,38.249942131016404,,
2025-02-24,KMGZ,13712.02,45380.0,0.295197891848204,1.8008330310805074,0.06999385278531205,0.0,0.05338703257758112,1.0376858725086806,65.08122655709285,0.02397581680566066,64.88489213966713,0.08105215504353111,72.89703585798794,65.08122655709285,0.03767960569550573,60.946692649331126,,
2025-02-24,KZAP,19300.1,1180.0,-2.686103881844106,0.20114082868419364,-0.9999999959979189,0.0,-0.17126014363935765,-3.007160852630285,14.132885775155529,-0.04187143280695224,25.503635246559753,-0.10718378228240114,21.84790703943801,14.132885775155529,-0.034025078519619376,46.10062953869426,,
2025-02-24,KZTK,44500.0,60.0,0.07025938546353772,-2.853475959039239,-0.0025313917578652363,0.0,0.04830233636525777,0.9461342350962366,63.822780002925725,0.018791403602639558,61.80417744921366,0.036559630818619585,61.165710326133336,63.822780002925725,-0.2594836739789549,11.434156547787937,,
2025-02-24,KZTO,801.5,6830.0,-2.94943871678097,-2.4326078675399083,0.8681317727327676,0.0,-0.019288909683232828,-0.2708685104147248,45.945891884930965,0.007598766202259652,54.85157161202749,-0.00988418590143484,47.394680417258485,45.945891884930965,-0.03239659665904208,46.44016733279347,,
2025-02-25,AIRA,773.0,50090.0,3.203550987934879,0.18140340856106987,0.33670599568825327,0.0,-0.07041271227335263,-1.1913694887292918,32.85342989569579,-0.013308415470543544,41.56590460076717,-0.0349015236452494,40.006447147602195,32.85342989569579,-0.07028477022115444,38.68931642877264,,
2025-02-25,KCEL,3429.97,610.0,-0.16649738384127963,-2.7242802715049916,0.9307770298345094,0.0,-0.032622660130397704,-0.5109470982619753,42.395260817875055,-0.007032048904726815,45.514018612084925,-0.021659907974575683,43.88239040639642,42.395260817875055,-0.08441805794983347,35.918068675796896,,
2025-02-25,KEGC,1484.5,22850.0,-0.34090767587326065,1.0248115975194456,-0.7628457894983584,0.0,-0.025746094698123993,-0.38713226276154633,44.21898497809516,-0.0019486857581249633,48.75596310856529,-0.013932663448224244,46.18246367744824,44.21898497809516,-0.06787280910680203,39.170230535781606,,
2025-02-25,KMGZ,13761.17,42710.0,0.6546272548458592,1.452346357717133,0.9999999937946014,0.0,0.04665012404093638,0.9163856056150809,63.4096465138551,0.028348530722303495,67.39136227527864,0.06692781959834972,69.41361960514377,63.4096465138551,0.02535280672338318,58.46012549875002,,
2025-02-25,KZAP,19000.0,4019.9999999999995,-4.162211293915783,1.3143180295780426,0.08695652164461248,0.0,-0.15029784878863828,-2.6297277991364374,17.11020791922894,-0.037169653299916464,27.857364470846957,-0.09371169590643275,24.740140906578905,17.11020791922894,0.008184147869674183,54.9265403603001,,
2025-02-25,KZTK,44500.0,370.0,0.255336025230741,-2.3616050644052744,-0.665061415881288,0.0,0.05665979757446053,1.0966130889674066,65.88037472714625,0.024007165150704477,64.90317725666569,0.07696541822721598,71.91507112143461,65.88037472714625,-0.2491912867843767,12.337808870989214,,
2025-02-25,KZTO,799.0,19370.0,-3.0635296796806553,-1.1689542677326912,0.48936166047985874,0.0,-0.01741470538570038,-0.23712284201694026,46.44914499356702,0.019569033216123327,62.2730665404889,-0.006664399944374913,48.3610335987594,46.44914499356702,-0.02922438911734907,47.10249133996019,,
2025-02-26,AIRA,782.0,375880.0,4.42509848158882,2.097155247303165,-0.39500733489340384,0.0,-0.07876579385377339,-1.3417694859353813,30.894381643280344,-0.03609000629237209,28.416284701342796,-0.041259331993667006,38.18594389894728,30.894381643280344,-0.08139424044980312,36.50383519749118,,
2025-02-26,KCEL,3407.0,290.0,-0.8351323757257951,-2.853475959039239,-0.999999956521741,0.0,-0.026588352644648504,-0.4022973957228974,43.994668450840244,-0.00027703059993197925,49.825707899739065,-0.031132351810697866,41.09925379399883,43.994668450840244,-0.08088643607232543,36.60260439380581,,
2025-02-26,KEGC,1490.0,3880.0,0.04079451226762743,-0.8991234801518856,0.7910446580530239,0.0,-0.03432121018429739,-0.541530053893548,41.947765549768384,-0.00627435549163737,45.99550652618511,-0.018303651326302333,44.878770048467025,41.947765549768384,-0.07209344572280814,38.33012568665418,,
2025-02-26,KMGZ,13689.45,50490.0,0.1331450518095002,1.3766348048976746,0.28931297489075175,0.0,0.05742064572144445,1.1103124115561938,66.06489398472772,0.041644863445416465,74.39061307188094,0.0827997825358735,73.31031171030749,66.06489398472772,0.0422091717266111,61.84701983849309,,
2025-02-26,KZAP,19000.0,900.0,-3.9788447308710033,-0.3001033382169359,-0.5017128589117831,0.0,-0.12919191311612369,-2.2497084451271823,20.58989726646354,-0.018866019214703423,38.15645464165067,-0.07872294486215536,28.246912607408696,20.58989726646354,0.014318776106934002,56.1967824608276,,
2025-02-26,KZTK,44998.0,11630.0,1.6425047551478988,1.0862206979939526,0.997997916835511,0.0,0.06694031255004632,1.2817171620833048,68.33110902380004,0.019349005546630996,62.14062454407622,0.06311330053822498,68.43099714957133,68.33110902380004,-0.22161564670951867,15.064461240728527,,
2025-02-26,KZTO,801.43,14680.0,-2.720987349647735,-1.4461919895356727,0.989451372420727,0.0,-0.015506634945590203,-0.20276740251851055,46.96223493488026,0.012765813226912514,58.10217733212686,-0.0072322166835114944,48.190505258608475,46.96223493488026,-0.03100969333288962,46.72959776625332,,
2025-02-27,AIRA,793.0,39620.0,4.7816643292075325,-0.285660384086008,0.2571428424489804,0.0,-0.08703375968294005,-1.4906369458823094,29.02063303878526,-0.04450658389879701,24.243088330272688,-0.07214064532916986,29.878717733137293,29.02063303878526,-0.09404832312496247,34.08097204060855,,
2025-02-27,KCEL,3416.0,250.0,-0.5717065485490742,-2.853475959039239,0.5422221920987792,0.0,-0.030105503512880626,-0.46562486064259967,43.060703029398425,-0.0026289942753057235,48.32088288238152,-0.021751301066874895,43.855323468967015,43.060703029398425,-0.07626684231069475,37.506217965544785,,
2025-02-27,KEGC,1489.0,3210.0,-0.020910144995264425,-1.0886839879047807,0.7101448246166959,0.0,-0.03413232274776935,-0.5381290731114771,41.99746532403183,-0.0028991762341829437,48.14815933244167,-0.01766145916616031,45.06991377971132,41.99746532403183,-0.06473315184367903,39.79938841767355,,
2025-02-27,KMGZ,14195.0,9010.0,3.844328239939369,-0.3833948042363622,0.6020450454580009,0.0,0.013299491772757056,0.31589643863356637,54.724311788882204,0.013154034927344238,58.343950398998466,0.0402274247024159,62.20824352057425,54.724311788882204,0.002710215283718273,53.78760376498648,,
2025-02-27,KZAP,19010.0,1980.0,-3.8868246431543145,0.48835138320974303,0.04005943173860737,0.0,-0.13309918088224243,-2.320060093851066,19.908291098263664,-0.026843012658333505,33.46671787117296,-0.09765258468809232,23.868221811893157,19.908291098263664,0.04180404235865835,61.766814097336265,,
2025-02-27,KZTK,45232.0,1350.0,2.3081708083603796,-1.2270350297361718,-0.3373161294811038,0.0,0.062139807468795834,1.1952824800013988,67.19834147734038,0.020697033845963806,62.949136760558275,0.05066742396168471,65.11188296314343,67.19834147734038,-0.16814121944851518,21.73662184207179,,
2025-02-27,KZTO,800.89,2880.0,-2.39037769054923,-2.853475959039239,0.9038460748386185,0.0,-0.017924061624300092,-0.24629396959719335,46.31229897268629,0.010954634789233527,56.96925739798249,-0.0004617221476028669,50.22547022054569,46.31229897268629,-0.02783110689655376,47.393730901557724,,
2025-02-28,AIRA,795.0,169210.0,4.9428935402181065,1.166144674503461,-0.053740776936733604,0.0,-0.09306966157532197,-1.599315356240268,27.69604486656052,-0.04818567684935608,22.555277180782983,-0.0947661650194669,24.504760598220425,27.69604486656052,-0.10839826295297994,31.43120703736788,,
2025-02-28,KCEL,3415.0,4790.0,-0.6006384803279122,-0.6634819881622399,-0.07142856887755111,0.0,-0.030491984475586244,-0.47258357823101377,42.95836259944703,-0.003768556671082293,47.59269744855272,-0.025596666782867372,42.71998730778365,42.95836259944703,-0.08434325222524347,35.93251015942806,,
2025-02-28,KEGC,1489.0,4490.0,-0.005096780796068342,-0.5611988067505796,-0.09090908264462885,0.0,-0.03449986461564702,-0.5447467860321183,41.900773293531955,-0.002890079365079365,48.153974136975904,-0.019049483780528106,44.65696863908675,41.900773293531955,-0.06609297173984882,39.52646605800936,,
2025-02-28,KMGZ,14133.99,1550.0,3.3769878499368438,-2.1434605554073527,0.8730985854007112,0.0,0.017932487786366007,0.3993150645375543,55.961237183671244,0.027250737205471498,66.77070136182438,0.03411670848497304,60.4655550359262,55.961237183671244,0.00613650094222376,54.50103487027296,,
2025-02-28,KZAP,18767.4,3010.0,-5.026323943846682,0.9071938740262928,-0.47704848554076806,0.0,-0.12605252004869646,-2.1931826343800918,21.149963766205314,0.0024809363323533783,51.59050283459025,-0.10280982000449622,22.759433627101934,21.149963766205314,0.060989802783651605,65.48816608292309,,
2025-02-28,KZTK,45255.0,150.0,2.7441930023965138,-2.853475959039239,-0.23486107750901458,0.0,0.0629309763193754,1.2095277368890633,67.3864616300707,0.01142855945935988,57.26646076164641,0.04820354749014842,64.43573838453273,67.3864616300707,-0.13213378263911907,27.307070475970065,,
2025-02-28,KZTO,817.0,366080.0,-0.24094948472525496,2.1009768727635056,0.19627824111036277,0.0,-0.04130007965650566,-0.6671869074770272,40.12373461312878,-0.018189956966058556,38.56574064446253,-0.02293171931767405,43.50606545215536,40.12373461312878,-0.04166385343202969,44.5132797758348,,
2025-03-03,AIRA,785.0,24140.0,3.118196531144147,-0.9209175270364568,-0.5790621276411045,0.0,-0.09515561874431304,-1.6368737051403486,27.247049476773622,-0.04624345111717723,23.435746666178176,-0.09840702406227884,23.703729953252918,27.247049476773622,-0.09793829491456886,33.35189852764452,,
2025-03-03,KCEL,3415.0,590.0,-0.5931801548103517,-2.757615439491627,-0.4944059603835105,0.0,-0.03896569232378164,-0.6251554912937389,40.73108776780548,-0.010249065165353535,43.48009617995026,-0.04058335366845617,38.378033583074405,40.73108776780548,-0.08902492098352274,35.03369925220804,,
2025-03-03,KEGC,1488.0,5610.0,-0.057967400954903915,-0.22634451302215114,0.33333327777778704,0.0,-0.03193947772657443,-0.49864617307202946,42.5756067732784,-0.010323822324628777,43.43306479033877,-0.02516621863799283,42.8467184525351,42.5756067732784,-0.06747620327700973,39.24951306846003,,
2025-03-03,KMGZ,14082.0,3040.0,3.0185760482645883,-1.2892082425123528,-0.2103184767920498,0.0,0.028462691480512104,0.5889148656326793,58.74294468814154,0.0338531984431324,70.40956144474362,0.04665218600577569,64.0070142986133,58.74294468814154,0.018624904978324232,57.08368647389233,,
2025-03-03,KZAP,18550.0,3310.0,-5.96207250869899,0.9579291298828594,0.1428571424489796,0.0,-0.12711650943396227,-2.2123401152487543,20.958908681289685,-0.021793882899071654,36.40390479136102,-0.07797510482180293,28.429568409672314,20.958908681289685,0.09282507487271638,71.25004823977783,,
2025-03-03,KZTK,45470.0,19230.0,3.407982971436248,1.726829688755684,0.462496450213736,0.0,0.07206840381413177,1.3740501417585942,69.51759141799644,0.008702695218546328,55.550521923182586,0.052468272731715664,65.60227621520647,69.51759141799644,-0.16174874738620615,22.662459670852638,,
2025-03-03,KZTO,810.0,5620.0,-0.8453812203658762,-2.075525957726535,-0.5037593606196021,0.0,-0.018785405643738956,-0.2618027536153858,46.08101368360951,-0.009239991181657865,44.11604231074753,-0.025390432098765455,42.78069443579924,46.08101368360951,-0.03569484126984128,45.75286027787061,,
2025-03-04,AIRA,765.0,24010.0,0.4699960231802748,-0.9263173279717627,-0.9047618616780065,0.0,-0.0697970588235294,-1.1802844446959173,33.000318188152775,-0.0291140289449113,32.18470176454462,-0.06544829598506069,31.591921440389132,33.000318188152775,-0.07337724089635861,38.07594088826348,,
2025-03-04,KCEL,3416.0,1610.0,-0.6171672360010116,-1.3650997888153404,-0.04344295398119164,0.0,-0.037844769711163156,-0.6049729088320493,41.02374777184817,-0.006518247462919562,45.84043564775041,-0.043895491803278626,37.44040877865666,41.02374777184817,-0.08203592896174858,36.37918759185011,,
2025-03-04,KEGC,1486.0,3020.0,-0.17655641434030508,-0.8050137742320572,-0.6638369555316638,0.0,-0.028910879318079858,-0.4441152568119003,43.377411705071836,-0.005662028135614946,46.38517048756382,-0.025926528552201518,42.62293502089571,43.377411705071836,-0.0709408014484394,38.55888852730595,,
2025-03-04,KMGZ,14192.0,4130.0,3.7811246558460305,-0.6961661040869556,0.9064327432372354,0.0,0.013455035700864336,0.31869705851588537,54.765942728148,0.02648297498255221,66.3331275231883,0.03298500161056528,60.139721654532444,54.765942728148,0.021087323508884946,57.58885475505608,,
2025-03-04,KZAP,18350.0,2630.0,-6.763494405008892,0.72796509878535,-0.04807234634913228,0.0,-0.1163038601271571,-2.0176547874595805,22.95961658110163,-0.002218194498507889,48.58357696134538,-0.07610349357726742,28.88980437873945,22.95961658110163,0.10042871091215778,72.53842499665092,,
2025-03-04,KZTK,45700.0,14410.0,4.157797580245763,1.438280636332909,0.694665112446037,0.0,0.0752509482129832,1.4313529065032193,70.24123338218669,0.0025002214233614674,51.60283433842585,0.04152199906220694,62.57358928197302,70.24123338218669,-0.15855482702927998,23.135368371788534,,
2025-03-04,KZTO,817.0,9540.0,0.21147846213302882,-1.3284347017810625,-0.24487593069708963,0.0,-0.022488637290901677,-0.32848066451862407,45.08867763323433,-0.020314179343708057,37.28544305958754,-0.03396854782304599,40.27606784847108,45.08867763323433,-0.04664275077227954,43.48444634655617,,
2025-03-05,AIRA,756.06,11360.0,-0.7012510685076193,-1.6303388499215525,-0.9879999012000209,0.0,-0.059954808354842015,-1.0030714690125584,35.39221848149357,-0.0365056754439997,28.200298394690904,-0.0635768248740651,32.08036782311237,35.39221848149357,-0.04734817339389787,43.339110506086314,,
2025-03-05,KCEL,3416.0,480.0,-0.6166152531869479,-2.5752745928922076,0.42816295825007333,0.0,-0.041707136351808484,-0.6745160979376789,40.018132153223355,-0.007700110590684361,45.09018024172515,-0.028766764246682335,41.78970206346777,40.018132153223355,-0.06743890840489207,39.25697133350472,,
2025-03-05,KEGC,1485.0,12880.0,-0.10230757394871932,0.756439100976504,-0.6666665555555741,0.0,-0.03166802549302549,-0.49375858580566745,42.64731967430061,-0.007400108225108219,45.28042635130333,-0.025445658970659042,42.76443574505663,42.64731967430061,-0.06761576479076478,39.221607873021696,,
2025-03-05,KMGZ,14299.5,3060.0,4.606164126375612,-0.8958168452389599,0.8102115409424089,0.0,0.0054980688219201795,0.17542923755179665,52.629011743348286,0.018000548928617265,61.32504870161961,0.012184963135574201,54.01939423222911,52.629011743348286,0.03685783939331876,60.782530739992026,,
2025-03-05,KZAP,18697.0,3820.0,-4.799361377943816,1.1012311042950562,0.989090907292562,0.0,-0.1577727013543468,-2.764314992398575,15.995149846076062,-0.008044349212291845,44.872058821828425,-0.13035515902729486,17.46189271171078,15.995149846076062,0.09919196053436974,72.33132589202124,,
2025-03-05,KZTK,46000.0,1910.0,4.389306039857244,-0.8961929905919047,0.9999999989898174,0.0,0.05949680469289163,1.1476943406680757,66.56591128882201,-0.0028423567977915805,48.18447966769205,0.037847877846790924,61.533101509860785,66.56591128882201,-0.15172445824706698,24.16968134614977,,
2025-03-05,KZTO,814.0,5540.0,-0.05935176573563512,-1.7661500021009517,-0.0012515642989269831,0.0,-0.0188734126984127,-0.26338734974911354,46.05739164522023,-0.02022757205257204,37.3373089504312,-0.03043592196092196,41.302171071543995,46.05739164522023,-0.04425922643422642,43.97633081692738,,
2025-03-06,AIRA,760.0,13640.0,-0.19445562726180815,-1.2191029486140943,-0.001004016013853701,0.0,-0.07156808688387635,-1.2121723908106097,32.57867488630242,0.018659001670843764,61.724120532514846,-0.05276931913116123,34.97594954260612,32.57867488630242,-0.05395751879699254,41.983295046321864,,
2025-03-06,KCEL,3416.9,151160.0,-0.6198549768173762,3.8551825650646627,0.6733403227955671,0.0,-0.04875008164366937,-0.8013266578514445,38.20641802964443,-0.009005740223548084,44.26395808748224,-0.018238711978787008,44.89809198581985,38.20641802964443,-0.0668596215032005,39.37288185790333,,
2025-03-06,KEGC,1488.99,2980.0,0.19250277345775318,-0.7072987632896792,0.6633332227777993,0.0,-0.03370490799292202,-0.5304333290539118,42.109985824124365,-0.01628841137600787,39.72546465979944,-0.02604924642910711,42.58684329050682,42.109985824124365,-0.07093687605116797,38.55966846314328,,
2025-03-06,KMGZ,14422.78,2740.0,5.421260481708122,-0.8459890428880967,0.9999178873474082,0.0,-0.0021415488509502582,0.03787539402792793,50.568106461392794,0.007836128538348142,55.002028332317835,0.012720153991072763,54.17923398152807,50.568106461392794,0.062323042268649195,65.74044044067007,,
2025-03-06,KZAP,18554.7,1670.0,-5.331312402555772,0.02118076102558428,0.43207590635467064,0.0,-0.11097248803858453,-1.9216616692904234,23.994209430609313,0.002879363982223008,51.84522868178151,-0.10253070743595445,22.81850115051096,23.994209430609313,0.09666135376558424,71.90457313955682,,
2025-03-06,KZTK,46299.0,1600.0,4.964896778881175,-0.7344671756375307,0.9979674786606022,0.0,0.05888374736058272,1.136656040589389,66.41835083555844,-0.011466591868177757,42.715642868667395,0.021283945631860816,56.72301286357975,66.41835083555844,-0.1556018159910889,23.578706299491586,,
2025-03-06,KZTO,811.98,38860.0,-0.25536202672530145,0.2470035336401262,-0.04121648494531762,0.0,-0.018911876787957502,-0.2640799084059849,46.047068026104874,-0.016587183093883403,39.542445541552624,-0.02681813547483578,42.360891708674316,46.047068026104874,-0.04078254689594746,44.69590883190499,,
2025-03-07,AIRA,758.99,12270.0,-0.4324689785076122,-1.2045796229356038,0.8364371792358578,0.0,-0.06784804940232816,-1.1451918852995868,33.46751336502652,0.033800735611047,70.38156833025062,-0.04758851032083783,36.405994468814974,33.46751336502652,-0.02095832227017652,48.83257487062046,,
2025-03-07,KCEL,3412.0,600.0,-0.5846506924143855,-1.6739427887738993,0.10455622584786925,0.0,-0.04595730847243157,-0.7510418530033816,38.92121504022782,-0.010137569083905545,43.55026262853351,-0.030637545823331287,41.24339364080017,38.92121504022782,-0.0751585640782299,37.72433040462638,,
2025-03-07,KEGC,1489.0,29800.0,0.13341619573688956,1.6924901875931941,0.7667843619806387,0.0,-0.031082300894389542,-0.4832124206389258,42.80216280189557,-0.009147896478940803,44.17418242002524,-0.025434285021373668,42.767784087391405,42.80216280189557,-0.05996776866331931,40.76073785024805,,
2025-03-07,KMGZ,14560.0,6360.0,6.565863831228448,0.2052228511741765,0.8666666637777778,0.0,-0.01178211233211233,-0.13570614072333084,47.965531777533,-0.007910576923076909,44.95679858077524,-0.0037302503052503034,49.2427462984103,47.965531777533,0.07321961233211231,67.76809423162847,,
2025-03-07,KZAP,18868.2,1080.0,-1.7242716344089426,-0.3150804955898161,0.9993062747162561,0.0,-0.11339587252121361,-1.9652955085996207,23.52001511995048,-0.012018571269573702,42.370189671437586,-0.14654329023486737,14.830752904453481,23.52001511995048,0.1226439704168414,76.0903795494445,,
2025-03-07,KZTK,45902.99,260.0,3.7919040036619105,-2.342157375061052,0.00623279098093008,0.0,0.09202264683750577,1.7333328886192938,73.88499545995214,0.008909807220619057,55.68141862025151,0.021010732714676093,56.64233049224677,73.88499545995214,-0.1527647996634981,24.010130419167456,,
2025-03-07,KZTO,804.5,60450.0,-1.1117174083498997,0.6888538222637409,0.4241724240118379,0.0,-0.007185074037901879,-0.05293494545257758,49.20604255973481,0.0012469568498623814,50.80111967698615,-0.017696163199068728,45.05958060993409,49.20604255973481,-0.03506653521362968,45.883673786388044,,
2025-03-11,AIRA,751.0,9430.0,-1.640140712197013,-1.4032437605472785,-0.5070921536265858,0.0,-0.06487653551877925,-1.0916887947956988,34.18606977550224,0.03017982108511403,68.41320865093661,-0.03732042356223448,39.31025896542263,34.18606977550224,-0.016784150233551037,49.70755208568009,,
2025-03-11,KCEL,3390.01,590.0,-1.2237748831506652,-1.6907492218433389,-0.6915384349408126,0.0,-0.02877129792027119,-0.4416020475683018,43.41445217953054,-0.005766936253126255,46.31837791196895,-0.015685707402745497,45.658870750724034,43.41445217953054,-0.053479590498937135,42.08095609247146,,
2025-03-11,KEGC,1477.0,100420.0,-0.6965269997604354,2.9073428120230593,-0.29999998500000075,0.0,-0.021712557361017078,-0.3145070886397606,45.29634321884014,-0.005749614458737743,46.32940539433851,-0.015390295644324075,45.747039299069506,45.29634321884014,-0.050253404047242906,42.74178874031864,,
2025-03-11,KMGZ,14600.0,7700.0,6.704507301977946,0.39641449677019885,0.9837691605195948,0.0,-0.0094838171341596,-0.09432457536653134,48.585508896495824,-0.01338309958686671,41.51946814360408,-0.009242791911285062,47.58704930825716,48.585508896495824,0.056469776038269186,64.62644447315556,,
2025-03-11,KZAP,18200.1,2850.0,-4.570782330051961,0.8083012598311348,-0.4458276212747567,0.0,-0.057800855208540114,-0.964288830046696,35.9260943798632,0.027104443270981673,66.68754351096511,-0.10681890036710937,21.922931785156734,35.9260943798632,0.1858473581123705,84.39224353313226,,
2025-03-11,KZTK,45999.0,160.0,3.792618649663387,-2.6632855823335326,0.9793835586085609,0.0,0.09101780931573054,1.7152404566212869,73.67499618635365,0.021913156108983735,63.67237321169834,0.026931320867223867,58.382155360065305,73.67499618635365,-0.15046652722264148,24.363565245004498,,
2025-03-11,KZTO,804.89,15220.0,-0.8596756318876457,-0.6903479781729127,0.6552300706920358,0.0,-0.003971254964939478,0.004930930145643891,50.073963898233764,-0.006041204659337279,46.14382056061699,-0.019427745287880195,44.5445589926092,50.073963898233764,-0.03569341753689304,45.753156633992916,,
2025-03-12,AIRA,745.0,14450.0,-2.894387786918746,-0.9387331356117801,-0.8115941538892478,0.0,-0.0565969878555449,-0.9426128000949016,36.226018728304346,0.038452940236497306,72.80292606758594,-0.02678035847448599,42.37198576680823,36.226018728304346,-0.03490031959092361,45.91828949570888,,
2025-03-12,KCEL,3403.88,710.0,-0.6624146103810127,-0.5164317041247543,0.7701346870124895,0.0,-0.04701937042993512,-0.7701646298975565,38.64880536456916,-0.0045646104417536165,47.08460363460234,-0.020373063144001342,44.2638810561616,38.64880536456916,-0.05760306378659203,41.240472315463975,,
2025-03-12,KEGC,1482.0,3270.0,-0.08830356591144418,-0.517225532841601,0.7721518412396298,0.0,-0.025760733564680935,-0.38739584039670616,44.21508420203905,-0.003798968575284371,47.57327674248965,-0.023701669237195504,43.278599985889954,44.21508420203905,-0.05399870830923457,41.974881206254395,,
2025-03-12,KMGZ,14610.0,5100.0,6.37123635485448,-0.015564480982104304,0.4669221757463631,0.0,-0.004981609954043219,-0.013260845676891186,49.80108836420403,-0.01066004204556566,43.22168881475053,-0.005075541051465076,48.8383944727494,49.80108836420403,0.08844477363840811,70.49169648434093,,
2025-03-12,KZAP,18363.8,1320.0,-3.3334827267353506,-0.11441018659976664,0.9999999938949939,0.0,-0.07694228200771805,-1.3089365518964227,31.316541929623163,0.021711400508972405,63.55280466031097,-0.09307088877150821,24.883922277914845,31.316541929623163,0.19507014053010094,85.38417605091355,,
2025-03-12,KZTK,45950.0,400.0,3.597893948408858,-1.747013543105291,0.4999999975,0.0,0.0905623128141354,1.7070390914235771,73.57944604399293,0.015367415410124877,59.714399898228976,0.04975453866348861,64.86205769369884,73.57944604399293,-0.15161096948028396,24.187130062740813,,
2025-03-12,KZTO,802.83,17110.0,-0.8670257247065943,-0.3514291004445159,0.6936291557888963,0.0,-0.0050873575352192255,-0.015164865859179524,49.77252858147975,-0.0014867686807917787,49.05148616449466,-0.011950018787705165,46.775643374490386,49.77252858147975,-0.035961059003774186,45.697451219523685,,
2025-03-13,AIRA,730.74,171700.0,-4.924053662824948,1.5446068407316629,0.2157308430158937,0.0,-0.03096365302231138,-0.4810761264512943,42.83354603203281,0.06383352270431661,83.67818365567179,-0.0023192914684006666,49.66694141892265,42.83354603203281,-0.010084278070371003,51.112107341854,,
2025-03-13,KCEL,3400.0,64750.0,-0.7248943246603206,4.104982775960408,0.384615378698225,0.0,-0.045138468720821695,-0.7362983723886315,39.13171453196852,-0.0018161531279178341,48.840746199470786,-0.020116853408029944,44.339917855090775,39.13171453196852,-0.062234243697478965,40.30257742687975,,
2025-03-13,KEGC,1478.49,47710.0,-0.3187030601361524,2.1631218739270315,0.476521697693767,0.0,-0.021803328814566023,-0.3161414586897496,45.27204574737461,-0.0007656387517637913,49.512971995898056,-0.021797014585988476,43.84178634428657,45.27204574737461,-0.049312708888315654,42.93497486795321,,
2025-03-13,KMGZ,14600.03,1560.0,6.078236356874071,-1.1766754607928633,0.05600844492400818,0.0,0.0062344447715800624,0.1886879301319186,52.82729977480764,-0.010060216264613302,43.5989573207168,-0.00999304886185872,47.3620374161265,52.82729977480764,0.11468965400120025,74.85569243282801,,
2025-03-13,KZAP,18602.99,1820.0,-1.9123028545617453,0.19671005015892382,0.5791617946930764,0.0,-0.07318747508390386,-1.2413300110750396,32.19558440681055,0.017932736463929157,61.28386172270398,-0.1083871545500064,21.60178953144444,32.19558440681055,0.1794793673624508,83.67580080780334,,
2025-03-13,KZTK,46008.0,19080.0,3.4144503813383813,2.3861694464457472,0.23397683388649543,0.0,0.07648087164965096,1.4534980848613623,70.51822374613403,0.005163221303127406,53.303111405544946,0.049246429192438615,64.72265114916837,70.51822374613403,-0.15605347206696973,23.51051996868539,,
2025-03-13,KZTO,799.99,22090.0,-0.9853428870182704,0.05897065578678191,0.1766784348245914,0.0,0.004134614619190666,0.15087979357631703,52.261652538506645,0.007972956368303794,55.088717928277966,-0.011461682755161436,46.92189325460832,52.261652538506645,-0.03114811100317324,46.70070141074517,,
2025-03-14,AIRA,776.51,74180.0,1.3847539217830145,0.7053530502755652,0.8242103036254594,0.0,-0.09814821924021874,-1.690756467075554,26.610912434360156,-0.008953276626615658,44.297099824554714,-0.06565502880409353,31.53821090797027,26.610912434360156,-0.12043517286748823,29.29735030757045,,
2025-03-14,KCEL,3396.6,330.0,-0.6416958365995807,-0.807521608053174,-0.11460566798652135,0.0,-0.03801822536822534,-0.6080960353197257,40.978418352351994,-0.0039107094489447165,47.501926602000545,-0.019765174628409907,44.44433066461451,40.978418352351994,-0.06257618143353431,40.233600406210485,,
2025-03-14,KEGC,1469.3,54240.0,-0.8681715904768428,2.291399170633657,-0.38527516902965886,0.0,-0.01103623078260998,-0.12227629667342076,48.16667780324283,0.004137141269085083,52.64866933689451,-0.015930313187685716,45.58588630263954,48.16667780324283,-0.0440476184804555,44.02005874466193,,
2025-03-14,KMGZ,14580.0,2380.0,5.804084205776795,-0.6600398601749414,-0.9999999897959185,0.0,0.0077497648442092885,0.2159717693349217,53.23505095382512,-0.006643180482069371,45.76103200616064,-0.00840577601410935,47.83819659226084,53.23505095382512,0.11278883499902018,74.55445401508217,,
2025-03-14,KZAP,18664.99,830.0,-1.4595230325947284,-0.7430828008487639,-0.40332353836151924,0.0,-0.07162554046457423,-1.2132068615377596,32.56504308699205,-0.006680734229980284,45.73716817228428,-0.11578128439227929,20.133750323960705,32.56504308699205,0.174042326991284,83.04334730324966,,
2025-03-14,KZTK,45910.0,1480.0,2.5252727864626325,-0.43868944719587644,-0.3772455086055434,0.0,0.08284984614480366,1.5681735776186556,71.9282254625932,0.012973254607876695,58.23141491483478,0.05287246294509963,65.71189117549282,71.9282254625932,-0.1529981980790573,23.974434616486356,,
2025-03-14,KZTO,801.0,27360.0,-0.7718706305107825,0.2774994561736161,0.7777777345679036,0.0,0.015944613875512763,0.3635227371479627,55.43132581821235,0.00809071696094168,55.1633024279154,-0.01640272427322995,45.444984184861234,55.43132581821235,-0.03441219457820581,46.019968013155754,,
2025-03-17,AIRA,787.0,51150.0,2.5029218731141722,0.287616428988519,-0.3402548211300234,0.0,-0.10161713811742398,-1.7532154990408013,25.885479450517877,-0.03237768247917549,30.388677283534914,-0.09208610606885706,25.105970079000517,25.885479450517877,-0.1297696784050342,27.702408062624954,,
2025-03-17,KCEL,3388.0,4910.0,-0.9043616519584549,2.006762008998853,0.14666666471111114,0.0,-0.038184963269054184,-0.6110982063840653,40.934858937872015,-0.0010866620752984389,49.30751875542939,-0.02574074183392365,42.67759045052202,40.934858937872015,-0.06035750688705234,40.68183672238141,,
2025-03-17,KEGC,1480.0,19570.0,0.00849459546344003,1.271978472942643,0.9999999305073016,0.0,-0.01697257614757615,-0.22916215882015703,46.567972932178535,-0.0014973723723723416,49.044701363819705,-0.021188642213642146,44.02201770487643,46.567972932178535,-0.0512390283140283,42.539613041119814,,
2025-03-17,KMGZ,14490.01,40760.0,5.034110289976114,2.180556346618631,-0.9999014729068871,0.0,0.02068221899115101,0.44882488454057284,56.691980330477065,-0.005706951308368869,46.35656733910643,0.004391619920174216,51.68414073392875,56.691980330477065,0.15935574619949158,81.23771441730979,,
2025-03-17,KZAP,18699.99,860.0,-1.1236996980953708,-0.7075762134561109,-0.40434911883018654,0.0,-0.07569054258152277,-1.2863985694297126,31.608139733744387,-0.019195032345828433,37.95787376482097,-0.1288515960188062,17.724063366538832,31.608139733744387,0.1745026672264072,83.09764229104464,,
2025-03-17,KZTK,46454.44,2280.0,3.421715510705117,0.26170590739719357,0.9980854291175046,0.0,0.06819486090676341,1.3043057202733053,68.62366354495862,0.004049117240222604,52.59248128075368,0.054368747971642914,66.11621510299362,68.62366354495862,-0.16760077699579984,21.813826963786454,,
2025-03-17,KZTO,808.0,136530.0,0.10214138058397403,1.884960078473206,-0.04509283580409474,0.0,0.007213268112525473,0.20631196819812286,53.09073385241675,-0.002806243124312465,48.20756538645033,-0.010893552569542645,47.09210676667368,53.09073385241675,-0.03940119047619048,44.98244729236606,,
2025-03-18,AIRA,776.0,73520.0,0.7914875349044725,0.4941217690797293,-0.8461538136094686,0.0,-0.08472363361152022,-1.4490423617348676,29.537387482754298,-0.027655171003109148,33.005310944929974,-0.07778576746849943,28.475925796812408,29.537387482754298,-0.07687997054491905,37.38576941601374,,
2025-03-18,KCEL,3381.0,420.0,-1.070114693205054,-0.45196833043822077,0.6666666481481487,0.0,-0.03467781967859608,-0.5479509258112729,41.85397959817187,0.0024490042393769105,51.57008400815997,-0.02222589224095435,43.71482789668831,41.85397959817187,-0.05474334516415264,41.82285408105585,,
2025-03-18,KEGC,1473.1,4940.0,-0.45121817837003536,-0.2018655016316031,-0.9999999197431847,0.0,-0.009226680345842255,-0.08969474242737266,48.654903492886156,-0.0007879046239816106,49.498721343955545,-0.014778342912527564,45.929766781696586,48.654903492886156,-0.0482856682215347,43.146139218414305,,
2025-03-18,KMGZ,14450.0,3050.0,3.8204662131079035,-0.41199963538791295,-0.428571426122449,0.0,0.022105282309002033,0.47444761035358973,57.06904115698768,0.004441821826769924,52.84310227533948,0.0004880526720492124,50.511032917244044,57.06904115698768,0.09071094908551655,70.8854864573728,,
2025-03-18,KZAP,18749.99,960.0,-0.7574881288025803,-0.5975755740808957,0.9998657651015935,0.0,-0.05004146734804193,-0.8245784846724432,37.87759137120546,-0.054903995845094075,19.692785741024004,-0.13009310670595325,17.507364772216764,37.87759137120546,0.16850112040059745,82.37886906292916,,
2025-03-18,KZTK,47150.0,17410.0,4.6223691108730245,2.294573327113115,-0.12661565651063422,0.0,0.21206461184332343,3.894728180604346,91.1882252146277,-0.006564060159235132,45.81131601121808,0.0470690673971957,64.12244403365155,91.1882252146277,-0.20161767156491445,17.338312427903467,,
2025-03-18,KZTO,802.53,5880.0,-0.5331373800086828,-1.260017623753315,-0.9969134264022518,0.0,0.04413584249631976,0.8711151346344042,62.77716745638329,0.003632849061272343,52.32667977453658,0.0009395228215767978,50.646763000503746,62.77716745638329,-0.0319788040856505,46.52733140000603,,
2025-03-19,AIRA,775.98,67060.0,0.612185239093652,0.28124061553723073,0.1959999804000056,0.0,-0.07998471306329696,-1.3637165295433955,30.613952835946538,-0.030231223742879995,31.563594579813483,-0.0790527282551465,28.16659129545872,30.613952835946538,-0.08705306985084299,35.41101472216005,,
2025-03-19,KCEL,3399.0,17480.0,-0.5539537872627377,3.3635538305869876,0.4065689291785384,0.0,-0.03754338846159233,-0.5995464397311531,41.10254440279413,-0.007019098754535648,45.52224120251081,-0.03130161356981745,41.049981781438596,41.10254440279413,-0.05849470012188458,41.059382788004434,,
2025-03-19,KEGC,1481.01,4019.9999999999995,0.0985559050899567,-0.3107340342663854,0.9999998735777657,0.0,-0.015587789984698366,-0.2042286258452092,46.94039807312089,-0.0055712008471696,46.4430086099384,-0.023490134186097578,43.34106575287758,46.94039807312089,-0.05659616034231465,41.44525752795876,,
2025-03-19,KMGZ,14500.0,38590.0,3.7575936238651666,2.227475502426191,0.9999999930342715,0.0,0.009147058018609745,0.2411304951898811,53.61066148403525,0.03128831417624521,69.0232836618322,-0.0031482621784345924,49.417707320588185,53.61066148403525,0.09821477832512314,72.16701230187113,,
2025-03-19,KZAP,18820.0,2770.0,-0.09911737038057963,0.6167204986638471,0.48387096514047867,0.0,-0.06782190383415145,-1.1447211256951377,33.473803035872805,-0.07439529460384933,12.958304798387822,-0.15788225756118957,13.189416187237901,33.473803035872805,0.16147873083345987,81.50758786839442,,
2025-03-19,KZTK,46800.0,1100.0,2.1948114031893584,-0.4671569467392995,0.7772828490483679,0.0,0.24806040903540902,4.542844417109238,93.85266007190639,-0.005331196581196582,46.595887135342466,0.046581379731379706,63.98739269391909,93.85266007190639,-0.19001245421245422,18.777875455577682,,
2025-03-19,KZTO,804.15,12400.0,-0.7648866585016332,-0.4304187400368113,-0.7889907739848753,0.0,0.044181420710421915,0.8719357854574119,62.788672637599085,-0.0035053317167195175,47.76081979550072,-0.0011062002025208247,50.031689627603,62.788672637599085,-0.027122470043790665,47.54192748271105,,
2025-03-20,AIRA,779.68,48920.0,0.8386043482960234,-0.0341603936031703,0.15513125257507332,0.0,-0.07372096187609725,-1.2509356172555708,32.06989933405522,-0.03358281500916936,29.739938871889827,-0.08989700104886329,25.60426559290659,32.06989933405522,-0.09543631901081098,33.819941052913485,,
2025-03-20,KCEL,3404.5,300.0,-0.2959233775928455,-0.7014192805482554,0.8154603072491222,0.0,-0.030347863530294814,-0.4699886329332236,42.99651893767397,-0.00454598634626906,47.09648426890161,-0.03963270140826678,38.64878968729071,42.99651893767397,-0.060356696435856366,40.68200074564319,,
2025-03-20,KEGC,1482.0,3250.0,0.16825562681562267,-0.5233599124516044,0.9999998437500244,0.0,-0.01418973234367977,-0.17905613551589084,47.31673832053283,-0.0025494425165477797,48.371747041803445,-0.02347423526765632,43.34576152108794,47.31673832053283,-0.05554353833301202,41.65965749011457,,
2025-03-20,KMGZ,14498.99,6520.0,3.1444044558226762,0.4493581012734165,0.9855703908452688,0.0,0.003711369882009423,0.14325913206634713,52.14756489802732,0.021674769372550837,63.53107755651961,-0.0019023250221030415,49.7923114529525,52.14756489802732,0.09135024237101486,70.9960138628621,,
2025-03-20,KZAP,18995.0,1650.0,0.9144835587739634,-0.05597919843661246,0.944444439197531,0.0,-0.04514533576087274,-0.7364220157164917,39.129947524522464,-0.0837717188524967,10.482578166266265,-0.12643516788043638,18.151860395883073,39.129947524522464,0.13990796659104116,78.62434180128072,,
2025-03-20,KZTK,46390.0,45180.0,1.1601136825103908,3.3788689469313,0.6085106380389317,0.0,0.19895412864362524,3.658669593408581,89.98177987216813,0.042259734155212704,74.68937498655657,0.06235319333668655,68.23317109514574,89.98177987216813,-0.1920653089575271,18.51670132948971,,
2025-03-20,KZTO,808.88,55660.0,-0.18429025391943538,1.13222732454852,-0.47466957738603754,0.0,0.03791292679040427,0.7590694786962184,61.193226216563865,-0.009257239679242937,44.10515498751718,-0.009495592533983884,47.51121968750655,61.193226216563865,-0.03796457574887008,45.28080144400399,,
2025-03-26,AIRA,772.0,92670.0,-0.1995113282883686,0.6269704453833258,-0.9999999614495003,0.0,-0.042290268525372154,-0.685015585633373,39.86701223378319,-0.018972072127642046,38.09240119210694,-0.07824849905419859,28.362710854804696,39.86701223378319,-0.0872655563779916,35.37026681798151,,
2025-03-26,KCEL,3394.0,790.0,-0.602414460383054,0.2834649574451253,0.0,0.0,-0.033408502165352426,-0.5250964440721073,42.18806535787035,-0.017670972350833872,38.881036436200766,-0.03516826145111354,39.92947296111486,42.18806535787035,-0.06052253837303929,40.64844113894136,,
2025-03-26,KEGC,1480.0,4760.0,0.04069354661173939,-0.07874877484599706,0.0,0.0,-0.011535017160017164,-0.13125711040620097,48.032160322372974,-0.0018823788073788076,48.79837978498516,-0.019446160446160446,44.53908789343387,48.032160322372974,-0.057243500643500644,41.31356628576698,,
2025-03-26,KMGZ,14529.0,11820.0,3.249707306012338,0.9339998066271905,0.05306122427321949,0.0,2.2283429856214537e-05,0.07683591007874173,51.152334565309886,0.02918419261640922,67.8597822468103,-0.004004490198584768,49.160308701052266,51.152334565309886,0.1021719880436172,72.82870265507584,,
2025-03-26,KZAP,18599.0,1810.0,-1.1523283837205296,0.03657224538730053,-0.1500992971233668,0.0,-0.021021090590294562,-0.3020570006831754,45.481506033614814,-0.04888027029529662,22.246146438324292,-0.09465977262815803,24.5284409310438,45.481506033614814,0.17513580120795025,83.17209115393133,,
2025-03-26,KZTK,46650.0,24610.0,1.2987984797918632,2.771366137968931,-0.4795836667415598,0.0,0.18145430383300154,3.343579458434431,88.14410348823934,0.03470839202776502,70.86370292010085,0.07986042974531724,72.61292452779878,88.14410348823934,-0.1859833256775379,19.29869404843647,,
2025-03-26,KZTO,810.0,41880.0,-0.0590290718925235,0.8477741542201209,-0.7181112954114672,0.0,0.039704805996472636,0.7913328565875616,61.65191533408573,-0.00817200176366843,44.79122343173793,-0.008426807760141094,47.83188460806937,61.65191533408573,-0.042486243386243336,44.342993180679926,,
2025-03-27,AIRA,764.0,250160.0,-1.3048397416615838,1.6200258534253003,0.3472137099976787,0.0,-0.024054321449347608,-0.35667132574810834,44.67025521903801,-0.026698745117593223,33.5490146704561,-0.07547359968420184,29.045688708874728,44.67025521903801,-0.08094843347461142,36.59053968927758,,
2025-03-27,KCEL,3395.0,102650.0,-0.452366819457799,4.104982775960408,0.18845500528938688,0.0,-0.04161365570283099,-0.672832947927748,40.04237561416527,-0.005889952544591778,46.24007312300999,-0.024588655702830933,43.01690989269882,40.04237561416527,-0.05729594174439541,41.30290337779896,,
2025-03-27,KEGC,1482.45,8540.0,0.21486397726265316,0.5657807846802761,0.2432431994156663,0.0,-0.01191355678903485,-0.13807284165442688,47.930091068915715,-0.0035337102833308746,47.74269183554846,-0.019740852457884258,44.45155369916375,47.930091068915715,-0.061221582194211976,40.507079620747824,,
2025-03-27,KMGZ,14453.0,1100.0,2.535917435536044,-1.6503946945869161,-0.9784946131344665,0.0,0.008159698321543615,0.22335275720774211,53.345286321843446,0.031157165700755267,68.95144325649525,0.006422009408712863,52.29366608253555,53.345286321843446,0.11033211372604579,74.16161139590552,,
2025-03-27,KZAP,18400.0,5410.0,-2.056945962971203,1.092162828645317,-0.7109144532287397,0.0,-0.01162574189095928,-0.13289063920019728,48.00769581826449,-0.05757798481711525,18.632474074834516,-0.06260540027605245,32.3354702421325,48.00769581826449,0.18888112491373363,84.72445014699363,,
2025-03-27,KZTK,46789.0,70.0,1.3537814110772037,-2.853475959039239,0.9266666635777778,0.0,0.16176354066058804,2.98904075345418,85.73466113863711,0.025003186714283383,65.48184472454133,0.0779139455939821,72.14490790572259,85.73466113863711,-0.17373711752898094,20.948834324336445,,
2025-03-27,KZTO,808.28,350840.0,-0.29061107384675855,2.9567109913045875,-0.4677520057763312,0.0,0.045012656662275656,0.8869024637584404,62.99824391247818,1.1292252174130522e-05,50.01025823953202,-0.0025903011175601887,49.58545861850303,62.99824391247818,-0.040315152850536565,44.792823164802385,,
2025-03-28,AIRA,757.0,51220.0,-2.0109820685433393,0.011783306262291104,-0.06666666222222252,0.0,-0.001770599274496236,0.04455446386881829,50.668277160591515,-0.038884170493384496,26.983787312780073,-0.06618896804428509,31.399718293750254,50.668277160591515,-0.07602430699712728,37.553906650797444,,
2025-03-28,KCEL,3400.0,420.0,-0.1739448475541364,-0.36496087074677275,-0.1641515194286531,0.0,-0.04394659197012145,-0.7148382371978662,39.43883292172882,-0.011452357609710551,42.72456085494,-0.040245868347338884,38.474071567709196,39.43883292172882,-0.05459451447245565,41.8532274457909,,
2025-03-28,KEGC,1476.61,47420.0,-0.17936271386125816,2.196062487158495,0.2760241587626403,0.0,-0.006570715489135579,-0.04187321654110985,49.371934788386405,-0.0009212643304703154,49.41336996008229,-0.016470825492819554,45.4246781625573,49.371934788386405,-0.05732140440356567,41.297726320822335,,
2025-03-28,KMGZ,14560.0,5030.0,3.219516423172962,-0.13029519803551448,0.46676444785142923,0.0,-0.002458760683760653,0.032163890038759566,50.4824433778151,0.013267139804639819,58.41431390218562,0.004164926739926741,51.61605271627576,50.4824433778151,0.0993671855921856,72.36072664562175,,
2025-03-28,KZAP,17779.99,12590.0,-4.745542579300887,1.93681634579002,0.4499749994375353,0.0,0.025207667626663186,0.5303070843233085,57.88816764804883,-0.04247411594259927,25.211572250595378,-0.040344887699331644,38.44588434433719,57.88816764804883,0.23122900167257748,88.77845895169733,,
2025-03-28,KZTK,46990.0,390.0,1.770159912896211,-1.3733753761513456,0.9999999958331598,0.0,0.17797058627806658,3.2808539713809894,87.74512386653217,0.018808899478781366,61.81475156007012,0.07166906662005082,70.61072704124044,87.74512386653217,-0.18169239512290694,19.86536060994834,,
2025-03-28,KZTO,807.99,14800.0,-0.27345233408717196,-0.20898902985605583,-0.45636359487603523,0.0,0.047901235900491446,0.9389122885368235,63.722670350416855,-0.002103188320341098,48.657134595858686,-0.005898222264066232,48.59119404356228,63.722670350416855,-0.041379630479278756,44.57216203279166,,
2025-03-31,AIRA,755.0,56680.0,-2.1841731309496537,0.11307448812899533,-0.11172873197727948,0.0,-0.009649261536844306,-0.09730345656887313,48.54086257968308,-0.05219059970566594,20.814638126964812,-0.05701535530326921,33.823611970771324,48.54086257968308,-0.07501674813413224,37.75227632528679,,
2025-03-31,KCEL,3386.0,3950.0,-0.5849376730917073,1.8762176439922427,0.18518518175583,0.0,-0.037758691484075395,-0.6034230418770984,41.046248387173236,-0.022382101135394118,36.05595403262034,-0.035415428843323146,39.85819070544896,41.046248387173236,-0.04997577302431118,42.79878176723769,,
2025-03-31,KEGC,1477.49,6720.0,-0.0863254918401393,0.2421086866786963,0.2424241812060218,1.0,-0.009763653767914209,-0.09936312653230776,48.50999440201418,-0.008266630475408375,44.731317973287226,-0.015431971921599837,45.73459897651587,48.50999440201418,-0.055160511727471745,41.737751848798844,,
2025-03-31,KMGZ,15000.0,8300.0,5.726387057978961,0.4939004279077722,0.9999999980392157,0.0,-0.032240873015873014,-0.5040728949628687,42.49602003262539,-0.008330555555555556,44.69085833693405,-0.01540674603174603,45.74212881321794,42.49602003262539,0.08801150793650794,70.41605682109073,,
2025-03-31,KZAP,17480.0,4030.0000000000005,-5.260238707847805,0.7519117207671691,-0.4982938566381666,0.0,0.04516568686208275,0.8896578231311277,63.03677283522635,-0.010863126112382406,43.094132056333486,-0.006727798663324978,48.34199154868762,63.03677283522635,0.24564186644146602,89.92740968911764,,
2025-03-31,KZTK,46700.0,80.0,1.1364530306978882,-2.853475959039239,-0.9999999966666667,0.0,0.20137083290846672,3.7021831531865756,90.21468911090108,0.0342760111824887,70.63460461001813,0.06594443169844666,69.16193511073264,90.21468911090108,-0.1810110473811223,19.956482541385313,,
2025-03-31,KZTO,803.9,1090000.0,-0.78093339569924,4.090312694727633,0.356211110651992,1.0,0.05460906686056273,1.0596890040448295,65.38064623362949,-0.008023693176320986,44.88514171983857,0.004854716836769982,51.82321365999941,65.38064623362949,-0.03303547966559846,46.30691939084708,,
2025-04-01,AIRA,756.01,35650.0,-1.9744769288618826,-0.3616966791205198,0.0,0.0,-0.016599500993415058,-0.2224448172494713,46.6682720600694,-0.044215595000318075,24.38018163573451,-0.06743512990505925,31.077778607167005,46.6682720600694,-0.08008887717324639,36.75795893920623,,
2025-04-01,KCEL,3400.0,214770.0,-0.16622483343613462,4.104982775960408,0.03365384574935508,0.0,-0.041080485527544355,-0.6632330425393654,40.1807419424996,-0.029371148459383687,32.04118619111722,-0.03325595238095238,40.48239837188233,40.1807419424996,-0.048379645191409845,43.1268066341413,,
2025-04-01,KEGC,1483.0,40180.0,0.3118235792188037,2.0303876273387758,0.9999999166666736,1.0,-0.014134212075479796,-0.1780564747198404,47.33169028795787,-0.013966331117747185,41.157355377032914,-0.014604570047843816,45.9816750792353,47.33169028795787,-0.05941895342987724,40.87192429636613,,
2025-04-01,KMGZ,14860.0,2690.0,3.8789313943478843,-0.6328110938381735,0.015950833010227546,1.0,-0.020220498194791603,-0.28764206975168605,45.69604666374728,-0.00407918028584249,47.39437192684784,-0.005853529769916041,48.604621647168976,45.69604666374728,0.10488296267811739,73.27627323829799,,
2025-04-01,KZAP,17465.0,5720.0,-4.770325647330898,1.1021139473487043,0.3589743580539119,0.0,0.04611251391672234,0.9067057574774449,63.274787841819894,-0.018657109457009255,38.28275155213895,-0.000789877373795142,50.126801531694696,63.274787841819894,0.2490298629004041,90.18188053762674,,
2025-04-01,KZTK,48500.0,71560.0,5.025398593204669,3.8387486709007295,0.9999999995918368,0.0,0.18937488136147926,3.4861920771051156,89.00953329930567,-0.009403804614629358,44.01266556702764,0.029752088856161006,59.20405318374547,89.00953329930567,-0.21250420553100963,16.06850947883197,,
2025-04-01,KZTO,804.0,7100.0,-0.41061429561567486,-1.0154244820186649,0.33333329629630043,1.0,0.04393634209902867,0.8675230639828349,62.72679110621917,-0.0081727434257285,44.79075385765558,0.017826137171286435,55.69939937364376,62.72679110621917,-0.03161610992655765,46.60301750588515,,
2025-04-02,AIRA,759.85,50090.0,-1.0204837733322323,0.00109862541050724,0.591013790840225,0.0,-0.03182975148603894,-0.4966705158117611,42.6045907711113,-0.0582976916131108,18.3547206439333,-0.06307965698639352,32.21079484989321,42.6045907711113,-0.08109950099800403,36.56114897095919,,
2025-04-02,KCEL,3345.0,3120.0,-1.7197756457972981,1.4254861310789328,-0.9999999897959185,0.0,-0.02780538116591931,-0.4242103968634466,43.67097529849126,0.0021451864901415926,51.375783924246065,-0.01981785358388497,44.428687228176564,43.67097529849126,-0.026029372197309417,47.770610040449505,,
2025-04-02,KEGC,1482.0,5240.0,0.22083525198700302,-0.16256605554684656,-0.22279789860131122,1.0,-0.012793792172739541,-0.15392177093583087,47.69281305297636,-0.013430208534155975,41.49018488127092,-0.012566109183214446,46.59121215147385,47.69281305297636,-0.05719952766531717,41.32250798889526,,
2025-04-02,KMGZ,15000.0,3490.0,3.425691855218845,-0.2717967010650225,0.99999999499925,1.0,-0.029534000000000015,-0.45533475082947544,43.212146029312265,-0.025686365079365052,34.12931610499519,-0.008907539682539682,47.687628069336114,43.212146029312265,0.08955,70.68413689198884,,
2025-04-02,KZAP,17750.02,5090.0,-2.722300938767886,0.7921964405627651,0.6012359533673172,0.0,0.034202005932012156,0.6922531210010647,60.23704605507013,-0.0732367275029942,13.296572319073602,-0.019446499826434437,44.5389870656134,60.23704605507013,0.23518086456616205,89.10442070153853,,
2025-04-02,KZTK,48420.0,700.0,3.0505095299141303,-0.7884486834516692,0.977908097275224,0.0,0.1955075588599752,3.5966129642662796,89.64109918268703,-0.004668780610137457,47.01815780168236,0.029820052221632188,59.22379450382711,89.64109918268703,-0.20816309376290787,16.56560689165985,,
2025-04-02,KZTO,806.0,39950.0,-0.16627988760994528,0.7120961356403267,-0.13936780607989516,1.0,0.04192737799834574,0.8313510007483432,62.21797772071379,-0.010665200480523062,43.218447690278545,0.015518432195045038,55.013491810627826,62.21797772071379,-0.03173916459884202,46.5773369954445,,
2025-04-03,AIRA,746.07,11700.0,-2.679573784787379,-1.4647536368883072,-0.6356082708837767,0.0,-0.0046273155142470285,-0.00688165708134582,49.896775290432785,-0.024767311601681767,34.660277295174765,-0.0414841749816659,38.12213273256611,49.896775290432785,-0.06941305264985356,38.862876732371284,,
2025-04-03,KCEL,3385.97,650.0,-0.5065741645540297,-0.613084221588991,0.6897618965504488,0.0,-0.03007582573580583,-0.465090502448422,43.068564188740375,0.0009187444891059866,50.59107699483231,-0.030363504992660835,41.32328814284531,43.068564188740375,-0.029419643739049935,47.06169231630165,,
2025-04-03,KEGC,1482.0,4260.0,0.22345990575343536,-0.3696174927666932,0.5991982767137729,1.0,-0.012114266435319064,-0.14168668523415887,47.875978766662286,-0.011324943769680611,42.80440862275559,-0.00953165606323501,47.50040306322026,47.875978766662286,-0.060733307628044506,40.60580268564914,,
2025-04-03,KMGZ,14950.0,44760.0,2.879669617602705,2.463683785667232,-0.14121037423282312,1.0,-0.020868593725115462,-0.2993112441769018,45.522359055905866,-0.013395001858045336,41.51206903935897,-0.006955231724796942,48.27368515116079,45.522359055905866,0.10324813930031329,73.00693211558199,,
2025-04-03,KZAP,17400.0,3620.0,-4.305505219683708,0.29322195524431605,-0.9999999978448276,0.0,0.04422832512315274,0.8727803149254593,62.80051107469049,-0.0320226053639846,30.581333843322405,0.030895073891625612,59.535656274267,62.80051107469049,0.2608253968253968,91.023635823597,,
2025-04-03,KZTK,48110.01,350.0,2.357688060564047,-1.4815800282845015,-0.5982982310118794,0.0,0.19188405018593246,3.5313704918678694,89.27191909446478,-0.007592981609579143,45.15809976337117,0.1932584510048651,91.20507436430579,89.27191909446478,-0.20670938439788702,16.734802316476284,,
2025-04-03,KZTO,810.9,39640.0,0.44252677726300843,0.4720220644749035,0.38823524844290663,1.0,0.049703886334408004,0.9713696059488904,64.17164353126812,-0.0154364348255025,40.248926616465326,0.03892140478833052,61.83825772985053,64.17164353126812,-0.036584888043267594,45.56765289294969,,
2025-04-04,AIRA,730.0,53430.0,-4.224982582292052,0.07629862651606263,-0.6689069448564963,0.0,0.00859768971515542,0.23123893714520524,53.463030640945505,0.0008790334855403349,50.565661990728906,-0.015089791258969374,45.83675513172337,53.463030640945505,-0.055326685148945356,41.703866041837045,,
2025-04-04,KCEL,3372.0,380.0,-0.9136135439440085,-0.6798649377269178,0.3324852864925277,0.0,-0.04554475653843981,-0.7436137189522113,39.02721886514855,-0.008865193752471332,44.3527539919732,-0.023934426368412115,43.20989208166651,39.02721886514855,-0.00980287098231938,51.17107835516159,,
2025-04-04,KEGC,1480.0,3550.0,0.09353530456716844,-0.5519380907050324,-0.199999960000008,1.0,-0.012104365079365072,-0.14150840804465945,47.87864810481785,-0.009311636636636637,44.070823119844896,-0.009152638352638381,47.61409431754148,47.87864810481785,-0.056594734019733986,41.44554782671421,,
2025-04-04,KMGZ,14800.01,36640.0,1.1812279278767055,2.0794396103776487,-0.8902109667079687,1.0,-0.022233416850276057,-0.3238853360536174,45.15695169636122,-0.009987983422158363,43.64444006591314,-0.005943859499000996,48.57748280787685,45.15695169636122,0.13448555405603918,77.85010514784028,,
2025-04-04,KZAP,17082.0,3150.0,-5.6811720781602455,0.15415051093855478,-0.5482912324691066,0.0,0.08464639595564252,1.6005210512940122,72.31843946478537,-0.0457899748273036,23.6447212730443,0.03470472928897586,60.63448971122875,72.31843946478537,0.2838677885660762,92.48241408977829,,
2025-04-04,KZTK,48025.0,310.0,2.170466845877848,-1.6029367663916534,-0.9999999978947368,0.0,0.1971789509018947,3.6267069309077873,89.80757161323663,-0.014577770547747062,40.77875513838365,0.22149143427282417,93.57460032231761,89.80757161323663,-0.20651388930203343,16.757660770637944,,
2025-04-04,KZTO,808.89,36700.0,0.4053146946857908,0.39496056019171627,0.4949494532870829,1.0,0.050512297878515494,0.9859253232377204,64.37218997862591,-0.012984663036177131,41.76737687134301,0.0437017532844834,63.185500347872356,64.37218997862591,-0.03162110315488182,46.601975424556116,,
2025-04-07,AIRA,718.01,96670.0,-5.558231487774844,0.646955809293836,-0.6515540162088957,0.0,0.027136988464368992,0.5650451442604638,58.39541712869804,0.01766286084356168,61.11978904644776,0.013221512307053259,54.32889139526982,58.39541712869804,-0.04326060049568223,44.182773763705555,,
2025-04-07,KCEL,3321.04,1380.0,-2.4101278874634446,0.6097482221732259,-0.7337834490742301,0.0,-0.023369014544688482,-0.34433214821778974,44.85331122421383,0.015171521141398032,59.59368557083889,0.0002511184773253943,50.439797828984986,44.85331122421383,0.004209771695154602,54.10005410618813,,
2025-04-07,KEGC,1470.0,38450.0,-0.5748824172274696,1.8609352558674876,-0.5444015023628129,1.0,-0.0052386621315192675,-0.017889155169861507,49.73166524863682,-0.0004999999999999935,49.68299214030215,-0.00023339002267579873,50.29412342091262,49.73166524863682,-0.0500156462585034,42.790595277140206,,
2025-04-07,KMGZ,14923.0,5680.0,1.7862978464916344,0.11459684301918246,0.9999999990224829,1.0,-0.02372907937997062,-0.35081523469301085,44.75711466652927,-0.020838087898833058,36.97232073653301,-0.019592599497526456,44.4955859252746,44.75711466652927,0.14956390838048012,79.9538075094828,,
2025-04-07,KZAP,17346.0,6480.0,-3.832041116683875,0.87546804945324,0.9847981819108861,1.0,0.05547435527883461,1.075268808268889,65.59192423953894,-0.05204398708635997,20.876576258994312,0.05318641857873093,65.79691942404466,65.59192423953894,0.27528482647296204,91.96640254552646,,
2025-04-07,KZTK,48450.0,1930.0,2.7539388506361115,0.40287517104069515,0.9326798787344627,0.0,-0.19324411273281247,-3.4029894888529206,11.488421281992107,-0.015556700574966786,40.17489645612676,0.15292387709469749,86.45752821681583,11.488421281992107,-0.21637235736399824,15.635794466924219,,
2025-04-07,KZTO,800.02,80000.0,-0.7014844671372242,0.915351773196158,0.3336116770934579,1.0,0.06237316815095499,1.199484216283613,67.25388659734239,-0.0032392850893013156,47.93079590591014,0.05537169774128662,66.38592439528249,67.25388659734239,-0.020488561476439186,48.93101890931595,,
2025-04-08,AIRA,725.0,9030.0,-4.2142533388447045,-1.7348884711225663,-0.1011089301298848,0.0,0.026395634920634896,0.5516968284523573,58.20070749028526,0.01062603995621237,56.76289540233175,0.026821428571428572,58.350037946602626,58.20070749028526,-0.05341674876847289,42.093801955543405,,
2025-04-08,KCEL,3311.01,520.0,-2.698138091056786,-0.3662275927599913,-0.9997297162198628,0.0,-0.014579068266610127,-0.18606625760762388,47.21190130839733,0.01766947883187989,61.12381552795094,-0.0029098014762004003,49.48939927674169,47.21190130839733,0.011953092604026237,55.70781025940524,,
2025-04-08,KEGC,1467.03,45740.0,-0.7226965088894874,1.7908829289147445,-0.6616666115277869,1.0,-0.0004543654201896903,0.0682536898495962,51.023662287787275,-0.003412457246792366,47.820151227517485,0.0031673792336508987,51.31636825216203,51.023662287787275,-0.04660430627088158,43.492370179994815,,
2025-04-08,KMGZ,14846.9,9360.0,1.1676561987437934,0.5518989717816819,0.5751830050194655,1.0,-0.02095296175611239,-0.3008303184854736,45.49975660324699,-0.010973406903819458,43.02490313946619,-0.01600070938329596,45.56488527970451,45.49975660324699,0.1462048177445412,79.49846920206676,,
2025-04-08,KZAP,17195.0,4510.0,-4.25245573232927,0.47311221723757385,0.9719919949357106,1.0,0.08541197688050697,1.6143055891142268,72.48370400538985,-0.020325539793313908,37.27864187504875,0.0662590557886429,69.24258364345083,72.48370400538985,0.286881136543015,92.6562406880844,,
2025-04-08,KZTK,48199.0,1140.0,1.9562574588770532,-0.12361298259663807,0.668568108152057,0.0,-0.30760703733397615,-5.462131779622797,3.6358929388428995,0.01033944079225776,56.582715177640694,0.1486710520075994,85.84739803530492,3.6358929388428995,-0.21956663712643712,15.285659379643612,,
2025-04-08,KZTO,800.0,2810.0,-0.6710470512714157,-2.598560824896465,0.9969230002366951,1.0,0.08119563492063492,1.538388957284476,71.565977325724,0.0017829365079365537,51.14406089865638,0.058733928571428534,67.28224472331323,71.565977325724,-0.02396071428571426,48.203633659121905,,
2025-04-09,AIRA,718.0,43920.0,-5.111004426103965,-0.1530765222205977,-0.8823528892733594,0.0,0.03273755029402663,0.6658851127706972,59.85749888672056,0.02584078790290483,65.96495589890304,0.045513310783923615,63.690848869126484,59.85749888672056,-0.039055991068665155,45.05410571288019,,
2025-04-09,KCEL,3362.95,4990.0,-1.1690027625614021,1.8950857011410236,0.9999999876314164,0.0,-0.028578500811952415,-0.4381306718522484,43.465626506394464,0.0010463345319691574,50.672732366602055,-0.026472219437441165,42.46250628715569,43.465626506394464,-0.004831028537633543,52.2122784750472,,
2025-04-09,KEGC,1466.87,73410.0,-0.6511045927287683,2.2639695312912296,-0.05890410555452241,1.0,-0.042552259932903166,-0.6897328275974697,39.79917923001361,-0.003721671021582323,47.62263953078135,0.004609552847705992,51.749591690016594,39.79917923001361,-0.05122446547724274,42.542598437996816,,
2025-04-09,KMGZ,14663.02,8220.0,-0.16223142475975705,0.3114824081776312,0.6247835045105333,1.0,-0.0058923510792608,-0.029659040926086323,49.555126126162065,-0.004082672289103555,47.39214282430253,-0.0007249012335599839,50.14633845745393,49.555126126162065,0.15443649685907831,80.60076745330626,,
2025-04-09,KZAP,16507.24,3140.0,-7.454181138902759,0.11103818900138318,-0.539899060079217,1.0,0.18614588884096359,3.428052998564046,88.66361159583317,0.016726958629754395,60.54886770119445,0.10970493018301569,79.15045393828618,88.66361159583317,0.29976442384319046,93.3584029796983,,
2025-04-09,KZTK,48349.9,1100.0,2.2357769778829044,-0.018018351210168395,0.999999998823391,0.0,-0.29906882916108535,-5.308398516876055,3.9732625479211467,0.007998649103425536,55.104992566425025,0.12947264684843487,82.80356734435983,3.9732625479211467,-0.2202399563522349,15.21267994057533,,
2025-04-09,KZTO,800.0,59690.0,-0.6673501975431112,0.4573836222427748,-0.1666666597222225,1.0,0.10490694444444451,1.965318929391136,76.48023765648915,-0.0012535714285714285,49.200706448238144,0.06185178571428573,68.10231246117358,76.48023765648915,-0.021542063492063487,48.71025756209113,,
2025-04-10,AIRA,730.0,8910.0,-3.3502590733061957,-1.7482663746120195,-0.16666665277777895,0.0,0.005679832572298357,0.17870195400809508,52.67796422707747,0.004955397912589674,53.17064441189223,0.04166713959556425,62.6144614892352,52.67796422707747,-0.043136176342683186,44.20850983787558,,
2025-04-10,KCEL,3400.01,277610.0,0.08260892925353576,4.104982775960408,0.11683955452612504,0.0,-0.03969569009437564,-0.6382993426497626,40.5408453911508,-0.010530720480374012,43.3029624483518,-0.038133189758825764,39.07729146563704,40.5408453911508,-0.016970769818697613,49.668425644443744,,
2025-04-10,KEGC,1470.0,7260.0,-0.34718405713623146,-0.6605965592637453,0.4545454132231443,1.0,-0.04938446712018141,-0.8127489782222446,38.044746814950564,-0.006174319727891156,46.05913365707585,0.003797789115646332,51.50576914562129,38.044746814950564,-0.049910941043083905,42.81209345209413,,
2025-04-10,KMGZ,14798.0,3650.0,0.7422921146263978,-0.5677998941439116,0.8901660224127286,1.0,-0.014920350347644575,-0.1922111543789402,47.120024009396474,-0.01297929337297833,41.77072076881148,-0.012990876019281856,46.46410900045886,47.120024009396474,0.1391055927227403,78.5110289797107,,
2025-04-10,KZAP,16898.97,6740.0,-5.003865169746379,0.8111150469064116,-0.5239419790751328,1.0,0.1647318611627414,3.042486346069613,86.12237964510432,-0.011750899790680464,42.53761940340087,0.08546028444971152,73.93171501937496,86.12237964510432,0.32200310859112086,94.42546641822645,,
2025-04-10,KZTK,47900.0,1470.0,1.2533778575154537,0.28995005191484313,-0.05770385981259405,0.0,-0.2893358965437254,-5.133153845270171,4.39443396984055,0.01880757282035988,61.81394979700365,0.1610479843920867,87.56137012780563,4.39443396984055,-0.2182537271763264,15.428787484564232,,
2025-04-10,KZTO,801.0,32890.0,-0.509471541493776,-0.1488807615614789,-0.12499999218750048,1.0,0.0995673533083645,1.8691778245525978,75.42680858878708,-0.006171771892277567,46.060754360833975,0.06302742553950419,68.40868051651366,75.42680858878708,-0.0241701578384163,48.15977833693037,,
2025-04-11,AIRA,733.0,12680.0,-2.925686946849523,-1.3954168024839908,0.3350041491224589,0.0,0.007154055956170569,0.20524583373449948,53.074802627397276,-0.013975108274323864,41.151913079327954,0.026428763615496235,58.235218899519694,53.074802627397276,-0.047484731154853986,43.31098912494396,,
2025-04-11,KCEL,3353.0,1020.0,-1.3330998427024194,-0.061775301989437995,-0.9130434650283556,0.0,-0.0318757514000729,-0.4974987594815468,42.59243935309651,-0.005189666799217947,46.686069301671125,-0.022315782715312968,43.68822845965165,42.59243935309651,-0.001136169930741955,52.98486032414178,,
2025-04-11,KEGC,1471.0,8840.0,-0.22108880276916595,0.11242376522954374,0.9999998461538698,1.0,-0.04798498969494891,-0.7875509242084646,38.40174704428488,-0.004876287322089429,46.88582959345537,0.0004751613199097896,50.507157138222226,38.40174704428488,-0.05186110086001322,42.41213858034344,,
2025-04-11,KMGZ,14700.0,1090.0,0.04145292595512529,-1.7221017919198869,-0.02382089222865348,1.0,-0.06630419501133787,-1.1173942762548237,33.839909331482794,9.52947845804992e-05,50.06402694031584,-0.006318310657596373,48.464991098779734,33.839909331482794,0.14425260770975057,79.23033360343834,,
2025-04-11,KZAP,16355.0,7910.0,-7.454181138902759,0.9223131699903636,-0.7516629695085079,1.0,0.19433089754601535,3.5754267880475674,89.52246420047788,0.008209541400377536,55.238537187243786,0.12414585911303277,81.87204965984414,89.52246420047788,0.3471077540483227,95.435522338917,,
2025-04-11,KZTK,47480.05,420.0,0.3519176872956808,-0.9808150568048436,-0.9999214822012943,0.0,-0.29213220432197234,-5.183502291886746,4.269250083966869,0.04154729488599073,74.34299310173154,0.1871093808167182,90.593481379813,4.269250083966869,-0.20718964852121774,16.678752756001874,,
2025-04-11,KZTO,801.0,2860.0,-0.5036413655284174,-2.498618562236688,0.9999998546511839,1.0,0.0773766630996968,1.469627106263467,70.71901713141044,0.008109002140181938,55.174881400561816,0.06428221419654004,68.73391907406109,70.71901713141044,-0.024031425004458706,48.18882725026798,,
2025-04-14,AIRA,733.0,40590.0,-2.901303171834119,-0.23192446472809986,-0.557848153437868,0.0,0.004450693497044109,0.15657089833668347,52.34683778600036,-0.012659319171051776,41.970116678206054,0.020607507200242563,56.52318992215132,52.34683778600036,-0.03883336094328592,45.100331422408615,,
2025-04-14,KCEL,3382.1,266930.0,-0.47506428126857037,4.104982775960408,0.20900900712604334,0.0,-0.03447153863970112,-0.5442367674644669,41.90822302105056,-0.012304994079474406,42.191224813261265,-0.03016139438350266,41.38224125009384,41.90822302105056,-0.010182471477991274,51.09152942335018,,
2025-04-14,KEGC,1473.99,4660.0,0.029544892323222816,-0.5278454130988026,0.5540740330315544,1.0,-0.04688975450986778,-0.7678308523774511,38.682013062132995,-0.0051380314656137484,46.71897653735726,-0.0022485278620162745,49.68821778502842,38.682013062132995,-0.0552862656802285,41.712107592556336,,
2025-04-14,KMGZ,14660.0,5160.0,-0.2514275252430001,-0.043608706278179775,-0.5999999880000003,1.0,-0.025904013187812644,-0.3899756374106859,44.176908674144364,-0.00379165204963295,47.57794892812165,-0.0008522472335910254,50.108048221827225,44.176908674144364,0.16153498830637303,81.51469832211649,,
2025-04-14,KZAP,16499.0,3070.0,-5.958414130923393,-0.09767622289619374,-0.24864864797662528,1.0,0.1594509510677415,2.9474018127884727,85.42636979569632,0.0006549467644504062,50.42224160632324,0.11421049541723066,80.03059755491975,85.42636979569632,0.3658016985877932,96.0718467090907,,
2025-04-14,KZTK,47852.01,990.0,1.1349418399637212,-0.12337790114002138,-0.7399499981501149,1.0,-0.30403856433094445,-5.397880242687736,3.7734044636778927,0.0417554672326497,74.44452496723468,0.21148049004106612,92.81155476147644,3.7734044636778927,-0.2093903911268752,16.423832925849684,,
2025-04-14,KZTO,800.0,47630.0,-0.6273160510543541,0.31398831255597925,-0.4974874059367195,1.0,0.07998333333333335,1.5165610661537983,71.29871970985684,0.014390476190476193,59.11124653733542,0.05499444444444445,66.28459906200197,71.29871970985684,-0.02526071428571429,47.93147439182588,,
2025-04-15,AIRA,735.0,5070.0,-2.5623040363715552,-2.3120941528624366,-0.6666666111111158,0.0,0.004328287981859472,0.1543669465418236,52.31385032169346,-0.016734013605442175,39.45260825322839,0.007270464852607709,52.54818163231517,52.31385032169346,-0.0252708049886621,47.92936232923925,,
2025-04-15,KCEL,3380.0,620.0,-0.406185872331195,-1.2889095033726137,-0.016949152255099114,0.0,-0.03826548088663473,-0.6125479527252886,40.91382921527328,-0.015554606931530008,40.176184826320736,-0.0323388818446511,40.748429033036516,40.91382921527328,-0.01006259744528978,51.11665079525623,,
2025-04-15,KEGC,1466.67,57500.0,-0.4632191537922526,1.984919825659711,-0.5638370901423568,1.0,-0.03991697927147579,-0.6422837274899169,40.48323170585694,-0.003585388572168879,47.70968176412223,0.003450900249577305,51.40155455636774,40.48323170585694,-0.04901455158218801,42.99625126768855,,
2025-04-15,KMGZ,14731.0,1570.0,0.22447872148147657,-1.2390147702214083,0.2075720874050085,1.0,-0.010654734077687373,-0.11540732229527248,48.269581525848935,-0.00876294791353511,44.41737463985649,-0.005739015363346719,48.63902775869054,48.269581525848935,0.15574704944114182,80.7720470468784,,
2025-04-15,KZAP,16899.96,5000.0,-3.3854035697116105,0.39008361408089604,0.9998499937502064,1.0,0.11369577929967492,2.123564808465246,78.14504334714226,-0.05046359470673298,21.55283831040768,0.09289983067021082,75.618928894396,78.14504334714226,0.32193766515818195,94.42257667204912,,
2025-04-15,KZTK,48850.0,980.0,3.2319197469415966,-0.1335301703780739,0.9314670049406089,1.0,-0.30430100201458954,-5.402605520000903,3.763123402898377,0.012327518643076449,57.828752542703185,0.1905470508196455,90.93995184473378,3.763123402898377,-0.22427371407450727,14.781444530698668,,
2025-04-15,KZTO,803.96,41730.0,-0.12349304200345278,0.08917019242105828,-0.10399999479999662,1.0,-0.023670993127668866,-0.3497693725043339,44.77263061832872,0.009359612063144531,55.96542548753873,0.050348047146782114,65.02457409406678,44.77263061832872,-0.03149949000463583,46.62735679829327,,
2025-04-16,AIRA,738.8,23970.0,-2.5092426990043735,-0.747542462095392,0.20300749335744284,0.0,0.00045236999510155085,0.08457976096640624,51.268424207023614,-0.02858992424437735,32.47828117612023,0.011078435214547966,53.68866065341699,51.268424207023614,-0.031838903068897556,46.55652371746373,,
2025-04-16,KCEL,3376.99,22230.0,-0.4815354643457794,2.9190855684672132,-0.08311384133576877,0.0,-0.034652805664920745,-0.5475005402199599,41.86055620760087,-0.021490954139116062,36.583656238770104,-0.02172107585053782,43.86427455168918,41.86055620760087,-0.023019165710499053,48.40081744804082,,
2025-04-16,KEGC,1466.0,7460.0,-0.41236087846242064,-0.057307180054334765,0.1135857208049597,1.0,-0.03646953647761969,-0.580211379510048,41.38367340636678,-0.002461125728144827,48.42821937248986,0.004598826306329719,51.746370367813476,41.38367340636678,-0.05264844193248014,42.250942319887024,,
2025-04-16,KMGZ,14649.03,1430.0,-0.33900100881275236,-1.3324151972297997,-0.9992682804967123,1.0,-0.010674288017217374,-0.11575939744530736,48.26430674331293,-0.0020523967579131083,48.68962260994864,0.005360962544472672,51.97521223806891,48.26430674331293,0.2040723386170572,86.30142821205682,,
2025-04-16,KZAP,16835.0,1690.0,-3.434450840470735,-0.8168285290495667,-0.506918121800445,1.0,0.1336997054747055,2.483742116907608,81.61150834325588,-0.002430453255453255,48.44783319275608,0.08563212883212887,73.97152841509472,81.61150834325588,0.3272480678480678,94.65253452648928,,
2025-04-16,KZTK,48887.9,70.0,2.9791696045423066,-2.7544541487395744,0.9522239819906989,1.0,-0.30894050117231275,-5.486141237166026,3.5857555756545922,0.017600120159086304,61.08160915951966,0.1783444106547999,89.65588464604689,3.5857555756545922,-0.22883471981267672,14.306067877246697,,
2025-04-16,KZTO,801.5,3160.0,-0.4330663138627468,-2.533138276072517,0.0,1.0,-0.011865247452692868,-0.13720301607198643,47.94311623233818,0.009957182712968738,56.34212550964597,0.06796143342344216,69.67691556459314,47.94311623233818,-0.02653609204962917,47.66458903551481,,
2025-04-17,AIRA,735.89,14190.0,-2.674757089770372,-1.249533460944239,-0.47475680987694435,0.0,-0.0008987262966536208,0.06025282526624034,50.903693957941044,-0.02216367434466032,36.18499217853815,0.0060863537985641515,52.192944109909455,50.903693957941044,-0.03615058078361866,45.65801170303777,,
2025-04-17,KCEL,3374.79,12270.0,-0.5348255090416347,1.6962102539706954,0.8369766270108818,0.0,-0.04828313616057097,-0.7929191499542384,38.325584961328374,-0.019401354098364347,37.8335500965149,-0.04063710762814306,38.362745197018086,38.325584961328374,-0.010539048091034616,51.0168003240201,,
2025-04-17,KEGC,1465.5,4160.0,-0.4642611383446779,-0.5705427902792422,0.14613176328602473,1.0,-0.034756195268963945,-0.5493621042439105,41.83337519895252,0.0005867154879693262,50.37857061386064,0.003568956637585099,51.437023231035305,41.83337519895252,-0.051928126675439924,42.39840971176077,,
2025-04-17,KMGZ,14652.0,1600.0,-0.3248021813412713,-1.2200869242605503,-0.8627047086132706,1.0,-0.018850389025389026,-0.26297280089967445,46.06357127564657,-0.002279018954018954,48.544676267651106,-0.006453556803556803,48.42436454305079,46.06357127564657,0.23719016906516907,89.26694665469988,,
2025-04-17,KZAP,16753.0,3760.0,-3.7745748523016536,-0.017139490397507985,-0.13326110483879683,1.0,0.16919275469733447,3.122806209904304,86.68839401500416,0.016770457908983846,60.57546845420866,0.11202954756267296,79.60808320893145,86.68839401500416,0.33685512083123703,95.0459791484993,,
2025-04-17,KZTK,48950.0,380.0,3.0795413115940242,-1.011586498264705,-0.3818966224552082,1.0,-0.30049059981840887,-5.333997967908639,3.9150718729421943,0.03869215712502232,72.92402848467174,0.17991207338229812,89.82944176916217,3.9150718729421943,-0.22492184079964977,14.713105413319505,,
2025-04-17,KZTO,798.55,12620.0,-0.8052794850936688,-1.1484527317547044,-0.27142853265307976,1.0,-0.008132209595168966,-0.06998843449076109,48.95032772894538,0.0161812976247624,60.21465781179802,0.07007126065795848,70.21035912509541,48.95032772894538,-0.025242890014937784,47.93520516835324,,
2025-04-18,AIRA,725.03,20840.0,-3.8842094044124207,-0.8008548008643754,-0.4583333025313676,0.0,0.014386795056537366,0.33547369395764204,55.01518417631597,-0.01487106774892076,40.597531775807866,0.022700760800483583,57.14083102099449,55.01518417631597,-0.016991182384571243,49.66414599382982,,
2025-04-18,KCEL,3346.0,27010.0,-1.3771681717220814,2.4852579557916994,-0.565642822352748,0.0,-0.042895707976356515,-0.6959167232386779,39.710315387249345,8.262104004784498e-05,50.05591468205468,-0.02510359301321651,42.865164347943605,39.710315387249345,-0.0055480424387328794,52.06221912199609,,
2025-04-18,KEGC,1468.39,25200.0,-0.23618806106119666,1.282361472213695,0.9999999037536186,1.0,-0.037340781040610685,-0.5958984260901755,41.155542143681146,-3.550708599220961e-05,49.98030270043023,0.001563956744764233,50.83447681825939,41.155542143681146,-0.05154177789960439,42.477561410086714,,
2025-04-18,KMGZ,14747.0,1460.0,0.032829905815734944,-1.249818350477647,0.947990946703857,1.0,-0.014822505492104393,-0.1904494253860896,47.14636307021369,-0.0037174832169254764,47.625314027259606,-0.006161560328116237,48.51207982561714,47.14636307021369,0.24564953283476557,89.92799206482971,,
2025-04-18,KZAP,16540.0,5170.0,-4.778232750537517,0.2831787271259675,0.28027681563918055,1.0,0.19152995575900655,3.5249949045702214,89.23522799259374,0.05450335550181379,80.14834362755494,0.11351720888274688,79.89700391515653,89.23522799259374,0.36356739074106054,96.00051700623995,,
2025-04-18,KZTK,49600.0,470.0,4.410719278396986,-0.7398994775807093,0.3229396642743821,1.0,-0.27695382744495645,-4.91021059493421,4.9919910387429045,0.026258669354838778,66.20475347891718,-0.2066946204557092,7.788825277168793,4.9919910387429045,-0.23982430875576036,13.212899553830654,,
2025-04-18,KZTO,809.98,49250.0,0.6453112946171734,0.2548589178733156,0.8365383945081447,1.0,-0.021132203215286152,-0.304057620254217,45.45174343525889,0.005479534679868626,53.5046401340698,0.05476922542081187,66.22403668171583,45.45174343525889,-0.03775856679000894,45.32361342241627,,
2025-04-21,AIRA,726.0,6610.0,-3.4717480282074926,-1.855132696951373,0.4672896884319295,0.0,0.013730935983208698,0.3236647343723041,54.83977030284017,-0.0155633608815427,40.170797978158966,0.03061191788009967,59.45358680512619,54.83977030284017,-0.023839869473960388,48.22893858119405,,
2025-04-21,KCEL,3351.0,2790.0,-1.1916216576333207,-0.23666808120754992,-0.7503125424127137,0.0,-0.03703455649344187,-0.5903847518137768,41.235682808993005,-0.015834527006863566,40.00405078639626,-0.020907290645294226,44.10542221299593,41.235682808993005,-0.00946173885549445,51.2425608220437,,
2025-04-21,KEGC,1471.0,11740.0,-0.0429786918935285,0.46694086627621056,0.9999999090909174,1.0,-0.03225497528945863,-0.5043268110640651,42.49229712133633,-0.0024868570133695896,48.41176561733261,0.002453218844755245,51.10175989466125,42.49229712133633,-0.053294757642463275,42.11874196372708,,
2025-04-21,KMGZ,14650.0,1210.0,-0.6556903105976427,-1.4376330633195398,-0.31034482544589775,1.0,-0.009095670133810064,-0.08733586021918306,48.69026178590605,0.00809613196814562,55.1667315049453,-0.0018856140636004121,49.79733603115071,48.69026178590605,0.30263306652581395,93.50602967894875,,
2025-04-21,KZAP,16561.11,2610.0,-4.325202736578379,-0.49226291098198993,-0.008553846127523045,1.0,0.22220687134828288,4.077342918234204,92.02982127052421,0.041449304122730866,74.2951087398323,0.1333327108494654,83.454605561674,92.02982127052421,0.36585236591643794,96.07345001947698,,
2025-04-21,KZTK,49998.89,310.0,5.147023903238324,-0.9968139938157609,0.9995488470611148,1.0,-0.2306344901386176,-4.076215603458215,7.975141412687425,0.016555771171453314,60.44412228469217,-0.32755319248452397,1.9360216992246548,7.975141412687425,-0.24662756794764334,12.572245290127931,,
2025-04-21,KZTO,814.0,17490.0,1.1280995428937017,-0.8221087479398844,0.2727272479338866,1.0,-0.023565989040989038,-0.3478787391864106,44.80068180471132,-0.0031543816543816655,47.98505064030107,0.06793266838266838,69.66960548002301,44.80068180471132,-0.04391916364416364,44.04660794883352,,
2025-04-22,AIRA,725.0,27120.0,-3.36050213156466,-0.3404671193488452,0.22898995921434556,0.0,0.00208370279146141,0.11395244763928875,51.70862116484851,-0.007283962780514504,45.354117184303924,0.028221469622331706,58.75867865358405,51.70862116484851,-0.01588305966064587,49.89647784772117,,
2025-04-22,KCEL,3338.0,5390.0,-1.5674016420186374,0.601039515124616,-0.41605838982212373,0.0,-0.04170661145824421,-0.6745066470554099,40.018268266550216,-0.011192766317631544,42.88728127211611,-0.015540692316471224,45.702148566909244,40.018268266550216,-0.00543947378432099,52.08494323426077,,
2025-04-22,KEGC,1466.0,5580.0,-0.3752567017242421,-0.36025165845448015,-0.0345937220761335,1.0,-0.030215775027609942,-0.4676103357451145,43.031496970218,0.002549739058879515,51.63449660031646,-0.036336407782758394,39.59296398285825,43.031496970218,-0.05119660343446161,42.548310337645844,,
2025-04-22,KMGZ,14648.0,2850.0,-1.0616251930649518,-0.42055438543641027,0.6613577402965352,1.0,-0.009935826766534032,-0.10246315833040272,48.463536520582466,0.018734088406890153,61.7695296166138,0.0007827683285220165,50.599637274427735,48.463536520582466,0.31546461167026435,94.12968894380909,,
2025-04-22,KZAP,16100.0,6490.0,-6.6336884887553795,0.41864833036891524,-0.9298245597722377,1.0,0.2638785196687371,4.827654731979685,94.76777515714633,0.08971111111111112,90.86307319752711,0.22226030020703924,93.629976726469,94.76777515714633,0.4141190821256039,97.34585947781997,,
2025-04-22,KZTK,49605.03,380.0,4.295942767110236,-0.4314335625652832,-0.9820931401989204,1.0,-0.1910689062386559,-3.3638241763279426,11.72954578043286,0.012900728028128255,58.18624305174181,-0.311642808732588,2.3347817067998102,11.72954578043286,-0.24650437457221,12.58360605349435,,
2025-04-22,KZTO,814.0,9790.0,1.1176638671756631,-1.4023720153229189,-0.32269095522337266,1.0,-0.017377451152451154,-0.23645206722291312,46.45915601333841,0.002382223782223782,51.52737987288266,0.09121713174213181,75.24387129759043,46.45915601333841,-0.04512901407901408,43.79669161614935,,
2025-04-23,AIRA,720.0,33740.0,-3.7276621227635873,0.07235390402561473,-0.8243366125949978,0.0,0.0077095238095237426,0.21524721619294565,53.224228001757254,-0.010002380952381016,43.63537353907811,0.02554920634920638,57.97770536873428,53.224228001757254,-0.01022182539682533,51.08328210828569,,
2025-04-23,KCEL,3315.03,302560.0,-2.2359320388777593,4.104982775960408,-0.2937636163353316,0.0,-0.039701107089744135,-0.6383968774434126,40.5394347389638,0.0019917280752899287,51.27762672981463,-0.008956424695862216,47.672960926941684,40.5394347389638,-0.003988733237780144,52.38850599549922,,
2025-04-23,KEGC,1467.0,3640.0,-0.2965977542867322,-0.7874547856598748,0.272871895555146,1.0,-0.03289707128250073,-0.5158879618357674,42.322878677241796,0.006415904664524298,54.100522388835415,-0.04176120605706495,38.04356679039492,42.322878677241796,-0.052189275976239236,42.34492982364656,,
2025-04-23,KMGZ,14665.01,6760.0,-1.0126260074334548,0.6384562559011157,0.2254656846175394,1.0,-0.0027628559967861448,0.02668855332750059,50.40031974577007,0.01766974090433785,61.12397497356782,-0.00017602220691314945,50.31137218372146,50.40031974577007,0.3193634229255419,94.30778322125606,,
2025-04-23,KZAP,16847.0,6220.0,-1.7017608546166338,0.26857296806585546,0.8872721403429955,1.0,0.2279305893800507,4.180400354905733,92.47174743510014,0.04647907717072709,76.67666483011905,0.17402363387669229,89.16390946730426,92.47174743510014,0.3522776552228695,95.62071947667934,,
2025-04-23,KZTK,49902.0,1250.0,3.8315544757066484,1.0328167543468663,-0.5571327178444764,1.0,-0.2190149912399732,-3.8670026818475245,8.946363491780678,0.010577280183445257,56.73225341945668,-0.3129590114242964,2.298955498050126,8.946363491780678,-0.250325879342559,12.235261751336784,,
2025-04-23,KZTO,812.0,13670.0,0.8772976742717646,-1.0268415656194343,-0.1999999583333515,1.0,-0.01749839901477833,-0.23862977349585643,46.42665574645875,0.017796264367816103,61.2009243491338,0.09005830596606455,74.98333921822675,46.42665574645875,-0.04414423918992891,44.00009131034911,,
2025-04-24,AIRA,721.91,62770.0,-2.988892331604429,0.7240475669266186,0.15166665402777355,0.0,0.0050076952882707505,0.16659989985399584,52.496919744292846,-0.003012558813887165,48.075688377144985,0.02856208510910107,58.85791668172581,52.496919744292846,0.0013023412044284588,53.49398502407177,,
2025-04-24,KCEL,3320.0,260.0,-1.5570636917513012,-2.844235454713947,-0.6213145625827796,0.0,-0.033625879709313376,-0.5290103986635513,42.130799696432646,-0.002205909351692484,48.59143422028336,-0.01641841174220692,45.440306452793614,42.130799696432646,-0.005819454006502196,52.005407235783686,,
2025-04-24,KEGC,1471.0,7170.0,-0.015284840423142028,-0.1095355907593987,0.4336916785498971,1.0,-0.04033615589222318,-0.6498311412176888,40.37416905296218,0.005048192030041113,53.22979717957303,-0.042336973821933035,37.88047978147751,40.37416905296218,-0.05032519962664424,42.72705343171712,,
2025-04-24,KMGZ,14665.0,320.0,-1.1165863662028794,-2.4119782509991783,-0.999999992394859,1.0,0.0076161429329090445,0.21356586261741342,53.19911175585471,0.02416630298897602,64.99593291582542,-0.05838303121566845,33.456407513791696,53.19911175585471,0.31256659753002236,93.9939389215542,,
2025-04-24,KZAP,17087.0,3540.0,-0.0475592537510478,-0.3542704951989407,0.20974811463459317,1.0,0.2054027894825826,3.7747798651477624,90.59253182641052,0.02924665340122114,67.89465145087902,0.14801089440965526,85.75065667550243,90.59253182641052,0.33922967444385926,95.13891233263136,,
2025-04-24,KZTK,50998.97,600.0,5.153899239597343,0.2988529247086899,0.9999999989118252,1.0,-0.2293370251353287,-4.0528543168490865,8.078619929497876,-0.012795209618472483,41.88540242535272,-0.33662090816588264,1.7394658238569949,8.078619929497876,-0.26717149522691414,10.79728754007946,,
2025-04-24,KZTO,814.0,10690.0,1.133192575630171,-1.1801586462613087,0.8533005248654166,1.0,-0.022254154479154478,-0.3242587239219565,45.15140348569403,0.015539124839124778,59.82011434781518,0.06551891989391989,69.05267627359729,45.15140348569403,-0.04887827405327411,43.02426577773482,,
2025-04-25,AIRA,716.55,8760.0,-2.455030841453867,-1.2452303564645464,-0.5593704493032371,0.0,0.028125271971184748,0.5828395157427577,58.65457273862616,0.008685871371087051,55.539885687670385,0.03359233546324824,60.31469476348522,58.65457273862616,0.006244704038198906,54.523536721059074,,
2025-04-25,KCEL,3356.9,2470.0,-0.4032356131982955,-0.35848814229859505,0.5593517220126851,0.0,-0.029552009518892003,-0.45565901817500065,43.20737172582899,-0.011715879458419478,42.55953753474995,-0.02143071146517928,43.95028512031515,43.20737172582899,-0.01746291919699152,49.565244261577476,,
2025-04-25,KEGC,1473.0,11720.0,0.1369101607511869,0.4652358198307062,0.503330113860141,1.0,-0.038923344809750106,-0.624393010294277,40.742132409980606,0.006737110044289271,54.30466824629203,-0.04058459088998804,38.37768167393688,40.742132409980606,-0.05590942440112502,41.58509693692724,,
2025-04-25,KMGZ,14739.0,630.0,-0.6336678701745313,-1.7345911685298236,0.09099533488026645,1.0,0.02554326075297476,0.5363495495828303,57.97652337310789,0.017586652434907063,61.07341180748664,-0.025573568827761788,42.726785322299776,57.97652337310789,0.31325080956257934,94.02625169058668,,
2025-04-25,KZAP,17494.0,6330.0,2.7570493843727286,0.2861032771370122,0.5759151818845478,1.0,0.19826044843492827,3.64617965176902,89.91402227980201,0.03542074910944524,71.23884165795407,0.0980912937950608,76.75161014458438,89.91402227980201,0.29888606556261466,93.31258087052494,,
2025-04-25,KZTK,51059.91,1230.0,5.2381494425606325,0.8324982191921915,0.8089806938929066,1.0,-0.21890805883272835,-3.8650773284799045,8.955778300520784,0.1336909882376641,96.84176015389403,-0.3432886586052494,1.6075718930185168,8.955778300520784,-0.2556498741667247,11.76382009491357,,
2025-04-25,KZTO,816.99,23910.0,1.5904400548573707,-0.052150137552832064,0.9244443759670846,1.0,-0.027124782360220062,-0.4119559902124249,43.85192957444189,0.041214481890260404,74.18012242317138,0.06278639917490395,68.3459988405297,43.85192957444189,-0.050559856870078856,42.678901446966236,,
2025-04-28,AIRA,717.0,5030.0,-2.114146822136413,-1.6250166498934404,-0.05191873198505075,0.0,0.025968431626485967,0.544004891814622,58.08838990100583,0.013139526466095473,58.33492209529128,0.0356673889220961,60.910505976222055,58.08838990100583,0.0001139054924619784,53.24594172560197,,
2025-04-28,KCEL,3308.55,420.0,-1.8365815792520808,-2.13009314094568,-0.8099999909999961,0.0,-0.014182924669920919,-0.17893356109776098,47.31857164528547,0.0051698208681546926,53.307317226970994,-0.011436178612987614,46.929532866960564,47.31857164528547,-0.009937078805922091,51.142954473051816,,
2025-04-28,KEGC,1472.0,8280.0,0.1133441885637839,0.11778275449763517,0.5211072303731985,1.0,-0.03893083160800552,-0.6245278125736341,40.74017971230629,0.00643610679779155,54.113366221803425,-0.037805641821946234,39.17111902816351,40.74017971230629,-0.05455590493443756,41.86110788965547,,
2025-04-28,KMGZ,14815.0,2370.0,-0.1815001811435203,-0.2908408507825741,-0.029126213487501402,1.0,0.05398419649218672,1.0484380063437886,65.22769254426083,0.0031686913735006887,52.030144371504896,-0.010714910483261817,47.14564264001343,65.22769254426083,0.301730543234281,93.45991610095452,,
2025-04-28,KZAP,17300.0,1330.0,2.033239083527155,-1.2740152010568626,0.9831432788526133,1.0,0.19988197311679975,3.675375740095838,90.0717777040571,0.03163115423433343,69.21065044950242,0.09316539361409304,75.6777672787595,90.0717777040571,0.2848773304890357,92.54106707093561,,
2025-04-28,KZTK,50984.99,700.0,4.9897733164178035,0.07410750116770554,0.9017724082390045,1.0,-0.21600086214862227,-3.812732290429279,9.215184956480499,0.15993945323799114,98.3618944864347,-0.3285621932471367,1.9131158875443255,9.215184956480499,-0.2495092803626017,12.308993612978814,,
2025-04-28,KZTO,814.01,8830.0,1.2005062346760462,-1.1682278032640336,0.0033333327777748385,1.0,-0.022444697878209397,-0.3276895208571463,45.10043056246381,0.04718549227096979,76.99855603089217,-0.030300756586586902,41.341588405004075,45.10043056246381,-0.04864273889131659,43.07269515772328,,
2025-04-29,AIRA,722.0,9440.0,-1.1112787010024905,-0.8643264186941271,0.8387621466806051,0.0,0.05208592863738294,1.0142590656366735,64.7611207894476,0.017658559776634566,61.11717213266763,0.0298213241436926,59.224163930696314,64.7611207894476,-0.018173544607131855,49.416265135899664,,
2025-04-29,KCEL,3311.14,200.0,-1.757516541985698,-2.692669171118986,-0.9108147340943009,1.0,-0.024920597991426825,-0.37226892146820817,44.43906669307486,0.013390846170469749,58.49123341884147,-0.009428142489360782,47.53145077369795,44.43906669307486,-0.004880581025131926,52.201909198167684,,
2025-04-29,KEGC,1474.35,5120.0,0.27942480620465404,-0.42990234701331476,0.9478622577828716,1.0,-0.029369517196439952,-0.45237318353748734,43.25575606269582,0.006887345230424384,54.400102801919246,-0.036378598034323376,39.58082841041801,43.25575606269582,-0.05680760016116862,41.40222986492201,,
2025-04-29,KMGZ,14968.5,290.0,0.9191041270736581,-2.2566999205361897,0.9999999932203391,1.0,0.06372091427712481,1.2237508311441194,67.57373213370946,-0.012503441552657407,42.067349233071894,-0.026535015397413937,42.444054897563,67.57373213370946,0.2831744463770744,92.44188674322841,,
2025-04-29,KZAP,17595.0,830.0,3.8839285372297834,-1.7455217208197156,0.9807692288831361,1.0,0.22759828380627614,4.1744170831172225,92.44671774673468,0.048204334632403686,77.45729932855198,0.08957563532659445,74.87428570574941,92.44671774673468,0.2510902579872529,90.33382062680182,,
2025-04-29,KZTK,50401.03,300.0,3.7416123741372718,-0.8472896376145791,-0.9999999974935458,1.0,-0.2110282092990201,-3.7231980308286023,9.674564980798056,0.11789157462505434,95.34049281309802,-0.32459561770096923,2.004722814694848,9.674564980798056,-0.23756280582712264,13.43191170034817,,
2025-04-29,KZTO,818.5,432980.0,1.623172584522389,3.0405565943565316,0.2867331973276457,1.0,-0.03137953500887221,-0.4885642192006125,42.72356768006136,0.04135453088789983,74.24874109637038,-0.027123504329445075,42.27124170285252,42.72356768006136,-0.051751444522015695,42.43460196487247,,
2025-04-30,AIRA,715.05,32180.0,-1.8162882468356967,0.608286776477997,-0.5444443839506341,0.0,0.055494416474372484,1.075630016731155,65.59681532495512,0.05135147716942878,78.8330780154108,0.03442046710020285,60.552854453415506,65.59681532495512,-0.0068396598139989565,51.79181250585076,,
2025-04-30,KCEL,3332.0,51920.0,-0.9377435053576716,2.98270339046682,-0.4168142471422655,1.0,-0.015450106709350432,-0.20174959292444952,46.97744600631913,0.0007843237294918618,50.505046682342545,-0.030165572895824996,41.38102218028076,46.97744600631913,-0.024529555155395486,48.08453088526238,,
2025-04-30,KEGC,1481.0,69660.0,0.8311885476536919,2.247564272656796,0.777406745831567,1.0,-0.03206073813275029,-0.5008295068003634,42.54358197993512,0.0036387085624256387,52.33042221708833,-0.03939904075967546,38.715447098286916,42.54358197993512,-0.061217559188879236,40.50789271010199,,
2025-04-30,KMGZ,14970.0,9620.0,0.9309516735692018,1.3044921093856574,0.9516263545023966,1.0,0.05024792601075166,0.9811652202996325,64.30666105762135,-0.01414228218341445,41.04829794206776,-0.034434815663072174,40.14124652848332,64.30666105762135,0.27903395441677004,92.19566401161627,,
2025-04-30,KZAP,17682.72,4290.0,4.5780141896056135,0.03679936659496439,0.5514666648284522,1.0,0.24256184980375775,4.443841039120416,93.50088339432978,0.04654463246766168,76.70666782300559,0.1123902957829801,79.67842715638758,93.50088339432978,0.22223943393539533,88.00513134711704,,
2025-04-30,KZTK,50585.89,510.0,3.2062422206204344,-0.2425613187403589,0.9999999979752576,1.0,-0.21020840870357263,-3.708437249902692,9.752234937618725,0.10390763074328582,93.4655735261816,-0.31806196327373515,2.165064173088166,9.752234937618725,-0.23430382832372224,13.752909668644604,,
2025-04-30,KZTO,828.99,23650.0,2.1810757225541355,-0.18302568854824083,0.5516542503947234,1.0,-0.04400900846641268,-0.7159620668620968,39.42272872417996,0.031307197700127305,69.03362011456822,-0.039584984998957434,38.66239851208025,39.42272872417996,-0.06425528513182134,39.89545030916172,,
2025-05-02,AIRA,721.98,39600.0,-0.3432184636707171,0.8157706231483797,0.28383231833339384,0.0,0.01799789398598297,0.4004927247992126,55.97865025492577,0.049697224299842094,78.11769915082047,0.02440656735643643,57.64252008606788,55.97865025492577,-0.015495003324191865,49.97784030567512,,
2025-05-02,KCEL,3323.0,580.0,-1.1580255243413193,-1.5116450646008803,-0.6314423199317021,1.0,-0.012836640132028333,-0.15469326261770622,47.68126544169918,-0.0045904441865019935,47.068124386856105,-0.03048625059111818,41.28749692994858,47.68126544169918,-0.020573649145684953,48.913187124999716,,
2025-05-02,KEGC,1483.0,46390.0,0.8344044430971271,1.7740237282324336,0.49874674216873743,1.0,-0.033793744715238244,-0.5320328636280115,42.086592027200375,0.0035597844352396554,52.28001147707065,-0.04135311386186302,38.15932333254738,42.086592027200375,-0.06253810781449014,40.24127885949949,,
2025-05-02,KMGZ,15065.0,1600.0,1.536363867691225,-0.4893448426136841,0.17244748362755474,1.0,0.0752498167991613,1.431332535023064,70.24097788744501,-0.01771925834610866,38.851661787040875,-0.0303570681807406,41.32516529696319,70.24097788744501,0.294955936313014,93.1039394746622,,
2025-05-02,KZAP,17639.87,2760.0,4.393739599333898,-0.37729374217730594,0.805371611934762,1.0,0.26660249832155575,4.8767008687651385,94.91178365473009,0.04762883201880134,77.19897472738889,0.1217267867721572,81.43622289838338,94.91178365473009,0.26482054918614617,91.29366399007243,,
2025-05-02,KZTK,50505.01,860.0,2.8696163840925175,0.43796379975787686,-0.2374654680215114,1.0,-0.21081271727056358,-3.719318025567578,9.694927559397732,0.0907360042533325,91.07860277907234,-0.2845895586461904,3.2038578527028463,9.694927559397732,-0.22601120359423532,14.598831163937293,,
2025-05-02,KZTO,829.18,12400.0,2.1210167977501397,-0.6511465855079929,0.7822704848723815,1.0,-0.04698003863637313,-0.7694564479428035,38.65888108586065,0.03404131842627472,70.50981224685306,-0.03857545070344878,38.95073203104026,38.65888108586065,-0.06809189567470936,39.12645902148025,,
2025-05-05,AIRA,725.0,20290.0,0.16120443535957568,-0.09915586539924984,-0.39660335698268473,0.0,0.018931814449917844,0.4173082717101575,56.22712511380343,0.05895666392993979,81.90036311688057,0.02080411877394635,56.5812920155437,56.22712511380343,-0.007140530925013731,51.7288079632913,,
2025-05-05,KCEL,3328.0,50500.0,-1.008155421684902,2.9549718014505717,-0.47312958518811504,1.0,-0.0202267399267399,-0.28775445420029305,45.69437339274176,-0.007021556394993961,45.52068072530624,-0.024601335470085445,43.013171736743224,45.69437339274176,-0.02392585088522586,48.21093396652486,,
2025-05-05,KEGC,1487.5,55110.0,1.0599793905803048,1.862228799568773,0.9756096073766062,1.0,-0.034443207282913224,-0.543726652012975,41.91567453278049,0.0018490429505136122,51.186351638668505,-0.03754731559290382,39.24517424469263,41.91567453278049,-0.065541690009337,39.63703332320455,,
2025-05-05,KMGZ,15044.0,5000.0,1.7116200764857752,0.9238174564707483,0.9884951622843122,1.0,0.10149716482445154,1.9039247193163324,75.81117265309783,-0.019330062821015997,37.876490224119266,-0.029886585275783625,41.462439190805796,75.81117265309783,0.2872573722372046,92.67768236014524,,
2025-05-05,KZAP,18168.0,5750.0,7.502043662026674,0.35667462709429637,0.9135135122790358,1.0,0.2295294882682267,4.209189058332041,92.59111639892464,0.018739305634186743,61.772683998730294,0.11810686555115221,80.76901042928849,92.59111639892464,0.24338971399215786,89.75502617208964,,
2025-05-05,KZTK,58044.79,7970.0,8.934568467883182,2.5064663208921862,0.99883716420029,1.0,-0.3183692343412323,-5.655908697068057,3.249780269850083,-0.03415367498188189,29.435441335708312,-0.3342166197091552,1.789586846710417,3.249780269850083,-0.3292265165114952,6.710387409879337,,
2025-05-05,KZTO,853.2,134640.0,5.043475936274211,1.878768945942296,0.8795986327893464,1.0,-0.07316195666733644,-1.240870543542789,32.20160281559201,0.007201809992632724,54.59975625826582,-0.06363568917018289,32.06494382152468,32.20160281559201,-0.09306892706449674,34.2657443859952,,
2025-05-06,AIRA,728.65,77030.0,0.7470999369963619,1.320603425417161,0.44550895535874346,1.0,-0.039202089453315964,-0.6294118998154548,40.66945034205901,0.04264473874821783,74.87526919524402,0.0026065134315580683,51.14782929016638,40.66945034205901,-0.009759329413276768,51.18020253778893,,
2025-05-06,KCEL,3335.94,440.0,-0.7228767983901472,-2.1792857417963503,0.9924999379687607,1.0,-0.023941501281711977,-0.35463996130687486,44.70038141910593,-0.007238883193342801,45.38272434605278,-0.03546764512294248,39.84313719201958,44.70038141910593,-0.037692078715872775,45.33743219447868,,
2025-05-06,KEGC,1486.05,47260.0,0.8469212649413675,1.5254621198914693,-0.5550846281600582,1.0,-0.034394569296040435,-0.5428509089690039,41.92846780954156,0.00021986698518446784,50.143763338616154,-0.037915562949718054,39.13962267284688,41.92846780954156,-0.06451391820918667,39.84344957272807,,
2025-05-06,KMGZ,14908.0,1800.0,0.7015369395673077,-0.09783206835365821,-0.5707102063918308,1.0,0.10831091701057491,2.0266085815400654,77.13527112362448,-0.010355543630563754,43.41311177970258,-0.021891622586786258,43.81377303171641,77.13527112362448,0.28729157062789346,92.67962846525691,,
2025-05-06,KZAP,17901.0,2080.0,5.443849403993283,-0.7492355366445294,-0.32891841967839164,1.0,0.24670284880333898,4.518401096025316,93.76749929832498,0.03593698676051617,71.50889314549818,0.14048487614418986,84.60845384629886,93.76749929832498,0.2682804154995332,91.52155253485127,,
2025-05-06,KZTK,59298.0,8100.0,8.934568467883182,2.340324085118526,-0.514585799107596,1.0,-0.3322545976416132,-5.9059192568209795,2.8098137165747827,-0.04208375774337527,25.400488250708264,-0.32070405711105654,2.098767658914791,2.8098137165747827,-0.350858602514499,5.660042330878418,,
2025-05-06,KZTO,854.95,205400.0,4.547903678311842,2.301123361280569,0.799042985737523,1.0,-0.07695819942593882,-1.3092231502772578,31.312843332889408,0.006304644196216749,54.02977702888098,-0.059698116918561146,33.10520209658284,31.312843332889408,-0.09396497820349659,34.09667712495339,,
2025-05-08,AIRA,737.0,53540.0,1.643254207471492,0.9568376850429294,0.15972587455319417,1.0,-0.04717854181473585,-0.7730305633376695,38.6080399766355,0.025009290129439407,65.4853767865911,-0.01033564052034208,47.25932475811982,38.6080399766355,-0.021258144881652345,48.76974811308257,,
2025-05-08,KCEL,3365.8,520.0,0.16449777773084945,-2.0122497696639345,0.7535027130491097,1.0,-0.03302060726146387,-0.5181122680049371,42.290304006563865,-0.015388739439761538,40.27829807273955,-0.04883885019434523,36.058548216583084,42.290304006563865,-0.025173887502393473,47.94964821746067,,
2025-05-08,KEGC,1489.1,38390.0,0.9554390224343986,1.3175949472809305,0.5721648747209996,1.0,-0.0363983951369368,-0.5789304561362091,41.402317907877965,-0.0024937156565220065,48.40737994664385,-0.0418980223219948,38.004788792384616,41.402317907877965,-0.06784087946485194,39.17661124558066,,
2025-05-08,KMGZ,14828.0,2009.9999999999998,0.2112225921983263,0.16750617166928572,-0.6190476148364108,1.0,0.15291059974479856,2.829640623552259,84.52451398564219,-0.002308974227223485,48.52551881428588,-0.008301006568439802,47.869640706836485,84.52451398564219,0.350029133321344,95.5410702870022,,
2025-05-08,KZAP,18498.0,4440.0,8.934568467883182,0.09812936894704426,0.582446807736108,1.0,0.20863732694396828,3.8330187821835633,90.88614071849088,0.0023958556652199214,51.53609724373575,0.12230350063584737,81.54085434424478,90.88614071849088,0.22657796428442709,88.38394396346365,,
2025-05-08,KZTK,56499.99,5270.0,3.7259083967371827,1.910490125460017,-0.7046345917464585,1.0,-0.30172523835318166,-5.356228043168003,3.8652041623344733,0.03405184110609916,70.51541403769306,-0.30675954982364556,2.472523109240954,3.8652041623344733,-0.31677320060735115,7.394513303645834,,
2025-05-08,KZTO,854.9,27870.0,3.5410810288742858,0.30371640813751033,0.07188352394144122,1.0,-0.07338204296613172,-1.2448332701611302,32.149715843533166,-0.003586144949655275,47.7091986345267,-0.06210631267557514,32.46694489139268,32.149715843533166,-0.09726662215203855,33.47723066900022,,
2025-05-12,AIRA,754.0,92160.0,3.8204001944249626,1.4142411259831633,0.8899388054508715,1.0,-0.02792064334133304,-0.42628573046258517,43.64034649655799,-0.008431230263988884,44.627153301351086,-0.03294626121005438,40.57217422041164,43.64034649655799,-0.030934900635762708,46.74521255678135,,
2025-05-12,KCEL,3345.01,463920.0,-0.4550209089668658,4.104982775960408,-0.37297800101270556,1.0,-0.023273798863533514,-0.34261775837952335,44.878755947885004,-0.012067867780593246,42.33937345329233,-0.03538098144343223,39.86812265060512,44.878755947885004,-0.025424638098692744,47.8971647841941,,
2025-05-12,KEGC,1491.01,8390.0,0.9605560829197424,-0.2031591933069201,0.2769830589098875,1.0,-0.03931544289302989,-0.6314528659968741,40.63990533761291,-0.003132897339323514,47.99878024044963,-0.04785533269075195,36.33172897419544,40.63990533761291,-0.06861057085997845,39.02290223134391,,
2025-05-12,KMGZ,14805.0,1780.0,0.1026941341508682,0.04598503572708294,-0.9497487389459862,1.0,0.08448828098615332,1.5976741389610647,72.28423124666541,-0.0007627997298210211,49.51478903863046,0.003521394799054372,51.42273399951187,72.28423124666541,0.3309150371496116,94.80607416532696,,
2025-05-12,KZAP,18560.93,4970.0,8.922140161730335,0.2108947328380541,0.2634776527113167,1.0,0.20168001901143104,3.7077501512548086,90.24413609541197,0.003934878123281711,52.519549673679045,0.11381591255061546,79.95464480952809,90.24413609541197,0.23286493545958317,88.91441689866906,,
2025-05-12,KZTK,55999.99,1930.0,1.8081797651678368,0.9059800880043732,0.3310992044554809,1.0,-0.31314054864301183,-5.561764481327706,3.4321509755041113,0.046873997023843046,76.85700260726047,-0.2942093954612866,2.8638368667700034,3.4321509755041113,-0.31098161604766666,7.734082555282762,,
2025-05-12,KZTO,857.53,15350.0,3.764435122968351,-0.4377280648812882,0.4153845662266753,1.0,-0.07571662536124882,-1.2868681985073358,31.60204875514736,-0.006076524575289018,46.121348079956,-0.06722001615381494,31.133222713182768,31.60204875514736,-0.10189900236263655,32.617661289978194,,
2025-05-13,AIRA,760.11,101470.0,3.958750832518644,1.5104780062498844,0.13999999391304493,1.0,-0.046315671588260096,-0.7574942994568808,38.82921973556968,-0.0076287138578312996,45.135443584507726,-0.02626102393701164,42.5245774245875,38.82921973556968,-0.022235785766596485,48.56491499540826,,
2025-05-13,KCEL,3318.1,11120.0,-1.1154560061463445,1.0001888060201778,-0.9952380715419551,1.0,-0.013725164513732496,-0.1706914380502413,47.44186402073269,0.005881816018251055,53.76077447331748,-0.012390714374214006,46.64370862012078,47.44186402073269,-0.017222242385798305,49.61570285488517,,
2025-05-13,KEGC,1492.9,19740.0,0.9545426018161767,0.8291407459936603,0.26086950850669305,1.0,-0.04356897587735393,-0.7080391345253471,39.536311163950884,-0.0037322185859630366,47.61590350249366,-0.04638519521502313,36.74171791934288,39.536311163950884,-0.07097647313686906,38.55180120110142,,
2025-05-13,KMGZ,14845.0,3460.0,0.23432550889634746,0.7165392700921207,0.08745247115037083,1.0,0.0926314713681588,1.7442949757038788,74.01170448832208,0.0019228410506450253,51.233561007930675,0.02368434404187181,57.4302954473587,74.01170448832208,0.3233202491887065,94.48332788151437,,
2025-05-13,KZAP,18535.0,2140.0,8.08101614750608,-0.7128113481702553,0.42124541970239776,1.0,0.20079774632719735,3.691864539703404,90.15989855251381,-0.005137997396602714,46.71899825050837,0.13551553902740848,83.81393274581852,90.15989855251381,0.23917724917680405,89.4255735113703,,
2025-05-13,KZTK,55245.0,1650.0,-0.055478340534848035,0.7492354916067933,-0.25533117391510984,1.0,-0.29899493479263367,-5.3070680243264885,3.9763094795814355,0.05124659654612139,78.78823497889849,-0.27388908929487266,3.6279289585643912,3.9763094795814355,-0.2877282686646928,9.245512919540227,,
2025-05-13,KZTO,859.99,14830.0,3.833017871093731,-0.32718048739331906,0.9919996032001659,1.0,-0.0719944295079474,-1.2198488307988677,32.477588492691524,0.0044404903840705315,52.84225279394567,-0.07110052839300272,30.141471164627987,32.477588492691524,-0.09818265695042228,33.30635949182552,,
2025-05-14,AIRA,770.0,30910.0,4.697122153182847,0.19063791993936782,0.8666666088888928,1.0,-0.06273069985569979,-1.0530523138006669,34.70953921276088,-0.029049855699855746,32.220573769260064,-0.04033217893217898,38.44950163657831,34.70953921276088,-0.04148113275613276,44.55113212419483,,
2025-05-14,KCEL,3314.99,73230.0,-0.899941802189093,2.8850460851075894,-0.14914893458352663,1.0,-0.01308305660214822,-0.15913007268124432,47.61486055677027,-0.01307954233815346,41.70830436288801,-0.010539258673815274,47.19828878386096,47.61486055677027,-0.02257598865724738,48.493647405610375,,
2025-05-14,KEGC,1494.88,16140.0,1.0359819568716622,0.4510996151982934,0.945945732895155,0.0,-0.04318079722702174,-0.7010498495095908,39.63660281050001,-0.0063989433562858175,45.916281454399986,-0.04832963240453347,36.19987662540864,39.63660281050001,-0.07245164196436008,38.25913982898735,,
2025-05-14,KMGZ,14800.02,1990.0,-0.0907776909879822,0.16340587782827207,-0.9991489149117067,1.0,0.08919128517426067,1.6823532852068677,73.29050552739376,-0.0065075029403113705,45.84726553330154,0.06066461522799743,67.7913440414043,73.29050552739376,0.3259792902966476,94.59841922474077,,
2025-05-14,KZAP,18565.0,570.0,7.891835095055087,-1.9546377766805505,-0.2192455537046717,1.0,0.18806104623822786,3.4625360410705293,88.86991258277448,0.012223690038004609,57.76390927902344,0.1224540862435288,81.56809940227696,88.86991258277448,0.2325948585835268,88.89207135294528,,
2025-05-14,KZTK,56243.0,1320.0,1.175308670679387,0.5260921945871698,0.9645145387064985,1.0,-0.31965850801468343,-5.679122496073616,3.206271409220074,0.035223661512445006,71.13534061425756,-0.2854342640170529,3.1725005619482993,3.206271409220074,-0.3017253282242672,8.30653599454524,,
2025-05-14,KZTO,862.0,31100.0,3.9210223512101954,0.6387061215032603,0.9999999375000038,1.0,-0.07883474662099951,-1.3430110033201115,30.87848025304025,0.00035250064449600426,50.228658916559176,-0.07230590358339775,29.837091537293492,30.87848025304025,-0.10387212923065589,32.25501214437099,,
2025-05-15,AIRA,761.99,37450.0,3.3889699732703367,0.25519349856678714,-0.45636359487603523,1.0,-0.05392041234136932,-0.8944201725025325,36.89667314220666,-0.017523498516936787,38.970801651126244,0.0014986116917753024,50.8148341665004,36.89667314220666,-0.04279774553346845,44.27852706179976,,
2025-05-15,KCEL,3322.17,340.0,-0.6345617924095744,-2.853475959039239,0.4092026622900893,1.0,-0.018521070565323317,-0.25704331308168266,46.15197459896405,-0.007997294797419502,44.901862671377145,-0.02261877622801616,43.59859665375153,46.15197459896405,-0.023275571023070638,48.34711457885231,,
2025-05-15,KEGC,1491.0,7540.0,0.7252333021029489,-0.4419264068813777,-0.8018016212158289,0.0,-0.043650905432595574,-0.709514303271253,39.51515468012876,-0.003804381846635361,47.569819963982155,-0.03481491728146652,40.03145031892118,39.51515468012876,-0.07006093226022804,38.73385569993295,,
2025-05-15,KMGZ,14800.0,4150.0,-0.1032655390040785,0.8408918739277509,0.35616438112216176,1.0,0.10210810810810811,1.9149249552496679,75.93199867649463,0.00025139425139425204,50.163943267959496,0.08164352209352208,73.03733041174247,75.93199867649463,0.3212613256113256,94.39262929278972,,
2025-05-15,KZAP,18600.0,2710.0,7.45283863840829,-0.29777818564966724,-0.8383371805119234,1.0,0.19590860215053765,3.603833881385238,89.68126147866259,-0.0012447260624680835,49.20636679509851,0.16586680747567842,88.17898785233929,89.68126147866259,0.2468788786482335,90.02099295086693,,
2025-05-15,KZTK,56987.0,10560.0,2.290993264342461,2.4404531373692695,0.24607006618157035,1.0,-0.31993716988085,-5.684139895160336,3.1969417514660705,-0.30121268788398137,0.044725062305617236,-0.2987525973272657,2.7156849312105713,3.1969417514660705,-0.3108832151777306,7.739973576468861,,
2025-05-15,KZTO,863.0,12570.0,3.9211494026876728,-0.4925189221451493,0.5873014319308496,0.0,-0.0828684820393974,-1.41563974396107,29.956212578089335,-0.0008210745093711379,49.47749203354282,-0.0766815671614339,28.747182401368633,29.956212578089335,-0.10203719306958009,32.592194144968595,,
2025-05-16,AIRA,757.73,48270.0,2.5932337901804807,0.508996829354054,0.01708278505988614,1.0,-0.05217329571365933,-0.8629627596428032,37.33720387569312,-0.0030745917002727293,48.03604210837974,0.0006159420661000798,50.54948246385207,37.33720387569312,-0.04183695782348237,44.47742540380194,,
2025-05-16,KCEL,3324.5,510.0,-0.26502169896694294,-2.081801243455753,0.920529725121708,1.0,-0.01562599095937574,-0.20491644703184939,46.93011951809334,-0.0029769823962070914,48.09842696518204,-0.007568469957291612,48.08954033069799,46.93011951809334,-0.022491002167649,48.511450284455904,,
2025-05-16,KEGC,1490.03,10380.0,0.6432827045492981,-0.12226853202505635,0.16162487799265224,0.0,-0.04535249773121642,-0.7401520355254599,39.07665460536088,-0.0004965614386798368,49.685193022927464,-0.03242052761747951,40.72472236547112,39.07665460536088,-0.06981347328524004,38.7831170083759,,
2025-05-16,KMGZ,14840.0,680.0,0.07069750850511079,-0.9678757342150787,0.9857142786734695,0.0,0.10119599430967355,1.898502044565096,75.7514584936514,-0.004812017070979335,46.92681050353587,0.06522941749026655,68.97821866098934,75.7514584936514,0.30387002845163213,93.56873966822681,,
2025-05-16,KZAP,18600.0,2120.0,6.944026769988351,-0.5433103603769476,0.19996799792004993,1.0,0.19651944444444444,3.6148322989647195,89.74216921342378,0.017679070660522274,61.12965106825102,0.1859870327700973,90.47781726095458,89.74216921342378,0.2616832693292371,91.0822477010063,,
2025-05-16,KZTK,58600.1,11220.0,4.2989236822930526,2.5010772719017758,-0.24453473401575723,1.0,-0.3273552844382707,-5.8177055018132915,2.9580206938217612,-0.4181625088787838,0.0022403841174301053,-0.31514025438103294,2.2407621004489284,2.9580206938217612,-0.33511853527702684,6.407587053773112,,
2025-05-16,KZTO,854.5,13000.0,2.688974110639688,-0.2335498638244592,-0.41666663194444736,0.0,-0.07350688674338467,-1.2470811236711512,32.12030256360717,0.02671463192064421,66.46545627171399,-0.0674842168445299,31.065134382105324,32.12030256360717,-0.09491053828006721,33.918706259718356,,
2025-05-19,AIRA,750.0,62280.0,1.3730439710053588,0.6802246661067062,-0.6028083648136018,1.0,-0.04620277777777772,-0.7554616090518292,38.85819212338971,0.0035184126984127108,52.25358449055256,-0.015101904761904756,45.833138109245134,38.85819212338971,-0.04122833333333329,44.60351237478373,,
2025-05-19,KCEL,3315.1,40500.0,-0.5460517833492545,2.2927456985612347,0.6704870900074681,1.0,-0.00854515860088012,-0.0774237179495977,48.838853035745245,0.00135966474711915,50.87324203982304,-0.004814185738848618,48.91693936164941,48.838853035745245,-0.01987089655415124,49.06047053922474,,
2025-05-19,KEGC,1491.0,23050.0,0.5602865483430366,0.7352343778383192,0.21836503713717745,0.0,-0.045967767717415606,-0.7512301751694268,38.918528928749595,-0.04270567851553767,25.09994735319846,-0.03345171026156936,40.42568323871608,38.918528928749595,-0.06969344399731724,38.8070193368865,,
2025-05-19,KMGZ,14839.99,2070.0,0.04923037482328072,0.1453327946901387,0.9998496165424808,0.0,0.09871459678469387,1.8538236612366115,75.25565731827619,-0.00232562089819573,48.514872868213416,0.09746031697364449,76.61592264899868,75.25565731827619,0.2966733842194862,93.19584619762864,,
2025-05-19,KZAP,18691.99,3470.0,7.030180968923277,0.0967520389485149,0.6981754361467641,1.0,0.19006961426466026,3.4987009728571117,89.08274005845868,0.06095777361539711,82.64748204737812,0.19989039541230522,91.82421661949694,89.08274005845868,0.25155063506257663,90.3674820622388,,
2025-05-19,KZTK,58800.0,9670.0,3.507867537930297,2.2250090734435073,-0.6170533598704194,1.0,-0.3331123015873016,-5.921362500107093,2.784620028452256,-0.4113323696145125,0.0026685033072515463,-0.31913605442176873,2.137869116261265,2.784620028452256,-0.337060544217687,6.310604335318532,,
2025-05-19,KZTO,855.0,27560.0,2.5806447681359272,0.6023315643974517,0.9999997500000625,0.0,-0.07541681286549715,-1.2814699753379255,31.672100492315835,0.04826858813700924,77.48601151905726,-0.07069465329991645,30.244358562635004,31.672100492315835,-0.09381242690058479,34.12543214396623,,
2025-05-20,AIRA,756.69,86020.0,2.1614161175917985,0.9592843890019422,0.9499582193529502,1.0,-0.056381003386302184,-0.9387239282746137,36.27994227140595,-0.014820554369311498,40.628725033873295,-0.01889838408066724,44.70188694726966,36.27994227140595,-0.04767843864474923,43.27110627702198,,
2025-05-20,KCEL,3348.0,970.0,0.4901504333539948,-1.4389630113185627,0.9999999852941179,1.0,-0.0179581071855266,-0.24690697118996463,46.30315409069622,-0.008851954258405903,44.361120445500305,-0.02057135603345278,44.20505099559742,46.30315409069622,-0.03256788701143546,46.40443727976663,,
2025-05-20,KEGC,1492.0,11850.0,0.5772525184352373,0.0101781865852076,0.9999997777778271,0.0,-0.04394174432954594,-0.7147509538256168,39.440083766622955,-0.04804426145793438,22.618586174511073,-0.031792292225201135,40.90724725281174,39.440083766622955,-0.07100888335673858,38.54536229123978,,
2025-05-20,KMGZ,14920.0,2580.0,0.5521927467461205,0.3085701985717224,0.7676252094791267,0.0,0.11484511894123153,2.1442590489338342,78.3563589229497,-0.007494663602706498,45.220449031934294,0.11642486595174271,80.45283024372719,78.3563589229497,0.2850326716030469,92.55005473814819,,
2025-05-20,KZAP,18497.77,3520.0,5.468919794305018,0.004270464772124264,0.38896040879708776,1.0,0.19573454141246074,3.60069986021372,89.66384719784756,0.07807331565089298,88.06986216794307,0.21289843709539039,92.92450647922674,89.66384719784756,0.2586163914794843,90.87111039710688,,
2025-05-20,KZTK,58249.0,9150.0,1.9876652150030938,1.9986402450519298,-0.3624053733208184,1.0,-0.3303853909475113,-5.8722635719262595,2.865487802760258,-0.40329947139905936,0.0032778282101963985,-0.3152048674655359,2.2390604184407303,2.865487802760258,-0.33410417312157686,6.458794035871179,,
2025-05-20,KZTO,866.5,28470.0,3.8815920025240542,0.5503493826469948,0.9999999200000065,0.0,-0.08494019500087016,-1.4529416211925417,29.488718065489184,0.030664559118511757,68.68078831430122,-0.08205367859203691,27.442106336240467,29.488718065489184,-0.10771208519953465,31.555365801726644,,
2025-05-21,AIRA,750.04,30220.0,1.0331823302800893,-0.16370100796940606,-0.40788696834097066,1.0,-0.05171187737712182,-0.854654769847906,37.45390420607072,-0.0005295037386365237,49.66410805389573,-0.06151724940807381,32.62247816242309,37.45390420607072,-0.04557765606998307,43.70409581538919,,
2025-05-21,KCEL,3282.0,530.0,-1.476183035280256,-1.6017841095377339,-0.9999999852897914,1.0,0.00798697077856133,0.22024274065494776,53.29884201188009,0.005097325962682453,53.261114552569126,-0.0019813891065261907,49.76853886708983,53.29884201188009,-0.008971507646324834,51.345277254000386,,
2025-05-21,KEGC,1489.99,12450.0,0.4141869554177349,0.05404481362850987,-0.5686955532703354,0.0,-0.04327256452237829,-0.7027021500207682,39.61288548397145,-0.044733671148533334,24.13646572842389,-0.03138305243233229,41.0262813604688,39.61288548397145,-0.07036847361658016,38.67266598378105,,
2025-05-21,KMGZ,14750.0,1820.0,-0.6582712589302967,-0.09431054934230014,0.7097914046394732,0.0,0.13415798762442824,2.491993638621398,81.68569106411921,-0.05390902609631423,20.098772065039988,0.12599541296744687,82.19986619907891,81.68569106411921,0.30354153214958296,93.55214117226409,,
2025-05-21,KZAP,18850.0,2330.0,6.9362175640208825,-0.4054645978083861,0.9999999976190477,1.0,0.17512005389246776,3.2295291927705625,87.41011743441062,0.04938999831586047,77.98294033782344,0.18861862026862025,90.74703121731514,87.41011743441062,0.2131585712180539,87.1776460013203,,
2025-05-21,KZTK,58400.0,16880.0,1.9242988797248544,2.5753681304132003,0.9999999976019185,1.0,-0.3319038106110024,-5.899603220288131,2.820181183602882,-0.41237594042183084,0.0025981496315441444,-0.3160879919547727,2.215928214350132,2.820181183602882,-0.3333553218090889,6.496841686538063,,
2025-05-21,KZTO,865.0,52570.0,3.5489389059310588,0.938310263696108,0.4306151029162924,0.0,-0.08192852555280297,-1.3987155164653142,30.16971250674415,0.011899536654738967,57.561297017338156,-0.08228400311955225,27.38698290123578,30.16971250674415,-0.11004522203871916,31.134285923560554,,
2025-05-22,AIRA,751.02,113790.0,1.0718201682082622,1.1621486309477569,-0.42734633504781744,1.0,-0.04910363122027057,-0.8076924349387499,38.116284524925945,-0.0044768037056903956,47.14061994833352,-0.059700810453339,33.10448467513932,38.116284524925945,-0.05344233886358999,42.088570798137,,
2025-05-22,KCEL,3305.99,270.0,-0.743423735414314,-1.851500080843213,-0.07731760382976109,1.0,0.006656984744670122,0.196295902131278,52.94103958641788,0.003811194729173023,52.440576617751766,-0.009580792507606496,47.485665824571946,52.94103958641788,-0.01356201272370582,50.3831171291251,,
2025-05-22,KEGC,1489.99,66920.0,0.3390947288160553,1.7358206980493882,0.29352515873919005,0.0,-0.04173401957688651,-0.6750001392986662,40.0111611075129,-0.041702802365137855,25.585751566047183,-0.03137432227360213,41.0288218210053,40.0111611075129,-0.0710372035308216,38.53973627540762,,
2025-05-22,KMGZ,14850.0,1460.0,0.019148158489361695,-0.31471025486444193,0.3517203689806132,0.0,0.12168269600769602,2.2673718860098107,79.58284590822376,-0.02298397065897066,35.7014378023648,0.15678585858585858,86.9922241720812,79.58284590822376,0.281379797979798,92.33605241890747,,
2025-05-22,KZAP,18635.01,1740.0,4.980150281784924,-0.582343170141966,0.49618202063574396,0.0,0.19539174335156317,3.594527667723454,89.62947519021209,0.04002540976762616,73.59273798562319,0.20522561111227397,92.29319977951776,89.62947519021209,0.2115124972117895,87.02253589506104,,
2025-05-22,KZTK,39999.99,8119.999999999999,-7.454181138902759,1.6989129096592452,-0.999999999929086,1.0,-0.012501732639421202,-0.14866314241985298,47.771530192093515,-0.14811893704372223,2.2048286709348606,-0.00043585799229777997,50.23324690938391,47.771530192093515,-0.021394467865283612,48.74118339220679,,
2025-05-22,KZTO,864.99,81060.0,3.236983307033936,1.3713538918326402,0.9985703360564463,0.0,-0.07971280795153703,-1.3588207880550243,30.67638499477957,0.013054946588977918,58.28227874355929,-0.07879626585278443,28.22904270724966,30.67638499477957,-0.10990974924565602,31.158651526119097,,
2025-05-23,AIRA,757.77,71570.0,1.836565231498094,0.6193680280399207,0.04091213675975038,1.0,-0.06364414742631416,-1.0694992394945724,34.48624563289642,-0.010776065658193727,43.1488034611369,-0.027223192063554922,42.24198642645154,34.48624563289642,-0.06357242991182774,40.03285438257198,,
2025-05-23,KCEL,3325.0,980.0,-0.17080060358066376,0.23467595763383955,0.11790649462198466,1.0,0.009838137009189642,0.2535736010367138,53.79628385646522,-0.0064099206349206295,45.909302017413296,-0.011658583959899776,46.862917566330694,53.79628385646522,-0.029611403508771943,47.021627373057,,
2025-05-23,KEGC,1493.95,104710.0,0.5343577659730216,2.1538637273994063,0.7522122562456063,0.0,-0.04781772660311941,-0.7845392969064156,38.44449966709834,-0.04215316696655355,25.36682913196911,-0.03561665746287808,39.80018875830956,38.44449966709834,-0.07425202786158142,37.90311025950907,,
2025-05-23,KMGZ,14815.0,670.0,-0.24721619700654976,-1.0936221050297494,-0.5337582230490808,0.0,0.13440039990571553,2.4963583519403474,81.72483667044206,-0.0007331644515157845,49.53375640937809,0.08936955506806166,74.82762829132439,81.72483667044206,0.2808061239413079,92.30193597565017,,
2025-05-23,KZAP,18987.0,12020.0,6.550921752922834,1.350341972637218,-0.36222930816076454,0.0,0.17290890446345494,3.1897167158129243,87.14488206232527,0.0048571748966084564,53.10802121866297,0.17992447069047243,89.8308039370894,87.14488206232527,0.19657340247838756,85.5408102534998,,
2025-05-23,KZTK,34279.0,8420.0,-7.454181138902759,1.5483920601809582,-0.7571998315628645,1.0,0.1499186374229769,2.7757693521525564,84.09697977111972,0.01502041280537809,59.500489837789694,0.13944941679551132,84.44557493888925,84.09697977111972,0.15382284148701345,80.52016989956535,,
2025-05-23,KZTO,880.0,164570.0,4.751354747404876,1.9344889971696055,0.9999999285714337,0.0,-0.09456890331890333,-1.626309699809762,27.372876892628728,-0.09401608946608946,8.263976900758601,-0.09416439393939391,24.638903322187584,27.372876892628728,-0.12550692640692634,28.424098060651676,,
2025-05-26,AIRA,754.99,44940.0,1.2626611293672192,0.0226169719386994,0.5515308084721485,1.0,-0.06714261430352168,-1.1324902929748741,33.637420666824,-0.005750928951650129,46.32856854306361,-0.03407780110406171,40.244464001611156,33.637420666824,-0.04939195172773232,42.918692749810674,,
2025-05-26,KCEL,3330.0,850.0,-0.019334247360111242,0.09236761513258589,0.6406249871669727,1.0,0.023928850278850278,0.5072815549200063,57.55101898427624,-0.005114435864435853,46.73401498325179,-0.011671021021021022,46.859192720417234,57.55101898427624,-0.031695452595452624,46.58645912838893,,
2025-05-26,KEGC,1432.0,236040.0,-3.740974317414297,2.804089570606994,-0.540788755526894,0.0,-0.0029106987674026447,0.024026595333485393,50.36039268862853,0.002504212113150667,51.60538608875559,0.0035383923029174424,51.427840668042215,50.36039268862853,-0.03459259554846147,45.982385818357464,,
2025-05-26,KMGZ,14852.0,3520.0,-0.07135231085030519,0.6139783661585869,-0.35845021474023303,0.0,0.15112596390203448,2.797507664813445,84.27064138056792,-0.008798531756719206,44.39488305227138,0.0977526094502798,76.67884658064224,84.27064138056792,0.2910720253592055,92.8918445230557,,
2025-05-26,KZAP,19890.01,4030.0000000000005,8.934568467883182,0.25753695709394353,0.7802397594602968,0.0,0.11783530821363207,2.1980983959921523,78.8991817478463,-0.027655575518117335,33.00508193436615,0.1233765780549019,81.73432413506588,78.8991817478463,0.1427151066233195,79.01734299773754,,
2025-05-26,KZTK,34797.99,4520.0,-7.454181138902759,0.22757784954643226,0.5991783561130437,1.0,0.13073161660514093,2.430300694913565,81.12542165329887,-0.005891651442402003,46.23899183555477,0.12943513518549019,82.79714219018092,81.12542165329887,0.1394176954459836,78.55515651494838,,
2025-05-26,KZTO,898.95,102060.0,6.359953038777371,1.3777070026430158,0.8950524290328665,0.0,-0.11181134511427357,-1.9367655684473122,23.82932935557885,-0.10536139715911955,6.31217748739738,-0.1073713601053081,21.809410510736114,23.82932935557885,-0.14111303637312314,25.838019635927317,,
2025-05-27,AIRA,747.85,15080.0,0.13695042582034456,-1.128336163964386,-0.08666666088888625,1.0,-0.06226699915418919,-1.0447032292693814,34.82315026041921,-0.0015170203790549083,49.0321296269273,-0.028777361239786827,41.786601698954726,34.82315026041921,-0.028093023439680516,47.33896801301073,,
2025-05-27,KCEL,3328.87,740.0,-0.25519561957161585,0.034365988580130014,0.5598086002651463,1.0,0.022485820232338753,0.4812993215521018,57.16973308579678,-0.019237430498008228,37.93231286692047,-0.011630426164443675,46.8713508331598,57.16973308579678,-0.03273889913117476,46.36876894614248,,
2025-05-27,KEGC,1425.0,47990.0,-3.157020713340593,0.9839583920821406,-0.9999999234889118,0.0,0.0019499582289055906,0.11154433254534857,51.672540735295634,0.008868045112781962,55.655030872054134,0.010292815371762742,53.453645389542636,51.672540735295634,-0.029296282372598167,47.087468581009674,,
2025-05-27,KMGZ,14855.0,4850.0,-0.23342813675889196,0.9344959342429742,0.8332777453604899,0.0,0.17573544955736137,3.2406095953009992,87.48309842873621,-0.016854829222163453,39.378741390363956,0.0907364016177547,75.13601291921275,87.48309842873621,0.2945114709386504,93.07996798826159,,
2025-05-27,KZAP,20000.0,2830.0,8.829163806538707,-0.09595232586281076,0.7777777760493827,0.0,0.12159106349206347,2.2657220122521515,79.56675636174616,-0.008004761904761905,44.897132826785246,0.10713442063492071,78.63566219818074,79.56675636174616,0.1512280158730158,80.17656057672966,,
2025-05-27,KZTK,34940.0,2550.0,-7.454181138902759,-0.6521198931277682,-0.24993725151866103,1.0,0.12249074694941894,2.2819211105334127,79.72432195688957,0.0031567435331315936,52.02250930218689,0.11207767965037571,79.61747916606467,79.72432195688957,0.14897344518039995,79.87432021343024,,
2025-05-27,KZTO,895.79,79960.0,5.465392411808258,1.0595510487801965,0.06013985172868526,0.0,-0.10866346514746131,-1.880086948269174,24.45207453318141,-0.10217397511321474,6.812345860104275,-0.10863529336612868,21.55128993600987,24.45207453318141,-0.1391130003807936,26.160736670306417,,
2025-05-28,AIRA,751.99,28800.0,0.47447039205782626,-0.3837016852466608,0.7329772541403706,1.0,-0.06811921893169383,-1.1500743823836053,33.402314528275824,-0.006999326591011346,45.534795844529526,-0.03546124269319692,39.84498285532641,33.402314528275824,-0.0531362934738029,42.15114456749861,,
2025-05-28,KCEL,3309.0,740.0,-0.8504960904139174,-0.07168865174465573,-0.33466843937097596,1.0,0.03326613276921528,0.6754024151011213,59.994632062823804,-0.016333576537293674,39.69777916983087,-0.00890895717307778,47.68720276904029,59.994632062823804,-0.0285126908575458,47.25123514295545,,
2025-05-28,KEGC,1428.0,18050.0,-2.7795202093820057,-0.1700111982084419,0.49999987500003124,0.0,0.001196732026143791,0.09798224558375783,51.46931052375919,0.0060671335200746974,53.878701035640916,0.0049892857142857135,51.86362092363503,51.46931052375919,-0.031084617180205415,46.71395623725908,,
2025-05-28,KMGZ,14001.0,2580.0,-5.957254171516356,0.2546419241588062,-0.9999999979878871,0.0,0.23849125300573765,4.370548597144948,93.22848937818866,0.054316538274476994,80.07213018958443,0.17169038869672573,88.88977836160751,93.22848937818866,0.37439707410355044,96.33503599765305,,
2025-05-28,KZAP,19839.99,3800.0,7.197994052723216,0.3071686277120255,-0.2037143178845678,0.0,0.13078301650689667,2.4312261671486946,81.13392272744933,0.005885371560407051,53.763037438383144,0.1256407812183516,82.13737285624647,81.13392272744933,0.17981271418831593,83.71395209344408,,
2025-05-28,KZTK,34500.0,3220.0,-7.454181138902759,-0.4188323270064652,-0.05721458907698976,1.0,0.12651642512077296,2.354404777775863,80.4182458460648,0.06334030365769497,83.5049775629858,0.14101620082815733,84.69148874334941,80.4182458460648,0.15266157694962043,80.36695519641661,,
2025-05-28,KZTO,878.0,104760.0,3.0385234412734703,1.313412500638858,-0.5612110328560311,0.0,-0.09346805871931155,-1.6064886286147884,27.609939343743186,-0.08276315941714575,10.727374387800698,-0.0932209323136999,24.85020615060461,27.609939343743186,-0.12076947517807429,29.239308467223218,,
2025-05-29,AIRA,750.0,72290.0,0.15751822743213137,0.5366077011861669,0.42067873554233015,1.0,-0.061093095238095224,-1.0235667009114413,35.111538267744066,-0.0036731746031746153,47.65361207905693,-0.03660277777777772,39.51636707238249,35.111538267744066,-0.04537769841269835,43.74535995425289,,
2025-05-29,KCEL,3328.9,10460.0,-0.25126268096265864,2.648619646521269,0.9405405151205316,1.0,0.02637647489017533,0.5513518457654479,58.19567186835479,-0.014885622759222146,40.58854510459318,-0.011340410829736976,46.95822081210704,58.19567186835479,-0.03607072934383685,45.67462814125652,,
2025-05-29,KEGC,1432.5,22820.0,-2.4119784510217666,0.06447997001642905,0.5555555144032953,0.0,-0.006894770630765396,-0.04770793656946237,49.284429810936835,0.009887663093160482,56.298338069807244,-0.0006600203606748033,50.16584669378905,49.284429810936835,-0.03426684326435635,46.050251751368435,,
2025-05-29,KMGZ,14555.0,7320.0,-1.9700145318096582,1.2776595601371983,0.1395348833964305,0.0,0.18392287178354683,3.388026841030969,88.4199732593518,0.013125813144449352,58.32638807591082,0.12873138001450438,82.67624734387016,88.4199732593518,0.3409269987131462,95.20432435823118,,
2025-05-29,KZAP,19439.0,2780.0,4.078260432192146,-0.005381172366964131,-0.29084967272736983,0.0,0.11847666246549034,2.209646191468458,79.01430198194024,0.05413330446810821,79.99716534587557,0.1496903580145298,85.99569209169434,79.01430198194024,0.2003540278420815,85.92857506174727,,
2025-05-29,KZTK,34199.98,1260.0,-7.454181138902759,-1.3570992274979392,-0.48986394474511846,0.0,0.1391606811208382,2.5820687900058386,82.4804121214822,0.14902761606785297,97.84529350850589,0.1713420667903574,88.8483375365027,82.4804121214822,0.1606700205781703,81.40514021681902,,
2025-05-29,KZTO,878.98,114070.0,2.880998598141984,1.3428054320789828,0.9985703360564463,0.0,-0.09233969197522239,-1.5861720121033158,27.85424222703673,-0.08149716726133142,11.041762137974608,-0.09421372986618327,24.627887115776453,27.85424222703673,-0.11505183373621732,30.241215058903492,,
2025-05-30,AIRA,751.95,69520.0,0.3871140972889442,0.3999062720057824,0.7131146956463376,1.0,-0.05159706429948806,-0.8525875224028654,37.48296507178935,-0.01889360139826932,38.139791682315966,-0.04312887753745025,37.6566194222127,37.48296507178935,-0.04672664904581428,43.46715514864756,,
2025-05-30,KCEL,3313.98,2810.0,-0.695159431600264,1.2625656586204248,0.5258387577382966,1.0,0.030171435856583318,0.6196813734074168,59.18959816784929,-0.019021599492367012,38.06250200808366,-0.002608604263496725,49.57995559898383,59.18959816784929,-0.01376244017767157,50.3410963144444,,
2025-05-30,KEGC,1435.6,8780.0,-2.1361321429923827,-0.9601846696644829,0.8697828264135183,0.0,-0.005599726014674405,-0.024390229832539134,49.63415308157539,0.006318557585567972,54.03862480086371,-0.0028435571432993464,49.50931567234846,49.63415308157539,-0.03442547986130448,46.01720018966432,,
2025-05-30,KMGZ,14850.0,1990.0,0.2520726298563518,-0.02481513263219262,0.9738842000107487,0.0,0.15559006734006733,2.877885324021464,84.89938264626926,-0.008052092352092352,44.86715473794115,0.10355677008177008,77.90386775307672,84.89938264626926,0.31472146464646467,94.09515491447165,,
2025-05-30,KZAP,19138.0,1320.0,2.154438011552101,-0.7537704150795879,-0.6374773403416542,0.0,0.18338080433343784,3.3782667372660304,88.35987766955647,0.07589902927276738,87.47244817135973,0.16749991842872236,88.3821966560497,88.35987766955647,0.2620534953727895,91.10743561416288,,
2025-05-30,KZTK,34900.0,7320.0,-7.454181138902759,0.4023956679857483,0.32567049783473523,0.0,0.10808820439350517,2.0225985671923588,77.09280919977952,0.17321617774139264,98.82843187544235,0.14182493405193977,84.81717191857123,77.09280919977952,0.1402689191340337,78.67517415134337,,
2025-05-30,KZTO,799.99,89180.0,-6.570553493277733,0.7569224241974281,0.4140773358226154,0.0,-0.0022789649453951906,0.035401171787715055,50.53099761289518,0.015761147232594367,59.956669036398324,-0.004974107597972038,48.868877522129885,50.53099761289518,-0.02508871732424431,47.96747582422828,,
2025-06-02,AIRA,752.97,51370.0,0.46892410772276644,0.009093183896172091,0.879736336100794,1.0,-0.05318802911897466,-0.8812333702976873,37.08108057682517,-0.021644177074657475,36.49268995669321,-0.046037011766737086,36.83910269910463,37.08108057682517,-0.04568757197687642,43.68141679431218,,
2025-06-02,KCEL,3323.21,1250.0,-0.416064392960416,0.3174435913120676,0.9999999841797187,1.0,0.028761238911144564,0.5942903108861117,58.82108889924116,-0.026526471793646846,33.64741832003696,-0.004903791439602137,48.89000961489528,58.82108889924116,-0.016316079827292638,49.80568864260771,,
2025-06-02,KEGC,1439.99,5150.0,-1.8128272269682852,-1.4936608509724567,0.9530330815982645,0.0,-0.010009266995571137,-0.10378547394957313,48.44372075859298,0.001175624221707001,50.755471819420315,-0.0031527102618768184,49.41637004952544,48.44372075859298,-0.03881448407875849,45.10425130209126,,
2025-06-02,KMGZ,14767.0,2780.0,-0.3114731573802591,0.30950072219740815,0.17587939610110856,0.0,0.15947761385586265,2.947881885109127,85.42995549028916,0.0058053971424916785,53.712133084333594,0.13217815907090133,83.26197658464088,85.42995549028916,0.31858765925954596,94.27275640460277,,
2025-06-02,KZAP,19401.11,1190.0,3.4416900626577296,-0.8574485464332938,0.34071135590949986,0.0,0.15007079651873623,2.7785090270086865,84.1189516318899,0.07941427909361229,88.42590752850049,0.14479072118811756,85.27083775288371,84.1189516318899,0.22914725981805012,88.60334682378534,,
2025-06-02,KZTK,34699.99,2360.0,-7.454181138902759,-0.9810924526043073,-0.5671490750272985,0.0,0.11976571842843547,2.2328560705243357,79.24428460795305,0.14685822327863812,97.72502648700363,0.14216856053128551,84.87031705693913,79.24428460795305,0.1414094591031789,78.83521501289312,,
2025-06-02,KZTO,807.0,186760.0,-6.676637280297477,1.4960898221480803,0.40199995980000225,0.0,-0.010984103381129404,-0.12133772556507486,48.18073758703202,0.0042882294801439725,52.74509720511217,-0.010520600991325926,47.20388120966716,48.18073758703202,-0.03510395645246946,45.87588106605807,,
2025-06-03,AIRA,749.0,27210.0,-0.21032932349604494,-0.6563700923807436,0.38674881458021265,1.0,-0.039628330366414485,-0.6370865084640045,40.55838799625441,-0.016465624536418998,39.616873841325415,-0.044797704346536085,37.1865961862067,40.55838799625441,-0.04285916777926122,44.26581784787962,,
2025-06-03,KCEL,3275.0,252050.0,-1.871724679781854,4.104982775960408,-0.6546762472180558,1.0,0.0440332030776687,0.869267077946614,62.75125317539576,-0.004544695868169084,47.09730749952007,0.015752729310553795,55.08322224214878,62.75125317539576,-0.007695438022537259,51.612592213900975,,
2025-06-03,KEGC,1441.99,383770.0,-1.581535801250463,2.8922739589971256,0.368998577640808,0.0,-0.01288525582261375,-0.15556860420964727,47.6681637154772,-0.005108424862488858,46.737846136668935,-0.005239340543717327,48.78917085050368,47.6681637154772,-0.03848679828702333,45.17230661238699,,
2025-06-03,KMGZ,14650.0,1820.0,-0.8988828612148845,-0.11411314645467512,-0.7709923605267759,0.0,0.18292510834823122,3.370061780299903,88.30914820866276,0.02421446313451433,65.02398141087116,0.14759751476244642,85.68979853498394,88.30914820866276,0.3225929709084999,94.45144910671854,,
2025-06-03,KZAP,19901.0,2250.0,5.652498668137378,-0.207916826274506,0.999999997983871,0.0,0.14622501284134243,2.7092644196423454,83.55603098455866,0.04788093297935894,77.31239078932597,0.11765720915755219,80.68486802071644,83.55603098455866,0.20984049461501098,86.86335097139823,,
2025-06-03,KZTK,35157.03,23170.0,-7.454181138902759,1.303101963172152,-0.41441194724830477,0.0,0.11075086765177618,2.07054070001474,77.59683540429656,0.141842456438266,97.42132304226232,0.12756336066695764,82.47411802718705,77.59683540429656,0.11882272801078887,75.50247592579767,,
2025-06-03,KZTO,807.0,380720.0,-5.955274308814327,1.748401408791042,-0.1758530068337963,0.0,-0.013483449873133886,-0.16633928598268413,47.506979730041664,0.0019355977459137312,51.24172137042058,-0.00904710420723429,47.64575509899231,47.506979730041664,-0.035073437776597674,45.882236359098684,,
2025-06-04,AIRA,749.01,23840.0,-0.3365510372810275,-0.7885895193190838,-0.9955553343210408,1.0,-0.023688477997305606,-0.35008419336645485,44.767959967147576,-0.0017223029160396363,48.90078763603619,-0.040960677268597714,38.270766109212296,44.767959967147576,-0.04356078893981324,44.12069523386423,,
2025-06-04,KCEL,3265.0,1050.0,-1.6633453559903195,0.07410462897128317,-0.9230621095775702,1.0,0.046723170227764385,0.9177008263739201,63.427953879916345,0.013798218843433172,58.74423983974785,0.02506824302972848,57.83670587594965,63.427953879916345,-0.00089604268455723,53.0350246253492,,
2025-06-04,KEGC,1441.0,21480.0,-1.0756923529850433,0.009354580128039497,0.20300750353327454,0.0,-0.010834666181994426,-0.11864705935811863,48.22104532318529,-0.0016561225670004296,48.943128969914916,-0.002986653338180087,49.46629392507193,48.22104532318529,-0.03418341649868368,46.06763491732995,,
2025-06-04,KMGZ,14804.0,17910.0,0.22937459092255247,2.172408228274765,0.9538425996082674,0.0,0.17039961957943583,3.144536211359292,86.83812918804053,0.03647162382110367,71.78695557988975,0.13076706703036073,83.02411743238326,86.83812918804053,0.3100851374360426,93.87537141238813,,
2025-06-04,KZAP,20017.0,5180.0,5.78395116462826,0.6350234156765175,-0.463999998144,0.0,0.13055507620110207,2.4271220265360833,81.09620109900928,0.06040202322073856,82.44246773831172,0.11712864941783618,80.58560306942255,81.09620109900928,0.2039689797798855,86.29117717986621,,
2025-06-04,KZTK,36790.0,4270.0,-7.454181138902759,-0.5824372643390402,0.7899989495997483,0.0,0.0633469131967366,1.2170168179654013,67.48513738644573,0.10676812960302355,93.89888546684197,0.0808108024092123,72.839646323215,67.48513738644573,0.06740454876885978,66.693737111102,,
2025-06-04,KZTO,808.0,10650.0,-4.70246996872615,-2.022813904456153,-0.5572858112029115,0.0,-0.015993006443501493,-0.21152468223890025,46.83138180023212,-0.0005811763319188948,49.631034862040735,-0.00795982241081251,47.97205077488706,46.83138180023212,-0.03021123683796951,46.896327412259005,,
2025-06-05,AIRA,749.51,95360.0,-0.3257620076157051,0.5977030561838709,0.0029498520722905336,1.0,-0.025710509442888888,-0.38649153846879153,44.22846757456006,-0.003852260323305449,47.53924699429734,-0.04761829861647176,36.3977001804101,44.22846757456006,-0.041654811535070564,44.51515274256798,,
2025-06-05,KCEL,3289.4,4110.0,-0.9128809467230878,1.4387070688377572,0.7849586307951902,1.0,0.0245549039434991,0.5185538582618948,57.71616222797373,0.007149549442605899,54.5665861440546,0.026470314289960703,58.24737296778535,57.71616222797373,-0.008353664826219093,51.47471541062255,,
2025-06-05,KEGC,1450.99,54070.0,-0.26441731351801734,0.9645014407231564,0.8831290402329093,0.0,-0.021924599753293795,-0.31832498206016513,45.23958776897135,-0.009260849149847013,44.102876746384815,-0.013576801802097499,46.288857876565444,45.23958776897135,-0.04399253174378924,44.03144372136951,,
2025-06-05,KMGZ,14790.0,39200.0,0.21153995696970598,2.9557253766677367,0.743119259237438,0.0,0.2127441860652308,3.906964139285244,91.24703887281201,0.07128245275121545,86.11881397902839,0.14185264094143413,84.82146272970326,91.24703887281201,0.2970639009626839,93.2165851125709,,
2025-06-05,KZAP,20550.0,2910.0,7.730681180055009,0.05837193858354263,0.8290569055384595,0.0,0.10077761267524041,1.890968944828908,75.66833828375816,0.022671173676283216,64.12008682324036,0.08780095875333102,74.4706112799436,75.66833828375816,0.1664464488471788,82.12733246412706,,
2025-06-05,KZTK,39400.0,5470.0,-7.454181138902759,-0.1404768821987364,0.6509939966799067,0.0,-0.013215810571267387,-0.16152035181265134,47.57908918777055,0.035462331802433404,71.26065062206399,0.0035662094110064536,51.436197874933576,47.57908918777055,-0.00839873499315124,51.46527385226909,,
2025-06-05,KZTO,810.0,25330.0,-4.39267470118978,-0.9616702655112498,-0.33222031181630957,0.0,-0.016640608465608466,-0.22318497088540964,46.6572192153069,-0.002028042328042289,48.7052009276272,-0.00922526455026455,47.59230720048277,46.6572192153069,-0.030264373897707232,46.88522940638693,,
2025-06-09,AIRA,740.0,89430.0,-1.7669545197532637,0.5335000815582601,-0.7333332844444478,1.0,-0.021222147147147145,-0.30567709050245523,45.42765345644415,0.04150332475332476,74.32151379626102,-0.0424110467610467,37.859518309498796,45.42765345644415,-0.02137608322608322,48.74503560839664,,
2025-06-09,KCEL,3260.89,16730.0,-1.7671971208210457,2.802274787521171,-0.36439999271200524,1.0,0.045883218632200344,0.902577220024595,63.21720605972292,0.0058510741200414286,53.74120779892115,0.05148174224954756,65.33403574486304,63.21720605972292,0.002152491670523164,53.67131816781507,,
2025-06-09,KEGC,1448.98,16170.000000000002,-0.29937878346811037,-0.2426179767652517,0.6051079955689634,0.0,-0.020175782006039557,-0.2868369399802806,45.70803437391457,0.0034098550879907916,52.184235283987626,-0.009349053105118042,47.5551740157141,45.70803437391457,-0.04375393112878311,44.080763415057106,,
2025-06-09,KMGZ,14775.0,700.0,0.04802136904534998,-1.2003897590403187,0.3999999920000002,0.0,0.24706431190073322,4.524909358672435,93.79028113952394,0.09335475384739343,91.60861081570253,0.16268293046491017,87.77396083151197,93.79028113952394,0.29575076545000406,93.14661562959773,,
2025-06-09,KZAP,20648.0,1910.0,7.671309300760715,-0.38429974296596286,0.017301038002418553,0.0,0.09781143505962375,1.8375619355944743,75.07351913022633,0.05880334464923771,81.84210002533712,0.08158541386075288,73.02356526286992,75.07351913022633,0.2193850008917425,87.75011863618043,,
2025-06-09,KZTK,41050.0,3060.0,-7.454181138902759,-0.5624120202529183,0.5878473757648996,0.0,-0.04775208756259304,-0.7833574442671553,38.46128195737265,-0.011617701022755885,42.62099991540683,-0.03882393809330466,38.879688869418295,38.46128195737265,-0.05709225006283472,41.344324796734625,,
2025-06-09,KZTO,815.0,98140.0,-3.6181955516047797,0.8526606495579379,0.0010010009007997995,0.0,-0.025206561008861678,-0.377417780198866,44.362802313793594,-0.011680226896484566,42.581854363208265,-0.012963857240237596,46.47219249051291,44.362802313793594,-0.036489663063589445,45.58746223329347,,
2025-06-10,AIRA,738.93,50550.0,-1.8743416580264474,-0.11701329407793318,-0.12878048152290822,1.0,-0.015726826708245382,-0.20673202804853855,46.90298937482724,0.03623908096198307,71.66621357918629,-0.04527414176096324,37.0528472848362,46.90298937482724,-0.023976774138667632,48.200270792535186,,
2025-06-10,KCEL,3245.02,630.0,-2.211735180950467,-0.6017657098882344,-0.9991998199800004,1.0,0.04710162120702065,0.9245149614538647,63.52274179762804,0.0268920645094955,66.56663605355027,0.05483288617195404,66.24116074166912,63.52274179762804,0.004781768635368305,54.219152907025304,,
2025-06-10,KEGC,1446.0,13430.0,-0.4141328197488988,-0.3414051466407736,0.0,0.0,-0.015761922874267274,-0.20736394612820983,46.893547080778006,0.007271856681815188,54.64420894311145,-0.007417723770005933,48.13480218215657,46.893547080778006,-0.04104611736810907,44.64127511502124,,
2025-06-10,KMGZ,14897.0,44130.0,0.8817938878360934,2.943417679168613,0.96999999515,0.0,0.2532037177241397,4.635451391549465,94.16553040822309,0.07094016607157508,86.01371799208577,0.1778195235857651,89.59719104784534,94.16553040822309,0.28679818947247304,92.65150576323606,,
2025-06-10,KZAP,21000.0,5860.0,8.934568467883182,0.7583679109804473,-0.9999459520079372,0.0,0.08617468253968247,1.628038356824522,72.64773782633,0.05880317460317461,81.84203532493135,0.07275619047619045,70.88132788211252,72.64773782633,0.19879047619047618,85.76927253792444,,
2025-06-10,KZTK,39900.0,1560.0,-7.454181138902759,-1.1637485905897096,-0.20635634501057695,0.0,-0.025044465329991647,-0.37449919387662595,44.4060288837526,0.02173550543024227,63.567099051119136,-0.013884461152882204,46.19687300728247,44.4060288837526,-0.02894636591478697,47.16059176880638,,
2025-06-10,KZTO,812.88,88050.0,-3.641241590472842,0.2842426758042201,0.26209384389214047,0.0,-0.02084093909485849,-0.2988133134104727,45.529768217576446,-0.009240254755578062,44.11587593753598,-0.010422943467318948,47.23315407144983,45.529768217576446,-0.03033546754397067,46.8703815376304,,
2025-06-11,AIRA,738.93,71000.0,-1.7834650000071677,0.33163854719845526,-0.056994808809213794,1.0,-0.021121367543674743,-0.3038625204022172,45.454645732728125,0.009679990952168364,56.16747604185112,-0.045860073542632024,36.88863243816522,45.454645732728125,-0.017249956887468495,49.60989238719393,,
2025-06-11,KCEL,3270.01,960.0,-0.5749226034123742,-0.05570942206128141,-0.03980796079599579,1.0,0.03651962925650966,0.7339826956703971,60.83518648573284,0.018919985099797938,61.88186304185335,0.051269309952598006,65.27614637605227,60.83518648573284,0.0022499612350099507,53.6916435269133,,
2025-06-11,KEGC,1438.98,492980.0,-0.8722937008926966,3.2615684678659425,-0.5742856732653064,0.0,-0.01087871226907419,-0.11944012372723282,48.209164517211676,0.01179030583171021,57.49296458481636,-0.0011197965622474788,50.02760146599119,48.209164517211676,-0.03585650520309029,45.719211196336005,,
2025-06-11,KMGZ,15049.0,4090.0,1.642839615441622,0.4607545287968653,0.9999999959837744,0.0,0.28754383242255194,5.253756517026025,95.89974403366908,0.09187186935376183,91.31210210956876,0.15642509674745037,86.94304665720132,95.89974403366908,0.2733819410560423,91.84770244331311,,
2025-06-11,KZAP,20914.0,2930.0,7.36453583742316,0.06522127367975662,0.7155963286339534,0.0,0.09393753686677565,1.7678111170765876,74.28217470091167,0.08086765757273551,88.80133609108556,0.0772312085319927,71.97959098161199,74.28217470091167,0.21197302262781365,87.06609150797307,,
2025-06-11,KZTK,40250.0,1690.0,-7.454181138902759,-1.0837062257593464,0.3077821755324536,0.0,-0.03422487922705314,-0.5397955831403407,41.97310996991595,0.010445134575569358,56.649183650855186,-0.031581159420289856,40.968645476005754,41.97310996991595,-0.042724327122153204,44.2937194509622,,
2025-06-11,KZTO,811.0,5330.0,-3.668677058147326,-2.7150152231732103,0.46586342263297115,0.0,-0.01975606149570391,-0.27927973334054373,45.82057891674756,-0.009741354001526611,43.79981497918883,-0.011591268862662176,46.88307875186314,45.82057891674756,-0.03406543655686689,46.09221936619611,,
2025-06-12,AIRA,750.0,28280.0,-0.10574001130881142,-0.5888852890186589,0.46666663555555765,1.0,-0.029526984126984127,-0.4552084277148466,43.214005963603874,-0.00020071428571434092,49.874556361971514,-0.055626031746031736,34.19863450396154,43.214005963603874,-0.023028571428571426,48.39884739925533,,
2025-06-12,KCEL,3319.99,920.0,0.9704008948711704,-0.05806254490334535,0.9999999848461891,1.0,0.02062674826377616,0.4478261157434678,56.677266573688826,-0.002368141818126439,48.48768033228348,0.03464748510191064,60.61805491437461,56.677266573688826,-0.013724278343351229,50.34909721024822,,
2025-06-12,KEGC,1443.0,14070.0,-0.28736051119482225,-0.33986621419029056,0.9375671757193644,0.0,-0.014992680592680656,-0.1935134843689694,47.10055430987886,0.011355016830016766,57.22037517785997,-0.008788027588027587,47.723487377435625,47.10055430987886,-0.02762871002871,47.43605340520803,,
2025-06-12,KMGZ,15388.99,13450.0,3.8979712889839666,1.6511874155564235,0.5888518507613847,0.0,0.2707064223538831,4.950593378619561,95.1216800526332,0.0918381084223821,91.30524233266384,0.12423061207529766,81.88717355629885,95.1216800526332,0.24110807171695006,89.57772552558208,,
2025-06-12,KZAP,21287.0,3870.0,8.748613352752228,0.32185064690981413,0.999999998137768,0.0,0.08050059138858875,1.5258744685570012,71.41293517401608,0.06211006756862561,83.06652505750016,0.02524629220755495,57.88891790456622,71.41293517401608,0.209808747122657,86.86031244311243,,
2025-06-12,KZTK,40829.99,1600.0,-7.454181138902759,-1.13843089868462,0.784612069747823,0.0,-0.05572733612315164,-0.9269544329566233,36.44334940454368,-0.007710507236108461,45.08358976272744,-0.043340112175637484,37.59699475572137,36.44334940454368,-0.05935652154562995,40.88457853658225,,
2025-06-12,KZTO,809.99,20100.0,-3.7594517515223913,-1.387658419803024,0.37781222825351296,0.0,-0.019749221438555887,-0.2791565758487788,45.82241337722298,-0.007279284473823587,45.35708585965341,-0.007995353342594677,47.96138497643781,45.82241337722298,-0.02420122788112024,48.15327282993188,,
2025-06-13,AIRA,748.92,48330.0,-0.1762690639176056,-0.05298846575324253,0.06389529916124924,1.0,-0.02950556706419137,-0.45482280641411094,43.219683825731245,-0.05026666157997666,21.638211277413056,-0.04221246455212962,37.91572413506865,43.219683825731245,-0.01758013285162373,49.54067039235822,,
2025-06-13,KCEL,3323.0,4450.0,1.2390790513149585,1.5285175831128712,0.5555555478395063,0.0,0.013970990427468008,0.3279869940555491,54.903988650396585,-0.004626821241085433,47.0449206862187,0.03279814878504316,60.085836918960446,54.903988650396585,-0.02008193554781734,49.016238998822196,,
2025-06-13,KEGC,1442.0,9390.0,-0.3201421530874623,-0.744263010513628,0.7714791167866207,0.0,-0.014639331946370848,-0.18715132509803195,47.19567619972262,0.011110433040530141,57.06701670663313,-0.00462187548158422,48.97473763634974,47.19567619972262,-0.027941997996609638,47.37054443404145,,
2025-06-13,KMGZ,15889.6,9740.0,6.921451113849174,1.2904221895731307,0.9593749981262222,0.0,0.2351204243806071,4.3098557126183366,92.99494709779208,0.05414034009267115,80.00004766968055,0.08425199919124496,73.65066498777617,92.99494709779208,0.23097539191053187,88.75725219208802,,
2025-06-13,KZAP,21078.88,1700.0,7.11226799482883,-0.5236829541472521,-0.16123943616551697,0.0,0.0934069254334648,1.758257282683957,74.17251386616854,0.07139576508326873,86.15345925921054,0.07819591639397962,72.21300891067665,74.17251386616854,0.22288893146516978,88.062512839111,,
2025-06-13,KZTK,40917.98,960.0,-7.454181138902759,-1.6492536817278522,0.9816363591744093,0.0,-0.05672739531677298,-0.9449608295754622,36.19347745110734,-0.008541990394613421,44.55708679319722,-0.05211860517800716,35.15414964166317,36.19347745110734,-0.06147306790063505,40.45626221666711,,
2025-06-13,KZTO,810.84,18040.0,-3.5721347541284976,-1.4957862621577935,0.7595627031762044,0.0,-0.022278960266954292,-0.32470536033749586,45.14476702528382,-0.010294470872064518,43.45152903615354,-0.010403075587691608,47.239109705796366,45.14476702528382,-0.030207349638587646,46.897139290123995,,
2025-06-16,AIRA,773.0,79900.0,3.094733095533855,0.449734440587338,0.8407362608748988,1.0,-0.04702792459804099,-0.7703186505241764,38.646614151152,-0.07698161820571266,12.229557552194525,-0.07272134746093353,29.732594550664317,38.646614151152,-0.050685806690075774,42.65306208902642,,
2025-06-16,KCEL,3290.05,310.0,0.22024866185513056,-1.1458276059575394,-0.43991762847598653,0.0,0.024008776028154093,0.5087206444771063,57.57211162801072,0.005103666460175804,53.265155722137834,0.04479341504193857,63.49038288343425,57.57211162801072,-0.014739275130425711,50.13629122311822,,
2025-06-16,KEGC,1458.4,197250.0,0.8302707935585365,2.3005556812095582,0.9999999509803945,0.0,-0.021360441971632393,-0.3081671345677438,45.39061767878433,-0.00029011201664799627,49.817334791773014,-0.017261072364583185,45.189159992063416,45.39061767878433,-0.0410313376694617,44.64433835616426,,
2025-06-16,KMGZ,16199.99,3270.0,8.550787879707297,0.19897264048605473,0.7485792329273779,0.0,0.20493020848425572,3.766270887934537,90.54893109357343,0.06913518567550166,85.44845542264311,0.06076309664290702,67.81720086184855,90.54893109357343,0.263427082653402,91.20032596950682,,
2025-06-16,KZAP,21926.0,11640.0,8.934568467883182,1.4001345231099034,0.3400143161488802,0.0,0.055492681878005316,1.0755987847497284,65.59639242907002,0.03221240192480052,69.52686677770647,0.02099104795495382,56.63651603015107,65.59639242907002,0.17412871998019314,83.0535475233111,,
2025-06-16,KZTK,40699.99,860.0,-7.454181138902759,-1.6312845067848287,-0.5608451449714397,0.0,-0.05145192104118794,-0.8499741700211542,37.51971586286068,-0.008026028864376606,44.883662331320195,-0.04254791102226271,37.82079981786678,37.51971586286068,-0.05152418699084969,42.481166200458375,,
2025-06-16,KZTO,808.0,23320.0,-3.854414381541918,-1.2390674643167772,0.06363027035296524,0.0,-0.021102828854314054,-0.30352872516734397,45.45961132868914,-0.0030876984126984126,48.02766570120507,-0.006753151029388652,48.3343770020884,45.45961132868914,-0.024315134370579944,48.12942340105206,,
2025-06-17,AIRA,768.0,128479.99999999999,2.254908274897176,0.8157963113228344,-0.07775211102755036,1.0,-0.043358506944444514,-0.7042495717613796,39.590678029065444,-0.03054228670634925,31.391811700008574,-0.05834610615079366,33.46629541848225,39.590678029065444,-0.049463888888888884,42.90391306479794,,
2025-06-17,KCEL,3342.35,1210.0,1.8151192488644556,0.21593476828874533,0.9999999808722269,0.0,0.007400087347059631,0.20967571031909538,53.14099403639212,-0.007045625838060428,45.50539831355798,0.028121461773284222,58.7295278899546,53.14099403639212,-0.0394152267699207,44.97953399856905,,
2025-06-17,KEGC,1461.0,52010.0,0.9340860316854263,0.8535962298263348,0.6012809766788638,0.0,-0.027418948208989283,-0.4172525436349032,43.77369784320423,-0.0037658119031322313,47.59445026295211,-0.020471549982073595,44.23465969751515,43.77369784320423,-0.04315399840292037,44.20482330561729,,
2025-06-17,KMGZ,16000.0,5870.0,7.027923536597977,0.6629422129281978,-0.5651890328386866,0.0,0.22709722222222223,4.165395303536088,92.40883263055298,0.017543650793650795,61.047233962092385,0.0870575396825397,74.30024919093408,92.40883263055298,0.29151527777777775,92.91635113401853,,
2025-06-17,KZAP,22300.0,5850.0,8.934568467883182,0.6948573821893814,0.33630289457393564,0.0,0.030978948679621327,0.6342209089260774,59.400153997464415,0.012524031959570078,57.9514054211167,0.02642973699195672,58.235503635202576,59.400153997464415,0.21072856253114103,86.94810584111042,,
2025-06-17,KZTK,40891.0,1310.0,-5.447825043569627,-1.0503915982856187,0.2933333326814815,0.0,-0.040441401802624316,-0.6517261286517138,40.346800738524216,-0.03707171383426247,27.907787412225616,-0.042093129168796796,37.9495159110951,40.346800738524216,-0.05631263514927218,41.50297492994307,,
2025-06-17,KZTO,807.89,73070.0,-3.8043186317846187,-0.09696340696598865,0.6731215590145936,0.0,-0.019010516764521007,-0.2658559538159009,46.020594974008986,-0.0023510517648657964,48.498609478464914,-0.009092926346251348,47.63200798984595,46.020594974008986,-0.022299892759052763,48.55148505176621,,
2025-06-18,AIRA,748.37,139970.0,-0.6007609805082872,0.8396936770943161,0.8479783909445642,1.0,-0.023030104241366058,-0.33822995608880535,44.94389124951262,-0.015625840827398194,40.132357093305814,-0.017315528118147117,45.17293829253071,44.94389124951262,-0.023921014597651426,48.21194667888347,,
2025-06-18,KCEL,3342.0,560.0,1.9316856762110493,-0.5544892096459888,0.9838523417796503,0.0,0.0001743922943204801,0.07957468050378703,51.19339351449109,-0.005472347610498418,46.50596846453544,0.027703280043315924,58.60756818601828,51.19339351449109,-0.04114177638140833,44.62144980777733,,
2025-06-18,KEGC,1460.4,68100.0,0.9043196931973166,1.1231369912276574,0.2720847736060538,0.0,-0.026326217213809722,-0.39757756057149873,44.064456502971986,-0.006433816566889759,45.89410935797408,-0.018697880554577412,44.7615051688005,44.064456502971986,-0.042272366018442455,44.387266663772,,
2025-06-18,KMGZ,16478.16,6850.0,8.934568467883182,0.7019436303169269,0.9915207350425783,0.0,0.18682604072530523,3.4402993582481747,88.73725678741577,-0.0020566126661853276,48.68692592884196,0.05513438499952723,66.32220279740541,88.73725678741577,0.25053850822341006,90.29333992984651,,
2025-06-18,KZAP,22670.0,3940.0,8.934568467883182,0.2995967539026811,0.873417719676334,0.0,-0.008293194978329518,-0.07288702957144612,48.906868769290924,-0.006166352637217216,46.064201630964185,0.001610651094726967,50.84851293152146,48.906868769290924,0.15195366000098032,80.27310829056894,,
2025-06-18,KZTK,40795.0,1660.0,-2.4569970511676873,-0.6374036678379081,0.13178802501140052,0.0,-0.03191097726339791,-0.4981330128040669,42.58313463198518,-0.02869445572811794,32.419616428485085,-0.03733676590462953,39.305569839215075,42.58313463198518,-0.054127501668232686,41.94857541610337,,
2025-06-18,KZTO,805.61,91840.0,-3.895429282511361,0.13166639847226652,0.47706965592199835,0.0,-0.017906336419036113,-0.2459748214125966,46.317060188219315,0.007335897110796238,54.684843487188104,-0.007496744870248194,48.11107554850803,46.317060188219315,-0.02061398529616616,48.90473399256696,,
2025-06-19,AIRA,752.17,82070.0,0.003553072494841789,0.3058384020114843,-0.20028009801961028,1.0,-0.038709385658974776,-0.6205406050030065,40.797949314464795,-0.02464244863697004,34.732713061396225,-0.023680148025680532,43.284954172542314,40.797949314464795,-0.019348594627058863,49.169945676812056,,
2025-06-19,KCEL,3322.4,13440.0,1.3371390598688362,2.62868011785373,-0.2543759887616201,0.0,0.012022426893544162,0.2929024630071558,54.38226387054329,0.00010627037635824264,50.07105223584061,0.019736023585933262,56.26543784234891,54.38226387054329,-0.03074433952889289,46.78499968689677,,
2025-06-19,KEGC,1463.85,7350.0,1.1289968740923448,-1.5721427911021806,0.6581195456205852,0.0,-0.029355389896505726,-0.452118816828605,43.259502182927456,-0.007074485700623051,45.48707543702831,-0.02513823149815305,42.85496160365112,43.259502182927456,-0.04386765452158932,44.057254875364386,,
2025-06-19,KMGZ,16849.9,9950.0,8.934568467883182,0.9612551476034568,0.411157701487197,0.0,0.15595990464170234,2.884544366986277,84.95053393455285,-0.030134714998073173,31.616993862060326,0.06776679598070244,69.62743277998233,84.95053393455285,0.2462972871724451,89.97709068301357,,
2025-06-19,KZAP,22675.0,11540.0,8.934568467883182,1.3742346205348375,0.8114759044543476,0.0,-0.017513444811956387,-0.23890067805146947,46.422612956353746,-0.015206509774067588,40.39058160031843,0.0014258767784953042,50.79296983518681,46.422612956353746,0.17814797168407973,83.52270596596829,,
2025-06-19,KZTK,40641.5,2730.0,0.8312660398102394,-0.02710188067991935,-0.5933152571373973,0.0,-0.024716033624633822,-0.3685856723705041,44.49363870958161,-0.03595097703418724,28.4887480683575,-0.03838332265635111,39.00569410511277,44.49363870958161,-0.05978162925377903,40.7984379604361,,
2025-06-19,KZTO,806.6,319010.0,-3.5354954672230847,1.3278194536182049,-0.13043476079685778,0.0,-0.016779699424194872,-0.22568934960856513,46.61982332619653,0.0011370497955360058,50.7307863741026,-0.00687630825451929,48.2973880139933,46.61982332619653,-0.021335247108182933,48.75359223722554,,
2025-06-20,AIRA,713.59,450260.0,-5.132016254326407,1.8576217469944831,0.9443206601157762,0.0,0.015678746499090068,0.3587357070817306,55.36035662906892,0.026925842186956716,66.58588033334712,0.021251365546709117,56.713393518310916,55.36035662906892,0.027393201144581436,58.87507022162154,,
2025-06-20,KCEL,3317.9,320.0,1.142271487119447,-1.1542892466156647,-0.2484455191012202,0.0,0.00018808669855715013,0.07982125278242512,51.19708998514583,-0.0018115200162467052,48.84371019328786,0.03315755314965433,60.18946037357908,51.19708998514583,-0.029987520433894674,46.94305533099126,,
2025-06-20,KEGC,1462.48,9420.0,1.04985640504548,-1.3240107945438087,0.5182926302548322,0.0,-0.028429561527581342,-0.43544897076533545,43.50516915142507,-0.009217635861849812,44.13015392311173,-0.023827895928898397,43.241335725884426,43.50516915142507,-0.043490353632837646,44.13525950910514,,
2025-06-20,KMGZ,16799.0,11440.0,8.934568467883182,0.9397263359660372,0.8430769217798817,0.0,0.15594609968280426,2.884295804134387,84.94862716892055,-0.015816234455565667,40.015292122725,0.10014601797442592,77.18965221145307,84.94862716892055,0.261614325824383,91.07755010441284,,
2025-06-20,KZAP,22649.0,2440.0,8.604379700760878,-0.32142942082517356,-0.9999999929078015,0.0,-0.03389348820193891,-0.5338287781030082,42.06033033478755,-0.005770656593689619,46.31600949816865,0.004749023556175088,51.79147525434911,42.06033033478755,0.15746129388662172,80.99434343105652,,
2025-06-20,KZTK,40694.98,1150.0,8.934568467883182,-0.8310148617469133,0.5820515360023004,0.0,-0.01833149552387761,-0.2536299517455969,46.20287575666139,-0.02484861661830346,34.61314861430117,-0.033719692773502105,40.3480846053362,46.20287575666139,-0.06793237249995204,39.158328581460765,,
2025-06-20,KZTO,805.0,77550.0,-3.1158837510490742,-0.1333780867511095,-0.3775933348828968,0.0,-0.014801863354037267,-0.190077756861398,47.151919973898885,-3.390269151133055e-05,49.98132964863674,-0.007303778467908957,48.169016528019846,47.151919973898885,-0.02154399585921322,48.70985267814862,,
2025-06-23,AIRA,715.88,125430.0,-3.5012013533781685,0.5795446650141914,0.09565217044738455,0.0,0.013627259046696639,0.32179799683219684,54.81203009068973,0.019720132708239725,62.363912476294615,0.022128965548894874,56.97232787609071,54.81203009068973,0.025354363904210253,58.460442640592824,,
2025-06-23,KCEL,3317.0,670.0,1.1143373695801313,-0.4153581999323344,0.9333110725804905,0.0,0.0016700067234209533,0.10650371307607132,51.59701228385411,0.002045114154595548,51.31177542888605,0.029544561565958846,59.14375436798621,51.59701228385411,-0.042084613654526225,44.42613951583157,,
2025-06-23,KEGC,1462.48,16250.0,1.1562691144613566,-0.30974312637461365,0.49599995040000866,0.0,-0.02843679605332278,-0.43557923079462213,43.503248229155815,-0.011617271857414634,42.6212686348189,-0.02149416431580018,43.931486251200674,43.503248229155815,-0.04384255611038611,44.06244291066488,,
2025-06-23,KMGZ,17370.0,10060.0,8.934568467883182,0.6296023522530472,0.7278911556373117,0.0,0.13835070935109797,2.56748498033834,82.35360891213122,-0.04648515914137676,23.324885715259867,0.07771228513858057,72.09614049571829,82.35360891213122,0.20183171313430376,86.07775578886209,,
2025-06-23,KZAP,22699.99,3320.0,8.37302675912279,-0.01346316204433651,0.32881490970194815,0.0,-0.0054007686380213565,-0.0208079364471988,49.68788500737639,-0.007525884765266416,45.200648209454606,0.009011542089728907,53.07003273484726,49.68788500737639,0.1728249657322763,82.8990964702314,,
2025-06-23,KZTK,40499.0,860.0,8.934568467883182,-1.0489466616401903,-0.5037469598141608,0.0,-0.004763196259598021,-0.009328234853201032,49.86007684246825,-0.0030520452396041414,48.05045164993071,-0.03417111454251075,40.21747750873771,49.86007684246825,-0.05632977361384982,41.499485377990375,,
2025-06-23,KZTO,808.0,51880.0,-2.484599535938628,-0.5353669560427503,-0.2727272479338866,0.0,-0.022241839541096965,-0.3240369893882265,45.154698248554226,-0.003720548483419748,47.623356426388874,-0.009247842998585573,47.58553408307948,45.154698248554226,-0.011891623448059045,50.73329753870919,,
2025-06-24,AIRA,746.91,40220.0,1.0292806558631848,-0.5578373471585762,-0.029999995000011444,0.0,-0.017016068440068324,-0.2299452519345164,46.556282067629276,-0.026789197350225686,33.49740485575657,-0.02621968835411416,42.53672886974421,46.556282067629276,0.007900066464309193,54.867549222395596,,
2025-06-24,KCEL,3329.1,1080.0,1.4850771324723708,0.07197241388967861,-0.2664443690074463,0.0,-0.003870351811085736,0.006747724811370591,50.10121573391459,0.002599035453597525,51.66601609438172,0.02335104210919299,57.33226209189857,50.10121573391459,-0.03987016203435509,44.88512896206994,,
2025-06-24,KEGC,1460.0,13200.0,1.181897914998452,-0.4036937351368179,-0.6666665555555741,0.0,-0.0268166394868449,-0.4064077758380639,43.933911199035066,-0.009927489671667754,43.682539305604585,-0.01982809306370949,44.425646660983695,43.933911199035066,-0.043114405305501265,44.21301331127922,,
2025-06-24,KMGZ,16330.0,27690.0,6.34221279615477,1.4710417394411783,-0.18208943823860171,0.0,0.20321077455068567,3.735311911140734,90.38876408499347,0.012169835194743338,57.730265178580574,0.19064790287619435,90.94994079549592,90.38876408499347,0.3010913048338339,93.42707077108852,,
2025-06-24,KZAP,22648.0,3040.0,6.291292342689299,-0.027576731403703453,0.3199093201763238,0.0,0.010126983706469757,0.2587743813769591,53.87383659686422,-0.005639107135848569,46.399765493656886,0.01432209831065359,54.657142965426885,53.87383659686422,0.17674463816139901,83.36009373090991,,
2025-06-24,KZTK,39501.1,1230.0,7.326139094762715,-0.4985543888281576,-0.4842961335848309,0.0,0.02432806610710021,0.5144695679754698,57.65634564414317,0.017121262880844867,60.78976306858531,-0.010005668108177622,47.358253629140364,57.65634564414317,-0.023994502887663166,48.196558484974304,,
2025-06-24,KZTO,808.48,63600.0,-1.8507207815367508,-0.27826247628689205,0.06001445697654241,0.0,-0.020359563939699524,-0.29014599449421924,45.658768506477564,-0.005762223682929294,46.321378015001514,-0.011085008120274322,47.034738354057794,45.658768506477564,-0.01740986385582667,49.576367395626576,,
2025-06-25,AIRA,738.98,90610.0,-0.01193054304270098,0.254361660911298,-0.00380228112786213,0.0,-0.003764978367866172,0.008645008515981576,50.12967483699783,-0.017936492825589307,38.719608222968795,-0.009221828124738242,47.59333807243143,50.12967483699783,0.04349355487636967,62.10086789471152,,
2025-06-25,KCEL,3334.0,650.0,1.6334214226330503,-0.4937482886877257,0.4545454309327049,0.0,-0.016728931356585822,-0.2247752537562683,46.633472352145446,0.00163088358518767,51.04678089496243,0.02181680449624361,56.880268235245836,46.633472352145446,-0.04149877286447472,44.547477529423304,,
2025-06-25,KEGC,1455.5,4470.0,0.7367983176585371,-1.3445975935665353,-0.7872338750566243,0.0,-0.023681439858664177,-0.34995746935187216,44.7698400210008,-0.004115618780433271,47.3711121118132,-0.018054401612929673,44.95293973117908,44.7698400210008,-0.03744433607062422,45.38892892903867,,
2025-06-25,KMGZ,16495.0,3490.0,6.533197157959735,-0.7080764962823003,0.9777777756049383,0.0,0.18007706664357165,3.31878184722375,87.98773383440943,0.02202034009825007,63.73582622131937,0.18981848576047577,90.86749538265252,87.98773383440943,0.28460726133941494,92.525417778169,,
2025-06-25,KZAP,22600.0,3320.0,5.462728166555616,0.10636490036272808,-0.3700793667687075,0.0,0.01686965865992415,0.38017847451285175,55.67807789833365,-0.009272864868661329,44.09529279243857,0.02220675305520438,56.99526076980672,55.67807789833365,0.18192400266891423,83.95392103557823,,
2025-06-25,KZTK,39750.0,3440.0,7.4727423138098,0.7196572601896088,-0.21428571413265304,0.0,0.007887026055705224,0.21844320285639982,53.27196548950971,0.005223712189278227,53.34165973700253,-0.0240117475292004,43.187073305910666,53.27196548950971,-0.039093253968253965,45.04636947876372,,
2025-06-25,KZTO,814.0,72370.0,-0.6377205576142605,-0.08454981125333269,0.799799719739768,0.0,-0.02604699894699895,-0.3925501433071131,44.13881830362159,-0.009343530868530896,44.0506961626537,-0.01911274423774424,44.63816541216135,44.13881830362159,-0.009547799422799475,51.22452774460786,,
2025-06-26,AIRA,735.95,61890.0,-0.4113528710139089,-0.14636455519716896,-0.0175879374889365,0.0,0.0005623994254267441,0.0865608772591389,51.298121375654915,-0.01782102398152914,38.78977948448383,-0.00652115400998817,48.40405981240499,51.298121375654915,0.05742640844842585,64.80963898560302,,
2025-06-26,KCEL,3332.98,380.0,1.6024289153903617,-1.0305322183121353,0.8542856532653131,0.0,0.0051769413557836465,0.16964723128922876,52.54251362808668,0.007668964593580302,54.89607758751354,0.016433720541044014,55.28578136199055,52.54251362808668,-0.041212698496040645,44.60675232085354,,
2025-06-26,KEGC,1458.0,4580.0,0.8609295384893183,-1.2639181512573239,0.146131791200399,0.0,-0.026759024103468546,-0.4053703918001607,43.94924349959317,-0.0064938124632569205,45.85596827643594,-0.020101597099745315,44.34444639548529,43.94924349959317,-0.03794949539486573,45.283935148314114,,
2025-06-26,KMGZ,16394.0,2620.0,5.680738356619779,-0.9948028574040592,0.1754765493470071,0.0,0.23772371599365624,4.356728839327283,93.17595508452534,0.03395488627275555,70.46377632454883,0.20210329049923412,92.02181345607865,93.17595508452534,0.2816177188808913,92.35016087905488,,
2025-06-26,KZAP,22399.99,4590.0,4.052680486227812,0.36699843706312835,0.045127895760779156,0.0,0.026505823676069098,0.5536808134463854,58.22966387800865,0.0013414702270239816,50.86159951104246,0.033381320298137576,60.25393087583223,58.22966387800865,0.17954578214044264,83.68340766172231,,
2025-06-26,KZTK,39305.5,2860.0,5.662849146682877,0.5350076039220649,-0.66332776813393,0.0,0.019494097154705726,0.42743235782316186,56.376573919478524,0.017005528695346,60.719110562539534,-0.011715776670456625,46.845788887232054,56.376573919478524,-0.028442669585802542,47.26587215757005,,
2025-06-26,KZTO,810.0,33410.0,-0.7143395894411282,-0.8127560782751196,0.0010010009007997995,0.0,-0.024701410934744265,-0.368322386001592,44.4975401419644,-0.002954717813051118,48.11265772520616,-0.01569144620811293,45.657158215262,44.4975401419644,0.010267239858906527,55.35867290871529,,
2025-06-27,AIRA,735.0,79140.0,-0.49842638671982376,0.09949494710120045,0.8180163040931482,0.0,0.015485034013605445,0.3552478496969827,55.3086342936134,-0.012602777777777779,42.00537862032057,0.00874892290249437,52.99135834787098,55.3086342936134,0.06697709750566895,66.61405751294853,,
2025-06-27,KCEL,3322.1,300.0,1.2708792985152177,-1.2669100084102995,-0.22384700653278777,0.0,0.001928368458849191,0.11115560159319629,51.66671627291679,0.01705889634974629,60.7516956277322,0.019500487511962965,56.195716414826535,51.66671627291679,-0.044276082445460156,43.97284799149605,,
2025-06-27,KEGC,1453.5,10620.0,0.5312521957734643,-0.35327737258738584,-0.9999998461538698,0.0,-0.023206934001670815,-0.34141383442157863,44.89662601465619,-0.0018405781610890285,48.82512062733272,-0.012449212492014361,46.62619903392747,44.89662601465619,-0.03128860877684401,46.67137307224649,,
2025-06-27,KMGZ,16585.0,2820.0,6.721597501183265,-0.9212405934234585,0.2563667223892471,0.0,0.20426310779964685,3.7542595194191706,90.48707576670782,0.017783256648051644,61.19301584826856,0.18207801094410234,90.06498346424353,90.48707576670782,0.2747060592139579,91.93046751739024,,
2025-06-27,KZAP,22588.0,1050.0,4.307314307053059,-1.1080884305718741,0.8773997579274991,0.0,0.026495335070454602,0.5534919626324757,58.226907832313536,-0.001662729543148279,48.938901842634195,0.02956530304052447,59.149782220515675,58.226907832313536,0.1790814645225306,83.63016699228972,,
2025-06-27,KZTK,39809.0,950.0,6.4047544338765565,-0.5671048918921252,0.43056016993902396,0.0,0.005435858725413852,0.174309124183974,52.61225619875598,0.007697489330999969,54.91416011648771,-0.024257573594469093,43.1145451506128,52.61225619875598,-0.04124257524122125,44.600561119922354,,
2025-06-27,KZTO,807.45,17600.0,-0.5832387086472063,-1.4187135804807147,-0.5095094585075531,0.0,-0.02342051520217976,-0.34525943459326996,44.83954969701854,0.002556055586517168,51.63853538172254,-0.014873822424505235,45.90124951608307,44.83954969701854,0.009824845707680524,55.26696473311994,,
2025-06-30,AIRA,732.2,100320.0,-0.7961788835625002,0.28994375803952194,-0.9499998812500036,0.0,0.03687978694345798,0.7404674539705849,60.92785076478614,-0.014947707062429889,40.550219601691005,0.009864027739840228,53.32530977294705,60.92785076478614,0.06288003581292291,65.84557236100969,,
2025-06-30,KCEL,3333.99,940.0,1.6837957663715084,-0.06686189982365084,0.999393725389689,0.0,-0.0017288809675921751,0.045305615785797115,50.679542392464874,0.022418611819185974,63.97118298569474,0.015515464789150956,55.01260853797996,50.679542392464874,-0.04786055214265639,43.23361849141424,,
2025-06-30,KEGC,1449.99,9400.0,0.2694208209064134,-0.38032677467775006,-0.6805777944961636,0.0,-0.02196997447273036,-0.31914196889439916,45.22744433507352,-0.0030379854836437665,48.05943746575168,-0.01435044729372519,46.05760064059095,45.22744433507352,-0.019430789079333606,49.15271706205871,,
2025-06-30,KMGZ,16616.0,2520.0,6.604121696160706,-0.9257668418744565,0.5582830017645256,0.0,0.1984929740697434,3.6503663527475565,89.93678023144341,0.024798583885488147,65.36334183917008,0.18646139616816074,90.52685747819217,89.93678023144341,0.275134127366241,91.95705988971632,,
2025-06-30,KZAP,22599.0,3980.0,3.9289396805036847,0.2244003701421048,0.68999999655,0.0,0.02970365123614825,0.611258756564862,59.06747013351591,-0.0021501204225218558,48.62711623205057,0.02263612454406959,57.12179149489022,59.06747013351591,0.20427658050609065,86.32166576855352,,
2025-06-30,KZTK,40500.01,7840.0,7.985290157431233,1.5434240609386758,-0.2380820859917963,0.0,0.006113150882114369,0.18650399352587418,52.79464426598145,-0.014192942582185413,41.016914031388154,-0.02545602866674585,42.76138309952877,52.79464426598145,-0.06383360942340824,39.98028121871397,,
2025-06-30,KZTO,807.48,60590.0,-0.036567010330079336,-0.11515707293042095,0.46133327182223527,0.0,-0.01664617186449556,-0.22328514172284483,46.655723371714956,0.0037567175480683955,52.405788509205564,-0.012960152219603869,46.473300974655565,46.655723371714956,0.007262356254732566,54.735075438289485,,
2025-07-01,AIRA,729.2,77220.0,-1.0908971756515855,-0.02935003660962359,0.3643319492545072,0.0,0.034682012033191344,0.7008957896475044,60.36118554656017,-0.0181639929385541,38.58149188620362,0.008681469799475771,52.97114860645111,60.36118554656017,0.0754574275788208,68.17666473317054,,
2025-07-01,KCEL,3348.0,540.0,2.11593652877078,-0.5648807766751893,0.9187257316984826,0.0,-0.01223964840416448,-0.14394422906184584,47.84217769588225,0.033659383000512036,70.30606914560953,0.003889635603345279,51.53336010433234,47.84217769588225,-0.05348453661034307,42.07994507303642,,
2025-07-01,KEGC,1450.0,9290.0,0.26374994676600433,-0.39209782171094354,-0.460188871769389,0.0,-0.0221821565407772,-0.322962377223252,45.170666557649966,-0.00018241652983029153,49.88626840847908,-0.013668869731800773,46.26132846727517,45.170666557649966,-0.02189934318555009,48.63540059572077,,
2025-07-01,KMGZ,16579.0,1140.0,6.241180936736928,-1.7189921810285835,0.046410101105444364,0.0,0.19988184632117317,3.675373457098635,90.07176545459284,0.044631991393778894,75.82027747548746,0.18503548247113147,90.37875968255815,90.07176545459284,0.28421265599912693,92.50249790406177,,
2025-07-01,KZAP,22590.0,1900.0,3.492934675686852,-0.5581099680622802,0.6850034657299955,0.0,0.02640440144185164,0.5518546725669887,58.203011442490414,-0.0026362945045215963,48.316215401848,0.0008253098716246125,50.61242681641557,58.203011442490414,0.22025875545437307,87.82867067133266,,
2025-07-01,KZTK,40299.0,1000.0,5.711978254287942,-0.5158117743778781,-0.1271726747723098,0.0,0.010282663755097312,0.26157745215427675,53.91562753837752,-0.010797770209351704,43.135172073534825,-0.014226836687428142,46.09453905381131,53.91562753837752,-0.06641876721506737,39.461173467095605,,
2025-07-01,KZTO,806.31,19750.0,-0.23005595321293387,-1.1455090141633857,-0.11950969157205164,0.0,-0.018936255995124083,-0.26451886409610226,46.040524912774785,0.0076861220958972624,54.90695430332142,-0.013234154667559539,46.39133320566737,46.040524912774785,0.03240054480995442,59.88794284926126,,
2025-07-02,AIRA,728.0,154470.0,-1.1522680149858764,0.6639907639168454,0.8973019626935651,0.0,0.024056227106227106,0.5095750168354867,57.58463280484083,-0.020868620268620332,36.95410604883244,-0.0006380036630036501,50.172466614224746,57.58463280484083,0.09050921855921851,70.85055779778179,,
2025-07-02,KCEL,3349.7,640.0,2.1696768822357986,-0.3737090698016535,-0.22424622763432805,0.0,-0.011274794828819077,-0.1265717212467211,48.1023361337051,0.031340834194580856,69.05202732766553,0.009164332662342269,53.11579811730878,48.1023361337051,-0.05101291873567444,42.585971865085014,,
2025-07-02,KEGC,1453.99,7980.0,0.5363215079513852,-0.5440967124620167,0.6156968043711892,0.0,-0.025053057923696997,-0.3746539063688763,44.40373725632623,-0.003066403477371584,48.041275199765266,-0.01710660297165862,45.23518007667216,44.40373725632623,-0.021272404861412006,48.76676008051057,,
2025-07-02,KMGZ,16909.0,4970.0,8.246797768001201,-0.24660805625092813,0.9562841503926662,0.0,0.17196408097688184,3.172704856372461,87.03010187592861,0.04600612667997788,76.45941130147841,0.15739573170388269,87.07500118643787,87.03010187592861,0.2733346012314285,91.84472915396624,,
2025-07-02,KZAP,22460.0,4250.0,2.65231906110962,0.24695392575380484,-0.11553784814526753,0.0,0.04625564389602681,0.9092828601048103,63.3107121781076,0.012056973950161821,57.65973547361527,-0.0023902885553152703,49.64559497387326,63.3107121781076,0.27200985950331463,91.76112397833049,,
2025-07-02,KZTK,40080.0,600.0,4.721311895550804,-0.9994020751986117,-0.604010023548847,0.0,0.0165536498431708,0.37448863122577,55.59381465962042,-0.008494330386845356,44.587233728403795,-0.00525237382378101,48.78525430027032,55.59381465962042,-0.05862218895542248,41.03350973117908,,
2025-07-02,KZTO,808.9,81480.0,0.07591282673604255,0.3708178254150742,0.07272726611569895,0.0,-0.019033051645679866,-0.2662617018061128,46.01454736450772,0.004386771669149068,52.807978040836815,-0.014087164373723263,46.13628232822846,46.01454736450772,0.021538604552135306,57.68126717621295,,
2025-07-03,AIRA,725.1,14010.0,-1.4364470644428262,-1.7544866395560577,-0.6891190519656273,0.0,0.023358084434987627,0.4970047270815848,57.4003126529506,-0.017547128803252106,38.95641318716597,0.004802554327481891,51.80755007566216,57.4003126529506,0.10687897958245493,73.602797645598,,
2025-07-03,KCEL,3368.8,420.0,2.1624715974133153,-0.6380846018397676,-0.20768306907396122,0.0,-0.015527693437067721,-0.20314656762409347,46.956568491132415,0.029928627781358665,68.27406478186295,-0.009663469258517994,47.46087000564191,46.956568491132415,-0.05929570211049675,40.8969071131106,,
2025-07-03,KEGC,1453.02,5530.0,0.35553278204168315,-0.8786979507643259,-0.9833329236112975,0.0,-0.024802376216759632,-0.37014029930542197,44.47060330824167,-0.001029257847858405,49.34425564247091,-0.016442968536466894,45.432984202882146,44.47060330824167,-0.019920278290666844,49.05012051529255,,
2025-07-03,KMGZ,17001.12,8250.0,8.580633764455953,0.2601844233287953,0.005575139364545152,0.0,0.15351640121636803,2.8405482794579617,84.60992776436748,0.03202164632739045,69.42329104558547,0.14752368280946876,85.67890616433971,84.60992776436748,0.2636849118287783,91.2176639370113,,
2025-07-03,KZAP,22498.99,2490.0,2.4503875560951456,-0.36726075470947744,-0.09691690816663504,0.0,0.056633580169986666,1.0961410359266628,65.87400791707219,0.010298664052552777,56.5570652473968,-0.021788045813654476,43.84444219074781,65.87400791707219,0.26568828791729115,91.35133400120151,,
2025-07-03,KZTK,40094.9,860.0,0.4938145187640314,-0.6082465418980451,-0.0009680542078979633,0.0,0.010008758125117912,0.2566456906735564,53.84209633679568,-0.017917457239445482,38.731173074108696,0.0021784221992845413,51.019171031992784,53.84209633679568,-0.06123748578323332,40.503865398369626,,
2025-07-03,KZTO,810.1,148750.0,0.17090893543022648,0.9727270137170444,-0.22403000950812918,0.0,-0.022846247915699218,-0.3349195621221728,44.99304431296171,-0.0006113277216412629,49.61173652569844,-0.015580367797038606,45.690307301999404,44.99304431296171,0.02672325834748991,58.73896341096897,,
2025-07-04,AIRA,728.0,82970.0,-1.010994795585831,0.024215114693704916,0.0,0.0,0.00923598901098906,0.24273172712765298,53.63455388208303,-0.016829761904761893,39.39406360945811,0.001984432234432204,50.96086486703305,53.63455388208303,0.09378925518925513,71.41540525034137,,
2025-07-04,KCEL,3389.0,610.0,2.734538352174034,-0.07878057196756633,0.9599198204424887,0.0,-0.02177374594275604,-0.31560880929626123,45.27996416822367,0.023181672146580675,64.42023134140503,-0.01446345670165381,46.02383395879618,45.27996416822367,-0.06253274974591,40.242359480231435,,
2025-07-04,KEGC,1455.3,20190.0,0.5009699737533578,0.5278073004948222,0.97297284149012,0.0,-0.025602578506149904,-0.38454820624729824,44.25723108907717,-0.007408766233766202,45.27493392650369,-0.018011114546828796,44.96582303758444,44.25723108907717,-0.020837916580773684,48.85780650209822,,
2025-07-04,KMGZ,16931.0,2250.0,7.281475813335583,-1.039095113110842,-0.6949748708795379,0.0,0.15205145738586018,2.8141714811597267,84.40271736977844,0.030527231184837057,68.60510723476034,0.17388804911250424,89.14814368501771,84.40271736977844,0.26611488065940847,91.37955842219941,,
2025-07-04,KZAP,22619.99,3640.0,2.357035748861439,0.09201878945254136,0.1533333325220628,0.0,0.04778846875042819,0.9368818786945198,63.69450359681414,-0.02606783572795995,33.910084983454475,0.0037232295679722454,51.48337055944761,63.69450359681414,0.23858715492113133,89.3786838270999,,
2025-07-04,KZTK,40238.0,1220.0,0.0441074701741241,-0.16231373447350694,-0.16224307509341065,0.0,0.0069914272578160755,0.2023176502201091,53.031043627515885,-0.01920879416282642,37.949576339851845,0.007353373025734971,52.57304513897964,53.031043627515885,-0.057518649590492126,41.25762904023875,,
2025-07-04,KZTO,812.0,69330.0,0.386794732562245,0.11021212582019321,-0.33444534324892783,0.0,-0.023451108374384237,-0.3458102747795869,44.831375247779924,-0.0006167077175697863,49.608293082123396,-0.021608784893267653,43.89753258409717,44.831375247779924,0.032090695128626175,59.82550228773822,,
2025-07-08,AIRA,723.51,34520.0,-1.4899523224493285,-0.85272342858089,-0.8986401855821856,0.0,0.01808857425210829,0.4021254529894727,56.00278959807581,0.0017439447475304055,51.11911565339078,0.02091606641827437,56.614366396289824,56.00278959807581,0.09833043145814946,72.18649067177603,,
2025-07-08,KCEL,3419.0,1130.0,3.579713860754459,0.5607210724067947,0.9607842823273168,0.0,-0.033151687117276535,-0.5204724041724336,42.255747453198936,0.013299296299391358,58.43431248312424,-0.025009154027214837,42.8929843715873,42.255747453198936,-0.06812097278513624,39.1206509909216,,
2025-07-08,KEGC,1450.05,27910.0,0.13930935070387732,0.8516043015981272,-0.7959182899982307,0.0,-0.022696873096329978,-0.33223001908353506,45.03298612241957,-0.0003557179062790624,49.77534216487084,-0.014470802730940218,46.02163912564913,45.03298612241957,-0.018525301713733976,49.34252465738047,,
2025-07-08,KMGZ,17079.22,5880.0,6.622563116381268,0.08146081994676423,0.03375999986496932,0.0,0.13797668903897556,2.5607506208858855,82.29481212354848,0.0176928494908404,61.13803336609912,0.15515717134902038,86.76895374466945,82.29481212354848,0.24901724006605408,90.18094316339564,,
2025-07-08,KZAP,22620.0,4660.0,2.0020686197412636,0.29198285143475955,0.143208660242706,0.0,0.042483354385078526,0.8413615395185213,62.35906566247338,0.013719530756599721,58.6954046731231,0.016941170898067452,55.43660756023492,62.35906566247338,0.2185567544524441,87.67525554011392,,
2025-07-08,KZTK,40049.91,1110.0,-0.7207817530401655,-0.1346566726758544,0.25178076295206614,0.0,0.0064464891449550095,0.19250585922265215,52.88438187465635,-0.021429116497568894,36.62039553481941,0.015578510779246534,55.03137401228053,52.88438187465635,-0.05787668282168793,41.18487538577278,,
2025-07-08,KZTO,813.0,55420.0,0.4940988604354678,-0.1817347390099187,-0.7499999062500118,0.0,-0.026126079189363258,-0.3939740092320584,44.11775485899172,-0.0032027631347742325,47.9541334633352,-0.020368169038833244,44.26533325649447,44.11775485899172,0.026367593568792792,58.66665143550567,,
2025-07-09,AIRA,718.2,52160.0,-2.152920880909528,-0.4216920050059766,-0.13333332222221558,0.0,0.018764250905040337,0.41429123465158374,56.182566498685894,0.008879504316346307,55.662271787019904,0.031136897800055612,59.60570394505786,56.182566498685894,0.08529849624060147,69.93987502834446,,
2025-07-09,KCEL,3471.0,1770.0,4.314843065766279,1.0094830227673777,0.9971866507640109,0.0,-0.044740641162832176,-0.7291353555984715,39.23413090737136,-0.00048803967568012514,49.69064746052364,-0.05072858651959776,35.536194239255295,39.23413090737136,-0.08259624782209046,36.270495283351465,,
2025-07-09,KEGC,1454.2,7440.0,0.4230439303063421,-0.4705050288550874,0.5333332888889002,0.0,-0.02622524188284403,-0.39575946633299397,44.09134533874768,-0.004525045353033344,47.10984328540822,-0.017250814171540375,45.19221589618894,44.09134533874768,-0.020268623778306075,48.977112402482874,,
2025-07-09,KMGZ,17370.0,2260.0,8.171891340824855,-0.9553387898324661,0.7918215583947154,0.0,0.12137296035858211,2.2617949931813546,79.52842222516165,-0.001699259807549963,48.915530143809896,0.125239526276832,82.06645667620948,79.52842222516165,0.22437849329714615,88.19321621490778,,
2025-07-09,KZAP,22600.0,2790.0,1.6460916425318974,-0.29704629325847576,0.6423057920651677,0.0,0.025724817390082803,0.5396185368961831,58.02430275792363,1.6392751790981954e-05,50.013522991106164,0.022410928501193986,57.05544037235835,58.02430275792363,0.23528966146930747,89.11327595921222,,
2025-07-09,KZTK,39987.94,240.0,-0.7014708495966163,-1.6300512544845491,0.25297509832671794,0.0,0.011782224451187918,0.288577538569215,54.31788105986739,-0.015408169036774168,40.26633222409733,0.007320821311752339,52.56328328835593,54.31788105986739,-0.049080850377182426,42.982623874872836,,
2025-07-09,KZTO,814.99,8740.0,0.7729616278542218,-1.9607484456625945,-0.20080317252948268,0.0,-0.03274444608532546,-0.5131398946694482,42.36313297448692,-0.005522700132458546,46.47389742302082,-0.021711335011024596,43.86715934932705,42.36313297448692,0.024391967084219687,58.26430429612437,,
2025-07-10,AIRA,715.05,107890.0,-2.50863588464844,0.30510330625354615,-0.4842577984621219,0.0,0.016427176421229303,0.3722114354240156,55.56008168081229,0.02219804034682895,63.840919467300864,0.0358919865743655,60.974803578771706,55.56008168081229,0.07821182085168878,68.67573132492498,,
2025-07-10,KCEL,3465.0,13720.0,3.8294201410860444,3.034367809117144,0.5527022909420377,0.0,-0.04031075036075036,-0.6493737062189109,40.380776446175055,0.0011266594516594255,50.724137081805566,-0.028284415584415648,41.9308912436747,40.380776446175055,-0.07410209235209242,37.93271118301516,,
2025-07-10,KEGC,1454.01,19680.0,0.4047667487605313,0.6750173773954027,0.33555920942250056,0.0,-0.026788221784680186,-0.4058961057094978,43.941473422850905,-0.005844795010252429,46.26881556547321,-0.018494617250618232,44.82195936588361,43.941473422850905,-0.02130386630274698,48.76016768921181,,
2025-07-10,KMGZ,17739.0,3260.0,7.844166868359545,-0.5083677728441722,0.9954545431921488,0.0,0.0866705213693798,1.6369660989856842,72.75404942508038,-0.010922746692115032,43.05670178656459,0.14801546954651976,85.75132902240053,72.75404942508038,0.1874971149122595,84.57362144905676,,
2025-07-10,KZAP,22799.98,9520.0,2.0886718630191288,1.006361798960083,0.2071470246742457,0.0,0.0034092924204319683,0.13782012743795186,52.06612470252655,0.013492934343217279,58.55467979910928,0.013715186329110767,54.476178707621436,52.06612470252655,0.2283146456707418,88.5326448068473,,
2025-07-10,KZTK,39863.0,1170.0,-1.0484024601595583,-0.012739007293198181,0.31326599585636883,0.0,0.0024027366946075684,0.1196967586076264,51.79468005707544,-0.007200995522760693,45.40676993155867,0.01051979207356625,53.521560845887265,51.79468005707544,-0.04346876534272733,44.139723634448,,
2025-07-10,KZTO,814.94,26550.0,0.7962461664130064,-0.781498127006448,0.959999680000143,0.0,-0.03255927184823429,-0.5098057712716316,42.41198556131808,-0.007921616519825658,44.94980429270313,-0.02518293125874304,42.84179621460487,42.41198556131808,0.01979509534444246,57.32394327846176,,
2025-07-11,AIRA,714.61,32800.0,-2.4089254187284386,-0.9038336427949863,-0.8286557733636842,0.0,0.015609473004811348,0.35748841490031624,55.34186153911409,0.03957297855662419,73.36700658277373,0.050531845747586124,65.07483194188019,55.34186153911409,0.09430365159773016,71.50339056745172,,
2025-07-11,KCEL,3480.0,990.0,3.005413678541289,0.4054639954849967,0.9999999736842113,0.0,-0.05427965243568693,-0.900888409243848,36.80635909991582,-0.0037114668856048426,47.62915631649223,-0.03883014504652437,38.877914889261795,36.80635909991582,-0.08328806787082643,36.13648744860587,,
2025-07-11,KEGC,1456.0,15620.0,-0.07987864376754819,0.4439681289804335,0.20079918073934186,0.0,-0.028830097680097675,-0.4426607566960027,43.39884768965614,-0.00584090354090354,46.27129257376985,-0.019372680097680065,44.56091951625637,43.39884768965614,-0.021997680097680113,48.61479818164844,,
2025-07-11,KMGZ,17597.89,3970.0,6.519510275788589,-0.3113292565218804,-0.35188467724043454,0.0,0.0924076079943008,1.7402642415995084,73.9651602783609,-0.0029737500555509088,48.10049294768255,0.1394255681629022,84.44180700907356,73.9651602783609,0.20755863022927165,86.64343216977028,,
2025-07-11,KZAP,22800.0,10190.0,1.651555411667821,0.9983178091785797,-0.9996165548349557,0.0,0.010254406850459558,0.2610686772383784,53.90804262768165,0.00567827903091061,53.63120550935256,0.022321700083542187,57.029143336203916,53.90804262768165,0.2600384294068505,90.96956321155277,,
2025-07-11,KZTK,39500.0,660.0,-1.918043731533889,-0.5639343502707469,-0.9999999977777778,0.0,0.01646631002612015,0.3729160489261803,55.57051994114516,0.004500779586096123,52.880716595654555,0.01898936608398634,56.044334668486904,55.57051994114516,-0.034169087803897935,46.07062060324805,,
2025-07-11,KZTO,812.1,16309.999999999998,0.4302858821275685,-1.268747861013141,-0.5466665208889157,0.0,-0.02886458549556995,-0.44328172122277487,43.389695798911234,-0.00567953923103538,46.374020669213756,-0.02357514629913044,43.31595933538066,43.389695798911234,0.02717707677332721,58.83117672745433,,
2025-07-14,AIRA,717.99,25230.0,-1.8743001948292402,-1.1662274846116234,-0.6378525352272475,0.0,0.021855575170499138,0.46995155071720285,57.0029357412534,0.0332662026397768,70.0954805905318,0.06331140661197693,68.48244724606303,57.0029357412534,0.0819815635779514,69.35180388536621,,
2025-07-14,KCEL,3478.0,710.0,2.8397711808467863,0.07302489958031,0.8974358744247213,0.0,-0.054288714322224985,-0.9010515715088019,36.80408210740102,-0.016612719862719862,39.52681594478244,-0.03828681827724381,39.03331166173769,36.80408210740102,-0.09181753927179453,34.50252581771846,,
2025-07-14,KEGC,1449.0,13720.0,-0.5842245199675505,0.31427083268936384,-0.9999999028182797,0.0,-0.026112474120082815,-0.3937290454588608,44.121378491244954,-0.005162698412698419,46.703255916127254,-0.01574544513457557,45.64104472439062,44.121378491244954,-0.015049378881987579,50.07127299189147,,
2025-07-14,KMGZ,17500.0,2750.0,4.9614135075922485,-0.48578659934445834,-0.999999995,0.0,0.11010753968253968,2.0589573671040977,77.47578390164365,0.03747165079365088,72.30261758319205,0.14255965079365074,84.93061682750029,77.47578390164365,0.21435888888888877,87.28975311300744,,
2025-07-14,KZAP,22100.0,24640.0,-1.8435506297863418,1.8720040495607029,0.7999979991799941,0.0,0.044827384543561014,0.8835665779696121,62.95157517408969,0.037670024420024414,72.40421473013583,0.058915531853767154,67.33030753150413,62.95157517408969,0.321182909574086,94.38914737035911,,
2025-07-14,KZTK,39589.0,200.0,-1.5923231584311772,-1.7316488150358704,0.264383194191925,0.0,0.017094922180564024,0.3842344187232236,55.73812413899167,-0.0026218010093391774,48.3254820034613,0.035235544645839174,60.78677165613875,55.73812413899167,-0.036400159115066034,45.60608271928165,,
2025-07-14,KZTO,814.0,19330.0,0.6625157059761166,-1.0988686291142284,0.6666665555555741,0.0,-0.027169680394680353,-0.4127643941759651,43.83998721140581,-0.00617045942045942,46.06158924055666,-0.019127426777426775,44.633801465494464,43.83998721140581,0.01363386958386957,56.055335949821675,,
2025-07-15,AIRA,727.0,57450.0,-0.5612281996753063,-0.3433484524250826,0.4454664621901116,0.0,0.021147257155957336,0.4571980505409549,56.81528627297687,0.012026308923385954,57.64056675448156,0.04341162474618458,63.104293667199826,56.81528627297687,0.06663945492456497,66.55105166363661,,
2025-07-15,KCEL,3475.0,680.0,2.5030116573442895,0.02985287315440888,0.0,0.0,-0.054790244946899685,-0.9100817963214803,36.678153798704635,-0.004284221194472967,47.263503001209486,-0.043473732442617284,37.559297487934295,36.678153798704635,-0.08045575254082452,36.68646180763338,,
2025-07-15,KEGC,1454.0,10490.0,-0.24497327934065224,-0.12695566544247053,0.8779341349085567,0.0,-0.02917598906137421,-0.4488886454430179,43.30708039066526,-0.008207528765747523,44.76873099849602,-0.01938067236523217,44.55854484519868,43.30708039066526,-0.019316528569245213,49.176667032746515,,
2025-07-15,KMGZ,17434.0,2440.0,4.056070197024032,-0.42440933463113567,-0.690895037543095,0.0,0.11753336351518924,2.1926617818079164,78.84482408575249,0.06945500167525233,85.54997498460055,0.14567097693614559,85.40331163495517,78.84482408575249,0.2075607933139222,86.64364210784207,,
2025-07-15,KZAP,23000.0,31600.0,2.4520200514932595,2.0769117834127075,0.6694490806853939,0.0,0.01626433747412002,0.36927946631124126,55.51664174868088,-0.0009304520358868183,49.40748986810171,0.01331982401656315,54.358228747748896,55.51664174868088,0.2542167529330573,90.56036822244576,,
2025-07-15,KZTK,39315.02,450.0,-2.2133399384464223,-0.9207231926641368,-0.6164488609798544,0.0,0.03705359584429767,0.7435969407293345,60.97254158202576,0.01050315693130675,56.685662468503764,0.041574268224665756,62.58831057643979,60.97254158202576,-0.03452794809093223,45.99585303519286,,
2025-07-15,KZTO,812.9,28670.0,0.5205108235564978,-0.7046767608774822,0.35085002305254237,0.0,-0.027121462693824004,-0.41189621852075814,43.85281259598521,-0.007225413178762327,45.39127290696655,-0.02149725600290548,43.93057033646022,43.85281259598521,0.024817714600089476,58.351105111038436,,
2025-07-16,AIRA,726.79,14550.0,-0.3377903959136551,-1.7119642336030994,0.0979591636817843,0.0,0.001298735508412075,0.09981885202659692,51.496835381949055,0.016444584601958172,60.37603849550561,0.03133602332566103,59.663354069484754,51.496835381949055,0.06416973805450674,66.08840394189532,,
2025-07-16,KCEL,3480.0,30620.0,2.584625248187861,3.8146930256422467,0.9999999666666678,0.0,-0.05789599069512862,-0.9660017759552634,35.90243936365381,-0.00943185550082108,43.994968846495865,-0.04344478653530384,37.567462498813036,35.90243936365381,-0.0918902846195949,34.488740091573874,,
2025-07-16,KEGC,1452.1,16610.0,-0.33407587038710734,0.45340466685069125,-0.31111107654323394,0.0,-0.02754959186093916,-0.419604825807546,43.73896381193138,-0.004553324249608878,47.0918032534391,-0.018215942182258145,44.9048672352992,43.73896381193138,-0.017344514403332602,49.59006806658324,,
2025-07-16,KMGZ,17394.0,1620.0,3.639108031819914,-0.8339799809119273,-0.015706806200487925,0.0,0.11899051000071179,2.218898186330188,79.1062020254517,0.08606096108674592,90.0569943229493,0.1443134763218844,85.19859998296587,79.1062020254517,0.23227520546220098,88.8655730601073,,
2025-07-16,KZAP,22670.0,4120.0,0.2262684229758797,0.03960907006044664,0.2972078649801509,0.0,0.04794822592615934,0.9397583594941251,63.73440464682039,0.02021707416976488,62.662074266898024,0.04193625149662865,62.69019691794492,63.73440464682039,0.27078743392078203,91.68328471244298,,
2025-07-16,KZTK,39495.0,500.0,-1.7016350193472343,-0.8153630548634158,0.5730337062555233,0.0,0.022236479150465102,0.47680985288642264,57.1037630436972,0.0005642079467563705,50.36416467598252,0.03742930162950102,61.41387100252138,57.1037630436972,-0.042721737531574204,44.294255331532916,,
2025-07-16,KZTO,813.0,17740.0,0.5201427598339675,-1.1847046244428956,0.33333322222225925,0.0,-0.02711366045803317,-0.4117557366842234,43.85488798319295,-0.00556716745738886,46.44557726473622,-0.018529498330697582,44.81158400648066,43.85488798319295,-0.01716017688748317,49.6287151981699,,
2025-07-17,AIRA,733.13,24560.0,0.9121499309196877,-1.1578922114207337,0.3020908217670597,0.0,-0.0022489835222709274,0.03594099722946498,50.53909406727563,0.002188408268613001,51.40342815362139,0.017497879092666212,55.60195914991435,50.53909406727563,0.053442471819567246,64.04390220461347,,
2025-07-17,KCEL,3479.6,555470.0,1.4033979921678383,4.104982775960408,0.2444444399176922,0.0,-0.0592296501422349,-0.990014755499102,35.571556678071666,-0.011610693164877528,42.62538789987052,-0.04191431440760382,38.000172125967055,35.571556678071666,-0.06798905913286873,39.147002658434474,,
2025-07-17,KEGC,1450.0,22650.0,-0.41152510705328765,0.7635594171923759,-0.7575756657484042,0.0,-0.026121524356869184,-0.39389199796618146,44.11896800555469,-0.0031177613574165175,48.00845310555188,-0.017181102900930424,45.2129837641443,44.11896800555469,-0.01729611384783799,49.60021540004049,,
2025-07-17,KMGZ,17600.0,1330.0,4.567032394225463,-0.9312137344759486,0.365079363920383,0.0,0.12248684163059172,2.281850793975978,79.72363996294615,0.11365739538239539,94.83452073377876,0.11918658910533905,80.96991351017714,79.72363996294615,0.2163173069985569,87.4708667728136,,
2025-07-17,KZAP,23178.0,25030.0,2.4035926177941116,1.8438296238397938,0.9172932313584714,0.0,0.020726051078814478,0.4496140957794017,56.70360607285119,0.0006927355168488999,50.44642778284674,0.030687887015190925,59.475610779660016,56.70360607285119,0.26208457116559625,91.10954689781086,,
2025-07-17,KZTK,39699.0,3120.0,-1.0917685990301171,1.084291270964145,-0.1133333332074074,0.0,0.014790459007603646,0.3427417969359335,55.12308510438334,-0.005144321915269546,46.71496747593123,0.0258174508713785,58.05628772758703,55.12308510438334,-0.048408128308377686,43.12094760914984,,
2025-07-17,KZTO,811.0,13230.0,0.25924144141679617,-1.3999908466151199,-0.33222031181630957,0.0,-0.0173515936625369,-0.23598649456288115,46.46610464900747,-0.004337013876656293,47.22981368317521,-0.018399607089033695,44.85022237334974,46.46610464900747,0.00872369991975417,55.03854318955441,,
2025-07-18,AIRA,745.1,81960.0,2.799881082379291,0.16411333105076006,0.9999999502487587,0.0,-0.017326632251343732,-0.23553705609666145,46.47281261323626,-0.0075988185776704395,45.154398672352094,-0.008793127107685539,47.72195723099115,46.47281261323626,0.05154741725303726,63.67710721805375,,
2025-07-18,KCEL,3477.85,740.0,0.10168026420526396,0.06273560610361806,0.11404561596547123,0.0,-0.04178164487569973,-0.6758576485591093,39.99881246122108,-0.011116349380923367,42.935211414012485,-0.041680205231931555,38.066532146698925,39.99881246122108,-0.06468009691606127,39.81004978206544,,
2025-07-18,KEGC,1452.0,20400.0,-0.15572788968487636,0.6589346425359853,0.4366196568141256,0.0,-0.025490446674537523,-0.3825292355238774,44.28711821883341,-0.005788728191000981,46.304505137409954,-0.01778800013118195,45.03223810532713,44.28711821883341,-0.018759081070444703,49.293517965815774,,
2025-07-18,KMGZ,17600.0,6630.0,4.3742677490970525,0.779746302809836,-0.8056155490159491,0.0,0.12351093073593075,2.3002898571048243,79.901893018975,0.12416994949494949,96.00475415640855,0.11311418650793643,79.81903617095223,79.901893018975,0.21955703463203463,87.7656191726365,,
2025-07-18,KZAP,23000.0,5530.0,1.2359700828027242,0.3114704120073738,-0.9999999974937344,0.0,0.06390025879917184,1.226979988593991,67.61617135044379,0.014071135265700484,58.913482539398345,0.035728588681849555,60.92802995148215,67.61617135044379,0.2953141097308488,93.12320098079529,,
2025-07-18,KZTK,39799.98,3060.0,-0.6510873603020435,1.0648731494252601,-6.666666654488415e-05,0.0,0.015385342481866151,0.3534528706882532,55.28201160120971,-0.01538620103577953,40.27986145150205,0.02383571882089244,57.47479973933237,55.28201160120971,-0.04821396110715934,43.16089193809167,,
2025-07-18,KZTO,810.0,69490.0,0.10160546306217157,0.4882722794315404,0.7777776913580343,0.0,-0.017336992945326247,-0.23572360381932175,46.470028333489644,-0.004337345679012346,47.229601953534804,-0.015436199294532627,45.733337140072486,46.470028333489644,0.019876058201058172,57.340553468625245,,
2025-07-21,AIRA,744.1,58600.0,2.7102482039960583,-0.17138288044201638,0.002441008751746465,0.0,-0.013563661171586945,-0.16778351694668117,47.48537059042877,-0.007671659275186996,45.10821653513321,-0.005032069315653542,48.851458609157035,47.48537059042877,0.05580868573519087,64.49959430840279,,
2025-07-21,KCEL,3431.0,950.0,-1.3415855536316155,0.3125383138920521,-0.7728993040707935,0.0,-0.028154298228569578,-0.43049276400454584,43.578271917016856,-0.0031023809523809524,48.01828232568185,-0.031034559085462675,41.127729352721765,43.578271917016856,-0.04431244592950361,43.96533469208317,,
2025-07-21,KEGC,1446.01,11700.0,-0.5375643723976582,-0.017789521561475508,-0.9966665005555863,0.0,-0.022692375590609864,-0.332149040005188,45.03418882437779,-0.0019958879129137914,48.7257688928026,-0.014351142991941805,46.057392758120066,45.03418882437779,-0.012856133168522944,50.53110429361454,,
2025-07-21,KMGZ,18209.99,2560.0,7.693499082017021,-0.17184992574925628,0.9999999972298402,0.0,0.08222561363448176,1.5569340647628942,71.79185855160217,0.09080266786972155,91.09246175194184,0.07172592056765409,70.62491514919552,71.79185855160217,0.17414535082792545,83.05551052830577,,
2025-07-21,KZAP,23001.0,3270.0,1.1799704288830104,-0.21392644829993152,-0.490645320206882,0.0,0.05098260546642899,0.9943933669443676,64.48863040914384,0.015913314017403014,60.050169983719925,0.03047178311087924,59.41295079506992,64.48863040914384,0.27525124037050147,91.96432121878001,,
2025-07-21,KZTK,39607.9,180.0,-0.9493458532494257,-1.7683317029584633,-0.999999994794378,0.0,0.015449533166924292,0.3546086452081658,55.29915411620657,-0.009487218320683725,43.96004607851419,0.023448292063508056,57.36087199337312,55.29915411620657,-0.047954837738398946,43.21421298672297,,
2025-07-21,KZTO,811.5,35380.0,0.17258752727915394,-0.1867631158892134,0.7435895529257541,0.0,-0.020384539946600944,-0.2905956957609946,45.65207391713921,-0.007661838746589265,45.114442413602454,-0.01872820907783933,44.75248623845701,45.65207391713921,0.03199837528973388,59.806891921513575,,
2025-07-22,AIRA,738.0,18530.0,1.2261836023543344,-1.1790260822921208,0.14285713265306196,0.0,-0.007709949670925269,-0.06238550486352565,49.064326672344464,0.014474128919860663,59.16300324391215,-0.0034975609756097304,49.312696879121454,49.064326672344464,0.06601383081687959,66.43415093020475,,
2025-07-22,KCEL,3470.9,1240.0,-0.19457924487228928,0.5366774459259849,0.8176967359338251,0.0,-0.04559000991005949,-0.7444285208788581,39.01558608283472,-0.014884084053493311,40.58949511484015,-0.03914472839257192,38.788043972563706,39.01558608283472,-0.06053137262097981,40.64665369407886,,
2025-07-22,KEGC,1446.58,12990.0,-0.454121526697878,0.04245916307443469,-0.8050418815055921,0.0,-0.021356953400982717,-0.30810432169911406,45.39155186615049,0.0022155898466158213,51.420812787969396,-0.015430358193501558,45.73508066267382,45.39155186615049,-0.014939143923917209,50.09438556002112,,
2025-07-22,KMGZ,18699.0,3500.0,8.934568467883182,0.228514733820721,0.999999997955052,0.0,0.04809807145276422,0.9424563777722591,63.771812969888245,0.05685040268259828,81.08716851557885,0.04592459846337593,63.805165516749575,63.771812969888245,0.13700479507434832,78.21228693123847,,
2025-07-22,KZAP,23050.0,5350.0,1.3639848258021432,0.2783792210178735,0.19993599407978102,0.0,0.05955459835416452,1.1487349346584834,66.5798053435485,0.018547759356815824,61.65680856393709,0.010906049650518126,53.637105816366905,66.5798053435485,0.20298202062459114,86.192966241835,,
2025-07-22,KZTK,39850.0,5150.0,-0.2741948249791368,1.6643132110231582,0.45985108318153245,0.0,0.002793479516440621,0.1267322123795301,51.9000677611976,-0.015396256298420613,40.27366862718292,0.020916464519726823,56.61448400291121,51.9000677611976,-0.05408275427695127,41.957714464802784,,
2025-07-22,KZTO,809.55,10130.0,-0.12845039982256845,-1.222406719307415,-0.14705878027686375,0.0,-0.0179312334012723,-0.24642309981413163,46.310372561295765,-0.0075843694027546114,45.16356066905433,-0.02055236859983939,44.21068353642568,46.310372561295765,0.034475901735532194,60.305330356731716,,
2025-07-23,AIRA,741.0,58870.0,1.428388843935963,0.01445765592491436,-0.7979797173757858,0.0,-0.012471569950517318,-0.148120053227775,47.77966040680198,0.007600563909774368,54.85271146074098,-0.014245943384101328,46.08882914064766,47.77966040680198,0.05888773215089008,65.08864068151448,,
2025-07-23,KCEL,3457.99,790.0,-0.5704301576687029,-0.06136663490521705,0.14307304425507214,0.0,-0.03849534077439328,-0.6166866560461937,40.85381234871042,-0.011481781513180047,42.706126839977934,-0.03275670048735067,40.62715681164683,40.85381234871042,-0.056360051074720585,41.49332081170537,,
2025-07-23,KEGC,1450.0,25690.0,-0.1572413934660161,0.732850131896036,0.34744943720408356,0.0,-0.020089272030651348,-0.28527929925434986,45.731227753940644,-0.004473604269293931,47.14266116586479,-0.0184745347564313,44.82793309802747,45.731227753940644,-0.01544937055281883,49.98740799035813,,
2025-07-23,KMGZ,18944.99,3840.0,8.934568467883182,0.3212240396787596,0.906923863477625,0.0,0.03556009717843307,0.716706003174045,60.58793043345222,0.048891974999220086,77.76322897260648,0.02188783745184472,56.90122081835482,60.58793043345222,0.12166957951952392,75.94139191589788,,
2025-07-23,KZAP,23198.76,4270.0,1.9663220772273868,0.020107086445113914,0.8159999962908946,0.0,0.053840458886595735,1.0458499632041207,65.19246430753834,0.005745834106157961,53.674215703100224,-0.008586370472264088,47.78399939760762,65.19246430753834,0.19293547118158788,85.15933811510847,,
2025-07-23,KZTK,39640.0,860.0,-0.7284561200408528,-0.2043632715206106,-0.3066155665542205,0.0,0.008196473819935022,0.2240149122222801,53.355174054693144,0.005852644034404889,53.742207049615054,0.013717110742716155,54.47675270362423,53.355174054693144,-0.04753407252574765,43.300829300117755,,
2025-07-23,KZTO,811.0,13690.0,0.03281557255818921,-0.8186092842827508,0.9999996644296427,0.0,-0.013612261953692285,-0.16865859010650644,47.4722778666155,-0.007416850155598614,45.269805791934616,-0.02219823899555712,43.72301147998321,47.4722778666155,0.020844264380639216,57.53905955629441,,
2025-07-24,AIRA,737.01,16450.0,0.8870817249056103,-1.2727076374684336,0.07846153242603457,0.0,-0.004387830849358433,-0.0025696564641638003,49.96145516067305,0.007741894857018816,54.94230728125123,-0.010245535871775326,47.28633688651485,49.96145516067305,0.0946777260727224,71.56727201031889,,
2025-07-24,KCEL,3450.0,760.0,-0.8069124338797232,-0.0065571368441738505,0.22958397180918488,0.0,-0.03597346445824705,-0.5712794386916384,41.51373356253188,-0.0162876121463078,39.725954633557635,-0.040319547964113196,38.45309691144977,41.51373356253188,-0.06425460662525877,39.89558675964412,,
2025-07-24,KEGC,1449.98,11570.0,-0.1187573544785858,-0.06483550645283627,0.9920157700567397,0.0,-0.02294633864681667,-0.3367217288477684,44.96628434112615,-0.003768181093685602,47.592937292692525,-0.01914572043905587,44.62836433634336,44.96628434112615,-0.019627843717384626,49.11141366084271,,
2025-07-24,KMGZ,19655.0,12690.0,8.934568467883182,1.5165654540480884,0.22272359718761142,0.0,-0.013261900118310705,-0.16235020935442285,47.566670656414445,0.007432464981243918,54.74610532563299,-0.01828778704477636,44.88349013597205,47.566670656414445,0.0957335359353611,71.74710830149866,,
2025-07-24,KZAP,23266.0,2160.0,2.197886973677383,-0.6791591562967643,0.08148148117969822,0.0,0.0460905114623287,0.9063095960072771,63.26926411492625,-0.01874435377463401,38.22998843412382,-0.004775773320015915,48.928483873155606,63.26926411492625,0.14517023973261617,79.35669127635472,,
2025-07-24,KZTK,39618.0,370.0,-0.8030547154968195,-0.9689314911005259,-0.3894140225076922,0.0,0.006284020611121925,0.1895805595234551,52.84064620120248,0.012827897492481772,58.140868053412035,0.01895905486683542,56.03535366075065,52.84064620120248,-0.05242052944909596,42.297587166362966,,
2025-07-24,KZTO,810.0,18630.0,-0.11267051162469667,-0.393404127328343,0.49999987500003124,0.0,-0.009911199294532632,-0.10201973254980388,48.4701816535918,-0.0079016754850088,44.962438354289134,-0.020723412698412644,44.15994942657062,48.4701816535918,0.015412918871252235,56.422534447726655,,
2025-07-25,AIRA,741.75,265650.0,1.615397942054567,1.5213049238171696,0.17721516744111568,0.0,-0.003396260051037603,0.015283903789174574,50.229256950222876,-0.009512097757876311,43.94435411920025,-0.005889186207007213,48.59390885875477,50.229256950222876,0.10630090800391603,73.50849577971623,,
2025-07-25,KCEL,3449.98,8370.0,-0.8108494703182528,2.3795102249901303,0.6227322932392754,0.0,-0.034528405181920976,-0.5452606683696171,41.893267502263086,-0.010654305382676685,43.22529331692846,-0.04087647319924655,38.29469421011745,41.893267502263086,-0.06400964745183245,39.94485930408027,,
2025-07-25,KEGC,1448.1,10200.0,-0.2393299124198248,-0.19086316056252256,-0.9333330222223866,0.0,-0.022768605907247864,-0.3335215920746241,45.01380445498721,-0.0031638972742607913,47.97896975901483,-0.019914735811457314,44.399920162500145,45.01380445498721,-0.03856573465723553,45.15591107888089,,
2025-07-25,KMGZ,19840.0,7400.0,8.934568467883182,0.9772312613372591,-0.16928911626229462,0.0,-0.02460593798003069,-0.3666033638677923,44.523014635805566,-0.00561500256016385,46.415114810079075,-0.017425966461853556,45.14004322046362,44.523014635805566,0.08680693804403483,70.20517323631552,,
2025-07-25,KZAP,23395.0,7580.0,2.7170712133807937,0.5762432423985246,0.10634495039642743,0.0,0.09201480602285801,1.7331917121576774,73.88336102106649,-0.032887532015727146,30.113245148904067,-0.008451940873948781,47.82434182456872,73.88336102106649,0.16161991072912743,81.52542777091725,,
2025-07-25,KZTK,39311.1,470.0,-1.6118220166450914,-0.655200592246898,-0.9993079550197057,0.0,0.006719840116041421,0.19742763388651305,52.95795648931716,0.024350333248297412,65.10305618218409,0.029996902810438535,59.275150332568785,52.95795648931716,-0.04477039475764194,43.87073864413795,,
2025-07-25,KZTO,809.0,8050.000000000001,-0.19727603425707652,-1.056319592986753,0.13793101070154312,0.0,-0.008674343692977808,-0.07974973826958383,48.803982118205056,-0.004318574273549563,47.24158051476015,-0.015461711009084264,45.725722217009704,48.803982118205056,0.01715516265426649,56.781455100898484,,
2025-07-28,AIRA,740.7,33710.0,1.189512297293276,-0.543078579266043,-0.23209165729344258,0.0,-0.006012554726224299,-0.031823347355206755,49.52266429188418,-0.006736073501899809,45.702005951121144,0.007503616270323419,52.61809864271927,49.52266429188418,0.113068881752782,74.59898429030606,,
2025-07-28,KCEL,3431.0,630.0,-1.348280518797148,-0.3169962899477172,-0.18688524345068533,0.0,-0.031405995521690655,-0.48904064948752535,42.716572723106,-0.017955344015581555,38.70815665271876,-0.0368449894287843,39.44676173508975,42.716572723106,-0.05404107437787123,41.96622751601425,,
2025-07-28,KEGC,1447.61,7010.0,-0.25769986934071787,-0.5659125288294646,0.043999991199961744,0.0,-0.02176630540892628,-0.3154748400231932,45.28195580687676,-0.0028214634373262383,48.19783568516331,-0.019222731435931062,44.60547701416211,45.28195580687676,-0.04259868629113135,44.31972064190387,,
2025-07-28,KMGZ,19920.0,6960.0,8.934568467883182,0.8283211985841076,0.5355877390557049,0.0,-0.02711638458596282,-0.4118047855087875,43.85416336534348,-0.012629025626314783,41.98900817776393,-0.018659399502772997,44.77294894952311,43.85416336534348,0.0837339500860586,69.66329196113882,,
2025-07-28,KZAP,23438.38,2120.0,2.7243684038885254,-0.6978511994106261,0.5891999980360068,0.0,0.09041128164337481,1.704319725230187,73.54771499730288,-0.05161726434496662,21.057621586499558,0.0024962992796903477,51.11470698653318,73.54771499730288,0.16126204850050782,81.48018135574145,,
2025-07-28,KZTK,39355.01,270.0,-1.6295115901790331,-1.1585066176231331,-0.7723677750151512,0.0,0.005430190440891072,0.1742070648459702,52.610729484889774,0.031161182821490458,68.95364511108205,0.04156709910107122,62.586291573811636,52.610729484889774,-0.0487827714214543,43.04390087398121,,
2025-07-28,KZTO,807.8,8940.0,-0.34650330540993285,-0.7819258157439386,0.39999990000000224,0.0,-0.0036027908448185465,0.011565248523022997,50.173478031739414,-0.002843286979725398,48.18388505772266,-0.015276195978102373,45.781100632282985,50.173478031739414,0.013719059998349485,56.07293483211508,,
2025-07-29,AIRA,750.97,110170.0,2.5865991594947033,0.6982425951938307,0.9017608061389477,0.0,-0.01324789291563867,-0.16209800503647662,47.57044477512405,-0.019160641411710762,37.97861219999136,-0.02595071362202237,42.615821489414216,47.57044477512405,0.09172922725761448,71.06141924806485,,
2025-07-29,KCEL,3430.0,740.0,-1.3778178739074063,-0.15607325043438694,-0.6300940043828397,0.0,-0.025934985422740562,-0.39053330274673903,44.168657312161116,-0.016499173955296403,39.596327264537166,-0.03830530450275348,39.02802074151162,44.168657312161116,-0.05909177194687396,40.93825370426856,,
2025-07-29,KEGC,1454.27,46970.0,0.21302228399183087,1.3362571231193245,0.9723403220914322,0.0,-0.026020063183393914,-0.3920651559725662,44.145993270031035,-0.0074064130195250774,45.27642673555866,-0.0234409864748593,43.35558198557642,44.145993270031035,-0.05513415991943156,41.743126183279315,,
2025-07-29,KMGZ,19820.02,3630.0,8.903491865342065,0.07135685094145905,-0.8960836837668035,0.0,-0.022147077305817935,-0.3223307639929645,45.180052543119274,0.010785755545102738,56.86322872479338,-0.014657319316129042,45.96591723481353,45.180052543119274,0.07925088972969338,68.86288986781662,,
2025-07-29,KZAP,23548.99,2800.0,3.1648633206597414,-0.4196487694630769,0.8658735074147047,0.0,0.09238028347955221,1.739772254672016,73.9594754462126,-0.026485701674719548,33.67072729028138,0.013728211305789984,54.480063652019965,73.9594754462126,0.18188781202337406,83.9498318101823,,
2025-07-29,KZTK,39360.01,300.0,-1.6180209987762564,-0.9295329999061918,-0.9766289748903341,0.0,0.00018626845224010286,0.07978851465597789,51.19659919462094,0.04001377389252739,73.58694789519926,0.03139321124884129,59.67990599198245,51.19659919462094,-0.05862118908716093,41.033712628871456,,
2025-07-29,KZTO,805.92,21240.0,-0.583547858041909,0.08342240021100006,-0.6648450519408075,0.0,-0.007347658753793307,-0.05586233704817025,49.16214338128737,-0.004229647749510712,47.29833132129321,-0.01281679122115391,46.51619500507009,49.16214338128737,0.027034636074004748,58.80224023359768,,
2025-07-30,AIRA,748.93,88090.0,2.089569620120914,0.47457713280835606,-0.005050504625383377,0.0,-0.0011897056096326353,0.05501364647482846,50.82512978079223,-0.004270901745749844,47.27200311855106,-0.018104019734821546,44.93817297816964,50.82512978079223,0.08842169647215217,70.48767050112168,,
2025-07-30,KCEL,3429.01,560.0,-1.4108365065280275,-0.3249108515672911,0.10513968639072453,0.0,-0.025934920195162137,-0.3905321283026111,44.168674689205034,-0.01798771639535187,38.68849425090546,-0.03949118827300014,38.689154705065555,44.168674689205034,-0.060006691506313395,40.752855909169824,,
2025-07-30,KEGC,1448.01,9870.0,-0.2515625075132885,-0.30239056528448444,-0.9015871584782454,0.0,-0.010740771916531715,-0.1169564620465396,48.246372636523695,-0.003158506008739018,47.98241499707409,-0.019172332718696686,44.620455028414206,48.246372636523695,-0.055357761662064346,41.69752983980637,,
2025-07-30,KMGZ,19930.0,1830.0,8.831755251468962,-0.6668469257741368,0.2929650002880353,0.0,-0.030181159454917686,-0.46698707090733227,43.04066458700785,-0.002028350018716381,48.70500411162865,-0.0053238083291519515,48.76378822587818,43.04066458700785,0.05956671903248672,65.21792600721777,,
2025-07-30,KZAP,23404.0,1700.0,2.446450073926434,-0.9186381182201675,-0.1680467211966535,0.0,0.11723293969556145,2.1872525515498795,78.79063860500672,-0.007654407739282119,45.11915351916185,0.01627577337207315,55.2388157508771,78.79063860500672,0.21936920625425585,87.74869466556116,,
2025-07-30,KZTK,39994.93,1370.0,0.4363707359263359,0.7768452653281666,0.9999999984250232,0.0,-0.01851450377367078,-0.2569250758255651,46.15373765797124,0.02689801035217721,66.57002400036285,0.012730004940626219,54.182175263787926,46.15373765797124,-0.07700905514307664,37.360430705692515,,
2025-07-30,KZTO,807.5,7920.0,-0.4049371097326211,-0.9030698471535158,0.02040815910038043,0.0,-0.000684613494520616,0.06410799710103642,50.96150141106575,-0.003701734728979311,47.63537175177515,-0.0074267801857584685,48.1320828876061,50.96150141106575,0.015239393827706511,56.38674893103832,,
2025-07-31,AIRA,745.0,27250.0,1.378586646882176,-0.6987266801511529,0.11012234592632505,0.0,0.00818181793970386,0.2237510282502875,53.35123359774548,0.0034835996591029966,52.23134601910693,-0.011611289549376798,46.87708235621974,53.35123359774548,0.0971131112176414,71.98104941562872,,
2025-07-31,KCEL,3404.5,250.0,-2.1174719560732047,-1.1313179097675807,-0.9780219541386669,0.0,-0.024087318546648175,-0.35726544940104227,44.66144479242658,-0.02202567202139092,36.26662160329538,-0.015156538090342613,45.81682545705015,44.66144479242658,-0.05740821024694209,41.28007844061437,,
2025-07-31,KEGC,1449.01,15830.0,-0.17830579644908803,0.1700158375469442,-0.10666664296297226,0.0,-0.01244616082978602,-0.14766255360321084,47.78650941028482,-0.003777186355917,47.587186552908314,-0.01786036986336477,45.01069366088711,47.78650941028482,-0.058946090508100596,40.96779828996895,,
2025-07-31,KMGZ,19862.0,1650.0,8.129300995592923,-0.7703873331859419,-0.1592650338377945,0.0,-0.0026399245668125917,0.02890197439211704,50.433518752076054,-0.007661771860759878,45.114484817450005,-0.0009708909331530395,50.07237446803672,50.433518752076054,0.08646109620668334,70.14446720391176,,
2025-07-31,KZAP,22902.0,5100.0,0.20913554992549208,0.1799710745696515,-0.2524752472122831,0.0,0.14282021709478482,2.647959945857501,83.04438205742053,0.018664667049249184,61.727547413818684,0.0741130603066482,71.21700374521764,83.04438205742053,0.2787014112928378,92.17557328789003,,
2025-07-31,KZTK,40249.0,2320.0,1.1018697362838037,1.303601364132258,-0.11195125197411761,0.0,-0.02483763129084935,-0.37077507857742414,44.46119826465882,0.010610119289170864,56.752890984848946,0.00943182945095348,53.195908804620494,44.46119826465882,-0.07596160871787408,37.56623867832912,,
2025-07-31,KZTO,806.11,12090.0,-0.5876336343585754,-0.45100610914649875,-0.3010032941465978,0.0,-0.0039005487897689484,0.006204018220472108,50.09306016585098,-0.0008844286188836163,49.43694481851335,-0.006924617563714257,48.28287932402348,50.09306016585098,0.014473544066123549,56.228731189554594,,
2025-08-01,AIRA,736.99,30450.0,0.13743993689031053,-0.3529894132653973,0.14244877834927247,0.0,0.017990342420273614,0.400356756360421,55.97663987908595,0.014573917131179427,59.2247165462171,0.001708246445160714,50.87784922383928,55.97663987908595,0.14028277655336366,78.67712391129524,,
2025-08-01,KCEL,3423.9,580.0,-1.562610703375075,-0.28982145322329983,0.6481731982655864,0.0,-0.03439809170550427,-0.5429143311166771,41.92754127174987,-0.006557457695832884,45.81551251757408,-0.020523997071009277,44.219100106387245,41.92754127174987,-0.060552205157304674,40.642438718039415,,
2025-08-01,KEGC,1448.0,4350.0,-0.23545418976017446,-1.2156260619639807,0.49999987500003124,0.0,-0.013479172147680435,-0.16626226412074574,47.5081321870837,-0.004460183723581514,47.151223482042454,-0.018484385687976848,44.82500282449547,47.5081321870837,-0.05867815487152504,41.02215336650613,,
2025-08-01,KMGZ,19790.0,1930.0,7.068506444189733,-0.5603547652378174,-0.8032786819403387,0.0,0.04753631784531228,0.9323418182318234,63.631487863320956,0.03759814139737081,72.36742646036416,-8.130248562281985e-05,50.33985136785704,63.631487863320956,0.09185304426638433,71.08276868650181,,
2025-08-01,KZAP,22698.0,2710.0,-0.7360489287495381,-0.499319429566207,0.32445901092189994,0.0,0.1532506891733696,2.83576404622142,84.5725117985009,0.02823480388454608,67.32734208403863,0.07083640534723008,70.40247601289369,84.5725117985009,0.3050206814949083,93.62656735436111,,
2025-08-01,KZTK,40390.0,930.0,1.364790033409815,0.201865865685671,0.39991427289625175,0.0,-0.023560933674451872,-0.34778771563950217,44.80203239796175,0.007072059228081759,54.51739514289267,0.0010043286291986468,50.66624549694685,44.80203239796175,-0.08633033479134,35.54976980181409,,
2025-08-01,KZTO,808.01,16890.0,-0.37413996418069173,-0.07387521910170702,0.06809077862606297,0.0,-0.0039435657424482,0.005429483756695447,50.0814421843247,-0.006804169674742738,45.65874395676012,-0.010496683003098136,47.211050454266484,50.0814421843247,0.004386021075096683,54.13675706921437,,
2025-08-04,AIRA,738.0,23080.0,0.2542472306602729,-0.6301083170820219,0.7142856122449125,0.0,0.011142044134727063,0.27705088018809854,54.14622003100904,0.026732917150600076,66.47589031828726,-0.002137330623306219,49.721651483718226,54.14622003100904,0.1333098141695703,77.67960571501547,,
2025-08-04,KCEL,3380.0,8260.0,-2.8253886587581656,2.3662805143982544,-0.5770656703248772,0.0,-0.030171212548135654,-0.4668079735601049,43.04329902228329,-0.00010104959143422253,49.9383499758122,-0.01385146285338593,46.206737704508924,43.04329902228329,-0.04068298581760121,44.716549506518604,,
2025-08-04,KEGC,1448.0,10610.0,-0.23052490858844166,-0.3240072079765362,-0.03870967117586067,0.0,-0.013833999824607557,-0.17265105382723803,47.41254761228328,-0.00397517100762954,47.460770444028846,-0.01676223143032535,45.33780571974283,47.41254761228328,-0.060118894150662114,40.73013734945994,,
2025-08-04,KMGZ,19730.0,1090.0,5.667973548842319,-1.0140975804986214,-0.9999999915966388,0.0,0.06034847183002277,1.1630288892190295,66.77036693930974,0.024798949508845605,65.36355377333662,-0.002066777890409415,49.742864720695565,66.77036693930974,0.09275667744712346,71.23829642270178,,
2025-08-04,KZAP,22301.0,2680.0,-2.4845426396561847,-0.5104512355465829,-0.9999999988876406,0.0,0.2310514895410057,4.236593194754003,92.70312437944904,0.055395333275680574,80.50920805885052,0.10133591829464549,77.440651858057,92.70312437944904,0.3203858388085665,94.35363931876975,,
2025-08-04,KZTK,40703.0,780.0,2.11908017979206,0.025975446001839025,0.9999999974875003,0.0,-0.03139458863646024,-0.48883526474534755,42.71958814941519,-0.0016032881336698005,48.976932850586984,-0.013037593529824445,46.450132473879094,42.71958814941519,-0.09421700995870594,34.04919626650956,,
2025-08-04,KZTO,808.0,60380.0,-0.3983097646769301,1.2490837624192241,0.06666665777777896,0.0,-0.002059343077164908,0.03935553618009141,50.59030561396505,-0.00864668788307402,44.4908753719536,-0.010439136413641407,47.228300100519135,50.59030561396505,-0.00048730944523023983,53.12039777006849,,
2025-08-05,AIRA,738.9,15310.0,0.2923673862333857,-0.801228868815429,0.3111110765432087,0.0,0.009465387255186385,0.2468621184035181,53.696176794770736,0.04276182114339849,74.93162060649207,-0.004043993967867261,49.148434077373686,53.696176794770736,0.1413351990410456,78.82482161712522,,
2025-08-05,KCEL,3384.0,420.0,-2.676699714872262,-0.7281997734569663,0.5448338519609962,0.0,-0.033150937183383994,-0.5204589013646066,42.25594513658075,-0.0013035376561972302,49.16873233489353,-0.011498649105032083,46.91082046307979,42.25594513658075,-0.043699848024316174,44.0919442351833,,
2025-08-05,KEGC,1447.99,5730.0,-0.20653260537443174,-0.8461737150439952,0.7114284697959354,0.0,-0.013353315463460705,-0.1639961728856998,47.542040272746554,-0.005141518689235012,46.71675403699371,-0.013135031352163389,46.420983695105406,47.542040272746554,-0.060862262652651405,40.57972216384943,,
2025-08-05,KMGZ,20095.0,5060.0,7.2456803823179285,0.5210883934976468,0.5670103081092571,0.0,0.038805952578427075,0.7751487034386674,61.422078448251696,0.0032448857016472766,52.07883284802632,-0.01919664332515788,44.613230027766356,61.422078448251696,0.0686354715893159,66.9226552397914,,
2025-08-05,KZAP,22998.0,2009.9999999999998,0.5803822435147067,-0.7981323336942078,0.5951903795687568,0.0,0.15534366518413617,2.873448771689629,84.86522409182982,0.026969503662844386,66.61074756601563,0.06877004832718374,69.8820014983067,84.86522409182982,0.23391651655009338,89.00104779543007,,
2025-08-05,KZTK,41056.5,3240.0,2.984467058330394,1.504076126947294,0.999999998474447,0.0,-0.040024532409751186,-0.6442202573250907,40.45523919282289,0.007676886569785076,54.901099651964635,-0.0216591030478904,43.882628809319854,40.45523919282289,-0.10485772190819503,32.0746593452941,,
2025-08-05,KZTO,805.0,6370.0,-0.7032639999565761,-0.9999713821676449,-0.49999987500003124,0.0,0.0005339371980676751,0.08604840543971877,51.29043944921803,0.001892356797791581,51.214060194026445,-0.0005538302277432721,50.197775594745906,51.29043944921803,-0.003057625948930283,52.583245652854785,,
2025-08-06,AIRA,748.04,191840.0,1.4739138556042328,1.7524551392084855,0.3556756564499606,0.0,0.006657076249211757,0.1962975497008215,52.94106421445428,0.023606874600543438,64.66936537670679,-0.013778013589800282,46.22869610565865,52.94106421445428,0.10544954874665055,73.36922025297767,,
2025-08-06,KCEL,3377.9,550.0,-2.853314581487697,-0.34292817055804314,0.6817148203405322,0.0,-0.026935363205842673,-0.40854543567457446,43.90232072603652,-0.005696161464082335,46.363437150478134,-0.009436782679856039,47.528859174224195,43.90232072603652,-0.053414580722408046,42.094245158234344,,
2025-08-06,KEGC,1447.9,7960.0,-0.2147983186425833,-0.43882145552773083,0.28104572101899955,0.0,-0.012528960305949488,-0.14915338556309982,47.76419120061767,-0.00528628785860642,46.62450039787114,-0.01595219751758718,45.57935746721653,47.76419120061767,-0.06880424599611705,38.98425906392217,,
2025-08-06,KMGZ,19951.01,1240.0,5.255245377508974,-0.8851643789436436,-0.9701980149990356,0.0,0.06688328330821754,1.280690331717872,68.31777533498831,0.009403879455106318,55.99335514298117,-0.022613359883964262,43.6001985560643,68.31777533498831,0.07256413184651375,67.64789978707128,,
2025-08-06,KZAP,23297.0,3590.0,1.847571560535984,-0.15574082574119294,0.6703910595799133,0.0,0.16602609929679618,3.0657895318306756,86.2886453220861,0.01014439586539857,56.45999374254011,0.050237739224547606,64.99439547945025,86.2886453220861,0.2092888245029164,86.81046612428085,,
2025-08-06,KZTK,41194.0,600.0,2.9615503262084455,-0.18232120068354102,0.9946662373132085,0.0,-0.05253994862481899,-0.8695644666036539,37.24457621213566,0.0033810605797885496,52.165839237204345,-0.0273603106208255,42.20175525203202,37.24457621213566,-0.10633797424651915,31.80479298601442,,
2025-08-06,KZTO,807.0,69660.0,-0.40865487499432435,1.4342226065078088,-0.45404909426304924,0.0,-0.0014638977400129975,0.05007672645960924,50.751094392645754,-0.00434013099663655,47.227824591246495,-0.0005977119844220204,50.184581390110715,50.751094392645754,-0.019133044196612985,49.21512769741608,,
2025-08-07,AIRA,749.89,60960.0,1.3951629333861468,0.6060119033221414,-0.46839073730017766,0.0,-0.0038552854206976746,0.007019000154542345,50.10528484670813,0.00907265478831077,55.78428450377179,-0.00885748697110495,47.702645973505966,50.10528484670813,0.10923010155246052,73.98411529163795,,
2025-08-07,KCEL,3340.0,580.0,-3.941371866109337,-0.2570328512667486,-0.9999999742268049,0.0,-0.01628891740328866,-0.21685265696257097,46.75179127090777,0.0071008530557931104,54.53567457848318,0.003432363843741116,51.395985378747,46.75179127090777,-0.03431374156449005,46.04048023791143,,
2025-08-07,KEGC,1448.0,9070.0,-0.19677559489718716,-0.3082784204456653,0.4999999375000079,0.0,-0.013159265105673945,-0.16050223199837768,47.594325407798586,-0.005492920722616855,46.49286447767832,-0.017141502236253624,45.2247820452737,47.594325407798586,-0.07203978119793038,38.34076499639666,,
2025-08-07,KMGZ,19771.0,2650.0,3.955101380281848,-0.1257177599680425,0.30903654529700697,0.0,0.0864708980525429,1.6333718151270287,72.71127976945101,0.0150821143963461,59.53855247221851,-0.015578733883923272,45.69079493861087,72.71127976945101,0.08015708563448308,69.02561381146984,,
2025-08-07,KZAP,23400.0,3550.0,2.232445783389457,-0.16694539867077474,-0.49999999875,0.0,0.13943553113553114,2.5870175554457457,82.52327722389798,0.01893275335775336,61.88957398069079,0.09733583638583643,76.58908901629911,82.52327722389798,0.20763415750915748,86.65076081356172,,
2025-08-07,KZTK,40800.02,340.0,1.9066802970781134,-0.7503035764317173,-0.99994961837845,0.0,-0.05005715082087993,-0.8248608707892682,37.873604645914746,0.013737433401546111,58.70651686651859,-0.02513759909454752,42.85514787230077,37.873604645914746,-0.09943895325607638,33.072730615542824,,
2025-08-07,KZTO,807.88,3610.0,-0.2304962959585213,-1.5678601358484867,0.19900492562065486,0.0,-0.004795925766124276,-0.009917540445719566,49.851237332272156,-0.002320731017729317,48.518000050328894,-0.0017159566366527733,49.848348101346076,49.851237332272156,-0.011653713796092615,50.783167864288146,,
2025-08-08,AIRA,750.0,134060.0,1.0479051478319081,1.3940809323694785,-0.6931216197754819,0.0,-0.0026944444444444438,0.027920325959192978,50.418795095350035,0.004217936507936544,52.700237165332034,-0.013015238095238107,46.456820503237765,50.418795095350035,0.10900238095238096,73.94733896896109,,
2025-08-08,KCEL,3411.99,870.0,-1.8748764158513964,0.16183682766871374,0.6952835737876536,0.0,-0.049465343538521445,-0.8142051848898404,38.024154664145904,-0.012773549516348352,41.89890216512692,-0.0203527429531069,44.2699106163937,38.024154664145904,-0.055568394460208115,41.65459107659542,,
2025-08-08,KEGC,1446.0,24350.0,-0.31370990698184636,0.7385134041719225,0.4999999375000079,0.0,-0.012124596588289533,-0.14187268305579379,47.8731938406793,-0.004527678983073111,47.108163174812326,-0.015103260225251925,45.83273337839759,47.8731938406793,-0.06395474214582103,39.955906080293694,,
2025-08-08,KMGZ,20595.0,9650.0,7.8201868197255875,1.2737051451211914,0.3414580603570297,0.0,0.027892591243829368,0.5786500222717269,58.59359990336819,-0.03555755268847045,28.694405683835058,-0.05405843304546866,34.62416136995633,58.59359990336819,0.03483292234592308,60.37698377666916,,
2025-08-08,KZAP,23408.76,2390.0,2.1914963026470065,-0.4780764485248827,0.05109685204722861,0.0,0.15650663412614202,2.894388412221625,85.0258894758667,0.030298434167786995,68.47879785825775,0.09736770757125605,76.59596135761973,85.0258894758667,0.16007436596995564,81.3294028370703,,
2025-08-08,KZTK,40800.0,590.0,1.8598593884062808,-0.06559714705429315,-0.9999999974226804,0.0,-0.043204493464052335,-0.7014765080964708,39.630478033016075,0.007684161998132536,54.90571175535436,-0.025283473389355743,42.812187317034315,39.630478033016075,-0.10283095238095238,32.44611167989788,,
2025-08-08,KZTO,805.0,130820.0,-0.5473581437206116,2.0644184333605797,0.3333331111112593,0.0,0.012311766735679824,0.29811212258366643,54.45979779520502,-0.0010878191856452447,49.30677824901916,0.005480745341614881,52.01117137806346,54.45979779520502,-0.011883747412008306,50.73494852750123,,
2025-08-11,AIRA,760.0,103060.0,2.1945284910437683,0.8158415012233539,0.18413261195188893,0.0,0.010242209690893903,0.26084906334535757,53.90476852714157,-0.01858855472013362,38.324231081715375,-0.01964362990810359,44.480428536737335,53.90476852714157,0.0977797827903091,72.09367511005682,,
2025-08-11,KCEL,3390.06,850.0,-2.502840904992747,0.13858079666600584,-0.2469446397026533,0.0,-0.03746293882844612,-0.5980979174721603,41.12358583134622,-0.006635805785710261,45.765718545672655,-0.008690128696977713,47.75286344762921,41.12358583134622,-0.05224356744072231,42.333813904263366,,
2025-08-11,KEGC,1446.7,7700.0,-0.2201916906097268,-0.4127968139546644,0.1304347389850702,0.0,-0.013583156932965216,-0.16813454457984778,47.48011852181365,-0.004250484957006728,47.285032876070545,-0.015276613140359977,45.78097609270277,47.48011852181365,-0.06595980512847521,39.55316471993137,,
2025-08-11,KMGZ,20280.0,3440.0,4.781239746361356,0.24221937789203019,-0.10843178157929531,0.0,0.060436853104160804,1.1646202232980105,66.79154822676526,-0.02580567295951917,34.060676386768584,-0.039198804827650986,38.77260294989415,66.79154822676526,0.05058506151967691,63.49022552584073,,
2025-08-11,KZAP,23605.0,4940.0,2.9758658479344025,0.3247991830838472,0.6239316212652495,0.0,0.14782735556765952,2.738115130513668,83.79249554145373,0.0187420147399495,61.77432190908533,0.09529371610467244,76.14583201733574,83.79249554145373,0.19621114490136943,85.5031924260913,,
2025-08-11,KZTK,40763.0,240.0,1.6859812019543698,-0.907919362292117,-0.8916621488742765,0.0,-0.03504350477927189,-0.5545352070241927,41.757867939575085,0.009233069185446419,55.8855649325515,-0.029329432435421326,41.62517243332968,41.757867939575085,-0.11334983520692012,30.54318700306749,,
2025-08-11,KZTO,803.5,17120.0,-0.5989523107072351,-0.011325788318561281,-0.7008544013442575,0.0,0.009297330379984394,0.2438361987692494,53.651033018892,0.0025251009966317994,51.61874284455735,0.0012477007832794994,50.73940833632966,53.651033018892,-0.012388780731126717,50.629079452065476,,
2025-08-12,AIRA,772.77,50820.0,3.6820179438801794,-0.13258380145116255,0.5020600057645651,0.0,0.01653076797938401,0.37407663569855404,55.58771199228206,-0.03254082638399768,30.300388867453854,-0.027034495479157518,42.297367638902976,55.58771199228206,0.08596456926443347,70.05718716002083,,
2025-08-12,KCEL,3390.0,32750.0,-2.5011581662990663,3.7765450453039455,0.14529914347286085,0.0,-0.037604003371260006,-0.600637831232229,41.08669285260356,-0.00927303694339099,44.09518418613627,-0.008967825537294563,47.66954035003093,41.08669285260356,-0.05935639837055771,40.884603503977466,,
2025-08-12,KEGC,1445.0,12240.0,-0.33453503530863665,0.09866535213706404,0.6661100724357146,0.0,-0.009791711978909146,-0.0998683239034358,48.502423205283065,-0.0037674383478881754,47.59341161130495,-0.0030976190476190157,49.43293272124967,48.502423205283065,-0.06846463448124349,39.052029397484084,,
2025-08-12,KMGZ,20222.03,3180.0,3.9335093535736236,0.04338023906835067,-0.17824915764900057,0.0,0.06101627074414341,1.1750528295877427,66.93024186907799,-0.026311936381514557,33.7701608788798,-0.0389120402506338,38.8545115655354,66.93024186907799,0.060872861788348775,65.46599669791284,,
2025-08-12,KZAP,23689.0,1230.0,2.4793990000667616,-1.065548162429626,0.9999999947089947,0.0,0.14616718649805321,2.708223237201422,83.54744572216158,0.010053059420117971,56.40249792283315,0.10911100098699617,79.03232571541179,83.54744572216158,0.20696361810149644,86.58557724196373,,
2025-08-12,KZTK,41498.0,5160.0,3.4925985333612584,2.16012858393179,0.9999999985673147,0.0,-0.06084155954733332,-1.019037717586713,35.17347449985155,-0.013871097823035267,41.216418896691806,-0.04919574425847258,35.95963937279968,35.17347449985155,-0.14879336437709373,24.62307766192738,,
2025-08-12,KZTO,809.0,99570.0,0.12322917594330399,1.767352106073429,0.040832662863677156,0.0,0.01718948142915999,0.3859369892761053,55.76332486416394,-0.005770081621441263,46.31637553137058,0.0029716022131967747,51.25754088512397,55.76332486416394,-0.024381572389977832,48.115513183323344,,
2025-08-13,AIRA,768.0,70990.0,2.8022618669488506,0.26049221888628826,-0.5973153961533285,0.0,0.03203958333333333,0.6533179867433075,59.67618499516606,-0.033049355158730136,30.026122275220885,-0.01702879464285713,45.25836410840584,59.67618499516606,0.09230218253968255,71.16013392985153,,
2025-08-13,KCEL,3369.05,640.0,-2.980728516076957,-0.19138606234616165,-0.006860371128719129,0.0,-0.03152271770479326,-0.49114227100809904,42.68572016280382,0.00017477755610532377,50.11490247889907,-0.00808140015448764,47.935555917599835,42.68572016280382,-0.05210112198978428,42.36298058369306,,
2025-08-13,KEGC,1444.7,11030.0,-0.33112582976046157,-0.0533988943071771,0.7999997333334525,0.0,-0.008358888235158393,-0.0740698583931687,48.88913495571462,-0.004252111714301128,47.28399468486978,-0.0039034602669198396,49.190678190916444,48.88913495571462,-0.06965823744370511,38.81403130306794,,
2025-08-13,KMGZ,20200.0,2400.0,3.3422618044440084,-0.3214789830604344,-0.18343195167598886,0.0,0.05314447194719465,1.0333184881151243,65.02165227832486,-0.022877377023416627,35.76411144230269,-0.014099622819424798,46.13255870420623,65.02165227832486,0.07285601917334592,67.70145161413174,,
2025-08-13,KZAP,23605.0,1650.0,1.9070791851648272,-0.7259355624475045,-0.31944444222608026,0.0,0.13770823801454496,2.5559170713825536,82.25251634132204,-0.003286792716098016,47.90043984827695,0.11377037451710191,79.94586533494335,82.25251634132204,0.21219038154413072,87.0866056274082,,
2025-08-13,KZTK,41460.0,150.0,2.747268488349361,-1.5260485165856892,0.7733822677208119,0.0,-0.06058923058369513,-1.0144944511214178,35.23565622530703,-0.009351325431281945,44.04577767596841,-0.04832491213562122,36.201187811416155,35.23565622530703,-0.13120013897503044,27.462777659818837,,
2025-08-13,KZTO,805.98,14050.0,-0.24259167452562275,-0.19088462631214229,-0.6360293533061222,0.0,0.035875073202808985,0.7223772506927046,60.66915517774799,-0.006276468812294814,45.99416250165015,0.0018039976178068715,50.90663058533772,60.66915517774799,-0.005000751466124054,52.17676173117732,,
2025-08-14,AIRA,759.0,38760.0,1.4324053956659346,-0.4156463718051738,-0.37499997656250145,0.0,0.05237513332078551,1.0194662916354817,64.83238861736393,-0.028055633979547072,32.778990330271256,-0.006531829161176987,48.40085327716481,64.83238861736393,0.09473977664847237,71.5778601609848,,
2025-08-14,KCEL,3373.99,1380.0,-2.8251083343182466,0.6097468243889581,0.3663235633897615,0.0,-0.03920257327330913,-0.6294206111544881,40.669324222446,0.0015215344043934872,50.97681683063151,-0.014299056713597453,46.07295710411838,40.669324222446,-0.05740747267953719,41.28022838077946,,
2025-08-14,KEGC,1444.5,9500.0,-0.32196343235174224,-0.17351068572601622,-0.24999993750001562,0.0,-0.0046354027592344724,-0.007027270602751804,49.89459109711943,-0.004813022301340052,46.92616950222839,-0.005504352717203184,48.709536673818185,49.89459109711943,-0.07206862977797557,38.33504545577428,,
2025-08-14,KMGZ,20130.0,1380.0,2.662933322002121,-0.8748629439365105,-0.8461538396449705,0.0,0.06370604759539186,1.22348315162135,67.57021285608138,-0.029155873725545855,32.16132238555791,0.03506734144725948,60.738539562469484,67.57021285608138,0.0759229555508244,68.26131116151039,,
2025-08-14,KZAP,23915.0,12130.0,3.1083246079223814,1.3854691909245804,0.9999999962264151,0.0,0.1318588312110683,2.4505965667962863,81.31117850639154,-0.02879147460085156,32.36521724916594,0.09915318779473599,76.97872206109204,81.31117850639154,0.18732102220496527,84.55434388910247,,
2025-08-14,KZTK,41486.0,1070.0,2.7603809326314366,0.4387215706894949,0.8762039147386566,0.0,-0.061206714408915126,-1.0256124516693323,35.08357796350799,-0.02209145043384308,36.22770326163406,-0.0443106896838023,37.323517538653974,35.08357796350799,-0.13182978438318077,27.357708824449183,,
2025-08-14,KZTO,808.49,31140.0,0.0908786809625613,0.6995894653763359,-0.1033883489671335,0.0,0.028849331361795967,0.5958764446026678,58.84413845057027,-0.009247396479072207,44.11136798692469,0.0009932842225767544,50.66292524365094,58.84413845057027,-0.015201562132189608,50.039365227871954,,
2025-08-15,AIRA,755.47,49020.0,0.8888432062581941,-0.1808071737189561,0.4082840050849345,0.0,0.04930936602905238,0.9642661373365029,64.07359219801015,-0.02487639487958829,34.59705378091948,-0.007134288331178714,48.21991248354801,64.07359219801015,0.11097162503275051,74.26425204657356,,
2025-08-15,KCEL,3378.9,790.0,-0.6913507549917408,0.05195952995264876,0.15477144838068946,0.0,-0.040662159775863946,-0.6557009489906275,40.28941401617529,-0.009982970296052999,43.647597071159716,-0.02431170918543516,43.09857702300447,40.28941401617529,-0.057176170252646416,41.327257844245736,,
2025-08-15,KEGC,1443.9,7270.0,-0.34754480583555153,-0.3976393618534576,0.8999995500003158,0.0,0.005243897809833708,0.17085280439480732,52.560550132508645,-0.0050907718513682094,46.74909762688476,-0.005443042569891791,48.72795934696897,52.560550132508645,-0.07241827012819124,38.265751211773136,,
2025-08-15,KMGZ,19926.03,7380.0,1.4106439067280314,0.8018247601941164,-0.30942465668651414,0.0,0.07718592327174442,1.466192772560996,70.6763296127718,-0.021946692311753058,36.313374388379216,0.05527092732889264,66.35887347943059,70.6763296127718,0.08779410914003542,70.37806093991283,,
2025-08-15,KZAP,24190.0,4670.0,3.760888880163935,0.4309472044314467,0.9484240660503609,0.0,0.14286957978175424,2.648848737366456,83.05188961191871,-0.03341520666417311,29.82968562685686,0.13899842336135226,84.37419473906293,83.05188961191871,0.1375434335977742,78.28916814328585,,
2025-08-15,KZTK,41238.99,250.0,1.8460986274942532,-1.015227178872585,-0.6802710008664853,0.0,-0.06093677629731328,-1.0207521266695267,35.1500231709849,-0.011732010384555232,42.54944132846219,-0.03868864997057392,38.9183622427209,35.1500231709849,-0.13372063622834324,27.043693273871984,,
2025-08-15,KZTO,806.6,24720.0,-0.13931767567541356,0.3741046129093487,-0.3599999280000053,0.0,0.028777791356231746,0.5945883431357549,58.82542017243965,-0.006670735283120576,45.74352189357687,0.00524286373529485,51.93975663232281,58.82542017243965,-0.012858474923153857,50.53061336031368,,
2025-08-18,AIRA,748.21,65840.0,-0.13886847721437948,0.18518082494754473,-0.5738076997044773,0.0,0.06751053894129962,1.2919842768990342,68.46426463523113,-0.004719717148207503,46.98567132777809,0.0022091589917354326,51.0284091176725,68.46426463523113,0.11005755930079042,74.11746405214265,,
2025-08-18,KCEL,3377.99,36350.0,-0.6830461147384683,3.8480825414239095,0.278779923273526,0.0,-0.04186309098671755,-0.6773241127318332,39.97769744557194,-0.01029606369303767,43.450526986661096,-0.02586063002291626,42.64231924077521,39.97769744557194,-0.05726679468493921,41.308829781516884,,
2025-08-18,KEGC,1445.0,7770.0,-0.24554471761527896,-0.2920158690917387,0.026086951984893733,0.0,0.001992769264568567,0.11231515940512612,51.68409011081526,-0.007920084308233096,44.95077503446444,-0.00573620310869442,48.6398727232991,51.68409011081526,-0.0745850826605152,37.83738936830433,,
2025-08-18,KMGZ,19819.03,1680.0,-0.086173620899361,-0.6781531727725983,-0.9263643376204536,0.0,0.08824094050291859,1.6652420150081308,73.08904833302083,-0.006508353165562983,45.8467250716637,0.05906769116741732,67.37054974873459,73.08904833302083,0.09054709995617574,70.85711865809388,,
2025-08-18,KZAP,24120.0,7040.0,3.1210645314949677,0.8413960343097642,0.09808227735172347,0.0,0.16074325989102115,2.970670260670778,85.59932301886353,-0.028780602937692492,32.37131070077333,0.10626844349680177,78.46016336139208,85.59932301886353,0.11975887230514096,75.64740159633692,,
2025-08-18,KZTK,41264.73,2610.0,1.6749868644764674,1.4785424962155576,-0.3359451507836962,0.0,-0.068811589961763,-1.1625407518288724,33.236131722885084,-0.009515433507882337,43.94225028683268,-0.039426071703018886,38.7077336935445,33.236131722885084,-0.13201942709912323,27.32611232168972,,
2025-08-18,KZTO,808.0,9880.0,0.07173800519742858,-0.5429936123999622,-0.14040110590226415,0.0,0.05053153386767249,0.9862716735861057,64.37695583904795,-0.004362922363664893,47.21328126613052,0.0022866650950809815,51.0517036235875,64.37695583904795,-0.020701265126512682,48.886443221599016,,
2025-08-19,AIRA,750.0,78950.0,0.07858758494963182,0.36430331142434536,-0.6999999650000017,0.0,0.07774365079365077,1.4762348410992814,70.80104634674143,0.004708888888888931,53.01346131578006,0.009514047619047632,53.220528441277416,70.80104634674143,0.10754492063492066,73.71116658376012,,
2025-08-19,KCEL,3368.99,1240.0,-0.6859020055028887,0.47000127377388584,0.1759168429904401,0.0,-0.03629938129212757,-0.5771476791048464,41.428271248973545,-0.009020211563571141,44.254817306148034,-0.018775989889721015,44.73827814265783,41.428271248973545,-0.060030155891476374,40.74810456163011,,
2025-08-19,KEGC,1444.0,15150.0,-0.3151561149226767,0.4119211161797875,0.33333322222225925,0.0,0.006141065382755134,0.18700660334453337,52.80215979745939,-0.006879716835949529,45.61075596043292,-0.004275019786307906,49.078990908256614,52.80215979745939,-0.07675256782306644,37.41078476863245,,
2025-08-19,KMGZ,19752.14,1040.0,-0.6740673536193355,-1.15772475348251,-0.9999999942811393,0.0,0.10478426944729215,1.9631101254842978,76.45639015175776,-0.0003509846303010695,49.7783718020548,0.08334949980465049,73.43947619383124,76.45639015175776,0.09558415683582513,71.72170644377765,,
2025-08-19,KZAP,24000.0,1210.0,2.256212501191503,-0.9646852352375461,-0.2559892066056163,0.0,0.2082478174603175,3.826005535073642,90.85122527488511,-0.011406944444444504,42.753016074185076,0.13686071428571428,84.03221737659582,90.85122527488511,0.09520950396825403,71.65793605211958,,
2025-08-19,KZTK,41050.0,850.0,0.9666785874366618,0.20854438265245145,-0.9999999959016393,0.0,-0.061420620420315916,-1.0294639001685848,35.03096607027294,0.007884463391527947,55.03265519741355,-0.043614316164955626,37.519651943627025,35.03096607027294,-0.13027362585310215,27.617839893490125,,
2025-08-19,KZTO,806.82,15650.0,-0.04507131331748997,0.01156823065822778,0.21333326222227927,0.0,0.04464454070713825,0.8802744142067689,62.905494374148255,-0.0042056625600093555,47.31363930418273,0.004299548226370116,51.65648744766093,62.905494374148255,-0.01822790006858206,49.404870173701916,,
2025-08-20,AIRA,744.98,19440.0,-0.6138763934325345,-1.1255914626967316,-0.33777774024691376,0.0,0.09666737748792231,1.8169628005410328,74.84151784941062,-0.008159676002807325,44.79902746942058,0.008369340297619543,52.87761836228844,74.84151784941062,0.1296127459264913,77.13739928058743,,
2025-08-20,KCEL,3380.0,41010.0,-0.3232009233027933,3.968702026464911,0.49999998750000035,0.0,-0.04217159058889828,-0.6828787501263509,39.89775232697097,-0.014032459847844464,41.116357426810715,-0.022615471494317647,43.599574038477954,39.89775232697097,-0.06122213769136846,40.506967349661785,,
2025-08-20,KEGC,1443.0,12690.0,-0.37271039138554957,0.23473502857664205,-0.34228164947539486,0.0,0.007528286803286811,0.21198398393916684,53.175479996586674,-0.005857717057717058,46.260590522042534,-0.004139006864006863,49.11987410040493,53.175479996586674,-0.07753697323697323,37.25687511269007,,
2025-08-20,KMGZ,19800.0,1250.0,-0.6837168962612434,-0.8467244379634492,0.07692307633136096,0.0,0.09988755411255419,1.8749431459602564,75.49086753883893,-0.0037927849927849927,47.57722545071148,0.0903883477633478,75.05772630708822,75.49086753883893,0.09050519480519481,70.84986085350499,,
2025-08-20,KZAP,23600.01,1950.0,0.38831508184772334,-0.3455875041438909,-0.15939130411682884,0.0,0.22518329048377536,4.130934329422082,92.2625104267109,0.021363851625486686,63.34644092973101,0.13515658230300193,83.75527856249046,92.2625104267109,0.13292122716614677,77.62304970612715,,
2025-08-20,KZTK,41199.8,180.0,0.8460161022472235,-1.3437300717197362,0.43030302867311665,0.0,-0.06709273328072107,-1.1315921686578037,33.64945084152639,-0.00538669632931651,46.560528975206964,-0.053920058455746926,34.66184298282875,33.64945084152639,-0.1428666843659359,25.55720181978336,,
2025-08-20,KZTO,803.4,22600.0,-0.4625712248329198,0.3286264768432633,-0.9999997826087429,0.0,0.055983366229240064,1.0844337188209767,65.71592288594118,0.00017542586862975785,50.11531745162645,0.00639393085339693,52.28524110395269,65.71592288594118,-0.010287647735220572,51.069487732591725,,
2025-08-21,AIRA,740.04,18000.0,-1.3100478787729082,-1.1330109397984824,-0.9839998032000539,0.0,0.09572680981208223,1.8000275683807165,74.64971135609657,0.003696136244887781,52.36709968214367,0.016515341513071415,55.31004767776131,74.64971135609657,0.13736614867664826,78.26388549151903,,
2025-08-21,KCEL,3389.5,1060.0,0.06471620021357566,0.31315877126471015,0.1920529775887023,0.0,-0.04230658083905247,-0.6853092942375958,39.86278762365652,-0.018294775063981437,38.50217645606621,-0.03749860329636108,39.25914431375318,39.86278762365652,-0.04425734083081031,43.97672042806547,,
2025-08-21,KEGC,1441.99,11540.0,-0.41190277122674185,0.1397401184143765,-0.007518795108064546,0.0,0.008931903725528333,0.2372565709660149,53.55285081819582,-0.005174317045546741,46.69585141097604,-0.0037897331476551936,49.22486515537233,53.55285081819582,-0.07623525066274704,37.51242832575075,,
2025-08-21,KMGZ,19605.0,1420.0,-1.8926361157488736,-0.5755829964346489,-0.94999999525,0.0,0.1084513228525279,2.0291366351732236,77.16201213320217,0.021229224201795058,63.26637112834824,0.08627814818863017,74.12084705380443,77.16201213320217,0.10424858150860444,73.17196037602972,,
2025-08-21,KZAP,23300.0,1300.0,-0.974244522826662,-0.7290324823833101,-0.49999999875,0.0,0.2216658508754002,4.067601665640584,91.98684491055393,0.030718948838476735,68.71073490036274,0.16752796512023982,88.38565987360275,91.98684491055393,0.17205099461816198,82.80687956183164,,
2025-08-21,KZTK,40697.1,830.0,-0.5064340703529213,0.33286376966622194,-0.9999999981234753,0.0,-0.04822241199530886,-0.7918257912700408,38.34109243265851,0.004882576171626164,53.124217034862234,-0.03520231557390718,39.91964932306272,38.34109243265851,-0.11082576201463282,30.994104776937036,,
2025-08-21,KZTO,803.5,9060.0,-0.42191632475107277,-0.6296367530644765,-0.7311824025901081,0.0,0.06379358041702474,1.225059209032292,67.5909309827809,0.007428142254620209,54.74336333050498,0.019772197034798197,56.27614342014604,67.5909309827809,-0.008011206428225753,51.54645208299169,,
2025-08-22,AIRA,739.0,18920.0,-1.4518231807972548,-1.0831633304426918,-0.4261118470427788,0.0,0.09485719709173701,1.784369903667269,74.47151740426564,0.006365116953411947,54.068230877255495,0.045017294391820784,63.55277602089502,74.47151740426564,0.14310350806538222,79.07129941466026,,
2025-08-22,KCEL,3355.56,750.0,-0.9276453413323027,-0.08923034905192075,-0.9996990067765458,0.0,-0.029392356949574452,-0.45278442084847775,43.24969983418875,0.009242509659873693,55.89152382358758,-0.021838638260081818,43.82946114090534,43.24969983418875,-0.04755081378794762,43.29738225404961,,
2025-08-22,KEGC,1440.99,9420.0,-0.455268479135698,-0.06324381336441522,0.994871539776533,0.0,0.00826174537247705,0.22519014811881058,53.37272279808965,-0.00247563257601663,48.41894299142433,-0.004064592918757321,49.14224217994026,53.37272279808965,-0.07798682431126226,37.16872515108813,,
2025-08-22,KMGZ,19550.0,530.0,-2.435188922310621,-1.4072939132194342,-0.9999999932885907,0.0,0.10658138371290553,1.9954677623546013,76.80406743671038,0.02502584947022287,65.49495885857436,0.10626789570900824,78.46005201649152,76.80406743671038,0.10740811614500881,73.6889276930328,,
2025-08-22,KZAP,23456.08,2670.0,-0.326742105169747,-0.00931971938046194,-0.05820089530884647,0.0,0.19409521952490139,3.5711833273108544,89.4985586018399,0.05828077873930455,81.642422784638,0.1607692528996982,87.52481203876947,89.4985586018399,0.14298582057690196,79.05496114398336,,
2025-08-22,KZTK,40882.0,1700.0,-0.08732934521440662,0.9016909616314405,-0.276204270437465,0.0,-0.057479750878059455,-0.9585072403492658,36.00598602568045,0.003448064813714683,52.20864554772625,-0.032371049062613816,40.739088444413035,36.00598602568045,-0.09258984590183283,34.356302032332934,,
2025-08-22,KZTO,803.7,27280.0,-0.3786005314626702,0.516830180268301,-0.8831384905560452,0.0,0.059067396772071915,1.1399627089978024,66.46258831950345,0.0059385209477594465,53.79686311458167,0.014577227199203624,54.73317884950155,66.46258831950345,-0.005716824419204097,52.02689028512656,,
2025-08-25,AIRA,746.98,29610.0,-0.5986364968801856,-0.5223087377985889,0.05608465311721731,0.0,0.06234312707635019,1.1989433167972223,67.24673884850306,-0.0020165320930375734,48.7125635402957,0.057809593412543256,67.0370507850613,67.24673884850306,0.1262125710320541,76.63061147396233,,
2025-08-25,KCEL,3353.6,810.0,-0.8617267728491812,0.05064331512138311,0.4110945911071189,0.0,-0.028739945322912797,-0.44103753368085713,43.42277317746182,0.010125218102508207,56.44792287563255,-0.02141886208045556,43.953795872721294,43.42277317746182,-0.056970908306070496,41.3690058957014,,
2025-08-25,KEGC,1438.0,10070.0,-0.6430244851560194,0.038982361304417894,-0.7499999062500118,0.0,0.011579112303243076,0.28492043715229237,54.263428501440735,-0.0017234651301410687,48.90004408035628,0.0006557283043027769,50.561443941598064,54.263428501440735,-0.07967276806411014,36.83912133226635,,
2025-08-25,KMGZ,19751.0,6480.0,-1.5319052392371153,1.2374476122583642,0.684855956274258,0.0,0.09242455672326819,1.7405694090715127,73.9686860367155,0.011763948299181988,57.47647158506174,0.09230235537601868,75.48619947482567,73.9686860367155,0.08998666221842896,70.75996513337182,,
2025-08-25,KZAP,23500.0,2250.0,-0.19296927128771535,-0.1730189260260506,-0.6489722662780434,0.0,0.20684925700776763,3.800823991456364,90.7248657862221,0.043694224924012155,75.37737450524544,0.16107195710908484,87.56451006435198,90.7248657862221,0.1397889311043567,78.60755889725924,,
2025-08-25,KZTK,40999.0,1590.0,0.12715729970766237,0.6806462885766338,-0.0064318731285413905,0.0,-0.05312822765324899,-0.8801566251238891,37.096154769243626,-0.0042118734603283,47.30967529460464,-0.04364709417031852,37.51041073140425,37.096154769243626,-0.09462950214232868,33.97155498040896,,
2025-08-25,KZTO,806.96,3800.0,0.046136314942923334,-1.4985001293514095,0.04746834691957578,0.0,0.05534453532048941,1.072931356972091,65.56026507237966,0.0006529394269851837,50.420956831678765,0.0253443758743376,57.91767292061034,65.56026507237966,-0.017399321734245445,49.578577572693575,,
2025-08-26,AIRA,755.84,54950.0,0.5552255031707239,0.09600184450997017,0.9999999368686909,0.0,0.03827927805330428,0.7656657543803634,61.28716999443097,-0.016150112562665513,39.810280374102085,0.05448271138260549,66.14691485733823,61.28716999443097,0.12583532283644475,76.57390500908055,,
2025-08-26,KCEL,3348.97,340.0,-0.9864782896612769,-0.8556550803555265,0.6579044554644549,0.0,-0.020296548178210305,-0.28901137486185113,45.675659999290076,0.005251483592846969,53.35935596641011,-0.020065382672028377,44.35519632498561,45.675659999290076,-0.047028106803366304,43.405038699667905,,
2025-08-26,KEGC,1438.51,12620.0,-0.5813586280267684,0.23570201079632375,-0.6976976278580974,0.0,0.010032820004561606,0.25707893277304544,53.84855653138095,-0.00034455062243085284,49.7824900326224,0.0015269483453613595,50.82335216495565,53.84855653138095,-0.07601791250492544,37.55516429968523,,
2025-08-26,KMGZ,19806.0,3270.0,-1.1716626363383715,0.5535175420773327,0.1478977387566089,0.0,0.07984744882503138,1.5141144206287658,71.26866994797197,0.003899821362453898,52.497166851843936,0.08000555711833347,72.64762241099314,71.26866994797197,0.08485635858301718,69.86185898427605,,
2025-08-26,KZAP,23800.1,5910.0,1.073663817334197,0.7926957597382233,-0.33311111074099087,0.0,0.19542150883319626,3.5950636050672182,89.63246374701133,0.0409950060600653,74.07234812078207,0.13376639928583742,83.52650287418824,89.63246374701133,0.1393921456045637,78.5515465547415,,
2025-08-26,KZTK,41500.0,2680.0,1.3001680661737716,1.1601691559045126,0.999999997801618,0.0,-0.06237627079747554,-1.04667070135579,34.79636206858022,-0.02239536240198891,36.04812624595811,-0.055974655765920825,34.10434176519075,34.79636206858022,-0.0894988143048384,34.94329560402186,,
2025-08-26,KZTO,805.91,9230.0,-0.08210873581641039,-0.611046874328615,0.3433733905501743,0.0,0.052029651780802696,1.013245782216543,64.74724500343869,0.002006387741118041,51.28700398577938,0.04150477069399813,62.56873650582091,64.74724500343869,-0.017352754167476638,49.588340576643844,,
2025-08-27,AIRA,741.2,28150.0,-1.426770148054996,-0.5728734636639488,-0.9999999275362372,0.0,0.07401729135079102,1.4091405065834246,69.96190150650837,0.002677990431646603,51.71649614104958,0.08364454423971418,73.50863661847517,69.96190150650837,0.1461234201937655,79.48734077216795,,
2025-08-27,KCEL,3343.0,840.0,-1.152507290377917,0.04878977714869317,0.49979051111059214,0.0,-0.02373785391412516,-0.35097322308323814,44.75477090888966,0.010636683023992326,56.76958311186413,-0.024575949033517022,43.020656059594685,44.75477090888966,-0.047123126504565335,43.385463834351015,,
2025-08-27,KEGC,1439.0,10950.0,-0.4028513715941177,0.09375877589254979,0.3749998828125455,0.0,0.010395675182280451,0.2636122602869353,53.9459610187313,0.002964148107702653,51.89942159961865,0.00478670538402998,51.80279081573118,53.9459610187313,-0.07326695291042061,38.097751919058375,,
2025-08-27,KMGZ,19786.0,470.0,-1.2742893107982145,-1.3862896895955235,-0.4430172153975498,0.0,0.09005969520696853,1.6979892951315336,73.47375363000211,0.006176092001880438,53.94801645505443,0.08807183121302702,74.53249968181004,73.47375363000211,0.0808649822144566,69.15240273290344,,
2025-08-27,KZAP,24177.02,2420.0,2.582558729979451,-0.10018170097048523,0.17743068270700796,0.0,0.20641697369145487,3.7930405873390054,90.68549325519677,0.02587023498852306,65.98188083578462,0.12493498017263224,82.0124856963544,90.68549325519677,0.14448951460243373,79.26301017340549,,
2025-08-27,KZTK,41105.0,230.0,0.16607178814715623,-1.3531377237268234,-0.9753456830561692,0.0,-0.053034571210392276,-0.878470309887007,37.11976785647393,-0.01297598537813531,41.772780823125835,-0.046785192683082205,36.6299745171497,37.11976785647393,-0.0728884387254476,38.172645007750376,,
2025-08-27,KZTO,806.02,70730.0,-0.07009134852060137,1.4695454893906512,-0.350684883467829,0.0,0.05559746155221644,1.0774853774469129,65.62193335444368,0.008017750051891287,55.11709103816674,0.03760569281631915,61.46413242873533,65.62193335444368,-0.016711801964030132,49.7227206371721,,
2025-08-28,AIRA,745.07,48880.0,-0.907593679842727,0.10768168213491962,-0.1291248113970686,0.0,0.061622696919283744,1.1859717334879019,67.07508593957694,7.250533719958818e-05,50.04943978264188,0.06977914208977051,70.13682325773689,67.07508593957694,0.14123605929431146,78.81094025749272,,
2025-08-28,KCEL,3338.0,350.0,-1.2871177262111355,-0.8574395130322892,-0.15789472853185638,0.0,-0.03169166785547846,-0.49418427436295465,42.64107254450821,0.01242640707771028,57.89048547466906,-0.023116475030195798,43.45145796192207,42.64107254450821,-0.04771905237429504,43.26274533365924,,
2025-08-28,KEGC,1439.0,12280.0,-0.37243424982215867,0.171951888744861,0.3939392745638478,0.0,0.012459018057072259,0.30076343133874023,54.49924821542227,8.17882237443739e-05,50.0553816097424,0.014291913476069095,54.64814555566178,54.49924821542227,-0.06900025590963743,38.94516412579366,,
2025-08-28,KMGZ,20081.99,8020.0,0.19527866339087604,1.4913766024303785,0.9955885802179743,0.0,0.07357655185582562,1.4012048461719684,69.86174468727206,-0.01920539082037165,37.95162825468527,0.07423568218595794,71.24722533238665,69.86174468727206,0.06426495878400457,66.10629925225886,,
2025-08-28,KZAP,24088.0,1890.0,2.0985279071580654,-0.34737199696786253,-0.29597183768962476,0.0,0.2293004699698987,4.205065508107246,92.57412605019833,0.025191027475974338,65.59047019713306,0.15334961226824395,86.5173686761415,92.57412605019833,0.14457397584518142,79.27465073052184,,
2025-08-28,KZTK,41022.0,210.0,-0.16946739054603607,-1.3862896575668984,-0.7799779938995035,0.0,-0.05103930852434582,-0.8425449451557212,37.624269282549875,-0.013360234055593863,41.53368368415584,-0.050309123327552434,35.65184869372392,37.624269282549875,-0.056365526511906454,41.4922060275154,,
2025-08-28,KZTO,811.96,99000.0,0.6753516781372143,1.7616108374335053,0.4170661153340296,0.0,0.03667033030792816,0.7366961179558233,60.87396961473035,0.0030853769284122545,51.97690170125453,0.02742373109317295,58.52598073628946,60.87396961473035,-0.013714135734264884,50.35122367627907,,
2025-08-29,AIRA,746.0,102780.0,-0.7669056837560224,0.7417908074837825,-0.3963782297406241,0.0,0.05887029873611645,1.1364138936568255,66.4151101962971,0.006252028809736584,53.996315675823936,0.07629608493978465,71.75219188109521,66.4151101962971,0.15175250648963784,80.2463801858191,,
2025-08-29,KCEL,3397.0,760.0,0.4624361869605938,-0.08206427703914244,0.9333333177777781,0.0,-0.038042972791118235,-0.6085416208558078,40.97195231970011,-0.0037495417291634275,47.60484055070166,-0.041762543514118435,38.04318763940063,40.97195231970011,-0.05952838241959525,40.849747190821226,,
2025-08-29,KEGC,1441.9,10250.0,-0.12626567643924533,-0.008742154481863773,0.379999962000022,0.0,0.009639771432534392,0.25000196320611195,53.74301381743902,-0.003055060975542701,48.0485242610703,0.00975482096484239,53.29261721716577,53.74301381743902,-0.07380351162542376,37.9916850371003,,
2025-08-29,KMGZ,20100.0,550.0,0.23695802021298354,-1.370253051942255,0.6839275805046768,0.0,0.06258347547974406,1.2032708693119323,67.30390312197649,-0.02203134920634918,36.26326193925254,0.07833385453683969,72.24628611062933,67.30390312197649,0.06121057806207059,65.53000175121187,,
2025-08-29,KZAP,24896.0,4680.0,5.2316035317125325,0.6091668487676842,0.7785731936210024,0.0,0.17610679397723097,3.2472957744282085,87.52696130494692,0.040488911076427186,73.82271658069533,0.1295455178622435,82.81604356094614,87.52696130494692,0.09336271702982826,71.3423242880188,,
2025-08-29,KZTK,41149.99,410.0,-0.052767023880750955,-0.6746836678143383,0.6666333277773346,0.0,-0.05893404028773751,-0.9846922022757848,35.644780359938096,-0.02366574058773224,35.301742871171385,-0.06059531132868368,32.86667074766398,35.644780359938096,-0.06193288222076247,40.36340106818997,,
2025-08-29,KZTO,810.97,10310.0,0.4612053738492064,-0.6555916312474056,0.0038022808869208574,0.0,0.047747302877154146,0.9361406735278045,63.68421892428078,0.004304190949266874,52.75528298746244,0.052182891759446966,65.52478162417246,63.68421892428078,-0.009179619242956391,51.30167369609967,,
2025-09-02,AIRA,747.8,44930.0,-0.5117819097946573,-0.10531586711127262,0.20216047822834918,0.0,0.05356895507244537,1.0409614472119664,65.12587688202225,-0.00019268022177217634,49.879698812308185,0.08654461138917548,74.18227376463395,65.12587688202225,0.13538186596025603,77.9794561502151,,
2025-09-02,KCEL,3398.0,1310.0,0.4949200466341209,0.4623960994607265,0.5918367237136051,0.0,-0.048624855423825344,-0.7990719183360523,38.238362563166575,-0.006385214224987621,45.925010765637914,-0.03911226935545652,38.79731343027072,38.238362563166575,-0.06723409475228193,39.29793909479906,,
2025-09-02,KEGC,1440.0,13430.0,-0.24606158786665702,0.2528045078619764,0.0,0.0,0.011645238095238094,0.2861110539127718,54.28115736235439,-0.0010646825396825395,49.32158487574363,0.014563095238095238,54.728967685552696,54.28115736235439,-0.06912123015873016,38.92104242917981,,
2025-09-02,KMGZ,20044.86,1940.0,-0.08071134192220915,-0.05026175622329935,0.2885992626066187,0.0,0.08451470022501431,1.5981498260967193,72.28994886983146,-0.017858520211783965,38.76698763707569,0.09395144383885046,75.85135994247089,72.28994886983146,0.061140635830023694,65.51675069383073,,
2025-09-02,KZAP,24600.0,3300.0,3.4572158630890573,0.2597915031116384,-0.7059827027884524,0.0,0.18840553619821918,3.4687386967636886,88.90667075977802,0.05347800038714673,79.72733704151808,0.1838950735578785,90.25882944253367,88.90667075977802,0.11110251645373595,74.28522705460882,,
2025-09-02,KZTK,40954.0,1040.0,-0.6019158353454059,0.4102838163328436,-0.1911181598114255,0.0,-0.05782324415856426,-0.9646919504985507,35.920526850700284,-0.019117151976937346,38.00484350288787,-0.05360145794623623,34.74867609084621,35.920526850700284,-0.058527746887526225,41.05267567927904,,
2025-09-02,KZTO,810.0,18400.0,0.3367320560075174,-0.07635684717692794,-0.0012515642989269831,0.0,0.007027954144620801,0.20297532890078365,53.0408724365849,0.009074206349206321,55.78526434066671,0.04604457671957672,63.83848390245716,53.0408724365849,-0.005534038800705472,52.06515022094476,,
2025-09-03,AIRA,745.99,33270.0,-0.7679008039163056,-0.4057650198616359,-0.8012047388348645,0.0,0.05500413741768948,1.0668023801223894,65.47718673016267,0.00889973528837889,55.67505487575644,0.10073809400930306,77.31479105429294,65.47718673016267,0.13153250654238735,77.42009876353579,,
2025-09-03,KCEL,3377.0,620.0,-0.13388227607064151,-0.28566143048238246,-0.42592182764579717,0.0,-0.01807632008780217,-0.24903543360240454,46.27140319179144,0.005080634991139839,53.25047621660548,-0.03572303925715978,39.769536929374446,46.27140319179144,-0.043467870421290675,44.13990869244016,,
2025-09-03,KEGC,1442.5,14850.0,-0.04314733616296984,0.337145565758868,0.09289616640289743,0.0,0.008418333058237738,0.22800956120297314,53.41481915319727,-0.002484933701961431,48.412995458340966,0.013464985144837837,54.401540975421526,53.41481915319727,-0.06754111028582434,39.23653409749805,,
2025-09-03,KMGZ,19945.0,550.0,-0.6043879906949681,-1.372559890627498,-0.9999999818181822,0.0,0.0890829484455267,1.6804026465662611,73.26758841952127,-0.012955061040878287,41.78581212234162,0.09733566504315447,76.58905206611816,73.26758841952127,0.055825284214128544,64.50278173269552,,
2025-09-03,KZAP,24850.0,7400.0,4.0960003641564215,1.0673484378819893,0.8390804578411943,0.0,0.19491861725911022,3.586008875910162,89.58186932279078,0.04965079923988372,78.09737382762829,0.16819019114688136,88.46717160302327,89.58186932279078,0.10287312765481788,72.94490734571124,,
2025-09-03,KZTK,40700.0,130.0,-1.231521675588032,-1.7047405492725243,-0.5999839969599392,0.0,-0.05237991595491595,-0.8666830254403453,37.28499385526205,-0.017920189345189345,38.729513136618685,-0.04982473674973679,35.78561222697893,37.28499385526205,-0.048025970125970124,43.19957416560323,,
2025-09-03,KZTO,810.04,32740.000000000004,0.3404955650879516,0.6116479417052185,-0.6527544820109505,0.0,0.030366214699959995,0.6231884309187815,59.24041718586872,0.002944979808953238,51.88716985706213,0.05275419362006821,65.6798342276827,59.24041718586872,0.00558092549613471,54.38546897973274,,
2025-09-04,AIRA,745.5,75880.0,-0.8335975113243485,0.41873099499168515,-0.6226412744749875,0.0,0.07136840487368656,1.3614464292635557,69.35710690117844,0.01893478090766823,61.89079839277599,0.09315807064609875,75.67614608747036,69.35710690117844,0.1256009836798569,76.53863201320705,,
2025-09-04,KCEL,3389.0,630.0,0.22190720110323706,-0.26966124366476685,0.41843970444142686,0.0,-0.018718816596177176,-0.26060379578517345,46.09888806937976,0.0012280685176598426,50.789032601712115,-0.03656846403162428,39.52623139691962,46.09888806937976,-0.03465460710890041,45.96946825710392,,
2025-09-04,KEGC,1447.76,5680.0,0.3325588539272651,-0.6600335568464583,0.27574747776883046,0.0,0.004636439894887434,0.15991532367812378,52.39689127266316,0.004876526868875086,53.120360067758476,0.010429929498092742,53.494673916410015,52.39689127266316,-0.07027892249088027,38.69047976970861,,
2025-09-04,KMGZ,19970.0,470.0,-0.4618275972614326,-1.3483448206165098,0.7991215494569485,0.0,0.09055045763089078,1.7068256349273485,73.576956199779,-0.01671779554252021,39.4625276803765,0.09344199116134519,75.73894797323415,73.576956199779,0.05264936611266114,63.89059034782938,,
2025-09-04,KZAP,24878.0,1230.0,3.7004260980088364,-0.8865837570021526,0.988826810118286,0.0,0.21496352087073808,3.946923996654536,91.43664595936292,0.0653766283909925,84.21063209176651,0.14857724674187808,85.8336850555523,91.43664595936292,0.11158067726058726,74.36175602169452,,
2025-09-04,KZTK,40700.01,520.0,-1.280100042881695,-0.1347323411425775,-0.5832326322628545,0.0,-0.04972690345571587,-0.818914657727682,37.95758776226962,-0.020397274546416738,37.23570791001154,-0.042697760003475416,37.77842578949616,37.95758776226962,-0.05129409297325438,42.52832521992922,,
2025-09-04,KZTO,815.0,138780.0,0.9367173938786857,1.9124635639439644,0.999999856938504,0.0,0.03378365712338102,0.6847206123043014,60.12874481283935,0.005390941182198852,53.44820693305399,0.05411166131074106,66.04691065279742,60.12874481283935,0.007650754698607445,54.815766920523366,,
2025-09-05,AIRA,747.45,26890.0,-0.6022896719887162,-0.6186662867818723,-0.01999999599998261,0.0,0.07131362059573974,1.3604600202154924,69.34452695515793,0.02027002403409683,62.693787654254365,0.08787461416434919,74.48744970165909,69.34452695515793,0.11965385525070946,75.63117276324323,,
2025-09-05,KCEL,3389.9,410.0,0.24691863935438169,-0.699218624216784,0.41690960748591926,0.0,-0.011832965621030167,-0.13662177101348516,47.951820215876104,-0.00434985492618839,47.22161962848085,-0.03380770854316531,40.322608739742805,47.951820215876104,-0.037924620792297595,45.28910418353252,,
2025-09-05,KEGC,1443.61,7410.0,0.048624205102269946,-0.39415482826100984,-0.07573811607985009,0.0,0.009264507111415972,0.24324520496014346,53.642215265523554,0.006771637596026698,54.32660415683247,0.012005258229946757,53.96570496880364,53.642215265523554,-0.06823949826014868,39.09697921551783,,
2025-09-05,KMGZ,19759.0,1240.0,-1.5215983413863015,-0.3782147323370628,-0.6230624230814192,0.0,0.09941733829149184,1.866476754546122,75.39675797882515,0.018110317721400013,61.39168417827424,0.10028514371992035,77.219100930231,75.39675797882515,0.06584944142392013,66.40340049869882,,
2025-09-05,KZAP,24770.0,830.0,3.041873980159944,-1.120457231915503,0.0867579904714247,0.0,0.20177133373063932,3.709394302982716,90.25281780892816,0.07068326460580195,85.93440169395441,0.13536443374281487,83.78926271939235,90.25281780892816,0.14946275496472305,79.94020709951117,,
2025-09-05,KZTK,40602.0,360.0,-1.4886013707276442,-0.43286306825965226,-0.42450913895140124,0.0,-0.05181732450430544,-0.8565533802566658,37.42722196543092,-0.018024023271197027,38.66644649299323,-0.045242674533977956,37.06167489161199,37.42722196543092,-0.05508919071544676,41.752297906061095,,
2025-09-05,KZTO,817.0,8690.0,1.0130500641234501,-0.858249333255447,0.6655517281686083,0.0,0.04519916846379515,0.8902606704462795,63.045200397119295,-0.001972438363350236,48.74076895668412,0.047128096403800154,64.13877531971988,63.045200397119295,0.010868253482543534,55.483204325630886,,
2025-09-08,AIRA,753.0,82960.0,0.13508504208873734,0.5275587371672618,0.7777776913580343,0.0,0.06441528805413266,1.2362532607105623,67.737884201448,0.011417757541263517,57.25969251388734,0.05932265857206099,67.43792469746566,67.737884201448,0.11118236419401759,74.29801695594342,,
2025-09-08,KCEL,3394.9,339470.0,0.3881778186667274,4.104982775960408,0.5387139019239866,0.0,-0.01819083384647469,-0.2510972917105278,46.24064873178326,-0.010522061804190842,43.308405385969564,-0.03516143926440545,39.93144106384198,46.24064873178326,-0.038565028553568005,45.15605773597693,,
2025-09-08,KEGC,1442.01,10750.0,-0.04971289615467079,-0.02207999086623827,-0.4846153224852144,0.0,0.00873217712643833,0.23366042747622448,53.4991769313649,0.006164521347682359,53.9406563459958,0.014336779383010721,54.66151894784353,53.4991769313649,-0.05333611406664176,42.11028655682959,,
2025-09-08,KMGZ,19720.11,1510.0,-1.7500753640349282,-0.026145231960851865,-0.789413054142029,0.0,0.09650796291680114,1.8140924884507696,74.80907693220755,0.0667832714204651,84.6836182547827,0.09978823455321686,77.11379715906213,74.80907693220755,0.06392535667964862,66.04245508331982,,
2025-09-08,KZAP,25981.97,12570.0,7.902102877719865,1.6537619238593577,0.9699246858022815,0.0,0.08319350957392543,1.5743613513500774,72.0031287648628,0.020596403711240222,62.889025161832194,0.09538914584913216,76.1666735363339,72.0031287648628,0.15660232477132743,80.88320249137568,,
2025-09-08,KZTK,40305.0,580.0,-2.2001228669927286,0.04405990902375308,-0.9856900209849162,0.0,-0.04478316438348072,-0.7299010002536999,39.223179226753366,-0.00599409856983359,46.1737944932561,-0.030877414476521287,41.17349960034235,39.223179226753366,-0.043621706954708475,44.108099714387784,,
2025-09-08,KZTO,817.0,23610.0,1.0013193084475955,0.14124520999719725,0.4067796035621999,0.0,0.04510655806182127,0.8885931895215421,63.021887746468295,0.00035909541295095406,50.232880037016,0.04776741077499946,64.3154408307523,63.021887746468295,0.011250618309339239,55.56239548322739,,
2025-09-09,AIRA,750.01,123460.0,-0.30709032326554137,0.9251172055757109,0.338235271508333,0.0,0.06613481532944646,1.2672139181533408,68.14250180760475,0.010142441449987029,56.45876362947294,0.05214151020843534,65.51353768531662,68.14250180760475,0.11373618306253272,74.70488464838753,,
2025-09-09,KCEL,3387.0,2290.0,-0.12838699783827176,1.020905783933577,0.033194107865599426,0.0,-0.0153087951832638,-0.19920523214884853,47.015473696146614,-0.016723291787928668,39.45916592355423,-0.025862839006284596,42.641669426047265,47.015473696146614,-0.03803878766150688,45.265380720806306,,
2025-09-09,KEGC,1443.0,19050.0,0.047416092032444686,0.5629015998683127,0.33333327777778704,0.0,0.009961981486981492,0.2558034618293514,53.82953725695718,0.005138627363627364,53.287437578117334,0.012476739926739925,54.1065465610814,53.82953725695718,-0.055441759891759895,41.68040478175353,,
2025-09-09,KMGZ,19749.99,1060.0,-1.0300201358312824,-0.3235857058125752,0.9995999800080645,0.0,0.0947805670263268,1.7829901539889452,74.4557755922168,0.07474721546513613,87.14570134573131,0.08860842404404826,74.65480740020216,74.4557755922168,0.059127672048971895,65.13435292055422,,
2025-09-09,KZAP,25993.0,1740.0,6.55828614625737,-0.380244798092791,0.9299964951747768,0.0,0.08088288270834822,1.53275775023816,71.4971733061678,0.06903436836474289,85.41633041909607,0.09862811993338864,76.86661828956433,71.4971733061678,0.1568182078019784,80.91118193992745,,
2025-09-09,KZTK,40300.0,300.0,-2.1799471232735423,-0.6061342285745327,-0.23737255725203676,0.0,-0.04333784414510226,-0.7038775312235942,39.5960168887179,-0.00603097896726929,46.150327003481934,-0.028251630627436998,41.940492614392014,39.5960168887179,-0.04557703139154757,43.70422471323213,,
2025-09-09,KZTO,819.9,8240.0,1.231927348967352,-0.9114220514732091,0.9599998080000293,0.0,0.029776552454132056,0.6125713671117031,59.086510401749756,-0.0013234963323053555,49.15596067735013,0.03940310055233219,61.97488105447173,59.086510401749756,0.013424962103392425,56.01217280094558,,
2025-09-10,AIRA,755.0,165420.0,0.49155162415969705,1.2176875611488838,0.9999998459168188,0.0,0.08812380689582676,1.6631329856625245,73.06415161583001,0.0030670792599601267,51.965207844516215,0.05971593608745926,67.54170670518012,73.06415161583001,0.10539868600861979,73.36088476817159,,
2025-09-10,KCEL,3404.89,730.0,0.3996971415255804,-0.12233519426937686,0.7046212146440639,0.0,-0.030857403163200268,-0.47916306258862174,42.86165479157346,-0.023671201886483768,35.298549325188034,-0.03615157927158628,39.64614300722604,42.86165479157346,-0.05156126833363422,42.4735674558081,,
2025-09-10,KEGC,1443.5,26280.0,0.08850539372500789,0.8718218324049821,0.12499998437500197,0.0,0.005425724374728522,0.17412665184725798,52.60952657691994,0.005299911068225966,53.3902124362437,0.01286063360109081,54.22117541637513,52.60952657691994,-0.0523457266014592,42.31289940626056,,
2025-09-10,KMGZ,19750.0,840.0,-0.885363970567692,-0.51082453281599,0.9999999885057473,0.0,0.11074680630902142,2.070467574194875,77.59607265707061,0.07280452581876633,86.5781526727621,0.09775432991762105,76.67921660915202,77.59607265707061,0.058392063492063495,64.99412032757125,,
2025-09-10,KZAP,26162.8,3140.0,6.879623004961999,0.2962104802183169,0.3189801690680407,0.0,0.034459196803361444,0.6968839277231051,60.30357741824902,0.02885440957486963,67.6753487249038,0.11909492695432587,80.95292057909498,60.30357741824902,0.10957618751548612,74.03994284470956,,
2025-09-10,KZTK,40100.0,600.0,-2.6467053639483424,0.08701121903537128,-0.9999999966666667,0.0,-0.04381236096267263,-0.7124213635027028,39.473473883175146,-0.0011548163321853369,49.263903164261905,-0.02315668368760638,43.43957575450033,39.473473883175146,-0.03784235047302379,45.30620098593268,,
2025-09-10,KZTO,815.0,18550.0,0.5917021174802756,-0.09995492338982011,-0.2690354988533638,0.0,0.0294147507060084,0.6060570069461682,58.991988685605946,0.0035545452332262596,52.276664907071435,0.049432671146168096,64.7737783398058,58.991988685605946,0.023287769013535867,58.03894438844988,,
2025-09-11,AIRA,762.0,757710.0,1.4783224767757528,2.7395002330354923,0.6231883665287724,0.0,0.09634760967379072,1.8112052752626113,74.77641701638903,0.003431492938382714,52.19805874250195,0.04330901762279715,63.075556233102944,74.77641701638903,0.10130272778402694,72.68420051392387,,
2025-09-11,KCEL,3404.0,600.0,0.36977885419923995,-0.2876730773183166,0.5238953776422164,0.0,-0.030328718314587846,-0.46964391699083574,43.00158830291258,-0.018980753268796745,38.087159819098964,-0.04513964243746846,37.09058487850717,43.00158830291258,-0.048687433551563984,43.06350427799734,,
2025-09-11,KEGC,1459.45,48200.0,1.1945659167644627,1.478372416762122,0.9999999485861208,0.0,-0.02584991080299333,-0.3890015060739657,44.19132294700398,-0.004932816001570561,46.84978844390966,0.003699976752494793,51.476385011280854,44.19132294700398,-0.06147314444123604,40.456246753311476,,
2025-09-11,KMGZ,19700.01,650.0,-1.01190443689835,-0.7046178903429633,-0.1410636824804917,0.0,0.11531361917183952,2.152694550574289,78.44207118487026,0.09627324138595443,92.1654533617999,0.1004490721542056,77.25376521961867,78.44207118487026,0.05486050818357092,64.31730182197792,,
2025-09-11,KZAP,26584.0,2160.0,8.25420013988855,-0.16402214823430927,0.9851816982590037,0.0,0.03801129465629165,0.7608406246633916,61.218458978941094,0.035101413787503165,71.07103082115172,0.11780506856970892,80.71256722325373,61.218458978941094,0.12410188548786955,76.3121154867462,,
2025-09-11,KZTK,40000.0,880.0,-2.5638494081711345,0.47000307390549456,-0.9919521872830428,0.0,-0.041404071428571346,-0.6690593137354308,40.096747330427334,-0.008142063492063492,44.810179249633265,-0.020621428571428572,44.19019790706192,40.096747330427334,-0.034661904761904755,45.96794812646094,,
2025-09-11,KZTO,822.0,177800.0,1.411818970688021,2.2642394097447824,0.9999998987854354,0.0,0.020942413972888426,0.4535097812639657,56.76098194502136,-0.0044674284555671585,47.146601317857204,0.02946981230448383,59.122028582931485,56.76098194502136,0.027657499131039327,58.92872827470811,,
2025-09-12,AIRA,764.99,273720.0,1.3552920018459595,1.7213047537707913,0.16430357261855325,0.0,0.09697215418522948,1.8224504058016975,74.90346276574552,-0.008316571276893985,44.69970870580306,0.03781359825846878,61.52334222997248,74.90346276574552,0.10342689690206552,73.0364660338535,,
2025-09-12,KCEL,3385.99,860.0,-0.16275195618199007,0.0723187790414427,-0.10191534400768645,0.0,-0.02042997235293116,-0.2914137212668327,45.639896580652675,-0.014333650317599485,40.929784598253505,-0.029156875525420144,41.67561008991628,45.639896580652675,-0.037548473374437286,45.367281341965096,,
2025-09-12,KEGC,1458.0,13600.0,0.8898610150042048,0.1901459954715102,0.3961605238952378,0.0,-0.02919671761708799,-0.44926186994602596,43.30158241748233,-0.0044856310013717425,47.134988246448465,0.003979316088575347,51.56029948769834,43.30158241748233,-0.049237551440329215,42.95041896887992,,
2025-09-12,KMGZ,20180.0,3860.0,1.5035266888566723,1.1315305182017539,-0.1999999998333333,0.0,0.08976674768354656,1.6927146780599767,73.41202699484026,0.07964230536284553,88.48552511037929,0.06399309468749502,68.65914172316849,73.41202699484026,0.036360965202070335,60.683152937463746,,
2025-09-12,KZAP,26600.0,1050.0,7.99431556447929,-0.8853382343179591,-0.8433107477611388,0.0,0.039019089390142016,0.7789863022431109,61.47662405262921,0.015683103592314118,59.90868586852369,0.10525359231411863,78.2531657191193,61.47662405262921,0.12936652046783625,77.10096108004073,,
2025-09-12,KZTK,39999.97,110.0,-2.426042055778431,-1.6796358771454791,0.1782662491704481,0.0,-0.04425335605291386,-0.720361625991656,39.359706271338446,-0.015113147888333168,40.44814701080367,-0.025638719670904798,42.7076113277217,39.359706271338446,-0.024185097985351244,48.15665013161236,,
2025-09-12,KZTO,818.0,41130.0,0.5757347446231568,0.6926601124236889,0.11111109876543349,0.0,0.02109071098692125,0.4561799180609637,56.800297404289054,-0.0017691456126052428,48.870819232534714,0.044277527457600815,63.34643737012239,56.800297404289054,0.058558387666395005,65.02585029311861,,
2025-09-15,AIRA,764.0,143140.0,1.0559850432123052,1.012866671363714,-0.0008340282874030534,0.0,0.09294495969417435,1.7499394367214025,74.07679212340066,-0.005732483586802959,46.340311683883314,0.036527108784176844,61.15641883084438,74.07679212340066,0.12318535485747528,76.17288513391141,,
2025-09-15,KCEL,3370.01,910.0,-0.6352486843092023,0.128829614082056,0.14342856733062484,0.0,-0.02111940020619791,-0.30382709784011597,45.45517268063573,-0.02181195643501229,36.39319227115912,-0.03486683320095654,40.016461620250105,45.45517268063573,-0.02838600235772469,47.27771803138284,,
2025-09-15,KEGC,1455.5,15570.0,0.6717226825164865,0.26796732689152514,-0.2329149070491653,0.0,-0.03545200362063983,-0.5618903638018347,41.65057772279186,-0.00311468253968254,48.01042068623184,0.006369788923241346,52.27799720689147,41.65057772279186,-0.04550801080193902,43.718467132265175,,
2025-09-15,KMGZ,21100.0,13900.0,6.03328704209662,2.412751693748308,0.6666666662222221,0.0,0.03187943278417214,0.6504344231249592,59.63454448357026,0.018423706085909836,61.581692051817384,0.03503533438651922,60.729359194449685,59.63454448357026,-0.017091561348077936,49.64310084891566,,
2025-09-15,KZAP,26600.0,1850.0,7.319394481933118,-0.23282586238083944,-0.4694960187294641,0.0,0.062272598162071854,1.1976734203633992,67.22995458136904,0.031095843776106937,68.91782097768447,0.10332911445279871,77.85669938021387,67.22995458136904,0.11239922723475354,74.49241695312206,,
2025-09-15,KZTK,40192.0,110.0,-1.8629170793321066,-1.6094320724596793,0.9931738250685217,0.0,-0.05841811274138113,-0.9754027561254653,35.77273831473278,-0.012868116058790872,41.83997215159376,-0.03390279104741683,40.295093296727416,35.77273831473278,-0.011929184359518757,50.725423931194705,,
2025-09-15,KZTO,819.9,43850.0,0.7541899060558267,0.7566969787886902,0.40200280371919,0.0,0.029358122070635765,0.6050373896325062,58.977188264398436,0.009155106458975906,55.83634786845917,0.00033932186852056803,50.466316708867254,58.977188264398436,0.05589774667642404,64.51669527196006,,
2025-09-16,AIRA,760.0,60880.0,0.45602960621522814,0.007998379033329613,-0.6708437200631775,0.0,0.0925065162907268,1.7420451181973138,73.9857313042054,0.025833082706766916,65.96052660594174,0.04091073517126143,62.401258354489975,73.9857313042054,0.1226887635756057,76.09721333909243,,
2025-09-16,KCEL,3341.12,620.0,-1.4864233483474671,-0.2856552648931642,-0.9502222011061782,0.0,-0.013711105030078274,-0.17043829239591532,47.44565128065402,-0.007499042921449806,45.21767152595036,-0.001623501063420579,49.87614749672195,47.44565128065402,-0.021767680906925203,48.66298568053625,,
2025-09-16,KEGC,1455.0,9630.0,0.5972299789332238,-0.2568370589179926,0.1887072668122355,0.0,-0.03956809032891513,-0.6360018666603336,40.57407845075348,-0.003725969563083034,47.61989432758732,0.005296383570610375,51.95582459300942,40.57407845075348,-0.040424095892652584,44.77023022032827,,
2025-09-16,KMGZ,21289.0,5880.0,5.263419034328116,1.5524196260240006,0.4743363490477534,0.0,0.009902034361586244,0.25472409400501556,53.81344131683912,0.024881392805137462,65.41132658337997,0.024834943002832448,57.76826530083018,53.81344131683912,-0.02557936847183172,47.864781202714404,,
2025-09-16,KZAP,27870.0,8630.0,8.934568467883182,1.3645158720255988,0.5967940810130739,0.0,0.03810131734071454,0.7624615128775597,61.24154581162706,-0.015098498129068636,40.45718220288447,0.06908629179694842,69.96199408524917,61.24154581162706,0.025671125292599996,58.52494096020534,,
2025-09-16,KZTK,40185.0,90.0,-1.8566875206307014,-1.810101210762599,0.9453924882409813,0.0,-0.06104387564656316,-1.0226804858831746,35.12365378802379,-0.005304157557013101,46.6131145837577,-0.03428806413196111,40.18366374663911,35.12365378802379,-0.011798607333937686,50.752795640175876,,
2025-09-16,KZTO,821.42,7430.0,0.8709081122699661,-1.0185474942465516,0.8369097515150429,0.0,0.017878483833454535,0.3983427054998978,55.94685862298476,0.002461424640952825,51.57802623810881,0.02153308907957692,56.79655623336036,55.94685862298476,0.08187897846663525,69.33351406862197,,
2025-09-17,AIRA,759.69,37940.0,0.36902324469626263,-0.42296945938204517,-0.3099998450000229,0.0,0.09564594063744039,1.7985714921383031,74.63317499618728,0.049949677123939565,78.22798759384429,0.05669635339978893,66.74051259630582,74.63317499618728,0.05592229161142794,64.5214075958787,,
2025-09-17,KCEL,3335.0,7510.0,-1.700648315895582,2.258284463088747,-0.08422701428814057,0.0,-0.016411990433354777,-0.2190686275836979,46.718693428257474,-0.005829250850765088,46.27870988474058,0.0031727065038909125,51.317968947931,46.718693428257474,-0.024959710620879986,47.99448016623224,,
2025-09-17,KEGC,1455.69,5680.0,0.6223966761332692,-0.7847680047982762,-0.23142853836733607,0.0,-0.04292761974439224,-0.6964913051791518,39.702061963176334,-0.0016064227927910883,48.9749272449284,0.004754855478452499,51.79322654753824,39.702061963176334,-0.03407175847552581,46.09090196780008,,
2025-09-17,KMGZ,21250.0,3060.0,4.418239675348783,0.899278077574572,-0.5652173888468809,0.0,0.033406112044818005,0.677922788266027,60.0309215677118,0.024378455648926173,65.11941271894949,0.029410364145658265,59.10474750084973,60.0309215677118,-0.027253505135387417,47.51452089226696,,
2025-09-17,KZAP,26999.99,4320.0,6.571897363134465,0.6725271364467177,-0.024500168265134306,0.0,0.09907845659431366,1.8603750774802283,75.32878301596648,0.01891244202430245,61.87730738607018,0.12367729941663638,81.78825922326067,75.32878301596648,0.013714306290425013,56.071952837569064,,
2025-09-17,KZTK,40179.8,40.0,-1.707737307086249,-2.453142642472877,0.9985714250051229,0.0,-0.0537811150189423,-0.8919120781301579,36.93171766517166,-0.013821520531085856,41.24717667045126,-0.03148265221638272,40.997301393692375,36.93171766517166,-0.0049523356006814165,52.18689361055737,,
2025-09-17,KZTO,820.46,14460.0,0.7349070193419608,-0.3526897211727599,0.6211292129090825,0.0,0.016551528294812518,0.3744504320457325,55.59324884288327,0.01831458947342344,61.515574247180446,0.0324723377013823,59.99182094018335,55.59324884288327,0.12640581106456342,76.65962157927989,,
2025-09-18,AIRA,766.99,503400.0,1.2929405798216287,2.2717754624551394,0.057931778130382056,0.0,0.1146398359532429,2.1405628608237697,78.3187247041407,0.04902289302627441,77.82113696676947,0.049221530702269034,64.71581345064195,78.3187247041407,0.012876917524638147,55.89889621968498,,
2025-09-18,KCEL,3350.0,7090.0,-1.2292622681719823,2.2007341387477095,0.20010004752251057,0.0,-0.018421369343757443,-0.25524815960442,46.17874351976956,-0.010309227671168035,43.442245684936715,0.00585007107320543,52.122030745028965,46.17874351976956,-0.037119515517649845,45.45646230682227,,
2025-09-18,KEGC,1456.8,5610.0,0.6762952306613031,-0.7528263440098666,0.43589738001314143,0.0,-0.0440823461729557,-0.717282536529845,39.40380965992747,-0.0011513990219920401,49.266090059553946,0.005640468345493088,52.05911743478284,39.40380965992747,-0.035786354305588186,45.7338120783019,,
2025-09-18,KMGZ,21658.0,5540.0,6.114147552836403,1.4230615899394905,0.8133333315259259,0.0,0.014751921281333048,0.34204791242545385,55.11278588736444,-0.00341448015103484,47.818858860003196,0.007034353741496597,52.47736689211896,55.11278588736444,-0.047067395932731994,43.396944555550974,,
2025-09-18,KZAP,27600.0,2190.0,8.41150314936633,-0.06411024621950237,0.6977928680852413,0.0,0.08665148378191856,1.636623320925466,72.74997239678784,-0.01408409247757074,41.08435522064002,0.08227836438923396,73.18742804095896,72.74997239678784,-0.06544635955831608,39.65616395796515,,
2025-09-18,KZTK,39799.0,390.0,-2.6063227153300996,0.012903383873570935,-0.9999999973544974,0.0,-0.05164442234928931,-0.8534402197564371,37.470976963558556,-0.005001406691641371,46.806061300857394,-0.026615348255938472,42.420453697086415,37.470976963558556,0.013407262137080093,56.00851532651014,,
2025-09-18,KZTO,820.89,5830.0,0.7552133671929385,-1.2610549172171335,0.9498744486530091,0.0,0.008522615697596499,0.2298872046232127,53.44285135202757,0.03231944779446699,69.58490371487214,0.045842407021647255,63.78233299799123,53.44285135202757,0.12963770084907852,77.14109001027454,,
2025-09-19,AIRA,761.01,170010.0,0.24323924481247866,1.0768793428759658,-0.9981800729590488,0.0,0.11836165465568634,2.2075754378062715,78.99369258204769,0.06515436129366928,84.13481808589532,0.05869008651409999,67.27063611869173,78.99369258204769,0.013269665829433418,55.98008056571319,,
2025-09-19,KCEL,3348.0,690.0,-1.3027749569724005,-0.12898889344649367,-0.007672634155666179,0.0,-0.010599743983614953,-0.11441720745977989,48.28441561194683,-0.015990104966717805,39.90848598873587,0.0015096859532343406,50.81816309530534,48.28441561194683,-0.034786930363543335,45.941905955515516,,
2025-09-19,KEGC,1456.0,11960.0,0.5940452743510294,0.061644090577363836,-0.49999987500003124,0.0,-0.04497240537240538,-0.7333083468636336,39.17445415246175,0.0029630341880342507,51.89870962524728,0.004535561660561722,51.727370863813114,39.17445415246175,-0.033017857142857154,46.31059411476035,,
2025-09-19,KMGZ,21850.02,820.0,6.401520694529271,-0.5803045371537041,-0.21903876504779998,0.0,0.0033719269952940077,0.13714735059718375,52.05605019801441,-0.00589651141541945,46.23589865677194,-0.006560993896442277,48.39209302334396,52.05605019801441,-0.05626357793788233,41.512963908856186,,
2025-09-19,KZAP,27100.0,2200.0,5.963753626913261,-0.05955443676656945,-0.549448072652743,0.0,0.09999687811163827,1.8769115607301232,75.51271291067931,0.012237850699935571,57.77275450745354,0.04339679903941899,63.10014196833268,75.51271291067931,-0.00135602266736954,52.93892622179093,,
2025-09-19,KZTK,39520.0,120.0,-3.2010207105780673,-1.2039690710055446,-0.943732573867023,0.0,-0.045372058351005766,-0.7405042309557743,39.071623932689704,0.002036884679647867,51.30651147903708,-0.019750514105777262,44.448684419893716,39.071623932689704,0.02080660786581838,57.53134354451879,,
2025-09-19,KZTO,819.1,32119.999999999996,0.4886581085182337,0.5530595382203961,0.3666666055555733,0.0,0.005955492575087221,0.18366530355162813,52.75219492772841,0.030887754901333823,68.80357886882611,0.04805751134132896,64.39547812696574,52.75219492772841,0.12764214425240242,76.84463252234994,,
2025-09-22,AIRA,762.0,52360.0,0.3423864184664188,-0.26693682058200363,0.0,0.0,0.12605937070366202,2.3461753617939047,80.34037438035047,0.055775471816022965,80.6614811884667,0.05472392513435824,66.21184879872803,80.34037438035047,0.04199426321709786,61.80448120482749,,
2025-09-22,KCEL,3307.0,1020.0,-2.5092718186148626,0.3008338325722908,-0.9109556897213187,0.0,4.233216217636518e-05,0.07719689413664967,51.157746436600014,-0.003777381552358851,47.587061901616664,0.014640966612428596,54.752171628074684,51.157746436600014,-0.01598979509554049,49.87409906841177,,
2025-09-22,KEGC,1455.5,6890.0,0.5174989402368775,-0.5083544405297751,0.0,0.0,-0.045374262785384395,-0.7405439225260283,39.071057002654754,0.01270181059255256,58.06228065592632,0.006789774555190219,52.40400189278868,39.071057002654754,-0.02894130473900313,47.161649509443784,,
2025-09-22,KMGZ,21554.46,2440.0,4.760417557944254,0.5735433457202768,-0.5455264751285356,0.0,0.01410004008782548,0.33031057588224944,54.938504732003956,0.010006173405808928,56.372976721548596,0.0071922574095040215,52.524726679134915,54.938504732003956,-0.05561005377607627,41.64610007184484,,
2025-09-22,KZAP,27510.0,4380.0,7.201565137568805,0.6290361091312415,-0.9738605881805309,0.0,0.045493678056464315,0.895563413091393,63.1192962835687,0.018298333939173635,61.50572076838946,0.02588932812310675,58.07733728032116,63.1192962835687,-0.03330748818611415,46.250204121478774,,
2025-09-22,KZTK,39799.99,190.0,-2.505522252019851,-0.6799003842347393,0.4884398964489924,0.0,-0.05478907520254735,-0.9100607346874439,36.67844729665967,-0.010686605547204792,43.20499917639921,-0.02541285096867118,42.77409417301955,36.67844729665967,0.031321614496935976,59.67038058919378,,
2025-09-22,KZTO,829.96,60690.0,1.7842160228775956,1.0574529901455327,-0.44784388224900123,0.0,-0.013706021651837142,-0.17034676448901018,47.44702061802674,0.014912698680448942,59.43401551303362,0.022728389568592654,57.1489688219671,47.44702061802674,0.10614443128641875,73.48293242321033,,
2025-09-23,AIRA,782.0,1100000.0,2.9509124596166685,2.77798314326266,0.8070997720328278,0.0,0.07624800775382617,1.4493052933814443,70.46589581986191,0.036202191166321576,71.64703079628454,0.05553276600495269,66.42913941730365,70.46589581986191,0.055141859497422153,64.37143675577907,,
2025-09-23,KCEL,3326.47,3500.0,-1.9306255343085734,1.4948163545253887,0.6111111023156084,0.0,-0.01760669303930114,-0.2405796432330135,46.39755830500184,-0.011103019174814216,42.94357373024812,-0.0019178129852699052,49.787654603406956,46.39755830500184,-0.029620259055060924,47.01977724955563,,
2025-09-23,KEGC,1454.11,7210.0,0.39136005093215676,-0.462956668781753,-0.11199995520009795,0.0,-0.05240159767448429,-0.8670734119738785,37.27951690638249,0.011227418012086876,57.140385521608,0.0035901463017852728,51.44338926808902,37.27951690638249,-0.026990959513990546,47.56943500199137,,
2025-09-23,KMGZ,21885.0,1990.0,6.125060418364234,0.14290734681804845,0.33177570015940255,0.0,-0.005221264020801301,-0.01757589643077452,49.73636399674468,-0.0006329550028829627,49.59789409875978,0.0061573824754941366,52.21425957980087,49.73636399674468,-0.07837109212659248,37.09349400543845,,
2025-09-23,KZAP,27536.0,2580.0,6.519948758214151,0.09977735705429909,-0.1820391817788649,0.0,0.037487086918827135,0.7514020909329331,61.08392311316862,0.030046913016610926,68.33962759058659,-0.012444247299927137,46.62768517702299,61.08392311316862,-0.0433522207004049,44.1638249028586,,
2025-09-23,KZTK,40097.0,720.0,-1.7108409395777675,0.7801576892425093,0.9999999974810448,0.0,-0.06023727056134902,-1.0081572944843287,35.32247374546591,-0.025516385849632103,34.22722281035272,-0.03809890959858845,39.08710739911487,35.32247374546591,0.019655535316935792,57.29530752448181,,
2025-09-23,KZTO,826.0,8119.999999999999,1.1179134836041371,-0.9539914448160024,-0.6323256858528248,0.0,-0.022069121603443646,-0.32092714578255777,45.200912009521474,0.042859207694377184,74.97842834787052,0.02109096717783161,56.666028163952575,45.200912009521474,0.10745879069141782,73.6971667400568,,
2025-09-24,AIRA,800.01,269590.0,4.436537690194585,1.2221503345745655,0.7475982206288996,0.0,0.05777938856121442,1.1167716950648783,66.15172696286031,0.024841118414591228,65.38799295591576,0.04896707527763041,64.64589962194435,66.15172696286031,0.07533186553918084,68.15381332556008,,
2025-09-24,KCEL,3325.98,470.0,-1.9296119315382485,-0.5318627726348389,0.9603399224157848,0.0,-0.009508644970805578,-0.09477160877884003,48.57880878727793,-0.007950630691305024,44.931422918769584,-0.0015105128413279417,49.91012071868856,48.57880878727793,-0.03411507029507087,46.081876544410896,,
2025-09-24,KEGC,1457.9,7250.0,0.6151599283656725,-0.4574241688120505,0.977358367627899,0.0,-0.05804996472421199,-0.9687741292863059,35.864168932179815,0.012012758294437358,57.63209551847153,-0.019172375383379285,44.6204423484672,35.864168932179815,-0.016644105105517133,49.7369140192543,,
2025-09-24,KMGZ,21834.44,1130.0,5.163429391312309,-0.4230085316329598,-0.6455999967720131,0.0,-0.005163147224555017,-0.016529484288271803,49.75205976796814,0.01327527331148303,58.41937250769741,0.010030095423298564,53.37501894438718,49.75205976796814,-0.07472543240556344,37.809707852292554,,
2025-09-24,KZAP,27594.99,1040.0,6.216415101436166,-0.8770679278377123,-0.03553299474348734,0.0,0.03849218970286163,0.7694992990656719,61.34172860988449,0.06403681557516677,83.74914775752498,0.004899835212064574,51.83676171235727,61.34172860988449,-0.03973580424381388,44.9130061630228,,
2025-09-24,KZTK,39750.0,480.0,-2.3575891366721615,0.3746929896881935,-0.9999999974842767,0.0,-0.054021608265947894,-0.8962422386020137,36.87122286063041,-0.014466786463012877,40.84739606815273,-0.02963296046720567,41.536495069043255,36.87122286063041,0.02825424528301887,59.049802018005096,,
2025-09-24,KZTO,838.05,16600.0,2.5761391693886035,-0.23892149718819058,0.2424964153169843,0.0,-0.02811952875297241,-0.4298667280940469,43.58750777731224,0.02065923046982655,62.926559536895034,0.006643380679639014,52.36008398678037,43.58750777731224,0.11476054978819886,74.86688193598468,,
2025-09-25,AIRA,807.0,125040.0,5.024059364178569,0.29743245222533016,0.6551723686088022,0.0,0.0484096078952027,0.9480656944802592,63.84953335016377,0.02660723726913318,66.40414153362842,0.04449703634861625,63.40771511944461,63.84953335016377,0.09043410338112942,70.83754567021695,,
2025-09-25,KCEL,3325.99,430.0,-1.9280435973219372,-0.620806584815254,0.9124578685686151,0.0,-0.009518520783428682,-0.09494942605221661,48.57614368713622,-0.010646092038379533,43.23045411063178,0.003220654293074377,51.33237579601256,48.57614368713622,-0.03190542554533345,46.54264257049932,,
2025-09-25,KEGC,1459.7,8760.0,0.6872849515048076,-0.21396888639532338,0.8888887242798845,0.0,-0.052531606706531425,-0.8694142676052288,37.24668259630807,0.011452649054872088,57.281553799922435,-0.02471761530146989,42.97889469003303,37.24668259630807,-0.011097178317788756,50.899821879358996,,
2025-09-25,KMGZ,21652.1,920.0,3.8969412278261872,-0.4018343343842469,-0.9889447186485336,0.0,0.0029281181293094247,0.1291564251451236,51.93637743059535,0.019862458493157046,62.44940393799627,0.019998079952727333,56.34298049288182,51.93637743059535,-0.057144276723625834,41.33374382534496,,
2025-09-25,KZAP,27298.0,2880.0,4.233803459772643,0.2205424714543839,-0.6737588640536191,0.0,0.009635394098294312,0.2499231478550179,53.741838210382454,0.07233049790263145,86.43649212911808,0.01759163329018813,55.62979360327929,53.741838210382454,-0.013007939706031146,50.499278853978645,,
2025-09-25,KZTK,39725.0,1130.0,-1.5890082064379136,1.2308794516685495,0.799035366563365,0.0,-0.056874318229494444,-0.9476062252237717,36.156830147991315,-0.01609415075868824,39.84461798193322,-0.031872433745891854,40.88394920593114,36.156830147991315,0.028982955737361017,59.197501177424485,,
2025-09-25,KZTO,850.0,70700.0,3.970121591750698,1.2101194557416326,0.41839760128204495,0.0,-0.04574404761904764,-0.7472020207876527,38.975998688462944,0.012726283846872103,58.077537549132074,-0.01244297385620915,46.62806633536392,38.975998688462944,0.08492787114845937,69.87448531807833,,
2025-09-26,AIRA,812.99,55610.0,5.620495328026263,-0.7100842418859814,0.5983988927018765,0.0,0.044197931650304355,0.8722330703921131,62.792840090573506,0.011401623943713877,57.24958304529242,0.03156025144396432,59.72823986676084,62.792840090573506,0.06976979636895901,67.13290204405354,,
2025-09-26,KCEL,3305.01,610.0,-2.5476429886711593,-0.1999197616995605,0.08786428691031166,0.0,-0.006211736921478982,-0.03540968867384357,49.46887464822481,-0.0016605566246396563,48.94029206894284,0.004150545827179218,51.61173315833945,49.46887464822481,-0.022510914263497,48.50727908588481,,
2025-09-26,KEGC,1464.9,18520.0,0.9911587026674743,0.5674754352025626,0.8153844899408756,0.0,-0.057463021854246545,-0.9582060287412504,36.0101503831083,0.008541325346439973,55.44848116198122,-0.03612672805554749,39.653295091252104,36.0101503831083,-0.00797471329100969,51.554096133648954,,
2025-09-26,KMGZ,21790.0,1530.0,4.448176299829486,0.10681379662489451,0.9999999947368422,0.0,-0.004414070456085141,-0.003042109263815132,49.95436837371161,0.011097579164754467,57.058953312858726,0.0042311791123057964,51.635952458831866,49.95436837371161,-0.055483857273978886,41.671822973381914,,
2025-09-26,KZAP,27517.0,1630.0,4.6103316930006155,-0.3827126677366055,-0.1501564921495246,0.0,0.0410106836985621,0.8148456166216683,61.984900287364184,0.04724495311988948,77.02550782437274,0.03186763001053894,59.817131892799445,61.984900287364184,-0.025349401279209156,47.912911768451394,,
2025-09-26,KZTK,39724.97,40.0,-1.3290412093572235,-2.2380371807444353,0.9997712660123236,0.0,-0.06852268207352905,-1.1573388697252602,33.305424929259175,-0.008788188669494304,44.401420402354006,-0.041482856122088706,38.122506909881714,33.305424929259175,0.03775029635642265,60.96080280683539,,
2025-09-26,KZTO,846.98,25330.0,3.1320651364144836,0.18366440721808966,-0.6819443970871992,0.0,-0.04455845581331545,-0.725855048110211,39.28106424603034,0.023900431533212103,64.84090292654668,0.001468273580418419,50.80571447738451,39.28106424603034,0.07119249391957305,67.3956306595185,,
2025-09-29,AIRA,806.9,79610.0,4.712481630582695,-0.35130870669720815,0.0615384568047306,0.0,0.05893250830633413,1.1375339975486471,66.43009918929907,0.016835049041304492,60.614955769808155,0.03351753315156773,60.293158333848915,66.43009918929907,0.08180206458383746,69.31979716253379,,
2025-09-29,KCEL,3304.92,730.0,-2.5476591754848146,-0.020339173268071515,0.9948556446168639,0.0,-0.013486958145518178,-0.16640245358756334,47.5060345724385,0.001460165925779953,50.93755020423093,0.002941061508296698,51.24836365093528,47.5060345724385,-0.017997633470560218,49.45314317843359,,
2025-09-29,KEGC,1478.57,12220.0,1.8261990647346702,0.1516985179044752,0.9999999273783641,0.0,-0.06992026923053385,-1.1825028888342657,32.97089482639094,-0.0021507064499578796,48.626741407735324,-0.049550155386623586,35.86153655017248,32.97089482639094,-0.005415578648975565,52.08994452307509,,
2025-09-29,KMGZ,21838.0,550.0,3.9117856011080288,-0.9162880111555185,0.8399999944000001,0.0,-1.0272177375390823e-05,0.07624973560055241,51.14354658281,0.004364513037562376,52.7937753393029,-0.010336411301401229,47.25909369550955,51.14354658281,-0.0645745433182584,39.83126360545858,,
2025-09-29,KZAP,28100.0,3160.0,6.469172206441315,0.2792783058351915,0.6580310869464058,0.0,0.031763328249449246,0.6483439225677915,59.60434762735283,0.009337658871377733,55.95157314338487,0.03508282918149466,60.74298153172657,59.60434762735283,-0.047601840083601646,43.286876278624796,,
2025-09-29,KZTK,39499.97,740.0,-1.8342258963392464,0.6797236183183433,-0.3751874988275318,0.0,-0.08307789010376225,-1.4194102054359379,29.9087659653014,-0.008152544510974198,44.80354288018839,-0.03878729751566898,38.89016154086412,29.9087659653014,0.03650682190441765,60.71233436007435,,
2025-09-29,KZTO,844.95,115460.0,2.627547140931716,1.700597945869606,-0.43333331269840936,0.0,-0.046999465733390866,-0.7698062392514433,38.653904277709806,0.02213807516082937,63.8054703564683,-0.0053694760044973745,48.7500653243354,38.653904277709806,0.07665459952547198,68.39410127286956,,
2025-09-30,AIRA,812.77,92640.0,5.297203038035169,-0.10804450260572496,0.15577077031712525,0.0,0.050523841581532586,0.986133171429409,64.37505005169402,-0.009471677411813869,43.96984865389778,0.028463672447993377,58.82925160030973,64.37505005169402,0.05766241115772811,64.8547666588263,,
2025-09-30,KCEL,3300.0,430.0,-2.68751631371977,-0.5292416213778018,0.2822966445781507,0.0,-0.01079877344877345,-0.118000798822509,48.230727026636856,0.0030408008658009207,51.9484132095148,-0.00013253968253970974,50.32444601125481,48.230727026636856,-0.015007034632034632,50.080151162987576,,
2025-09-30,KEGC,1475.01,17510.0,1.4696300627184098,0.43311355506944527,-0.6387519476598037,0.0,-0.0689876547568201,-1.1657108567092973,33.19393893166796,0.0014248481850486611,50.914951617147196,-0.050076926500256164,35.71594215677183,33.19393893166796,0.005170763854385502,54.30012040341832,,
2025-09-30,KMGZ,21939.99,730.0,4.301973815636848,-0.6331628733422516,0.9999999951219513,0.0,0.0051791529520382115,0.1696870518114283,52.543109391068874,-0.0027456275194943196,48.24631571590209,0.005936445307881916,52.14795445791015,52.543109391068874,-0.06142243243469385,40.46649242101622,,
2025-09-30,KZAP,28449.99,4870.0,7.058632137609777,0.7117998437266648,0.26675136067740807,0.0,0.019477993863718596,0.42714241274167836,56.37229543201627,0.009297374434176244,55.926151474164634,0.04771259031574848,64.30030714234405,56.37229543201627,-0.05493319341739167,41.784118853971194,,
2025-09-30,KZTK,39200.0,220.0,-2.3190924653505878,-0.5332976745586872,-0.9999999966666667,0.0,-0.05815498866213152,-0.970665120032367,35.83807542491846,0.006889285714285714,54.401335254181504,-0.02400328798185941,43.18956972000047,35.83807542491846,0.06180187074829932,65.64192976015363,,
2025-09-30,KZTO,864.0,43620.0,4.557526781905616,0.5780671042006578,0.6571428383673475,0.0,-0.053917460317460295,-0.8943670203354676,36.897415671353976,0.0001300264550264025,50.086258100548186,-0.030014484126984115,41.425108627034405,36.897415671353976,0.05300958994709,63.96025897393285,,
2025-10-01,AIRA,822.4,348130.0,6.386109535869979,1.1699805405388743,0.7833333006944438,0.0,0.0278520443456242,0.5779199619558949,58.582972088284635,-0.03156308597368905,30.8316692587599,0.04387592335247979,63.23421451801139,58.582972088284635,0.06416819066147865,66.0881130945591,,
2025-10-01,KCEL,3310.0,76240.0,-2.3888780475365037,4.104982775960408,0.503572752780266,0.0,-0.017765736344890475,-0.24344327056455436,46.35482952811644,0.007171263127607474,54.5803684563953,-0.0006732496523282408,50.161868943748075,46.35482952811644,-0.020270619335347434,48.97669417522375,,
2025-10-01,KEGC,1480.0,6790.0,1.6699214370657456,-0.5142064268878964,0.4513787443572003,0.0,-0.07466465036465036,-1.2679270406812064,31.84821042287156,-0.0030976190476190474,48.021325567321796,-0.053722404547404554,34.715700666214644,31.84821042287156,0.008350675675675677,54.96111439011333,,
2025-10-01,KMGZ,22192.99,670.0,5.239351643430721,-0.5702187626856529,0.7545231350371745,0.0,-0.0072277549938782,-0.05370343018456418,49.1945182377192,-0.022607833759561942,35.922811195758484,-0.004529819533069135,49.00240575700999,49.1945182377192,-0.06363758564078123,40.01973694722531,,
2025-10-01,KZAP,29448.9,12090.0,8.934568467883182,1.6210841262623403,0.5799533744238338,0.0,-0.022783583912666258,-0.3337912760171777,45.009799457700026,-0.021776754770854948,36.41405819498742,0.022853508947460025,57.18581674455494,45.009799457700026,-0.08952200905636548,34.938873560846694,,
2025-10-01,KZTK,39300.0,120.0,-1.7346765054542597,-1.011598856758762,-0.801953102788372,0.0,-0.06064764328123112,-1.0155461910645311,35.22125705473624,0.006876426753907752,54.39316809032088,-0.03370486792681449,40.35237611953127,35.22125705473624,0.06174624681933842,65.63140787632233,,
2025-10-01,KZTO,858.0,18190.0,3.5589271824824418,-0.4568949302002234,0.04347825897920613,0.0,-0.05373445443445443,-0.8910719388702877,36.94345965341244,0.0027298867798867805,51.749674288950054,-0.030291106116106144,41.34440312929954,36.94345965341244,0.06490110722610723,66.22573554101412,,
2025-10-02,AIRA,831.0,105480.0,6.9480103579951695,-0.16377397807296476,0.1997713575372578,0.0,0.026946090481920808,0.5616079629339755,58.34530432776227,-0.028362821614807174,32.60592434968356,0.02817230531201654,58.744348772791085,58.34530432776227,,,,
2025-10-02,KCEL,3301.0,106400.0,-2.2550165042462504,4.104982775960408,-0.17602995595392862,0.0,-0.013323699768708923,-0.16346293250428595,47.5500196115082,0.004635897731808128,52.96690789151282,0.009416740958728236,53.19139049524539,47.5500196115082,,,,
2025-10-02,KEGC,1480.99,7500.0,1.6426710204789752,-0.3065033610775762,0.7724999034374916,0.0,-0.07602215768206103,-1.2923694090191828,31.530746412262793,-0.0030718067718965955,48.037821950638644,-0.055766659914426614,34.160583564071494,31.530746412262793,,,,
2025-10-02,KMGZ,22149.99,740.0,4.895876872595295,-0.4708466294024983,0.5579005494038821,0.0,-0.004860705665910403,-0.011083923971732426,49.83374175318514,-0.01257242894595316,42.02430898561758,-0.004830512938638606,48.91203240160129,49.83374175318514,,,,
2025-10-02,KZAP,29357.99,8350.0,7.061554230178127,1.2509670598535405,-0.21690054554145505,0.0,-0.04921041086759778,-0.8096150378135168,38.089078305351975,0.0059082120717608546,53.77757417036529,0.019539973243918825,56.20740636753588,38.089078305351975,,,,
2025-10-02,KZTK,39210.1,330.0,-1.9039848147096208,0.0,-0.9482051257738405,0.0,-0.06614944354007748,-1.114607924820192,33.87734879966492,0.00935115904498695,55.960091789091905,-0.032021693888151515,40.840568513940376,33.87734879966492,,,,
2025-10-02,KZTO,863.48,5470.0,4.057332173165673,-1.4981630209737908,0.34918917031410085,0.0,-0.05991675767896759,-1.0023863540055868,35.401618601954176,-0.0001852214111814905,49.88447305628132,-0.041101815466539626,38.2306719048705,35.401618601954176,,,,
2025-10-03,AIRA,824.8,183120.0,5.909131047855934,0.3878454189337378,-0.6388139817351042,0.0,0.02385331662894714,0.5059215465656014,57.53108290049257,-0.02711177197358084,33.31367344608801,0.04447729820023715,63.40220682158375,57.53108290049257,,,,
2025-10-03,KCEL,3309.85,5490.0,-1.5639333943108802,1.9323117840261435,0.61330447232816,0.0,-0.016368271178787933,-0.21828144794210097,46.730450451620825,-0.007589539250447884,45.16028251147635,0.004813153583663538,51.81073289509966,46.730450451620825,,,,
2025-10-03,KEGC,1481.99,5700.0,1.6504640954694418,-0.5809396427564374,0.9966609354489286,0.0,-0.07804594923417539,-1.328808445421887,31.060656864228285,-0.0017496679255916898,48.88328031326449,-0.05713954011535541,33.79018845870213,31.060656864228285,,,,
2025-10-03,KMGZ,22099.91,2570.0,4.527167972535836,0.7741620087542349,0.9507869669419612,0.0,-0.005552341720195034,-0.023537059934855588,49.64694996857706,-0.010461638444832338,43.34639265256962,-0.005764245151023426,48.63144730020109,49.64694996857706,,,,
2025-10-03,KZAP,28903.03,3450.0,4.501843354491723,0.23407230972068346,-0.26387214587774444,0.0,-0.051625532704625665,-0.8531001054552318,37.47575846076362,0.03708083772375292,72.10178882624432,-0.0001919664920175014,50.306578227882305,37.47575846076362,,,,
2025-10-03,KZTK,39500.0,1490.0,-0.9719299663234635,1.553957815057564,0.5424164510477726,0.0,-0.07077028832630099,-1.197807763855259,32.76826958730802,0.0019573387582881253,51.25562878055562,-0.04181275668073135,38.02895394109987,32.76826958730802,,,,
2025-10-03,KZTO,869.87,20790.0,4.449422666399198,-0.01385259712484469,0.6723076405917207,0.0,-0.07259568897906843,-1.2306747064839203,32.33530632962732,-0.017889770652648167,38.74799600835107,-0.05420850439976343,34.58331633586992,32.33530632962732,,,,
2025-10-06,AIRA,823.0,69840.0,5.412751576908731,-0.652302682118116,-0.2727272479338866,0.0,0.026346600223726625,0.5508139425129585,58.18781989460607,-0.026259928349630646,33.79994936884646,0.02729282773052518,58.4877599697687,58.18781989460607,,,,
2025-10-06,KCEL,3320.05,298350.0,-1.2447394606727813,4.104982775960408,-0.3011627871957773,0.0,-0.024918482503968786,-0.37223083141668456,44.43963097718906,0.0003926554044055212,50.25436076372836,-0.010028540692994917,47.35139553236798,44.43963097718906,,,,
2025-10-06,KEGC,1480.0,11020.0,1.450018186001557,0.07830485867345884,-0.0010010009007997995,0.0,-0.07954595667095668,-1.3558165755507507,30.714730852849037,-0.0011344809094809096,49.276916785642214,-0.0636816066066066,32.05291495836694,30.714730852849037,,,,
2025-10-06,KMGZ,22001.4,720.0,3.65496479208059,-0.6061342129811823,-0.8683544248838143,0.0,6.909933653566e-05,0.07767884596605465,51.164971813818795,-0.015174379844659367,40.41038941241172,-0.0049477490068813735,48.876799014181444,51.164971813818795,,,,
2025-10-06,KZAP,28450.0,6370.0,2.5693778047020257,0.7496586523625103,-0.5988538673368856,0.0,-0.06181592532150523,-1.0365814956885164,34.933833500365886,0.04253269241498592,74.82126286966562,0.00916508982620577,53.116024897724934,34.933833500365886,,,,
2025-10-06,KZTK,39301.1,110.0,-1.2324372786667397,-1.0520897053632834,-0.999312711342578,0.0,-0.06910231478334568,-1.167775348418503,33.166475892603685,0.0019279170414189931,51.236808089140226,-0.035167198578552585,39.929779582420366,33.166475892603685,,,,
2025-10-06,KZTO,866.29,24870.0,3.8701812022382724,0.11356978565699334,-0.451666629027787,0.0,-0.06776782022204883,-1.1437473323673921,33.486815445403316,-0.004662160143043802,47.02238041123733,-0.06282527159239717,32.27763783057235,33.486815445403316,,,,
2025-10-07,AIRA,807.6,223290.0,3.292940247664195,0.5099594560909109,-0.9294117100346025,0.0,0.059516168423783614,1.1480429910486587,66.5705668036566,-0.01014841151913963,43.5434381542932,0.05328031734239012,65.82233024487164,66.5705668036566,,,,
2025-10-07,KCEL,3320.3,344370.0,0.1327869572047785,4.104982775960408,-0.9856856288094581,0.0,-0.022952935848214194,-0.33684051364140455,44.96452063437345,-0.010222688569449398,43.49669308842829,-0.002153128769201892,49.71690143578629,44.96452063437345,,,,
2025-10-07,KEGC,1481.7,6980.0,1.4578506190196099,-0.3915186072020046,0.40540536888240253,0.0,-0.08204035559219304,-1.400729053319934,30.144266376298944,-0.0016620146742641485,48.93935921327767,-0.06786932794377118,30.966032418065232,30.144266376298944,,,,
2025-10-07,KMGZ,21948.0,2320.0,3.1259858711770074,0.7508116265370824,-0.5174157929362856,0.0,0.00044214745675926273,0.08439570078175258,51.265665077198186,0.004531294748626623,52.90018360943676,-0.004785065349267098,48.92569122571924,51.265665077198186,,,,
2025-10-07,KZAP,28803.0,1940.0,2.581881680337687,-0.4392513903255641,0.5452879742482385,0.0,-0.058445911842847045,-0.9759032881438052,35.765838520374494,0.02792726204115647,67.15389448858859,-0.0002617568358454711,50.285594354150696,35.765838520374494,,,,
2025-10-07,KZTK,39592.0,460.0,-0.39412307531015167,0.5705441720136116,0.9999999965753424,0.0,-0.08574604353292473,-1.4674511906014678,29.308024482309435,-0.009064962618710835,44.22655289273677,-0.04454046103589951,37.258893183089924,29.308024482309435,,,,
2025-10-07,KZTO,866.8,7610.0,3.7340267623442385,-1.098608963011189,0.6857142367346909,0.0,-0.06500662187502289,-1.0940310426747872,34.15445758960483,-0.04450408728327507,24.244262325844694,-0.05538110016041484,34.26495624362999,34.15445758960483,,,,
2025-10-08,AIRA,798.99,126040.0,1.929716729251017,-0.20216946667797625,-0.7151037426554222,0.0,0.07109245228648794,1.3564778116409328,69.29371147451579,-0.0005449680370277622,49.654210053125084,0.06472396811689042,68.8479853969106,69.29371147451579,,,,
2025-10-08,KCEL,3343.99,720.0,0.799218060171552,-0.20632533713950593,0.06565768827824807,0.0,-0.010036842061168411,-0.10428197212798299,48.43628053559242,0.007495160174113899,54.78587093950148,-0.009350401494991873,47.554769550396095,48.43628053559242,,,,
2025-10-08,KEGC,1480.0,5610.0,1.2098291627709308,-0.4941082597859922,0.3406593032242458,0.0,-0.08035220935220935,-1.3703334217996888,30.529684935795466,-0.0019220613470613472,48.77299458067488,-0.06019214929214935,32.973748484990026,30.529684935795466,,,,
2025-10-08,KMGZ,21760.0,910.0,1.9442614651722891,-0.37948873923156123,-0.8357487882330976,0.0,0.011499241363211947,0.28348233445427884,54.242013015302916,0.012352046860410758,57.84406702529326,0.0034630077030812327,51.40519216613673,54.242013015302916,,,,
2025-10-08,KZAP,28898.82,3140.0,2.6879386650853827,0.042282667324035565,0.9947321406367573,0.0,-0.0422811148146731,-0.6848507700440233,39.869382954319406,0.04054083300435303,73.84839836912688,-0.04178005432154569,38.03822369678128,39.869382954319406,,,,
2025-10-08,KZTK,39691.98,110.0,-0.07126741560944165,-0.9162884491529618,0.9928917349284457,0.0,-0.06661717345490385,-1.1230295566701647,33.764251408003375,-0.01214119908750196,42.29354364316126,-0.05046734865402468,35.60820304173545,33.764251408003375,,,,
2025-10-08,KZTO,863.0,5150.0,3.2195362633758258,-1.489073042103311,0.1983967538283073,0.0,-0.05856489451709617,-0.9780456105552835,35.73631344337708,-0.018337143868748736,38.47649412334133,-0.05481016939800257,34.41978938586766,35.73631344337708,,,,
2025-10-09,AIRA,810.0,195610.0,3.15027315249221,0.3738892071328945,0.5007503501375505,0.0,0.059978659611992946,1.1563702978928259,66.68166493825733,0.00022341269841269279,50.146032876338595,0.0537187389770723,65.94085526611518,66.68166493825733,,,,
2025-10-09,KCEL,3326.51,450.0,0.27388873458157253,-0.676293259277425,-0.9523310384407637,0.0,-0.018215051061904693,-0.25153333068583833,46.2341451856609,0.015753926326475945,59.95223024411506,-0.007169460315026799,48.20935043061015,46.2341451856609,,,,
2025-10-09,KEGC,1481.02,4990.0,1.102859301673619,-0.48812411515025317,-0.06343282990365971,0.0,-0.08335315491489889,-1.4243664394230362,29.84646345636189,-0.002670436735686011,48.29438658827668,-0.06234408976074615,32.40427262899361,29.84646345636189,,,,
2025-10-09,KMGZ,21940.0,1260.0,2.625418182105732,-0.05406711490039314,0.9999999949748745,0.0,0.0029765044638336187,0.13002763710530718,51.949425877668666,0.006604046750879021,54.22011544893597,-0.005762753758446558,48.631895397330474,51.949425877668666,,,,
2025-10-09,KZAP,29622.22,3670.0,4.849552319458805,0.1982513494587589,0.9999999990217274,0.0,-0.08279631567328488,-1.4143403646652737,29.972573642979693,0.03301455904433509,69.96025112834863,-0.02878591513263755,41.784099132057996,29.972573642979693,,,,
2025-10-09,KZTK,39698.0,150.0,0.017685742723428453,-0.312373980328308,0.9865771745867304,0.0,-0.04364474648676875,-0.7094034094141503,39.51674495439023,-0.009579560863087791,43.90180988815595,-0.06228315806161924,32.4203267433205,39.51674495439023,,,,
2025-10-09,KZTO,865.99,6520.0,3.4891752638908624,-1.2531970018477168,0.6633332227777993,0.0,-0.059518129832871344,-0.9952089277633156,35.50016419041227,-0.012523934910168915,42.05456245832637,-0.06037320360658882,32.9256394634855,35.50016419041227,,,,
2025-10-10,AIRA,805.0,52150.0,1.8225242408024283,-0.9481064631809878,-0.3333333111111126,0.0,0.06276963423050379,1.206622719204046,67.34814369250994,0.00905291580400276,55.771818609205525,0.06708502415458942,69.45374727551203,67.34814369250994,,,,
2025-10-10,KCEL,3295.01,5750.0,-0.6739710311185504,1.8713265292805075,-0.9999999756038065,0.0,-0.01879063014140244,-0.2618968224241752,46.079611323088656,0.03286413299538119,69.87924803597076,-0.004853929272464684,48.904994917030095,46.079611323088656,,,,
2025-10-10,KEGC,1484.0,27470.0,1.1814496652539337,1.3149976605377778,0.9999996428572704,0.0,-0.0887882000598981,-1.522226225270079,28.631772793648263,-0.0030325172207247677,48.062932354339374,-0.06778969751422584,30.986509692656572,28.631772793648263,,,,
2025-10-10,KMGZ,21937.35,640.0,2.445818032478107,-0.7791793386574767,0.9706634016520201,0.0,-0.002047738370100846,0.03956448276982704,50.59343937362976,0.0040448512658396805,52.589758028978075,0.0009774747720430067,50.65817247654023,50.59343937362976,,,,
2025-10-10,KZAP,30064.55,2430.0,6.009298198111227,-0.25951082022401945,0.6176492089349606,0.0,-0.09735034835231372,-1.6763905377886894,26.77958714413773,0.0024663322427170378,51.58116438375314,-0.03134658726502573,41.0368929762615,26.77958714413773,,,,
2025-10-10,KZTK,39700.0,150.0,0.11828980084302163,-0.12516286256247813,0.9999999800000005,0.0,-0.042981136300027985,-0.6974548884676188,39.68822215197644,-0.014150300867618247,41.04332991370771,-0.08219144376474352,27.409126787463155,39.68822215197644,,,,
2025-10-10,KZTO,857.01,22190.0,1.8180714670675384,0.12974004426937852,-0.661900701269917,0.0,-0.05649505295543031,-0.9407774284964279,36.2514638908993,0.01120448118069413,57.12600281953946,-0.055083077988199274,34.34573660935455,36.2514638908993,,,,
2025-10-13,AIRA,803.99,66450.0,1.4454895236094099,-0.6361732332368184,0.8946258277528107,0.0,0.07668994156525283,1.457262457855887,70.5651588201547,0.011430147373111498,57.267455691058665,0.06786967789814963,69.65359417929642,70.5651588201547,,,,
2025-10-13,KCEL,3331.85,960.0,0.4431381381163606,-0.005194584325986335,0.5816869681570157,0.0,-0.0211815711205772,-0.3049465057207791,45.43852080262896,0.01648280321052395,60.39944576136642,-0.01478858041828611,45.92670897506187,45.43852080262896,,,,
2025-10-13,KEGC,1483.0,26380.0,0.9118338589284269,1.2745092541891103,-0.052631565096969146,0.0,-0.08423043862184118,-1.440162222787865,29.64840066678418,-0.003944194254460545,47.4805474497573,-0.06845450663070358,30.81578076484935,29.64840066678418,,,,
2025-10-13,KMGZ,21737.1,890.0,1.0130772916127564,-0.29467930879164683,-0.9317307647513084,0.0,0.005569628193273321,0.17671768770614554,52.64828467069187,0.008723037840067737,55.5633820899522,0.0204033017283815,56.46282472399449,52.64828467069187,,,,
2025-10-13,KZAP,29750.0,3340.0,4.627942913681514,0.05856828085822115,0.1780258901582118,0.0,-0.07595644257703081,-1.2911861868133674,31.54607507740441,-0.04068666199813257,26.08423198410477,-0.020283753501400558,44.2903829455754,31.54607507740441,,,,
2025-10-13,KZTK,39501.12,170.0,-0.37238519105882484,0.0,-0.9900444400442237,0.0,-0.020607701481448117,-0.29461379302179386,45.59226451634052,-0.009222005085521932,44.12739581186253,-0.05983001514893761,33.07008030677244,45.59226451634052,,,,
2025-10-13,KZTO,864.99,76610.0,2.477751965331464,1.3688250414273802,0.9999999332888637,0.0,-0.0665348171655164,-1.121546704434792,33.78415178992253,0.0017966580538503647,51.15283921654847,-0.04936668747615578,35.912306700577105,33.78415178992253,,,,
2025-10-14,AIRA,802.0,271960.0,1.0366950351323017,0.8584635715442956,-0.599999940000006,0.0,0.07690090547440921,1.461060932830928,70.61247490993658,0.011543441000672956,57.338426166129466,0.060199617028856484,67.6691092378382,70.61247490993658,,,,
2025-10-14,KCEL,3297.03,6680.0,-0.6053762214779084,1.909131248384188,-0.9541501868531838,0.0,-0.012479166303786022,-0.1482568280813892,47.77761283345443,0.02784635926301913,67.10818881154978,-0.008127724703315346,47.92165092540967,47.77761283345443,,,,
2025-10-14,KEGC,1484.0,16750.0,0.7959467658731986,0.820301545218818,-0.42766288908381256,0.0,-0.08183169362084458,-1.3969720254966471,30.19175577650739,-0.002707891584306679,48.27044060388012,-0.07151691374663073,30.03612656461173,30.19175577650739,,,,
2025-10-14,KMGZ,22118.0,4670.0,1.9752852543966761,1.516465114704214,0.9509803898260285,0.0,-0.016648564732882936,-0.22332822610976372,46.65507999765024,-0.008716767281406941,44.44656758214347,0.0019014141681629702,50.93591191742563,46.65507999765024,,,,
2025-10-14,KZAP,29699.97,3090.0,4.107020770494669,-0.05048383958393251,0.2910891731644106,0.0,-0.05520346232793216,-0.9175219119667608,36.57453631180216,-0.040653500851700435,26.100605060526572,-0.02551741158444662,42.74331424054871,36.57453631180216,,,,
2025-10-14,KZTK,39360.36,970.0,-0.698088868996161,1.6843375804316276,-0.6987326724860394,0.0,-0.009186339094895054,-0.08896838485845214,48.66579103494635,-0.004280365861442779,47.26596335574962,-0.056423097041214704,33.98323612285579,48.66579103494635,,,,
2025-10-14,KZTO,831.01,26370.0,-2.0734646061268776,0.3023250934442987,-0.8979646974772134,0.0,-0.02673373363508886,-0.40491502855043965,43.9559740299535,0.0315155476229633,69.14754014804055,-0.016658029171043143,45.36886672928511,43.9559740299535,,,,
2025-10-15,AIRA,801.17,555350.0,0.8000460951817507,1.486972840201814,-0.8933601160281686,0.0,0.07926836120725032,1.50368775649795,71.14039913594566,0.040098702725636814,73.62919034659363,0.07167336185015928,70.61179907112064,71.14039913594566,,,,
2025-10-15,KCEL,3380.0,6590.0,1.9011716742212275,1.0701759191880509,0.7483971172683422,0.0,-0.039234359443974826,-0.6299929316727647,40.66103864276281,-0.007793023856485358,45.03128825244637,-0.031105355968817573,41.10711392366018,40.66103864276281,,,,
2025-10-15,KEGC,1482.0,11230.0,0.5479172829442656,0.4204923526569858,-0.24906129548669728,0.0,-0.07637881080907397,-1.2987910665583622,31.44762388145831,-0.005405242272347541,46.548714367294465,-0.07091865400681191,30.187550849290812,31.44762388145831,,,,
2025-10-15,KMGZ,22100.01,4230.0,1.2957389647787851,1.4175081201277693,0.8462106500316514,0.0,-0.015848980356526807,-0.20893144489648396,46.87012604389969,0.006382885401517069,54.07952868610434,0.0031818620449450656,51.32071992573266,46.87012604389969,,,,
2025-10-15,KZAP,30165.0,3770.0,5.291931319093531,0.17967234730729076,0.9999999981651376,0.0,-0.07348131921258476,-1.2466207718208968,32.126325137185326,-0.0895471547362522,9.173857181980715,-0.06943491175518773,30.564959121119468,32.126325137185326,,,,
2025-10-15,KZTK,39340.0,120.0,-0.6515042674837014,-0.535516831786963,-0.5122478117277789,0.0,0.006571427159238599,0.19475540950158524,52.91801152154195,-0.009183072078178789,44.151973893851725,-0.06355216771168729,32.086829814724474,52.91801152154195,,,,
2025-10-15,KZTO,850.0,20170.0,0.21532363992846884,-0.06339126630893133,-0.16009280371014317,0.0,-0.03886753034547155,-0.6233880524005063,40.75669079236868,0.002024066293183967,51.298312193099335,-0.03894437441643324,38.84527279335476,40.75669079236868,,,,
2025-10-16,AIRA,812.88,16340.0,2.13880909488757,-2.203752442640134,0.24281148866818228,0.0,0.07448128207291185,1.4174948130317413,70.06713656447134,0.04233860805320056,74.72753212597621,0.044961215150364844,63.53715151292661,70.06713656447134,,,,
2025-10-16,KCEL,3390.0,1430.0,2.192706467087367,-0.4576792364037279,0.6773152520600961,0.0,-0.036615458631830314,-0.5828387561703007,41.345438313601846,-0.010428996347801625,43.36691750968649,-0.034297661188369216,40.180889353384806,41.345438313601846,,,,
2025-10-16,KEGC,1482.0,30570.0,0.48940427583158985,1.3244571904934017,-0.7329772052099862,0.0,-0.0790957232825654,-1.3477099744474095,30.81833672972977,-0.02514883201593728,34.43938995669345,-0.0722519086176981,29.85068843243831,30.81833672972977,,,,
2025-10-16,KMGZ,22158.0,640.0,1.176056006385255,-0.470978680240162,0.6011964088945764,0.0,-0.020301008987402166,-0.28909169320706696,45.67446423828203,0.005277343558598635,53.3758334475955,-0.0024115424290485216,49.639204670995674,45.67446423828203,,,,
2025-10-16,KZAP,30698.89,3780.0,6.53198082865286,0.1823213542280428,0.51017514626107,0.0,-0.10022803266885083,-1.7282041958980106,26.174423256279205,-0.08788228437329827,9.535265558286355,-0.10247636402907633,22.8300141871033,26.174423256279205,,,,
2025-10-16,KZTK,39449.99,220.0,-0.35711592671293635,0.07061743068428392,0.5659285658592708,0.0,0.0011552501958709029,0.09723535150675403,51.45811671378425,-0.011955761421079271,42.40946193898782,-0.06376652532014035,32.03067532186801,51.45811671378425,,,,
2025-10-16,KZTO,858.03,73940.0,1.076914790198099,1.2356652321092811,-0.13113112675572017,0.0,-0.04490090237160092,-0.7320209116796621,39.1928619525782,-0.006919043470563491,45.585778672354785,-0.053721513150555844,34.71594364706194,39.1928619525782,,,,
2025-10-17,AIRA,815.0,97560.0,1.9489799029409256,-0.25215638452131756,0.19520546273925493,0.0,0.05929483883532969,1.1440578785887108,66.51733453194497,0.04434236293699481,75.6840685102176,0.042476338981400366,62.84200429635888,66.51733453194497,,,,
2025-10-17,KCEL,3414.4,1010.0,2.9328675667082345,-0.19298302983589585,0.9849981124515823,0.0,-0.05097479507891882,-0.8413833592285923,37.64062703967937,-0.012876920530786538,41.83448674587098,-0.046560176879249016,36.692817382663776,37.64062703967937,,,,
2025-10-17,KEGC,1484.5,9510.0,0.5716735070115855,-0.039180218309795845,0.060070664302629695,0.0,-0.07732667137136655,-1.3158576095518746,31.227291107054754,-0.03100642525675365,31.136439856163655,-0.07653912345560207,28.782287014842645,31.227291107054754,,,,
2025-10-17,KMGZ,22100.0,800.0,0.6829531438393769,-0.13431209904585986,0.4444444432098765,0.0,-0.02044366156719098,-0.2916602000982206,45.63622753596434,0.009281532356532429,55.91615341006156,0.0013755422681893253,50.77783895354796,45.63622753596434,,,,
2025-10-17,KZAP,30240.0,5680.0,4.485857045067315,0.5582957219585306,0.5545559996570806,0.0,-0.0828984126984127,-1.416178655378244,29.949428403590517,-0.07250145502645503,13.51510681998892,-0.11268141534391529,20.739940634727816,29.949428403590517,,,,
2025-10-17,KZTK,39272.0,300.0,-0.7717454059383754,0.3807718745432081,-0.9903002760543416,0.0,0.004503553078731248,0.157522652591867,52.36108245697633,-0.010316298942337813,43.43779738363987,-0.0625397073564267,32.352759842771725,52.36108245697633,,,,
2025-10-17,KZTO,869.5,22240.0,2.2795176164432256,-0.056383649479819414,0.5915032438111423,0.0,-0.055476043520724376,-0.922429826517778,36.5062523443562,-0.024664294157379262,34.72003487872415,-0.06542565673576312,31.597806254844883,36.5062523443562,,,,
2025-10-20,AIRA,815.89,14430.0,1.8094143485466567,-2.0778686873162546,-0.1410658218767506,0.0,0.05203583845141749,1.013357175267625,64.74877052877804,0.038120091906647086,72.63385979541049,0.05446266878782882,66.14151671603412,64.74877052877804,,,,
2025-10-20,KCEL,3398.0,580.0,2.4357039869244494,-0.7476289117016227,0.2444444390123458,0.0,-0.02864348099255404,-0.43930066150060076,43.44837719118652,-0.013428172033969534,41.491450660351056,-0.03983861351682129,38.59008345895026,43.44837719118652,,,,
2025-10-20,KEGC,1482.15,17120.0,0.32501758035842804,0.6281335455713372,-0.6929238060181595,0.0,-0.07260159103650914,-1.2307809749806475,32.333911278914165,-0.0372288386561993,27.826920734465787,-0.07640851180636886,28.81449810907739,32.333911278914165,,,,
2025-10-20,KMGZ,21999.99,14340.0,0.19694919067961875,2.7518824962323873,-0.29042872257029584,0.0,-0.025672671949158316,-0.3858102618768447,44.23855079884566,0.004790328394954412,53.06539686596646,0.003946963531628373,51.55058111218693,44.23855079884566,,,,
2025-10-20,KZAP,28639.86,6150.0,-1.5192119679276794,0.5941477821917006,-0.278265982589373,0.0,-0.02755371391563396,-0.4196790447659762,43.737867987165096,0.0011511594829224318,50.73981581588263,-0.04705112033086222,36.55576433470723,43.737867987165096,,,,
2025-10-20,KZTK,39270.0,320.0,-0.7509471248184398,0.37469286563551274,-0.9999999956521739,0.0,0.00913869153722095,0.24097985392469232,53.60841364107243,-0.019944423223835068,37.507079056049605,-0.07216758127493421,29.871930679607512,53.60841364107243,,,,
2025-10-20,KZTO,869.46,5410.0,2.0193929131391024,-1.4125139548265446,0.9017287623540775,0.0,-0.044978870820750264,-0.7334247593999705,39.17278983301902,-0.014503201494523787,40.82487031708027,-0.0620120984508174,32.491794874526605,39.17278983301902,,,,
2025-10-21,AIRA,813.97,203580.0,1.4987586434764335,0.568867840145461,-0.5754109667325935,0.0,0.04847390446315338,0.94922337545668,63.865564696179646,0.03475113093556151,70.88629102896635,0.05698828543367013,66.81840529573022,63.865564696179646,,,,
2025-10-21,KCEL,3399.99,470.0,2.49363959635465,-0.9538171253115254,0.9994280526328714,0.0,-0.01686604936793225,-0.22724410891168134,46.59660925461783,-0.015157037394647736,40.421082175795775,-0.02069528045180512,44.168293015848484,46.59660925461783,,,,
2025-10-21,KEGC,1485.0,48570.0,0.45684843584674745,1.554265010598837,0.9999996428572704,0.0,-0.0735903318903319,-1.2485835811471016,32.100650736210206,-0.04339523809523816,24.76949571510319,-0.07753695286195285,28.53691472850351,32.100650736210206,,,,
2025-10-21,KMGZ,22000.0,9350.0,0.024295691582293673,2.3242054742025107,0.12271247287634635,0.0,-0.027262503607503537,-0.4144357068304458,43.81529956400762,-0.007395238095238095,45.283515890765976,0.006223989898989899,52.23424751371672,43.81529956400762,,,,
2025-10-21,KZAP,28593.0,2050.0,-1.8489445303551293,-0.5044631618955667,-0.3799793313777848,0.0,-0.017185038795709207,-0.23298761908628324,46.51086590804834,0.027329065055882812,66.81518236475044,-0.025841789074248944,42.64786176957836,46.51086590804834,,,,
2025-10-21,KZTK,39324.99,840.0,-0.570038148490926,1.172719152077576,-0.666696970431577,0.0,0.004369807204504049,0.15511451388084974,52.325039701042165,-0.024119464598537803,35.03687325837598,-0.05173825740112495,35.258501336344175,52.325039701042165,,,,
2025-10-21,KZTO,860.01,13550.0,0.6331195780325949,-0.4612003243648463,-0.6511012642201505,0.0,-0.02621229858346055,-0.3955264179457165,44.09479227563856,-0.012697455511314652,41.94633764243035,-0.04924177635531371,35.94689079790449,44.09479227563856,,,,
2025-10-22,AIRA,836.01,215890.0,3.2506366186140965,0.6275779353949043,0.6807999727680003,0.0,0.017747064030334547,0.3959764484686723,55.91186391665379,0.00987820361000468,56.29237918492659,0.0324124044568845,59.974518576585076,55.91186391665379,,,,
2025-10-22,KCEL,3365.11,920.0,1.4419344419017126,-0.06826489355868721,-0.9965619472329708,0.0,-0.009435918158858312,-0.09346213847038343,48.598435190957794,-0.009357424901745064,44.041928899606866,-0.023666792607737103,43.288897501154096,48.598435190957794,,,,
2025-10-22,KEGC,1479.01,64690.0,-0.06132759943493131,1.7604106838903055,-0.9999998330551196,0.0,-0.07043864231146467,-1.191836367643625,32.84725059686355,-0.04229522954168291,25.2980295540394,-0.07603741088123839,28.906134997156375,32.84725059686355,,,,
2025-10-22,KMGZ,22315.94,3180.0,1.4358049906447703,1.2457104796045564,0.9999999978537548,0.0,-0.03993332809969083,-0.6425780935504171,40.478976248912545,-0.0008546425061586463,49.456008116673175,-0.008218876621979138,47.894291283492926,40.478976248912545,,,,
2025-10-22,KZAP,27566.0,2740.0,-5.492241814959631,-0.21434554882087686,-0.5722772271561611,0.0,0.049760478689528966,0.9723885700246191,64.1856989093371,0.09214138108942578,91.36668797039513,-0.006825372842551613,48.31268570981474,64.1856989093371,,,,
2025-10-22,KZTK,39112.01,60.0,-0.9361648304212433,-1.4663316393298311,-0.9999999952825739,0.0,0.0035839906605555534,0.14096562704471763,52.113224779631,-0.011388456177243024,42.764601924280285,-0.02297016654290536,43.494700460061445,52.113224779631,,,,
2025-10-22,KZTO,854.6,16950.0,-0.057484484531537546,-0.2373194899591296,-0.855072339844588,0.0,-0.014337097463215005,-0.1817094932441722,47.27705428156403,-0.00880544764282187,44.390511973507095,-0.04067091417501553,38.35313131526073,47.27705428156403,,,,
2025-10-23,AIRA,850.05,320310.0,4.638752417524765,1.0220979704931825,0.035926595091064245,0.0,0.0007183890443419848,0.08936952195189783,51.34022171770065,0.01990661095565812,62.47590945852705,0.011451874049425714,53.800316705728456,51.34022171770065,,,,
2025-10-23,KCEL,3366.13,300.0,1.4712605126546263,-1.188759658401481,-0.32675584737866314,0.0,-0.008850630596749095,-0.08292384229088517,48.75639889865397,-0.007131921036069045,45.450613881154005,-0.03386873261244523,40.30494859312685,48.75639889865397,,,,
2025-10-23,KEGC,1449.75,161580.0,-2.057126003197698,2.6232756462840072,0.3441558396862878,0.0,-0.03746992482283481,-0.5982237026122221,41.12175853070439,-0.02325243391717784,35.543807056953696,-0.06069904930242481,32.83914720527292,41.12175853070439,,,,
2025-10-23,KMGZ,22350.0,980.0,1.4842165085343957,0.0686283191530733,0.9999999966666667,0.0,-0.04501099126451469,-0.7340030986159733,39.16452184246027,-0.0011842921061041866,49.24504036722397,-0.014765881005646107,45.93348902868365,39.16452184246027,,,,
2025-10-23,KZAP,28105.0,3060.0,-3.53665970955104,-0.10388870867578096,0.31304347798865784,0.0,0.08723763614619774,1.6471771881541266,72.8753257662266,0.08286215086283578,89.29919025150836,-0.0269171020379924,42.331831625676166,72.8753257662266,,,,
2025-10-23,KZTK,39111.98,680.0,-0.8891538534152187,1.1284640141855993,0.10653924598618804,0.0,0.007959535956372343,0.21974876760549916,53.291464597612894,-0.018556944594907903,38.34336274341298,-0.02220555241053622,43.720847145948404,53.291464597612894,,,,
2025-10-23,KZTO,855.0,14450.0,-0.06236665092890602,-0.3968925920076934,0.0,0.0,-0.014398015873015878,-0.1828063493655498,47.26065052969181,-0.016403884711779476,39.65469456382548,-0.04814709690893901,36.25059588609552,47.26065052969181,,,,
2025-10-24,AIRA,853.9,52350.0,4.614462598245361,-0.7935654219692045,0.7799999220000033,0.0,-0.005648142044810246,-0.025261976472034257,49.62107760736988,0.010712525582899807,56.817232608882115,0.018654060175813343,55.94496390617799,49.62107760736988,,,,
2025-10-24,KCEL,3382.0,330.0,1.9492674742138647,-1.0934624991585096,-0.1434357857584493,0.0,-0.015377356781466775,-0.20043970640591102,46.99702296672033,-0.004605351158795866,47.058615576372546,-0.02991326396515634,41.454651519503486,46.99702296672033,,,,
2025-10-24,KEGC,1443.5,29430.0,-1.863970145028181,0.7089000358016427,-0.1818181652892577,0.0,-0.034605561603466006,-0.5466498952642764,41.872978263558956,-0.020395255001896845,37.236916352493374,-0.0525309446836118,35.04118077676106,41.872978263558956,,,,
2025-10-24,KMGZ,22379.99,310.0,1.5613932555224908,-1.114607024618053,0.37982532585230516,0.0,-0.049045178549415286,-0.8066399752627987,38.131180750283114,-0.004713951170645083,46.989348644352845,-0.01781623845818285,45.023831342959575,38.131180750283114,,,,
2025-10-24,KZAP,28150.0,3630.0,-3.4658103259270585,0.06692880645297773,-0.7999879995466795,0.0,0.08616832304265691,1.62792385197674,72.64637262335056,0.07437489427387296,87.03853786644473,-0.016195882319772197,45.50666836809665,72.64637262335056,,,,
2025-10-24,KZTK,38999.9,130.0,-0.9966246429484618,-0.5260919000953638,-0.22370238999008332,0.0,0.008803542534520856,0.23494538525771938,53.51835637973599,-0.016242651919498287,39.75352115274246,-0.0016753646030920211,49.8605532391979,53.51835637973599,,,,
2025-10-24,KZTO,851.0,14870.0,-0.6087839521904704,-0.32010251939769363,-0.5046024682340989,0.0,-0.003952734411430063,0.005264398838515307,50.07896591692415,-0.016348588495327623,39.68857854981498,-0.044770853151287954,37.19413991210566,50.07896591692415,,,,
2025-10-28,AIRA,849.76,21530.0,4.0238894339250635,-1.6820655512712968,-0.16444442617284358,0.0,-0.0013020768515778665,0.05299036508916333,50.794788524985755,0.023930644544267222,64.85853601299188,0.021325804260698827,56.73537097630358,50.794788524985755,,,,
2025-10-28,KCEL,3363.9,510.0,1.4026211119573262,-0.6581903442410728,0.021621621037258402,0.0,-0.01829094191973888,-0.2528997706872126,46.213765486348194,-0.0010133073289366012,49.35446359669402,-0.026419220781151158,42.478080561799686,46.213765486348194,,,,
2025-10-28,KEGC,1432.0,31490.0,-2.5574721809892385,0.7765554315717867,-0.8095237324263113,0.0,-0.023194883390972778,-0.34119685918940024,44.899846758560095,-0.01319479028110313,41.63658221572274,-0.04165596568236234,38.07340558309173,44.899846758560095,,,,
2025-10-28,KMGZ,22180.02,880.0,0.6102591329030522,-0.022472792089613294,-0.9762814535757015,0.0,-0.040916447071776885,-0.6602794758763811,40.22334418564482,0.001137197289229157,50.73088076238863,-0.013359903556057614,46.353721954223104,40.22334418564482,,,,
2025-10-28,KZAP,28770.0,4500.0,-1.301054887677745,0.23995040820714833,0.9425287345488176,0.0,0.02645972656702586,0.5528508197483036,58.21755075608016,0.01503847178774186,59.51163129347828,-0.017910349322210636,44.99581588500051,58.21755075608016,,,,
2025-10-28,KZTK,38620.02,340.0,-1.9401446588662208,0.4353174544138136,-0.9999459403212729,0.0,0.0218298771046974,0.46948884854105716,56.99613122493107,-0.009118924242375946,44.192476131297745,0.01629286906302565,55.24389960944163,56.99613122493107,,,,
2025-10-28,KZTO,859.8,59680.0,0.3859354609731548,1.135127905609815,0.18399999263999664,0.0,-0.010992422379512364,-0.12148751188303532,48.17849377043356,-0.032424999723080605,30.363055737246626,-0.05390946981025478,34.66472723332228,48.17849377043356,,,,
2025-10-29,AIRA,845.02,77960.0,3.3847874962392206,-0.3953225308084022,-0.3315543474613527,0.0,0.010253336729514784,0.26104940935675236,53.90775537497417,0.010764877651059657,56.85011641504133,0.02830704847598237,58.783618709452526,53.90775537497417,,,,
2025-10-29,KCEL,3360.0,980.0,1.2838902358122861,-0.005088847311641187,0.6393442273582226,0.0,-0.014444444444444444,-0.1836423111535331,47.24814891342742,-0.011358730158730105,42.78323168244794,-0.02729265873015873,42.22160331777283,47.24814891342742,,,,
2025-10-29,KEGC,1425.6,33720.0,-2.8348747904593496,0.6887078519373478,-0.279999972000021,0.0,-0.016959676126342728,-0.2289298896702887,46.57144057088158,-0.016810169151835756,39.40604099263671,-0.03293063572230233,40.576705542709604,46.57144057088158,,,,
2025-10-29,KMGZ,21912.0,640.0,-0.6261190695191982,-0.3409254397696297,-0.9624873800734982,0.0,-0.03458950520697516,-0.5463607945337121,41.877200266038194,0.009776362158591147,56.22821394778661,-0.0011283423738243023,50.02503190603929,41.877200266038194,,,,
2025-10-29,KZAP,29471.5,5270.0,1.0422173416989144,0.36730282397331215,-0.09686128912491519,0.0,0.031127528640125555,0.636896140267897,59.43885827224729,-0.015691961597820273,40.09168940161242,-0.04509821699548851,37.10221113657941,59.43885827224729,,,,
2025-10-29,KZTK,38510.01,110.0,-2.1016558122561384,-0.693145523745881,-0.9999411683385439,0.0,0.025539023490256118,0.5362732562658179,57.975408094220136,-0.0044520312575873355,47.15642484208927,0.03480632337540292,60.663651429628096,57.975408094220136,,,,
2025-10-29,KZTO,852.01,3720.0,-0.8787217081714855,-1.6401389988286996,-0.32370430554763346,0.0,0.011234258745379564,0.2787112347591595,54.170953065594475,-0.03627576563115084,28.319638850130385,-0.03508144030744853,39.954522037019416,54.170953065594475,,,,
2025-10-30,AIRA,847.12,113130.0,3.5400726579902724,-0.02298145007835788,-0.05418059838256486,0.0,0.013716188594933038,0.32339920276769774,54.83582461623615,0.0141741282133151,58.97729663712408,0.03634872516702717,61.10544049833435,54.83582461623615,,,,
2025-10-30,KCEL,3345.1,4360.0,0.8330016483683842,1.4774513033830863,-0.9878418852375862,0.0,-0.003963728241687767,0.005066451287767266,50.07599671079389,0.0010331120905110276,50.664270397078994,-0.01728918299355653,45.180786053407125,50.07599671079389,,,,
2025-10-30,KEGC,1421.5,7280.0,-2.9315068192626503,-0.8442494426492674,-0.9230768520710114,0.0,-0.002444031427789775,0.03242909516521976,50.486421081288476,-0.01710917346420336,39.223393875061994,-0.032912120552289384,40.58207506783172,50.486421081288476,,,,
2025-10-30,KMGZ,22372.99,3350.0,1.4652590545438269,1.3143187999230315,0.9913548365777384,0.0,-0.04799838678653456,-0.7877921432744646,38.39832350773725,-0.013268805208692861,41.59053921827791,-0.02378980261608965,43.252580714099764,38.39832350773725,,,,
2025-10-30,KZAP,30200.0,4440.0,3.3358417658170443,0.19592699314282594,0.18208955196703053,0.0,0.011081159991590456,0.27595464104934714,54.12988907275358,-0.03647074003994534,28.218412805512827,-0.078905933985073,28.20232703334912,54.12988907275358,,,,
2025-10-30,KZTK,38800.0,120.0,-1.3431987292067273,-0.48550666514345553,0.9999999965517241,0.0,0.02859353624611362,0.5912707689231518,58.77719850002485,-0.014061372934053346,41.09843599892773,0.024389952544591722,57.63764097521419,58.77719850002485,,,,
2025-10-30,KZTO,849.99,17910.0,-1.0581139465705758,0.019166289090431287,0.5988571086367377,0.0,0.03846019265492758,0.7689231816324166,61.33353117961898,-0.02573270915232057,34.10264570271791,-0.02955237400552052,41.56003352274121,61.33353117961898,,,,
2025-10-31,AIRA,869.88,121890.0,6.243587651378904,0.10897671802115393,0.9899916184323758,0.0,0.002766531836903615,0.12624701049468606,51.89280020299824,-0.0124368953462656,42.10887788979167,-0.002687976338279772,49.55609172926458,51.89280020299824,,,,
2025-10-31,KCEL,3353.64,2870.0,1.0637192921377119,1.0592987468355402,-0.2653714255386152,0.0,-0.0020665577445061444,0.03922563370786988,50.58835734758178,-0.0014817277573592723,49.05471162522721,-0.02727701218462835,42.22619414115681,50.58835734758178,,,,
2025-10-31,KEGC,1421.0,17500.0,-2.915921791367508,0.03281834150897382,0.49999987500003124,0.0,5.2105324888567645e-05,0.07737286316442203,51.16038455360059,-0.009824339275940319,43.74752106850141,-0.02904964813511611,41.70696099093626,51.16038455360059,,,,
2025-10-31,KMGZ,22400.0,950.0,1.5027470813817694,0.00527704222480657,0.32203389721344444,0.0,-0.05518452380952381,-0.9171809176776136,36.579282585337744,-0.01485138888888889,40.60968305669563,-0.027701785714285714,42.10161006793458,36.579282585337744,,,,
2025-10-31,KZAP,30530.0,3580.0,4.393311525256163,-0.019364345526117818,0.37483787240617655,0.0,-0.01479480175627408,-0.18995061045756745,47.15382098595185,-0.08297201672567706,10.676271348786276,-0.08566946095175705,26.584747691628706,47.15382098595185,,,,
2025-10-31,KZTK,38520.0,140.0,-2.034339089137288,-0.3313564126959623,-0.8951511311525051,0.0,0.05414365450229937,1.0513091005674635,65.26675416017133,-0.010387520397567126,43.393000242172874,0.03064615042278586,59.4635115260761,65.26675416017133,,,,
2025-10-31,KZTO,843.9,12550.0,-1.7312941952537428,-0.32847168255622045,0.1814516007088933,0.0,0.046054726778731486,0.9056652809408882,63.26027960851047,-0.022337766971938677,36.082128735296514,-0.020070660877219686,44.35362950397355,63.26027960851047,,,,
2025-11-03,AIRA,865.97,23670.0,5.553665870126135,-1.602309954248696,0.6638855516930646,0.0,0.001613452352082989,0.10548543291092136,51.581753515393224,-0.004485964390606337,47.13477554980388,-0.003848617318023613,49.20716417451023,51.581753515393224,,,,
2025-11-03,KCEL,3378.0,590.0,1.7104826141766294,-0.5225966374580645,0.5180722829147918,0.0,-0.011480910090501565,-0.13028289471997442,48.04675108980672,-0.011701833291042851,42.568329414112554,-0.01663590811694726,45.37546112281605,48.04675108980672,,,,
2025-11-03,KEGC,1419.0,10510.0,-2.9501457072123567,-0.4989561235495374,-0.199999960000008,0.0,0.006403422933655506,0.1917304378411222,52.872789106019326,-0.00992424494110538,43.68458306278682,-0.024285824188731188,43.10621202322766,52.872789106019326,,,,
2025-11-03,KMGZ,22351.09,820.0,1.2593304752077084,-0.16282326971669867,-0.3368945534098154,0.0,-0.05244490384606577,-0.8678531539196687,37.26857845186053,-0.013492771297997213,41.451304709884724,-0.035162544791590616,39.93112213294421,37.26857845186053,,,,
2025-11-03,KZAP,30340.0,3370.0,3.5733670407753064,-0.06740895279044913,0.009591115583941568,0.0,-0.03980818030574128,-0.6403247661191994,40.511554765705334,-0.04128113836833349,25.79184313139805,-0.07705341029182487,28.65566380953609,40.511554765705334,,,,
2025-11-03,KZTK,38499.92,610.0,-2.05841310977522,1.3382835305115712,-0.04638172336999498,0.0,0.05470526420883601,1.0614210691243142,65.40416498007333,-0.021843133608490373,36.37471615276141,0.03586736968276368,60.96775813451216,65.40416498007333,,,,
2025-11-03,KZTO,840.0,20240.0,-2.1334482100155285,0.14946779947687994,-0.0020120722321840512,0.0,0.07844761904761904,1.4889100223974234,70.95801893501701,-0.020044047619047618,37.44731107340757,-0.004633730158730122,48.97117466759873,70.95801893501701,,,,
2025-11-04,AIRA,873.0,66900.0,6.398038376884628,-0.4540409367099647,0.8075948958179823,0.0,-0.06508086647029943,-1.0953678411741976,34.13642177526336,-0.00628609474717718,45.988040696718066,-0.0176687285223368,45.06774928445749,34.13642177526336,,,,
2025-11-04,KCEL,3371.99,340.0,1.5252063409023489,-1.0482856798081894,-0.21866294883944185,0.0,-0.01463491918624462,-0.18707187189213828,47.19686425036842,-0.017042108255089516,39.26433470083771,-0.0024012696755723213,49.642293330310984,47.19686425036842,,,,
2025-11-04,KEGC,1418.0,39660.0,-2.9528467392908992,0.829057822158977,0.1428571224489825,0.0,0.014194204334296013,0.3320060342911889,54.96368723937197,-0.012882934269147259,41.83074015289277,-0.02272223789374707,43.56800008034325,54.96368723937197,,,,
2025-11-04,KMGZ,22281.06,750.0,0.9280462898179332,-0.2151107101996819,-0.9871515091687628,0.0,-0.05272397184082846,-0.8728778654861159,37.19812158090557,-0.00382809185298662,47.55467962692739,-0.033658472981087956,40.36580753720807,37.19812158090557,,,,
2025-11-04,KZAP,29301.0,4059.9999999999995,-0.1920262735360569,0.118861084745898,-0.43580131168153574,0.0,-0.04769880017909346,-0.7823979872988142,38.47490825245477,0.005121416179522558,53.276468427508384,-0.035293935360567866,39.893223670289366,38.47490825245477,,,,
2025-11-04,KZTK,38399.86,690.0,-1.9954679597480904,1.4615163157378261,-0.22031831142046168,0.0,0.06459010386624335,1.2394008772398508,67.77914256046513,-0.039779324186565546,26.5346145370414,0.0351902844784677,60.77379541589334,67.77914256046513,,,,
2025-11-04,KZTO,834.86,18570.0,-2.583182204773142,0.06335443394512008,-0.5134327975050157,0.0,0.12773517893314684,2.3763488433534805,80.62475171924507,-0.018780367576124366,38.208216295495475,0.009869116578428292,53.32683311761467,80.62475171924507,,,,
2025-11-05,AIRA,857.0,121040.0,4.298437065782816,0.13888021663733022,-0.8724399723557617,0.0,-0.07636965234946566,-1.2986261654633304,31.449756892535213,0.011793798040414144,57.49514967938447,-0.0015534357578115138,49.89721467380497,31.449756892535213,,,,
2025-11-05,KCEL,3333.3,500.0,0.3285366585113352,-0.6312539802963071,-0.9939301821861802,0.0,-0.010550219359336506,-0.11352550021600413,48.29777559591735,-0.004365406725495881,47.211696006624344,0.006337983879838744,52.26845381125875,48.29777559591735,,,,
2025-11-05,KEGC,1406.5,52930.0,-3.529107018500403,0.8806580290566975,-0.8219584081923783,0.0,0.021729977598338814,0.4676901248805055,56.96967661551848,-0.0061553470564669165,46.071202563218236,-0.015338699292965201,45.76244148739084,56.96967661551848,,,,
2025-11-05,KMGZ,22200.99,1010.0,0.5471416558943681,0.08252080263036109,-0.3312150896979149,0.0,-0.04986350628207721,-0.8213742368070059,37.922840381947786,0.009642491115636361,56.14383678153323,-0.028730586466339338,41.80028709306303,37.922840381947786,,,,
2025-11-05,KZAP,29109.6,3500.0,-1.0977728062214693,-0.029558771579995122,-0.47989179950480393,0.0,-0.09454890129520349,-1.6259495567560147,27.377172917746158,0.01244069133795827,57.899400653919976,-0.000860839035919372,50.10546484440894,27.377172917746158,,,,
2025-11-05,KZTK,38469.97,160.0,-1.609104402830572,-0.19782536809024928,0.8823813331124115,0.0,0.07140034676687063,1.3620215536172915,69.36444029031983,-0.02339022917384943,35.46302062889758,0.026799813966004615,58.34371996956258,69.36444029031983,,,,
2025-11-05,KZTO,824.01,7340.0,-3.6918960272795385,-0.8648522080848885,-0.49965442296790474,0.0,0.14673716922066948,2.7184859646827317,83.63191192618021,0.009476388953902008,56.03909540472625,0.029137445136183604,59.02538341416281,83.63191192618021,,,,
2025-11-06,AIRA,862.0,120740.0,4.561642729862971,0.13639862962469115,-0.08108107560263335,0.0,-0.08876940301255849,-1.5218877782143256,28.63592246767668,-0.0037218373660368492,47.62253329696301,-0.00731245902846831,48.16640995603521,28.63592246767668,,,,
2025-11-06,KCEL,3359.9,310.0,0.526863156604,-0.9727283973571651,0.4609756041344461,0.0,-0.016766361338229636,-0.22544919295828073,46.623409229815415,-0.016088473650718138,39.84810195795274,-0.0008499973307973824,50.108724721010326,46.623409229815415,,,,
2025-11-06,KEGC,1402.0,11140.0,-3.5423215161683377,-0.8825112861089996,-0.7140814357339934,0.0,0.02743014287978625,0.5703234864908394,58.47233954419,-0.005513609809116229,46.4796871095099,0.002132119647668863,51.005254453908265,58.47233954419,,,,
2025-11-06,KMGZ,22152.0,910.0,0.28678983184580203,-0.021739926846897656,-0.6176470565527682,0.0,-0.04811288328260165,-0.7898536905636665,38.36906939217701,0.011207266676984988,57.127749548922566,-0.03016774321140512,41.38038900067227,38.36906939217701,,,,
2025-11-06,KZAP,29201.0,1750.0,-0.7912993958655329,-0.7227048764925768,0.03423423417255093,0.0,-0.0546383781159919,-0.9073473837906886,36.71626662505456,0.0022427789491879214,51.43820189089865,0.05178979019526941,65.41790050000267,36.71626662505456,,,,
2025-11-06,KZTK,38386.0,70.0,-1.6950492968168296,-0.8574476039376852,0.5392771588598297,0.0,0.07379017829747783,1.4050512609254109,69.91031441607333,-0.02124516887357251,36.7297753342165,0.03353347607717426,60.29774881679681,69.91031441607333,,,,
2025-11-06,KZTO,831.0,9170.0,-2.7963381959066873,-0.6422543887077358,0.46666663555555765,0.0,0.13248122170649246,2.461802913564442,81.41313913062933,-0.0057805483926422555,46.30971234019416,0.020781135751532856,56.57450106842739,81.41313913062933,,,,
2025-11-07,AIRA,862.0,29200.0,4.203012567474524,-1.283068591535691,0.23140070644429359,0.0,-0.06212207122601554,-1.0420937539778323,34.85869447997957,0.005906932935587228,53.77676008734421,-0.009058947445954407,47.642201972292305,34.85869447997957,,,,
2025-11-07,KCEL,3360.0,360.0,0.5263096656975713,-0.7406111070009103,-0.000500250112549567,0.0,-0.010537301587301588,-0.11329291145708258,48.30126039192332,-0.014388690476190541,40.895717938918494,-0.0026722222222222217,49.560828318608415,48.30126039192332,,,,
2025-11-07,KEGC,1411.84,3970.0,-2.791296838161813,-1.9142821219766721,0.9999998983739942,0.0,0.024023069478622573,0.5089780027813234,57.57588342174012,-0.013176620040581906,41.64788774221954,-0.006374786656880887,48.44802603777979,57.57588342174012,,,,
2025-11-07,KMGZ,22143.0,940.0,0.2140606619946222,0.010695260176080341,-0.2560502409854304,0.0,-0.06019073124259414,-1.0073193386540977,35.333960806536155,0.012071252120954059,57.66865997695315,-0.03252440865972908,40.69456570828598,35.333960806536155,,,,
2025-11-07,KZAP,28100.0,4019.9999999999995,-4.5877345198247,0.10896002614029549,-0.8180163777816046,0.0,-0.03284983336157714,-0.5150374274423787,42.33533640718511,0.010861065921030333,56.910519213217384,0.09426191605942491,75.91969205005742,42.33533640718511,,,,
2025-11-07,KZTK,38250.0,130.0,-1.9970236412859923,-0.23841050538086114,0.2521122461782606,0.0,0.0964517273576097,1.813079948603787,74.79762635972673,-0.02559603174603175,34.1813306112582,0.03510599439775905,60.749625114165994,74.79762635972673,,,,
2025-11-07,KZTO,827.9,11460.0,-3.095001061545631,-0.4193294571684171,0.05333332977777499,0.0,0.13063776700276278,2.4286109017755986,81.10989220403819,-0.002045146641818918,48.694260122200845,0.03053281030413537,59.43064893101857,81.10989220403819,,,,
2025-11-10,AIRA,865.01,70990.0,4.350966634427906,-0.21206644904158237,0.17924527245015828,0.0,-0.028462682714191938,-0.43604532868734747,43.49637492344287,-0.008008800430419823,44.89457476637841,-0.013148414326983628,46.416980333803856,43.49637492344287,,,,
2025-11-10,KCEL,3349.88,420.0,0.2122511815634848,-0.5864611448211632,0.16516223066206984,0.0,-0.015009284805463752,-0.19381244871310324,47.096084947948256,-0.011698687240348532,42.57029867750962,-0.007976645754285284,47.96700066213802,47.096084947948256,,,,
2025-11-10,KEGC,1409.71,5880.0,-2.906773542574405,-1.5214941310226981,-0.033886082632584046,0.0,0.0266651258116467,0.5565491010974906,58.27151668538965,-0.013084233073716764,41.70538449444264,-0.0013070495276919208,49.971298117964665,58.27151668538965,,,,
2025-11-10,KMGZ,22125.0,2200.0,0.110912104195993,0.8664173267264572,0.7058823487889274,0.0,-0.06713839117567931,-1.132414254160985,33.638439107579075,0.009960317460317461,56.34409972072291,-0.03236044525154695,40.74216746291325,33.638439107579075,,,,
2025-11-10,KZAP,29190.0,5220.0,-0.6111357170023914,0.3701753127167569,0.6555536416004794,0.0,-0.07825527006965856,-1.3325773363118834,31.012255628869745,-0.044482985040539,24.254186879525435,0.017517211944729952,55.6076991212448,31.012255628869745,,,,
2025-11-10,KZTK,37788.99,1800.0,-3.0991328980000175,2.389594727637015,-0.4030282273407437,0.0,0.10618632965895755,1.9883546834222348,76.72794698187424,-0.011126332381342717,42.92894913375445,0.05087016714801756,65.16725485807497,76.72794698187424,,,,
2025-11-10,KZTO,826.0,12660.0,-3.2255497581038837,-0.31974493764768697,0.4285713673469475,0.0,0.12914490180252894,2.4017313699785525,80.8615467428973,-0.005612725316115175,46.416564949149475,0.03643293650793649,61.12950938430639,80.8615467428973,,,,
2025-11-11,AIRA,870.46,312640.0,4.821832257588767,1.2704454950651742,0.8230382599268441,0.0,0.0066258110471784926,0.19573460939511772,52.93264924248021,-0.01398809295869472,41.143862290526435,-0.013755273940179138,46.23549465119941,52.93264924248021,,,,
2025-11-11,KCEL,3325.91,830.0,-0.7749774021052562,0.3498130838199976,-0.9237855559553912,0.0,-0.012362109509544314,-0.1461491817765605,47.80916595254168,-0.009951666528024473,43.66731171434315,0.0019794880281721154,50.95937878777021,47.80916595254168,,,,
2025-11-11,KEGC,1404.52,6880.0,-3.144609473090893,-1.159689660605692,-0.565714204897976,0.0,0.044060664333609556,0.8697615269445097,62.758187280003064,-0.01227997341011039,42.20685031503935,0.004213692448281504,51.63070016705789,62.758187280003064,,,,
2025-11-11,KMGZ,22271.0,3020.0,0.7576062468483087,1.1618252982995687,0.2513624098582337,0.0,-0.07195616687442485,-1.2191598994243222,32.486653963921704,0.004439834919494566,52.84183459662709,-0.04436724683961569,37.30760634238419,32.486653963921704,,,,
2025-11-11,KZAP,29550.0,3270.0,0.7315926371513047,-0.12354269791167845,-0.15611814329523402,0.0,-0.0843193114978648,-1.4417624083214267,29.628378459608463,-0.08076760132140838,11.22658079385992,0.03444723430827491,60.56054405916114,29.628378459608463,,,,
2025-11-11,KZTK,37002.0,1670.0,-4.416641734875534,2.1475775396174286,-0.7232152773978546,0.0,0.1294765746896564,2.4077032500346784,80.91693666591563,0.006707250058555337,54.28569636913735,0.07427905023151901,71.25790935953538,80.91693666591563,,,,
2025-11-11,KZTO,822.0,20440.0,-3.5891597742190964,0.2505456040896528,0.6033713136652786,0.0,0.15908046865948325,2.940731154465495,85.3764703998592,0.0002644537133588338,50.17230233520584,0.05501067373421392,66.28896112792435,85.3764703998592,,,,
2025-11-12,AIRA,870.0,93200.0,4.133350691337181,-0.12249278171021043,-0.011122344679238536,0.0,0.030189422550629466,0.6200052297840416,59.19429183414259,-0.001143130815544546,49.27138127995194,-0.007388765736179531,48.14349724392746,59.19429183414259,,,,
2025-11-12,KCEL,3330.0,240.0,-0.6506877438645704,-0.8909691913210531,-0.6730244969628546,0.0,-0.01135329257829258,-0.12798509919446818,48.08116634496727,-0.009078721578721579,44.21786359285147,0.006735703560703561,52.387781118632326,48.08116634496727,,,,
2025-11-12,KEGC,1402.59,7900.0,-3.148471732222797,-0.7844195095381972,0.0359999927999687,0.0,0.05265262080627036,1.0244625456095204,64.9007069510517,-0.012349266951377988,42.16358007094378,0.017370405167107583,55.564108091216234,64.9007069510517,,,,
2025-11-12,KMGZ,22490.0,730.0,1.677495621704193,-0.2790826669971861,0.9999999951690821,0.0,-0.07207283960419804,-1.2212606305213398,32.45901508555612,-0.00737479444126843,45.296485443286706,-0.046966953743109746,36.579245107428115,32.45901508555612,,,,
2025-11-12,KZAP,29570.0,3320.0,0.8302864792529283,-0.10836791773216967,0.18295629228646942,0.0,-0.07031157449903645,-1.1895484696445222,32.87753736515653,-0.06661210954903886,15.376463085138619,0.03914721551228991,61.90232787094403,32.87753736515653,,,,
2025-11-12,KZTK,37700.0,5600.0,-1.8137441523465045,3.069838507275305,0.006510407274272328,0.0,0.1082849132668098,2.0261403755310656,77.1303161607558,-0.022073281125005263,36.238451480992694,0.06529054460864811,68.9939482571591,77.1303161607558,,,,
2025-11-12,KZTO,834.6,69120.0,-1.659197427069611,1.4688953103390732,0.21666665763889115,0.0,0.1274929584174911,2.371987582838167,80.58384196496915,-0.01137685004507442,42.771875423967934,0.06407557398468611,68.68048393104908,80.58384196496915,,,,
2025-11-13,AIRA,861.7,166090.0,2.5688487037879506,0.5546603061117346,0.07442640881777458,0.0,0.02872591485822593,0.5936542896274755,58.811845208335335,0.00851047025904866,55.428964971082586,0.01855634211442492,55.91599532327872,58.811845208335335,,,,
2025-11-13,KCEL,3317.18,460.0,-1.4760396985513502,-0.16955889933743937,-0.9016666290972374,0.0,-0.004439931587042187,-0.003507747482027062,49.94738380719174,0.014964849422204883,59.466203976996326,0.01520318893931425,54.919639516045,49.94738380719174,,,,
2025-11-13,KEGC,1399.0,11800.0,-3.2897861991117243,-0.3831840263435058,-0.5918366139109027,0.0,0.06255327359678682,1.2027270744179575,67.29672274815955,-0.009098534100321085,44.20535186350058,0.022176044113142033,56.98620768292759,67.29672274815955,,,,
2025-11-13,KMGZ,22475.0,630.0,1.5844063091713556,-0.4054637845675702,0.8550724596373311,0.0,-0.06374463027702738,-1.07130846646321,34.46172399169761,-0.004485362925296185,47.135159274487194,-0.052327983473700934,35.09676529532648,34.46172399169761,,,,
2025-11-13,KZAP,29365.01,1620.0,0.14658968308328252,-0.8259053316293994,-0.7674030992879847,0.0,-0.06752875259697225,-1.1394428406899897,33.544364703781525,-0.04096912089732877,25.945039602664288,0.03117621472435592,59.61708894993441,33.544364703781525,,,,
2025-11-13,KZTK,37699.99,100.0,-0.9296380738136845,-0.9555071035101799,0.7538385773290284,0.0,0.1175682410832142,2.193289763958337,78.85110815809588,0.0006060302752722837,50.390932981543514,0.08359256101356304,73.49645975930812,78.85110815809588,,,,
2025-11-13,KZTO,829.0,2990.0,-2.1874895609505556,-1.671668419598335,-0.492537246602815,0.0,0.11715198316962491,2.185794902518508,78.77601966873438,-0.0022873705171654784,48.539335105326565,0.07129932793382739,70.51835990271351,78.77601966873438,,,,
2025-11-14,AIRA,870.0,281100.0,2.1992482047342246,1.0808407824944106,0.7613635882977555,0.0,0.02213947728516696,0.47506330221175647,57.07809169671678,0.002372126436781609,51.52092272223867,0.002955268199233717,51.25263265687654,57.07809169671678,,,,
2025-11-14,KCEL,3322.99,240.0,-1.1231739925172184,-0.7439175588883674,0.14094600377703692,0.0,-0.0017053650537139885,0.045729027594663914,50.68589238546816,-0.0002603351951103185,49.836394250848834,0.01129627102064379,53.75379686783648,50.68589238546816,,,,
2025-11-14,KEGC,1398.0,8300.0,-3.252372222417906,-0.7350269663562411,-0.1428571224489825,0.0,0.07620025376388037,1.4484454669945857,70.45515813519442,-0.01082135193133053,43.12036292113897,0.02790273009060564,58.66574962633625,70.45515813519442,,,,
2025-11-14,KMGZ,22485.0,370.0,1.597534797275776,-0.9162869672960946,0.8394950367921835,0.0,-0.07084436635005348,-1.199141563179274,32.75064131983325,-0.004932038025350163,46.85028443818432,-0.05213356496923875,35.15004818363386,32.75064131983325,,,,
2025-11-14,KZAP,28500.0,2470.0,-2.6658872484023464,-0.37810314203719586,-0.714855432986186,0.0,-0.03969960317460318,-0.6383697989537772,40.53982637538847,-0.028989035087719297,32.25459104659735,0.029573538011695905,59.15217537771416,40.53982637538847,,,,
2025-11-14,KZTK,37400.0,630.0,-1.6831809898924517,0.8850365970116801,-0.9999999966101695,0.0,0.11893854299295477,2.217962503163896,79.09692136353509,0.033256016042780744,70.09001324947064,0.09239838086749852,75.50756445226187,79.09692136353509,,,,
2025-11-14,KZTO,829.0,108060.0,-2.159104707810316,1.9975626724236217,-0.3693820095020353,0.0,0.12004386284871808,2.237864152826734,79.2936640945298,0.00024381785283474023,50.15909378178123,0.09910351494437743,76.96813306587885,79.2936640945298,,,,
2025-11-17,AIRA,861.0,56510.0,0.865530335197765,-0.6228220292926074,-0.8165303527220403,0.0,0.017961256291134337,0.3998330509830503,55.96889639430764,0.009255516840882688,55.89973376580396,-0.04569185056136271,36.935748187250454,55.96889639430764,,,,
2025-11-17,KCEL,3321.99,300.0,-1.0627600847875,-0.4803653596857126,0.9999999523582681,0.0,0.00010639864960467274,0.07835043243715027,51.17504009478665,-0.009994458141053948,43.640362702014585,0.006577492256147791,52.34031638009119,51.17504009478665,,,,
2025-11-17,KEGC,1396.02,9530.0,-3.213673747358742,-0.4169404618280218,-0.8014041322563547,0.0,0.08635139896003675,1.6312201944339921,72.68565681455061,-0.013151586039495865,41.663465340504324,0.03655803583793657,61.16525466152199,72.68565681455061,,,,
2025-11-17,KMGZ,22420.0,1880.0,1.2925495662439996,0.7092320508383685,-0.05660377340690637,0.0,-0.06050899954688982,-1.0130498647618587,35.25543815467202,-0.007038401087464424,45.50998543574372,-0.05264556235220813,35.009808621062255,35.25543815467202,,,,
2025-11-17,KZAP,27990.0,5890.0,-4.0836688570473285,0.5091288551943787,0.34191676458253806,0.0,-0.01679356530393508,-0.2259390093603716,46.61609556386772,-0.012012606543153115,42.37391874219265,0.003933927933445675,51.54666531931679,46.61609556386772,,,,
2025-11-17,KZTK,37496.0,1430.0,-1.303145189216247,1.5288555940606972,0.8969581158427797,0.0,0.13389018418049248,2.487171749019107,81.64236960877425,0.03139609050362197,69.08225264237343,0.09681840992139684,76.47732108200947,81.64236960877425,,,,
2025-11-17,KZTO,824.15,14020.0,-2.037206225022427,-0.0446377430187214,-0.578384131707649,0.0,0.12788344198303406,2.379018368614801,80.64976023289012,-0.001136215379192965,49.27580681066446,0.1487299332453158,85.85599996042414,80.64976023289012,,,,
2025-11-18,AIRA,861.22,112270.0,0.6925223409690842,0.08457693863203737,-0.7605633037662576,0.0,0.03625108693168015,0.7291475022731789,60.766042845528375,0.020722505928282592,62.96434620342693,-0.07492142119908896,29.18274806725405,60.766042845528375,,,,
2025-11-18,KCEL,3304.03,390.0,-1.4722393485368657,-0.1758903374733796,-0.6899999734615241,0.0,0.0035348448580518332,0.14008074061231693,52.09997504472184,0.004162992988024328,52.665169902072265,0.004469375030656345,51.707493301252846,52.09997504472184,,,,
2025-11-18,KEGC,1392.01,29410.0,-3.3943928157391423,0.7099475165743949,-0.8316665973611185,0.0,0.0967234062386434,1.8179716167330908,74.85291312957287,-0.0061099421779377185,46.10008740722344,0.03865133015373571,61.761574315450886,74.85291312957287,,,,
2025-11-18,KMGZ,22445.0,570.0,1.3507349302532274,-0.5055469222818595,0.9411764650519031,0.0,-0.0526674505051148,-0.8718601801383103,37.21238725676939,-0.009854680577213434,43.72840468922993,-0.05434041749320201,34.54743221459604,37.21238725676939,,,,
2025-11-18,KZAP,27262.99,3660.0,-6.0071411767787675,0.03333638604052684,0.1444462278134486,0.0,0.008831187957746272,0.23544315024849952,53.52578580598086,0.027123484806895866,66.69837318668253,-0.02576690682158993,42.66989205170208,53.52578580598086,,,,
2025-11-18,KZTK,37374.99,100.0,-1.4403763621984889,-1.1939170216819857,0.3580371343288032,0.0,0.1405704956267611,2.6074529665771427,82.6994088143473,0.05319446701747173,79.6097509386434,0.10945961212934366,79.10172146508903,82.6994088143473,,,,
2025-11-18,KZTO,824.99,15050.0,-1.7136585420878245,0.05567418426939495,-0.5566666357407414,0.0,0.13116283960248096,2.4380650076370465,81.19665091414282,-0.0033580803673041483,47.85489192948366,0.15142459159197125,86.24500649248947,81.19665091414282,,,,
2025-11-19,AIRA,871.94,244280.0,1.888949438581693,0.7735850705238991,0.456010714841462,0.0,,,,0.005825501336010024,53.72493029597752,-0.09331717518425442,24.828595619014276,,,,,
2025-11-19,KCEL,3311.0,480.0,-1.1798045248129958,0.08701122812624819,0.5308641844231066,0.0,,,,0.00020602872579616755,50.134905749335104,0.004127868384845069,51.60492154414954,,,,,
2025-11-19,KEGC,1390.0,8300.0,-3.2908523999739705,-0.5681832744337084,-0.636363578512402,0.0,,,,-0.001425448212858298,49.09072290891693,0.042548024437592785,62.862134622240326,,,,,
2025-11-19,KMGZ,22400.0,1370.0,0.8397485447899262,0.3927716936542934,0.9999999916666668,0.0,,,,-0.012346825396825396,42.16510449178642,-0.05280481150793657,34.96624184340873,,,,,
2025-11-19,KZAP,27700.02,3600.0,-4.3096842457872295,0.01680710150378035,0.06387234035758355,0.0,,,,0.03141854398351645,69.09453008117686,0.0037632985257256488,51.495407831620945,,,,,
2025-11-19,KZTK,36995.0,390.0,-2.361184989544732,0.4446847149052691,-0.7631828208525876,0.0,,,,0.07240280293132705,86.45818125883167,0.12100204457058764,81.30408664326163,,,,,
2025-11-19,KZTO,827.92,18950.0,-1.2681998781484012,0.25668087773386195,-0.22896934657553036,0.0,,,,-0.006087594001107291,46.11430542408726,0.14284220015123006,84.9740582456558,,,,,
2025-11-20,AIRA,871.94,185350.0,1.3262452868600556,0.4975160526505322,-0.007499999531243208,0.0,,,,0.006954115271510899,54.44250710123434,-0.0669736194350056,31.196796324316022,,,,,
2025-11-20,KCEL,3378.01,750.0,0.9010086960574583,0.5332977407857636,0.9916488116525851,0.0,,,,-0.021719461509765628,36.44802992405947,-0.00984898406890548,47.40523630766424,,,,,
2025-11-20,KEGC,1390.99,10250.0,-2.8902860649089903,-0.11245693920379535,-0.33499997208333415,0.0,,,,0.0023219806220007447,51.488854231011636,0.04574986903241347,63.756618795323824,,,,,
2025-11-20,KMGZ,22450.0,980.0,0.6645704836627716,0.057758756824662194,0.9999999948717949,0.0,,,,-0.014572365397532434,40.782097259945225,-0.06724864602114045,31.125840433239226,,,,,
2025-11-20,KZAP,28261.0,1690.0,-2.1974741427437774,-0.7534225309865443,-0.397640655229735,0.0,,,,0.007249596589163483,54.6300831520799,-0.032403347397248886,40.72971045605211,,,,,
2025-11-20,KZTK,37850.0,3530.0,0.17009759526176527,2.6475894519675665,0.256578578061647,0.0,,,,0.06393495837789107,83.71362326697151,0.11432643790232958,80.05287407697428,,,,,
2025-11-20,KZTO,829.9,7900.0,-0.9078400336972045,-0.6385158146249544,0.9999998387097034,0.0,,,,0.0018412363700350152,51.181357567230236,0.13393616949450785,83.55457916853584,,,,,
2025-11-21,AIRA,875.0,98850.0,1.3451210581133166,-0.13112571036038423,0.014198782241439658,0.0,,,,0.013687698412698414,58.67564411154852,-0.03371388888888889,40.34976470314436,,,,,
2025-11-21,KCEL,3333.34,380.0,-0.4461631275274788,-0.14660319500580507,-0.9995522498421159,0.0,,,,-0.002957159726156782,48.11109692287909,-0.0039473381362761,49.17748847542472,,,,,
2025-11-21,KEGC,1387.59,91870.0,-2.657687786718543,2.138514233401969,0.01860841348670692,0.0,,,,0.001885035419410006,51.20937664404214,0.04942946860761333,64.77289946364182,,,,,
2025-11-21,KMGZ,22449.99,3100.0,0.6451010439715658,1.2093627696877767,0.9999839992000152,0.0,,,,-0.01637231370439264,39.6740391868392,-0.07486396359779911,29.197031768733428,,,,,
2025-11-21,KZAP,27770.0,2780.0,-4.015419057865908,-0.25570098294410615,0.21927605577965348,0.0,,,,0.013757300758498152,58.71884752075792,-0.024008039822578896,43.188167446606876,,,,,
2025-11-21,KZTK,38770.0,2670.0,2.583180265156584,1.989934218288483,0.16571428561959184,0.0,,,,0.03600834397812087,71.54610094377603,0.08375440397378107,73.53435903884257,,,,,
2025-11-21,KZTO,832.0,25980.0,-0.566629717527285,0.5722036324493847,0.21212119926538184,0.0,,,,0.0025544566544566548,51.63751302819565,0.12692862484737485,82.36349844599292,,,,,
2025-11-24,AIRA,871.88,51410.0,0.7169518801791633,-0.7194456233096824,0.5235954467870263,0.0,,,,0.005799114866542781,53.70813403643998,0.011032560928364306,53.674941932788045,,,,,
2025-11-24,KCEL,3300.02,430.0,-1.4205336861549756,-0.022989476892849206,-0.9988795238409108,0.0,,,,-0.000432521936134485,49.726182306074584,0.0016254086507220544,50.852948959294665,,,,,
2025-11-24,KEGC,1382.38,46930.0,-1.8313243335712877,1.4667973359009843,-0.1398601317097739,0.0,,,,0.009282153547240858,55.91654545761614,0.06718763698195213,69.47992407337257,,,,,
2025-11-24,KMGZ,22338.0,1820.0,0.07187952545742886,0.6767973671225249,0.3275691244781524,0.0,,,,-0.014156002903444483,41.03979729118348,-0.06872141865878766,30.747382329629257,,,,,
2025-11-24,KZAP,27748.4,2160.0,-4.057683630490449,-0.5080433202432455,0.3349737158372222,0.0,,,,0.018223783296071012,61.46051896189631,-0.017466324825135115,45.12802317038343,,,,,
2025-11-24,KZTK,38800.0,780.0,2.4355537006500354,0.7593950778182866,0.041082754502000426,0.0,,,,0.033913099329078635,70.44150459315581,0.08227227949599084,73.18599188750538,,,,,
2025-11-24,KZTO,826.0,33410.0,-1.1865952796047767,0.8034744150948613,-0.515151483930213,0.0,,,,0.012281752757600215,57.800174046666896,0.1594482580037665,87.35029703934441,,,,,
2025-11-25,AIRA,881.99,81290.0,1.8383723744722795,-0.2612561688942785,0.7823497140038067,0.0,,,,-0.01138183601584944,42.76875070499437,0.022000808052749413,56.934538652137235,,,,,
2025-11-25,KCEL,3329.0,490.0,-0.49476199002476806,0.09633094652182932,-0.2608807589379281,0.0,,,,0.008867768813743515,55.6548562794797,-0.00495733870698575,48.87391703518918,,,,,
2025-11-25,KEGC,1388.23,15760.0,-1.060830185848866,0.3756161665554881,0.992380763356052,0.0,,,,0.008476417538194373,55.40742429783086,0.06984485938129047,70.15337555075388,,,,,
2025-11-25,KMGZ,22300.0,2520.0,-0.10022025595298098,0.9808283628009576,0.9999999945355191,0.0,,,,-0.022099946615417466,36.22267774089573,-0.05790038614848037,33.585766029200585,,,,,
2025-11-25,KZAP,28095.0,2040.0,-2.872080432180669,-0.5511761905392996,0.487499999390625,0.0,,,,0.008656203442402111,55.52112803565785,-0.014340631488402445,46.060533728506734,,,,,
2025-11-25,KZTK,39490.0,1220.0,4.182331120625056,0.8919967958315475,0.9717912539184891,0.0,,,,0.020358256460345597,62.74660865442985,0.06321852719394502,68.45833118196435,,,,,
2025-11-25,KZTO,825.02,4300.0,-1.1695482268067496,-1.343528297476217,-0.5954300675114214,0.0,,,,0.024517720378495936,65.2003592633289,0.1469145268532211,85.58877417911835,,,,,
2025-11-26,AIRA,880.0,100640.0,1.5291717547816641,-0.04772966244828008,0.325842660017677,0.0,,,,-0.014753751803751835,40.669988875494724,0.0130262987012987,54.270628511456685,,,,,
2025-11-26,KCEL,3323.0,380.0,-0.64110347301678,-0.15790272731747027,-0.011272141447621287,0.0,,,,0.02335882103568682,64.52412201697786,-0.00010258264906925704,50.333453123352335,,,,,
2025-11-26,KEGC,1392.77,5810.0,-0.54845218218225,-0.6222759905701521,0.9916490622862157,0.0,,,,0.006082029425544694,53.88817815961215,0.0735139338717602,71.06907031179863,,,,,
2025-11-26,KMGZ,22200.0,990.0,-0.5589472303197165,0.025576804421200545,0.3333333322222222,0.0,,,,-0.01923546761046754,37.93349610019754,-0.0457779601029601,36.91162758295874,,,,,
2025-11-26,KZAP,28665.0,1970.0,-0.8512098705392305,-0.5559826499870074,0.6819986093098843,0.0,,,,-0.00273067765567762,48.255873187361225,-0.0381435156113727,39.07433488833609,,,,,
2025-11-26,KZTK,39800.0,1140.0,4.787216741230564,0.6090632559085152,0.3634555206362942,0.0,,,,0.009113482093004707,55.810066133862435,0.06364301866475233,68.56846874850395,,,,,
2025-11-26,KZTO,825.71,3490.0,-0.6658753878136145,-1.4266530747395874,-0.4299999283333331,0.0,,,,0.03206040689273083,69.44435305176259,0.12780102150184164,82.51539591785976,,,,,
2025-11-27,AIRA,881.0,20410.0,1.499901494847926,-1.6516925302454912,0.42857139795918586,0.0,,,,-0.018282164928021934,38.5098214712151,0.015257867592742756,54.935920639004785,,,,,
2025-11-27,KCEL,3316.25,480.0,-0.7970347715595788,0.1216967311543321,-0.6159695739420822,0.0,,,,0.022444821376219795,63.98664801584317,0.006499898437827199,52.317036023421856,,,,,
2025-11-27,KEGC,1399.0,7800.0,0.05520498633566428,-0.2857565041581345,0.8884119409088316,0.0,,,,0.000876079285657555,50.563771293799334,0.08155135272360076,73.0154945250504,,,,,
2025-11-27,KMGZ,22200.0,910.0,-0.5806124022549715,-0.07919692071252987,0.999999995,0.0,,,,-0.01782711282711283,38.78607808413861,-0.05251963749463749,35.044276384277886,,,,,
2025-11-27,KZAP,28563.0,1440.0,-1.021269485990507,-0.8428223063162557,-0.2686449987931436,0.0,,,,0.029391978967128637,67.975703283978,-0.03572769062706832,39.768196911216755,,,,,
2025-11-27,KZTK,40400.01,2620.0,6.121990422175191,1.378688459376618,0.2933376679813199,0.0,,,,-0.012076062604935,42.33425128447876,0.04047136002565341,62.27719275160612,,,,,
2025-11-27,KZTO,834.28,5670.0,0.3920037866700674,-0.9413680841625033,0.8921416878165042,0.0,,,,0.027152579431670387,66.71491704681905,0.11896134389428849,80.92813530130897,,,,,
2025-11-28,AIRA,890.0,112650.0,2.4054393938616676,0.12166860224143151,0.7273355898037626,0.0,,,,-0.028113545568039952,32.74632759439581,-0.009716332263242377,47.445016367375345,,,,,
2025-11-28,KCEL,3335.0,260.0,-0.17661427225584891,-0.49140669872483056,-0.6060605968778697,0.0,,,,0.01759506080293187,61.07852977254791,0.002281039837224245,51.0500129642101,,,,,
2025-11-28,KEGC,1395.0,8360.0,-0.20186947968540342,-0.21642198260080564,0.04633781417504273,0.0,,,,0.01811093189964158,61.39205689723822,0.09331616743471582,75.71112996013358,,,,,
2025-11-28,KMGZ,22160.0,4650.0,-0.715539759269098,1.5724933103643812,0.3320987269434436,0.0,,,,-0.01964444444444438,37.6872757479499,-0.043091580711707066,37.66715099279271,,,,,
2025-11-28,KZAP,28247.99,1080.0,-1.758955714395112,-1.1154432156328584,-0.467895101164893,0.0,,,,0.09863440787389738,92.5909982973998,-0.01980367859928143,44.43289649455876,,,,,
2025-11-28,KZTK,40300.0,220.0,5.206521624045409,-1.2062388952999825,-0.4999999975,0.0,,,,-0.005352260821615697,46.582466979912084,0.05973469514356611,67.54665273871966,,,,,
2025-11-28,KZTO,837.0,38440.0,0.8117949332638412,1.0583305123558142,0.2128562636230276,0.0,,,,0.024239964157706087,65.03882901422301,0.11641055214200381,80.45012274180824,,,,,
2025-12-01,AIRA,879.95,5000.0,1.1371493884263106,-2.853475959039239,-0.18235293044982226,0.0,,,,-0.01867821334094565,38.26998592894078,0.0199237644274521,56.32099361323868,,,,,
2025-12-01,KCEL,3310.0,420.0,-0.7938316770279615,0.036367606119768234,-0.816300714837334,0.0,,,,0.02349496355440464,64.60387119591955,0.007851206061477965,52.722314075786784,,,,,
2025-12-01,KEGC,1399.99,6030.0,0.23343007855484316,-0.49477586308016663,0.8446153196449768,0.0,,,,0.013042577716258056,58.27457864921476,0.09651904484124998,76.41248751856823,,,,,
2025-12-01,KMGZ,22099.0,5770.0,-0.8682853801370682,1.7677844482975886,0.4190199513356873,0.0,,,,-0.019683583847434023,37.66374533772662,-0.03135327189264471,41.034947640929,,,,,
2025-12-01,KZAP,28350.0,2200.0,-1.000609910057765,-0.31845336597432866,0.43817519232358776,0.0,,,,0.09537253086419747,91.99730642374087,-0.024467724867724867,43.05256582918485,,,,,
2025-12-01,KZTK,40249.95,760.0,5.0320131345850685,0.03344787687107507,-0.39740518882754616,0.0,,,,-0.006150027579152843,46.07458647478969,0.06381058690460374,68.61188822780699,,,,,
2025-12-01,KZTO,839.0,33380.0,1.0287678775454905,0.8313965156137845,-0.06542055856406793,0.0,,,,0.02759601897572696,66.96655514700959,0.11809718296535937,80.76720151135997,,,,,
2025-12-02,AIRA,874.99,87080.0,0.5598213711774723,-0.13578952292150487,0.2508861657784105,0.0,,,,-0.013679879457125767,41.33508843869847,,,,,,,
2025-12-02,KCEL,3369.99,510.0,1.1317792155411717,0.23052344357935403,0.42848977813273464,0.0,,,,-0.0030943434656227667,48.023418937227525,,,,,,,
2025-12-02,KEGC,1404.78,17920.0,0.6161280784998225,0.6948216029400037,0.9649707285262051,0.0,,,,0.013135230986855102,58.332249003561785,,,,,,,
2025-12-02,KMGZ,21884.0,1450.0,-1.6864578840820315,0.37156301146777415,-0.44347825894139886,0.0,,,,-0.010659629779530163,43.22194785038204,,,,,,,
2025-12-02,KZAP,28434.99,900.0,-0.31974035139606144,-1.0704393037376996,-0.3334117633983727,0.0,,,,0.055800979353003335,80.6716663609983,,,,,,,
2025-12-02,KZTK,40430.0,1060.0,5.356767379101942,0.31963321551437107,0.051005621206416156,0.0,,,,-0.007821453011083236,45.013271538365736,,,,,,,
2025-12-02,KZTO,848.09,11340.0,2.0987736558323467,-0.24822278949300602,0.652727213388441,0.0,,,,0.019952531163864518,62.50346825828531,,,,,,,
2025-12-03,AIRA,870.03,57620.0,-0.02152776803966704,-0.5487463380556036,-0.9955521871347567,0.0,,,,-0.0023706975621530443,48.48604593784358,,,,,,,
2025-12-03,KCEL,3412.0,490.0,2.3720763463040098,0.15415053305869086,0.7440224960415706,0.0,,,,-0.01277231433409628,41.89967203366958,,,,,,,
2025-12-03,KEGC,1406.01,7310.0,0.8443071986437545,-0.20185098465305296,0.11333332074074012,0.0,,,,0.014024433003761749,58.88453606882551,,,,,,,
2025-12-03,KMGZ,21848.99,5510.0,-1.774681514754657,1.5326101360458202,0.20445504938681924,0.0,,,,-0.01474337451085709,40.67640009665088,,,,,,,
2025-12-03,KZAP,28684.88,1850.0,0.7651604668823159,-0.23282594563251371,0.418314663149327,0.0,,,,0.07696645529708407,87.76887732696942,,,,,,,
2025-12-03,KZTK,40299.0,260.0,4.789086762013403,-1.2636884410458198,-0.4480459336024354,0.0,,,,-0.0038899410241776057,47.51518714606509,,,,,,,
2025-12-03,KZTO,855.01,118920.0,2.8991464460546896,2.187682449641267,0.2653222512723525,0.0,,,,0.02461771749443946,65.25842774117736,,,,,,,
2025-12-04,AIRA,867.9,62510.0,-0.3458502973270002,-0.429281391728285,0.09629628916323447,0.0,,,,0.005944380387251137,53.80059200354139,,,,,,,
2025-12-04,KCEL,3402.0,530.0,1.935230332038971,0.23262208228602058,0.4343230946864228,0.0,,,,-0.003976381540270428,47.45999759959561,,,,,,,
2025-12-04,KEGC,1405.0,32840.0,0.8987240124583087,1.371782389697778,0.14531137113017878,0.0,,,,0.026497628932949227,66.34150587869155,,,,,,,
2025-12-04,KMGZ,21880.0,2930.0,-1.400894257776516,0.731411976907058,0.6521739073724008,0.0,,,,-0.009101928992194001,44.20320804215648,,,,,,,
2025-12-04,KZAP,29500.0,4200.0,3.7556501461338003,0.6557590646170852,0.9999999989473131,0.0,,,,0.05254371132633844,79.33795561469653,,,,,,,
2025-12-04,KZTK,40050.01,270.0,4.092343008457785,-1.22594828573339,-0.99999999599984,0.0,,,,0.01284121674307253,58.149167266112364,,,,,,,
2025-12-04,KZTO,859.78,9540.0,2.8343142158426584,-0.4210650313719354,0.9119998176000256,0.0,,,,0.043390916622450884,75.23295972720449,,,,,,,
2025-12-05,AIRA,868.0,97870.0,-0.37992343881177393,0.082275952516862,-0.26265821399482037,0.0,,,,0.021959114183307732,63.69958627365262,,,,,,,
2025-12-05,KCEL,3405.0,350.0,1.930937731101889,-0.1941557915840712,0.5066891738318113,0.0,,,,-0.00044965037409971367,49.715218997167675,,,,,,,
2025-12-05,KEGC,1425.0,49450.0,2.269671698740525,1.7810968906321543,0.5390534613677,0.0,,,,0.014164369256474511,58.971251311314575,,,,,,,
2025-12-05,KMGZ,21799.9,1340.0,-1.6702303186483005,-0.19897290533728337,0.30347825955010715,0.0,,,,-0.011638839369220996,42.60776480086069,,,,,,,
2025-12-05,KZAP,31130.1,12650.0,8.934568467883182,1.6896443570793906,-0.0366572924637831,0.0,,,,-0.017202717971168877,39.16631373189053,,,,,,,
2025-12-05,KZTK,40221.1,2920.0,4.492604343202189,1.1549642432368439,-0.35554013353345354,0.0,,,,0.025675352629215067,65.8697950567391,,,,,,,
2025-12-05,KZTO,860.13,91110.0,2.816838703825033,1.8355063998501326,-0.722702683170198,0.0,,,,0.042908819513993786,75.00225130556296,,,,,,,
2025-12-08,AIRA,866.5,135730.0,-0.549488981049206,0.3511745896889758,-0.30609095558281135,0.0,,,,0.017969704109764697,61.306316614911715,,,,,,,
2025-12-08,KCEL,3399.0,580.0,1.697693656565971,0.31093865699966505,0.3584905615284206,0.0,,,,-0.0007327179562616457,49.53404217932271,,,,,,,
2025-12-08,KEGC,1423.0,9630.0,1.8455788171736858,0.07378835444697623,0.07553956155218955,0.0,,,,0.020498573045990485,62.8305475438667,,,,,,,
2025-12-08,KMGZ,21739.0,1750.0,-1.8961972444070898,0.06797289769553251,0.10843373450428219,0.0,,,,-0.008210584535729436,44.76679646557278,,,,,,,
2025-12-08,KZAP,31150.01,5090.0,7.283347908104493,0.7792651975604263,0.7169817228631932,0.0,,,,-0.04832468237927081,22.49316953610195,,,,,,,
2025-12-08,KZTK,40138.99,260.0,3.8095250722302874,-1.4423795440794953,0.25179142705035856,0.0,,,,0.027786397075788734,67.07429251842014,,,,,,,
2025-12-08,KZTO,865.0,23930.0,2.9701645727912234,0.3419190086827708,-0.49999997433265014,0.0,,,,0.06367146756583172,83.6214360370222,,,,,,,
2025-12-09,AIRA,865.99,93850.0,-0.5981632904379239,-0.04693639660361917,-0.11135856220951401,0.0,,,,-0.04036474488689609,26.243456926145925,,,,,,,
2025-12-09,KCEL,3371.0,240.0,0.7603096393701236,-0.6174344960211855,-0.03896103823819791,0.0,,,,0.002643777339869058,51.69462234626745,,,,,,,
2025-12-09,KEGC,1428.0,4870.0,2.17082454389795,-0.676581675778822,0.4285713673469475,0.0,,,,0.023932749766573294,64.85976452360612,,,,,,,
2025-12-09,KMGZ,21725.0,690.0,-1.8902662336929383,-0.8410655677101363,0.36297410178608497,0.0,,,,-0.010973571611229766,43.024799764490304,,,,,,,
2025-12-09,KZAP,30118.2,8620.0,3.1758611361802838,1.3060721962091653,-0.9999418499171889,0.0,,,,-0.057106817085129005,18.81605849495226,,,,,,,
2025-12-09,KZTK,40251.0,1280.0,3.9084236803790793,0.3302412645375621,0.001996007980047888,0.0,,,,0.03167660664449621,69.23544354020744,,,,,,,
2025-12-09,KZTO,867.89,15220.0,3.169121079381787,-0.2577539542985838,0.002553191380712938,0.0,,,,0.1010244570667375,93.00000150817624,,,,,,,
2025-12-10,AIRA,870.92,86140.0,-0.018501269276535164,-0.10691478793453439,-0.0356756737472653,0.0,,,,-0.07447302416565146,12.935874295602023,,,,,,,
2025-12-10,KCEL,3380.0,250.0,0.948797452250331,-0.5306275592983875,-0.3103448168846615,0.0,,,,-0.007517805485113178,45.205772036937915,,,,,,,
2025-12-10,KEGC,1430.5,12160.0,2.3308204591700257,0.23847385260633805,0.7692307100591762,0.0,,,,0.021230987195064475,63.26742014467808,,,,,,,
2025-12-10,KMGZ,21601.01,2250.0,-2.375881258221601,0.46733998280558514,-0.8975813911740549,0.0,,,,-0.005922896772360504,46.21910593684631,,,,,,,
2025-12-10,KZAP,30990.0,3000.0,5.805433139543535,0.25060006893990205,0.3749956594316664,0.0,,,,-0.13374042740361713,3.155111310422254,,,,,,,
2025-12-10,KZTK,40279.0,150.0,3.5063944926000747,-1.81373077642174,-0.5082644617597841,0.0,,,,0.039351185668454594,73.25589960683058,,,,,,,
2025-12-10,KZTO,878.96,19310.0,4.332821282671876,0.12242199140937844,0.9200967966043139,0.0,,,,0.09075818286690909,91.08321573984945,,,,,,,
2025-12-11,AIRA,876.0,94640.0,0.5599878422664724,-0.012808559694867057,-0.08607377506223088,0.0,,,,-0.08667329310719725,9.805643793604158,,,,,,,
2025-12-11,KCEL,3400.0,310.0,1.5017268161424817,-0.31551650440580725,0.7435897340565419,0.0,,,,-0.011618323996265233,42.62060984489947,,,,,,,
2025-12-11,KEGC,1446.99,50500.0,3.4430096783634427,1.6254047224891572,0.6180952086621337,0.0,,,,0.011836679696999905,57.52197858211164,,,,,,,
2025-12-11,KMGZ,21754.99,510.0,-1.5246163052088357,-1.1433454121002633,0.7368282502403926,0.0,,,,-0.01338570256225921,41.51784995872063,,,,,,,
2025-12-11,KZAP,31150.0,3640.0,6.132412868219752,0.44397126150549826,-0.5999999992,0.0,,,,-0.09807725610843589,7.509140393455704,,,,,,,
2025-12-11,KZTK,40700.01,2160.0,3.731232231733239,1.0314720752944382,0.4569801318450648,0.0,,,,0.02856657204372274,67.51392278518848,,,,,,,
2025-12-11,KZTO,900.0,73390.0,6.567608351532557,1.457585451572261,0.36218677990462883,0.0,,,,0.061081349206349195,82.69281077478219,,,,,,,
2025-12-12,AIRA,890.0,182420.0,2.0521536175532997,0.6604134166308439,0.46272096607528845,0.0,,,,-0.0752839218833601,12.703839084166047,,,,,,,
2025-12-12,KCEL,3415.0,260.0,1.8370794821402945,-0.443204867383301,0.8914981420798244,0.0,,,,-0.009815976434497664,43.75279036002602,,,,,,,
2025-12-12,KEGC,1450.01,12120.0,3.2446978195558986,0.19828956818153923,-0.1979999802000038,0.0,,,,0.013515729169027083,58.56884259933863,,,,,,,
2025-12-12,KMGZ,21620.0,840.0,-2.0913824822979348,-0.6443558469879466,-0.5519917195378886,0.0,,,,-0.019978804898462623,37.486448033938835,,,,,,,
2025-12-12,KZAP,30700.0,2130.0,4.27225793677566,-0.2089586023468717,-0.6151033439627636,0.0,,,,-0.09949758802543819,7.260443807192374,,,,,,,
2025-12-12,KZTK,41390.0,1010.0,5.117324775541761,0.0933318242897794,0.9710430571877288,0.0,,,,0.028711235172977138,67.59510553891715,,,,,,,
2025-12-12,KZTO,899.95,10500.0,5.793543451499628,-0.599881083963253,0.9899999010000191,0.0,,,,0.05547390423806605,80.54075577592921,,,,,,,
2025-12-15,AIRA,885.0,114840.0,1.2511790783592152,0.1976418936279192,-0.43901065548000595,0.0,,,,-0.03388268092547754,29.579763406687178,,,,,,,
2025-12-15,KCEL,3408.0,620.0,1.543072732955669,0.4258320564526109,0.5639207026019211,0.0,,,,-0.015169980997093619,40.41310150568924,,,,,,,
2025-12-15,KEGC,1456.98,9010.0,3.638654830676047,-0.21623805191066886,0.5768217228426827,0.0,,,,0.00968019384846279,56.16760393662563,,,,,,,
2025-12-15,KMGZ,21634.0,870.0,-1.9709799457249395,-0.60926459974579,-0.1523809516553288,0.0,,,,-0.028519810490835268,32.51766099271318,,,,,,,
2025-12-15,KZAP,29750.0,3360.0,0.8027747890935512,0.29965789647549856,-0.4503768840684848,0.0,,,,-0.07900445845004668,11.684416039489514,,,,,,,
2025-12-15,KZTK,41390.0,480.0,4.757242822258471,-0.7683692483731005,0.6585770368580364,0.0,,,,0.025159255839728178,65.57210855331628,,,,,,,
2025-12-15,KZTO,923.0,22570.0,7.871466236470506,0.27842029713282807,0.3953488288509775,0.0,,,,0.025325685308431798,65.66824066878031,,,,,,,
2025-12-17,AIRA,833.96,140890.0,-4.695593388314428,0.38097819097192104,-0.5637499911914052,0.0,,,,0.06855890570291141,85.26403296104229,,,,,,,
2025-12-17,KCEL,3391.3,1140.0,0.8973568373333675,0.9866937378928416,-0.4739999952599964,0.0,,,,-0.014813091587296896,40.633334127575644,,,,,,,
2025-12-17,KEGC,1467.0,47100.0,4.257182789243012,1.4376979187633216,0.8518517861225422,0.0,,,,0.0157115712338105,59.92619068760268,,,,,,,
2025-12-17,KMGZ,21559.99,490.0,-2.1936028050882945,-1.0569368744867769,-0.5294901940019867,0.0,,,,-0.023694582708526306,35.284878653409166,,,,,,,
2025-12-17,KZAP,28499.99,8290.0,-3.8999502765016367,1.202766302499342,0.09090181814876415,0.0,,,,-0.032848343674857484,30.134365122803132,,,,,,,
2025-12-17,KZTK,41661.99,1270.0,5.013762380847806,0.3499480771549811,0.6411659165506124,0.0,,,,0.01784962225160157,61.233358973731434,,,,,,,
2025-12-17,KZTO,958.5,110770.0,8.934568467883182,1.7561969367484533,0.3308240310414839,0.0,,,,0.008101264997391756,55.169981972842955,,,,,,,
2025-12-18,AIRA,809.0,52130.0,-7.329520857090283,-0.6132594182077264,-0.26382305087819574,0.0,,,,0.12638776119842252,96.21695406216365,,,,,,,
2025-12-18,KCEL,3366.0,410.0,-0.0355814009878545,-0.10414014648134419,-0.9577985434457658,0.0,,,,-0.005159912146676852,46.70503161317967,,,,,,,
2025-12-18,KEGC,1465.7,28010.0,3.635119655307464,0.9179867751990002,-0.8599999139999995,0.0,,,,0.023435745881213887,64.56919278616196,,,,,,,
2025-12-18,KMGZ,21545.99,960.0,-2.2063932283233614,-0.38441102171739083,-0.0675584421764039,0.0,,,,-0.01353982881390891,41.422067422305794,,,,,,,
2025-12-18,KZAP,26950.0,13860.0,-7.454181138902759,1.7167230858770548,-0.44940747452196217,0.0,,,,0.03903449288806432,73.09674341815665,,,,,,,
2025-12-18,KZTK,42000.0,1980.0,5.565823183972183,0.6486948542544405,0.5547424822451064,0.0,,,,0.009717857142857143,56.19134340497013,,,,,,,
2025-12-18,KZTO,961.7,23440.0,8.934568467883182,0.11278258657068461,-0.2076502637682001,0.0,,,,-0.007224734596968709,45.391703566834636,,,,,,,
2025-12-19,AIRA,803.03,100670.0,-7.454181138902759,0.06595000319439694,-0.6320582302314949,0.0,,,,0.12235809925957028,95.82297453958537,,,,,,,
2025-12-19,KCEL,3371.97,280.0,0.05691422017173832,-0.41729900037779305,-0.21488229196037756,0.0,,,,-0.003962402813983062,47.46892215893598,,,,,,,
2025-12-19,KEGC,1469.0,83490.0,3.6145744064443055,1.928219411169029,-0.1797675885326385,0.0,,,,0.027935644321263792,67.15862816649484,,,,,,,
2025-12-19,KMGZ,21537.19,740.0,-2.139428820333303,-0.633998228579632,0.7953250285459876,0.0,,,,-0.005104955116324122,46.740057620756396,,,,,,,
2025-12-19,KZAP,28200.0,7660.0,-3.686155947293461,1.12372814906356,0.4902411016185521,0.0,,,,-0.011179947652819936,42.895320451382126,,,,,,,
2025-12-19,KZTK,42000.0,70.0,5.0110939946160205,-2.754552800545744,-0.9999999966666667,0.0,,,,0.018050396825396827,61.35531429033912,,,,,,,
2025-12-19,KZTO,958.01,7440.0,8.82773845240308,-1.1288376309513155,-0.7471838864600918,0.0,,,,-0.019046069510325874,38.04773303763692,,,,,,,
2025-12-22,AIRA,826.0,114730.0,-4.77257295014229,0.19668359899360907,0.9999999374217812,0.0,,,,0.09465739171374767,91.86146270411632,,,,,,,
2025-12-22,KCEL,3393.0,600.0,0.6993620150036464,0.36865080770662534,0.7626716263320618,0.0,,,,-0.005739144667592943,46.33607089627317,,,,,,,
2025-12-22,KEGC,1474.5,104230.0,3.39546844340869,2.0104022017433536,0.9130433988657914,0.0,,,,0.03629311671430186,71.69429813013475,,,,,,,
2025-12-22,KMGZ,21261.0,3700.0,-3.308729555016326,0.9754375092169294,-0.8491147493659621,0.0,,,,0.0008047191817792923,50.518100132581864,,,,,,,
2025-12-22,KZAP,27749.0,14170.0,-4.987590919031192,1.589869326932546,0.0063074082038007805,0.0,,,,0.0038261177293962266,52.45010575464764,,,,,,,
2025-12-22,KZTK,42718.0,2350.0,5.901606543102722,0.8200132910434909,0.9729339823137582,0.0,,,,-0.005909557455799087,46.22759551630778,,,,,,,
2025-12-22,KZTO,952.91,43650.0,8.072679235946959,0.6404909974525228,-0.7989454903709838,0.0,,,,-0.011262471243057804,42.84357266033146,,,,,,,
2025-12-23,AIRA,858.0,287170.0,-0.7321613732103295,1.1141759614823497,0.2717536768448182,0.0,,,,0.038577486402486406,72.86601929884205,,,,,,,
2025-12-23,KCEL,3367.8,670.0,-0.13995961122441164,0.45518815498858806,-0.07333333211110507,0.0,,,,0.003211284815012714,52.05736223008387,,,,,,,
2025-12-23,KEGC,1476.0,127030.0,2.3988121337569575,2.208225398528836,0.17184263824412488,0.0,,,,0.04336741192411924,75.22174470037875,,,,,,,
2025-12-23,KMGZ,21090.0,1270.0,-3.6424398507500246,-0.09387737125748384,-0.6077930647004542,0.0,,,,0.017008254306938517,60.72077498999003,,,,,,,
2025-12-23,KZAP,27500.0,10680.0,-5.301974068191303,1.211490529155944,0.19999999989999998,0.0,,,,0.0180739898989899,61.36963597549173,,,,,,,
2025-12-23,KZTK,42571.0,1780.0,4.4001325335809875,0.5422114875056241,0.5669172923805755,0.0,,,,0.013273974523606317,58.41856474311773,,,,,,,
2025-12-23,KZTO,949.49,22640.0,6.922552993682938,-0.01599330575078826,-0.8169058750588236,0.0,,,,-0.006708658010557681,45.71942504673886,,,,,,,
2025-12-24,AIRA,893.95,70370.0,3.5574206083468236,-0.3132334963359291,0.8940873806147231,0.0,,,,0.014552286579005043,59.211341749219784,,,,,,,
2025-12-24,KCEL,3352.51,320.0,-0.6823205619189383,-0.3409261685336117,-0.636929449568991,0.0,,,,0.00571531323628492,53.65478469739787,,,,,,,
2025-12-24,KEGC,1495.0,114490.0,2.917100295755292,2.104289374633478,0.5789473379501401,0.0,,,,0.03675441418484897,71.93336569919744,,,,,,,
2025-12-24,KMGZ,21121.9,660.0,-3.294941613035928,-0.681716981761707,-0.1480954941511827,0.0,,,,0.024937216288788283,65.44365656884172,,,,,,,
2025-12-24,KZAP,27660.0,3270.0,-4.337690848214731,-0.06797287423338941,0.32596685022842203,0.0,,,,0.011045797610439693,57.02646631885029,,,,,,,
2025-12-24,KZTK,42546.25,3600.0,3.821067145194394,1.1856229314410744,0.5866290007784765,0.0,,,,0.01645199491123339,60.38057736532444,,,,,,,
2025-12-24,KZTO,969.5,45200.0,8.561352716309202,0.6929252042062289,0.9565216975425348,0.0,,,,-0.023492825626038622,35.402924280860496,,,,,,,
2025-12-25,AIRA,913.98,123970.0,5.839039108114931,0.25303844670336534,0.19185535910382132,0.0,,,,,,,,,,,,
2025-12-25,KCEL,3360.0,930.0,-0.5104232430610428,0.8069054587788543,-0.09069212255894306,0.0,,,,,,,,,,,,
2025-12-25,KEGC,1505.0,77600.0,3.041772790640068,1.6408521302995722,0.531100453057388,0.0,,,,,,,,,,,,
2025-12-25,KMGZ,21327.03,3000.0,-2.1650088520362933,0.9763936001397817,0.045829885300577314,0.0,,,,,,,,,,,,
2025-12-25,KZAP,28093.0,2830.0,-2.7659070028802972,-0.21248588460362242,0.1121294569321834,0.0,,,,,,,,,,,,
2025-12-25,KZTK,42550.0,1630.0,3.09868744840274,0.393269456063238,-0.287171817965184,0.0,,,,,,,,,,,,
2025-12-25,KZTO,958.0,91050.0,6.660317032389172,1.3741757871053994,-0.1999999900000005,0.0,,,,,,,,,,,,
2025-12-26,AIRA,904.0,52440.0,4.411039121659953,-0.6073303752820681,-0.6871165117241986,0.0,,,,,,,,,,,,
2025-12-26,KCEL,3370.0,270.0,-0.22834135631477062,-0.5108249089521979,0.1477291335017399,0.0,,,,,,,,,,,,
2025-12-26,KEGC,1515.0,68600.0,3.3906980757855836,1.094320043853657,0.25313281621974554,0.0,,,,,,,,,,,,
2025-12-26,KMGZ,21500.0,2240.0,-1.167531267732299,0.5402721807452749,0.8765159829040089,0.0,,,,,,,,,,,,
2025-12-26,KZAP,27979.99,2770.0,-3.1022007030778025,-0.23391523070223344,-0.0800399998399136,0.0,,,,,,,,,,,,
2025-12-26,KZTK,42900.0,100.0,3.585419104918161,-2.4552942365556545,0.46947368322216065,0.0,,,,,,,,,,,,
2025-12-26,KZTO,943.0,47790.0,4.1815756417622465,0.7019736057334768,-0.19964428191097672,0.0,,,,,,,,,,,,
2025-12-29,AIRA,906.98,80410.0,4.656511257306067,-0.17986216114784137,-0.3719704756601403,0.0,,,,,,,,,,,,
2025-12-29,KCEL,3385.0,420.0,0.12964078616708907,0.011976177506857165,0.15429010564486903,0.0,,,,,,,,,,,,
2025-12-29,KEGC,1533.0,135210.0,4.298209806114331,1.4915633775193458,0.7817387856770177,0.0,,,,,,,,,,,,
2025-12-29,KMGZ,21350.0,1580.0,-1.751280671664487,0.124530257098127,-0.3013100423523579,0.0,,,,,,,,,,,,
2025-12-29,KZAP,27949.0,3910.0,-3.1488377842551687,0.11077423735272826,0.37922560570854136,0.0,,,,,,,,,,,,
2025-12-29,KZTK,42610.0,1410.0,2.5905782170949303,0.3091879743273769,-0.3220338977592646,0.0,,,,,,,,,,,,
2025-12-29,KZTO,945.4,78910.0,4.150819196532414,1.0129790592552708,-0.26342160832420974,0.0,,,,,,,,,,,,
2025-12-30,AIRA,894.0,135510.0,3.1230715955039217,0.36314733416080264,0.32440811267745007,0.0,,,,,,,,,,,,
2025-12-30,KCEL,3390.0,220.0,0.2352259940445272,-0.6466261259657407,0.8136334955086452,0.0,,,,,,,,,,,,
2025-12-30,KEGC,1545.0,147710.0,4.4615203776716,1.3071208090827604,0.5879316955961976,0.0,,,,,,,,,,,,
2025-12-30,KMGZ,21520.0,5790.0,-0.6608716339935461,1.4232368274935985,0.6176376856843622,0.0,,,,,,,,,,,,
2025-12-30,KZAP,28090.0,1550.0,-2.5753193053660843,-0.8901432637559076,0.8999999955,0.0,,,,,,,,,,,,
2025-12-30,KZTK,43280.0,810.0,4.023083831629559,-0.36344165184740657,0.7079959505212571,0.0,,,,,,,,,,,,
2025-12-30,KZTO,946.33,60220.0,3.5320419494047246,0.742675751812866,-0.41246104634077385,0.0,,,,,,,,,,,,
2025-12-31,AIRA,909.98,57530.0,4.765764946104964,-0.5146936098920035,0.38681362754003706,0.0,,,,,,,,,,,,
2025-12-31,KCEL,3383.0,190.0,-0.07236129602278271,-0.7812531069185403,0.6861514184748644,0.0,,,,,,,,,,,,
2025-12-31,KEGC,1555.0,95290.0,4.503597515888885,0.6800104628525946,0.06710670697983036,0.0,,,,,,,,,,,,
2025-12-31,KMGZ,21720.0,3060.0,0.6651959799457398,0.7855197484831995,0.5369928388138596,0.0,,,,,,,,,,,,
2025-12-31,KZAP,28059.0,1200.0,-2.6802010237436114,-1.146075573629724,0.2669322698528595,0.0,,,,,,,,,,,,
2025-12-31,KZTK,43390.0,2040.0,4.047300517898323,0.5602282633838667,0.69499999982625,0.0,,,,,,,,,,,,
2025-12-31,KZTO,950.0,53500.0,3.3906250756268665,0.45951624785657097,-0.8124999746093758,0.0,,,,,,,,,,,,
