date,ticker,close,volume,dev_price,dev_volume,order_flow,rf_daily,price_fwd,dividends_fwd,rf_cum,R30,pre_agm,Z30,Y_target,Y_attr
2025-01-05,AIRA,819.7,21880.0,0.040790052523744416,-1.0101005833724346,0.336363621074385,0.0005726190476190476,706.69,0.0,0.01756706349206349,-0.15543457599663832,0.0,-2.7222162718388354,16.337472750406505,46.56972150447068
2025-01-06,AIRA,819.0,26190.0,-0.08535599736279376,-0.7656697179074529,-0.1983967538283073,0.0005674603174603176,750.0,0.0,0.017599206349206347,-0.1018482905982906,0.0,-1.7573774759282303,25.837600043931563,47.774624367427144
2025-01-08,AIRA,817.02,10500.0,-0.3122229307289447,-1.6344470943662104,-0.7681817308884427,0.0005678571428571428,771.17,0.0,0.017623015873015874,-0.07374159314162622,0.0,-1.251307090016616,32.06504398204184,49.8474584424844
2025-01-09,AIRA,808.04,25250.0,-1.3669428885587058,-0.6993632792134212,0.043617445233392255,0.0005825396825396825,759.0,0.0,0.017628571428571427,-0.07831863627684622,0.0,-1.3337182658349858,30.997611656343764,47.454279436885855
2025-01-10,AIRA,800.0,31380.0,-2.327572760236189,-0.3894020167793959,-0.99999990000001,0.0006321428571428572,776.7,0.0,0.01758214285714286,-0.0467071428571428,0.0,-0.764542869158897,38.728816164102184,50.99752864426344
2025-01-13,AIRA,806.0,17830.0,-1.5568991505956138,-0.9174083511153533,0.8490245251039438,0.0005884920634920634,775.5,0.0,0.017590873015873015,-0.05543206408287053,0.0,-0.9216379621900254,36.51726591339482,46.60822904638804
2025-01-14,AIRA,802.0,27780.0,-2.0261010494922,-0.45428822304527455,0.4545454132231443,0.0005805555555555556,773.0,0.0,0.01763412698412698,-0.05379372798163322,0.0,-0.8921391786960042,36.92854391861557,44.34365101457281
2025-01-15,AIRA,805.98,29400.0,-1.4681018047064338,-0.3685083611530517,0.9949998756250202,0.0005857142857142858,782.0,0.0,0.017671825396825398,-0.047424424716907804,0.0,-0.777457766333791,38.54509830348476,47.776082313458474
2025-01-16,AIRA,802.0,17270.0,-1.9052025519909705,-0.7911090267388131,-0.41860459031909986,0.0005837301587301588,793.0,0.0,0.017686507936507938,-0.028908453073665047,0.0,-0.4440715714785661,43.37805549030412,46.86488187410348
2025-01-17,AIRA,801.99,13570.0,-1.8584041587796702,-0.8695209036716989,0.22018345257134708,0.0005948412698412699,795.0,0.0,0.017675396825396823,-0.026391216224641214,0.0,-0.3987478892643693,44.047149683455025,46.24354662992198
2025-01-20,AIRA,793.98,13760.0,-2.795263529666986,-0.7923440209580065,0.10880828210153562,0.0005884920634920634,785.0,0.0,0.01766388888888889,-0.028973997455855334,0.0,-0.44525171976317046,43.360664580277934,46.48244404585192
2025-01-21,AIRA,793.0,14530.0,-2.8659595546519987,-0.6768383866529285,-0.38854801753087403,0.0005857142857142858,765.0,0.0,0.017654761904761902,-0.05296371524650213,0.0,-0.8771945248167294,37.13763647403377,46.508471159065635
2025-01-22,AIRA,786.0,9960.0,-3.652956471486367,-0.9966983097561796,-0.45404909426304924,0.0005888888888888889,756.06,0.0,0.01764880952380952,-0.0557404125772447,0.0,-0.9271898788384966,36.44007740436929,46.46705578442969
2025-01-23,AIRA,783.11,17880.0,-3.446482346819446,-0.3635851659707064,-0.9818015485166885,0.0005944444444444445,760.0,0.0,0.017626587301587303,-0.0471371286048525,0.0,-0.7722849047934802,38.61864478024821,50.59442240053204
2025-01-24,AIRA,781.99,124810.0,-3.498169514510982,1.6670281665172928,0.07538460958580066,0.0005976190476190477,758.99,0.0,0.01761031746031746,-0.04702245828053256,0.0,-0.7702202276690803,38.648014383501796,50.748074456105826
2025-01-27,AIRA,785.84,6480.0,-2.5871779884422077,-1.2910373307145464,0.626890650942746,0.000594047619047619,751.0,0.0,0.01763452380952381,-0.061969248435401886,0.0,-1.0393421290762876,34.89619320805255,46.11772803980346
2025-01-28,AIRA,782.0,41330.0,-2.5390782861361973,0.731873716499398,-0.4984246692864081,0.000588095238095238,745.0,0.0,0.01766190476190476,-0.06497648276701985,0.0,-1.09348837806463,34.161780419162845,49.85842647281501
2025-01-29,AIRA,777.0,23870.0,-2.8575999939695973,0.1829080068455129,-0.99999989989991,0.0005738095238095239,730.74,0.0,0.017717063492063492,-0.07725374302874302,0.0,-1.314544510616922,31.244213561668722,51.11353393879345
2025-01-30,AIRA,775.0,17360.0,-2.7587771275023187,-0.1355453012751484,-0.9999998988877757,0.0005718253968253969,776.51,0.0,0.017765873015873013,-0.01581748591909883,0.0,-0.20836437713166317,46.878598820165195,50.896158936514574
2025-01-31,AIRA,779.01,7350.0,-1.9170610729931432,-0.8875812789212101,-0.4846153224852144,0.0005785714285714286,787.0,0.0,0.01780753968253968,-0.007550931936811117,0.0,-0.05952233795485498,49.107259815569584,46.98275722610595
2025-02-03,AIRA,770.01,35420.0,-2.9855560734964115,0.6849923592066061,-0.19566090013415455,0.0005801587301587301,776.0,0.0,0.017851190476190475,-0.010072070724498927,0.0,-0.10491627586552854,48.426775342279285,49.711840868298886
2025-02-04,AIRA,763.62,55350.0,-3.4560697320551017,1.1313921070001534,0.20173065431418938,0.0005865079365079364,775.98,0.0,0.017901984126984127,-0.0017159229971027562,0.0,0.04553892833119034,50.683041430880095,49.19552782963894
2025-02-05,AIRA,759.0,78120.0,-3.533572193200326,1.475961356070694,-0.1959798798010208,0.000588095238095238,779.68,0.0,0.017951587301587302,0.009294789510006837,0.0,0.24379044956473767,53.65035043917322,52.55260735617153
2025-02-06,AIRA,747.0,84130.0,-4.562702561785493,1.393809854624288,-0.7635933354850268,0.0005869047619047619,772.0,0.0,0.017990873015873016,0.015476329126027921,0.0,0.35509111531641496,55.30630976845382,54.94110148032428
2025-02-07,AIRA,735.0,66380.0,-5.436353175278389,1.1568424394092924,-0.263424936007402,0.000590079365079365,764.0,0.0,0.01802857142857143,0.021427210884353738,0.0,0.4622387100344938,56.88947604158964,51.40886841900655
2025-02-10,AIRA,724.5,127120.0,-6.182766148562621,1.8065778450117576,-0.6173838680279559,0.0005825396825396825,757.0,0.0,0.018087698412698413,0.026770824706694275,0.0,0.5584522446699303,58.29927995815446,56.572995901852764
2025-02-11,AIRA,710.0,36780.0,-7.071583243665345,0.3536107359868219,-0.4391999824320014,0.0005805555555555556,755.0,0.0,0.01816825396825397,0.04521202772188687,0.0,0.8904922056422964,63.04843695425737,39.18723398657525
2025-02-12,AIRA,705.0,42230.0,-7.276261092641137,0.46090415952032315,0.26847108496919425,0.0005801587301587301,756.01,0.0,0.018255555555555556,0.05409905437352244,0.0,1.0505060604943048,65.25583076129668,32.77104873038551
2025-02-13,AIRA,699.0,29430.0,-7.454181138902759,-0.007278904641454634,0.599999880000024,0.0005805555555555556,759.85,0.0,0.018310714285714284,0.06874221847537301,0.0,1.3141610743719143,68.75084399153256,27.182827801004272
2025-02-14,AIRA,707.98,36170.0,-5.977453465355811,0.10930018071252669,0.7292224712317396,0.0005853174603174603,746.07,0.0,0.018349603174603175,0.03545135165462933,0.0,0.7147480040429706,60.55987396024343,38.96027568487342
2025-02-17,AIRA,706.69,25630.0,-5.8185394996232365,-0.33404419734973967,-0.04428571112244141,0.0005813492063492063,730.0,0.0,0.018396825396825398,0.01458793454034641,0.0,0.33909527690420666,55.068955497599006,42.389331174465056
2025-02-18,AIRA,750.0,119710.0,0.2142843901208048,1.2072630704256595,0.6296296179698219,0.0005996031746031746,718.01,0.0,0.018438492063492067,-0.061091825396825415,0.0,-1.023543836999292,35.1118508181128,49.077557705919524
2025-02-19,AIRA,771.17,89670.0,3.106762353882752,0.899508369137333,0.6597412520681568,0.0005916666666666667,725.0,0.0,0.01851468253968254,-0.07838475009936453,0.0,-1.3349086670810775,30.982336768815934,45.36022132718502
2025-02-20,AIRA,759.0,65910.0,1.262972015149569,0.5233187103463174,0.037037035665294975,0.000588095238095238,718.0,0.0,0.018585714285714285,-0.07260415960850744,0.0,-1.2308272229692072,32.333304163462124,49.300320073323675
2025-02-21,AIRA,776.7,37110.0,3.621511727482668,-0.11853111339972694,0.538888873919756,0.0005857142857142858,730.0,0.0,0.01863095238095238,-0.07875712722323389,0.0,-1.3416134403854392,30.89638059944938,44.09155916392493
2025-02-24,AIRA,775.5,102510.0,3.8723193216918474,0.9607727268148978,0.4499999775000011,0.0005972222222222222,733.0,0.0,0.018665079365079367,-0.07346843204077247,0.0,-1.2463887340291067,32.12936100735452,46.929323207620904
2025-02-25,AIRA,773.0,50090.0,3.203550987934879,0.18140340856106987,0.33670599568825327,0.0006238095238095239,733.0,0.0,0.01866626984126984,-0.07041271227335263,0.0,-1.1913694887292918,32.85342989569579,45.85509517018949
2025-02-26,AIRA,782.0,375880.0,4.42509848158882,2.097155247303165,-0.39500733489340384,0.0006234126984126985,735.0,0.0,0.018663492063492063,-0.07876579385377339,0.0,-1.3417694859353813,30.894381643280344,51.123704240221166
2025-02-27,AIRA,793.0,39620.0,4.7816643292075325,-0.285660384086008,0.2571428424489804,0.0005984126984126983,738.8,0.0,0.018685714285714285,-0.08703375968294005,0.0,-1.4906369458823094,29.02063303878526,46.72131933898511
2025-02-28,AIRA,795.0,169210.0,4.9428935402181065,1.166144674503461,-0.053740776936733604,0.0005837301587301588,735.89,0.0,0.018717460317460317,-0.09306966157532197,0.0,-1.599315356240268,27.69604486656052,51.47696486058151
2025-03-03,AIRA,785.0,24140.0,3.118196531144147,-0.9209175270364568,-0.5790621276411045,0.000576984126984127,725.03,0.0,0.018760714285714287,-0.09515561874431304,0.0,-1.6368737051403486,27.247049476773622,42.8049830499
2025-03-04,AIRA,765.0,24010.0,0.4699960231802748,-0.9263173279717627,-0.9047618616780065,0.0005765873015873015,726.0,0.0,0.01881666666666667,-0.0697970588235294,0.0,-1.1802844446959173,33.000318188152775,48.71420980507638
2025-03-05,AIRA,756.06,11360.0,-0.7012510685076193,-1.6303388499215525,-0.9879999012000209,0.0005829365079365079,725.0,0.0,0.0188734126984127,-0.059954808354842015,0.0,-1.0030714690125584,35.39221848149357,52.61733819890515
2025-03-06,AIRA,760.0,13640.0,-0.19445562726180815,-1.2191029486140943,-0.001004016013853701,0.0005722222222222222,720.0,0.0,0.018936507936507935,-0.07156808688387635,0.0,-1.2121723908106097,32.57867488630242,48.99205778248682
2025-03-07,AIRA,758.99,12270.0,-0.4324689785076122,-1.2045796229356038,0.8364371792358578,0.0005813492063492063,721.91,0.0,0.01899365079365079,-0.06784804940232816,0.0,-1.1451918852995868,33.46751336502652,46.3565855226789
2025-03-11,AIRA,751.0,9430.0,-1.640140712197013,-1.4032437605472785,-0.5070921536265858,0.0006182539682539682,716.55,0.0,0.01900436507936508,-0.06487653551877925,0.0,-1.0916887947956988,34.18606977550224,48.37469402767409
2025-03-12,AIRA,745.0,14450.0,-2.894387786918746,-0.9387331356117801,-0.8115941538892478,0.0006154761904761904,717.0,0.0,0.01901309523809524,-0.0565969878555449,0.0,-0.9426128000949016,36.226018728304346,49.29903384336714
2025-03-13,AIRA,730.74,171700.0,-4.924053662824948,1.5446068407316629,0.2157308430158937,0.000628968253968254,722.0,0.0,0.0190031746031746,-0.03096365302231138,0.0,-0.4810761264512943,42.83354603203281,51.28102169036942
2025-03-14,AIRA,776.51,74180.0,1.3847539217830145,0.7053530502755652,0.8242103036254594,0.0006206349206349206,715.05,0.0,0.01899920634920635,-0.09814821924021874,0.0,-1.690756467075554,26.610912434360156,46.18080767295413
2025-03-17,AIRA,787.0,51150.0,2.5029218731141722,0.287616428988519,-0.3402548211300234,0.0006202380952380952,721.98,0.0,0.018999603174603173,-0.10161713811742398,0.0,-1.7532154990408013,25.885479450517877,45.37391731449515
2025-03-18,AIRA,776.0,73520.0,0.7914875349044725,0.4941217690797293,-0.8461538136094686,0.0006238095238095239,725.0,0.0,0.019001984126984128,-0.08472363361152022,0.0,-1.4490423617348676,29.537387482754298,47.364270497338
2025-03-19,AIRA,775.98,67060.0,0.612185239093652,0.28124061553723073,0.1959999804000056,0.0006373015873015873,728.65,0.0,0.018990873015873013,-0.07998471306329696,0.0,-1.3637165295433955,30.613952835946538,47.67448366404018
2025-03-20,AIRA,779.68,48920.0,0.8386043482960234,-0.0341603936031703,0.15513125257507332,0.0006376984126984128,737.0,0.0,0.018980555555555553,-0.07372096187609725,0.0,-1.2509356172555708,32.06989933405522,47.673397093436876
2025-03-26,AIRA,772.0,92670.0,-0.1995113282883686,0.6269704453833258,-0.9999999614495003,0.0006261904761904761,754.0,0.0,0.01897420634920635,-0.042290268525372154,0.0,-0.685015585633373,39.86701223378319,50.714723485592806
2025-03-27,AIRA,764.0,250160.0,-1.3048397416615838,1.6200258534253003,0.3472137099976787,0.0006277777777777778,760.11,0.0,0.01896269841269841,-0.024054321449347608,0.0,-0.35667132574810834,44.67025521903801,49.511749909595146
2025-03-28,AIRA,757.0,51220.0,-2.0109820685433393,0.011783306262291104,-0.06666666222222252,0.0006416666666666667,770.0,0.0,0.018943650793650794,-0.001770599274496236,0.0,0.04455446386881829,50.668277160591515,47.83074127248717
2025-03-31,AIRA,755.0,56680.0,-2.1841731309496537,0.11307448812899533,-0.11172873197727948,0.0006611111111111111,761.99,0.0,0.018907539682539682,-0.009649261536844306,0.0,-0.09730345656887313,48.54086257968308,48.055068770469376
2025-04-01,AIRA,756.01,35650.0,-1.9744769288618826,-0.3616966791205198,0.0,0.0006674603174603175,757.73,0.0,0.018874603174603172,-0.016599500993415058,0.0,-0.2224448172494713,46.6682720600694,47.29849098412145
2025-04-02,AIRA,759.85,50090.0,-1.0204837733322323,0.00109862541050724,0.591013790840225,0.0006357142857142858,750.0,0.0,0.018866666666666667,-0.03182975148603894,0.0,-0.4966705158117611,42.6045907711113,44.75681776671618
2025-04-03,AIRA,746.07,11700.0,-2.679573784787379,-1.4647536368883072,-0.6356082708837767,0.0006242063492063491,756.69,0.0,0.01886190476190476,-0.0046273155142470285,0.0,-0.00688165708134582,49.896775290432785,49.28430723533549
2025-04-04,AIRA,730.0,53430.0,-4.224982582292052,0.07629862651606263,-0.6689069448564963,0.0006285714285714285,750.04,0.0,0.01885436507936508,0.00859768971515542,0.0,0.23123893714520524,53.463030640945505,46.06282835025919
2025-04-07,AIRA,718.01,96670.0,-5.558231487774844,0.646955809293836,-0.6515540162088957,0.0006412698412698412,751.02,0.0,0.018837301587301587,0.027136988464368992,0.0,0.5650451442604638,58.39541712869804,45.2663966104017
2025-04-08,AIRA,725.0,9030.0,-4.2142533388447045,-1.7348884711225663,-0.1011089301298848,0.0006678571428571428,757.77,0.0,0.01880436507936508,0.026395634920634896,0.0,0.5516968284523573,58.20070749028526,48.821477162297654
2025-04-09,AIRA,718.0,43920.0,-5.111004426103965,-0.1530765222205977,-0.8823528892733594,0.0006591269841269841,754.99,0.0,0.018780555555555557,0.03273755029402663,0.0,0.6658851127706972,59.85749888672056,47.66185181455137
2025-04-10,AIRA,730.0,8910.0,-3.3502590733061957,-1.7482663746120195,-0.16666665277777895,0.0006309523809523809,747.85,0.0,0.01877222222222222,0.005679832572298357,0.0,0.17870195400809508,52.67796422707747,49.168696494844895
2025-04-11,AIRA,733.0,12680.0,-2.925686946849523,-1.3954168024839908,0.3350041491224589,0.0006313492063492063,751.99,0.0,0.0187531746031746,0.007154055956170569,0.0,0.20524583373449948,53.074802627397276,46.34198294938993
2025-04-14,AIRA,733.0,40590.0,-2.901303171834119,-0.23192446472809986,-0.557848153437868,0.000625,750.0,0.0,0.018741666666666667,0.004450693497044109,0.0,0.15657089833668347,52.34683778600036,46.38039357906558
2025-04-15,AIRA,735.0,5070.0,-2.5623040363715552,-2.3120941528624366,-0.6666666111111158,0.0006206349206349206,751.95,0.0,0.018732936507936507,0.004328287981859472,0.0,0.1543669465418236,52.31385032169346,52.99392888456518
2025-04-16,AIRA,738.8,23970.0,-2.5092426990043735,-0.747542462095392,0.20300749335744284,0.0006206349206349206,752.97,0.0,0.018727380952380954,0.00045236999510155085,0.0,0.08457976096640624,51.268424207023614,45.834419345409216
2025-04-17,AIRA,735.89,14190.0,-2.674757089770372,-1.249533460944239,-0.47475680987694435,0.0006154761904761904,749.0,0.0,0.01871388888888889,-0.0008987262966536208,0.0,0.06025282526624034,50.903693957941044,47.818871432580714
2025-04-18,AIRA,725.03,20840.0,-3.8842094044124207,-0.8008548008643754,-0.4583333025313676,0.0006202380952380952,749.01,0.0,0.018687698412698413,0.014386795056537366,0.0,0.33547369395764204,55.01518417631597,45.76305121167188
2025-04-21,AIRA,726.0,6610.0,-3.4717480282074926,-1.855132696951373,0.4672896884319295,0.0006325396825396825,749.51,0.0,0.018651984126984125,0.013730935983208698,0.0,0.3236647343723041,54.83977030284017,47.51360328994655
2025-04-22,AIRA,725.0,27120.0,-3.36050213156466,-0.3404671193488452,0.22898995921434556,0.0006396825396825397,740.0,0.0,0.018605952380952383,0.00208370279146141,0.0,0.11395244763928875,51.70862116484851,44.7687424838055
2025-04-23,AIRA,720.0,33740.0,-3.7276621227635873,0.07235390402561473,-0.8243366125949978,0.0006353174603174604,738.93,0.0,0.018582142857142856,0.0077095238095237426,0.0,0.21524721619294565,53.224228001757254,48.13406227085828
2025-04-24,AIRA,721.91,62770.0,-2.988892331604429,0.7240475669266186,0.15166665402777355,0.0006384920634920634,738.93,0.0,0.018568650793650793,0.0050076952882707505,0.0,0.16659989985399584,52.496919744292846,48.12772441607135
2025-04-25,AIRA,716.55,8760.0,-2.455030841453867,-1.2452303564645464,-0.5593704493032371,0.000628968253968254,750.0,0.0,0.018556746031746032,0.028125271971184748,0.0,0.5828395157427577,58.65457273862616,48.08128097285884
2025-04-28,AIRA,717.0,5030.0,-2.114146822136413,-1.6250166498934404,-0.05191873198505075,0.0006242063492063491,748.92,0.0,0.018550396825396824,0.025968431626485967,0.0,0.544004891814622,58.08838990100583,48.91359692311278
2025-04-29,AIRA,722.0,9440.0,-1.1112787010024905,-0.8643264186941271,0.8387621466806051,0.000619047619047619,773.0,0.0,0.018551190476190475,0.05208592863738294,0.0,1.0142590656366735,64.7611207894476,46.20671661401397
2025-04-30,AIRA,715.05,32180.0,-1.8162882468356967,0.608286776477997,-0.5444443839506341,0.0006166666666666666,768.0,0.0,0.01855634920634921,0.055494416474372484,0.0,1.075630016731155,65.59681532495512,49.08512425349849
2025-05-02,AIRA,721.98,39600.0,-0.3432184636707171,0.8157706231483797,0.28383231833339384,0.0006206349206349206,748.37,0.0,0.01855436507936508,0.01799789398598297,0.0,0.4004927247992126,55.97865025492577,48.08658879593537
2025-05-05,AIRA,725.0,20290.0,0.16120443535957568,-0.09915586539924984,-0.39660335698268473,0.0006261904761904761,752.17,0.0,0.01854404761904762,0.018931814449917844,0.0,0.4173082717101575,56.22712511380343,46.288120432855706
2025-05-06,AIRA,728.65,77030.0,0.7470999369963619,1.320603425417161,0.44550895535874346,0.0006261904761904761,713.59,0.0,0.01853373015873016,-0.039202089453315964,1.0,-0.6294118998154548,40.66945034205901,49.53686391893576
2025-05-08,AIRA,737.0,53540.0,1.643254207471492,0.9568376850429294,0.15972587455319417,0.0006273809523809525,715.88,0.0,0.018521825396825398,-0.04717854181473585,1.0,-0.7730305633376695,38.6080399766355,49.98205571334722
2025-05-12,AIRA,754.0,92160.0,3.8204001944249626,1.4142411259831633,0.8899388054508715,0.0006198412698412699,746.91,0.0,0.018517460317460318,-0.02792064334133304,1.0,-0.42628573046258517,43.64034649655799,47.285450404487065
2025-05-13,AIRA,760.11,101470.0,3.958750832518644,1.5104780062498844,0.13999999391304493,0.0006162698412698412,738.98,0.0,0.018517063492063494,-0.046315671588260096,1.0,-0.7574942994568808,38.82921973556968,53.29464642577639
2025-05-14,AIRA,770.0,30910.0,4.697122153182847,0.19063791993936782,0.8666666088888928,0.0006226190476190475,735.95,0.0,0.018509920634920636,-0.06273069985569979,1.0,-1.0530523138006669,34.70953921276088,48.134883723854124
2025-05-15,AIRA,761.99,37450.0,3.3889699732703367,0.25519349856678714,-0.45636359487603523,0.000625,735.0,0.0,0.0185,-0.05392041234136932,1.0,-0.8944201725025325,36.89667314220666,41.87265760386676
2025-05-16,AIRA,757.73,48270.0,2.5932337901804807,0.508996829354054,0.01708278505988614,0.0006345238095238095,732.2,0.0,0.018480555555555556,-0.05217329571365933,1.0,-0.8629627596428032,37.33720387569312,49.825882244841324
2025-05-19,AIRA,750.0,62280.0,1.3730439710053588,0.6802246661067062,-0.6028083648136018,0.0006277777777777778,729.2,0.0,0.018469444444444445,-0.04620277777777772,1.0,-0.7554616090518292,38.85819212338971,46.307858220409706
2025-05-20,AIRA,756.69,86020.0,2.1614161175917985,0.9592843890019422,0.9499582193529502,0.0006194444444444444,728.0,0.0,0.018465873015873015,-0.056381003386302184,1.0,-0.9387239282746137,36.27994227140595,47.17298653734527
2025-05-21,AIRA,750.04,30220.0,1.0331823302800893,-0.16370100796940606,-0.40788696834097066,0.000621031746031746,725.1,0.0,0.018460317460317458,-0.05171187737712182,1.0,-0.854654769847906,37.45390420607072,45.43793468702812
2025-05-22,AIRA,751.02,113790.0,1.0718201682082622,1.1621486309477569,-0.42734633504781744,0.0006242063492063491,728.0,0.0,0.018451984126984126,-0.04910363122027057,1.0,-0.8076924349387499,38.116284524925945,49.52375993765126
2025-05-23,AIRA,757.77,71570.0,1.836565231498094,0.6193680280399207,0.04091213675975038,0.0006349206349206349,723.51,0.0,0.018432539682539682,-0.06364414742631416,1.0,-1.0694992394945724,34.48624563289642,49.75557845071746
2025-05-26,AIRA,754.99,44940.0,1.2626611293672192,0.0226169719386994,0.5515308084721485,0.0006353174603174604,718.2,0.0,0.018413492063492062,-0.06714261430352168,1.0,-1.1324902929748741,33.637420666824,44.17976950797461
2025-05-27,AIRA,747.85,15080.0,0.13695042582034456,-1.128336163964386,-0.08666666088888625,0.0006226190476190475,715.05,0.0,0.01840793650793651,-0.06226699915418919,1.0,-1.0447032292693814,34.82315026041921,48.91940438047391
2025-05-28,AIRA,751.99,28800.0,0.47447039205782626,-0.3837016852466608,0.7329772541403706,0.0006123015873015872,714.61,0.0,0.01841111111111111,-0.06811921893169383,1.0,-1.1500743823836053,33.402314528275824,44.33679291001414
2025-05-29,AIRA,750.0,72290.0,0.15751822743213137,0.5366077011861669,0.42067873554233015,0.0006134920634920636,717.99,0.0,0.01841309523809524,-0.061093095238095224,1.0,-1.0235667009114413,35.111538267744066,46.55856567462431
2025-05-30,AIRA,751.95,69520.0,0.3871140972889442,0.3999062720057824,0.7131146956463376,0.000611904761904762,727.0,0.0,0.018416666666666668,-0.05159706429948806,1.0,-0.8525875224028654,37.48296507178935,45.4519243606489
2025-06-02,AIRA,752.97,51370.0,0.46892410772276644,0.009093183896172091,0.879736336100794,0.0006150793650793651,726.79,0.0,0.018419047619047616,-0.05318802911897466,1.0,-0.8812333702976873,37.08108057682517,45.567383987967894
2025-06-03,AIRA,749.0,27210.0,-0.21032932349604494,-0.6563700923807436,0.38674881458021265,0.000601984126984127,733.13,0.0,0.018440079365079364,-0.039628330366414485,1.0,-0.6370865084640045,40.55838799625441,45.31824223375361
2025-06-04,AIRA,749.01,23840.0,-0.3365510372810275,-0.7885895193190838,-0.9955553343210408,0.000594047619047619,745.1,0.0,0.018468253968253967,-0.023688477997305606,1.0,-0.35008419336645485,44.767959967147576,50.400089115612865
2025-06-05,AIRA,749.51,95360.0,-0.3257620076157051,0.5977030561838709,0.0029498520722905336,0.0005968253968253967,744.1,0.0,0.018492460317460317,-0.025710509442888888,1.0,-0.38649153846879153,44.22846757456006,48.85432668353662
2025-06-09,AIRA,740.0,89430.0,-1.7669545197532637,0.5335000815582601,-0.7333332844444478,0.0005936507936507937,738.0,0.0,0.018519444444444443,-0.021222147147147145,1.0,-0.30567709050245523,45.42765345644415,49.25740305322174
2025-06-10,AIRA,738.93,50550.0,-1.8743416580264474,-0.11701329407793318,-0.12878048152290822,0.0006115079365079366,741.0,0.0,0.018528174603174605,-0.015726826708245382,1.0,-0.20673202804853855,46.90298937482724,47.76361046889331
2025-06-11,AIRA,738.93,71000.0,-1.7834650000071677,0.33163854719845526,-0.056994808809213794,0.000625,737.01,0.0,0.01852301587301587,-0.021121367543674743,1.0,-0.3038625204022172,45.454645732728125,48.368405859758056
2025-06-12,AIRA,750.0,28280.0,-0.10574001130881142,-0.5888852890186589,0.46666663555555765,0.0006170634920634921,741.75,0.0,0.018526984126984128,-0.029526984126984127,1.0,-0.4552084277148466,43.214005963603874,44.71535051254226
2025-06-13,AIRA,748.92,48330.0,-0.1762690639176056,-0.05298846575324253,0.06389529916124924,0.0006178571428571429,740.7,0.0,0.018529761904761907,-0.02950556706419137,1.0,-0.45482280641411094,43.219683825731245,47.805091030478316
2025-06-16,AIRA,773.0,79900.0,3.094733095533855,0.449734440587338,0.8407362608748988,0.0006198412698412699,750.97,0.0,0.01852857142857143,-0.04702792459804099,1.0,-0.7703186505241764,38.646614151152,44.61622908111407
2025-06-17,AIRA,768.0,128479.99999999999,2.254908274897176,0.8157963113228344,-0.07775211102755036,0.0006218253968253969,748.93,0.0,0.01852777777777778,-0.043358506944444514,1.0,-0.7042495717613796,39.590678029065444,50.18692421474237
2025-06-18,AIRA,748.37,139970.0,-0.6007609805082872,0.8396936770943161,0.8479783909445642,0.0006186507936507937,745.0,0.0,0.018526984126984128,-0.023030104241366058,1.0,-0.33822995608880535,44.94389124951262,48.930784564499184
2025-06-19,AIRA,752.17,82070.0,0.003553072494841789,0.3058384020114843,-0.20028009801961028,0.0006158730158730159,736.99,0.0,0.018527777777777775,-0.038709385658974776,1.0,-0.6205406050030065,40.797949314464795,48.3303690167747
2025-06-20,AIRA,713.59,450260.0,-5.132016254326407,1.8576217469944831,0.9443206601157762,0.0006158730158730159,738.0,0.0,0.01852857142857143,0.015678746499090068,0.0,0.3587357070817306,55.36035662906892,60.2935240697665
2025-06-23,AIRA,715.88,125430.0,-3.5012013533781685,0.5795446650141914,0.09565217044738455,0.0006154761904761904,738.9,0.0,0.018528968253968253,0.013627259046696639,0.0,0.32179799683219684,54.81203009068973,48.03892573844657
2025-06-24,AIRA,746.91,40220.0,1.0292806558631848,-0.5578373471585762,-0.029999995000011444,0.0006154761904761904,748.04,0.0,0.018528968253968253,-0.017016068440068324,0.0,-0.2299452519345164,46.556282067629276,48.5878461747634
2025-06-25,AIRA,738.98,90610.0,-0.01193054304270098,0.254361660911298,-0.00380228112786213,0.0006158730158730159,749.89,0.0,0.018528571428571426,-0.003764978367866172,0.0,0.008645008515981576,50.12967483699783,48.446589011680814
2025-06-26,AIRA,735.95,61890.0,-0.4113528710139089,-0.14636455519716896,-0.0175879374889365,0.0006154761904761904,750.0,0.0,0.018528571428571426,0.0005623994254267441,0.0,0.0865608772591389,51.298121375654915,47.95192653123693
2025-06-27,AIRA,735.0,79140.0,-0.49842638671982376,0.09949494710120045,0.8180163040931482,0.0006150793650793651,760.0,0.0,0.01852857142857143,0.015485034013605445,0.0,0.3552478496969827,55.3086342936134,45.84562265061378
2025-06-30,AIRA,732.2,100320.0,-0.7961788835625002,0.28994375803952194,-0.9499998812500036,0.0006150793650793651,772.77,0.0,0.01852857142857143,0.03687978694345798,0.0,0.7404674539705849,60.92785076478614,49.84074426056482
2025-07-01,AIRA,729.2,77220.0,-1.0908971756515855,-0.02935003660962359,0.3643319492545072,0.0006166666666666666,768.0,0.0,0.018526984126984128,0.034682012033191344,0.0,0.7008957896475044,60.36118554656017,45.272930631887554
2025-07-02,AIRA,728.0,154470.0,-1.1522680149858764,0.6639907639168454,0.8973019626935651,0.0006158730158730159,759.0,0.0,0.018526190476190477,0.024056227106227106,0.0,0.5095750168354867,57.58463280484083,49.04728421650109
2025-07-03,AIRA,725.1,14010.0,-1.4364470644428262,-1.7544866395560577,-0.6891190519656273,0.0006154761904761904,755.47,0.0,0.01852579365079365,0.023358084434987627,0.0,0.4970047270815848,57.4003126529506,50.43637203683837
2025-07-04,AIRA,728.0,82970.0,-1.010994795585831,0.024215114693704916,0.0,0.0006158730158730159,748.21,0.0,0.018525,0.00923598901098906,0.0,0.24273172712765298,53.63455388208303,47.84867778716854
2025-07-08,AIRA,723.51,34520.0,-1.4899523224493285,-0.85272342858089,-0.8986401855821856,0.0006154761904761904,750.0,0.0,0.018524603174603173,0.01808857425210829,0.0,0.4021254529894727,56.00278959807581,49.96244630057067
2025-07-09,AIRA,718.2,52160.0,-2.152920880909528,-0.4216920050059766,-0.13333332222221558,0.0006162698412698412,744.98,0.0,0.0185234126984127,0.018764250905040337,0.0,0.41429123465158374,56.182566498685894,47.489702276230034
2025-07-10,AIRA,715.05,107890.0,-2.50863588464844,0.30510330625354615,-0.4842577984621219,0.0006170634920634921,740.04,0.0,0.01852142857142857,0.016427176421229303,0.0,0.3722114354240156,55.56008168081229,47.78646021897672
2025-07-11,AIRA,714.61,32800.0,-2.4089254187284386,-0.9038336427949863,-0.8286557733636842,0.0006154761904761904,739.0,0.0,0.018521031746031747,0.015609473004811348,0.0,0.35748841490031624,55.34186153911409,49.44000586116766
2025-07-14,AIRA,717.99,25230.0,-1.8743001948292402,-1.1662274846116234,-0.6378525352272475,0.0006154761904761904,746.98,0.0,0.018521031746031744,0.021855575170499138,0.0,0.46995155071720285,57.0029357412534,48.216294486712854
2025-07-15,AIRA,727.0,57450.0,-0.5612281996753063,-0.3433484524250826,0.4454664621901116,0.0006154761904761904,755.84,0.0,0.018522619047619048,0.021147257155957336,0.0,0.4571980505409549,56.81528627297687,44.65824565926876
2025-07-16,AIRA,726.79,14550.0,-0.3377903959136551,-1.7119642336030994,0.0979591636817843,0.0006174603174603175,741.2,0.0,0.018528174603174605,0.001298735508412075,0.0,0.09981885202659692,51.496835381949055,49.78090002299972
2025-07-17,AIRA,733.13,24560.0,0.9121499309196877,-1.1578922114207337,0.3020908217670597,0.000623015873015873,745.07,0.0,0.01853531746031746,-0.0022489835222709274,0.0,0.03594099722946498,50.53909406727563,47.76243271428055
2025-07-18,AIRA,745.1,81960.0,2.799881082379291,0.16411333105076006,0.9999999502487587,0.0006222222222222223,746.0,0.0,0.01853452380952381,-0.017326632251343732,0.0,-0.23553705609666145,46.47281261323626,46.512008069576154
2025-07-21,AIRA,744.1,58600.0,2.7102482039960583,-0.17138288044201638,0.002441008751746465,0.000621031746031746,747.8,0.0,0.01853611111111111,-0.013563661171586945,0.0,-0.16778351694668117,47.48537059042877,48.80602314203159
2025-07-22,AIRA,738.0,18530.0,1.2261836023543344,-1.1790260822921208,0.14285713265306196,0.0006206349206349206,745.99,0.0,0.018536507936507938,-0.007709949670925269,0.0,-0.06238550486352565,49.064326672344464,49.477939598431746
2025-07-23,AIRA,741.0,58870.0,1.428388843935963,0.01445765592491436,-0.7979797173757858,0.0006202380952380952,745.5,0.0,0.018544444444444443,-0.012471569950517318,0.0,-0.148120053227775,47.77966040680198,45.33790971918499
2025-07-24,AIRA,737.01,16450.0,0.8870817249056103,-1.2727076374684336,0.07846153242603457,0.0006198412698412699,747.45,0.0,0.018553174603174603,-0.004387830849358433,0.0,-0.0025696564641638003,49.96145516067305,49.78182937405599
2025-07-25,AIRA,741.75,265650.0,1.615397942054567,1.5213049238171696,0.17721516744111568,0.000621031746031746,753.0,0.0,0.018563095238095236,-0.003396260051037603,0.0,0.015283903789174574,50.229256950222876,50.991725147574755
2025-07-28,AIRA,740.7,33710.0,1.189512297293276,-0.543078579266043,-0.23209165729344258,0.0006206349206349206,750.01,0.0,0.01858174603174603,-0.006012554726224299,0.0,-0.031823347355206755,49.52266429188418,47.14406715484091
2025-07-29,AIRA,750.97,110170.0,2.5865991594947033,0.6982425951938307,0.9017608061389477,0.0006186507936507937,755.0,0.0,0.018614285714285715,-0.01324789291563867,0.0,-0.16209800503647662,47.57044477512405,45.524082778515954
2025-07-30,AIRA,748.93,88090.0,2.089569620120914,0.47457713280835606,-0.005050504625383377,0.000621031746031746,762.0,0.0,0.01864126984126984,-0.0011897056096326353,0.0,0.05501364647482846,50.82512978079223,49.59967665082874
2025-07-31,AIRA,745.0,27250.0,1.378586646882176,-0.6987266801511529,0.11012234592632505,0.0006178571428571429,764.99,0.0,0.018650396825396823,0.00818181793970386,0.0,0.2237510282502875,53.35123359774548,48.598831609468796
2025-08-01,AIRA,736.99,30450.0,0.13743993689031053,-0.3529894132653973,0.14244877834927247,0.0006166666666666666,764.0,0.0,0.01865873015873016,0.017990342420273614,0.0,0.400356756360421,55.97663987908595,47.37064626623927
2025-08-04,AIRA,738.0,23080.0,0.2542472306602729,-0.6301083170820219,0.7142856122449125,0.0006166666666666666,760.0,0.0,0.018668253968253966,0.011142044134727063,0.0,0.27705088018809854,54.14622003100904,44.47779670511407
2025-08-05,AIRA,738.9,15310.0,0.2923673862333857,-0.801228868815429,0.3111110765432087,0.0006158730158730159,759.69,0.0,0.018671031746031748,0.009465387255186385,0.0,0.2468621184035181,53.696176794770736,46.408541191388686
2025-08-06,AIRA,748.04,191840.0,1.4739138556042328,1.7524551392084855,0.3556756564499606,0.0006154761904761904,766.99,0.0,0.01867579365079365,0.006657076249211757,0.0,0.1962975497008215,52.94106421445428,51.14745664785805
2025-08-07,AIRA,749.89,60960.0,1.3951629333861468,0.6060119033221414,-0.46839073730017766,0.0006154761904761904,761.01,0.0,0.018684126984126984,-0.0038552854206976746,0.0,0.007019000154542345,50.10528484670813,46.58468912874254
2025-08-08,AIRA,750.0,134060.0,1.0479051478319081,1.3940809323694785,-0.6931216197754819,0.0006154761904761904,762.0,0.0,0.018694444444444444,-0.0026944444444444438,0.0,0.027920325959192978,50.418795095350035,50.55975492825817
2025-08-11,AIRA,760.0,103060.0,2.1945284910437683,0.8158415012233539,0.18413261195188893,0.0006150793650793651,782.0,0.0,0.018705158730158728,0.010242209690893903,0.0,0.26084906334535757,53.90476852714157,49.75815125868034
2025-08-12,AIRA,772.77,50820.0,3.6820179438801794,-0.13258380145116255,0.5020600057645651,0.0006150793650793651,800.01,0.0,0.018719047619047618,0.01653076797938401,0.0,0.37407663569855404,55.58771199228206,44.240859750918226
2025-08-13,AIRA,768.0,70990.0,2.8022618669488506,0.26049221888628826,-0.5973153961533285,0.0006150793650793651,807.0,0.0,0.018741666666666667,0.03203958333333333,0.0,0.6533179867433075,59.67618499516606,42.39224680564768
2025-08-14,AIRA,759.0,38760.0,1.4324053956659346,-0.4156463718051738,-0.37499997656250145,0.0006150793650793651,812.99,0.0,0.018757936507936508,0.05237513332078551,0.0,1.0194662916354817,64.83238861736393,45.268842193479266
2025-08-15,AIRA,755.47,49020.0,0.8888432062581941,-0.1808071737189561,0.4082840050849345,0.0006150793650793651,806.9,0.0,0.018767460317460318,0.04930936602905238,0.0,0.9642661373365029,64.07359219801015,45.03803169028892
2025-08-18,AIRA,748.21,65840.0,-0.13886847721437948,0.18518082494754473,-0.5738076997044773,0.0006150793650793651,812.77,0.0,0.018775396825396824,0.06751053894129962,0.0,1.2919842768990342,68.46426463523113,46.4626016980408
2025-08-19,AIRA,750.0,78950.0,0.07858758494963182,0.36430331142434536,-0.6999999650000017,0.0006150793650793651,822.4,0.0,0.01878968253968254,0.07774365079365077,0.0,1.4762348410992814,70.80104634674143,46.991988954531074
2025-08-20,AIRA,744.98,19440.0,-0.6138763934325345,-1.1255914626967316,-0.33777774024691376,0.0006150793650793651,831.0,0.0,0.018798809523809523,0.09666737748792231,0.0,1.8169628005410328,74.84151784941062,47.61443307616296
2025-08-21,AIRA,740.04,18000.0,-1.3100478787729082,-1.1330109397984824,-0.9839998032000539,0.0006150793650793651,824.8,0.0,0.018807539682539683,0.09572680981208223,0.0,1.8000275683807165,74.64971135609657,51.70211459953243
2025-08-22,AIRA,739.0,18920.0,-1.4518231807972548,-1.0831633304426918,-0.4261118470427788,0.0006150793650793651,823.0,0.0,0.018809920634920634,0.09485719709173701,0.0,1.784369903667269,74.47151740426564,47.39738896491363
2025-08-25,AIRA,746.98,29610.0,-0.5986364968801856,-0.5223087377985889,0.05608465311721731,0.0006154761904761904,807.6,0.0,0.018810317460317458,0.06234312707635019,0.0,1.1989433167972223,67.24673884850306,47.617364737357576
2025-08-26,AIRA,755.84,54950.0,0.5552255031707239,0.09600184450997017,0.9999999368686909,0.0006170634920634921,798.99,0.0,0.018809523809523807,0.03827927805330428,0.0,0.7656657543803634,61.28716999443097,46.874117059082465
2025-08-27,AIRA,741.2,28150.0,-1.426770148054996,-0.5728734636639488,-0.9999999275362372,0.000623015873015873,810.0,0.0,0.018805158730158728,0.07401729135079102,0.0,1.4091405065834246,69.96190150650837,50.88030831937276
2025-08-28,AIRA,745.07,48880.0,-0.907593679842727,0.10768168213491962,-0.1291248113970686,0.0006301587301587302,805.0,0.0,0.018812698412698413,0.061622696919283744,0.0,1.1859717334879019,67.07508593957694,48.16043093956126
2025-08-29,AIRA,746.0,102780.0,-0.7669056837560224,0.7417908074837825,-0.3963782297406241,0.0006214285714285714,803.99,0.0,0.018864285714285712,0.05887029873611645,0.0,1.1364138936568255,66.4151101962971,49.25021660036302
2025-09-02,AIRA,747.8,44930.0,-0.5117819097946573,-0.10531586711127262,0.20216047822834918,0.0006226190476190475,802.0,0.0,0.01891031746031746,0.05356895507244537,0.0,1.0409614472119664,65.12587688202225,46.64492221596975
2025-09-03,AIRA,745.99,33270.0,-0.7679008039163056,-0.4057650198616359,-0.8012047388348645,0.000621031746031746,801.17,0.0,0.01896468253968254,0.05500413741768948,0.0,1.0668023801223894,65.47718673016267,47.720570343603434
2025-09-04,AIRA,745.5,75880.0,-0.8335975113243485,0.41873099499168515,-0.6226412744749875,0.0006281746031746032,812.88,0.0,0.01901388888888889,0.07136840487368656,0.0,1.3614464292635557,69.35710690117844,47.81255754676839
2025-09-05,AIRA,747.45,26890.0,-0.6022896719887162,-0.6186662867818723,-0.01999999599998261,0.0006285714285714285,815.0,0.0,0.01906031746031746,0.07131362059573974,0.0,1.3604600202154924,69.34452695515793,47.93194338259294
2025-09-08,AIRA,753.0,82960.0,0.13508504208873734,0.5275587371672618,0.7777776913580343,0.0006309523809523809,815.89,0.0,0.019103968253968255,0.06441528805413266,0.0,1.2362532607105623,67.737884201448,46.38055001080971
2025-09-09,AIRA,750.01,123460.0,-0.30709032326554137,0.9251172055757109,0.338235271508333,0.0006392857142857143,813.97,0.0,0.01914404761904762,0.06613481532944646,0.0,1.2672139181533408,68.14250180760475,48.2098039955054
2025-09-10,AIRA,755.0,165420.0,0.49155162415969705,1.2176875611488838,0.9999998459168188,0.0006511904761904762,836.01,0.0,0.019174206349206347,0.08812380689582676,0.0,1.6631329856625245,73.06415161583001,50.983706292978034
2025-09-11,AIRA,762.0,757710.0,1.4783224767757528,2.7395002330354923,0.6231883665287724,0.0006480158730158729,850.05,0.0,0.019203571428571427,0.09634760967379072,0.0,1.8112052752626113,74.77641701638903,52.828867394418296
2025-09-12,AIRA,764.99,273720.0,1.3552920018459595,1.7213047537707913,0.16430357261855325,0.000626984126984127,853.9,0.0,0.019251587301587304,0.09697215418522948,0.0,1.8224504058016975,74.90346276574552,50.94781226482943
2025-09-15,AIRA,764.0,143140.0,1.0559850432123052,1.012866671363714,-0.0008340282874030534,0.000625,849.76,0.0,0.019306349206349206,0.09294495969417435,0.0,1.7499394367214025,74.07679212340066,50.06237254509677
2025-09-16,AIRA,760.0,60880.0,0.45602960621522814,0.007998379033329613,-0.6708437200631775,0.0006261904761904761,845.02,0.0,0.019361904761904764,0.0925065162907268,0.0,1.7420451181973138,73.9857313042054,45.705655721393185
2025-09-17,AIRA,759.69,37940.0,0.36902324469626263,-0.42296945938204517,-0.3099998450000229,0.0006186507936507937,847.12,0.0,0.01944047619047619,0.09564594063744039,0.0,1.7985714921383031,74.63317499618728,46.63410993375438
2025-09-18,AIRA,766.99,503400.0,1.2929405798216287,2.2717754624551394,0.057931778130382056,0.0006202380952380952,869.88,0.0,0.01950793650793651,0.1146398359532429,0.0,2.1405628608237697,78.3187247041407,50.898300075648784
2025-09-19,AIRA,761.01,170010.0,0.24323924481247866,1.0768793428759658,-0.9981800729590488,0.0006238095238095239,865.97,0.0,0.019560317460317462,0.11836165465568634,0.0,2.2075754378062715,78.99369258204769,51.986665633322836
2025-09-22,AIRA,762.0,52360.0,0.3423864184664188,-0.26693682058200363,0.0,0.0006257936507936508,873.0,0.0,0.019609920634920636,0.12605937070366202,0.0,2.3461753617939047,80.34037438035047,48.171960503011384
2025-09-23,AIRA,782.0,1100000.0,2.9509124596166685,2.77798314326266,0.8070997720328278,0.0006257936507936508,857.0,0.0,0.019659920634920634,0.07624800775382617,0.0,1.4493052933814443,70.46589581986191,55.411666441473805
2025-09-24,AIRA,800.01,269590.0,4.436537690194585,1.2221503345745655,0.7475982206288996,0.000628968253968254,862.0,0.0,0.019707142857142857,0.05777938856121442,0.0,1.1167716950648783,66.15172696286031,45.41772041056043
2025-09-25,AIRA,807.0,125040.0,5.024059364178569,0.29743245222533016,0.6551723686088022,0.0006376984126984128,862.0,0.0,0.01974404761904762,0.0484096078952027,0.0,0.9480656944802592,63.84953335016377,46.09541509236044
2025-09-26,AIRA,812.99,55610.0,5.620495328026263,-0.7100842418859814,0.5983988927018765,0.0006313492063492063,865.01,0.0,0.019788095238095237,0.044197931650304355,0.0,0.8722330703921131,62.792840090573506,51.03619791448819
2025-09-29,AIRA,806.9,79610.0,4.712481630582695,-0.35130870669720815,0.0615384568047306,0.0006246031746031746,870.46,0.0,0.019838095238095238,0.05893250830633413,0.0,1.1375339975486471,66.43009918929907,47.637797526974666
2025-09-30,AIRA,812.77,92640.0,5.297203038035169,-0.10804450260572496,0.15577077031712525,0.000623015873015873,870.0,0.0,0.01988968253968254,0.050523841581532586,0.0,0.986133171429409,64.37505005169402,47.132651820896115
2025-10-01,AIRA,822.4,348130.0,6.386109535869979,1.1699805405388743,0.7833333006944438,0.0006293650793650793,861.7,0.0,0.019934920634920635,0.0278520443456242,0.0,0.5779199619558949,58.582972088284635,47.596102842151424
2025-10-02,AIRA,831.0,105480.0,6.9480103579951695,-0.16377397807296476,0.1997713575372578,0.0006242063492063491,870.0,0.0,0.01998531746031746,0.026946090481920808,0.0,0.5616079629339755,58.34530432776227,50.54500807627643
2025-10-03,AIRA,824.8,183120.0,5.909131047855934,0.3878454189337378,-0.6388139817351042,0.0006238095238095239,861.0,0.0,0.020036111111111112,0.02385331662894714,0.0,0.5059215465656014,57.53108290049257,37.0334398327433
2025-10-06,AIRA,823.0,69840.0,5.412751576908731,-0.652302682118116,-0.2727272479338866,0.0006174603174603175,861.22,0.0,0.02009325396825397,0.026346600223726625,0.0,0.5508139425129585,58.18781989460607,38.62865702812779
2025-10-07,AIRA,807.6,223290.0,3.292940247664195,0.5099594560909109,-0.9294117100346025,0.0006158730158730159,871.94,0.0,0.02015198412698413,0.059516168423783614,0.0,1.1480429910486587,66.5705668036566,44.267466580344696
2025-10-08,AIRA,798.99,126040.0,1.929716729251017,-0.20216946667797625,-0.7151037426554222,0.0006162698412698412,871.94,0.0,0.020210317460317463,0.07109245228648794,0.0,1.3564778116409328,69.29371147451579,44.00022321173747
2025-10-09,AIRA,810.0,195610.0,3.15027315249221,0.3738892071328945,0.5007503501375505,0.0006186507936507937,875.0,0.0,0.020268253968253967,0.059978659611992946,0.0,1.1563702978928259,66.68166493825733,44.408982452882114
2025-10-10,AIRA,805.0,52150.0,1.8225242408024283,-0.9481064631809878,-0.3333333111111126,0.0006376984126984128,871.88,0.0,0.02031111111111111,0.06276963423050379,0.0,1.206622719204046,67.34814369250994,46.14901392225206
2025-10-13,AIRA,803.99,66450.0,1.4454895236094099,-0.6361732332368184,0.8946258277528107,0.000673015873015873,881.99,0.0,0.020326190476190477,0.07668994156525283,0.0,1.457262457855887,70.5651588201547,45.4173860596287
2025-10-14,AIRA,802.0,271960.0,1.0366950351323017,0.8584635715442956,-0.599999940000006,0.0006686507936507936,880.0,0.0,0.02035595238095238,0.07690090547440921,0.0,1.461060932830928,70.61247490993658,47.6733095015194
2025-10-15,AIRA,801.17,555350.0,0.8000460951817507,1.486972840201814,-0.8933601160281686,0.0006753968253968253,881.0,0.0,0.0203734126984127,0.07926836120725032,0.0,1.50368775649795,71.14039913594566,52.37876470844058
2025-10-16,AIRA,812.88,16340.0,2.13880909488757,-2.203752442640134,0.24281148866818228,0.0006773809523809523,890.0,0.0,0.020391269841269842,0.07448128207291185,0.0,1.4174948130317413,70.06713656447134,53.93284472011665
2025-10-17,AIRA,815.0,97560.0,1.9489799029409256,-0.25215638452131756,0.19520546273925493,0.0006750000000000001,879.95,0.0,0.0203984126984127,0.05929483883532969,0.0,1.1440578785887108,66.51733453194497,47.555386241370606
2025-10-20,AIRA,815.89,14430.0,1.8094143485466567,-2.0778686873162546,-0.1410658218767506,0.0006746031746031747,874.99,0.0,0.020400396825396825,0.05203583845141749,0.0,1.013357175267625,64.74877052877804,52.25127638061964
2025-10-21,AIRA,813.97,203580.0,1.4987586434764335,0.568867840145461,-0.5754109667325935,0.0006793650793650794,870.03,0.0,0.0203984126984127,0.04847390446315338,0.0,0.94922337545668,63.865564696179646,45.70751001631315
2025-10-22,AIRA,836.01,215890.0,3.2506366186140965,0.6275779353949043,0.6807999727680003,0.0006813492063492064,867.9,0.0,0.0203984126984127,0.017747064030334547,0.0,0.3959764484686723,55.91186391665379,44.17197117953475
2025-10-23,AIRA,850.05,320310.0,4.638752417524765,1.0220979704931825,0.035926595091064245,0.0006773809523809523,868.0,0.0,0.020398015873015873,0.0007183890443419848,0.0,0.08936952195189783,51.34022171770065,51.50912736200295
2025-10-24,AIRA,853.9,52350.0,4.614462598245361,-0.7935654219692045,0.7799999220000033,0.0006750000000000001,866.5,0.0,0.020403968253968254,-0.005648142044810246,0.0,-0.025261976472034257,49.62107760736988,49.182641503161044
2025-10-28,AIRA,849.76,21530.0,4.0238894339250635,-1.6820655512712968,-0.16444442617284358,0.0006797619047619047,865.99,0.0,0.020401587301587303,-0.0013020768515778665,0.0,0.05299036508916333,50.794788524985755,50.5772312104976
2025-10-29,AIRA,845.02,77960.0,3.3847874962392206,-0.3953225308084022,-0.3315543474613527,0.0006817460317460318,870.92,0.0,0.020396825396825396,0.010253336729514784,0.0,0.26104940935675236,53.90775537497417,42.894918434912064
2025-10-30,AIRA,847.12,113130.0,3.5400726579902724,-0.02298145007835788,-0.05418059838256486,0.0006972222222222222,876.0,0.0,0.02037579365079365,0.013716188594933038,0.0,0.32339920276769774,54.83582461623615,48.13977360286769
2025-10-31,AIRA,869.88,121890.0,6.243587651378904,0.10897671802115393,0.9899916184323758,0.0006876984126984126,890.0,0.0,0.02036309523809524,0.002766531836903615,0.0,0.12624701049468606,51.89280020299824,57.77631961564427
2025-11-03,AIRA,865.97,23670.0,5.553665870126135,-1.602309954248696,0.6638855516930646,0.0006761904761904762,885.0,0.0,0.02036190476190476,0.001613452352082989,0.0,0.10548543291092136,51.581753515393224,51.03765477785329
2025-11-04,AIRA,873.0,66900.0,6.398038376884628,-0.4540409367099647,0.8075948958179823,0.0006753968253968253,833.96,0.0,0.020361507936507938,-0.06508086647029943,0.0,-1.0953678411741976,34.13642177526336,57.69449796182672
2025-11-05,AIRA,857.0,121040.0,4.298437065782816,0.13888021663733022,-0.8724399723557617,0.0006757936507936508,809.0,0.0,0.020360317460317464,-0.07636965234946566,0.0,-1.2986261654633304,31.449756892535213,42.50878113599293
2025-11-06,AIRA,862.0,120740.0,4.561642729862971,0.13639862962469115,-0.08108107560263335,0.0006761904761904762,803.03,0.0,0.020358730158730163,-0.08876940301255849,0.0,-1.5218877782143256,28.63592246767668,46.358526173678555
2025-11-07,AIRA,862.0,29200.0,4.203012567474524,-1.283068591535691,0.23140070644429359,0.0006746031746031747,826.0,0.0,0.02035873015873016,-0.06212207122601554,0.0,-1.0420937539778323,34.85869447997957,50.21468887853067
2025-11-10,AIRA,865.01,70990.0,4.350966634427906,-0.21206644904158237,0.17924527245015828,0.0006753968253968253,858.0,0.0,0.02035873015873016,-0.028462682714191938,0.0,-0.43604532868734747,43.49637492344287,47.27458432270987
2025-11-11,AIRA,870.46,312640.0,4.821832257588767,1.2704454950651742,0.8230382599268441,0.0006746031746031747,893.95,0.0,0.020359920634920637,0.0066258110471784926,0.0,0.19573460939511772,52.93264924248021,45.38664986990307
2025-11-12,AIRA,870.0,93200.0,4.133350691337181,-0.12249278171021043,-0.011122344679238536,0.0006746031746031747,913.98,0.0,0.02036230158730159,0.030189422550629466,0.0,0.6200052297840416,59.19429183414259,47.762460635445926
2025-11-13,AIRA,861.7,166090.0,2.5688487037879506,0.5546603061117346,0.07442640881777458,0.0006746031746031747,904.0,0.0,0.02036309523809524,0.02872591485822593,0.0,0.5936542896274755,58.811845208335335,49.81295195712782
2025-11-14,AIRA,870.0,281100.0,2.1992482047342246,1.0808407824944106,0.7613635882977555,0.0006746031746031747,906.98,0.0,0.02036626984126984,0.02213947728516696,0.0,0.47506330221175647,57.07809169671678,47.11174944082881
2025-11-17,AIRA,861.0,56510.0,0.865530335197765,-0.6228220292926074,-0.8165303527220403,0.0006746031746031747,894.0,0.0,0.02036626984126984,0.017961256291134337,0.0,0.3998330509830503,55.96889639430764,46.676552358629145
2025-11-18,AIRA,861.22,112270.0,0.6925223409690842,0.08457693863203737,-0.7605633037662576,0.0006746031746031747,909.98,0.0,0.02036626984126984,0.03625108693168015,0.0,0.7291475022731789,60.766042845528375,46.0296036739862
2025-11-19,AIRA,871.94,244280.0,1.888949438581693,0.7735850705238991,0.456010714841462,0.0006746031746031747,,0.0,,,0.0,,,47.06050590865911
2025-11-20,AIRA,871.94,185350.0,1.3262452868600556,0.4975160526505322,-0.007499999531243208,0.0006746031746031747,,0.0,,,0.0,,,49.34275610532342
2025-11-21,AIRA,875.0,98850.0,1.3451210581133166,-0.13112571036038423,0.014198782241439658,0.0006765873015873017,,0.0,,,0.0,,,48.58413066506016
2025-11-24,AIRA,871.88,51410.0,0.7169518801791633,-0.7194456233096824,0.5235954467870263,0.0006805555555555554,,0.0,,,0.0,,,44.577463876735294
2025-11-25,AIRA,881.99,81290.0,1.8383723744722795,-0.2612561688942785,0.7823497140038067,0.0006880952380952381,,0.0,,,0.0,,,44.181426569480735
2025-11-26,AIRA,880.0,100640.0,1.5291717547816641,-0.04772966244828008,0.325842660017677,0.0006984126984126985,,0.0,,,0.0,,,46.010790274867574
2025-11-27,AIRA,881.0,20410.0,1.499901494847926,-1.6516925302454912,0.42857139795918586,0.0006928571428571428,,0.0,,,0.0,,,48.73116483743113
2025-11-28,AIRA,890.0,112650.0,2.4054393938616676,0.12166860224143151,0.7273355898037626,0.0006952380952380952,,0.0,,,0.0,,,43.82059152170224
2025-12-01,AIRA,879.95,5000.0,1.1371493884263106,-2.853475959039239,-0.18235293044982226,0.0006821428571428573,,0.0,,,0.0,,,52.96959583662221
2025-12-02,AIRA,874.99,87080.0,0.5598213711774723,-0.13578952292150487,0.2508861657784105,0.0006765873015873017,,0.0,,,0.0,,,46.59487927217225
2025-12-03,AIRA,870.03,57620.0,-0.02152776803966704,-0.5487463380556036,-0.9955521871347567,0.0006773809523809523,,0.0,,,0.0,,,49.732738154986315
2025-12-04,AIRA,867.9,62510.0,-0.3458502973270002,-0.429281391728285,0.09629628916323447,0.0006813492063492064,,0.0,,,0.0,,,47.473218511793604
2025-12-05,AIRA,868.0,97870.0,-0.37992343881177393,0.082275952516862,-0.26265821399482037,0.0006769841269841269,,0.0,,,0.0,,,47.6671819479476
2025-12-08,AIRA,866.5,135730.0,-0.549488981049206,0.3511745896889758,-0.30609095558281135,0.0006809523809523809,,0.0,,,0.0,,,48.11121883353607
2025-12-09,AIRA,865.99,93850.0,-0.5981632904379239,-0.04693639660361917,-0.11135856220951401,0.0006773809523809523,,0.0,,,0.0,,,48.024515107602014
2025-12-10,AIRA,870.92,86140.0,-0.018501269276535164,-0.10691478793453439,-0.0356756737472653,0.0006769841269841269,,0.0,,,0.0,,,48.134323144174076
2025-12-11,AIRA,876.0,94640.0,0.5599878422664724,-0.012808559694867057,-0.08607377506223088,0.0006761904761904762,,0.0,,,0.0,,,48.32759654282636
2025-12-12,AIRA,890.0,182420.0,2.0521536175532997,0.6604134166308439,0.46272096607528845,0.0006750000000000001,,0.0,,,0.0,,,46.39915041802794
2025-12-15,AIRA,885.0,114840.0,1.2511790783592152,0.1976418936279192,-0.43901065548000595,0.0006750000000000001,,0.0,,,0.0,,,45.58571309549475
2025-12-17,AIRA,833.96,140890.0,-4.695593388314428,0.38097819097192104,-0.5637499911914052,0.0006750000000000001,,0.0,,,0.0,,,45.641161282744335
2025-12-18,AIRA,809.0,52130.0,-7.329520857090283,-0.6132594182077264,-0.26382305087819574,0.0006746031746031747,,0.0,,,0.0,,,37.666064528672884
2025-12-19,AIRA,803.03,100670.0,-7.454181138902759,0.06595000319439694,-0.6320582302314949,0.0006746031746031747,,0.0,,,0.0,,,41.13253943059887
2025-12-22,AIRA,826.0,114730.0,-4.77257295014229,0.19668359899360907,0.9999999374217812,0.0006746031746031747,,0.0,,,0.0,,,46.758540412429056
2025-12-23,AIRA,858.0,287170.0,-0.7321613732103295,1.1141759614823497,0.2717536768448182,0.0006753968253968253,,0.0,,,0.0,,,48.76512641854543
2025-12-24,AIRA,893.95,70370.0,3.5574206083468236,-0.3132334963359291,0.8940873806147231,0.0006757936507936508,,0.0,,,0.0,,,46.93384899825621
2025-12-25,AIRA,913.98,123970.0,5.839039108114931,0.25303844670336534,0.19185535910382132,0.0006769841269841269,,0.0,,,0.0,,,46.984396370350666
2025-12-26,AIRA,904.0,52440.0,4.411039121659953,-0.6073303752820681,-0.6871165117241986,0.0006753968253968253,,0.0,,,0.0,,,41.226169454851
2025-12-29,AIRA,906.98,80410.0,4.656511257306067,-0.17986216114784137,-0.3719704756601403,0.0006777777777777777,,0.0,,,0.0,,,38.93629781494447
2025-12-30,AIRA,894.0,135510.0,3.1230715955039217,0.36314733416080264,0.32440811267745007,0.0006746031746031747,,0.0,,,0.0,,,46.49130335580372
2025-12-31,AIRA,909.98,57530.0,4.765764946104964,-0.5146936098920035,0.38681362754003706,0.0006746031746031747,,0.0,,,0.0,,,46.61691056590408
2025-01-05,KCEL,3411.59,8280.0,-0.8098634446203746,2.128918879873377,0.1483097028660598,0.0005726190476190476,3398.0,0.0,0.01756706349206349,-0.021550543335772773,0.0,-0.31158997251806414,45.33971628391537,49.77666225222283
2025-01-06,KCEL,3380.0,3360.0,-1.7169808856445166,1.227024275690507,-0.9999999749874945,0.0005674603174603176,3427.0,0.0,0.01759920634920635,-0.003693880905419368,0.0,0.009925141847664033,50.14887668774691,55.550321781676885
2025-01-08,KCEL,3432.6,250880.0,-0.1764680729853348,4.104982775960408,0.3718518490973924,0.0005678571428571428,3424.99,0.0,0.017623015873015874,-0.01983999425674836,0.0,-0.2807909704696259,45.798069600136344,49.51794278506799
2025-01-09,KCEL,3399.99,16960.0,-1.0825526987536143,2.8459205440022415,0.18332748064739837,0.0005825396825396825,3429.95,0.0,0.017628571428571427,-0.00881678080565782,0.0,-0.08231436560416305,48.765535434909005,49.607753017823676
2025-01-10,KCEL,3412.0,19220.0,-0.5612641540738696,2.97103901319311,0.5555555246913597,0.0006321428571428572,3433.5,0.0,0.01758214285714286,-0.011280853290906046,0.0,-0.1266808058608459,48.100702223489236,50.722452283115246
2025-01-13,KCEL,3418.01,1540.0,-0.3707097869577559,0.4468858960567814,-0.7731647334748968,0.0005884920634920634,3401.5,0.0,0.017590873015873015,-0.022421169006815178,0.0,-0.3272658757439168,45.10672429792098,48.14478840156025
2025-01-14,KCEL,3420.0,1330.0,-0.31189663460479017,0.15414719500644655,-0.6295610181596388,0.0005805555555555556,3429.97,0.0,0.01763412698412698,-0.014718922305764466,0.0,-0.18858437584884588,47.174248575513865,46.602729205478234
2025-01-15,KCEL,3434.5,1090.0,0.11112768748415018,-0.16067859015527816,0.36069291893806854,0.0005857142857142858,3407.0,0.0,0.017671825396825398,-0.025678813313552724,0.0,-0.3859208391744405,44.23691416885224,45.411114125727075
2025-01-16,KCEL,3439.01,1750.0,0.2416291762899113,0.312749866167551,0.5931372427872431,0.0005837301587301588,3416.0,0.0,0.017686507936507938,-0.02437738699763315,0.0,-0.3624882278209218,44.584009234377696,45.13205598120651
2025-01-17,KCEL,3474.0,110580.0,1.260111996922421,4.104982775960408,0.6688189066373396,0.0005948412698412699,3415.0,0.0,0.017675396825396823,-0.034658701373468215,0.0,-0.5476066944027642,41.859006099530376,52.157257107532345
2025-01-20,KCEL,3424.0,8960.0,-0.4064911589877361,1.6950132706661514,0.18478260769139887,0.0005884920634920634,3415.0,0.0,0.01766388888888889,-0.020292393561786085,0.0,-0.28893656961871067,45.67677368698778,49.74783636165711
2025-01-21,KCEL,3409.99,580.0,-0.81027800804483,-1.4827343824606036,-0.4310221278755269,0.0005857142857142858,3416.0,0.0,0.017654761904761902,-0.015892293393123973,0.0,-0.20971131044915262,46.858474069365776,48.36340248974391
2025-01-22,KCEL,3429.81,314140.0,-0.234308725480192,4.104982775960408,0.35920644315924766,0.0005888888888888889,3416.0,0.0,0.01764880952380952,-0.021675271631039935,0.0,-0.3138357467367276,45.306324418191295,49.45771562943709
2025-01-23,KCEL,3439.97,430.0,0.18044812904404797,-1.7819423660203122,-0.1933306791055838,0.0005944444444444445,3416.9,0.0,0.017626587301587303,-0.024333041136940434,0.0,-0.36168976592873586,44.59584594217329,50.00147297928201
2025-01-24,KCEL,3407.55,40870.0,-0.7640463137085636,2.7723289130334043,-0.1888708937307318,0.0005976190476190477,3412.0,0.0,0.01761031746031746,-0.016304393849512096,0.0,-0.21713131549671255,46.7476290560327,51.31907521231257
2025-01-27,KCEL,3424.99,800.0,-0.2205435104225966,-1.9843970991699842,0.15220338725078264,0.000594047619047619,3390.01,0.0,0.01763452380952381,-0.027847692315125155,0.0,-0.424972223102192,43.659731327192326,50.41042102917245
2025-01-28,KCEL,3425.0,410.0,-0.2201041730640434,-2.6528001033348847,-0.01010509276262958,0.000588095238095238,3403.88,0.0,0.01766190476190476,-0.02382832811956896,0.0,-0.3526022410827589,44.730605789149045,51.631005448801105
2025-01-29,KCEL,3440.0,2730.0,0.21589027919949136,-0.7569902269366401,-0.20844326626798962,0.0005738095238095239,3400.0,0.0,0.017717063492063492,-0.029344970468807678,0.0,-0.45193121158596633,43.262265140238114,47.70971334753936
2025-01-30,KCEL,3429.0,380.0,-0.12412332536749388,-2.0809931917438544,0.45072535140756936,0.0005718253968253969,3396.6,0.0,0.017765873015873016,-0.027214691913510836,0.0,-0.4135748414631333,43.828015379158394,49.602640590858634
2025-01-31,KCEL,3442.99,560.0,0.2552786752670068,-1.3862417917711407,0.05854150821925179,0.0005785714285714286,3388.0,0.0,0.01780753968253968,-0.03377912252187404,0.0,-0.5317695861992028,42.09044231495959,49.600366687946924
2025-02-03,KCEL,3367.99,10780.0,-1.9288630618600318,1.5712028210936402,-0.27531882798625723,0.0005801587301587301,3381.0,0.0,0.017851190476190475,-0.013988352403630812,0.0,-0.1754302230751793,47.37097351467107,52.05513363178
2025-02-04,KCEL,3396.13,650.0,-1.0902024078943724,-1.2372157930311474,-0.07393862181684653,0.0005865079365079364,3399.0,0.0,0.017901984126984127,-0.017056904580559258,0.0,-0.23068052015339024,46.545305529410626,48.59491179855564
2025-02-05,KCEL,3424.99,30840.0,-0.25543833180792846,2.9310495876353886,0.8311045826872159,0.000588095238095238,3404.5,0.0,0.017951587301587302,-0.023934086520563058,0.0,-0.35450645607945136,44.702361508189476,52.95968150107402
2025-02-06,KCEL,3426.34,14090.0,-0.217193669235474,2.1477097842928874,-0.7481481331702081,0.0005869047619047619,3394.0,0.0,0.017990873015873016,-0.027429515999348134,0.0,-0.41744282019633067,43.77088797328373,55.54862521197658
2025-02-07,KCEL,3450.56,840.0,0.4637566520213746,-0.6720774093259957,-0.001828896528576487,0.000590079365079365,3395.0,0.0,0.01802857142857143,-0.034130305639829876,0.0,-0.5380927544157309,41.99799615017572,48.45616356817938
2025-02-10,KCEL,3460.93,77910.0,0.7414779466282144,3.994370881958214,0.4799562594760131,0.0005825396825396825,3400.0,0.0,0.018087698412698413,-0.035692792997101985,0.0,-0.5662258561825209,41.587372537696794,50.636469373188255
2025-02-11,KCEL,3473.99,14640.0,1.0261824746949797,2.251957088058642,0.9008935458613295,0.0005805555555555556,3386.0,0.0,0.01816825396825397,-0.0434964788623958,0.0,-0.7067338017877008,39.55503517275504,53.79088705240569
2025-02-12,KCEL,3450.5,42230.0,0.31812178382390993,2.936641622547247,0.1298388566431078,0.0005801587301587301,3400.0,0.0,0.018255555555555556,-0.03289111561931443,0.0,-0.5157807281498569,42.32444926933053,50.032970179205655
2025-02-13,KCEL,3403.04,10780.0,-1.08165345196874,0.6121033304507435,-0.9131428440979604,0.0005805555555555556,3345.0,0.0,0.018310714285714284,-0.03536605304165014,0.0,-0.5603427951931178,41.67314568741464,50.65398316321441
2025-02-14,KCEL,3429.68,34470.0,-0.29036614414221756,1.2505870571026467,0.18487207597613903,0.0005853174603174603,3385.97,0.0,0.018349603174603175,-0.031094232411150037,0.0,-0.48342725154536026,42.79900714844784,49.34642595345944
2025-02-17,KCEL,3398.0,7820.0,-1.0151044502706574,-0.2328144926719564,-0.13669064502354814,0.0005813492063492063,3372.0,0.0,0.018396825396825398,-0.02604838513784953,0.0,-0.39257510213195485,44.13844906610364,47.77936268816063
2025-02-18,KCEL,3427.0,80200.0,-0.16105002858240247,2.154506234697109,0.6342800136095679,0.0005996031746031746,3321.04,0.0,0.018438492063492063,-0.04935766335033187,0.0,-0.8122663674789313,38.0515723405835,51.50332631357503
2025-02-19,KCEL,3424.99,770.0,-0.20135965617231838,-2.639015992892359,-0.12763636131571046,0.0005916666666666667,3311.01,0.0,0.01851468253968254,-0.05179361182122776,0.0,-0.8561264255532673,37.43322153464184,51.465887592522435
2025-02-20,KCEL,3429.95,66670.0,-0.10777262935125989,1.969738954533496,0.08640776615137738,0.000588095238095238,3362.95,0.0,0.018585714285714285,-0.038119526731959855,0.0,-0.6099199998860907,40.95195220271399,50.047765059176776
2025-02-21,KCEL,3433.5,400.0,0.012186504277185822,-2.853475959039239,0.9171531577105161,0.0005857142857142858,3400.01,0.0,0.01863095238095238,-0.028384847822921153,0.0,-0.4346438857208258,43.5170420347714,52.74178952888532
2025-02-24,KCEL,3401.5,410.0,-0.9955469988995306,-2.853475959039239,-0.9124797111027703,0.0005972222222222222,3353.0,0.0,0.018665079365079367,-0.03292349477004776,0.0,-0.5163637254704196,42.31591061936423,54.69130418623476
2025-02-25,KCEL,3429.97,610.0,-0.16649738384127963,-2.7242802715049916,0.9307770298345094,0.0006238095238095239,3382.1,0.0,0.01866626984126984,-0.032622660130397704,0.0,-0.5109470982619753,42.395260817875055,52.02521700628995
2025-02-26,KCEL,3407.0,290.0,-0.8351323757257951,-2.853475959039239,-0.999999956521741,0.0006234126984126985,3380.0,0.0,0.018663492063492063,-0.026588352644648504,0.0,-0.4022973957228974,43.994668450840244,55.10178512407928
2025-02-27,KCEL,3416.0,250.0,-0.5717065485490742,-2.853475959039239,0.5422221920987792,0.0005984126984126983,3376.99,0.0,0.018685714285714285,-0.030105503512880626,0.0,-0.46562486064259967,43.060703029398425,51.98322790114067
2025-02-28,KCEL,3415.0,4790.0,-0.6006384803279122,-0.6634819881622399,-0.07142856887755111,0.0005837301587301588,3374.79,0.0,0.018717460317460317,-0.030491984475586244,0.0,-0.47258357823101377,42.95836259944703,47.99788228361171
2025-03-03,KCEL,3415.0,590.0,-0.5931801548103517,-2.757615439491627,-0.4944059603835105,0.000576984126984127,3346.0,0.0,0.018760714285714287,-0.03896569232378164,0.0,-0.6251554912937389,40.73108776780548,51.73713385565659
2025-03-04,KCEL,3416.0,1610.0,-0.6171672360010116,-1.3650997888153404,-0.04344295398119164,0.0005765873015873015,3351.0,0.0,0.01881666666666667,-0.037844769711163156,0.0,-0.6049729088320493,41.02374777184817,49.050497767289514
2025-03-05,KCEL,3416.0,480.0,-0.6166152531869479,-2.5752745928922076,0.42816295825007333,0.0005829365079365079,3338.0,0.0,0.0188734126984127,-0.041707136351808484,0.0,-0.6745160979376789,40.018132153223355,51.0451166878995
2025-03-06,KCEL,3416.9,151160.0,-0.6198549768173762,3.8551825650646627,0.6733403227955671,0.0005722222222222222,3315.03,0.0,0.018936507936507935,-0.04875008164366937,0.0,-0.8013266578514445,38.20641802964443,51.03626155909381
2025-03-07,KCEL,3412.0,600.0,-0.5846506924143855,-1.6739427887738993,0.10455622584786925,0.0005813492063492063,3320.0,0.0,0.01899365079365079,-0.04595730847243157,0.0,-0.7510418530033816,38.92121504022782,49.46615840996734
2025-03-11,KCEL,3390.01,590.0,-1.2237748831506652,-1.6907492218433389,-0.6915384349408126,0.0006182539682539682,3356.9,0.0,0.01900436507936508,-0.02877129792027119,0.0,-0.4416020475683018,43.41445217953054,50.095888316784034
2025-03-12,KCEL,3403.88,710.0,-0.6624146103810127,-0.5164317041247543,0.7701346870124895,0.0006154761904761904,3308.55,0.0,0.01901309523809524,-0.04701937042993512,0.0,-0.7701646298975565,38.64880536456916,45.10302000039168
2025-03-13,KCEL,3400.0,64750.0,-0.7248943246603206,4.104982775960408,0.384615378698225,0.000628968253968254,3311.14,0.0,0.0190031746031746,-0.045138468720821695,0.0,-0.7362983723886315,39.13171453196852,49.35688876479787
2025-03-14,KCEL,3396.6,330.0,-0.6416958365995807,-0.807521608053174,-0.11460566798652135,0.0006206349206349206,3332.0,0.0,0.01899920634920635,-0.03801822536822534,0.0,-0.6080960353197257,40.978418352351994,48.06424532043395
2025-03-17,KCEL,3388.0,4910.0,-0.9043616519584549,2.006762008998853,0.14666666471111114,0.0006202380952380952,3323.0,0.0,0.018999603174603176,-0.038184963269054184,0.0,-0.6110982063840653,40.934858937872015,49.74991645520763
2025-03-18,KCEL,3381.0,420.0,-1.070114693205054,-0.45196833043822077,0.6666666481481487,0.0006238095238095239,3328.0,0.0,0.019001984126984128,-0.03467781967859608,0.0,-0.5479509258112729,41.85397959817187,44.63033125772058
2025-03-19,KCEL,3399.0,17480.0,-0.5539537872627377,3.3635538305869876,0.4065689291785384,0.0006373015873015873,3335.94,0.0,0.018990873015873013,-0.03754338846159233,0.0,-0.5995464397311531,41.10254440279413,49.834652398423714
2025-03-20,KCEL,3404.5,300.0,-0.2959233775928455,-0.7014192805482554,0.8154603072491222,0.0006376984126984128,3365.8,0.0,0.018980555555555553,-0.030347863530294814,0.0,-0.4699886329332236,42.99651893767397,45.39999776041165
2025-03-26,KCEL,3394.0,790.0,-0.602414460383054,0.2834649574451253,0.0,0.0006261904761904761,3345.01,0.0,0.01897420634920635,-0.033408502165352426,0.0,-0.5250964440721073,42.18806535787035,48.29312687724746
2025-03-27,KCEL,3395.0,102650.0,-0.452366819457799,4.104982775960408,0.18845500528938688,0.0006277777777777778,3318.1,0.0,0.01896269841269841,-0.04161365570283099,0.0,-0.672832947927748,40.04237561416527,49.24388255877455
2025-03-28,KCEL,3400.0,420.0,-0.1739448475541364,-0.36496087074677275,-0.1641515194286531,0.0006416666666666667,3314.99,0.0,0.018943650793650794,-0.04394659197012145,0.0,-0.7148382371978662,39.43883292172882,47.74596545937494
2025-03-31,KCEL,3386.0,3950.0,-0.5849376730917073,1.8762176439922427,0.18518518175583,0.0006611111111111111,3322.17,0.0,0.018907539682539682,-0.037758691484075395,0.0,-0.6034230418770984,41.046248387173236,49.764486705194166
2025-04-01,KCEL,3400.0,214770.0,-0.16622483343613462,4.104982775960408,0.03365384574935508,0.0006674603174603175,3324.5,0.0,0.018874603174603176,-0.041080485527544355,0.0,-0.6632330425393654,40.1807419424996,49.64166955741308
2025-04-02,KCEL,3345.0,3120.0,-1.7197756457972981,1.4254861310789328,-0.9999999897959185,0.0006357142857142858,3315.1,0.0,0.018866666666666667,-0.02780538116591931,0.0,-0.4242103968634466,43.67097529849126,56.82406454463943
2025-04-03,KCEL,3385.97,650.0,-0.5065741645540297,-0.613084221588991,0.6897618965504488,0.0006242063492063491,3348.0,0.0,0.01886190476190476,-0.03007582573580583,0.0,-0.465090502448422,43.068564188740375,44.64435869327196
2025-04-04,KCEL,3372.0,380.0,-0.9136135439440085,-0.6798649377269178,0.3324852864925277,0.0006285714285714285,3282.0,0.0,0.01885436507936508,-0.04554475653843981,0.0,-0.7436137189522113,39.02721886514855,45.535877826107736
2025-04-07,KCEL,3321.04,1380.0,-2.4101278874634446,0.6097482221732259,-0.7337834490742301,0.0006412698412698412,3305.99,0.0,0.018837301587301587,-0.023369014544688482,0.0,-0.34433214821778974,44.85331122421383,49.749320342439866
2025-04-08,KCEL,3311.01,520.0,-2.698138091056786,-0.3662275927599913,-0.9997297162198628,0.0006678571428571428,3325.0,0.0,0.01880436507936508,-0.014579068266610127,0.0,-0.18606625760762388,47.21190130839733,51.00629485387921
2025-04-09,KCEL,3362.95,4990.0,-1.1690027625614021,1.8950857011410236,0.9999999876314164,0.0006591269841269841,3330.0,0.0,0.018780555555555557,-0.028578500811952415,0.0,-0.4381306718522484,43.465626506394464,55.001787941146645
2025-04-10,KCEL,3400.01,277610.0,0.08260892925353576,4.104982775960408,0.11683955452612504,0.0006309523809523809,3328.87,0.0,0.01877222222222222,-0.03969569009437564,0.0,-0.6382993426497626,40.5408453911508,49.45551788786848
2025-04-11,KCEL,3353.0,1020.0,-1.3330998427024194,-0.061775301989437995,-0.9130434650283556,0.0006313492063492063,3309.0,0.0,0.0187531746031746,-0.0318757514000729,0.0,-0.4974987594815468,42.59243935309651,49.32663331405726
2025-04-14,KCEL,3382.1,266930.0,-0.47506428126857037,4.104982775960408,0.20900900712604334,0.000625,3328.9,0.0,0.018741666666666667,-0.03447153863970112,0.0,-0.5442367674644669,41.90822302105056,49.224045151511405
2025-04-15,KCEL,3380.0,620.0,-0.406185872331195,-1.2889095033726137,-0.016949152255099114,0.0006206349206349206,3313.98,0.0,0.018732936507936507,-0.03826548088663473,0.0,-0.6125479527252886,40.91382921527328,49.01288364860888
2025-04-16,KCEL,3376.99,22230.0,-0.4815354643457794,2.9190855684672132,-0.08311384133576877,0.0006206349206349206,3323.21,0.0,0.018727380952380954,-0.034652805664920745,0.0,-0.5475005402199599,41.86055620760087,50.49160275180454
2025-04-17,KCEL,3374.79,12270.0,-0.5348255090416347,1.6962102539706954,0.8369766270108818,0.0006154761904761904,3275.0,0.0,0.01871388888888889,-0.04828313616057097,0.0,-0.7929191499542384,38.325584961328374,52.43936785011125
2025-04-18,KCEL,3346.0,27010.0,-1.3771681717220814,2.4852579557916994,-0.565642822352748,0.0006202380952380952,3265.0,0.0,0.018687698412698413,-0.042895707976356515,0.0,-0.6959167232386779,39.710315387249345,55.877390292682236
2025-04-21,KCEL,3351.0,2790.0,-1.1916216576333207,-0.23666808120754992,-0.7503125424127137,0.0006325396825396825,3289.4,0.0,0.018651984126984125,-0.03703455649344187,0.0,-0.5903847518137768,41.235682808993005,47.43713836516799
2025-04-22,KCEL,3338.0,5390.0,-1.5674016420186374,0.601039515124616,-0.41605838982212373,0.0006396825396825397,3260.89,0.0,0.018605952380952383,-0.04170661145824421,0.0,-0.6745066470554099,40.018268266550216,49.04553369983346
2025-04-23,KCEL,3315.03,302560.0,-2.2359320388777593,4.104982775960408,-0.2937636163353316,0.0006353174603174604,3245.02,0.0,0.018582142857142856,-0.039701107089744135,0.0,-0.6383968774434126,40.5394347389638,54.10789116674523
2025-04-24,KCEL,3320.0,260.0,-1.5570636917513012,-2.844235454713947,-0.6213145625827796,0.0006384920634920634,3270.01,0.0,0.018568650793650793,-0.033625879709313376,0.0,-0.5290103986635513,42.130799696432646,53.11366225616956
2025-04-25,KCEL,3356.9,2470.0,-0.4032356131982955,-0.35848814229859505,0.5593517220126851,0.000628968253968254,3319.99,0.0,0.018556746031746032,-0.029552009518892003,0.0,-0.45565901817500065,43.20737172582899,44.301044815919774
2025-04-28,KCEL,3308.55,420.0,-1.8365815792520808,-2.13009314094568,-0.8099999909999961,0.0006242063492063491,3323.0,0.0,0.018550396825396828,-0.014182924669920919,0.0,-0.17893356109776098,47.31857164528547,53.13589831679772
2025-04-29,KCEL,3311.14,200.0,-1.757516541985698,-2.692669171118986,-0.9108147340943009,0.000619047619047619,3290.05,0.0,0.018551190476190475,-0.024920597991426825,1.0,-0.37226892146820817,44.43906669307486,55.50001643415986
2025-04-30,KCEL,3332.0,51920.0,-0.9377435053576716,2.98270339046682,-0.4168142471422655,0.0006166666666666666,3342.35,0.0,0.018556349206349205,-0.015450106709350432,1.0,-0.20174959292444952,46.97744600631913,53.82808762293393
2025-05-02,KCEL,3323.0,580.0,-1.1580255243413193,-1.5116450646008803,-0.6314423199317021,0.0006206349206349206,3342.0,0.0,0.018554365079365077,-0.012836640132028333,1.0,-0.15469326261770622,47.68126544169918,49.03152516325393
2025-05-05,KCEL,3328.0,50500.0,-1.008155421684902,2.9549718014505717,-0.47312958518811504,0.0006261904761904761,3322.4,0.0,0.01854404761904762,-0.0202267399267399,1.0,-0.28775445420029305,45.69437339274176,54.5805592132446
2025-05-06,KCEL,3335.94,440.0,-0.7228767983901472,-2.1792857417963503,0.9924999379687607,0.0006261904761904761,3317.9,0.0,0.01853373015873016,-0.023941501281711977,1.0,-0.35463996130687486,44.70038141910593,50.17658979129296
2025-05-08,KCEL,3365.8,520.0,0.16449777773084945,-2.0122497696639345,0.7535027130491097,0.0006273809523809525,3317.0,0.0,0.018521825396825398,-0.03302060726146387,1.0,-0.5181122680049371,42.290304006563865,48.23654626192234
2025-05-12,KCEL,3345.01,463920.0,-0.4550209089668658,4.104982775960408,-0.37297800101270556,0.0006198412698412699,3329.1,0.0,0.018517460317460318,-0.023273798863533514,1.0,-0.34261775837952335,44.878755947885004,53.080310339056915
2025-05-13,KCEL,3318.1,11120.0,-1.1154560061463445,1.0001888060201778,-0.9952380715419551,0.0006162698412698412,3334.0,0.0,0.018517063492063494,-0.013725164513732496,1.0,-0.1706914380502413,47.44186402073269,53.47447947957342
2025-05-14,KCEL,3314.99,73230.0,-0.899941802189093,2.8850460851075894,-0.14914893458352663,0.0006226190476190475,3332.98,0.0,0.018509920634920636,-0.01308305660214822,1.0,-0.15913007268124432,47.61486055677027,51.07623553405498
2025-05-15,KCEL,3322.17,340.0,-0.6345617924095744,-2.853475959039239,0.4092026622900893,0.000625,3322.1,0.0,0.0185,-0.018521070565323317,1.0,-0.25704331308168266,46.15197459896405,51.84867792040251
2025-05-16,KCEL,3324.5,510.0,-0.26502169896694294,-2.081801243455753,0.920529725121708,0.0006345238095238095,3333.99,0.0,0.018480555555555552,-0.01562599095937574,1.0,-0.20491644703184939,46.93011951809334,49.08489974703885
2025-05-19,KCEL,3315.1,40500.0,-0.5460517833492545,2.2927456985612347,0.6704870900074681,0.0006277777777777778,3348.0,0.0,0.018469444444444445,-0.00854515860088012,1.0,-0.0774237179495977,48.838853035745245,51.701785445663575
2025-05-20,KCEL,3348.0,970.0,0.4901504333539948,-1.4389630113185627,0.9999999852941179,0.0006194444444444444,3349.7,0.0,0.01846587301587302,-0.0179581071855266,1.0,-0.24690697118996463,46.30315409069622,47.61026954473298
2025-05-21,KCEL,3282.0,530.0,-1.476183035280256,-1.6017841095377339,-0.9999999852897914,0.000621031746031746,3368.8,0.0,0.018460317460317458,0.00798697077856133,1.0,0.22024274065494776,53.29884201188009,53.336622126736344
2025-05-22,KCEL,3305.99,270.0,-0.743423735414314,-1.851500080843213,-0.07731760382976109,0.0006242063492063491,3389.0,0.0,0.018451984126984126,0.006656984744670122,1.0,0.196295902131278,52.94103958641788,49.9149761512384
2025-05-23,KCEL,3325.0,980.0,-0.17080060358066376,0.23467595763383955,0.11790649462198466,0.0006349206349206349,3419.0,0.0,0.018432539682539682,0.009838137009189642,1.0,0.2535736010367138,53.79628385646522,47.82195598022065
2025-05-26,KCEL,3330.0,850.0,-0.019334247360111242,0.09236761513258589,0.6406249871669727,0.0006353174603174604,3471.0,0.0,0.018413492063492062,0.023928850278850278,1.0,0.5072815549200063,57.55101898427624,44.6838440826868
2025-05-27,KCEL,3328.87,740.0,-0.25519561957161585,0.034365988580130014,0.5598086002651463,0.0006226190476190475,3465.0,0.0,0.01840793650793651,0.022485820232338753,1.0,0.4812993215521018,57.16973308579678,44.6419392619331
2025-05-28,KCEL,3309.0,740.0,-0.8504960904139174,-0.07168865174465573,-0.33466843937097596,0.0006123015873015872,3480.0,0.0,0.01841111111111111,0.03326613276921528,1.0,0.6754024151011213,59.994632062823804,47.135361534935896
2025-05-29,KCEL,3328.9,10460.0,-0.25126268096265864,2.648619646521269,0.9405405151205316,0.0006134920634920636,3478.0,0.0,0.01841309523809524,0.02637647489017533,1.0,0.5513518457654479,58.19567186835479,54.09696057776805
2025-05-30,KCEL,3313.98,2810.0,-0.695159431600264,1.2625656586204248,0.5258387577382966,0.000611904761904762,3475.0,0.0,0.018416666666666668,0.030171435856583318,1.0,0.6196813734074168,59.18959816784929,49.20196935201985
2025-06-02,KCEL,3323.21,1250.0,-0.416064392960416,0.3174435913120676,0.9999999841797187,0.0006150793650793651,3480.0,0.0,0.01841904761904762,0.028761238911144564,1.0,0.5942903108861117,58.82108889924116,48.096198692844546
2025-06-03,KCEL,3275.0,252050.0,-1.871724679781854,4.104982775960408,-0.6546762472180558,0.000601984126984127,3479.6,0.0,0.018440079365079364,0.0440332030776687,1.0,0.869267077946614,62.75125317539576,58.96212465823275
2025-06-04,KCEL,3265.0,1050.0,-1.6633453559903195,0.07410462897128317,-0.9230621095775702,0.000594047619047619,3477.85,0.0,0.018468253968253967,0.046723170227764385,1.0,0.9177008263739201,63.427953879916345,49.727614839654684
2025-06-05,KCEL,3289.4,4110.0,-0.9128809467230878,1.4387070688377572,0.7849586307951902,0.0005968253968253967,3431.0,0.0,0.018492460317460317,0.0245549039434991,1.0,0.5185538582618948,57.71616222797373,51.42561090911725
2025-06-09,KCEL,3260.89,16730.0,-1.7671971208210457,2.802274787521171,-0.36439999271200524,0.0005936507936507937,3470.9,0.0,0.018519444444444443,0.045883218632200344,1.0,0.902577220024595,63.21720605972292,54.06227209954559
2025-06-10,KCEL,3245.02,630.0,-2.211735180950467,-0.6017657098882344,-0.9991998199800004,0.0006115079365079366,3457.99,0.0,0.018528174603174605,0.04710162120702065,1.0,0.9245149614538647,63.52274179762804,51.22636548196422
2025-06-11,KCEL,3270.01,960.0,-0.5749226034123742,-0.05570942206128141,-0.03980796079599579,0.000625,3450.0,0.0,0.01852301587301587,0.03651962925650966,1.0,0.7339826956703971,60.83518648573284,48.0043170741201
2025-06-12,KCEL,3319.99,920.0,0.9704008948711704,-0.05806254490334535,0.9999999848461891,0.0006170634920634921,3449.98,0.0,0.018526984126984128,0.02062674826377616,1.0,0.4478261157434678,56.677266573688826,46.53641619439993
2025-06-13,KCEL,3323.0,4450.0,1.2390790513149585,1.5285175831128712,0.5555555478395063,0.0006178571428571429,3431.0,0.0,0.018529761904761903,0.013970990427468008,0.0,0.3279869940555491,54.903988650396585,50.33961680100741
2025-06-16,KCEL,3290.05,310.0,0.22024866185513056,-1.1458276059575394,-0.43991762847598653,0.0006198412698412699,3430.0,0.0,0.01852857142857143,0.024008776028154093,0.0,0.5087206444771063,57.57211162801072,46.913905436047486
2025-06-17,KCEL,3342.35,1210.0,1.8151192488644556,0.21593476828874533,0.9999999808722269,0.0006218253968253969,3429.01,0.0,0.01852777777777778,0.007400087347059631,0.0,0.20967571031909538,53.14099403639212,46.310434613725626
2025-06-18,KCEL,3342.0,560.0,1.9316856762110493,-0.5544892096459888,0.9838523417796503,0.0006186507936507937,3404.5,0.0,0.018526984126984128,0.0001743922943204801,0.0,0.07957468050378703,51.19339351449109,46.52301308547088
2025-06-19,KCEL,3322.4,13440.0,1.3371390598688362,2.62868011785373,-0.2543759887616201,0.0006158730158730159,3423.9,0.0,0.018527777777777775,0.012022426893544162,0.0,0.2929024630071558,54.38226387054329,51.25407181912821
2025-06-20,KCEL,3317.9,320.0,1.142271487119447,-1.1542892466156647,-0.2484455191012202,0.0006158730158730159,3380.0,0.0,0.01852857142857143,0.00018808669855715013,0.0,0.07982125278242512,51.19708998514583,48.06108649996314
2025-06-23,KCEL,3317.0,670.0,1.1143373695801313,-0.4153581999323344,0.9333110725804905,0.0006154761904761904,3384.0,0.0,0.018528968253968253,0.0016700067234209533,0.0,0.10650371307607132,51.59701228385411,45.747688264426486
2025-06-24,KCEL,3329.1,1080.0,1.4850771324723708,0.07197241388967861,-0.2664443690074463,0.0006154761904761904,3377.9,0.0,0.018528968253968253,-0.003870351811085736,0.0,0.006747724811370591,50.10121573391459,46.93003166471612
2025-06-25,KCEL,3334.0,650.0,1.6334214226330503,-0.4937482886877257,0.4545454309327049,0.0006158730158730159,3340.0,0.0,0.018528571428571426,-0.016728931356585822,0.0,-0.2247752537562683,46.633472352145446,44.67364759811262
2025-06-26,KCEL,3332.98,380.0,1.6024289153903617,-1.0305322183121353,0.8542856532653131,0.0006154761904761904,3411.99,0.0,0.018528571428571426,0.0051769413557836465,0.0,0.16964723128922876,52.54251362808668,45.370726806976116
2025-06-27,KCEL,3322.1,300.0,1.2708792985152177,-1.2669100084102995,-0.22384700653278777,0.0006150793650793651,3390.06,0.0,0.01852857142857143,0.001928368458849191,0.0,0.11115560159319629,51.66671627291679,48.62722331232423
2025-06-30,KCEL,3333.99,940.0,1.6837957663715084,-0.06686189982365084,0.999393725389689,0.0006150793650793651,3390.0,0.0,0.01852857142857143,-0.0017288809675921751,0.0,0.045305615785797115,50.679542392464874,46.34102714140022
2025-07-01,KCEL,3348.0,540.0,2.11593652877078,-0.5648807766751893,0.9187257316984826,0.0006166666666666666,3369.05,0.0,0.018526984126984128,-0.01223964840416448,0.0,-0.14394422906184584,47.84217769588225,45.769420735851874
2025-07-02,KCEL,3349.7,640.0,2.1696768822357986,-0.3737090698016535,-0.22424622763432805,0.0006158730158730159,3373.99,0.0,0.018526190476190474,-0.011274794828819077,0.0,-0.1265717212467211,48.1023361337051,46.63642418478387
2025-07-03,KCEL,3368.8,420.0,2.1624715974133153,-0.6380846018397676,-0.20768306907396122,0.0006154761904761904,3378.9,0.0,0.01852579365079365,-0.015527693437067721,0.0,-0.20314656762409347,46.956568491132415,47.101507915755086
2025-07-04,KCEL,3389.0,610.0,2.734538352174034,-0.07878057196756633,0.9599198204424887,0.0006158730158730159,3377.99,0.0,0.018525,-0.02177374594275604,0.0,-0.31560880929626123,45.27996416822367,46.22578185757667
2025-07-08,KCEL,3419.0,1130.0,3.579713860754459,0.5607210724067947,0.9607842823273168,0.0006154761904761904,3368.99,0.0,0.018524603174603173,-0.033151687117276535,0.0,-0.5204724041724336,42.255747453198936,46.04210681041536
2025-07-09,KCEL,3471.0,1770.0,4.314843065766279,1.0094830227673777,0.9971866507640109,0.0006162698412698412,3380.0,0.0,0.0185234126984127,-0.044740641162832176,0.0,-0.7291353555984715,39.23413090737136,46.485839283318214
2025-07-10,KCEL,3465.0,13720.0,3.8294201410860444,3.034367809117144,0.5527022909420377,0.0006170634920634921,3389.5,0.0,0.01852142857142857,-0.04031075036075036,0.0,-0.6493737062189109,40.380776446175055,56.019639434295826
2025-07-11,KCEL,3480.0,990.0,3.005413678541289,0.4054639954849967,0.9999999736842113,0.0006154761904761904,3355.56,0.0,0.018521031746031747,-0.05427965243568693,0.0,-0.900888409243848,36.80635909991582,46.35766135251872
2025-07-14,KCEL,3478.0,710.0,2.8397711808467863,0.07302489958031,0.8974358744247213,0.0006154761904761904,3353.6,0.0,0.018521031746031747,-0.054288714322224985,0.0,-0.9010515715088019,36.80408210740102,45.311811776036976
2025-07-15,KCEL,3475.0,680.0,2.5030116573442895,0.02985287315440888,0.0,0.0006154761904761904,3348.97,0.0,0.018522619047619048,-0.054790244946899685,0.0,-0.9100817963214803,36.678153798704635,48.947781286032104
2025-07-16,KCEL,3480.0,30620.0,2.584625248187861,3.8146930256422467,0.9999999666666678,0.0006174603174603175,3343.0,0.0,0.018528174603174602,-0.05789599069512862,0.0,-0.9660017759552634,35.90243936365381,55.87475330510275
2025-07-17,KCEL,3479.6,555470.0,1.4033979921678383,4.104982775960408,0.2444444399176922,0.000623015873015873,3338.0,0.0,0.01853531746031746,-0.0592296501422349,0.0,-0.990014755499102,35.571556678071666,50.3423889141646
2025-07-18,KCEL,3477.85,740.0,0.10168026420526396,0.06273560610361806,0.11404561596547123,0.0006222222222222223,3397.0,0.0,0.01853452380952381,-0.04178164487569973,0.0,-0.6758576485591093,39.99881246122108,47.740164189218945
2025-07-21,KCEL,3431.0,950.0,-1.3415855536316155,0.3125383138920521,-0.7728993040707935,0.000621031746031746,3398.0,0.0,0.01853611111111111,-0.028154298228569578,0.0,-0.43049276400454584,43.578271917016856,48.49952758125969
2025-07-22,KCEL,3470.9,1240.0,-0.19457924487228928,0.5366774459259849,0.8176967359338251,0.0006206349206349206,3377.0,0.0,0.018536507936507938,-0.04559000991005949,0.0,-0.7444285208788581,39.01558608283472,46.943354016809806
2025-07-23,KCEL,3457.99,790.0,-0.5704301576687029,-0.06136663490521705,0.14307304425507214,0.0006202380952380952,3389.0,0.0,0.018544444444444443,-0.03849534077439328,0.0,-0.6166866560461937,40.85381234871042,47.12425550652075
2025-07-24,KCEL,3450.0,760.0,-0.8069124338797232,-0.0065571368441738505,0.22958397180918488,0.0006198412698412699,3389.9,0.0,0.018553174603174606,-0.03597346445824705,0.0,-0.5712794386916384,41.51373356253188,46.40028369665858
2025-07-25,KCEL,3449.98,8370.0,-0.8108494703182528,2.3795102249901303,0.6227322932392754,0.000621031746031746,3394.9,0.0,0.018563095238095236,-0.034528405181920976,0.0,-0.5452606683696171,41.893267502263086,51.28389167148216
2025-07-28,KCEL,3431.0,630.0,-1.348280518797148,-0.3169962899477172,-0.18688524345068533,0.0006206349206349206,3387.0,0.0,0.018581746031746033,-0.031405995521690655,0.0,-0.48904064948752535,42.716572723106,47.57685832665945
2025-07-29,KCEL,3430.0,740.0,-1.3778178739074063,-0.15607325043438694,-0.6300940043828397,0.0006186507936507937,3404.89,0.0,0.018614285714285715,-0.025934985422740562,0.0,-0.39053330274673903,44.168657312161116,46.78489964911306
2025-07-30,KCEL,3429.01,560.0,-1.4108365065280275,-0.3249108515672911,0.10513968639072453,0.000621031746031746,3404.0,0.0,0.01864126984126984,-0.025934920195162137,0.0,-0.3905321283026111,44.168674689205034,46.905599433648284
2025-07-31,KCEL,3404.5,250.0,-2.1174719560732047,-1.1313179097675807,-0.9780219541386669,0.0006178571428571429,3385.99,0.0,0.018650396825396823,-0.024087318546648175,0.0,-0.35726544940104227,44.66144479242658,52.01954765702355
2025-08-01,KCEL,3423.9,580.0,-1.562610703375075,-0.28982145322329983,0.6481731982655864,0.0006166666666666666,3370.01,0.0,0.01865873015873016,-0.03439809170550427,0.0,-0.5429143311166771,41.92754127174987,44.67274792963876
2025-08-04,KCEL,3380.0,8260.0,-2.8253886587581656,2.3662805143982544,-0.5770656703248772,0.0006166666666666666,3341.12,0.0,0.018668253968253966,-0.030171212548135654,0.0,-0.4668079735601049,43.04329902228329,58.095506856262446
2025-08-05,KCEL,3384.0,420.0,-2.676699714872262,-0.7281997734569663,0.5448338519609962,0.0006158730158730159,3335.0,0.0,0.018671031746031748,-0.033150937183383994,0.0,-0.5204589013646066,42.25594513658075,44.39910236637263
2025-08-06,KCEL,3377.9,550.0,-2.853314581487697,-0.34292817055804314,0.6817148203405322,0.0006154761904761904,3350.0,0.0,0.01867579365079365,-0.026935363205842673,0.0,-0.40854543567457446,43.90232072603652,44.7831085009678
2025-08-07,KCEL,3340.0,580.0,-3.941371866109337,-0.2570328512667486,-0.9999999742268049,0.0006154761904761904,3348.0,0.0,0.018684126984126984,-0.01628891740328866,0.0,-0.21685265696257097,46.75179127090777,50.57740427979284
2025-08-08,KCEL,3411.99,870.0,-1.8748764158513964,0.16183682766871374,0.6952835737876536,0.0006154761904761904,3307.0,0.0,0.018694444444444444,-0.049465343538521445,0.0,-0.8142051848898404,38.024154664145904,45.786019844074765
2025-08-11,KCEL,3390.06,850.0,-2.502840904992747,0.13858079666600584,-0.2469446397026533,0.0006150793650793651,3326.47,0.0,0.018705158730158728,-0.03746293882844612,0.0,-0.5980979174721603,41.12358583134622,47.95219968781293
2025-08-12,KCEL,3390.0,32750.0,-2.5011581662990663,3.7765450453039455,0.14529914347286085,0.0006150793650793651,3325.98,0.0,0.018719047619047618,-0.037604003371260006,0.0,-0.600637831232229,41.08669285260356,49.985189646599025
2025-08-13,KCEL,3369.05,640.0,-2.980728516076957,-0.19138606234616165,-0.006860371128719129,0.0006150793650793651,3325.99,0.0,0.018741666666666663,-0.03152271770479326,0.0,-0.49114227100809904,42.68572016280382,47.076357179448344
2025-08-14,KCEL,3373.99,1380.0,-2.8251083343182466,0.6097468243889581,0.3663235633897615,0.0006150793650793651,3305.01,0.0,0.018757936507936508,-0.03920257327330913,0.0,-0.6294206111544881,40.669324222446,46.77879664826719
2025-08-15,KCEL,3378.9,790.0,-0.6913507549917408,0.05195952995264876,0.15477144838068946,0.0006150793650793651,3304.92,0.0,0.018767460317460318,-0.040662159775863946,0.0,-0.6557009489906275,40.28941401617529,47.105829747783915
2025-08-18,KCEL,3377.99,36350.0,-0.6830461147384683,3.8480825414239095,0.278779923273526,0.0006150793650793651,3300.0,0.0,0.018775396825396824,-0.04186309098671755,0.0,-0.6773241127318332,39.97769744557194,49.299558192144154
2025-08-19,KCEL,3368.99,1240.0,-0.6859020055028887,0.47000127377388584,0.1759168429904401,0.0006150793650793651,3310.0,0.0,0.01878968253968254,-0.03629938129212757,0.0,-0.5771476791048464,41.428271248973545,47.694201417587905
2025-08-20,KCEL,3380.0,41010.0,-0.3232009233027933,3.968702026464911,0.49999998750000035,0.0006150793650793651,3301.0,0.0,0.018798809523809523,-0.04217159058889828,0.0,-0.6828787501263509,39.89775232697097,50.020417176398404
2025-08-21,KCEL,3389.5,1060.0,0.06471620021357566,0.31315877126471015,0.1920529775887023,0.0006150793650793651,3309.85,0.0,0.018807539682539683,-0.04230658083905247,0.0,-0.6853092942375958,39.86278762365652,47.54799194787316
2025-08-22,KCEL,3355.56,750.0,-0.9276453413323027,-0.08923034905192075,-0.9996990067765458,0.0006150793650793651,3320.05,0.0,0.018809920634920634,-0.029392356949574452,0.0,-0.45278442084847775,43.24969983418875,50.223498906476706
2025-08-25,KCEL,3353.6,810.0,-0.8617267728491812,0.05064331512138311,0.4110945911071189,0.0006154761904761904,3320.3,0.0,0.018810317460317458,-0.028739945322912797,0.0,-0.44103753368085713,43.42277317746182,45.19135317922091
2025-08-26,KCEL,3348.97,340.0,-0.9864782896612769,-0.8556550803555265,0.6579044554644549,0.0006170634920634921,3343.99,0.0,0.018809523809523807,-0.020296548178210305,0.0,-0.28901137486185113,45.675659999290076,44.97058110483506
2025-08-27,KCEL,3343.0,840.0,-1.152507290377917,0.04878977714869317,0.49979051111059214,0.000623015873015873,3326.51,0.0,0.01880515873015873,-0.02373785391412516,0.0,-0.35097322308323814,44.75477090888966,44.867755938666896
2025-08-28,KCEL,3338.0,350.0,-1.2871177262111355,-0.8574395130322892,-0.15789472853185638,0.0006301587301587302,3295.01,0.0,0.018812698412698413,-0.03169166785547846,0.0,-0.49418427436295465,42.64107254450821,47.867690495848365
2025-08-29,KCEL,3397.0,760.0,0.4624361869605938,-0.08206427703914244,0.9333333177777781,0.0006214285714285714,3331.85,0.0,0.018864285714285712,-0.038042972791118235,0.0,-0.6085416208558078,40.97195231970011,46.02827092107079
2025-09-02,KCEL,3398.0,1310.0,0.4949200466341209,0.4623960994607265,0.5918367237136051,0.0006226190476190475,3297.03,0.0,0.01891031746031746,-0.048624855423825344,0.0,-0.7990719183360523,38.238362563166575,45.53201953984646
2025-09-03,KCEL,3377.0,620.0,-0.13388227607064151,-0.28566143048238246,-0.42592182764579717,0.000621031746031746,3380.0,0.0,0.01896468253968254,-0.01807632008780217,0.0,-0.24903543360240454,46.27140319179144,46.12684944962059
2025-09-04,KCEL,3389.0,630.0,0.22190720110323706,-0.26966124366476685,0.41843970444142686,0.0006281746031746032,3390.0,0.0,0.01901388888888889,-0.018718816596177176,0.0,-0.26060379578517345,46.09888806937976,44.9051670982997
2025-09-05,KCEL,3389.9,410.0,0.24691863935438169,-0.699218624216784,0.41690960748591926,0.0006285714285714285,3414.4,0.0,0.01906031746031746,-0.011832965621030167,0.0,-0.13662177101348516,47.951820215876104,45.241421741769855
2025-09-08,KCEL,3394.9,339470.0,0.3881778186667274,4.104982775960408,0.5387139019239866,0.0006309523809523809,3398.0,0.0,0.019103968253968255,-0.01819083384647469,0.0,-0.2510972917105278,46.24064873178326,50.57851997385415
2025-09-09,KCEL,3387.0,2290.0,-0.12838699783827176,1.020905783933577,0.033194107865599426,0.0006392857142857143,3399.99,0.0,0.019144047619047616,-0.0153087951832638,0.0,-0.19920523214884853,47.015473696146614,49.4771630205333
2025-09-10,KCEL,3404.89,730.0,0.3996971415255804,-0.12233519426937686,0.7046212146440639,0.0006511904761904762,3365.11,0.0,0.01917420634920635,-0.030857403163200268,0.0,-0.47916306258862174,42.86165479157346,44.3324190442138
2025-09-11,KCEL,3404.0,600.0,0.36977885419923995,-0.2876730773183166,0.5238953776422164,0.0006480158730158729,3366.13,0.0,0.019203571428571427,-0.030328718314587846,0.0,-0.46964391699083574,43.00158830291258,44.27959048815951
2025-09-12,KCEL,3385.99,860.0,-0.16275195618199007,0.0723187790414427,-0.10191534400768645,0.000626984126984127,3382.0,0.0,0.019251587301587304,-0.02042997235293116,0.0,-0.2914137212668327,45.639896580652675,48.23572245818444
2025-09-15,KCEL,3370.01,910.0,-0.6352486843092023,0.128829614082056,0.14342856733062484,0.000625,3363.9,0.0,0.019306349206349206,-0.02111940020619791,0.0,-0.30382709784011597,45.45517268063573,47.31153082766638
2025-09-16,KCEL,3341.12,620.0,-1.4864233483474671,-0.2856552648931642,-0.9502222011061782,0.0006261904761904761,3360.0,0.0,0.01936190476190476,-0.013711105030078274,0.0,-0.17043829239591532,47.44565128065402,49.908788442649026
2025-09-17,KCEL,3335.0,7510.0,-1.700648315895582,2.258284463088747,-0.08422701428814057,0.0006186507936507937,3345.1,0.0,0.01944047619047619,-0.016411990433354777,0.0,-0.2190686275836979,46.718693428257474,50.91291723296923
2025-09-18,KCEL,3350.0,7090.0,-1.2292622681719823,2.2007341387477095,0.20010004752251057,0.0006202380952380952,3353.64,0.0,0.01950793650793651,-0.018421369343757443,0.0,-0.25524815960442,46.17874351976956,49.67472176807381
2025-09-19,KCEL,3348.0,690.0,-1.3027749569724005,-0.12898889344649367,-0.007672634155666179,0.0006238095238095239,3378.0,0.0,0.019560317460317462,-0.010599743983614953,0.0,-0.11441720745977989,48.28441561194683,47.653479398435636
2025-09-22,KCEL,3307.0,1020.0,-2.5092718186148626,0.3008338325722908,-0.9109556897213187,0.0006257936507936508,3371.99,0.0,0.019609920634920636,4.233216217636518e-05,0.0,0.07719689413664967,51.157746436600014,50.16512843433933
2025-09-23,KCEL,3326.47,3500.0,-1.9306255343085734,1.4948163545253887,0.6111111023156084,0.0006257936507936508,3333.3,0.0,0.019659920634920634,-0.01760669303930114,0.0,-0.2405796432330135,46.39755830500184,50.67033506147918
2025-09-24,KCEL,3325.98,470.0,-1.9296119315382485,-0.5318627726348389,0.9603399224157848,0.000628968253968254,3359.9,0.0,0.01970714285714286,-0.009508644970805578,0.0,-0.09477160877884003,48.57880878727793,47.58241556094612
2025-09-25,KCEL,3325.99,430.0,-1.9280435973219372,-0.620806584815254,0.9124578685686151,0.0006376984126984128,3360.0,0.0,0.019744047619047616,-0.009518520783428682,0.0,-0.09494942605221661,48.57614368713622,47.08108682298035
2025-09-26,KCEL,3305.01,610.0,-2.5476429886711593,-0.1999197616995605,0.08786428691031166,0.0006313492063492063,3349.88,0.0,0.019788095238095237,-0.006211736921478982,0.0,-0.03540968867384357,49.46887464822481,46.621966790466516
2025-09-29,KCEL,3304.92,730.0,-2.5476591754848146,-0.020339173268071515,0.9948556446168639,0.0006246031746031746,3325.91,0.0,0.019838095238095238,-0.013486958145518178,0.0,-0.16640245358756334,47.5060345724385,48.42455384665236
2025-09-30,KCEL,3300.0,430.0,-2.68751631371977,-0.5292416213778018,0.2822966445781507,0.000623015873015873,3330.0,0.0,0.01988968253968254,-0.01079877344877345,0.0,-0.118000798822509,48.230727026636856,44.87583107511276
2025-10-01,KCEL,3310.0,76240.0,-2.3888780475365037,4.104982775960408,0.503572752780266,0.0006293650793650793,3317.18,0.0,0.019934920634920635,-0.017765736344890475,0.0,-0.24344327056455436,46.35482952811644,49.898450725575344
2025-10-02,KCEL,3301.0,106400.0,-2.2550165042462504,4.104982775960408,-0.17602995595392862,0.0006242063492063491,3322.99,0.0,0.01998531746031746,-0.013323699768708923,0.0,-0.16346293250428595,47.5500196115082,52.547749911664305
2025-10-03,KCEL,3309.85,5490.0,-1.5639333943108802,1.9323117840261435,0.61330447232816,0.0006238095238095239,3321.99,0.0,0.020036111111111112,-0.016368271178787933,0.0,-0.21828144794210097,46.730450451620825,51.14497339681908
2025-10-06,KCEL,3320.05,298350.0,-1.2447394606727813,4.104982775960408,-0.3011627871957773,0.0006174603174603175,3304.03,0.0,0.02009325396825397,-0.024918482503968786,0.0,-0.37223083141668456,44.43963097718906,53.00753500339649
2025-10-07,KCEL,3320.3,344370.0,0.1327869572047785,4.104982775960408,-0.9856856288094581,0.0006158730158730159,3311.0,0.0,0.02015198412698413,-0.022952935848214194,0.0,-0.33684051364140455,44.96452063437345,58.96125979262659
2025-10-08,KCEL,3343.99,720.0,0.799218060171552,-0.20632533713950593,0.06565768827824807,0.0006162698412698412,3378.01,0.0,0.020210317460317463,-0.010036842061168411,0.0,-0.10428197212798299,48.43628053559242,48.1735145401493
2025-10-09,KCEL,3326.51,450.0,0.27388873458157253,-0.676293259277425,-0.9523310384407637,0.0006186507936507937,3333.34,0.0,0.020268253968253967,-0.018215051061904693,0.0,-0.25153333068583833,46.2341451856609,49.05108471002926
2025-10-10,KCEL,3295.01,5750.0,-0.6739710311185504,1.8713265292805075,-0.9999999756038065,0.0006376984126984128,3300.02,0.0,0.02031111111111111,-0.01879063014140244,0.0,-0.2618968224241752,46.079611323088656,57.46192225158776
2025-10-13,KCEL,3331.85,960.0,0.4431381381163606,-0.005194584325986335,0.5816869681570157,0.000673015873015873,3329.0,0.0,0.020326190476190477,-0.0211815711205772,0.0,-0.3049465057207791,45.43852080262896,44.33521205974213
2025-10-14,KCEL,3297.03,6680.0,-0.6053762214779084,1.909131248384188,-0.9541501868531838,0.0006686507936507936,3323.0,0.0,0.02035595238095238,-0.012479166303786022,0.0,-0.1482568280813892,47.77761283345443,57.1354028115874
2025-10-15,KCEL,3380.0,6590.0,1.9011716742212275,1.0701759191880509,0.7483971172683422,0.0006753968253968253,3316.25,0.0,0.0203734126984127,-0.039234359443974826,0.0,-0.6299929316727647,40.66103864276281,47.356310709928955
2025-10-16,KCEL,3390.0,1430.0,2.192706467087367,-0.4576792364037279,0.6773152520600961,0.0006773809523809523,3335.0,0.0,0.020391269841269842,-0.036615458631830314,0.0,-0.5828387561703007,41.345438313601846,43.84261541521677
2025-10-17,KCEL,3414.4,1010.0,2.9328675667082345,-0.19298302983589585,0.9849981124515823,0.0006750000000000001,3310.0,0.0,0.0203984126984127,-0.05097479507891882,0.0,-0.8413833592285923,37.64062703967937,46.98987616976319
2025-10-20,KCEL,3398.0,580.0,2.4357039869244494,-0.7476289117016227,0.2444444390123458,0.0006746031746031747,3369.99,0.0,0.020400396825396825,-0.02864348099255404,0.0,-0.43930066150060076,43.44837719118652,47.72417610138938
2025-10-21,KCEL,3399.99,470.0,2.49363959635465,-0.9538171253115254,0.9994280526328714,0.0006793650793650794,3412.0,0.0,0.0203984126984127,-0.01686604936793225,0.0,-0.22724410891168134,46.59660925461783,47.35890231431216
2025-10-22,KCEL,3365.11,920.0,1.4419344419017126,-0.06826489355868721,-0.9965619472329708,0.0006813492063492064,3402.0,0.0,0.0203984126984127,-0.009435918158858312,0.0,-0.09346213847038343,48.598435190957794,47.73490068944586
2025-10-23,KCEL,3366.13,300.0,1.4712605126546263,-1.188759658401481,-0.32675584737866314,0.0006773809523809523,3405.0,0.0,0.020398015873015873,-0.008850630596749095,0.0,-0.08292384229088517,48.75639889865397,47.177076860900215
2025-10-24,KCEL,3382.0,330.0,1.9492674742138647,-1.0934624991585096,-0.1434357857584493,0.0006750000000000001,3399.0,0.0,0.020403968253968254,-0.015377356781466775,0.0,-0.20043970640591102,46.99702296672033,49.04770930250668
2025-10-28,KCEL,3363.9,510.0,1.4026211119573262,-0.6581903442410728,0.021621621037258402,0.0006797619047619047,3371.0,0.0,0.020401587301587303,-0.01829094191973888,0.0,-0.2528997706872126,46.213765486348194,48.88587973576892
2025-10-29,KCEL,3360.0,980.0,1.2838902358122861,-0.005088847311641187,0.6393442273582226,0.0006817460317460318,3380.0,0.0,0.020396825396825396,-0.014444444444444444,0.0,-0.1836423111535331,47.24814891342742,43.93712445219941
2025-10-30,KCEL,3345.1,4360.0,0.8330016483683842,1.4774513033830863,-0.9878418852375862,0.0006972222222222222,3400.0,0.0,0.02037579365079365,-0.003963728241687767,0.0,0.005066451287767266,50.07599671079389,52.914245845341455
2025-10-31,KCEL,3353.64,2870.0,1.0637192921377119,1.0592987468355402,-0.2653714255386152,0.0006876984126984126,3415.0,0.0,0.02036309523809524,-0.0020665577445061444,0.0,0.03922563370786988,50.58835734758178,49.72331780343868
2025-11-03,KCEL,3378.0,590.0,1.7104826141766294,-0.5225966374580645,0.5180722829147918,0.0006761904761904762,3408.0,0.0,0.02036190476190476,-0.011480910090501565,0.0,-0.13028289471997442,48.04675108980672,44.22431073035672
2025-11-04,KCEL,3371.99,340.0,1.5252063409023489,-1.0482856798081894,-0.21866294883944185,0.0006753968253968253,3391.3,0.0,0.020361507936507938,-0.01463491918624462,0.0,-0.18707187189213828,47.19686425036842,48.05361654837928
2025-11-05,KCEL,3333.3,500.0,0.3285366585113352,-0.6312539802963071,-0.9939301821861802,0.0006757936507936508,3366.0,0.0,0.02036031746031746,-0.010550219359336506,0.0,-0.11352550021600413,48.29777559591735,49.51101180155953
2025-11-06,KCEL,3359.9,310.0,0.526863156604,-0.9727283973571651,0.4609756041344461,0.0006761904761904762,3371.97,0.0,0.02035873015873016,-0.016766361338229636,0.0,-0.22544919295828073,46.623409229815415,45.53482078131419
2025-11-07,KCEL,3360.0,360.0,0.5263096656975713,-0.7406111070009103,-0.000500250112549567,0.0006746031746031747,3393.0,0.0,0.02035873015873016,-0.010537301587301588,0.0,-0.11329291145708258,48.30126039192332,48.574199391934606
2025-11-10,KCEL,3349.88,420.0,0.2122511815634848,-0.5864611448211632,0.16516223066206984,0.0006753968253968253,3367.8,0.0,0.02035873015873016,-0.015009284805463752,0.0,-0.19381244871310324,47.096084947948256,47.39063809559233
2025-11-11,KCEL,3325.91,830.0,-0.7749774021052562,0.3498130838199976,-0.9237855559553912,0.0006746031746031747,3352.51,0.0,0.020359920634920637,-0.012362109509544314,0.0,-0.1461491817765605,47.80916595254168,49.64303678585458
2025-11-12,KCEL,3330.0,240.0,-0.6506877438645704,-0.8909691913210531,-0.6730244969628546,0.0006746031746031747,3360.0,0.0,0.02036230158730159,-0.01135329257829258,0.0,-0.12798509919446818,48.08116634496727,47.21973795407298
2025-11-13,KCEL,3317.18,460.0,-1.4760396985513502,-0.16955889933743937,-0.9016666290972374,0.0006746031746031747,3370.0,0.0,0.02036309523809524,-0.004439931587042187,0.0,-0.003507747482027062,49.94738380719174,49.22655136765289
2025-11-14,KCEL,3322.99,240.0,-1.1231739925172184,-0.7439175588883674,0.14094600377703692,0.0006746031746031747,3385.0,0.0,0.02036626984126984,-0.0017053650537139885,0.0,0.045729027594663914,50.68589238546816,47.034543919114164
2025-11-17,KCEL,3321.99,300.0,-1.0627600847875,-0.4803653596857126,0.9999999523582681,0.0006746031746031747,3390.0,0.0,0.02036626984126984,0.00010639864960467274,0.0,0.07835043243715027,51.17504009478665,47.64114918440875
2025-11-18,KCEL,3304.03,390.0,-1.4722393485368657,-0.1758903374733796,-0.6899999734615241,0.0006746031746031747,3383.0,0.0,0.02036626984126984,0.0035348448580518332,0.0,0.14008074061231693,52.09997504472184,47.1231521430182
2025-11-19,KCEL,3311.0,480.0,-1.1798045248129958,0.08701122812624819,0.5308641844231066,0.0006746031746031747,,0.0,,,0.0,,,44.9240428529838
2025-11-20,KCEL,3378.01,750.0,0.9010086960574583,0.5332977407857636,0.9916488116525851,0.0006746031746031747,,0.0,,,0.0,,,47.35068146381952
2025-11-21,KCEL,3333.34,380.0,-0.4461631275274788,-0.14660319500580507,-0.9995522498421159,0.0006765873015873017,,0.0,,,0.0,,,49.827226650704624
2025-11-24,KCEL,3300.02,430.0,-1.4205336861549756,-0.022989476892849206,-0.9988795238409108,0.0006805555555555554,,0.0,,,0.0,,,50.559502236505125
2025-11-25,KCEL,3329.0,490.0,-0.49476199002476806,0.09633094652182932,-0.2608807589379281,0.0006880952380952381,,0.0,,,0.0,,,47.72494505356185
2025-11-26,KCEL,3323.0,380.0,-0.64110347301678,-0.15790272731747027,-0.011272141447621287,0.0006984126984126985,,0.0,,,0.0,,,47.85231296340486
2025-11-27,KCEL,3316.25,480.0,-0.7970347715595788,0.1216967311543321,-0.6159695739420822,0.0006928571428571428,,0.0,,,0.0,,,46.87361588235163
2025-11-28,KCEL,3335.0,260.0,-0.17661427225584891,-0.49140669872483056,-0.6060605968778697,0.0006952380952380952,,0.0,,,0.0,,,45.971473886819965
2025-12-01,KCEL,3310.0,420.0,-0.7938316770279615,0.036367606119768234,-0.816300714837334,0.0006821428571428573,,0.0,,,0.0,,,47.959846605791725
2025-12-02,KCEL,3369.99,510.0,1.1317792155411717,0.23052344357935403,0.42848977813273464,0.0006765873015873017,,0.0,,,0.0,,,45.46333998926826
2025-12-03,KCEL,3412.0,490.0,2.3720763463040098,0.15415053305869086,0.7440224960415706,0.0006773809523809523,,0.0,,,0.0,,,43.90910544833632
2025-12-04,KCEL,3402.0,530.0,1.935230332038971,0.23262208228602058,0.4343230946864228,0.0006813492063492064,,0.0,,,0.0,,,45.21311646828356
2025-12-05,KCEL,3405.0,350.0,1.930937731101889,-0.1941557915840712,0.5066891738318113,0.0006769841269841269,,0.0,,,0.0,,,44.077790193808596
2025-12-08,KCEL,3399.0,580.0,1.697693656565971,0.31093865699966505,0.3584905615284206,0.0006809523809523809,,0.0,,,0.0,,,46.30236286035503
2025-12-09,KCEL,3371.0,240.0,0.7603096393701236,-0.6174344960211855,-0.03896103823819791,0.0006773809523809523,,0.0,,,0.0,,,48.52240673904662
2025-12-10,KCEL,3380.0,250.0,0.948797452250331,-0.5306275592983875,-0.3103448168846615,0.0006769841269841269,,0.0,,,0.0,,,46.383217117730354
2025-12-11,KCEL,3400.0,310.0,1.5017268161424817,-0.31551650440580725,0.7435897340565419,0.0006761904761904762,,0.0,,,0.0,,,44.02183524651489
2025-12-12,KCEL,3415.0,260.0,1.8370794821402945,-0.443204867383301,0.8914981420798244,0.0006750000000000001,,0.0,,,0.0,,,45.26601496909154
2025-12-15,KCEL,3408.0,620.0,1.543072732955669,0.4258320564526109,0.5639207026019211,0.0006750000000000001,,0.0,,,0.0,,,44.96165690682872
2025-12-17,KCEL,3391.3,1140.0,0.8973568373333675,0.9866937378928416,-0.4739999952599964,0.0006750000000000001,,0.0,,,0.0,,,48.802554563205156
2025-12-18,KCEL,3366.0,410.0,-0.0355814009878545,-0.10414014648134419,-0.9577985434457658,0.0006746031746031747,,0.0,,,0.0,,,48.86204104408032
2025-12-19,KCEL,3371.97,280.0,0.05691422017173832,-0.41729900037779305,-0.21488229196037756,0.0006746031746031747,,0.0,,,0.0,,,47.45651403887678
2025-12-22,KCEL,3393.0,600.0,0.6993620150036464,0.36865080770662534,0.7626716263320618,0.0006746031746031747,,0.0,,,0.0,,,45.305419200218154
2025-12-23,KCEL,3367.8,670.0,-0.13995961122441164,0.45518815498858806,-0.07333333211110507,0.0006753968253968253,,0.0,,,0.0,,,48.806537918368534
2025-12-24,KCEL,3352.51,320.0,-0.6823205619189383,-0.3409261685336117,-0.636929449568991,0.0006757936507936508,,0.0,,,0.0,,,46.38911974444258
2025-12-25,KCEL,3360.0,930.0,-0.5104232430610428,0.8069054587788543,-0.09069212255894306,0.0006769841269841269,,0.0,,,0.0,,,49.37270606083634
2025-12-26,KCEL,3370.0,270.0,-0.22834135631477062,-0.5108249089521979,0.1477291335017399,0.0006753968253968253,,0.0,,,0.0,,,47.22269282281553
2025-12-29,KCEL,3385.0,420.0,0.12964078616708907,0.011976177506857165,0.15429010564486903,0.0006777777777777777,,0.0,,,0.0,,,47.414002906758114
2025-12-30,KCEL,3390.0,220.0,0.2352259940445272,-0.6466261259657407,0.8136334955086452,0.0006746031746031747,,0.0,,,0.0,,,45.08049547641692
2025-12-31,KCEL,3383.0,190.0,-0.07236129602278271,-0.7812531069185403,0.6861514184748644,0.0006746031746031747,,0.0,,,0.0,,,44.67083347141936
2025-01-05,KEGC,1522.0,5980.0,2.1347265192490377,-1.2295576441076064,-0.599999880000024,0.0005726190476190476,1485.0,0.0,0.01756706349206349,-0.0418771817575037,0.0,-0.67757782172132,39.97404477161757,45.135231046277305
2025-01-06,KEGC,1520.8,45470.0,2.023998703786794,0.7990688282316657,0.06666665925924999,0.0005674603174603176,1485.0,0.0,0.01759920634920635,-0.041139448327112686,0.0,-0.6642946872515548,40.165432398774904,50.18364962855474
2025-01-08,KEGC,1515.02,30960.0,1.5110636284687071,0.3912730153842086,-0.7753058091984663,0.0005678571428571428,1484.0,0.0,0.017623015873015874,-0.03809799310103926,0.0,-0.6095322797376505,40.9575776740185,45.475078287096686
2025-01-09,KEGC,1512.0,22610.0,1.2322766740926459,0.07696974110151603,-0.199999960000008,0.0005825396825396825,1487.97,0.0,0.017628571428571427,-0.03352142857142855,0.0,-0.5271297213716075,42.15831353812641,47.763052989721345
2025-01-10,KEGC,1514.0,11880.0,1.062501114851625,-0.5665649532807345,0.6611294582841482,0.0006321428571428572,1488.0,0.0,0.01758214285714286,-0.03475519437629741,0.0,-0.5493440828403362,41.83363830874741,44.02842790588072
2025-01-13,KEGC,1516.0,11610.0,0.9855645259007155,-0.5661150444090269,0.38674881458021265,0.0005884920634920634,1489.5,0.0,0.017590873015873015,-0.03507108409766721,0.0,-0.5550317817756382,41.750621898401675,45.41170741617707
2025-01-14,KEGC,1512.0,5510.0,0.3015791664588239,-1.1490404615079435,-0.263157867036014,0.0005805555555555556,1484.5,0.0,0.01763412698412698,-0.03582195767195767,0.0,-0.5685515088833104,41.55347928213843,48.00034697598463
2025-01-15,KEGC,1519.48,7230.0,0.674774848588317,-0.6034905526341235,0.8959999104000127,0.0005857142857142858,1490.0,0.0,0.017671825396825398,-0.037073199551141356,0.0,-0.5910805328514792,41.22556713493052,45.58913718712303
2025-01-16,KEGC,1515.15,5920.0,0.2954016785062157,-0.694411646698263,-0.27380949121312037,0.0005837301587301588,1489.0,0.0,0.017686507936507938,-0.034945525195525254,0.0,-0.5527710522054142,41.78361344231868,47.119362975271606
2025-01-17,KEGC,1511.0,15000.0,-0.06244860202186031,0.24675307200343002,-0.5206929238986627,0.0005948412698412699,1489.0,0.0,0.017675396825396823,-0.03223529093525784,0.0,-0.5039723877547392,42.49749369022183,46.63003401721646
2025-01-20,KEGC,1514.0,7490.0,-0.04557702089812475,-0.4477271684763029,0.6923075857988329,0.0005884920634920634,1488.0,0.0,0.01766388888888889,-0.03483694040804344,0.0,-0.5508159471849907,41.81215084168035,44.39300748895401
2025-01-21,KEGC,1512.0,9140.0,-0.2177262889616986,-0.05118378770924308,0.07550075878262706,0.0005857142857142858,1486.0,0.0,0.017654761904761902,-0.0348505291005291,0.0,-0.5510606160885804,41.80857926796537,47.72721851131114
2025-01-22,KEGC,1511.0,11650.0,-0.4448252170218102,0.32886130196569796,-0.3859111496239537,0.0005888888888888889,1485.0,0.0,0.01764880952380952,-0.03485595710819073,0.0,-0.5511583491622113,41.80715262568223,47.64989047900908
2025-01-23,KEGC,1512.99,29160.0,-0.2768510354733749,1.2463524462522848,0.20361081207514095,0.0005944444444444445,1488.99,0.0,0.017626587301587303,-0.033489216929013785,0.0,-0.5265497400937352,42.16679950336099,49.307559451445634
2025-01-24,KEGC,1513.95,8170.0,-0.18074567925647944,-0.23892980299382618,0.3187918928201655,0.0005976190476190477,1489.0,0.0,0.01761031746031746,-0.03409038615479221,0.0,-0.5373739908815394,42.00850182208638,45.66570645557913
2025-01-27,KEGC,1506.0,70990.0,-0.6875031683454198,2.104400484242799,-0.45155388925467466,0.000594047619047619,1477.0,0.0,0.01763452380952381,-0.03689083191045342,0.0,-0.5877969431503757,41.273312384048275,53.33379587847612
2025-01-28,KEGC,1507.97,7700.0,-0.4094252002372861,-0.2981781802253135,0.48370915195260833,0.000588095238095238,1482.0,0.0,0.01766190476190476,-0.03488373278235611,0.0,-0.5516584593642548,41.799852564797426,44.50087460279372
2025-01-29,KEGC,1507.99,6160.0,-0.3598409996519311,-0.3400596641259106,-0.6638368991787973,0.0005738095238095239,1478.49,0.0,0.017717063492063492,-0.03727952743413207,0.0,-0.5947955346417261,41.171568814452776,46.289297297837166
2025-01-30,KEGC,1507.0,18190.0,-0.4108826308789965,0.742733829081024,-0.9999998305085033,0.0005718253968253969,1469.3,0.0,0.017765873015873016,-0.042782462266038934,0.0,-0.6938776967606787,39.73960914493455,51.4184837740843
2025-01-31,KEGC,1510.79,13330.0,-0.12383053848893431,0.25061770998837823,0.09759546002890712,0.0005785714285714286,1480.0,0.0,0.01780753968253968,-0.038187605740694665,0.0,-0.6111457849601296,40.93416872014305,47.98503513218416
2025-02-03,KEGC,1508.0,16320.0,-0.29151865457593745,0.3388029578083783,-0.3981945438119832,0.0005801587301587301,1473.1,0.0,0.017851190476190475,-0.040994426550461094,0.0,-0.6616835221871137,40.20309037805281,47.54052896436395
2025-02-04,KEGC,1502.0,183810.0,-0.6642782520781589,2.748772183111018,-0.6666666111111158,0.0005865079365079364,1481.01,0.0,0.017901984126984127,-0.03187668452645151,0.0,-0.4975155607306888,42.59219286604774,56.27220857056155
2025-02-05,KEGC,1492.0,75580.0,-1.0275476807929875,1.8600609073010383,-0.422928688683588,0.000588095238095238,1482.0,0.0,0.017951587301587302,-0.02465400017022001,0.0,-0.3674687395019936,44.510190120234604,53.03854611248247
2025-02-06,KEGC,1486.0,960790.0,-1.2544593800670372,4.104982775960408,0.0,0.0005869047619047619,1480.0,0.0,0.017990873015873016,-0.02202855807643829,0.0,-0.3201967860596772,45.21176670690455,50.05419472844703
2025-02-07,KEGC,1487.0,7030.0,-0.3669969418366328,-0.5149380924281723,0.3139841274427447,0.000590079365079365,1482.45,0.0,0.01802857142857143,-0.021088423479681016,0.0,-0.3032693516315173,45.463469876869176,45.712796066863405
2025-02-10,KEGC,1486.98,17490.0,-0.3549822622946945,0.4080392039264863,0.9942855722449234,0.0005825396825396825,1476.61,0.0,0.018087698412698413,-0.025061564907204133,0.0,-0.37480707742118646,44.40146848442183,48.245576951155584
2025-02-11,KEGC,1487.94,4170.0,-0.27399357534869073,-1.0970004940797486,0.646666558888925,0.0005805555555555556,1477.49,0.0,0.01816825396825397,-0.02519138662145238,0.0,-0.37714456033359955,44.366848554873926,45.249355427983396
2025-02-12,KEGC,1490.0,11670.0,-0.1301602445552715,-0.06790646285236081,0.21739128544423605,0.0005801587301587301,1483.0,0.0,0.018255555555555556,-0.022953542132736763,0.0,-0.3368514299948032,44.9643585498997,46.70406728658085
2025-02-13,KEGC,1493.0,7040.0,0.08097298716081554,-0.5741158835569221,0.7777776913580343,0.0005805555555555556,1482.0,0.0,0.018310714285714284,-0.025678430293751792,0.0,-0.3859139427762148,44.23701624054297,44.843593533235506
2025-02-14,KEGC,1487.0,5150.0,-0.31537197235058906,-0.8867234757626935,-0.7060133106151939,0.0005853174603174603,1482.0,0.0,0.018349603174603175,-0.021712077956042315,0.0,-0.31449845679459415,45.2964715507032,47.21035639611632
2025-02-17,KEGC,1485.0,8700.0,-0.4352148991070834,-0.292839009101115,-0.7777776913580343,0.0005813492063492063,1480.0,0.0,0.018396825396825398,-0.021763828763828763,0.0,-0.31543024720889334,45.282618744127575,47.18283599991102
2025-02-18,KEGC,1485.0,3710.0,-0.42500884975853165,-1.1451187761780277,-0.3610223257697272,0.0005996031746031746,1470.0,0.0,0.018438492063492063,-0.028539502164502163,0.0,-0.437428488303448,43.47597965334054,47.514845499599254
2025-02-19,KEGC,1484.0,10370.0,-0.4824015721339415,-0.11724637623672347,-0.5740148483477311,0.0005916666666666667,1467.03,0.0,0.01851468253968254,-0.029949992512728382,0.0,-0.4628248336390043,43.10189923511553,46.19241114354811
2025-02-20,KEGC,1487.97,5360.0,-0.2022281456693039,-0.720740807134755,0.9924998759375224,0.000588095238095238,1466.87,0.0,0.018585714285714285,-0.03276610770762477,0.0,-0.513529919345004,42.35741918799459,47.19329220578181
2025-02-21,KEGC,1488.0,3440.0,-0.16966589857813288,-1.0194843726794172,-0.6666665555555741,0.0005857142857142858,1470.0,0.0,0.01863095238095238,-0.030727726574500767,0.0,-0.476828192709724,42.89596741210845,47.12701003404537
2025-02-24,KEGC,1489.5,6480.0,-0.059696188320546205,-0.38624517615422593,0.8567334016141261,0.0005972222222222222,1471.0,0.0,0.018665079365079367,-0.031085354625233784,0.0,-0.48326740407300584,42.801355144076624,45.4747186548889
2025-02-25,KEGC,1484.5,22850.0,-0.34090767587326065,1.0248115975194456,-0.7628457894983584,0.0006238095238095239,1473.99,0.0,0.01866626984126984,-0.025746094698123993,0.0,-0.38713226276154633,44.21898497809516,50.80269026118317
2025-02-26,KEGC,1490.0,3880.0,0.04079451226762743,-0.8991234801518856,0.7910446580530239,0.0006234126984126985,1466.67,0.0,0.018663492063492063,-0.03432121018429739,0.0,-0.541530053893548,41.947765549768384,45.28704965015898
2025-02-27,KEGC,1489.0,3210.0,-0.020910144995264425,-1.0886839879047807,0.7101448246166959,0.0005984126984126983,1466.0,0.0,0.018685714285714285,-0.03413232274776935,0.0,-0.5381290731114771,41.99746532403183,45.26235333418596
2025-02-28,KEGC,1489.0,4490.0,-0.005096780796068342,-0.5611988067505796,-0.09090908264462885,0.0005837301587301588,1465.5,0.0,0.018717460317460317,-0.03449986461564702,0.0,-0.5447467860321183,41.900773293531955,48.09166968223655
2025-03-03,KEGC,1488.0,5610.0,-0.057967400954903915,-0.22634451302215114,0.33333327777778704,0.000576984126984127,1468.39,0.0,0.018760714285714287,-0.03193947772657443,0.0,-0.49864617307202946,42.5756067732784,45.57609629323875
2025-03-04,KEGC,1486.0,3020.0,-0.17655641434030508,-0.8050137742320572,-0.6638369555316638,0.0005765873015873015,1471.0,0.0,0.01881666666666667,-0.028910879318079858,0.0,-0.4441152568119003,43.377411705071836,46.650733628016106
2025-03-05,KEGC,1485.0,12880.0,-0.10230757394871932,0.756439100976504,-0.6666665555555741,0.0005829365079365079,1466.0,0.0,0.0188734126984127,-0.03166802549302549,0.0,-0.49375858580566745,42.64731967430061,48.69444156089827
2025-03-06,KEGC,1488.99,2980.0,0.19250277345775318,-0.7072987632896792,0.6633332227777993,0.0005722222222222222,1467.0,0.0,0.018936507936507935,-0.03370490799292202,0.0,-0.5304333290539118,42.109985824124365,44.43403391601328
2025-03-07,KEGC,1489.0,29800.0,0.13341619573688956,1.6924901875931941,0.7667843619806387,0.0005813492063492063,1471.0,0.0,0.01899365079365079,-0.031082300894389542,0.0,-0.4832124206389258,42.80216280189557,51.613297972108974
2025-03-11,KEGC,1477.0,100420.0,-0.6965269997604354,2.9073428120230593,-0.29999998500000075,0.0006182539682539682,1473.0,0.0,0.01900436507936508,-0.021712557361017078,0.0,-0.3145070886397606,45.29634321884014,52.30054330301731
2025-03-12,KEGC,1482.0,3270.0,-0.08830356591144418,-0.517225532841601,0.7721518412396298,0.0006154761904761904,1472.0,0.0,0.01901309523809524,-0.025760733564680935,0.0,-0.38739584039670616,44.21508420203905,44.851944276096276
2025-03-13,KEGC,1478.49,47710.0,-0.3187030601361524,2.1631218739270315,0.476521697693767,0.000628968253968254,1474.35,0.0,0.0190031746031746,-0.021803328814566023,0.0,-0.3161414586897496,45.27204574737461,50.56896022465165
2025-03-14,KEGC,1469.3,54240.0,-0.8681715904768428,2.291399170633657,-0.38527516902965886,0.0006206349206349206,1481.0,0.0,0.01899920634920635,-0.01103623078260998,0.0,-0.12227629667342076,48.16667780324283,53.04606212278168
2025-03-17,KEGC,1480.0,19570.0,0.00849459546344003,1.271978472942643,0.9999999305073016,0.0006202380952380952,1483.0,0.0,0.018999603174603176,-0.01697257614757615,0.0,-0.22916215882015703,46.567972932178535,51.83271473141045
2025-03-18,KEGC,1473.1,4940.0,-0.45121817837003536,-0.2018655016316031,-0.9999999197431847,0.0006238095238095239,1487.5,0.0,0.019001984126984128,-0.009226680345842255,0.0,-0.08969474242737266,48.654903492886156,49.85415429671523
2025-03-19,KEGC,1481.01,4019.9999999999995,0.0985559050899567,-0.3107340342663854,0.9999998735777657,0.0006373015873015873,1486.05,0.0,0.018990873015873013,-0.015587789984698366,0.0,-0.2042286258452092,46.94039807312089,46.945059015499254
2025-03-20,KEGC,1482.0,3250.0,0.16825562681562267,-0.5233599124516044,0.9999998437500244,0.0006376984126984128,1489.1,0.0,0.018980555555555553,-0.01418973234367977,0.0,-0.17905613551589084,47.31673832053283,46.96368845703755
2025-03-26,KEGC,1480.0,4760.0,0.04069354661173939,-0.07874877484599706,0.0,0.0006261904761904761,1491.01,0.0,0.01897420634920635,-0.011535017160017164,0.0,-0.13125711040620097,48.032160322372974,48.11693065597327
2025-03-27,KEGC,1482.45,8540.0,0.21486397726265316,0.5657807846802761,0.2432431994156663,0.0006277777777777778,1492.9,0.0,0.01896269841269841,-0.01191355678903485,0.0,-0.13807284165442688,47.930091068915715,47.81820235620896
2025-03-28,KEGC,1476.61,47420.0,-0.17936271386125816,2.196062487158495,0.2760241587626403,0.0006416666666666667,1494.88,0.0,0.018943650793650794,-0.006570715489135579,0.0,-0.04187321654110985,49.371934788386405,50.04557546866494
2025-03-31,KEGC,1477.49,6720.0,-0.0863254918401393,0.2421086866786963,0.2424241812060218,0.0006611111111111111,1491.0,0.0,0.018907539682539682,-0.009763653767914209,1.0,-0.09936312653230776,48.50999440201418,46.96290710548791
2025-04-01,KEGC,1483.0,40180.0,0.3118235792188037,2.0303876273387758,0.9999999166666736,0.0006674603174603175,1490.03,0.0,0.018874603174603176,-0.014134212075479796,1.0,-0.1780564747198404,47.33169028795787,54.2638584721776
2025-04-02,KEGC,1482.0,5240.0,0.22083525198700302,-0.16256605554684656,-0.22279789860131122,0.0006357142857142858,1491.0,0.0,0.018866666666666667,-0.012793792172739541,1.0,-0.15392177093583087,47.69281305297636,47.486502586890595
2025-04-03,KEGC,1482.0,4260.0,0.22345990575343536,-0.3696174927666932,0.5991982767137729,0.0006242063492063491,1492.0,0.0,0.01886190476190476,-0.012114266435319064,1.0,-0.14168668523415887,47.875978766662286,44.13913446263679
2025-04-04,KEGC,1480.0,3550.0,0.09353530456716844,-0.5519380907050324,-0.199999960000008,0.0006285714285714285,1489.99,0.0,0.01885436507936508,-0.012104365079365072,1.0,-0.14150840804465945,47.87864810481785,47.59213700820726
2025-04-07,KEGC,1470.0,38450.0,-0.5748824172274696,1.8609352558674876,-0.5444015023628129,0.0006412698412698412,1489.99,0.0,0.018837301587301587,-0.0052386621315192675,1.0,-0.017889155169861507,49.73166524863682,53.60137298876718
2025-04-08,KEGC,1467.03,45740.0,-0.7226965088894874,1.7908829289147445,-0.6616666115277869,0.0006678571428571428,1493.95,0.0,0.01880436507936508,-0.0004543654201896903,1.0,0.0682536898495962,51.023662287787275,54.538339749954964
2025-04-09,KEGC,1466.87,73410.0,-0.6511045927287683,2.2639695312912296,-0.05890410555452241,0.0006591269841269841,1432.0,0.0,0.018780555555555557,-0.042552259932903166,1.0,-0.6897328275974697,39.79917923001361,50.41318977177681
2025-04-10,KEGC,1470.0,7260.0,-0.34718405713623146,-0.6605965592637453,0.4545454132231443,0.0006309523809523809,1425.0,0.0,0.01877222222222222,-0.04938446712018141,1.0,-0.8127489782222446,38.044746814950564,44.84846025543771
2025-04-11,KEGC,1471.0,8840.0,-0.22108880276916595,0.11242376522954374,0.9999998461538698,0.0006313492063492063,1428.0,0.0,0.0187531746031746,-0.04798498969494891,1.0,-0.7875509242084646,38.40174704428488,47.477471770569366
2025-04-14,KEGC,1473.99,4660.0,0.029544892323222816,-0.5278454130988026,0.5540740330315544,0.000625,1432.5,0.0,0.018741666666666667,-0.04688975450986778,1.0,-0.7678308523774511,38.682013062132995,44.31061244008858
2025-04-15,KEGC,1466.67,57500.0,-0.4632191537922526,1.984919825659711,-0.5638370901423568,0.0006206349206349206,1435.6,0.0,0.018732936507936507,-0.03991697927147579,1.0,-0.6422837274899169,40.48323170585694,53.91317047113749
2025-04-16,KEGC,1466.0,7460.0,-0.41236087846242064,-0.057307180054334765,0.1135857208049597,0.0006206349206349206,1439.99,0.0,0.018727380952380954,-0.03646953647761969,1.0,-0.580211379510048,41.38367340636678,47.40452442736769
2025-04-17,KEGC,1465.5,4160.0,-0.4642611383446779,-0.5705427902792422,0.14613176328602473,0.0006154761904761904,1441.99,0.0,0.01871388888888889,-0.034756195268963945,1.0,-0.5493621042439105,41.83337519895252,47.15879549004188
2025-04-18,KEGC,1468.39,25200.0,-0.23618806106119666,1.282361472213695,0.9999999037536186,0.0006202380952380952,1441.0,0.0,0.018687698412698413,-0.037340781040610685,1.0,-0.5958984260901755,41.155542143681146,52.16708040511801
2025-04-21,KEGC,1471.0,11740.0,-0.0429786918935285,0.46694086627621056,0.9999999090909174,0.0006325396825396825,1450.99,0.0,0.018651984126984125,-0.03225497528945863,1.0,-0.5043268110640651,42.49229712133633,48.18954979113475
2025-04-22,KEGC,1466.0,5580.0,-0.3752567017242421,-0.36025165845448015,-0.0345937220761335,0.0006396825396825397,1448.98,0.0,0.018605952380952383,-0.030215775027609942,1.0,-0.4676103357451145,43.031496970218,47.93836474145159
2025-04-23,KEGC,1467.0,3640.0,-0.2965977542867322,-0.7874547856598748,0.272871895555146,0.0006353174603174604,1446.0,0.0,0.018582142857142856,-0.03289707128250073,1.0,-0.5158879618357674,42.322878677241796,46.47544679269523
2025-04-24,KEGC,1471.0,7170.0,-0.015284840423142028,-0.1095355907593987,0.4336916785498971,0.0006384920634920634,1438.98,0.0,0.018568650793650793,-0.04033615589222318,1.0,-0.6498311412176888,40.37416905296218,44.89208571990898
2025-04-25,KEGC,1473.0,11720.0,0.1369101607511869,0.4652358198307062,0.503330113860141,0.000628968253968254,1443.0,0.0,0.018556746031746032,-0.038923344809750106,1.0,-0.624393010294277,40.742132409980606,45.90999747704688
2025-04-28,KEGC,1472.0,8280.0,0.1133441885637839,0.11778275449763517,0.5211072303731985,0.0006242063492063491,1442.0,0.0,0.018550396825396828,-0.03893083160800552,1.0,-0.6245278125736341,40.74017971230629,44.81787229508953
2025-04-29,KEGC,1474.35,5120.0,0.27942480620465404,-0.42990234701331476,0.9478622577828716,0.000619047619047619,1458.4,0.0,0.018551190476190475,-0.029369517196439952,1.0,-0.45237318353748734,43.25575606269582,46.24414216688627
2025-04-30,KEGC,1481.0,69660.0,0.8311885476536919,2.247564272656796,0.777406745831567,0.0006166666666666666,1461.0,0.0,0.018556349206349205,-0.03206073813275029,1.0,-0.5008295068003634,42.54358197993512,52.90719231325521
2025-05-02,KEGC,1483.0,46390.0,0.8344044430971271,1.7740237282324336,0.49874674216873743,0.0006206349206349206,1460.4,0.0,0.018554365079365077,-0.033793744715238244,1.0,-0.5320328636280115,42.086592027200375,50.86258223703649
2025-05-05,KEGC,1487.5,55110.0,1.0599793905803048,1.862228799568773,0.9756096073766062,0.0006261904761904761,1463.85,0.0,0.01854404761904762,-0.034443207282913224,1.0,-0.543726652012975,41.91567453278049,53.28772606587535
2025-05-06,KEGC,1486.05,47260.0,0.8469212649413675,1.5254621198914693,-0.5550846281600582,0.0006261904761904761,1462.48,0.0,0.01853373015873016,-0.034394569296040435,1.0,-0.5428509089690039,41.92846780954156,51.11603949984861
2025-05-08,KEGC,1489.1,38390.0,0.9554390224343986,1.3175949472809305,0.5721648747209996,0.0006273809523809525,1462.48,0.0,0.018521825396825398,-0.0363983951369368,1.0,-0.5789304561362091,41.402317907877965,49.40865960140746
2025-05-12,KEGC,1491.01,8390.0,0.9605560829197424,-0.2031591933069201,0.2769830589098875,0.0006198412698412699,1460.0,0.0,0.018517460317460318,-0.03931544289302989,1.0,-0.6314528659968741,40.63990533761291,46.40287201720389
2025-05-13,KEGC,1492.9,19740.0,0.9545426018161767,0.8291407459936603,0.26086950850669305,0.0006162698412698412,1455.5,0.0,0.018517063492063494,-0.04356897587735393,1.0,-0.7080391345253471,39.536311163950884,48.729681580911254
2025-05-14,KEGC,1494.88,16140.0,1.0359819568716622,0.4510996151982934,0.945945732895155,0.0006226190476190475,1458.0,0.0,0.018509920634920636,-0.04318079722702174,0.0,-0.7010498495095908,39.63660281050001,46.54576152251806
2025-05-15,KEGC,1491.0,7540.0,0.7252333021029489,-0.4419264068813777,-0.8018016212158289,0.000625,1453.5,0.0,0.0185,-0.043650905432595574,0.0,-0.709514303271253,39.51515468012876,46.41815152940083
2025-05-16,KEGC,1490.03,10380.0,0.6432827045492981,-0.12226853202505635,0.16162487799265224,0.0006345238095238095,1449.99,0.0,0.018480555555555552,-0.04535249773121642,0.0,-0.7401520355254599,39.07665460536088,47.477890711063544
2025-05-19,KEGC,1491.0,23050.0,0.5602865483430366,0.7352343778383192,0.21836503713717745,0.0006277777777777778,1450.0,0.0,0.018469444444444445,-0.045967767717415606,0.0,-0.7512301751694268,38.918528928749595,48.550309719184014
2025-05-20,KEGC,1492.0,11850.0,0.5772525184352373,0.0101781865852076,0.9999997777778271,0.0006194444444444444,1453.99,0.0,0.01846587301587302,-0.04394174432954594,0.0,-0.7147509538256168,39.440083766622955,46.78104504482121
2025-05-21,KEGC,1489.99,12450.0,0.4141869554177349,0.05404481362850987,-0.5686955532703354,0.000621031746031746,1453.02,0.0,0.018460317460317458,-0.04327256452237829,0.0,-0.7027021500207682,39.61288548397145,45.64257341943829
2025-05-22,KEGC,1489.99,66920.0,0.3390947288160553,1.7358206980493882,0.29352515873919005,0.0006242063492063491,1455.3,0.0,0.018451984126984126,-0.04173401957688651,0.0,-0.6750001392986662,40.0111611075129,50.1945257219246
2025-05-23,KEGC,1493.95,104710.0,0.5343577659730216,2.1538637273994063,0.7522122562456063,0.0006349206349206349,1450.05,0.0,0.018432539682539682,-0.04781772660311941,0.0,-0.7845392969064156,38.44449966709834,52.516048213201614
2025-05-26,KEGC,1432.0,236040.0,-3.740974317414297,2.804089570606994,-0.540788755526894,0.0006353174603174604,1454.2,0.0,0.018413492063492062,-0.0029106987674026447,0.0,0.024026595333485393,50.36039268862853,59.765057394757626
2025-05-27,KEGC,1425.0,47990.0,-3.157020713340593,0.9839583920821406,-0.9999999234889118,0.0006226190476190475,1454.01,0.0,0.01840793650793651,0.0019499582289055906,0.0,0.11154433254534857,51.672540735295634,54.480484379995545
2025-05-28,KEGC,1428.0,18050.0,-2.7795202093820057,-0.1700111982084419,0.49999987500003124,0.0006123015873015872,1456.0,0.0,0.01841111111111111,0.001196732026143791,0.0,0.09798224558375783,51.46931052375919,44.153465768141324
2025-05-29,KEGC,1432.5,22820.0,-2.4119784510217666,0.06447997001642905,0.5555555144032953,0.0006134920634920636,1449.0,0.0,0.01841309523809524,-0.006894770630765396,0.0,-0.04770793656946237,49.284429810936835,44.859231427285366
2025-05-30,KEGC,1435.6,8780.0,-2.1361321429923827,-0.9601846696644829,0.8697828264135183,0.000611904761904762,1454.0,0.0,0.018416666666666668,-0.005599726014674405,0.0,-0.024390229832539134,49.63415308157539,47.15392702294483
2025-06-02,KEGC,1439.99,5150.0,-1.8128272269682852,-1.4936608509724567,0.9530330815982645,0.0006150793650793651,1452.1,0.0,0.01841904761904762,-0.010009266995571137,0.0,-0.10378547394957313,48.44372075859298,49.03150660063082
2025-06-03,KEGC,1441.99,383770.0,-1.581535801250463,2.8922739589971256,0.368998577640808,0.000601984126984127,1450.0,0.0,0.018440079365079364,-0.01288525582261375,0.0,-0.15556860420964727,47.6681637154772,49.6890892539601
2025-06-04,KEGC,1441.0,21480.0,-1.0756923529850433,0.009354580128039497,0.20300750353327454,0.000594047619047619,1452.0,0.0,0.018468253968253967,-0.010834666181994426,0.0,-0.11864705935811863,48.22104532318529,46.528856596595865
2025-06-05,KEGC,1450.99,54070.0,-0.26441731351801734,0.9645014407231564,0.8831290402329093,0.0005968253968253967,1446.01,0.0,0.018492460317460317,-0.021924599753293795,0.0,-0.31832498206016513,45.23958776897135,49.5144943680415
2025-06-09,KEGC,1448.98,16170.000000000002,-0.29937878346811037,-0.2426179767652517,0.6051079955689634,0.0005936507936507937,1446.58,0.0,0.018519444444444443,-0.020175782006039557,0.0,-0.2868369399802806,45.70803437391457,44.306058506803986
2025-06-10,KEGC,1446.0,13430.0,-0.4141328197488988,-0.3414051466407736,0.0,0.0006115079365079366,1450.0,0.0,0.018528174603174605,-0.015761922874267274,0.0,-0.20736394612820983,46.893547080778006,47.85746060041695
2025-06-11,KEGC,1438.98,492980.0,-0.8722937008926966,3.2615684678659425,-0.5742856732653064,0.000625,1449.98,0.0,0.01852301587301587,-0.01087871226907419,0.0,-0.11944012372723282,48.209164517211676,55.81401628307657
2025-06-12,KEGC,1443.0,14070.0,-0.28736051119482225,-0.33986621419029056,0.9375671757193644,0.0006170634920634921,1448.1,0.0,0.018526984126984128,-0.014992680592680656,0.0,-0.1935134843689694,47.10055430987886,46.43331339180773
2025-06-13,KEGC,1442.0,9390.0,-0.3201421530874623,-0.744263010513628,0.7714791167866207,0.0006178571428571429,1447.61,0.0,0.018529761904761903,-0.014639331946370848,0.0,-0.18715132509803195,47.19567619972262,45.13455762757199
2025-06-16,KEGC,1458.4,197250.0,0.8302707935585365,2.3005556812095582,0.9999999509803945,0.0006198412698412699,1454.27,0.0,0.01852857142857143,-0.021360441971632393,0.0,-0.3081671345677438,45.39061767878433,54.57318357658826
2025-06-17,KEGC,1461.0,52010.0,0.9340860316854263,0.8535962298263348,0.6012809766788638,0.0006218253968253969,1448.01,0.0,0.01852777777777778,-0.027418948208989283,0.0,-0.4172525436349032,43.77369784320423,47.03740582645465
2025-06-18,KEGC,1460.4,68100.0,0.9043196931973166,1.1231369912276574,0.2720847736060538,0.0006186507936507937,1449.01,0.0,0.018526984126984128,-0.026326217213809722,0.0,-0.39757756057149873,44.064456502971986,49.48461086115102
2025-06-19,KEGC,1463.85,7350.0,1.1289968740923448,-1.5721427911021806,0.6581195456205852,0.0006158730158730159,1448.0,0.0,0.018527777777777775,-0.029355389896505726,0.0,-0.452118816828605,43.259502182927456,46.35118509158563
2025-06-20,KEGC,1462.48,9420.0,1.04985640504548,-1.3240107945438087,0.5182926302548322,0.0006158730158730159,1448.0,0.0,0.01852857142857143,-0.028429561527581342,0.0,-0.43544897076533545,43.50516915142507,46.26248185325245
2025-06-23,KEGC,1462.48,16250.0,1.1562691144613566,-0.30974312637461365,0.49599995040000866,0.0006154761904761904,1447.99,0.0,0.018528968253968253,-0.02843679605332278,0.0,-0.43557923079462213,43.503248229155815,44.29706127761811
2025-06-24,KEGC,1460.0,13200.0,1.181897914998452,-0.4036937351368179,-0.6666665555555741,0.0006154761904761904,1447.9,0.0,0.018528968253968253,-0.0268166394868449,0.0,-0.4064077758380639,43.933911199035066,44.78624937853037
2025-06-25,KEGC,1455.5,4470.0,0.7367983176585371,-1.3445975935665353,-0.7872338750566243,0.0006158730158730159,1448.0,0.0,0.018528571428571426,-0.023681439858664177,0.0,-0.34995746935187216,44.7698400210008,48.169187773014805
2025-06-26,KEGC,1458.0,4580.0,0.8609295384893183,-1.2639181512573239,0.146131791200399,0.0006154761904761904,1446.0,0.0,0.018528571428571426,-0.026759024103468546,0.0,-0.4053703918001607,43.94924349959317,49.42760909950156
2025-06-27,KEGC,1453.5,10620.0,0.5312521957734643,-0.35327737258738584,-0.9999998461538698,0.0006150793650793651,1446.7,0.0,0.01852857142857143,-0.023206934001670815,0.0,-0.34141383442157863,44.89662601465619,49.022901780450844
2025-06-30,KEGC,1449.99,9400.0,0.2694208209064134,-0.38032677467775006,-0.6805777944961636,0.0006150793650793651,1445.0,0.0,0.01852857142857143,-0.02196997447273036,0.0,-0.31914196889439916,45.22744433507352,45.842056173557474
2025-07-01,KEGC,1450.0,9290.0,0.26374994676600433,-0.39209782171094354,-0.460188871769389,0.0006166666666666666,1444.7,0.0,0.018526984126984128,-0.0221821565407772,0.0,-0.322962377223252,45.170666557649966,45.67248411686087
2025-07-02,KEGC,1453.99,7980.0,0.5363215079513852,-0.5440967124620167,0.6156968043711892,0.0006158730158730159,1444.5,0.0,0.018526190476190474,-0.025053057923696997,0.0,-0.3746539063688763,44.40373725632623,44.13442205838869
2025-07-03,KEGC,1453.02,5530.0,0.35553278204168315,-0.8786979507643259,-0.9833329236112975,0.0006154761904761904,1443.9,0.0,0.01852579365079365,-0.024802376216759632,0.0,-0.37014029930542197,44.47060330824167,49.78813641802495
2025-07-04,KEGC,1455.3,20190.0,0.5009699737533578,0.5278073004948222,0.97297284149012,0.0006158730158730159,1445.0,0.0,0.018525,-0.025602578506149904,0.0,-0.38454820624729824,44.25723108907717,47.550232349291626
2025-07-08,KEGC,1450.05,27910.0,0.13930935070387732,0.8516043015981272,-0.7959182899982307,0.0006154761904761904,1444.0,0.0,0.018524603174603173,-0.022696873096329978,0.0,-0.33223001908353506,45.03298612241957,49.390966009196326
2025-07-09,KEGC,1454.2,7440.0,0.4230439303063421,-0.4705050288550874,0.5333332888889002,0.0006162698412698412,1443.0,0.0,0.0185234126984127,-0.02622524188284403,0.0,-0.39575946633299397,44.09134533874768,44.27799863233395
2025-07-10,KEGC,1454.01,19680.0,0.4047667487605313,0.6750173773954027,0.33555920942250056,0.0006170634920634921,1441.99,0.0,0.01852142857142857,-0.026788221784680186,0.0,-0.4058961057094978,43.941473422850905,47.58910419571748
2025-07-11,KEGC,1456.0,15620.0,-0.07987864376754819,0.4439681289804335,0.20079918073934186,0.0006154761904761904,1440.99,0.0,0.018521031746031747,-0.028830097680097675,0.0,-0.4426607566960027,43.39884768965614,47.700733545019354
2025-07-14,KEGC,1449.0,13720.0,-0.5842245199675505,0.31427083268936384,-0.9999999028182797,0.0006154761904761904,1438.0,0.0,0.018521031746031747,-0.026112474120082815,0.0,-0.3937290454588608,44.121378491244954,50.32383110244187
2025-07-15,KEGC,1454.0,10490.0,-0.24497327934065224,-0.12695566544247053,0.8779341349085567,0.0006154761904761904,1438.51,0.0,0.018522619047619048,-0.02917598906137421,0.0,-0.4488886454430179,43.30708039066526,45.880329713950886
2025-07-16,KEGC,1452.1,16610.0,-0.33407587038710734,0.45340466685069125,-0.31111107654323394,0.0006174603174603175,1439.0,0.0,0.018528174603174602,-0.02754959186093916,0.0,-0.419604825807546,43.73896381193138,48.29974816969104
2025-07-17,KEGC,1450.0,22650.0,-0.41152510705328765,0.7635594171923759,-0.7575756657484042,0.000623015873015873,1439.0,0.0,0.01853531746031746,-0.026121524356869184,0.0,-0.39389199796618146,44.11896800555469,49.440191120574006
2025-07-18,KEGC,1452.0,20400.0,-0.15572788968487636,0.6589346425359853,0.4366196568141256,0.0006222222222222223,1441.9,0.0,0.01853452380952381,-0.025490446674537523,0.0,-0.3825292355238774,44.28711821883341,46.93426105950371
2025-07-21,KEGC,1446.01,11700.0,-0.5375643723976582,-0.017789521561475508,-0.9966665005555863,0.000621031746031746,1440.0,0.0,0.01853611111111111,-0.022692375590609864,0.0,-0.332149040005188,45.03418882437779,49.87604976401051
2025-07-22,KEGC,1446.58,12990.0,-0.454121526697878,0.04245916307443469,-0.8050418815055921,0.0006206349206349206,1442.5,0.0,0.018536507936507938,-0.021356953400982717,0.0,-0.30810432169911406,45.39155186615049,47.58115027316719
2025-07-23,KEGC,1450.0,25690.0,-0.1572413934660161,0.732850131896036,0.34744943720408356,0.0006202380952380952,1447.76,0.0,0.018544444444444443,-0.020089272030651348,0.0,-0.28527929925434986,45.731227753940644,47.5917122192494
2025-07-24,KEGC,1449.98,11570.0,-0.1187573544785858,-0.06483550645283627,0.9920157700567397,0.0006198412698412699,1443.61,0.0,0.018553174603174606,-0.02294633864681667,0.0,-0.3367217288477684,44.96628434112615,47.08363334164437
2025-07-25,KEGC,1448.1,10200.0,-0.2393299124198248,-0.19086316056252256,-0.9333330222223866,0.000621031746031746,1442.01,0.0,0.018563095238095236,-0.022768605907247864,0.0,-0.3335215920746241,45.01380445498721,48.75018412771093
2025-07-28,KEGC,1447.61,7010.0,-0.25769986934071787,-0.5659125288294646,0.043999991199961744,0.0006206349206349206,1443.0,0.0,0.018581746031746033,-0.02176630540892628,0.0,-0.3154748400231932,45.28195580687676,47.86908065590608
2025-07-29,KEGC,1454.27,46970.0,0.21302228399183087,1.3362571231193245,0.9723403220914322,0.0006186507936507937,1443.5,0.0,0.018614285714285715,-0.026020063183393914,0.0,-0.3920651559725662,44.145993270031035,51.665712638652074
2025-07-30,KEGC,1448.01,9870.0,-0.2515625075132885,-0.30239056528448444,-0.9015871584782454,0.000621031746031746,1459.45,0.0,0.01864126984126984,-0.010740771916531715,0.0,-0.1169564620465396,48.246372636523695,48.40423138637395
2025-07-31,KEGC,1449.01,15830.0,-0.17830579644908803,0.1700158375469442,-0.10666664296297226,0.0006178571428571429,1458.0,0.0,0.018650396825396823,-0.01244616082978602,0.0,-0.14766255360321084,47.78650941028482,48.35214630887309
2025-08-01,KEGC,1448.0,4350.0,-0.23545418976017446,-1.2156260619639807,0.49999987500003124,0.0006166666666666666,1455.5,0.0,0.01865873015873016,-0.013479172147680435,0.0,-0.16626226412074574,47.5081321870837,45.90880667356584
2025-08-04,KEGC,1448.0,10610.0,-0.23052490858844166,-0.3240072079765362,-0.03870967117586067,0.0006166666666666666,1455.0,0.0,0.018668253968253966,-0.013833999824607557,0.0,-0.17265105382723803,47.41254761228328,47.99350521079422
2025-08-05,KEGC,1447.99,5730.0,-0.20653260537443174,-0.8461737150439952,0.7114284697959354,0.0006158730158730159,1455.69,0.0,0.018671031746031748,-0.013353315463460705,0.0,-0.1639961728856998,47.542040272746554,44.90028083296053
2025-08-06,KEGC,1447.9,7960.0,-0.2147983186425833,-0.43882145552773083,0.28104572101899955,0.0006154761904761904,1456.8,0.0,0.01867579365079365,-0.012528960305949488,0.0,-0.14915338556309982,47.76419120061767,46.0145562746715
2025-08-07,KEGC,1448.0,9070.0,-0.19677559489718716,-0.3082784204456653,0.4999999375000079,0.0006154761904761904,1456.0,0.0,0.018684126984126984,-0.013159265105673945,0.0,-0.16050223199837768,47.594325407798586,44.42984673193306
2025-08-08,KEGC,1446.0,24350.0,-0.31370990698184636,0.7385134041719225,0.4999999375000079,0.0006154761904761904,1455.5,0.0,0.018694444444444444,-0.012124596588289533,0.0,-0.14187268305579379,47.8731938406793,47.084620456142815
2025-08-11,KEGC,1446.7,7700.0,-0.2201916906097268,-0.4127968139546644,0.1304347389850702,0.0006150793650793651,1454.11,0.0,0.018705158730158728,-0.013583156932965216,0.0,-0.16813454457984778,47.48011852181365,47.29995563753138
2025-08-12,KEGC,1445.0,12240.0,-0.33453503530863665,0.09866535213706404,0.6661100724357146,0.0006150793650793651,1457.9,0.0,0.018719047619047618,-0.009791711978909146,0.0,-0.0998683239034358,48.502423205283065,44.89560952805211
2025-08-13,KEGC,1444.7,11030.0,-0.33112582976046157,-0.0533988943071771,0.7999997333334525,0.0006150793650793651,1459.7,0.0,0.018741666666666663,-0.008358888235158393,0.0,-0.0740698583931687,48.88913495571462,45.34250593599576
2025-08-14,KEGC,1444.5,9500.0,-0.32196343235174224,-0.17351068572601622,-0.24999993750001562,0.0006150793650793651,1464.9,0.0,0.018757936507936508,-0.0046354027592344724,0.0,-0.007027270602751804,49.89459109711943,47.379684072034365
2025-08-15,KEGC,1443.9,7270.0,-0.34754480583555153,-0.3976393618534576,0.8999995500003158,0.0006150793650793651,1478.57,0.0,0.018767460317460318,0.005243897809833708,0.0,0.17085280439480732,52.560550132508645,46.062510304820385
2025-08-18,KEGC,1445.0,7770.0,-0.24554471761527896,-0.2920158690917387,0.026086951984893733,0.0006150793650793651,1475.01,0.0,0.018775396825396824,0.001992769264568567,0.0,0.11231515940512612,51.68409011081526,47.846778868033226
2025-08-19,KEGC,1444.0,15150.0,-0.3151561149226767,0.4119211161797875,0.33333322222225925,0.0006150793650793651,1480.0,0.0,0.01878968253968254,0.006141065382755134,0.0,0.18700660334453337,52.80215979745939,46.63687229087318
2025-08-20,KEGC,1443.0,12690.0,-0.37271039138554957,0.23473502857664205,-0.34228164947539486,0.0006150793650793651,1480.99,0.0,0.018798809523809523,0.007528286803286811,0.0,0.21198398393916684,53.175479996586674,47.566842177495914
2025-08-21,KEGC,1441.99,11540.0,-0.41190277122674185,0.1397401184143765,-0.007518795108064546,0.0006150793650793651,1481.99,0.0,0.018807539682539683,0.008931903725528333,0.0,0.2372565709660149,53.55285081819582,48.18023048552753
2025-08-22,KEGC,1440.99,9420.0,-0.455268479135698,-0.06324381336441522,0.994871539776533,0.0006150793650793651,1480.0,0.0,0.018809920634920634,0.00826174537247705,0.0,0.22519014811881058,53.37272279808965,47.351214491541235
2025-08-25,KEGC,1438.0,10070.0,-0.6430244851560194,0.038982361304417894,-0.7499999062500118,0.0006154761904761904,1481.7,0.0,0.018810317460317458,0.011579112303243076,0.0,0.28492043715229237,54.263428501440735,47.273453767476155
2025-08-26,KEGC,1438.51,12620.0,-0.5813586280267684,0.23570201079632375,-0.6976976278580974,0.0006170634920634921,1480.0,0.0,0.018809523809523807,0.010032820004561606,0.0,0.25707893277304544,53.84855653138095,47.27890329494266
2025-08-27,KEGC,1439.0,10950.0,-0.4028513715941177,0.09375877589254979,0.3749998828125455,0.000623015873015873,1481.02,0.0,0.01880515873015873,0.010395675182280451,0.0,0.2636122602869353,53.9459610187313,45.55734381146978
2025-08-28,KEGC,1439.0,12280.0,-0.37243424982215867,0.171951888744861,0.3939392745638478,0.0006301587301587302,1484.0,0.0,0.018812698412698413,0.012459018057072259,0.0,0.30076343133874023,54.49924821542227,45.60454284034026
2025-08-29,KEGC,1441.9,10250.0,-0.12626567643924533,-0.008742154481863773,0.379999962000022,0.0006214285714285714,1483.0,0.0,0.018864285714285712,0.009639771432534392,0.0,0.25000196320611195,53.74301381743902,45.3860148350954
2025-09-02,KEGC,1440.0,13430.0,-0.24606158786665702,0.2528045078619764,0.0,0.0006226190476190475,1484.0,0.0,0.01891031746031746,0.011645238095238094,0.0,0.2861110539127718,54.28115736235439,48.35667508783219
2025-09-03,KEGC,1442.5,14850.0,-0.04314733616296984,0.337145565758868,0.09289616640289743,0.000621031746031746,1482.0,0.0,0.01896468253968254,0.008418333058237738,0.0,0.22800956120297314,53.41481915319727,48.17750097807463
2025-09-04,KEGC,1447.76,5680.0,0.3325588539272651,-0.6600335568464583,0.27574747776883046,0.0006281746031746032,1482.0,0.0,0.01901388888888889,0.004636439894887434,0.0,0.15991532367812378,52.39689127266316,46.518026623764115
2025-09-05,KEGC,1443.61,7410.0,0.048624205102269946,-0.39415482826100984,-0.07573811607985009,0.0006285714285714285,1484.5,0.0,0.01906031746031746,0.009264507111415972,0.0,0.24324520496014346,53.642215265523554,48.0741441692454
2025-09-08,KEGC,1442.01,10750.0,-0.04971289615467079,-0.02207999086623827,-0.4846153224852144,0.0006309523809523809,1482.15,0.0,0.019103968253968255,0.00873217712643833,0.0,0.23366042747622448,53.4991769313649,46.11234731365664
2025-09-09,KEGC,1443.0,19050.0,0.047416092032444686,0.5629015998683127,0.33333327777778704,0.0006392857142857143,1485.0,0.0,0.019144047619047616,0.009961981486981492,0.0,0.2558034618293514,53.82953725695718,47.16360150479333
2025-09-10,KEGC,1443.5,26280.0,0.08850539372500789,0.8718218324049821,0.12499998437500197,0.0006511904761904762,1479.01,0.0,0.01917420634920635,0.005425724374728522,0.0,0.17412665184725798,52.60952657691994,49.054845795954186
2025-09-11,KEGC,1459.45,48200.0,1.1945659167644627,1.478372416762122,0.9999999485861208,0.0006480158730158729,1449.75,0.0,0.019203571428571427,-0.02584991080299333,0.0,-0.3890015060739657,44.19132294700398,51.5709304587847
2025-09-12,KEGC,1458.0,13600.0,0.8898610150042048,0.1901459954715102,0.3961605238952378,0.000626984126984127,1443.5,0.0,0.019251587301587304,-0.02919671761708799,0.0,-0.44926186994602596,43.30158241748233,45.6784728274912
2025-09-15,KEGC,1455.5,15570.0,0.6717226825164865,0.26796732689152514,-0.2329149070491653,0.000625,1432.0,0.0,0.019306349206349206,-0.03545200362063983,0.0,-0.5618903638018347,41.65057772279186,47.969960584797384
2025-09-16,KEGC,1455.0,9630.0,0.5972299789332238,-0.2568370589179926,0.1887072668122355,0.0006261904761904761,1425.6,0.0,0.01936190476190476,-0.03956809032891513,0.0,-0.6360018666603336,40.57407845075348,47.180289205783005
2025-09-17,KEGC,1455.69,5680.0,0.6223966761332692,-0.7847680047982762,-0.23142853836733607,0.0006186507936507937,1421.5,0.0,0.01944047619047619,-0.04292761974439224,0.0,-0.6964913051791518,39.702061963176334,47.53823314242622
2025-09-18,KEGC,1456.8,5610.0,0.6762952306613031,-0.7528263440098666,0.43589738001314143,0.0006202380952380952,1421.0,0.0,0.01950793650793651,-0.0440823461729557,0.0,-0.717282536529845,39.40380965992747,45.23656534756986
2025-09-19,KEGC,1456.0,11960.0,0.5940452743510294,0.061644090577363836,-0.49999987500003124,0.0006238095238095239,1419.0,0.0,0.019560317460317462,-0.04497240537240538,0.0,-0.7333083468636336,39.17445415246175,45.6297437489971
2025-09-22,KEGC,1455.5,6890.0,0.5174989402368775,-0.5083544405297751,0.0,0.0006257936507936508,1418.0,0.0,0.019609920634920636,-0.045374262785384395,0.0,-0.7405439225260283,39.071057002654754,48.3267091410841
2025-09-23,KEGC,1454.11,7210.0,0.39136005093215676,-0.462956668781753,-0.11199995520009795,0.0006257936507936508,1406.5,0.0,0.019659920634920634,-0.05240159767448429,0.0,-0.8670734119738785,37.27951690638249,48.07794897636318
2025-09-24,KEGC,1457.9,7250.0,0.6151599283656725,-0.4574241688120505,0.977358367627899,0.000628968253968254,1402.0,0.0,0.01970714285714286,-0.05804996472421199,0.0,-0.9687741292863059,35.864168932179815,46.4495958915048
2025-09-25,KEGC,1459.7,8760.0,0.6872849515048076,-0.21396888639532338,0.8888887242798845,0.0006376984126984128,1411.84,0.0,0.019744047619047616,-0.052531606706531425,0.0,-0.8694142676052288,37.24668259630807,45.3963015639728
2025-09-26,KEGC,1464.9,18520.0,0.9911587026674743,0.5674754352025626,0.8153844899408756,0.0006313492063492063,1409.71,0.0,0.019788095238095237,-0.057463021854246545,0.0,-0.9582060287412504,36.0101503831083,45.974187205426304
2025-09-29,KEGC,1478.57,12220.0,1.8261990647346702,0.1516985179044752,0.9999999273783641,0.0006246031746031746,1404.52,0.0,0.019838095238095238,-0.06992026923053385,0.0,-1.1825028888342657,32.97089482639094,46.29614562363864
2025-09-30,KEGC,1475.01,17510.0,1.4696300627184098,0.43311355506944527,-0.6387519476598037,0.000623015873015873,1402.59,0.0,0.01988968253968254,-0.0689876547568201,0.0,-1.1657108567092973,33.19393893166796,45.16354674792868
2025-10-01,KEGC,1480.0,6790.0,1.6699214370657456,-0.5142064268878964,0.4513787443572003,0.0006293650793650793,1399.0,0.0,0.019934920634920635,-0.07466465036465036,0.0,-1.2679270406812064,31.84821042287156,44.723250113528245
2025-10-02,KEGC,1480.99,7500.0,1.6426710204789752,-0.3065033610775762,0.7724999034374916,0.0006242063492063491,1398.0,0.0,0.01998531746031746,-0.07602215768206103,0.0,-1.2923694090191828,31.530746412262793,44.15461932965966
2025-10-03,KEGC,1481.99,5700.0,1.6504640954694418,-0.5809396427564374,0.9966609354489286,0.0006238095238095239,1396.02,0.0,0.020036111111111112,-0.07804594923417539,0.0,-1.328808445421887,31.060656864228285,46.630909797667904
2025-10-06,KEGC,1480.0,11020.0,1.450018186001557,0.07830485867345884,-0.0010010009007997995,0.0006174603174603175,1392.01,0.0,0.02009325396825397,-0.07954595667095668,0.0,-1.3558165755507507,30.714730852849037,48.78167236352189
2025-10-07,KEGC,1481.7,6980.0,1.4578506190196099,-0.3915186072020046,0.40540536888240253,0.0006158730158730159,1390.0,0.0,0.02015198412698413,-0.08204035559219304,0.0,-1.400729053319934,30.144266376298944,45.06353953391775
2025-10-08,KEGC,1480.0,5610.0,1.2098291627709308,-0.4941082597859922,0.3406593032242458,0.0006162698412698412,1390.99,0.0,0.020210317460317463,-0.08035220935220935,0.0,-1.3703334217996888,30.529684935795466,45.84767757873998
2025-10-09,KEGC,1481.02,4990.0,1.102859301673619,-0.48812411515025317,-0.06343282990365971,0.0006186507936507937,1387.59,0.0,0.020268253968253967,-0.08335315491489889,0.0,-1.4243664394230362,29.84646345636189,48.47156434268035
2025-10-10,KEGC,1484.0,27470.0,1.1814496652539337,1.3149976605377778,0.9999996428572704,0.0006376984126984128,1382.38,0.0,0.02031111111111111,-0.0887882000598981,0.0,-1.522226225270079,28.631772793648263,50.679038931405934
2025-10-13,KEGC,1483.0,26380.0,0.9118338589284269,1.2745092541891103,-0.052631565096969146,0.000673015873015873,1388.23,0.0,0.020326190476190477,-0.08423043862184118,0.0,-1.440162222787865,29.64840066678418,50.32483291754349
2025-10-14,KEGC,1484.0,16750.0,0.7959467658731986,0.820301545218818,-0.42766288908381256,0.0006686507936507936,1392.77,0.0,0.02035595238095238,-0.08183169362084458,0.0,-1.3969720254966471,30.19175577650739,48.36561543157954
2025-10-15,KEGC,1482.0,11230.0,0.5479172829442656,0.4204923526569858,-0.24906129548669728,0.0006753968253968253,1399.0,0.0,0.0203734126984127,-0.07637881080907397,0.0,-1.2987910665583622,31.44762388145831,48.240178372199004
2025-10-16,KEGC,1482.0,30570.0,0.48940427583158985,1.3244571904934017,-0.7329772052099862,0.0006773809523809523,1395.0,0.0,0.020391269841269842,-0.0790957232825654,0.0,-1.3477099744474095,30.81833672972977,51.174133886854605
2025-10-17,KEGC,1484.5,9510.0,0.5716735070115855,-0.039180218309795845,0.060070664302629695,0.0006750000000000001,1399.99,0.0,0.0203984126984127,-0.07732667137136655,0.0,-1.3158576095518746,31.227291107054754,48.165533851923676
2025-10-20,KEGC,1482.15,17120.0,0.32501758035842804,0.6281335455713372,-0.6929238060181595,0.0006746031746031747,1404.78,0.0,0.020400396825396825,-0.07260159103650914,0.0,-1.2307809749806475,32.333911278914165,47.63466755504276
2025-10-21,KEGC,1485.0,48570.0,0.45684843584674745,1.554265010598837,0.9999996428572704,0.0006793650793650794,1406.01,0.0,0.0203984126984127,-0.0735903318903319,0.0,-1.2485835811471016,32.100650736210206,52.68089168314113
2025-10-22,KEGC,1479.01,64690.0,-0.06132759943493131,1.7604106838903055,-0.9999998330551196,0.0006813492063492064,1405.0,0.0,0.0203984126984127,-0.07043864231146467,0.0,-1.191836367643625,32.84725059686355,55.94515550179216
2025-10-23,KEGC,1449.75,161580.0,-2.057126003197698,2.6232756462840072,0.3441558396862878,0.0006773809523809523,1425.0,0.0,0.020398015873015873,-0.03746992482283481,0.0,-0.5982237026122221,41.12175853070439,49.75397886541516
2025-10-24,KEGC,1443.5,29430.0,-1.863970145028181,0.7089000358016427,-0.1818181652892577,0.0006750000000000001,1423.0,0.0,0.020403968253968254,-0.034605561603466006,0.0,-0.5466498952642764,41.872978263558956,49.52088484422598
2025-10-28,KEGC,1432.0,31490.0,-2.5574721809892385,0.7765554315717867,-0.8095237324263113,0.0006797619047619047,1428.0,0.0,0.020401587301587303,-0.023194883390972778,0.0,-0.34119685918940024,44.899846758560095,51.22493197690897
2025-10-29,KEGC,1425.6,33720.0,-2.8348747904593496,0.6887078519373478,-0.279999972000021,0.0006817460317460318,1430.5,0.0,0.020396825396825396,-0.016959676126342728,0.0,-0.2289298896702887,46.57144057088158,49.77371287137553
2025-10-30,KEGC,1421.5,7280.0,-2.9315068192626503,-0.8442494426492674,-0.9230768520710114,0.0006972222222222222,1446.99,0.0,0.02037579365079365,-0.002444031427789775,0.0,0.03242909516521976,50.486421081288476,50.60156208969581
2025-10-31,KEGC,1421.0,17500.0,-2.915921791367508,0.03281834150897382,0.49999987500003124,0.0006876984126984126,1450.01,0.0,0.02036309523809524,5.2105324888567645e-05,0.0,0.07737286316442203,51.16038455360059,44.4862134408183
2025-11-03,KEGC,1419.0,10510.0,-2.9501457072123567,-0.4989561235495374,-0.199999960000008,0.0006761904761904762,1456.98,0.0,0.02036190476190476,0.006403422933655506,0.0,0.1917304378411222,52.872789106019326,47.06426608185794
2025-11-04,KEGC,1418.0,39660.0,-2.9528467392908992,0.829057822158977,0.1428571224489825,0.0006753968253968253,1467.0,0.0,0.020361507936507938,0.014194204334296013,0.0,0.3320060342911889,54.96368723937197,48.482359138944794
2025-11-05,KEGC,1406.5,52930.0,-3.529107018500403,0.8806580290566975,-0.8219584081923783,0.0006757936507936508,1465.7,0.0,0.02036031746031746,0.021729977598338814,0.0,0.4676901248805055,56.96967661551848,51.63718399639599
2025-11-06,KEGC,1402.0,11140.0,-3.5423215161683377,-0.8825112861089996,-0.7140814357339934,0.0006761904761904762,1469.0,0.0,0.02035873015873016,0.02743014287978625,0.0,0.5703234864908394,58.47233954419,47.80157049854628
2025-11-07,KEGC,1411.84,3970.0,-2.791296838161813,-1.9142821219766721,0.9999998983739942,0.0006746031746031747,1474.5,0.0,0.02035873015873016,0.024023069478622573,0.0,0.5089780027813234,57.57588342174012,51.442483211693805
2025-11-10,KEGC,1409.71,5880.0,-2.906773542574405,-1.5214941310226981,-0.033886082632584046,0.0006753968253968253,1476.0,0.0,0.02035873015873016,0.0266651258116467,0.0,0.5565491010974906,58.27151668538965,48.472851703682835
2025-11-11,KEGC,1404.52,6880.0,-3.144609473090893,-1.159689660605692,-0.565714204897976,0.0006746031746031747,1495.0,0.0,0.020359920634920637,0.044060664333609556,0.0,0.8697615269445097,62.758187280003064,47.64170742550189
2025-11-12,KEGC,1402.59,7900.0,-3.148471732222797,-0.7844195095381972,0.0359999927999687,0.0006746031746031747,1505.0,0.0,0.02036230158730159,0.05265262080627036,0.0,1.0244625456095204,64.9007069510517,46.78418771217399
2025-11-13,KEGC,1399.0,11800.0,-3.2897861991117243,-0.3831840263435058,-0.5918366139109027,0.0006746031746031747,1515.0,0.0,0.02036309523809524,0.06255327359678682,0.0,1.2027270744179575,67.29672274815955,46.23038087565956
2025-11-14,KEGC,1398.0,8300.0,-3.252372222417906,-0.7350269663562411,-0.1428571224489825,0.0006746031746031747,1533.0,0.0,0.02036626984126984,0.07620025376388037,0.0,1.4484454669945857,70.45515813519442,47.115831945453806
2025-11-17,KEGC,1396.02,9530.0,-3.213673747358742,-0.4169404618280218,-0.8014041322563547,0.0006746031746031747,1545.0,0.0,0.02036626984126984,0.08635139896003675,0.0,1.6312201944339921,72.68565681455061,48.1466215739272
2025-11-18,KEGC,1392.01,29410.0,-3.3943928157391423,0.7099475165743949,-0.8316665973611185,0.0006746031746031747,1555.0,0.0,0.02036626984126984,0.0967234062386434,0.0,1.8179716167330908,74.85291312957287,50.68297626025357
2025-11-19,KEGC,1390.0,8300.0,-3.2908523999739705,-0.5681832744337084,-0.636363578512402,0.0006746031746031747,,0.0,,,0.0,,,46.64506513222464
2025-11-20,KEGC,1390.99,10250.0,-2.8902860649089903,-0.11245693920379535,-0.33499997208333415,0.0006746031746031747,,0.0,,,0.0,,,46.90055083888692
2025-11-21,KEGC,1387.59,91870.0,-2.657687786718543,2.138514233401969,0.01860841348670692,0.0006765873015873017,,0.0,,,0.0,,,50.75047612974077
2025-11-24,KEGC,1382.38,46930.0,-1.8313243335712877,1.4667973359009843,-0.1398601317097739,0.0006805555555555554,,0.0,,,0.0,,,50.84537407417876
2025-11-25,KEGC,1388.23,15760.0,-1.060830185848866,0.3756161665554881,0.992380763356052,0.0006880952380952381,,0.0,,,0.0,,,48.76518857945895
2025-11-26,KEGC,1392.77,5810.0,-0.54845218218225,-0.6222759905701521,0.9916490622862157,0.0006984126984126985,,0.0,,,0.0,,,47.31210794235463
2025-11-27,KEGC,1399.0,7800.0,0.05520498633566428,-0.2857565041581345,0.8884119409088316,0.0006928571428571428,,0.0,,,0.0,,,45.71937966126516
2025-11-28,KEGC,1395.0,8360.0,-0.20186947968540342,-0.21642198260080564,0.04633781417504273,0.0006952380952380952,,0.0,,,0.0,,,47.79639941177278
2025-12-01,KEGC,1399.99,6030.0,0.23343007855484316,-0.49477586308016663,0.8446153196449768,0.0006821428571428573,,0.0,,,0.0,,,45.24181629851145
2025-12-02,KEGC,1404.78,17920.0,0.6161280784998225,0.6948216029400037,0.9649707285262051,0.0006765873015873017,,0.0,,,0.0,,,47.95963932407099
2025-12-03,KEGC,1406.01,7310.0,0.8443071986437545,-0.20185098465305296,0.11333332074074012,0.0006773809523809523,,0.0,,,0.0,,,47.916931357949444
2025-12-04,KEGC,1405.0,32840.0,0.8987240124583087,1.371782389697778,0.14531137113017878,0.0006813492063492064,,0.0,,,0.0,,,50.24735981808475
2025-12-05,KEGC,1425.0,49450.0,2.269671698740525,1.7810968906321543,0.5390534613677,0.0006769841269841269,,0.0,,,0.0,,,51.71545341125841
2025-12-08,KEGC,1423.0,9630.0,1.8455788171736858,0.07378835444697623,0.07553956155218955,0.0006809523809523809,,0.0,,,0.0,,,48.70829747270458
2025-12-09,KEGC,1428.0,4870.0,2.17082454389795,-0.676581675778822,0.4285713673469475,0.0006773809523809523,,0.0,,,0.0,,,45.19497131024987
2025-12-10,KEGC,1430.5,12160.0,2.3308204591700257,0.23847385260633805,0.7692307100591762,0.0006769841269841269,,0.0,,,0.0,,,44.09215454464496
2025-12-11,KEGC,1446.99,50500.0,3.4430096783634427,1.6254047224891572,0.6180952086621337,0.0006761904761904762,,0.0,,,0.0,,,50.477599608229355
2025-12-12,KEGC,1450.01,12120.0,3.2446978195558986,0.19828956818153923,-0.1979999802000038,0.0006750000000000001,,0.0,,,0.0,,,46.61055711127744
2025-12-15,KEGC,1456.98,9010.0,3.638654830676047,-0.21623805191066886,0.5768217228426827,0.0006750000000000001,,0.0,,,0.0,,,44.222003649509375
2025-12-17,KEGC,1467.0,47100.0,4.257182789243012,1.4376979187633216,0.8518517861225422,0.0006750000000000001,,0.0,,,0.0,,,46.78944661568626
2025-12-18,KEGC,1465.7,28010.0,3.635119655307464,0.9179867751990002,-0.8599999139999995,0.0006746031746031747,,0.0,,,0.0,,,43.480879501677016
2025-12-19,KEGC,1469.0,83490.0,3.6145744064443055,1.928219411169029,-0.1797675885326385,0.0006746031746031747,,0.0,,,0.0,,,52.34249368748148
2025-12-22,KEGC,1474.5,104230.0,3.39546844340869,2.0104022017433536,0.9130433988657914,0.0006746031746031747,,0.0,,,0.0,,,52.619475649505596
2025-12-23,KEGC,1476.0,127030.0,2.3988121337569575,2.208225398528836,0.17184263824412488,0.0006753968253968253,,0.0,,,0.0,,,52.302392314170426
2025-12-24,KEGC,1495.0,114490.0,2.917100295755292,2.104289374633478,0.5789473379501401,0.0006757936507936508,,0.0,,,0.0,,,53.30660333814649
2025-12-25,KEGC,1505.0,77600.0,3.041772790640068,1.6408521302995722,0.531100453057388,0.0006769841269841269,,0.0,,,0.0,,,51.26005943958539
2025-12-26,KEGC,1515.0,68600.0,3.3906980757855836,1.094320043853657,0.25313281621974554,0.0006753968253968253,,0.0,,,0.0,,,50.60331826578279
2025-12-29,KEGC,1533.0,135210.0,4.298209806114331,1.4915633775193458,0.7817387856770177,0.0006777777777777777,,0.0,,,0.0,,,47.258038110767274
2025-12-30,KEGC,1545.0,147710.0,4.4615203776716,1.3071208090827604,0.5879316955961976,0.0006746031746031747,,0.0,,,0.0,,,46.979390658675435
2025-12-31,KEGC,1555.0,95290.0,4.503597515888885,0.6800104628525946,0.06710670697983036,0.0006746031746031747,,0.0,,,0.0,,,49.81506153511823
2025-01-05,KMGZ,14654.7,1430.0,2.18464175707865,-0.044450751070595526,0.16260553117849472,0.0005726190476190476,13355.43,0.0,0.01756706349206349,-0.10622599202693629,0.0,-1.836199438373884,24.94178200394285,48.00621796294503
2025-01-06,KMGZ,14629.99,600.0,1.9998403093958437,-0.8071893159660314,0.23046153491596968,0.0005674603174603176,13499.0,0.0,0.01759920634920635,-0.09490547928582488,0.0,-1.6323698614396078,27.300650304690034,47.96262111254332
2025-01-08,KMGZ,14843.03,6720.0,2.3140823675221354,1.6819354517765044,0.469851912629645,0.0005678571428571428,13399.0,0.0,0.017623015873015874,-0.11490975584457158,0.0,-1.992553478656692,23.227098674831133,51.48283051195711
2025-01-09,KMGZ,15000.0,2340.0,3.3280024936828823,0.6270020548029206,0.047619047392290254,0.0005825396825396825,13391.0,0.0,0.017628571428571427,-0.12489523809523809,0.0,-2.172345389958252,21.359214353836826,50.209878624789866
2025-01-10,KMGZ,15567.0,2960.0,7.170210871716994,0.8620393149708622,0.9964788714850724,0.0006321428571428572,13483.0,0.0,0.01758214285714286,-0.1514550791968358,0.0,-2.6505641154688035,16.933628200672846,57.64460626093681
2025-01-13,KMGZ,15751.0,2700.0,8.352155074882791,0.7701022438780799,0.9574468034178362,0.0005884920634920634,13712.02,0.0,0.017590873015873015,-0.14704170153469717,0.0,-2.5710997906367656,17.614893994079605,64.19111121903492
2025-01-14,KMGZ,15980.0,3560.0,8.934568467883182,0.9733600515869072,0.9785648299084394,0.0005805555555555556,13761.17,0.0,0.01763412698412698,-0.15648456503168642,0.0,-2.7411216717702587,16.1830208789508,66.2203161719343
2025-01-15,KMGZ,15775.0,10480.0,7.43445064963964,2.0530711260638665,0.5257666766511045,0.0005857142857142858,13689.45,0.0,0.017671825396825398,-0.1498778475838301,0.0,-2.6221655384998637,17.174655567803025,49.94333795688626
2025-01-16,KMGZ,15485.0,9980.0,4.713080049175617,2.00418538187601,-0.13758315734774168,0.0005837301587301588,14195.0,0.0,0.017686507936507938,-0.10099293350964322,0.0,-1.7419764885795237,26.015061245871745,53.74089051523723
2025-01-17,KMGZ,15193.0,1980.0,2.3420005056564333,0.07333103444996297,-0.8658634511403712,0.0005948412698412699,14133.99,0.0,0.017675396825396823,-0.08737920779097308,0.0,-1.4968568533479325,28.943820206134486,44.82275394307335
2025-01-20,KMGZ,14899.99,8180.0,0.3098616435774165,1.3526351484986763,-0.23198156646393067,0.0005884920634920634,14082.0,0.0,0.01766388888888889,-0.07256258345177113,0.0,-1.2300786305130247,32.343131961215626,50.443873271353084
2025-01-21,KMGZ,14799.99,46150.0,-0.3967964324807274,3.0011613838072817,-0.19917497574742363,0.0005857142857142858,14192.0,0.0,0.017654761904761902,-0.05873519506721673,0.0,-0.9811119282987093,35.69407287873333,51.23967839486232
2025-01-22,KMGZ,14588.99,4600.0,-1.7375373025595324,0.6652764742858132,-0.8629869123456608,0.0005888888888888889,14299.5,0.0,0.01764880952380952,-0.03749185554687211,0.0,-0.5986185725535942,41.11602235167518,50.85762536211112
2025-01-23,KMGZ,14610.0,44830.0,-2.786111996065755,2.9420973427428043,-0.9864237220532878,0.0005944444444444445,14422.78,0.0,0.017626587301587303,-0.03044109791075906,0.0,-0.4716673487971034,42.97183397656577,63.612347865867655
2025-01-24,KMGZ,14502.0,13530.0,-2.759333591603644,1.6806480869898186,-0.9881978018759654,0.0005976190476190477,14560.0,0.0,0.01761031746031746,-0.013610869108366007,0.0,-0.16863351146562833,47.4726530849497,59.52026754565191
2025-01-27,KMGZ,14480.02,2260.0,-2.7064407902867047,-0.22491116642268863,-0.9287943196539348,0.000594047619047619,14600.0,0.0,0.01763452380952381,-0.009348623651927372,0.0,-0.09189037199448855,48.62199347241737,49.848615061148216
2025-01-28,KMGZ,14344.92,5990.0,-3.5948937344645002,0.7498131585688182,-0.4526706659173367,0.000588095238095238,14610.0,0.0,0.01766190476190476,0.0008171108059757091,0.0,0.09114703992905909,51.36686494739928,49.653910023592736
2025-01-29,KMGZ,14149.99,3900.0,-4.7967622794463205,0.17924892902747935,-0.5526027372027292,0.0005738095238095239,14600.03,0.0,0.017717063492063492,0.014087905981413226,0.0,0.3300920972821147,54.93525950262108,44.723626047010555
2025-01-30,KMGZ,13929.9,12430.0,-6.185715706928517,1.2037030443218457,-0.841834382853535,0.0005718253968253969,14580.0,0.0,0.017765873015873016,0.028903521595717904,0.0,0.5968521576915428,58.85831549791346,48.95479183872966
2025-01-31,KMGZ,13840.0,13380.0,-6.409747808444473,1.1468405869467524,0.20555282682876458,0.0005785714285714286,14490.01,0.0,0.01780753968253968,0.02915850077988808,0.0,0.6014431422542571,58.92500243132525,48.885576286263316
2025-02-03,KMGZ,13545.49,13060.0,-7.454181138902759,0.9027900331478067,-0.7882004537854214,0.0005801587301587301,14450.0,0.0,0.017851190476190475,0.04892454078196262,0.0,0.9573372314554931,63.97783700646108,43.28797773337111
2025-02-04,KMGZ,13738.98,69260.0,-6.225892398996324,2.388624136338519,0.8766475613300508,0.0005865079365079364,14500.0,0.0,0.017901984126984127,0.03748931857525435,0.0,0.7514422726451775,61.08449621857267,61.49712523155361
2025-02-05,KMGZ,13526.0,20580.0,-6.226861375019908,1.0161045064154202,-0.8278576191940366,0.000588095238095238,14498.99,0.0,0.017951587301587302,0.05398320495037187,0.0,1.0484201533053923,65.22744958714452,47.19185859630872
2025-02-06,KMGZ,13720.0,174840.0,-4.398694942396408,2.957795552175511,0.9999999962962963,0.0005869047619047619,14529.0,0.0,0.017990873015873016,0.04097414156138646,0.0,0.8141876633530203,61.97559759021437,57.74118750612532
2025-02-07,KMGZ,13700.0,23160.0,-2.9089452647225467,0.8171008048571144,-0.37737884718583214,0.000590079365079365,14453.0,0.0,0.01802857142857143,0.03693493222106361,0.0,0.7414603629369304,60.942032048874594,50.36472488951724
2025-02-10,KMGZ,13400.0,18440.0,-4.842837385047248,0.47609510056881255,-0.9999999968253969,0.0005825396825396825,14560.0,0.0,0.018087698412698413,0.06847946576640607,0.0,1.3094301249236115,68.6898275593408,50.19699557408669
2025-02-11,KMGZ,13316.84,5340.0,-5.2036692533590845,-0.8699106615609307,-0.9999999957110997,0.0005805555555555556,15000.0,0.0,0.01816825396825397,0.10822509460392982,0.0,2.0250633207168147,77.11891496340439,51.03878490565702
2025-02-12,KMGZ,13424.0,7430.0,-4.294628563228253,-0.5396117692670911,0.9813066550022744,0.0005801587301587301,14860.0,0.0,0.018255555555555556,0.08871703085684016,0.0,1.6738141793297971,73.19009144409925,46.65147348593699
2025-02-13,KMGZ,13329.0,3520.0,-4.661538104355882,-1.2866729145135083,-0.21274015310691108,0.0005805555555555556,15000.0,0.0,0.018310714285714284,0.1070550295810424,0.0,2.003995912901034,76.89510192980555,46.7125268875711
2025-02-14,KMGZ,13306.0,7560.0,-4.586402398453612,-0.5222665215265617,-0.3428571404081633,0.0005853174603174603,14950.0,0.0,0.018349603174603175,0.10520368105807382,0.0,1.9706617702853757,76.53785281636671,44.492042905118616
2025-02-17,KMGZ,13355.43,21500.0,-4.1311999281980105,0.5229131010360658,0.022267364463887836,0.0005813492063492063,14800.01,0.0,0.018396825396825398,0.08976741940847102,0.0,1.6927267726894604,73.4121686379737,48.24478821815053
2025-02-18,KMGZ,13499.0,5020.0,-2.8239120414604164,-0.9682977390720582,0.9906528906358233,0.0005996031746031746,14923.0,0.0,0.018438492063492063,0.08705080343987856,0.0,1.6438132034692081,72.8354094257029,48.79436851026971
2025-02-19,KMGZ,13399.0,1900.0,-2.8916165580646713,-1.903274613062568,0.46969696613865936,0.0005916666666666667,14846.9,0.0,0.01851468253968254,0.08954562046800457,0.0,1.6887332093912568,73.36537290153588,47.707807596694636
2025-02-20,KMGZ,13391.0,2220.0,-2.8834623151930083,-1.747623138773282,-0.06863119269691277,0.000588095238095238,14663.02,0.0,0.018585714285714285,0.0764049510865507,0.0,1.452131110006845,70.50116921223417,49.01341920710911
2025-02-21,KMGZ,13483.0,4190.0,-1.5834696767676966,-0.8693812862751042,0.7874468567926541,0.0005857142857142858,14798.0,0.0,0.01863095238095238,0.07889927086313275,0.0,1.4970421627503452,71.0584664256957,45.97690726756459
2025-02-24,KMGZ,13712.02,45380.0,0.295197891848204,1.8008330310805074,0.06999385278531205,0.0005972222222222222,14700.0,0.0,0.018665079365079367,0.05338703257758112,0.0,1.0376858725086806,65.08122655709285,50.21597317735618
2025-02-25,KMGZ,13761.17,42710.0,0.6546272548458592,1.452346357717133,0.9999999937946014,0.0006238095238095239,14660.0,0.0,0.01866626984126984,0.04665012404093638,0.0,0.9163856056150809,63.4096465138551,52.00756392886298
2025-02-26,KMGZ,13689.45,50490.0,0.1331450518095002,1.3766348048976746,0.28931297489075175,0.0006234126984126985,14731.0,0.0,0.018663492063492063,0.05742064572144445,0.0,1.1103124115561938,66.06489398472772,49.587906534609644
2025-02-27,KMGZ,14195.0,9010.0,3.844328239939369,-0.3833948042363622,0.6020450454580009,0.0005984126984126983,14649.03,0.0,0.018685714285714285,0.013299491772757056,0.0,0.31589643863356637,54.724311788882204,44.827854029701015
2025-02-28,KMGZ,14133.99,1550.0,3.3769878499368438,-2.1434605554073527,0.8730985854007112,0.0005837301587301588,14652.0,0.0,0.018717460317460317,0.017932487786366007,0.0,0.3993150645375543,55.961237183671244,47.20189943307273
2025-03-03,KMGZ,14082.0,3040.0,3.0185760482645883,-1.2892082425123528,-0.2103184767920498,0.000576984126984127,14747.0,0.0,0.018760714285714287,0.028462691480512104,0.0,0.5889148656326793,58.74294468814154,48.3148718713725
2025-03-04,KMGZ,14192.0,4130.0,3.7811246558460305,-0.6961661040869556,0.9064327432372354,0.0005765873015873015,14650.0,0.0,0.01881666666666667,0.013455035700864336,0.0,0.31869705851588537,54.765942728148,48.23441169696959
2025-03-05,KMGZ,14299.5,3060.0,4.606164126375612,-0.8958168452389599,0.8102115409424089,0.0005829365079365079,14648.0,0.0,0.0188734126984127,0.0054980688219201795,0.0,0.17542923755179665,52.629011743348286,49.63278146239345
2025-03-06,KMGZ,14422.78,2740.0,5.421260481708122,-0.8459890428880967,0.9999178873474082,0.0005722222222222222,14665.01,0.0,0.018936507936507935,-0.0021415488509502582,0.0,0.03787539402792793,50.568106461392794,56.90857027714758
2025-03-07,KMGZ,14560.0,6360.0,6.565863831228448,0.2052228511741765,0.8666666637777778,0.0005813492063492063,14665.0,0.0,0.01899365079365079,-0.01178211233211233,0.0,-0.13570614072333084,47.965531777533,56.55061669825167
2025-03-11,KMGZ,14600.0,7700.0,6.704507301977946,0.39641449677019885,0.9837691605195948,0.0006182539682539682,14739.0,0.0,0.01900436507936508,-0.0094838171341596,0.0,-0.09432457536653134,48.585508896495824,58.35129865397355
2025-03-12,KMGZ,14610.0,5100.0,6.37123635485448,-0.015564480982104304,0.4669221757463631,0.0006154761904761904,14815.0,0.0,0.01901309523809524,-0.004981609954043219,0.0,-0.013260845676891186,49.80108836420403,50.667586428769916
2025-03-13,KMGZ,14600.03,1560.0,6.078236356874071,-1.1766754607928633,0.05600844492400818,0.000628968253968254,14968.5,0.0,0.0190031746031746,0.0062344447715800624,0.0,0.1886879301319186,52.82729977480764,49.52942759655096
2025-03-14,KMGZ,14580.0,2380.0,5.804084205776795,-0.6600398601749414,-0.9999999897959185,0.0006206349206349206,14970.0,0.0,0.01899920634920635,0.0077497648442092885,0.0,0.2159717693349217,53.23505095382512,45.77046609848036
2025-03-17,KMGZ,14490.01,40760.0,5.034110289976114,2.180556346618631,-0.9999014729068871,0.0006202380952380952,15065.0,0.0,0.018999603174603176,0.02068221899115101,0.0,0.44882488454057284,56.691980330477065,47.18342472747157
2025-03-18,KMGZ,14450.0,3050.0,3.8204662131079035,-0.41199963538791295,-0.428571426122449,0.0006238095238095239,15044.0,0.0,0.019001984126984128,0.022105282309002033,0.0,0.47444761035358973,57.06904115698768,40.693353143347835
2025-03-19,KMGZ,14500.0,38590.0,3.7575936238651666,2.227475502426191,0.9999999930342715,0.0006373015873015873,14908.0,0.0,0.018990873015873013,0.009147058018609745,0.0,0.2411304951898811,53.61066148403525,54.02378997505349
2025-03-20,KMGZ,14498.99,6520.0,3.1444044558226762,0.4493581012734165,0.9855703908452688,0.0006376984126984128,14828.0,0.0,0.018980555555555553,0.003711369882009423,0.0,0.14325913206634713,52.14756489802732,46.19667440545582
2025-03-26,KMGZ,14529.0,11820.0,3.249707306012338,0.9339998066271905,0.05306122427321949,0.0006261904761904761,14805.0,0.0,0.01897420634920635,2.2283429856214537e-05,0.0,0.07683591007874173,51.152334565309886,51.1805967301758
2025-03-27,KMGZ,14453.0,1100.0,2.535917435536044,-1.6503946945869161,-0.9784946131344665,0.0006277777777777778,14845.0,0.0,0.01896269841269841,0.008159698321543615,0.0,0.22335275720774211,53.345286321843446,49.54204609665691
2025-03-28,KMGZ,14560.0,5030.0,3.219516423172962,-0.13029519803551448,0.46676444785142923,0.0006416666666666667,14800.02,0.0,0.018943650793650794,-0.002458760683760653,0.0,0.032163890038759566,50.4824433778151,44.254472102498724
2025-03-31,KMGZ,15000.0,8300.0,5.726387057978961,0.4939004279077722,0.9999999980392157,0.0006611111111111111,14800.0,0.0,0.018907539682539682,-0.032240873015873014,0.0,-0.5040728949628687,42.49602003262539,53.003508754706736
2025-04-01,KMGZ,14860.0,2690.0,3.8789313943478843,-0.6328110938381735,0.015950833010227546,0.0006674603174603175,14840.0,0.0,0.018874603174603176,-0.020220498194791603,1.0,-0.28764206975168605,45.69604666374728,48.735069497065005
2025-04-02,KMGZ,15000.0,3490.0,3.425691855218845,-0.2717967010650225,0.99999999499925,0.0006357142857142858,14839.99,0.0,0.018866666666666667,-0.029534000000000015,1.0,-0.45533475082947544,43.212146029312265,48.23684204420941
2025-04-03,KMGZ,14950.0,44760.0,2.879669617602705,2.463683785667232,-0.14121037423282312,0.0006242063492063491,14920.0,0.0,0.01886190476190476,-0.020868593725115462,1.0,-0.2993112441769018,45.522359055905866,51.97739799509169
2025-04-04,KMGZ,14800.01,36640.0,1.1812279278767055,2.0794396103776487,-0.8902109667079687,0.0006285714285714285,14750.0,0.0,0.01885436507936508,-0.022233416850276057,1.0,-0.3238853360536174,45.15695169636122,54.157033891002314
2025-04-07,KMGZ,14923.0,5680.0,1.7862978464916344,0.11459684301918246,0.9999999990224829,0.0006412698412698412,14850.0,0.0,0.018837301587301587,-0.02372907937997062,1.0,-0.35081523469301085,44.75711466652927,46.302060066044774
2025-04-08,KMGZ,14846.9,9360.0,1.1676561987437934,0.5518989717816819,0.5751830050194655,0.0006678571428571428,14815.0,0.0,0.01880436507936508,-0.02095296175611239,1.0,-0.3008303184854736,45.49975660324699,45.59089227409052
2025-04-09,KMGZ,14663.02,8220.0,-0.16223142475975705,0.3114824081776312,0.6247835045105333,0.0006591269841269841,14852.0,0.0,0.018780555555555557,-0.0058923510792608,1.0,-0.029659040926086323,49.555126126162065,45.30489007382259
2025-04-10,KMGZ,14798.0,3650.0,0.7422921146263978,-0.5677998941439116,0.8901660224127286,0.0006309523809523809,14855.0,0.0,0.01877222222222222,-0.014920350347644575,1.0,-0.1922111543789402,47.120024009396474,45.48187996300017
2025-04-11,KMGZ,14700.0,1090.0,0.04145292595512529,-1.7221017919198869,-0.02382089222865348,0.0006313492063492063,14001.0,0.0,0.0187531746031746,-0.06630419501133787,1.0,-1.1173942762548237,33.839909331482794,50.24177969992641
2025-04-14,KMGZ,14660.0,5160.0,-0.2514275252430001,-0.043608706278179775,-0.5999999880000003,0.000625,14555.0,0.0,0.018741666666666667,-0.025904013187812644,1.0,-0.3899756374106859,44.176908674144364,46.13803406764033
2025-04-15,KMGZ,14731.0,1570.0,0.22447872148147657,-1.2390147702214083,0.2075720874050085,0.0006206349206349206,14850.0,0.0,0.018732936507936507,-0.010654734077687373,1.0,-0.11540732229527248,48.269581525848935,48.44110142408404
2025-04-16,KMGZ,14649.03,1430.0,-0.33900100881275236,-1.3324151972297997,-0.9992682804967123,0.0006206349206349206,14767.0,0.0,0.018727380952380954,-0.010674288017217374,1.0,-0.11575939744530736,48.26430674331293,51.66543567021078
2025-04-17,KMGZ,14652.0,1600.0,-0.3248021813412713,-1.2200869242605503,-0.8627047086132706,0.0006154761904761904,14650.0,0.0,0.01871388888888889,-0.018850389025389026,1.0,-0.26297280089967445,46.06357127564657,49.602851298405064
2025-04-18,KMGZ,14747.0,1460.0,0.032829905815734944,-1.249818350477647,0.947990946703857,0.0006202380952380952,14804.0,0.0,0.018687698412698413,-0.014822505492104393,1.0,-0.1904494253860896,47.14636307021369,47.12022517494307
2025-04-21,KMGZ,14650.0,1210.0,-0.6556903105976427,-1.4376330633195398,-0.31034482544589775,0.0006325396825396825,14790.0,0.0,0.018651984126984125,-0.009095670133810064,1.0,-0.08733586021918306,48.69026178590605,48.51369211697616
2025-04-22,KMGZ,14648.0,2850.0,-1.0616251930649518,-0.42055438543641027,0.6613577402965352,0.0006396825396825397,14775.0,0.0,0.018605952380952383,-0.009935826766534032,1.0,-0.10246315833040272,48.463536520582466,44.60070298498979
2025-04-23,KMGZ,14665.01,6760.0,-1.0126260074334548,0.6384562559011157,0.2254656846175394,0.0006353174603174604,14897.0,0.0,0.018582142857142856,-0.0027628559967861448,1.0,0.02668855332750059,50.40031974577007,47.706655227875444
2025-04-24,KMGZ,14665.0,320.0,-1.1165863662028794,-2.4119782509991783,-0.999999992394859,0.0006384920634920634,15049.0,0.0,0.018568650793650793,0.0076161429329090445,1.0,0.21356586261741342,53.19911175585471,55.05545200102617
2025-04-25,KMGZ,14739.0,630.0,-0.6336678701745313,-1.7345911685298236,0.09099533488026645,0.000628968253968254,15388.99,0.0,0.018556746031746032,0.02554326075297476,1.0,0.5363495495828303,57.97652337310789,49.59885165244326
2025-04-28,KMGZ,14815.0,2370.0,-0.1815001811435203,-0.2908408507825741,-0.029126213487501402,0.0006242063492063491,15889.6,0.0,0.018550396825396828,0.05398419649218672,1.0,1.0484380063437886,65.22769254426083,48.00468522041119
2025-04-29,KMGZ,14968.5,290.0,0.9191041270736581,-2.2566999205361897,0.9999999932203391,0.000619047619047619,16199.99,0.0,0.018551190476190475,0.06372091427712481,1.0,1.2237508311441194,67.57373213370946,49.47754886694535
2025-04-30,KMGZ,14970.0,9620.0,0.9309516735692018,1.3044921093856574,0.9516263545023966,0.0006166666666666666,16000.0,0.0,0.018556349206349205,0.05024792601075166,1.0,0.9811652202996325,64.30666105762135,50.55172223520947
2025-05-02,KMGZ,15065.0,1600.0,1.536363867691225,-0.4893448426136841,0.17244748362755474,0.0006206349206349206,16478.16,0.0,0.018554365079365077,0.0752498167991613,1.0,1.431332535023064,70.24097788744501,47.844369077041286
2025-05-05,KMGZ,15044.0,5000.0,1.7116200764857752,0.9238174564707483,0.9884951622843122,0.0006261904761904761,16849.9,0.0,0.01854404761904762,0.10149716482445154,1.0,1.9039247193163324,75.81117265309783,47.85152945001975
2025-05-06,KMGZ,14908.0,1800.0,0.7015369395673077,-0.09783206835365821,-0.5707102063918308,0.0006261904761904761,16799.0,0.0,0.01853373015873016,0.10831091701057491,1.0,2.0266085815400654,77.13527112362448,45.1238180501469
2025-05-08,KMGZ,14828.0,2009.9999999999998,0.2112225921983263,0.16750617166928572,-0.6190476148364108,0.0006273809523809525,17370.0,0.0,0.018521825396825398,0.15291059974479856,1.0,2.829640623552259,84.52451398564219,46.10330922928243
2025-05-12,KMGZ,14805.0,1780.0,0.1026941341508682,0.04598503572708294,-0.9497487389459862,0.0006198412698412699,16330.0,0.0,0.018517460317460318,0.08448828098615332,1.0,1.5976741389610647,72.28423124666541,48.64437647430124
2025-05-13,KMGZ,14845.0,3460.0,0.23432550889634746,0.7165392700921207,0.08745247115037083,0.0006162698412698412,16495.0,0.0,0.018517063492063494,0.0926314713681588,1.0,1.7442949757038788,74.01170448832208,48.98228612175437
2025-05-14,KMGZ,14800.02,1990.0,-0.0907776909879822,0.16340587782827207,-0.9991489149117067,0.0006226190476190475,16394.0,0.0,0.018509920634920636,0.08919128517426067,1.0,1.6823532852068677,73.29050552739376,49.58428190125639
2025-05-15,KMGZ,14800.0,4150.0,-0.1032655390040785,0.8408918739277509,0.35616438112216176,0.000625,16585.0,0.0,0.0185,0.10210810810810811,1.0,1.9149249552496679,75.93199867649463,47.92331748969766
2025-05-16,KMGZ,14840.0,680.0,0.07069750850511079,-0.9678757342150787,0.9857142786734695,0.0006345238095238095,16616.0,0.0,0.018480555555555552,0.10119599430967355,0.0,1.898502044565096,75.7514584936514,47.18114682868338
2025-05-19,KMGZ,14839.99,2070.0,0.04923037482328072,0.1453327946901387,0.9998496165424808,0.0006277777777777778,16579.0,0.0,0.018469444444444445,0.09871459678469387,0.0,1.8538236612366115,75.25565731827619,47.31739192963591
2025-05-20,KMGZ,14920.0,2580.0,0.5521927467461205,0.3085701985717224,0.7676252094791267,0.0006194444444444444,16909.0,0.0,0.01846587301587302,0.11484511894123153,0.0,2.1442590489338342,78.3563589229497,45.26915085936898
2025-05-21,KMGZ,14750.0,1820.0,-0.6582712589302967,-0.09431054934230014,0.7097914046394732,0.000621031746031746,17001.12,0.0,0.018460317460317458,0.13415798762442824,0.0,2.491993638621398,81.68569106411921,44.88617264430203
2025-05-22,KMGZ,14850.0,1460.0,0.019148158489361695,-0.31471025486444193,0.3517203689806132,0.0006242063492063491,16931.0,0.0,0.018451984126984126,0.12168269600769602,0.0,2.2673718860098107,79.58284590822376,45.4150635872574
2025-05-23,KMGZ,14815.0,670.0,-0.24721619700654976,-1.0936221050297494,-0.5337582230490808,0.0006349206349206349,17079.22,0.0,0.018432539682539682,0.13440039990571553,0.0,2.4963583519403474,81.72483667044206,46.90932937704893
2025-05-26,KMGZ,14852.0,3520.0,-0.07135231085030519,0.6139783661585869,-0.35845021474023303,0.0006353174603174604,17370.0,0.0,0.018413492063492062,0.15112596390203448,0.0,2.797507664813445,84.27064138056792,48.494912725298526
2025-05-27,KMGZ,14855.0,4850.0,-0.23342813675889196,0.9344959342429742,0.8332777453604899,0.0006226190476190475,17739.0,0.0,0.01840793650793651,0.17573544955736137,0.0,3.2406095953009992,87.48309842873621,48.943854519817975
2025-05-28,KMGZ,14001.0,2580.0,-5.957254171516356,0.2546419241588062,-0.9999999979878871,0.0006123015873015872,17597.89,0.0,0.01841111111111111,0.23849125300573765,0.0,4.370548597144948,93.22848937818866,48.590597167281246
2025-05-29,KMGZ,14555.0,7320.0,-1.9700145318096582,1.2776595601371983,0.1395348833964305,0.0006134920634920636,17500.0,0.0,0.01841309523809524,0.18392287178354683,0.0,3.388026841030969,88.4199732593518,49.262647915689165
2025-05-30,KMGZ,14850.0,1990.0,0.2520726298563518,-0.02481513263219262,0.9738842000107487,0.000611904761904762,17434.0,0.0,0.018416666666666668,0.15559006734006733,0.0,2.877885324021464,84.89938264626926,46.65610211744961
2025-06-02,KMGZ,14767.0,2780.0,-0.3114731573802591,0.30950072219740815,0.17587939610110856,0.0006150793650793651,17394.0,0.0,0.01841904761904762,0.15947761385586265,0.0,2.947881885109127,85.42995549028916,47.50784495847822
2025-06-03,KMGZ,14650.0,1820.0,-0.8988828612148845,-0.11411314645467512,-0.7709923605267759,0.000601984126984127,17600.0,0.0,0.018440079365079364,0.18292510834823122,0.0,3.370061780299903,88.30914820866276,47.48640072735983
2025-06-04,KMGZ,14804.0,17910.0,0.22937459092255247,2.172408228274765,0.9538425996082674,0.000594047619047619,17600.0,0.0,0.018468253968253967,0.17039961957943583,0.0,3.144536211359292,86.83812918804053,54.085553372634564
2025-06-05,KMGZ,14790.0,39200.0,0.21153995696970598,2.9557253766677367,0.743119259237438,0.0005968253968253967,18209.99,0.0,0.018492460317460317,0.2127441860652308,0.0,3.906964139285244,91.24703887281201,52.4472491488193
2025-06-09,KMGZ,14775.0,700.0,0.04802136904534998,-1.2003897590403187,0.3999999920000002,0.0005936507936507937,18699.0,0.0,0.018519444444444443,0.24706431190073322,0.0,4.524909358672435,93.79028113952394,46.59656855628476
2025-06-10,KMGZ,14897.0,44130.0,0.8817938878360934,2.943417679168613,0.96999999515,0.0006115079365079366,18944.99,0.0,0.018528174603174605,0.2532037177241397,0.0,4.635451391549465,94.16553040822309,54.59961655437533
2025-06-11,KMGZ,15049.0,4090.0,1.642839615441622,0.4607545287968653,0.9999999959837744,0.000625,19655.0,0.0,0.01852301587301587,0.28754383242255194,0.0,5.253756517026025,95.89974403366908,46.628671390733935
2025-06-12,KMGZ,15388.99,13450.0,3.8979712889839666,1.6511874155564235,0.5888518507613847,0.0006170634920634921,19840.0,0.0,0.018526984126984128,0.2707064223538831,0.0,4.950593378619561,95.1216800526332,50.6093041971057
2025-06-13,KMGZ,15889.6,9740.0,6.921451113849174,1.2904221895731307,0.9593749981262222,0.0006178571428571429,19920.0,0.0,0.018529761904761903,0.2351204243806071,0.0,4.3098557126183366,92.99494709779208,51.61417811210702
2025-06-16,KMGZ,16199.99,3270.0,8.550787879707297,0.19897264048605473,0.7485792329273779,0.0006198412698412699,19820.02,0.0,0.01852857142857143,0.20493020848425572,0.0,3.766270887934537,90.54893109357343,65.18719184040205
2025-06-17,KMGZ,16000.0,5870.0,7.027923536597977,0.6629422129281978,-0.5651890328386866,0.0006218253968253969,19930.0,0.0,0.01852777777777778,0.22709722222222223,0.0,4.165395303536088,92.40883263055298,34.31192375264688
2025-06-18,KMGZ,16478.16,6850.0,8.934568467883182,0.7019436303169269,0.9915207350425783,0.0006186507936507937,19862.0,0.0,0.018526984126984128,0.18682604072530523,0.0,3.4402993582481747,88.73725678741577,68.36246847409568
2025-06-19,KMGZ,16849.9,9950.0,8.934568467883182,0.9612551476034568,0.411157701487197,0.0006158730158730159,19790.0,0.0,0.018527777777777775,0.15595990464170234,0.0,2.884544366986277,84.95053393455285,56.74739394984519
2025-06-20,KMGZ,16799.0,11440.0,8.934568467883182,0.9397263359660372,0.8430769217798817,0.0006158730158730159,19730.0,0.0,0.01852857142857143,0.15594609968280426,0.0,2.884295804134387,84.94862716892055,64.04360995524489
2025-06-23,KMGZ,17370.0,10060.0,8.934568467883182,0.6296023522530472,0.7278911556373117,0.0006154761904761904,20095.0,0.0,0.018528968253968253,0.13835070935109797,0.0,2.56748498033834,82.35360891213122,64.15952113831861
2025-06-24,KMGZ,16330.0,27690.0,6.34221279615477,1.4710417394411783,-0.18208943823860171,0.0006154761904761904,19951.01,0.0,0.018528968253968253,0.20321077455068567,0.0,3.735311911140734,90.38876408499347,47.645917715778026
2025-06-25,KMGZ,16495.0,3490.0,6.533197157959735,-0.7080764962823003,0.9777777756049383,0.0006158730158730159,19771.0,0.0,0.018528571428571426,0.18007706664357165,0.0,3.31878184722375,87.98773383440943,62.52390315026175
2025-06-26,KMGZ,16394.0,2620.0,5.680738356619779,-0.9948028574040592,0.1754765493470071,0.0006154761904761904,20595.0,0.0,0.018528571428571426,0.23772371599365624,0.0,4.356728839327283,93.17595508452534,50.38511507384622
2025-06-27,KMGZ,16585.0,2820.0,6.721597501183265,-0.9212405934234585,0.2563667223892471,0.0006150793650793651,20280.0,0.0,0.01852857142857143,0.20426310779964685,0.0,3.7542595194191706,90.48707576670782,53.57132161022842
2025-06-30,KMGZ,16616.0,2520.0,6.604121696160706,-0.9257668418744565,0.5582830017645256,0.0006150793650793651,20222.03,0.0,0.01852857142857143,0.1984929740697434,0.0,3.6503663527475565,89.93678023144341,56.48273223709264
2025-07-01,KMGZ,16579.0,1140.0,6.241180936736928,-1.7189921810285835,0.046410101105444364,0.0006166666666666666,20200.0,0.0,0.018526984126984128,0.19988184632117317,0.0,3.675373457098635,90.07176545459284,52.7220899364936
2025-07-02,KMGZ,16909.0,4970.0,8.246797768001201,-0.24660805625092813,0.9562841503926662,0.0006158730158730159,20130.0,0.0,0.018526190476190474,0.17196408097688184,0.0,3.172704856372461,87.03010187592861,69.71431580979817
2025-07-03,KMGZ,17001.12,8250.0,8.580633764455953,0.2601844233287953,0.005575139364545152,0.0006154761904761904,19926.03,0.0,0.01852579365079365,0.15351640121636803,0.0,2.8405482794579617,84.60992776436748,44.11716214835783
2025-07-04,KMGZ,16931.0,2250.0,7.281475813335583,-1.039095113110842,-0.6949748708795379,0.0006158730158730159,19819.03,0.0,0.018525,0.15205145738586018,0.0,2.8141714811597267,84.40271736977844,40.577048459891444
2025-07-08,KMGZ,17079.22,5880.0,6.622563116381268,0.08146081994676423,0.03375999986496932,0.0006154761904761904,19752.14,0.0,0.018524603174603173,0.13797668903897556,0.0,2.5607506208858855,82.29481212354848,44.7875283271738
2025-07-09,KMGZ,17370.0,2260.0,8.171891340824855,-0.9553387898324661,0.7918215583947154,0.0006162698412698412,19800.0,0.0,0.0185234126984127,0.12137296035858211,0.0,2.2617949931813546,79.52842222516165,69.39622741893255
2025-07-10,KMGZ,17739.0,3260.0,7.844166868359545,-0.5083677728441722,0.9954545431921488,0.0006170634920634921,19605.0,0.0,0.01852142857142857,0.0866705213693798,0.0,1.6369660989856842,72.75404942508038,69.53821056310831
2025-07-11,KMGZ,17597.89,3970.0,6.519510275788589,-0.3113292565218804,-0.35188467724043454,0.0006154761904761904,19550.0,0.0,0.018521031746031747,0.0924076079943008,0.0,1.7402642415995084,73.9651602783609,34.490258161246004
2025-07-14,KMGZ,17500.0,2750.0,4.9614135075922485,-0.48578659934445834,-0.999999995,0.0006154761904761904,19751.0,0.0,0.018521031746031747,0.11010753968253968,0.0,2.0589573671040977,77.47578390164365,45.626845263094175
2025-07-15,KMGZ,17434.0,2440.0,4.056070197024032,-0.42440933463113567,-0.690895037543095,0.0006154761904761904,19806.0,0.0,0.018522619047619048,0.11753336351518924,0.0,2.1926617818079164,78.84482408575249,41.259921249924815
2025-07-16,KMGZ,17394.0,1620.0,3.639108031819914,-0.8339799809119273,-0.015706806200487925,0.0006174603174603175,19786.0,0.0,0.018528174603174602,0.11899051000071179,0.0,2.218898186330188,79.1062020254517,49.2495339775128
2025-07-17,KMGZ,17600.0,1330.0,4.567032394225463,-0.9312137344759486,0.365079363920383,0.000623015873015873,20081.99,0.0,0.01853531746031746,0.12248684163059172,0.0,2.281850793975978,79.72363996294615,47.49948108523711
2025-07-18,KMGZ,17600.0,6630.0,4.3742677490970525,0.779746302809836,-0.8056155490159491,0.0006222222222222223,20100.0,0.0,0.01853452380952381,0.12351093073593075,0.0,2.3002898571048243,79.901893018975,41.23898931599833
2025-07-21,KMGZ,18209.99,2560.0,7.693499082017021,-0.17184992574925628,0.9999999972298402,0.000621031746031746,20044.86,0.0,0.01853611111111111,0.08222561363448176,0.0,1.5569340647628942,71.79185855160217,67.25382826082472
2025-07-22,KMGZ,18699.0,3500.0,8.934568467883182,0.228514733820721,0.999999997955052,0.0006206349206349206,19945.0,0.0,0.018536507936507938,0.04809807145276422,0.0,0.9424563777722591,63.771812969888245,71.3694428344066
2025-07-23,KMGZ,18944.99,3840.0,8.934568467883182,0.3212240396787596,0.906923863477625,0.0006202380952380952,19970.0,0.0,0.018544444444444443,0.03556009717843307,0.0,0.716706003174045,60.58793043345222,69.16538087956798
2025-07-24,KMGZ,19655.0,12690.0,8.934568467883182,1.5165654540480884,0.22272359718761142,0.0006198412698412699,19759.0,0.0,0.018553174603174606,-0.013261900118310705,0.0,-0.16235020935442285,47.566670656414445,50.44815881355724
2025-07-25,KMGZ,19840.0,7400.0,8.934568467883182,0.9772312613372591,-0.16928911626229462,0.000621031746031746,19720.11,0.0,0.018563095238095236,-0.02460593798003069,0.0,-0.3666033638677923,44.523014635805566,30.679214542223406
2025-07-28,KMGZ,19920.0,6960.0,8.934568467883182,0.8283211985841076,0.5355877390557049,0.0006206349206349206,19749.99,0.0,0.018581746031746033,-0.02711638458596282,0.0,-0.4118047855087875,43.85416336534348,59.64911874916542
2025-07-29,KMGZ,19820.02,3630.0,8.903491865342065,0.07135685094145905,-0.8960836837668035,0.0006186507936507937,19750.0,0.0,0.018614285714285715,-0.022147077305817935,0.0,-0.3223307639929645,45.180052543119274,40.88108916234958
2025-07-30,KMGZ,19930.0,1830.0,8.831755251468962,-0.6668469257741368,0.2929650002880353,0.000621031746031746,19700.01,0.0,0.01864126984126984,-0.030181159454917686,0.0,-0.46698707090733227,43.04066458700785,62.56881078294324
2025-07-31,KMGZ,19862.0,1650.0,8.129300995592923,-0.7703873331859419,-0.1592650338377945,0.0006178571428571429,20180.0,0.0,0.018650396825396823,-0.0026399245668125917,0.0,0.02890197439211704,50.433518752076054,35.2623254822839
2025-08-01,KMGZ,19790.0,1930.0,7.068506444189733,-0.5603547652378174,-0.8032786819403387,0.0006166666666666666,21100.0,0.0,0.01865873015873016,0.04753631784531228,0.0,0.9323418182318234,63.631487863320956,41.36156517691355
2025-08-04,KMGZ,19730.0,1090.0,5.667973548842319,-1.0140975804986214,-0.9999999915966388,0.0006166666666666666,21289.0,0.0,0.018668253968253966,0.06034847183002277,0.0,1.1630288892190295,66.77036693930974,46.76431328628252
2025-08-05,KMGZ,20095.0,5060.0,7.2456803823179285,0.5210883934976468,0.5670103081092571,0.0006158730158730159,21250.0,0.0,0.018671031746031748,0.038805952578427075,0.0,0.7751487034386674,61.422078448251696,53.25297304682342
2025-08-06,KMGZ,19951.01,1240.0,5.255245377508974,-0.8851643789436436,-0.9701980149990356,0.0006154761904761904,21658.0,0.0,0.01867579365079365,0.06688328330821754,0.0,1.280690331717872,68.31777533498831,46.012303185655256
2025-08-07,KMGZ,19771.0,2650.0,3.955101380281848,-0.1257177599680425,0.30903654529700697,0.0006154761904761904,21850.02,0.0,0.018684126984126984,0.0864708980525429,0.0,1.6333718151270287,72.71127976945101,45.85386914555697
2025-08-08,KMGZ,20595.0,9650.0,7.8201868197255875,1.2737051451211914,0.3414580603570297,0.0006154761904761904,21554.46,0.0,0.018694444444444444,0.027892591243829368,0.0,0.5786500222717269,58.59359990336819,49.32435194183673
2025-08-11,KMGZ,20280.0,3440.0,4.781239746361356,0.24221937789203019,-0.10843178157929531,0.0006150793650793651,21885.0,0.0,0.018705158730158728,0.060436853104160804,0.0,1.1646202232980105,66.79154822676526,45.50329346143852
2025-08-12,KMGZ,20222.03,3180.0,3.9335093535736236,0.04338023906835067,-0.17824915764900057,0.0006150793650793651,21834.44,0.0,0.018719047619047618,0.06101627074414341,0.0,1.1750528295877427,66.93024186907799,45.35615386448894
2025-08-13,KMGZ,20200.0,2400.0,3.3422618044440084,-0.3214789830604344,-0.18343195167598886,0.0006150793650793651,21652.1,0.0,0.018741666666666663,0.05314447194719465,0.0,1.0333184881151243,65.02165227832486,45.998509105000295
2025-08-14,KMGZ,20130.0,1380.0,2.662933322002121,-0.8748629439365105,-0.8461538396449705,0.0006150793650793651,21790.0,0.0,0.018757936507936508,0.06370604759539186,0.0,1.22348315162135,67.57021285608138,45.69101367683022
2025-08-15,KMGZ,19926.03,7380.0,1.4106439067280314,0.8018247601941164,-0.30942465668651414,0.0006150793650793651,21838.0,0.0,0.018767460317460318,0.07718592327174442,0.0,1.466192772560996,70.6763296127718,48.60274559644978
2025-08-18,KMGZ,19819.03,1680.0,-0.086173620899361,-0.6781531727725983,-0.9263643376204536,0.0006150793650793651,21939.99,0.0,0.018775396825396824,0.08824094050291859,0.0,1.6652420150081308,73.08904833302083,49.02692218954533
2025-08-19,KMGZ,19752.14,1040.0,-0.6740673536193355,-1.15772475348251,-0.9999999942811393,0.0006150793650793651,22192.99,0.0,0.01878968253968254,0.10478426944729215,0.0,1.9631101254842978,76.45639015175776,51.52982972725404
2025-08-20,KMGZ,19800.0,1250.0,-0.6837168962612434,-0.8467244379634492,0.07692307633136096,0.0006150793650793651,22149.99,0.0,0.018798809523809523,0.09988755411255419,0.0,1.8749431459602564,75.49086753883893,47.80875216993181
2025-08-21,KMGZ,19605.0,1420.0,-1.8926361157488736,-0.5755829964346489,-0.94999999525,0.0006150793650793651,22099.91,0.0,0.018807539682539683,0.1084513228525279,0.0,2.0291366351732236,77.16201213320217,50.35605054661252
2025-08-22,KMGZ,19550.0,530.0,-2.435188922310621,-1.4072939132194342,-0.9999999932885907,0.0006150793650793651,22001.4,0.0,0.018809920634920634,0.10658138371290553,0.0,1.9954677623546013,76.80406743671038,53.266140086808385
2025-08-25,KMGZ,19751.0,6480.0,-1.5319052392371153,1.2374476122583642,0.684855956274258,0.0006154761904761904,21948.0,0.0,0.018810317460317458,0.09242455672326819,0.0,1.7405694090715127,73.9686860367155,50.24137008119382
2025-08-26,KMGZ,19806.0,3270.0,-1.1716626363383715,0.5535175420773327,0.1478977387566089,0.0006170634920634921,21760.0,0.0,0.018809523809523807,0.07984744882503138,0.0,1.5141144206287658,71.26866994797197,47.89118031851504
2025-08-27,KMGZ,19786.0,470.0,-1.2742893107982145,-1.3862896895955235,-0.4430172153975498,0.000623015873015873,21940.0,0.0,0.01880515873015873,0.09005969520696853,0.0,1.6979892951315336,73.47375363000211,48.18377157541153
2025-08-28,KMGZ,20081.99,8020.0,0.19527866339087604,1.4913766024303785,0.9955885802179743,0.0006301587301587302,21937.35,0.0,0.018812698412698413,0.07357655185582562,0.0,1.4012048461719684,69.86174468727206,52.61913422436067
2025-08-29,KMGZ,20100.0,550.0,0.23695802021298354,-1.370253051942255,0.6839275805046768,0.0006214285714285714,21737.1,0.0,0.018864285714285712,0.06258347547974406,0.0,1.2032708693119323,67.30390312197649,45.84454879573347
2025-09-02,KMGZ,20044.86,1940.0,-0.08071134192220915,-0.05026175622329935,0.2885992626066187,0.0006226190476190475,22118.0,0.0,0.01891031746031746,0.08451470022501431,0.0,1.5981498260967193,72.28994886983146,46.10420504653613
2025-09-03,KMGZ,19945.0,550.0,-0.6043879906949681,-1.372559890627498,-0.9999999818181822,0.000621031746031746,22100.01,0.0,0.01896468253968254,0.0890829484455267,0.0,1.6804026465662611,73.26758841952127,52.00779383476112
2025-09-04,KMGZ,19970.0,470.0,-0.4618275972614326,-1.3483448206165098,0.7991215494569485,0.0006281746031746032,22158.0,0.0,0.01901388888888889,0.09055045763089078,0.0,1.7068256349273485,73.576956199779,46.425157573922995
2025-09-05,KMGZ,19759.0,1240.0,-1.5215983413863015,-0.3782147323370628,-0.6230624230814192,0.0006285714285714285,22100.0,0.0,0.01906031746031746,0.09941733829149184,0.0,1.866476754546122,75.39675797882515,46.72504291087737
2025-09-08,KMGZ,19720.11,1510.0,-1.7500753640349282,-0.026145231960851865,-0.789413054142029,0.0006309523809523809,21999.99,0.0,0.019103968253968255,0.09650796291680114,0.0,1.8140924884507696,74.80907693220755,48.14104486547207
2025-09-09,KMGZ,19749.99,1060.0,-1.0300201358312824,-0.3235857058125752,0.9995999800080645,0.0006392857142857143,22000.0,0.0,0.019144047619047616,0.0947805670263268,0.0,1.7829901539889452,74.4557755922168,47.60755526640481
2025-09-10,KMGZ,19750.0,840.0,-0.885363970567692,-0.51082453281599,0.9999999885057473,0.0006511904761904762,22315.94,0.0,0.01917420634920635,0.11074680630902142,0.0,2.070467574194875,77.59607265707061,47.55195276158942
2025-09-11,KMGZ,19700.01,650.0,-1.01190443689835,-0.7046178903429633,-0.1410636824804917,0.0006480158730158729,22350.0,0.0,0.019203571428571427,0.11531361917183952,0.0,2.152694550574289,78.44207118487026,47.81567648932749
2025-09-12,KMGZ,20180.0,3860.0,1.5035266888566723,1.1315305182017539,-0.1999999998333333,0.000626984126984127,22379.99,0.0,0.019251587301587304,0.08976674768354656,0.0,1.6927146780599767,73.41202699484026,50.10032512656202
2025-09-15,KMGZ,21100.0,13900.0,6.03328704209662,2.412751693748308,0.6666666662222221,0.000625,22180.02,0.0,0.019306349206349206,0.03187943278417214,0.0,0.6504344231249592,59.63454448357026,55.51423005424811
2025-09-16,KMGZ,21289.0,5880.0,5.263419034328116,1.5524196260240006,0.4743363490477534,0.0006261904761904761,21912.0,0.0,0.01936190476190476,0.009902034361586244,0.0,0.25472409400501556,53.81344131683912,49.58725347073887
2025-09-17,KMGZ,21250.0,3060.0,4.418239675348783,0.899278077574572,-0.5652173888468809,0.0006186507936507937,22372.99,0.0,0.01944047619047619,0.033406112044818005,0.0,0.677922788266027,60.0309215677118,40.76522255479695
2025-09-18,KMGZ,21658.0,5540.0,6.114147552836403,1.4230615899394905,0.8133333315259259,0.0006202380952380952,22400.0,0.0,0.01950793650793651,0.014751921281333048,0.0,0.34204791242545385,55.11278588736444,46.03867286343635
2025-09-19,KMGZ,21850.02,820.0,6.401520694529271,-0.5803045371537041,-0.21903876504779998,0.0006238095238095239,22351.09,0.0,0.019560317460317462,0.0033719269952940077,0.0,0.13714735059718375,52.05605019801441,36.31867355882988
2025-09-22,KMGZ,21554.46,2440.0,4.760417557944254,0.5735433457202768,-0.5455264751285356,0.0006257936507936508,22281.06,0.0,0.019609920634920636,0.01410004008782548,0.0,0.33031057588224944,54.938504732003956,38.64702552274294
2025-09-23,KMGZ,21885.0,1990.0,6.125060418364234,0.14290734681804845,0.33177570015940255,0.0006257936507936508,22200.99,0.0,0.019659920634920634,-0.005221264020801301,0.0,-0.01757589643077452,49.73636399674468,48.01296662755777
2025-09-24,KMGZ,21834.44,1130.0,5.163429391312309,-0.4230085316329598,-0.6455999967720131,0.000628968253968254,22152.0,0.0,0.01970714285714286,-0.005163147224555017,0.0,-0.016529484288271803,49.75205976796814,39.460200959703805
2025-09-25,KMGZ,21652.1,920.0,3.8969412278261872,-0.4018343343842469,-0.9889447186485336,0.0006376984126984128,22143.0,0.0,0.019744047619047616,0.0029281181293094247,0.0,0.1291564251451236,51.93637743059535,45.80576464383782
2025-09-26,KMGZ,21790.0,1530.0,4.448176299829486,0.10681379662489451,0.9999999947368422,0.0006313492063492063,22125.0,0.0,0.019788095238095237,-0.004414070456085141,0.0,-0.003042109263815132,49.95436837371161,49.91303490694674
2025-09-29,KMGZ,21838.0,550.0,3.9117856011080288,-0.9162880111555185,0.8399999944000001,0.0006246031746031746,22271.0,0.0,0.019838095238095238,-1.0272177375390823e-05,0.0,0.07624973560055241,51.14354658281,47.73724117406752
2025-09-30,KMGZ,21939.99,730.0,4.301973815636848,-0.6331628733422516,0.9999999951219513,0.000623015873015873,22490.0,0.0,0.01988968253968254,0.0051791529520382115,0.0,0.1696870518114283,52.543109391068874,51.50320249956768
2025-10-01,KMGZ,22192.99,670.0,5.239351643430721,-0.5702187626856529,0.7545231350371745,0.0006293650793650793,22475.0,0.0,0.019934920634920635,-0.0072277549938782,0.0,-0.05370343018456418,49.1945182377192,51.11644272230525
2025-10-02,KMGZ,22149.99,740.0,4.895876872595295,-0.4708466294024983,0.5579005494038821,0.0006242063492063491,22485.0,0.0,0.01998531746031746,-0.004860705665910403,0.0,-0.011083923971732426,49.83374175318514,47.26798286370409
2025-10-03,KMGZ,22099.91,2570.0,4.527167972535836,0.7741620087542349,0.9507869669419612,0.0006238095238095239,22420.0,0.0,0.020036111111111112,-0.005552341720195034,0.0,-0.023537059934855588,49.64694996857706,46.64293224015338
2025-10-06,KMGZ,22001.4,720.0,3.65496479208059,-0.6061342129811823,-0.8683544248838143,0.0006174603174603175,22445.0,0.0,0.02009325396825397,6.909933653566e-05,0.0,0.07767884596605465,51.164971813818795,44.497234319858656
2025-10-07,KMGZ,21948.0,2320.0,3.1259858711770074,0.7508116265370824,-0.5174157929362856,0.0006158730158730159,22400.0,0.0,0.02015198412698413,0.00044214745675926273,0.0,0.08439570078175258,51.265665077198186,43.83394297473572
2025-10-08,KMGZ,21760.0,910.0,1.9442614651722891,-0.37948873923156123,-0.8357487882330976,0.0006162698412698412,22450.0,0.0,0.020210317460317463,0.011499241363211947,0.0,0.28348233445427884,54.242013015302916,45.34861634287511
2025-10-09,KMGZ,21940.0,1260.0,2.625418182105732,-0.05406711490039314,0.9999999949748745,0.0006186507936507937,22449.99,0.0,0.020268253968253967,0.0029765044638336187,0.0,0.13002763710530718,51.949425877668666,46.670428519715934
2025-10-10,KMGZ,21937.35,640.0,2.445818032478107,-0.7791793386574767,0.9706634016520201,0.0006376984126984128,22338.0,0.0,0.02031111111111111,-0.002047738370100846,0.0,0.03956448276982704,50.59343937362976,46.8431962417475
2025-10-13,KMGZ,21737.1,890.0,1.0130772916127564,-0.29467930879164683,-0.9317307647513084,0.000673015873015873,22300.0,0.0,0.020326190476190477,0.005569628193273321,0.0,0.17671768770614554,52.64828467069187,47.510750373811995
2025-10-14,KMGZ,22118.0,4670.0,1.9752852543966761,1.516465114704214,0.9509803898260285,0.0006686507936507936,22200.0,0.0,0.02035595238095238,-0.016648564732882936,0.0,-0.22332822610976372,46.65507999765024,50.64759420912289
2025-10-15,KMGZ,22100.01,4230.0,1.2957389647787851,1.4175081201277693,0.8462106500316514,0.0006753968253968253,22200.0,0.0,0.0203734126984127,-0.015848980356526807,0.0,-0.20893144489648396,46.87012604389969,50.22982901108219
2025-10-16,KMGZ,22158.0,640.0,1.176056006385255,-0.470978680240162,0.6011964088945764,0.0006773809523809523,22160.0,0.0,0.020391269841269842,-0.020301008987402166,0.0,-0.28909169320706696,45.67446423828203,43.93813993672577
2025-10-17,KMGZ,22100.0,800.0,0.6829531438393769,-0.13431209904585986,0.4444444432098765,0.0006750000000000001,22099.0,0.0,0.0203984126984127,-0.02044366156719098,0.0,-0.2916602000982206,45.63622753596434,44.77795360791377
2025-10-20,KMGZ,21999.99,14340.0,0.19694919067961875,2.7518824962323873,-0.29042872257029584,0.0006746031746031747,21884.0,0.0,0.020400396825396825,-0.025672671949158316,0.0,-0.3858102618768447,44.23855079884566,51.66238029784547
2025-10-21,KMGZ,22000.0,9350.0,0.024295691582293673,2.3242054742025107,0.12271247287634635,0.0006793650793650794,21848.99,0.0,0.0203984126984127,-0.027262503607503537,0.0,-0.4144357068304458,43.81529956400762,50.06313451632241
2025-10-22,KMGZ,22315.94,3180.0,1.4358049906447703,1.2457104796045564,0.9999999978537548,0.0006813492063492064,21880.0,0.0,0.0203984126984127,-0.03993332809969083,0.0,-0.6425780935504171,40.478976248912545,49.96842215645083
2025-10-23,KMGZ,22350.0,980.0,1.4842165085343957,0.0686283191530733,0.9999999966666667,0.0006773809523809523,21799.9,0.0,0.020398015873015873,-0.04501099126451469,0.0,-0.7340030986159733,39.16452184246027,46.36985435981846
2025-10-24,KMGZ,22379.99,310.0,1.5613932555224908,-1.114607024618053,0.37982532585230516,0.0006750000000000001,21739.0,0.0,0.020403968253968254,-0.049045178549415286,0.0,-0.8066399752627987,38.131180750283114,46.957743447522525
2025-10-28,KMGZ,22180.02,880.0,0.6102591329030522,-0.022472792089613294,-0.9762814535757015,0.0006797619047619047,21725.0,0.0,0.020401587301587303,-0.040916447071776885,0.0,-0.6602794758763811,40.22334418564482,48.41099992334041
2025-10-29,KMGZ,21912.0,640.0,-0.6261190695191982,-0.3409254397696297,-0.9624873800734982,0.0006817460317460318,21601.01,0.0,0.020396825396825396,-0.03458950520697516,0.0,-0.5463607945337121,41.877200266038194,49.55226280408046
2025-10-30,KMGZ,22372.99,3350.0,1.4652590545438269,1.3143187999230315,0.9913548365777384,0.0006972222222222222,21754.99,0.0,0.02037579365079365,-0.04799838678653456,0.0,-0.7877921432744646,38.39832350773725,50.26321364137206
2025-10-31,KMGZ,22400.0,950.0,1.5027470813817694,0.00527704222480657,0.32203389721344444,0.0006876984126984126,21620.0,0.0,0.02036309523809524,-0.05518452380952381,0.0,-0.9171809176776136,36.579282585337744,46.11537121290094
2025-11-03,KMGZ,22351.09,820.0,1.2593304752077084,-0.16282326971669867,-0.3368945534098154,0.0006761904761904762,21634.0,0.0,0.02036190476190476,-0.05244490384606577,0.0,-0.8678531539196687,37.26857845186053,45.93506872714447
2025-11-04,KMGZ,22281.06,750.0,0.9280462898179332,-0.2151107101996819,-0.9871515091687628,0.0006753968253968253,21559.99,0.0,0.020361507936507938,-0.05272397184082846,0.0,-0.8728778654861159,37.19812158090557,48.29145190934813
2025-11-05,KMGZ,22200.99,1010.0,0.5471416558943681,0.08252080263036109,-0.3312150896979149,0.0006757936507936508,21545.99,0.0,0.02036031746031746,-0.04986350628207721,0.0,-0.8213742368070059,37.922840381947786,46.84792432733535
2025-11-06,KMGZ,22152.0,910.0,0.28678983184580203,-0.021739926846897656,-0.6176470565527682,0.0006761904761904762,21537.19,0.0,0.02035873015873016,-0.04811288328260165,0.0,-0.7898536905636665,38.36906939217701,45.69336954390191
2025-11-07,KMGZ,22143.0,940.0,0.2140606619946222,0.010695260176080341,-0.2560502409854304,0.0006746031746031747,21261.0,0.0,0.02035873015873016,-0.06019073124259414,0.0,-1.0073193386540977,35.333960806536155,47.453228087561236
2025-11-10,KMGZ,22125.0,2200.0,0.110912104195993,0.8664173267264572,0.7058823487889274,0.0006753968253968253,21090.0,0.0,0.02035873015873016,-0.06713839117567931,0.0,-1.132414254160985,33.638439107579075,47.64651677536963
2025-11-11,KMGZ,22271.0,3020.0,0.7576062468483087,1.1618252982995687,0.2513624098582337,0.0006746031746031747,21121.9,0.0,0.020359920634920637,-0.07195616687442485,0.0,-1.2191598994243222,32.486653963921704,49.56627142260327
2025-11-12,KMGZ,22490.0,730.0,1.677495621704193,-0.2790826669971861,0.9999999951690821,0.0006746031746031747,21327.03,0.0,0.02036230158730159,-0.07207283960419804,0.0,-1.2212606305213398,32.45901508555612,46.463156804141605
2025-11-13,KMGZ,22475.0,630.0,1.5844063091713556,-0.4054637845675702,0.8550724596373311,0.0006746031746031747,21500.0,0.0,0.02036309523809524,-0.06374463027702738,0.0,-1.07130846646321,34.46172399169761,44.85765817117179
2025-11-14,KMGZ,22485.0,370.0,1.597534797275776,-0.9162869672960946,0.8394950367921835,0.0006746031746031747,21350.0,0.0,0.02036626984126984,-0.07084436635005348,0.0,-1.199141563179274,32.75064131983325,45.140258265572584
2025-11-17,KMGZ,22420.0,1880.0,1.2925495662439996,0.7092320508383685,-0.05660377340690637,0.0006746031746031747,21520.0,0.0,0.02036626984126984,-0.06050899954688982,0.0,-1.0130498647618587,35.25543815467202,49.670238518026295
2025-11-18,KMGZ,22445.0,570.0,1.3507349302532274,-0.5055469222818595,0.9411764650519031,0.0006746031746031747,21720.0,0.0,0.02036626984126984,-0.0526674505051148,0.0,-0.8718601801383103,37.21238725676939,45.85301603931661
2025-11-19,KMGZ,22400.0,1370.0,0.8397485447899262,0.3927716936542934,0.9999999916666668,0.0006746031746031747,,0.0,,,0.0,,,47.137107111248696
2025-11-20,KMGZ,22450.0,980.0,0.6645704836627716,0.057758756824662194,0.9999999948717949,0.0006746031746031747,,0.0,,,0.0,,,46.76476443566797
2025-11-21,KMGZ,22449.99,3100.0,0.6451010439715658,1.2093627696877767,0.9999839992000152,0.0006765873015873017,,0.0,,,0.0,,,50.753279952034354
2025-11-24,KMGZ,22338.0,1820.0,0.07187952545742886,0.6767973671225249,0.3275691244781524,0.0006805555555555554,,0.0,,,0.0,,,47.565345749339656
2025-11-25,KMGZ,22300.0,2520.0,-0.10022025595298098,0.9808283628009576,0.9999999945355191,0.0006880952380952381,,0.0,,,0.0,,,50.48042174055354
2025-11-26,KMGZ,22200.0,990.0,-0.5589472303197165,0.025576804421200545,0.3333333322222222,0.0006984126984126985,,0.0,,,0.0,,,45.703367256191925
2025-11-27,KMGZ,22200.0,910.0,-0.5806124022549715,-0.07919692071252987,0.999999995,0.0006928571428571428,,0.0,,,0.0,,,47.48191435236372
2025-11-28,KMGZ,22160.0,4650.0,-0.715539759269098,1.5724933103643812,0.3320987269434436,0.0006952380952380952,,0.0,,,0.0,,,49.545380380278374
2025-12-01,KMGZ,22099.0,5770.0,-0.8682853801370682,1.7677844482975886,0.4190199513356873,0.0006821428571428573,,0.0,,,0.0,,,49.91120477242176
2025-12-02,KMGZ,21884.0,1450.0,-1.6864578840820315,0.37156301146777415,-0.44347825894139886,0.0006765873015873017,,0.0,,,0.0,,,48.10611463491882
2025-12-03,KMGZ,21848.99,5510.0,-1.774681514754657,1.5326101360458202,0.20445504938681924,0.0006773809523809523,,0.0,,,0.0,,,49.391769613785556
2025-12-04,KMGZ,21880.0,2930.0,-1.400894257776516,0.731411976907058,0.6521739073724008,0.0006813492063492064,,0.0,,,0.0,,,47.66389881724445
2025-12-05,KMGZ,21799.9,1340.0,-1.6702303186483005,-0.19897290533728337,0.30347825955010715,0.0006769841269841269,,0.0,,,0.0,,,45.288356284470765
2025-12-08,KMGZ,21739.0,1750.0,-1.8961972444070898,0.06797289769553251,0.10843373450428219,0.0006809523809523809,,0.0,,,0.0,,,47.02715224109152
2025-12-09,KMGZ,21725.0,690.0,-1.8902662336929383,-0.8410655677101363,0.36297410178608497,0.0006773809523809523,,0.0,,,0.0,,,45.20235551663351
2025-12-10,KMGZ,21601.01,2250.0,-2.375881258221601,0.46733998280558514,-0.8975813911740549,0.0006769841269841269,,0.0,,,0.0,,,50.529434508515536
2025-12-11,KMGZ,21754.99,510.0,-1.5246163052088357,-1.1433454121002633,0.7368282502403926,0.0006761904761904762,,0.0,,,0.0,,,46.09764081853227
2025-12-12,KMGZ,21620.0,840.0,-2.0913824822979348,-0.6443558469879466,-0.5519917195378886,0.0006750000000000001,,0.0,,,0.0,,,46.70884954835425
2025-12-15,KMGZ,21634.0,870.0,-1.9709799457249395,-0.60926459974579,-0.1523809516553288,0.0006750000000000001,,0.0,,,0.0,,,47.53145086315731
2025-12-17,KMGZ,21559.99,490.0,-2.1936028050882945,-1.0569368744867769,-0.5294901940019867,0.0006750000000000001,,0.0,,,0.0,,,47.438954985406745
2025-12-18,KMGZ,21545.99,960.0,-2.2063932283233614,-0.38441102171739083,-0.0675584421764039,0.0006746031746031747,,0.0,,,0.0,,,47.4408098094564
2025-12-19,KMGZ,21537.19,740.0,-2.139428820333303,-0.633998228579632,0.7953250285459876,0.0006746031746031747,,0.0,,,0.0,,,45.91492661120657
2025-12-22,KMGZ,21261.0,3700.0,-3.308729555016326,0.9754375092169294,-0.8491147493659621,0.0006746031746031747,,0.0,,,0.0,,,52.74243147023301
2025-12-23,KMGZ,21090.0,1270.0,-3.6424398507500246,-0.09387737125748384,-0.6077930647004542,0.0006753968253968253,,0.0,,,0.0,,,46.12030235436307
2025-12-24,KMGZ,21121.9,660.0,-3.294941613035928,-0.681716981761707,-0.1480954941511827,0.0006757936507936508,,0.0,,,0.0,,,47.03999735582661
2025-12-25,KMGZ,21327.03,3000.0,-2.1650088520362933,0.9763936001397817,0.045829885300577314,0.0006769841269841269,,0.0,,,0.0,,,49.20456685049599
2025-12-26,KMGZ,21500.0,2240.0,-1.167531267732299,0.5402721807452749,0.8765159829040089,0.0006753968253968253,,0.0,,,0.0,,,48.29267893509423
2025-12-29,KMGZ,21350.0,1580.0,-1.751280671664487,0.124530257098127,-0.3013100423523579,0.0006777777777777777,,0.0,,,0.0,,,47.79886491193793
2025-12-30,KMGZ,21520.0,5790.0,-0.6608716339935461,1.4232368274935985,0.6176376856843622,0.0006746031746031747,,0.0,,,0.0,,,50.07961229458249
2025-12-31,KMGZ,21720.0,3060.0,0.6651959799457398,0.7855197484831995,0.5369928388138596,0.0006746031746031747,,0.0,,,0.0,,,46.99095094497975
2025-01-05,KZAP,20300.0,1060.0,-1.7373054543364024,-0.3438556867256112,0.0012210012135514486,0.0005726190476190476,19649.99,0.0,0.01756706349206349,-0.04958726053639839,0.0,-0.816400340768965,37.99312121246299,47.37601649994441
2025-01-06,KZAP,20451.5,1160.0,-0.9611303710502948,-0.18088291939721762,0.9996040322074724,0.0005674603174603176,19725.95,0.0,0.01759920634920635,-0.05307582175638916,0.0,-0.8792130396141085,37.10936682261453,47.63332394141887
2025-01-08,KZAP,20429.0,1820.0,-0.9992671658054034,0.29135074333717875,0.8340769037813286,0.0005678571428571428,19699.0,0.0,0.017623015873015874,-0.05335653195309811,0.0,-0.8842673195698683,37.03861950424101,46.82861013648077
2025-01-09,KZAP,20361.6,1550.0,-1.2730710817841302,0.1307697161211844,0.45869311836339466,0.0005825396825396825,19503.0,0.0,0.017628571428571427,-0.05979618104667603,0.0,-1.0002153318522444,35.43141356099338,45.13857932640884
2025-01-10,KZAP,20381.79,1600.0,-1.134639878390528,0.08474091102855924,0.9998682411076084,0.0006321428571428572,19422.0,0.0,0.01758214285714286,-0.06467270752295488,0.0,-1.0880188043008898,34.23563011498486,48.10882859422878
2025-01-13,KZAP,20130.0,2390.0,-2.3251969337082996,0.4170368400733118,0.5859030811193697,0.0005884920634920634,19300.1,0.0,0.017590873015873015,-0.05881789735765153,0.0,-0.9826010103974028,35.67356779873888,46.20631145723376
2025-01-14,KZAP,20158.0,1710.0,-2.1337517353178317,0.06648950623311431,0.9720666029309648,0.0005805555555555556,19000.0,0.0,0.01763412698412698,-0.0750803021999222,0.0,-1.2754109894804282,31.750825934799074,48.272893769231395
2025-01-15,KZAP,20160.0,1080.0,-2.077390433330443,-0.3961609400125823,0.9999999952380952,0.0005857142857142858,19000.0,0.0,0.017671825396825398,-0.07521150793650794,0.0,-1.2777733921728873,31.7201183818983,48.068437575688584
2025-01-16,KZAP,20199.95,2009.9999999999998,-1.8418404506165065,0.22501023283691607,0.9989999900100147,0.0005837301587301588,19010.0,0.0,0.017686507936507938,-0.07659506959136356,0.0,-1.3026848774758066,31.39727984163787,48.90214062786569
2025-01-17,KZAP,20280.0,1000.0,0.3098139332568424,-0.4731231623257301,0.5789473623268699,0.0005948412698412699,18767.4,0.0,0.017675396825396823,-0.0922611956419648,0.0,-1.5847586596550047,27.871286772132585,44.17595277816759
2025-01-20,KZAP,20150.0,2020.0,-0.24591948008174394,0.24884202744074282,-0.9998894422647381,0.0005884920634920634,18550.0,0.0,0.01766388888888889,-0.09706835539012959,0.0,-1.671313161216187,26.839364082148702,49.86306546378175
2025-01-21,KZAP,20050.01,2440.0,-0.7129924252382158,0.4188739519173855,-0.3938787866852255,0.0005857142857142858,18350.0,0.0,0.017654761904761902,-0.10244324829454418,0.0,-1.7680898860720533,25.714630107290375,48.0399327898036
2025-01-22,KZAP,19990.0,820.0,-0.9295539853697264,-0.7052675494099334,0.5712682347291281,0.0005888888888888889,18697.0,0.0,0.01764880952380952,-0.08233115069439481,0.0,-1.4059649153353613,30.078155175261056,44.581019287829506
2025-01-23,KZAP,20037.99,2020.0,-0.6732618839984834,0.19627973893267775,0.46078260669226345,0.0005944444444444445,18554.7,0.0,0.017626587301587303,-0.09165047891945918,0.0,-1.5737625030301425,28.00411498234197,45.314542759313284
2025-01-24,KZAP,19950.99,940.0,-1.0965823724086057,-0.5686922712759274,0.1305905394313519,0.0005976190476190477,18868.2,0.0,0.01761031746031746,-0.07188281220869841,0.0,-1.2178391244008662,32.504037373747096,46.944135223162114
2025-01-27,KZAP,19845.98,950.0,-1.6720309247375726,-0.5550936041588058,0.025157982442109834,0.000594047619047619,18200.1,0.0,0.01763452380952381,-0.100567188258445,0.0,-1.7343108044874629,26.103684753754564,47.31528728450823
2025-01-28,KZAP,19790.0,580.0,-1.9570490207013465,-1.0485264405765988,-0.29662209189610855,0.000588095238095238,18363.8,0.0,0.01766190476190476,-0.08972860511561878,0.0,-1.5391585294013477,28.424627556388405,47.63873242194205
2025-01-29,KZAP,19826.85,890.0,-1.7995764102304757,-0.5707883699380797,0.9999999820948974,0.0005738095238095239,18602.99,0.0,0.017717063492063492,-0.0794444685009276,0.0,-1.353989247475253,30.738067969359562,48.0438706668375
2025-01-30,KZAP,19800.0,2360.0,-1.8536243618836605,0.5548597193734923,-0.999999997368421,0.0005718253968253969,18664.99,0.0,0.017765873015873016,-0.0750896103896103,0.0,-1.2755785865150802,31.748646910678403,51.97250677615282
2025-01-31,KZAP,19875.0,740.0,-1.2868690547082904,-0.604905658994859,0.9404915790363497,0.0005785714285714286,18699.99,0.0,0.01780753968253968,-0.0769275396825396,0.0,-1.3086711114545566,31.319967691853947,47.10796309982398
2025-02-03,KZAP,19844.0,1570.0,-1.4042955156149688,0.1472740177774249,-0.13454545405619836,0.0005801587301587301,18749.99,0.0,0.017851190476190475,-0.072981708516908,0.0,-1.2376251159649734,32.24413037845989,48.18858552605755
2025-02-04,KZAP,19920.0,1350.0,-0.9225036059823378,-0.1445810809836237,0.22038765175740893,0.0005865079365079364,18820.0,0.0,0.017901984126984127,-0.07312286766112067,0.0,-1.240166733054523,32.210822934821,46.290919677928194
2025-02-05,KZAP,20006.9,560.0,-0.38205853152764907,-1.024502608642022,0.652048464588886,0.000588095238095238,18995.0,0.0,0.017951587301587302,-0.06852913804658034,0.0,-1.1574551116558014,33.30387570425982,45.120013040412154
2025-02-06,KZAP,19900.0,52890.0,-0.7982715862153844,3.5966497701469895,-0.42853877119528055,0.0005869047619047619,18599.0,0.0,0.017990873015873016,-0.08336775743798357,0.0,-1.4246293626819548,29.843160453905625,54.01130187118102
2025-02-07,KZAP,19852.07,6910.0,-0.48246090396459596,1.5545310433689405,0.09245398744645837,0.000590079365079365,18400.0,0.0,0.01802857142857143,-0.09117308482188505,0.0,-1.56516686437271,28.108215026191054,49.76122043257969
2025-02-10,KZAP,19670.1,870.0,-1.315811249041574,-0.5176965236212439,-0.5567060464768103,0.0005825396825396825,17779.99,0.0,0.018087698412698413,-0.11417821142483343,0.0,-1.9793817793711685,23.368324328535238,46.49908776546763
2025-02-11,KZAP,19695.68,640.0,-1.145975164902457,-0.6410280844485995,0.9999999895430306,0.0005805555555555556,17480.0,0.0,0.01816825396825397,-0.13066398907361718,0.0,-2.2762136597312304,20.331089748520597,47.775303961742814
2025-02-12,KZAP,19705.0,490.0,-1.0663745389398094,-0.7525661414822699,-0.1655076449094009,0.0005801587301587301,17465.0,0.0,0.018255555555555556,-0.13193228734951648,0.0,-2.2990497897648288,20.110058011549715,47.78094606416387
2025-02-13,KZAP,19725.0,1250.0,-0.943769881468318,0.24846043360965842,0.9849146408502097,0.0005805555555555556,17750.02,0.0,0.018310714285714284,-0.11843644305630996,0.0,-2.0560526485960198,22.554644481167063,48.18706015143714
2025-02-14,KZAP,19551.0,980.0,-1.7683087675172724,0.005115079397889733,-0.9999999919678716,0.0005853174603174603,17400.0,0.0,0.018349603174603175,-0.12836955100335873,0.0,-2.234901543234574,20.7355366217417,50.76427170435886
2025-02-17,KZAP,19649.99,2690.0,-1.2268587584165072,1.0251656709785901,0.6632323209992286,0.0005813492063492063,17082.0,0.0,0.018396825396825398,-0.14908340589890207,0.0,-2.607861353147042,17.29708567531204,49.01238773856507
2025-02-18,KZAP,19725.95,690.0,-0.7736016485482501,-0.3354348116709919,0.9999999868334433,0.0005996031746031746,17346.0,0.0,0.018438492063492063,-0.13908920850553924,0.0,-2.4279125228181084,18.89652886394022,47.46092586190913
2025-02-19,KZAP,19699.0,670.0,-0.8767357870767881,-0.34390547364642077,-0.48235293833910037,0.0005916666666666667,17195.0,0.0,0.01851468253968254,-0.14562773396361267,0.0,-2.545640836753318,17.837668669601786,46.297315558607366
2025-02-20,KZAP,19503.0,1290.0,-1.849875646564747,0.31121143727107653,-0.96581001216132,0.000588095238095238,16507.24,0.0,0.018585714285714285,-0.17219080068267878,0.0,-3.0239176405734804,14.01131398812735,50.77430904660324
2025-02-21,KZAP,19422.0,5040.0,-2.2071042682877913,1.6739730240894257,-0.7479954138144572,0.0005857142857142858,16898.97,0.0,0.01863095238095238,-0.14853672933492204,0.0,-2.598018260762077,17.381733323992126,56.73492197564433
2025-02-24,KZAP,19300.1,1180.0,-2.686103881844106,0.20114082868419364,-0.9999999959979189,0.0005972222222222222,16355.0,0.0,0.018665079365079367,-0.17126014363935765,0.0,-3.007160852630285,14.132885775155529,51.16296396826627
2025-02-25,KZAP,19000.0,4019.9999999999995,-4.162211293915783,1.3143180295780426,0.08695652164461248,0.0006238095238095239,16499.0,0.0,0.01866626984126984,-0.15029784878863828,0.0,-2.6297277991364374,17.11020791922894,50.60946627088068
2025-02-26,KZAP,19000.0,900.0,-3.9788447308710033,-0.3001033382169359,-0.5017128589117831,0.0006234126984126985,16899.96,0.0,0.018663492063492063,-0.12919191311612369,0.0,-2.2497084451271823,20.58989726646354,45.243064439841106
2025-02-27,KZAP,19010.0,1980.0,-3.8868246431543145,0.48835138320974303,0.04005943173860737,0.0005984126984126983,16835.0,0.0,0.018685714285714285,-0.13309918088224243,0.0,-2.320060093851066,19.908291098263664,48.06578137845064
2025-02-28,KZAP,18767.4,3010.0,-5.026323943846682,0.9071938740262928,-0.47704848554076806,0.0005837301587301588,16753.0,0.0,0.018717460317460317,-0.12605252004869646,0.0,-2.1931826343800918,21.149963766205314,48.64212838782181
2025-03-03,KZAP,18550.0,3310.0,-5.96207250869899,0.9579291298828594,0.1428571424489796,0.000576984126984127,16540.0,0.0,0.018760714285714287,-0.12711650943396227,0.0,-2.2123401152487543,20.958908681289685,48.346013148474526
2025-03-04,KZAP,18350.0,2630.0,-6.763494405008892,0.72796509878535,-0.04807234634913228,0.0005765873015873015,16561.11,0.0,0.01881666666666667,-0.1163038601271571,0.0,-2.0176547874595805,22.95961658110163,44.88568480173265
2025-03-05,KZAP,18697.0,3820.0,-4.799361377943816,1.1012311042950562,0.989090907292562,0.0005829365079365079,16100.0,0.0,0.0188734126984127,-0.1577727013543468,0.0,-2.764314992398575,15.995149846076062,54.92497093051854
2025-03-06,KZAP,18554.7,1670.0,-5.331312402555772,0.02118076102558428,0.43207590635467064,0.0005722222222222222,16847.0,0.0,0.018936507936507935,-0.11097248803858453,0.0,-1.9216616692904234,23.994209430609313,40.09971954967014
2025-03-07,KZAP,18868.2,1080.0,-1.7242716344089426,-0.3150804955898161,0.9993062747162561,0.0005813492063492063,17087.0,0.0,0.01899365079365079,-0.11339587252121361,0.0,-1.9652955085996207,23.52001511995048,47.95257546120784
2025-03-11,KZAP,18200.1,2850.0,-4.570782330051961,0.8083012598311348,-0.4458276212747567,0.0006182539682539682,17494.0,0.0,0.01900436507936508,-0.057800855208540114,0.0,-0.964288830046696,35.9260943798632,48.8898250089449
2025-03-12,KZAP,18363.8,1320.0,-3.3334827267353506,-0.11441018659976664,0.9999999938949939,0.0006154761904761904,17300.0,0.0,0.01901309523809524,-0.07694228200771805,0.0,-1.3089365518964227,31.316541929623163,48.08166295631034
2025-03-13,KZAP,18602.99,1820.0,-1.9123028545617453,0.19671005015892382,0.5791617946930764,0.000628968253968254,17595.0,0.0,0.0190031746031746,-0.07318747508390386,0.0,-1.2413300110750396,32.19558440681055,45.3390187073199
2025-03-14,KZAP,18664.99,830.0,-1.4595230325947284,-0.7430828008487639,-0.40332353836151924,0.0006206349206349206,17682.72,0.0,0.01899920634920635,-0.07162554046457423,0.0,-1.2132068615377596,32.56504308699205,46.824357135176825
2025-03-17,KZAP,18699.99,860.0,-1.1236996980953708,-0.7075762134561109,-0.40434911883018654,0.0006202380952380952,17639.87,0.0,0.018999603174603176,-0.07569054258152277,0.0,-1.2863985694297126,31.608139733744387,46.72890094130341
2025-03-18,KZAP,18749.99,960.0,-0.7574881288025803,-0.5975755740808957,0.9998657651015935,0.0006238095238095239,18168.0,0.0,0.019001984126984128,-0.05004146734804193,0.0,-0.8245784846724432,37.87759137120546,47.52078938183352
2025-03-19,KZAP,18820.0,2770.0,-0.09911737038057963,0.6167204986638471,0.48387096514047867,0.0006373015873015873,17901.0,0.0,0.018990873015873013,-0.06782190383415145,0.0,-1.1447211256951377,33.473803035872805,46.59840194265109
2025-03-20,KZAP,18995.0,1650.0,0.9144835587739634,-0.05597919843661246,0.944444439197531,0.0006376984126984128,18498.0,0.0,0.018980555555555553,-0.04514533576087274,0.0,-0.7364220157164917,39.129947524522464,45.91124412216866
2025-03-26,KZAP,18599.0,1810.0,-1.1523283837205296,0.03657224538730053,-0.1500992971233668,0.0006261904761904761,18560.93,0.0,0.01897420634920635,-0.021021090590294562,0.0,-0.3020570006831754,45.481506033614814,48.02127429911273
2025-03-27,KZAP,18400.0,5410.0,-2.056945962971203,1.092162828645317,-0.7109144532287397,0.0006277777777777778,18535.0,0.0,0.01896269841269841,-0.01162574189095928,0.0,-0.13289063920019728,48.00769581826449,52.59396470992144
2025-03-28,KZAP,17779.99,12590.0,-4.745542579300887,1.93681634579002,0.4499749994375353,0.0006416666666666667,18565.0,0.0,0.018943650793650794,0.025207667626663186,0.0,0.5303070843233085,57.88816764804883,52.384448311293134
2025-03-31,KZAP,17480.0,4030.0000000000005,-5.260238707847805,0.7519117207671691,-0.4982938566381666,0.0006611111111111111,18600.0,0.0,0.018907539682539682,0.04516568686208275,0.0,0.8896578231311277,63.03677283522635,46.57470864311134
2025-04-01,KZAP,17465.0,5720.0,-4.770325647330898,1.1021139473487043,0.3589743580539119,0.0006674603174603175,18600.0,0.0,0.018874603174603176,0.04611251391672234,0.0,0.9067057574774449,63.274787841819894,49.154378744072304
2025-04-02,KZAP,17750.02,5090.0,-2.722300938767886,0.7921964405627651,0.6012359533673172,0.0006357142857142858,18691.99,0.0,0.018866666666666667,0.034202005932012156,0.0,0.6922531210010647,60.23704605507013,48.18788720903201
2025-04-03,KZAP,17400.0,3620.0,-4.305505219683708,0.29322195524431605,-0.9999999978448276,0.0006242063492063491,18497.77,0.0,0.01886190476190476,0.04422832512315274,0.0,0.8727803149254593,62.80051107469049,50.447473140350304
2025-04-04,KZAP,17082.0,3150.0,-5.6811720781602455,0.15415051093855478,-0.5482912324691066,0.0006285714285714285,18850.0,0.0,0.01885436507936508,0.08464639595564252,0.0,1.6005210512940122,72.31843946478537,42.826685249948554
2025-04-07,KZAP,17346.0,6480.0,-3.832041116683875,0.87546804945324,0.9847981819108861,0.0006412698412698412,18635.01,0.0,0.018837301587301587,0.05547435527883461,1.0,1.075268808268889,65.59192423953894,53.026454535241484
2025-04-08,KZAP,17195.0,4510.0,-4.25245573232927,0.47311221723757385,0.9719919949357106,0.0006678571428571428,18987.0,0.0,0.01880436507936508,0.08541197688050697,1.0,1.6143055891142268,72.48370400538985,49.288435287964774
2025-04-09,KZAP,16507.24,3140.0,-7.454181138902759,0.11103818900138318,-0.539899060079217,0.0006591269841269841,19890.01,0.0,0.018780555555555557,0.18614588884096359,1.0,3.428052998564046,88.66361159583317,39.65106803284146
2025-04-10,KZAP,16898.97,6740.0,-5.003865169746379,0.8111150469064116,-0.5239419790751328,0.0006309523809523809,20000.0,0.0,0.01877222222222222,0.1647318611627414,1.0,3.042486346069613,86.12237964510432,47.66975572817434
2025-04-11,KZAP,16355.0,7910.0,-7.454181138902759,0.9223131699903636,-0.7516629695085079,0.0006313492063492063,19839.99,0.0,0.0187531746031746,0.19433089754601535,1.0,3.5754267880475674,89.52246420047788,42.77855553854336
2025-04-14,KZAP,16499.0,3070.0,-5.958414130923393,-0.09767622289619374,-0.24864864797662528,0.000625,19439.0,0.0,0.018741666666666667,0.1594509510677415,1.0,2.9474018127884727,85.42636979569632,41.60580986389808
2025-04-15,KZAP,16899.96,5000.0,-3.3854035697116105,0.39008361408089604,0.9998499937502064,0.0006206349206349206,19138.0,0.0,0.018732936507936507,0.11369577929967492,1.0,2.123564808465246,78.14504334714226,49.84139858763258
2025-04-16,KZAP,16835.0,1690.0,-3.434450840470735,-0.8168285290495667,-0.506918121800445,0.0006206349206349206,19401.11,0.0,0.018727380952380954,0.1336997054747055,1.0,2.483742116907608,81.61150834325588,46.3148226125765
2025-04-17,KZAP,16753.0,3760.0,-3.7745748523016536,-0.017139490397507985,-0.13326110483879683,0.0006154761904761904,19901.0,0.0,0.01871388888888889,0.16919275469733447,1.0,3.122806209904304,86.68839401500416,47.20733159083654
2025-04-18,KZAP,16540.0,5170.0,-4.778232750537517,0.2831787271259675,0.28027681563918055,0.0006202380952380952,20017.0,0.0,0.018687698412698413,0.19152995575900655,1.0,3.5249949045702214,89.23522799259374,43.982893949094816
2025-04-21,KZAP,16561.11,2610.0,-4.325202736578379,-0.49226291098198993,-0.008553846127523045,0.0006325396825396825,20550.0,0.0,0.018651984126984125,0.22220687134828288,1.0,4.077342918234204,92.02982127052421,45.82742366903179
2025-04-22,KZAP,16100.0,6490.0,-6.6336884887553795,0.41864833036891524,-0.9298245597722377,0.0006396825396825397,20648.0,0.0,0.018605952380952383,0.2638785196687371,1.0,4.827654731979685,94.76777515714633,46.546862359768056
2025-04-23,KZAP,16847.0,6220.0,-1.7017608546166338,0.26857296806585546,0.8872721403429955,0.0006353174603174604,21000.0,0.0,0.018582142857142856,0.2279305893800507,1.0,4.180400354905733,92.47174743510014,47.7244503042385
2025-04-24,KZAP,17087.0,3540.0,-0.0475592537510478,-0.3542704951989407,0.20974811463459317,0.0006384920634920634,20914.0,0.0,0.018568650793650793,0.2054027894825826,1.0,3.7747798651477624,90.59253182641052,46.71143493597433
2025-04-25,KZAP,17494.0,6330.0,2.7570493843727286,0.2861032771370122,0.5759151818845478,0.000628968253968254,21287.0,0.0,0.018556746031746032,0.19826044843492827,1.0,3.64617965176902,89.91402227980201,43.914039407674366
2025-04-28,KZAP,17300.0,1330.0,2.033239083527155,-1.2740152010568626,0.9831432788526133,0.0006242063492063491,21078.88,0.0,0.018550396825396828,0.19988197311679975,1.0,3.675375740095838,90.0717777040571,46.84272640494836
2025-04-29,KZAP,17595.0,830.0,3.8839285372297834,-1.7455217208197156,0.9807692288831361,0.000619047619047619,21926.0,0.0,0.018551190476190475,0.22759828380627614,1.0,4.1744170831172225,92.44671774673468,48.07413675542259
2025-04-30,KZAP,17682.72,4290.0,4.5780141896056135,0.03679936659496439,0.5514666648284522,0.0006166666666666666,22300.0,0.0,0.018556349206349205,0.24256184980375775,1.0,4.443841039120416,93.50088339432978,45.11279561816258
2025-05-02,KZAP,17639.87,2760.0,4.393739599333898,-0.37729374217730594,0.805371611934762,0.0006206349206349206,22670.0,0.0,0.018554365079365077,0.26660249832155575,1.0,4.8767008687651385,94.91178365473009,48.072688868458854
2025-05-05,KZAP,18168.0,5750.0,7.502043662026674,0.35667462709429637,0.9135135122790358,0.0006261904761904761,22675.0,0.0,0.01854404761904762,0.2295294882682267,1.0,4.209189058332041,92.59111639892464,61.59189805015814
2025-05-06,KZAP,17901.0,2080.0,5.443849403993283,-0.7492355366445294,-0.32891841967839164,0.0006261904761904761,22649.0,0.0,0.01853373015873016,0.24670284880333898,1.0,4.518401096025316,93.76749929832498,38.09643853728092
2025-05-08,KZAP,18498.0,4440.0,8.934568467883182,0.09812936894704426,0.582446807736108,0.0006273809523809525,22699.99,0.0,0.018521825396825398,0.20863732694396828,1.0,3.8330187821835633,90.88614071849088,64.74402075116612
2025-05-12,KZAP,18560.93,4970.0,8.922140161730335,0.2108947328380541,0.2634776527113167,0.0006198412698412699,22648.0,0.0,0.018517460317460318,0.20168001901143104,1.0,3.7077501512548086,90.24413609541197,58.0786665700576
2025-05-13,KZAP,18535.0,2140.0,8.08101614750608,-0.7128113481702553,0.42124541970239776,0.0006162698412698412,22600.0,0.0,0.018517063492063494,0.20079774632719735,1.0,3.691864539703404,90.15989855251381,61.81378601536298
2025-05-14,KZAP,18565.0,570.0,7.891835095055087,-1.9546377766805505,-0.2192455537046717,0.0006226190476190475,22399.99,0.0,0.018509920634920636,0.18806104623822786,1.0,3.4625360410705293,88.86991258277448,38.244014466136306
2025-05-15,KZAP,18600.0,2710.0,7.45283863840829,-0.29777818564966724,-0.8383371805119234,0.000625,22588.0,0.0,0.0185,0.19590860215053765,1.0,3.603833881385238,89.68126147866259,41.18516363234211
2025-05-16,KZAP,18600.0,2120.0,6.944026769988351,-0.5433103603769476,0.19996799792004993,0.0006345238095238095,22599.0,0.0,0.018480555555555552,0.19651944444444444,1.0,3.6148322989647195,89.74216921342378,52.001401820828896
2025-05-19,KZAP,18691.99,3470.0,7.030180968923277,0.0967520389485149,0.6981754361467641,0.0006277777777777778,22590.0,0.0,0.018469444444444445,0.19006961426466026,1.0,3.4987009728571117,89.08274005845868,56.66949357441486
2025-05-20,KZAP,18497.77,3520.0,5.468919794305018,0.004270464772124264,0.38896040879708776,0.0006194444444444444,22460.0,0.0,0.01846587301587302,0.19573454141246074,1.0,3.60069986021372,89.66384719784756,46.76036619460714
2025-05-21,KZAP,18850.0,2330.0,6.9362175640208825,-0.4054645978083861,0.9999999976190477,0.000621031746031746,22498.99,0.0,0.018460317460317458,0.17512005389246776,1.0,3.2295291927705625,87.41011743441062,64.23526966215181
2025-05-22,KZAP,18635.01,1740.0,4.980150281784924,-0.582343170141966,0.49618202063574396,0.0006242063492063491,22619.99,0.0,0.018451984126984126,0.19539174335156317,0.0,3.594527667723454,89.62947519021209,47.427873733423795
2025-05-23,KZAP,18987.0,12020.0,6.550921752922834,1.350341972637218,-0.36222930816076454,0.0006349206349206349,22620.0,0.0,0.018432539682539682,0.17290890446345494,0.0,3.1897167158129243,87.14488206232527,38.60239223937956
2025-05-26,KZAP,19890.01,4030.0000000000005,8.934568467883182,0.25753695709394353,0.7802397594602968,0.0006353174603174604,22600.0,0.0,0.018413492063492062,0.11783530821363207,0.0,2.1980983959921523,78.8991817478463,67.28476138929477
2025-05-27,KZAP,20000.0,2830.0,8.829163806538707,-0.09595232586281076,0.7777777760493827,0.0006226190476190475,22799.98,0.0,0.01840793650793651,0.12159106349206347,0.0,2.2657220122521515,79.56675636174616,68.64194501683308
2025-05-28,KZAP,19839.99,3800.0,7.197994052723216,0.3071686277120255,-0.2037143178845678,0.0006123015873015872,22800.0,0.0,0.01841111111111111,0.13078301650689667,0.0,2.4312261671486946,81.13392272744933,33.56039660459012
2025-05-29,KZAP,19439.0,2780.0,4.078260432192146,-0.005381172366964131,-0.29084967272736983,0.0006134920634920636,22100.0,0.0,0.01841309523809524,0.11847666246549034,0.0,2.209646191468458,79.01430198194024,42.16571277408334
2025-05-30,KZAP,19138.0,1320.0,2.154438011552101,-0.7537704150795879,-0.6374773403416542,0.000611904761904762,23000.0,0.0,0.018416666666666668,0.18338080433343784,0.0,3.3782667372660304,88.35987766955647,43.950170966015264
2025-06-02,KZAP,19401.11,1190.0,3.4416900626577296,-0.8574485464332938,0.34071135590949986,0.0006150793650793651,22670.0,0.0,0.01841904761904762,0.15007079651873623,0.0,2.7785090270086865,84.1189516318899,46.83201598545213
2025-06-03,KZAP,19901.0,2250.0,5.652498668137378,-0.207916826274506,0.999999997983871,0.000601984126984127,23178.0,0.0,0.018440079365079364,0.14622501284134243,0.0,2.7092644196423454,83.55603098455866,56.45490747364378
2025-06-04,KZAP,20017.0,5180.0,5.78395116462826,0.6350234156765175,-0.463999998144,0.000594047619047619,23000.0,0.0,0.018468253968253967,0.13055507620110207,0.0,2.4271220265360833,81.09620109900928,36.08370916412332
2025-06-05,KZAP,20550.0,2910.0,7.730681180055009,0.05837193858354263,0.8290569055384595,0.0005968253968253967,23001.0,0.0,0.018492460317460317,0.10077761267524041,0.0,1.890968944828908,75.66833828375816,63.05906728192666
2025-06-09,KZAP,20648.0,1910.0,7.671309300760715,-0.38429974296596286,0.017301038002418553,0.0005936507936507937,23050.0,0.0,0.018519444444444443,0.09781143505962375,0.0,1.8375619355944743,75.07351913022633,45.424526372054345
2025-06-10,KZAP,21000.0,5860.0,8.934568467883182,0.7583679109804473,-0.9999459520079372,0.0006115079365079366,23198.76,0.0,0.018528174603174605,0.08617468253968247,0.0,1.628038356824522,72.64773782633,41.00271448677666
2025-06-11,KZAP,20914.0,2930.0,7.36453583742316,0.06522127367975662,0.7155963286339534,0.000625,23266.0,0.0,0.01852301587301587,0.09393753686677565,0.0,1.7678111170765876,74.28217470091167,59.037943944179744
2025-06-12,KZAP,21287.0,3870.0,8.748613352752228,0.32185064690981413,0.999999998137768,0.0006170634920634921,23395.0,0.0,0.018526984126984128,0.08050059138858875,0.0,1.5258744685570012,71.41293517401608,69.93643094123577
2025-06-13,KZAP,21078.88,1700.0,7.11226799482883,-0.5236829541472521,-0.16123943616551697,0.0006178571428571429,23438.38,0.0,0.018529761904761903,0.0934069254334648,0.0,1.758257282683957,74.17251386616854,35.88804553179701
2025-06-16,KZAP,21926.0,11640.0,8.934568467883182,1.4001345231099034,0.3400143161488802,0.0006198412698412699,23548.99,0.0,0.01852857142857143,0.055492681878005316,0.0,1.0755987847497284,65.59639242907002,52.7921648882927
2025-06-17,KZAP,22300.0,5850.0,8.934568467883182,0.6948573821893814,0.33630289457393564,0.0006218253968253969,23404.0,0.0,0.01852777777777778,0.030978948679621327,0.0,0.6342209089260774,59.400153997464415,57.06186238203545
2025-06-18,KZAP,22670.0,3940.0,8.934568467883182,0.2995967539026811,0.873417719676334,0.0006186507936507937,22902.0,0.0,0.018526984126984128,-0.008293194978329518,0.0,-0.07288702957144612,48.906868769290924,68.69100876758716
2025-06-19,KZAP,22675.0,11540.0,8.934568467883182,1.3742346205348375,0.8114759044543476,0.0006158730158730159,22698.0,0.0,0.018527777777777775,-0.017513444811956387,0.0,-0.23890067805146947,46.422612956353746,59.833216675461884
2025-06-20,KZAP,22649.0,2440.0,8.604379700760878,-0.32142942082517356,-0.9999999929078015,0.0006158730158730159,22301.0,0.0,0.01852857142857143,-0.03389348820193891,0.0,-0.5338287781030082,42.06033033478755,44.07742584205238
2025-06-23,KZAP,22699.99,3320.0,8.37302675912279,-0.01346316204433651,0.32881490970194815,0.0006154761904761904,22998.0,0.0,0.018528968253968253,-0.0054007686380213565,0.0,-0.0208079364471988,49.68788500737639,58.277420808242546
2025-06-24,KZAP,22648.0,3040.0,6.291292342689299,-0.027576731403703453,0.3199093201763238,0.0006154761904761904,23297.0,0.0,0.018528968253968253,0.010126983706469757,0.0,0.2587743813769591,53.87383659686422,49.20724050023013
2025-06-25,KZAP,22600.0,3320.0,5.462728166555616,0.10636490036272808,-0.3700793667687075,0.0006158730158730159,23400.0,0.0,0.018528571428571426,0.01686965865992415,0.0,0.38017847451285175,55.67807789833365,36.6716881046169
2025-06-26,KZAP,22399.99,4590.0,4.052680486227812,0.36699843706312835,0.045127895760779156,0.0006154761904761904,23408.76,0.0,0.018528571428571426,0.026505823676069098,0.0,0.5536808134463854,58.22966387800865,49.03916051582986
2025-06-27,KZAP,22588.0,1050.0,4.307314307053059,-1.1080884305718741,0.8773997579274991,0.0006150793650793651,23605.0,0.0,0.01852857142857143,0.026495335070454602,0.0,0.5534919626324757,58.226907832313536,49.423764950063315
2025-06-30,KZAP,22599.0,3980.0,3.9289396805036847,0.2244003701421048,0.68999999655,0.0006150793650793651,23689.0,0.0,0.01852857142857143,0.02970365123614825,0.0,0.611258756564862,59.06747013351591,44.32445346051266
2025-07-01,KZAP,22590.0,1900.0,3.492934675686852,-0.5581099680622802,0.6850034657299955,0.0006166666666666666,23605.0,0.0,0.018526984126984128,0.02640440144185164,0.0,0.5518546725669887,58.203011442490414,44.965081612223884
2025-07-02,KZAP,22460.0,4250.0,2.65231906110962,0.24695392575380484,-0.11553784814526753,0.0006158730158730159,23915.0,0.0,0.018526190476190474,0.04625564389602681,0.0,0.9092828601048103,63.3107121781076,48.538994261184754
2025-07-03,KZAP,22498.99,2490.0,2.4503875560951456,-0.36726075470947744,-0.09691690816663504,0.0006154761904761904,24190.0,0.0,0.01852579365079365,0.056633580169986666,0.0,1.0961410359266628,65.87400791707219,48.23349056270085
2025-07-04,KZAP,22619.99,3640.0,2.357035748861439,0.09201878945254136,0.1533333325220628,0.0006158730158730159,24120.0,0.0,0.018525,0.04778846875042819,0.0,0.9368818786945198,63.69450359681414,48.26208442995991
2025-07-08,KZAP,22620.0,4660.0,2.0020686197412636,0.29198285143475955,0.143208660242706,0.0006154761904761904,24000.0,0.0,0.018524603174603173,0.042483354385078526,0.0,0.8413615395185213,62.35906566247338,48.627820806056256
2025-07-09,KZAP,22600.0,2790.0,1.6460916425318974,-0.29704629325847576,0.6423057920651677,0.0006162698412698412,23600.01,0.0,0.0185234126984127,0.025724817390082803,0.0,0.5396185368961831,58.02430275792363,43.718723935325826
2025-07-10,KZAP,22799.98,9520.0,2.0886718630191288,1.006361798960083,0.2071470246742457,0.0006170634920634921,23300.0,0.0,0.01852142857142857,0.0034092924204319683,0.0,0.13782012743795186,52.06612470252655,50.14613724615701
2025-07-11,KZAP,22800.0,10190.0,1.651555411667821,0.9983178091785797,-0.9996165548349557,0.0006154761904761904,23456.08,0.0,0.018521031746031747,0.010254406850459558,0.0,0.2610686772383784,53.90804262768165,49.0868675196215
2025-07-14,KZAP,22100.0,24640.0,-1.8435506297863418,1.8720040495607029,0.7999979991799941,0.0006154761904761904,23500.0,0.0,0.018521031746031747,0.044827384543561014,0.0,0.8835665779696121,62.95157517408969,53.13038208945317
2025-07-15,KZAP,23000.0,31600.0,2.4520200514932595,2.0769117834127075,0.6694490806853939,0.0006154761904761904,23800.1,0.0,0.018522619047619048,0.01626433747412002,0.0,0.36927946631124126,55.51664174868088,52.92906836136503
2025-07-16,KZAP,22670.0,4120.0,0.2262684229758797,0.03960907006044664,0.2972078649801509,0.0006174603174603175,24177.02,0.0,0.018528174603174602,0.04794822592615934,0.0,0.9397583594941251,63.73440464682039,46.22874437960028
2025-07-17,KZAP,23178.0,25030.0,2.4035926177941116,1.8438296238397938,0.9172932313584714,0.000623015873015873,24088.0,0.0,0.01853531746031746,0.020726051078814478,0.0,0.4496140957794017,56.70360607285119,52.18103317786787
2025-07-18,KZAP,23000.0,5530.0,1.2359700828027242,0.3114704120073738,-0.9999999974937344,0.0006222222222222223,24896.0,0.0,0.01853452380952381,0.06390025879917184,0.0,1.226979988593991,67.61617135044379,48.07365887930209
2025-07-21,KZAP,23001.0,3270.0,1.1799704288830104,-0.21392644829993152,-0.490645320206882,0.000621031746031746,24600.0,0.0,0.01853611111111111,0.05098260546642899,0.0,0.9943933669443676,64.48863040914384,44.68868758930427
2025-07-22,KZAP,23050.0,5350.0,1.3639848258021432,0.2783792210178735,0.19993599407978102,0.0006206349206349206,24850.0,0.0,0.018536507936507938,0.05955459835416452,0.0,1.1487349346584834,66.5798053435485,47.90447141353667
2025-07-23,KZAP,23198.76,4270.0,1.9663220772273868,0.020107086445113914,0.8159999962908946,0.0006202380952380952,24878.0,0.0,0.018544444444444443,0.053840458886595735,0.0,1.0458499632041207,65.19246430753834,44.364810566465735
2025-07-24,KZAP,23266.0,2160.0,2.197886973677383,-0.6791591562967643,0.08148148117969822,0.0006198412698412699,24770.0,0.0,0.018553174603174606,0.0460905114623287,0.0,0.9063095960072771,63.26926411492625,49.08309649205743
2025-07-25,KZAP,23395.0,7580.0,2.7170712133807937,0.5762432423985246,0.10634495039642743,0.000621031746031746,25981.97,0.0,0.018563095238095236,0.09201480602285801,0.0,1.7331917121576774,73.88336102106649,49.75121047799106
2025-07-28,KZAP,23438.38,2120.0,2.7243684038885254,-0.6978511994106261,0.5891999980360068,0.0006206349206349206,25993.0,0.0,0.018581746031746033,0.09041128164337481,0.0,1.704319725230187,73.54771499730288,44.2651109626406
2025-07-29,KZAP,23548.99,2800.0,3.1648633206597414,-0.4196487694630769,0.8658735074147047,0.0006186507936507937,26162.8,0.0,0.018614285714285715,0.09238028347955221,0.0,1.739772254672016,73.9594754462126,46.000321200705486
2025-07-30,KZAP,23404.0,1700.0,2.446450073926434,-0.9186381182201675,-0.1680467211966535,0.000621031746031746,26584.0,0.0,0.01864126984126984,0.11723293969556145,0.0,2.1872525515498795,78.79063860500672,48.118814024683644
2025-07-31,KZAP,22902.0,5100.0,0.20913554992549208,0.1799710745696515,-0.2524752472122831,0.0006178571428571429,26600.0,0.0,0.018650396825396823,0.14282021709478482,0.0,2.647959945857501,83.04438205742053,47.77311676914612
2025-08-01,KZAP,22698.0,2710.0,-0.7360489287495381,-0.499319429566207,0.32445901092189994,0.0006166666666666666,26600.0,0.0,0.01865873015873016,0.1532506891733696,0.0,2.83576404622142,84.5725117985009,45.478312904374874
2025-08-04,KZAP,22301.0,2680.0,-2.4845426396561847,-0.5104512355465829,-0.9999999988876406,0.0006166666666666666,27870.0,0.0,0.018668253968253966,0.2310514895410057,0.0,4.236593194754003,92.70312437944904,51.15843304788464
2025-08-05,KZAP,22998.0,2009.9999999999998,0.5803822435147067,-0.7981323336942078,0.5951903795687568,0.0006158730158730159,26999.99,0.0,0.018671031746031748,0.15534366518413617,0.0,2.873448771689629,84.86522409182982,44.47626618993279
2025-08-06,KZAP,23297.0,3590.0,1.847571560535984,-0.15574082574119294,0.6703910595799133,0.0006154761904761904,27600.0,0.0,0.01867579365079365,0.16602609929679618,0.0,3.0657895318306756,86.2886453220861,43.68636997027942
2025-08-07,KZAP,23400.0,3550.0,2.232445783389457,-0.16694539867077474,-0.49999999875,0.0006154761904761904,27100.0,0.0,0.018684126984126984,0.13943553113553114,0.0,2.5870175554457457,82.52327722389798,43.19441723015956
2025-08-08,KZAP,23408.76,2390.0,2.1914963026470065,-0.4780764485248827,0.05109685204722861,0.0006154761904761904,27510.0,0.0,0.018694444444444444,0.15650663412614202,0.0,2.894388412221625,85.0258894758667,48.885156806057026
2025-08-11,KZAP,23605.0,4940.0,2.9758658479344025,0.3247991830838472,0.6239316212652495,0.0006150793650793651,27536.0,0.0,0.018705158730158728,0.14782735556765952,0.0,2.738115130513668,83.79249554145373,43.768604126649805
2025-08-12,KZAP,23689.0,1230.0,2.4793990000667616,-1.065548162429626,0.9999999947089947,0.0006150793650793651,27594.99,0.0,0.018719047619047618,0.14616718649805321,0.0,2.708223237201422,83.54744572216158,47.34690419029002
2025-08-13,KZAP,23605.0,1650.0,1.9070791851648272,-0.7259355624475045,-0.31944444222608026,0.0006150793650793651,27298.0,0.0,0.018741666666666663,0.13770823801454496,0.0,2.5559170713825536,82.25251634132204,45.77253714232569
2025-08-14,KZAP,23915.0,12130.0,3.1083246079223814,1.3854691909245804,0.9999999962264151,0.0006150793650793651,27517.0,0.0,0.018757936507936508,0.1318588312110683,0.0,2.4505965667962863,81.31117850639154,48.533555594650856
2025-08-15,KZAP,24190.0,4670.0,3.760888880163935,0.4309472044314467,0.9484240660503609,0.0006150793650793651,28100.0,0.0,0.018767460317460318,0.14286957978175424,0.0,2.648848737366456,83.05188961191871,46.326785124303704
2025-08-18,KZAP,24120.0,7040.0,3.1210645314949677,0.8413960343097642,0.09808227735172347,0.0006150793650793651,28449.99,0.0,0.018775396825396824,0.16074325989102115,0.0,2.970670260670778,85.59932301886353,50.715724991879746
2025-08-19,KZAP,24000.0,1210.0,2.256212501191503,-0.9646852352375461,-0.2559892066056163,0.0006150793650793651,29448.9,0.0,0.01878968253968254,0.2082478174603175,0.0,3.826005535073642,90.85122527488511,46.948366026699276
2025-08-20,KZAP,23600.01,1950.0,0.38831508184772334,-0.3455875041438909,-0.15939130411682884,0.0006150793650793651,29357.99,0.0,0.018798809523809523,0.22518329048377536,0.0,4.130934329422082,92.2625104267109,47.8158481706973
2025-08-21,KZAP,23300.0,1300.0,-0.974244522826662,-0.7290324823833101,-0.49999999875,0.0006150793650793651,28903.03,0.0,0.018807539682539683,0.2216658508754002,0.0,4.067601665640584,91.98684491055393,46.53621303155172
2025-08-22,KZAP,23456.08,2670.0,-0.326742105169747,-0.00931971938046194,-0.05820089530884647,0.0006150793650793651,28450.0,0.0,0.018809920634920634,0.19409521952490139,0.0,3.5711833273108544,89.4985586018399,48.13209416833489
2025-08-25,KZAP,23500.0,2250.0,-0.19296927128771535,-0.1730189260260506,-0.6489722662780434,0.0006154761904761904,28803.0,0.0,0.018810317460317458,0.20684925700776763,0.0,3.800823991456364,90.7248657862221,46.10936883603634
2025-08-26,KZAP,23800.1,5910.0,1.073663817334197,0.7926957597382233,-0.33311111074099087,0.0006170634920634921,28898.82,0.0,0.018809523809523807,0.19542150883319626,0.0,3.5950636050672182,89.63246374701133,48.588939652882125
2025-08-27,KZAP,24177.02,2420.0,2.582558729979451,-0.10018170097048523,0.17743068270700796,0.000623015873015873,29622.22,0.0,0.01880515873015873,0.20641697369145487,0.0,3.7930405873390054,90.68549325519677,47.83234710211114
2025-08-28,KZAP,24088.0,1890.0,2.0985279071580654,-0.34737199696786253,-0.29597183768962476,0.0006301587301587302,30064.55,0.0,0.018812698412698413,0.2293004699698987,0.0,4.205065508107246,92.57412605019833,45.582153424621445
2025-08-29,KZAP,24896.0,4680.0,5.2316035317125325,0.6091668487676842,0.7785731936210024,0.0006214285714285714,29750.0,0.0,0.018864285714285712,0.17610679397723097,0.0,3.2472957744282085,87.52696130494692,46.756723483352786
2025-09-02,KZAP,24600.0,3300.0,3.4572158630890573,0.2597915031116384,-0.7059827027884524,0.0006226190476190475,29699.97,0.0,0.01891031746031746,0.18840553619821918,0.0,3.4687386967636886,88.90667075977802,41.5632875961314
2025-09-03,KZAP,24850.0,7400.0,4.0960003641564215,1.0673484378819893,0.8390804578411943,0.000621031746031746,30165.0,0.0,0.01896468253968254,0.19491861725911022,0.0,3.586008875910162,89.58186932279078,45.19936959735623
2025-09-04,KZAP,24878.0,1230.0,3.7004260980088364,-0.8865837570021526,0.988826810118286,0.0006281746031746032,30698.89,0.0,0.01901388888888889,0.21496352087073808,0.0,3.946923996654536,91.43664595936292,49.45019563717448
2025-09-05,KZAP,24770.0,830.0,3.041873980159944,-1.120457231915503,0.0867579904714247,0.0006285714285714285,30240.0,0.0,0.01906031746031746,0.20177133373063932,0.0,3.709394302982716,90.25281780892816,50.62646388051071
2025-09-08,KZAP,25981.97,12570.0,7.902102877719865,1.6537619238593577,0.9699246858022815,0.0006309523809523809,28639.86,0.0,0.019103968253968255,0.08319350957392543,0.0,1.5743613513500774,72.0031287648628,53.243630698572055
2025-09-09,KZAP,25993.0,1740.0,6.55828614625737,-0.380244798092791,0.9299964951747768,0.0006392857142857143,28593.0,0.0,0.019144047619047616,0.08088288270834822,0.0,1.53275775023816,71.4971733061678,60.637891690144556
2025-09-10,KZAP,26162.8,3140.0,6.879623004961999,0.2962104802183169,0.3189801690680407,0.0006511904761904762,27566.0,0.0,0.01917420634920635,0.034459196803361444,0.0,0.6968839277231051,60.30357741824902,50.02120586680631
2025-09-11,KZAP,26584.0,2160.0,8.25420013988855,-0.16402214823430927,0.9851816982590037,0.0006480158730158729,28105.0,0.0,0.019203571428571427,0.03801129465629165,0.0,0.7608406246633916,61.218458978941094,69.86216751325463
2025-09-12,KZAP,26600.0,1050.0,7.99431556447929,-0.8853382343179591,-0.8433107477611388,0.000626984126984127,28150.0,0.0,0.019251587301587304,0.039019089390142016,0.0,0.7789863022431109,61.47662405262921,42.74733571353391
2025-09-15,KZAP,26600.0,1850.0,7.319394481933118,-0.23282586238083944,-0.4694960187294641,0.000625,28770.0,0.0,0.019306349206349206,0.062272598162071854,0.0,1.1976734203633992,67.22995458136904,34.452941452588995
2025-09-16,KZAP,27870.0,8630.0,8.934568467883182,1.3645158720255988,0.5967940810130739,0.0006261904761904761,29471.5,0.0,0.01936190476190476,0.03810131734071454,0.0,0.7624615128775597,61.24154581162706,56.55662434837991
2025-09-17,KZAP,26999.99,4320.0,6.571897363134465,0.6725271364467177,-0.024500168265134306,0.0006186507936507937,30200.0,0.0,0.01944047619047619,0.09907845659431366,0.0,1.8603750774802283,75.32878301596648,43.881023616871424
2025-09-18,KZAP,27600.0,2190.0,8.41150314936633,-0.06411024621950237,0.6977928680852413,0.0006202380952380952,30530.0,0.0,0.01950793650793651,0.08665148378191856,0.0,1.636623320925466,72.74997239678784,65.05707127264535
2025-09-19,KZAP,27100.0,2200.0,5.963753626913261,-0.05955443676656945,-0.549448072652743,0.0006238095238095239,30340.0,0.0,0.019560317460317462,0.09999687811163827,0.0,1.8769115607301232,75.51271291067931,36.53960970035108
2025-09-22,KZAP,27510.0,4380.0,7.201565137568805,0.6290361091312415,-0.9738605881805309,0.0006257936507936508,29301.0,0.0,0.019609920634920636,0.045493678056464315,0.0,0.895563413091393,63.1192962835687,41.377770413082104
2025-09-23,KZAP,27536.0,2580.0,6.519948758214151,0.09977735705429909,-0.1820391817788649,0.0006257936507936508,29109.6,0.0,0.019659920634920634,0.037487086918827135,0.0,0.7514020909329331,61.08392311316862,36.216244285318886
2025-09-24,KZAP,27594.99,1040.0,6.216415101436166,-0.8770679278377123,-0.03553299474348734,0.000628968253968254,29201.0,0.0,0.01970714285714286,0.03849218970286163,0.0,0.7694992990656719,61.34172860988449,44.487148639280726
2025-09-25,KZAP,27298.0,2880.0,4.233803459772643,0.2205424714543839,-0.6737588640536191,0.0006376984126984128,28100.0,0.0,0.019744047619047616,0.009635394098294312,0.0,0.2499231478550179,53.741838210382454,40.003479057522554
2025-09-26,KZAP,27517.0,1630.0,4.6103316930006155,-0.3827126677366055,-0.1501564921495246,0.0006313492063492063,29190.0,0.0,0.019788095238095237,0.0410106836985621,0.0,0.8148456166216683,61.984900287364184,43.954907912912
2025-09-29,KZAP,28100.0,3160.0,6.469172206441315,0.2792783058351915,0.6580310869464058,0.0006246031746031746,29550.0,0.0,0.019838095238095238,0.031763328249449246,0.0,0.6483439225677915,59.60434762735283,52.04929877180105
2025-09-30,KZAP,28449.99,4870.0,7.058632137609777,0.7117998437266648,0.26675136067740807,0.000623015873015873,29570.0,0.0,0.01988968253968254,0.019477993863718596,0.0,0.42714241274167836,56.37229543201627,48.51393961448457
2025-10-01,KZAP,29448.9,12090.0,8.934568467883182,1.6210841262623403,0.5799533744238338,0.0006293650793650793,29365.01,0.0,0.019934920634920635,-0.022783583912666258,0.0,-0.3337912760171777,45.009799457700026,53.98985453760163
2025-10-02,KZAP,29357.99,8350.0,7.061554230178127,1.2509670598535405,-0.21690054554145505,0.0006242063492063491,28500.0,0.0,0.01998531746031746,-0.04921041086759778,0.0,-0.8096150378135168,38.089078305351975,38.902023210266805
2025-10-03,KZAP,28903.03,3450.0,4.501843354491723,0.23407230972068346,-0.26387214587774444,0.0006238095238095239,27990.0,0.0,0.020036111111111112,-0.051625532704625665,0.0,-0.8531001054552318,37.47575846076362,42.13153666161947
2025-10-06,KZAP,28450.0,6370.0,2.5693778047020257,0.7496586523625103,-0.5988538673368856,0.0006174603174603175,27262.99,0.0,0.02009325396825397,-0.06181592532150523,0.0,-1.0365814956885164,34.933833500365886,44.4840713900523
2025-10-07,KZAP,28803.0,1940.0,2.581881680337687,-0.4392513903255641,0.5452879742482385,0.0006158730158730159,27700.02,0.0,0.02015198412698413,-0.058445911842847045,0.0,-0.9759032881438052,35.765838520374494,43.97766332440233
2025-10-08,KZAP,28898.82,3140.0,2.6879386650853827,0.042282667324035565,0.9947321406367573,0.0006162698412698412,28261.0,0.0,0.020210317460317463,-0.0422811148146731,0.0,-0.6848507700440233,39.869382954319406,46.51426553920802
2025-10-09,KZAP,29622.22,3670.0,4.849552319458805,0.1982513494587589,0.9999999990217274,0.0006186507936507937,27770.0,0.0,0.020268253968253967,-0.08279631567328488,0.0,-1.4143403646652737,29.972573642979693,50.94657075858494
2025-10-10,KZAP,30064.55,2430.0,6.009298198111227,-0.25951082022401945,0.6176492089349606,0.0006376984126984128,27748.4,0.0,0.02031111111111111,-0.09735034835231372,0.0,-1.6763905377886894,26.77958714413773,51.814266886553554
2025-10-13,KZAP,29750.0,3340.0,4.627942913681514,0.05856828085822115,0.1780258901582118,0.000673015873015873,28095.0,0.0,0.020326190476190477,-0.07595644257703081,0.0,-1.2911861868133674,31.54607507740441,47.10339498052819
2025-10-14,KZAP,29699.97,3090.0,4.107020770494669,-0.05048383958393251,0.2910891731644106,0.0006686507936507936,28665.0,0.0,0.02035595238095238,-0.05520346232793216,0.0,-0.9175219119667608,36.57453631180216,46.02503553024633
2025-10-15,KZAP,30165.0,3770.0,5.291931319093531,0.17967234730729076,0.9999999981651376,0.0006753968253968253,28563.0,0.0,0.0203734126984127,-0.07348131921258476,0.0,-1.2466207718208968,32.126325137185326,52.87661410989163
2025-10-16,KZAP,30698.89,3780.0,6.53198082865286,0.1823213542280428,0.51017514626107,0.0006773809523809523,28247.99,0.0,0.020391269841269842,-0.10022803266885083,0.0,-1.7282041958980106,26.174423256279205,50.865682640706005
2025-10-17,KZAP,30240.0,5680.0,4.485857045067315,0.5582957219585306,0.5545559996570806,0.0006750000000000001,28350.0,0.0,0.0203984126984127,-0.0828984126984127,0.0,-1.416178655378244,29.949428403590517,44.306894457095005
2025-10-20,KZAP,28639.86,6150.0,-1.5192119679276794,0.5941477821917006,-0.278265982589373,0.0006746031746031747,28434.99,0.0,0.020400396825396825,-0.02755371391563396,0.0,-0.4196790447659762,43.737867987165096,49.17102918654324
2025-10-21,KZAP,28593.0,2050.0,-1.8489445303551293,-0.5044631618955667,-0.3799793313777848,0.0006793650793650794,28684.88,0.0,0.0203984126984127,-0.017185038795709207,0.0,-0.23298761908628324,46.51086590804834,46.73311617181365
2025-10-22,KZAP,27566.0,2740.0,-5.492241814959631,-0.21434554882087686,-0.5722772271561611,0.0006813492063492064,29500.0,0.0,0.0203984126984127,0.049760478689528966,0.0,0.9723885700246191,64.1856989093371,43.216861256812344
2025-10-23,KZAP,28105.0,3060.0,-3.53665970955104,-0.10388870867578096,0.31304347798865784,0.0006773809523809523,31130.1,0.0,0.020398015873015873,0.08723763614619774,0.0,1.6471771881541266,72.8753257662266,44.18577872224631
2025-10-24,KZAP,28150.0,3630.0,-3.4658103259270585,0.06692880645297773,-0.7999879995466795,0.0006750000000000001,31150.01,0.0,0.020403968253968254,0.08616832304265691,0.0,1.62792385197674,72.64637262335056,48.04000916301982
2025-10-28,KZAP,28770.0,4500.0,-1.301054887677745,0.23995040820714833,0.9425287345488176,0.0006797619047619047,30118.2,0.0,0.020401587301587303,0.02645972656702586,0.0,0.5528508197483036,58.21755075608016,47.962333759739394
2025-10-29,KZAP,29471.5,5270.0,1.0422173416989144,0.36730282397331215,-0.09686128912491519,0.0006817460317460318,30990.0,0.0,0.020396825396825396,0.031127528640125555,0.0,0.636896140267897,59.43885827224729,48.89707515596244
2025-10-30,KZAP,30200.0,4440.0,3.3358417658170443,0.19592699314282594,0.18208955196703053,0.0006972222222222222,31150.0,0.0,0.02037579365079365,0.011081159991590456,0.0,0.27595464104934714,54.12988907275358,47.988048150631606
2025-10-31,KZAP,30530.0,3580.0,4.393311525256163,-0.019364345526117818,0.37483787240617655,0.0006876984126984126,30700.0,0.0,0.02036309523809524,-0.01479480175627408,0.0,-0.18995061045756745,47.15382098595185,45.27656210534384
2025-11-03,KZAP,30340.0,3370.0,3.5733670407753064,-0.06740895279044913,0.009591115583941568,0.0006761904761904762,29750.0,0.0,0.02036190476190476,-0.03980818030574128,0.0,-0.6403247661191994,40.511554765705334,48.52395062199013
2025-11-04,KZAP,29301.0,4059.9999999999995,-0.1920262735360569,0.118861084745898,-0.43580131168153574,0.0006753968253968253,28499.99,0.0,0.020361507936507938,-0.04769880017909346,0.0,-0.7823979872988142,38.47490825245477,46.69749134487095
2025-11-05,KZAP,29109.6,3500.0,-1.0977728062214693,-0.029558771579995122,-0.47989179950480393,0.0006757936507936508,26950.0,0.0,0.02036031746031746,-0.09454890129520349,0.0,-1.6259495567560147,27.377172917746158,46.71733675859159
2025-11-06,KZAP,29201.0,1750.0,-0.7912993958655329,-0.7227048764925768,0.03423423417255093,0.0006761904761904762,28200.0,0.0,0.02035873015873016,-0.0546383781159919,0.0,-0.9073473837906886,36.71626662505456,47.78623716112242
2025-11-07,KZAP,28100.0,4019.9999999999995,-4.5877345198247,0.10896002614029549,-0.8180163777816046,0.0006746031746031747,27749.0,0.0,0.02035873015873016,-0.03284983336157714,0.0,-0.5150374274423787,42.33533640718511,47.22735074266957
2025-11-10,KZAP,29190.0,5220.0,-0.6111357170023914,0.3701753127167569,0.6555536416004794,0.0006753968253968253,27500.0,0.0,0.02035873015873016,-0.07825527006965856,0.0,-1.3325773363118834,31.012255628869745,45.77333563338907
2025-11-11,KZAP,29550.0,3270.0,0.7315926371513047,-0.12354269791167845,-0.15611814329523402,0.0006746031746031747,27660.0,0.0,0.020359920634920637,-0.0843193114978648,0.0,-1.4417624083214267,29.628378459608463,47.94030873303778
2025-11-12,KZAP,29570.0,3320.0,0.8302864792529283,-0.10836791773216967,0.18295629228646942,0.0006746031746031747,28093.0,0.0,0.02036230158730159,-0.07031157449903645,0.0,-1.1895484696445222,32.87753736515653,47.373785563882066
2025-11-13,KZAP,29365.01,1620.0,0.14658968308328252,-0.8259053316293994,-0.7674030992879847,0.0006746031746031747,27979.99,0.0,0.02036309523809524,-0.06752875259697225,0.0,-1.1394428406899897,33.544364703781525,47.2321725903953
2025-11-14,KZAP,28500.0,2470.0,-2.6658872484023464,-0.37810314203719586,-0.714855432986186,0.0006746031746031747,27949.0,0.0,0.02036626984126984,-0.03969960317460318,0.0,-0.6383697989537772,40.53982637538847,47.37811243613509
2025-11-17,KZAP,27990.0,5890.0,-4.0836688570473285,0.5091288551943787,0.34191676458253806,0.0006746031746031747,28090.0,0.0,0.02036626984126984,-0.01679356530393508,0.0,-0.2259390093603716,46.61609556386772,45.83199792486027
2025-11-18,KZAP,27262.99,3660.0,-6.0071411767787675,0.03333638604052684,0.1444462278134486,0.0006746031746031747,28059.0,0.0,0.02036626984126984,0.008831187957746272,0.0,0.23544315024849952,53.52578580598086,40.368837586370944
2025-11-19,KZAP,27700.02,3600.0,-4.3096842457872295,0.01680710150378035,0.06387234035758355,0.0006746031746031747,,0.0,,,0.0,,,45.98313663727017
2025-11-20,KZAP,28261.0,1690.0,-2.1974741427437774,-0.7534225309865443,-0.397640655229735,0.0006746031746031747,,0.0,,,0.0,,,46.82109936402566
2025-11-21,KZAP,27770.0,2780.0,-4.015419057865908,-0.25570098294410615,0.21927605577965348,0.0006765873015873017,,0.0,,,0.0,,,44.19178364950649
2025-11-24,KZAP,27748.4,2160.0,-4.057683630490449,-0.5080433202432455,0.3349737158372222,0.0006805555555555554,,0.0,,,0.0,,,43.11597200529856
2025-11-25,KZAP,28095.0,2040.0,-2.872080432180669,-0.5511761905392996,0.487499999390625,0.0006880952380952381,,0.0,,,0.0,,,44.00034047727363
2025-11-26,KZAP,28665.0,1970.0,-0.8512098705392305,-0.5559826499870074,0.6819986093098843,0.0006984126984126985,,0.0,,,0.0,,,44.68097578049116
2025-11-27,KZAP,28563.0,1440.0,-1.021269485990507,-0.8428223063162557,-0.2686449987931436,0.0006928571428571428,,0.0,,,0.0,,,47.467279269327285
2025-11-28,KZAP,28247.99,1080.0,-1.758955714395112,-1.1154432156328584,-0.467895101164893,0.0006952380952380952,,0.0,,,0.0,,,47.49056659504543
2025-12-01,KZAP,28350.0,2200.0,-1.000609910057765,-0.31845336597432866,0.43817519232358776,0.0006821428571428573,,0.0,,,0.0,,,44.63683775419524
2025-12-02,KZAP,28434.99,900.0,-0.31974035139606144,-1.0704393037376996,-0.3334117633983727,0.0006765873015873017,,0.0,,,0.0,,,47.45767932165217
2025-12-03,KZAP,28684.88,1850.0,0.7651604668823159,-0.23282594563251371,0.418314663149327,0.0006773809523809523,,0.0,,,0.0,,,44.93026407223802
2025-12-04,KZAP,29500.0,4200.0,3.7556501461338003,0.6557590646170852,0.9999999989473131,0.0006813492063492064,,0.0,,,0.0,,,46.570343824310555
2025-12-05,KZAP,31130.1,12650.0,8.934568467883182,1.6896443570793906,-0.0366572924637831,0.0006769841269841269,,0.0,,,0.0,,,40.58890462342498
2025-12-08,KZAP,31150.01,5090.0,7.283347908104493,0.7792651975604263,0.7169817228631932,0.0006809523809523809,,0.0,,,0.0,,,53.83450171929263
2025-12-09,KZAP,30118.2,8620.0,3.1758611361802838,1.3060721962091653,-0.9999418499171889,0.0006773809523809523,,0.0,,,0.0,,,47.16487556765027
2025-12-10,KZAP,30990.0,3000.0,5.805433139543535,0.25060006893990205,0.3749956594316664,0.0006769841269841269,,0.0,,,0.0,,,46.836623917210616
2025-12-11,KZAP,31150.0,3640.0,6.132412868219752,0.44397126150549826,-0.5999999992,0.0006761904761904762,,0.0,,,0.0,,,36.1800660056849
2025-12-12,KZAP,30700.0,2130.0,4.27225793677566,-0.2089586023468717,-0.6151033439627636,0.0006750000000000001,,0.0,,,0.0,,,39.82553795373326
2025-12-15,KZAP,29750.0,3360.0,0.8027747890935512,0.29965789647549856,-0.4503768840684848,0.0006750000000000001,,0.0,,,0.0,,,46.273489938789574
2025-12-17,KZAP,28499.99,8290.0,-3.8999502765016367,1.202766302499342,0.09090181814876415,0.0006750000000000001,,0.0,,,0.0,,,50.12941930876731
2025-12-18,KZAP,26950.0,13860.0,-7.454181138902759,1.7167230858770548,-0.44940747452196217,0.0006746031746031747,,0.0,,,0.0,,,50.32442104272676
2025-12-19,KZAP,28200.0,7660.0,-3.686155947293461,1.12372814906356,0.4902411016185521,0.0006746031746031747,,0.0,,,0.0,,,49.50523529667829
2025-12-22,KZAP,27749.0,14170.0,-4.987590919031192,1.589869326932546,0.0063074082038007805,0.0006746031746031747,,0.0,,,0.0,,,52.58927201040682
2025-12-23,KZAP,27500.0,10680.0,-5.301974068191303,1.211490529155944,0.19999999989999998,0.0006753968253968253,,0.0,,,0.0,,,50.2140358900378
2025-12-24,KZAP,27660.0,3270.0,-4.337690848214731,-0.06797287423338941,0.32596685022842203,0.0006757936507936508,,0.0,,,0.0,,,43.04990554945796
2025-12-25,KZAP,28093.0,2830.0,-2.7659070028802972,-0.21248588460362242,0.1121294569321834,0.0006769841269841269,,0.0,,,0.0,,,46.31523642821756
2025-12-26,KZAP,27979.99,2770.0,-3.1022007030778025,-0.23391523070223344,-0.0800399998399136,0.0006753968253968253,,0.0,,,0.0,,,47.239509931924026
2025-12-29,KZAP,27949.0,3910.0,-3.1488377842551687,0.11077423735272826,0.37922560570854136,0.0006777777777777777,,0.0,,,0.0,,,44.706983612925974
2025-12-30,KZAP,28090.0,1550.0,-2.5753193053660843,-0.8901432637559076,0.8999999955,0.0006746031746031747,,0.0,,,0.0,,,47.48742920400508
2025-12-31,KZAP,28059.0,1200.0,-2.6802010237436114,-1.146075573629724,0.2669322698528595,0.0006746031746031747,,0.0,,,0.0,,,46.091747427651796
2025-01-05,KZTK,43732.99,220.0,1.2870289762741391,-2.1238724122109924,0.7866824625907902,0.0005726190476190476,42650.0,0.0,0.01756706349206349,-0.042330748755751116,0.0,-0.6857444455729392,39.85652882425087,48.46419528121955
2025-01-06,KZTK,43777.0,260.0,1.3965217716794334,-1.7012296628326447,0.9879602380289426,0.0005674603174603176,43879.73,0.0,0.01759920634920635,-0.015252540291687489,0.0,-0.19819234421588044,47.03061315610266,47.30248681358699
2025-01-08,KZTK,43650.0,390.0,1.076512021488372,-0.9564900853374714,-0.753148612712472,0.0005678571428571428,44990.0,0.0,0.017623015873015874,0.013075724104074617,0.0,0.31186742773254317,54.66440935724426,46.47766451583004
2025-01-09,KZTK,44434.0,1720.0,2.88313176233276,0.6815838358316204,0.1610862817851166,0.0005825396825396825,44700.0,0.0,0.017628571428571427,-0.011642164622972111,0.0,-0.13318633592302537,48.0032674252981,49.70660968063488
2025-01-10,KZTK,44497.0,1630.0,2.7128049006402,0.6278406691803549,-0.057279236208497335,0.0006321428571428572,44600.0,0.0,0.01758214285714286,-0.015267380064145578,0.0,-0.19845953922825374,47.02661938550222,49.94035881983084
2025-01-13,KZTK,44898.98,680.0,3.2376418674570884,-0.24639983956163264,0.6265735029731349,0.0005884920634920634,44500.0,0.0,0.017590873015873015,-0.026477043703937712,0.0,-0.4002932414223868,44.02429923451642,43.971383529525255
2025-01-14,KZTK,44469.0,19130.0,2.1849546677200213,3.090517856715228,0.6089131420605216,0.0005805555555555556,44500.0,0.0,0.01763412698412698,-0.01693701214007832,0.0,-0.22852181709994104,46.57753292914254,53.59104363086463
2025-01-15,KZTK,47639.0,10430.0,8.368077315353274,2.4839459268853203,0.724776119186634,0.0005857142857142858,44998.0,0.0,0.017671825396825398,-0.07310959697053601,0.0,-1.2399277898803616,32.213953473952174,49.944513447180015
2025-01-16,KZTK,46701.0,1520.0,4.511664156507169,0.5579710647403534,-0.9999999989338906,0.0005837301587301588,45232.0,0.0,0.017686507936507938,-0.04914193715643899,0.0,-0.8083821459917595,38.106523756400804,43.72034012213989
2025-01-17,KZTK,46611.02,1090.0,4.059369701304976,0.22543914113612953,-0.7482833608813998,0.0005948412698412699,45255.0,0.0,0.017675396825396823,-0.046767658698232836,0.0,-0.765632476897459,38.71330373153104,41.01550260092884
2025-01-20,KZTK,47790.0,900.0,6.596127762014246,-0.11531051614890561,0.9847972964655427,0.0005884920634920634,45470.0,0.0,0.01766388888888889,-0.06620960975099394,0.0,-1.1156912373518146,33.86279021466133,60.7560278665072
2025-01-21,KZTK,48699.99,11450.0,8.379245877012181,2.5268182503188483,-0.07028165160779941,0.0005857142857142858,45700.0,0.0,0.017654761904761902,-0.07925621192559348,0.0,-1.3505996255576789,30.781383505456066,57.972246301093506
2025-01-22,KZTK,48024.07,1940.0,5.31111171032008,0.6527361022722725,-0.9223535848604765,0.0005888888888888889,46000.0,0.0,0.01764880952380952,-0.05979579956442874,0.0,-1.0002084631381807,35.431507844712776,41.56053032357504
2025-01-23,KZTK,48060.1,2029.9999999999998,5.058305396183838,0.6980838520839209,-0.4672212970595368,0.0005944444444444445,46299.0,0.0,0.017626587301587303,-0.0542702896659186,0.0,-0.9007198294767954,36.80871175755072,38.54167025131923
2025-01-24,KZTK,48115.01,540.0,4.960798383806134,-0.8823855907823372,-0.9999999978857904,0.0005976190476190477,45902.99,0.0,0.01761031746031746,-0.06358391281029253,0.0,-1.0684146953064013,34.50094913326854,46.65650963284496
2025-01-27,KZTK,49182.13,1930.0,7.159326653175796,0.39131614647872126,0.9999999990628982,0.000594047619047619,45999.0,0.0,0.01763452380952381,-0.08235579553972333,0.0,-1.4064086539284624,30.072556058951793,61.18922419433681
2025-01-28,KZTK,49500.0,2470.0,7.364653059069398,0.6380139283684292,-0.4245349516975687,0.000588095238095238,45950.0,0.0,0.01766190476190476,-0.08937907647907647,0.0,-1.5328651506700024,28.501513502323572,32.229904043152466
2025-01-29,KZTK,48200.0,3910.0,4.251420903630469,0.9092808176754164,-0.7590346925228253,0.0005738095238095239,46008.0,0.0,0.017717063492063492,-0.06319424191530001,0.0,-1.0613985419318743,34.596140855815015,41.36457041858502
2025-01-30,KZTK,47999.99,5270.0,2.760588650945199,1.2077736859972084,0.10607144124675934,0.0005718253968253969,45910.0,0.0,0.017765873015873016,-0.06130734042034536,0.0,-1.02742425629404,35.05882366590968,51.546843864811315
2025-01-31,KZTK,47003.0,2840.0,0.33127529819706686,0.5279900597400637,-0.993999999006,0.0005785714285714286,46454.44,0.0,0.01780753968253968,-0.029478284103108533,0.0,-0.4543315676741169,43.22691704994107,49.64015912107583
2025-02-03,KZTK,46000.0,19380.0,-1.8264870642226723,2.362659873534294,-0.23599771242581274,0.0005801587301587301,47150.0,0.0,0.017851190476190475,0.007148809523809526,0.0,0.2051513699842241,53.07339102727829,52.40953407189851
2025-02-04,KZTK,44999.0,2900.0,-3.597389123926343,0.40460264086813263,-0.038381742718681666,0.0005865079365079364,46800.0,0.0,0.017901984126984127,0.02212112749771864,0.0,0.4747329082183075,57.07323503389487,48.32579480396924
2025-02-05,KZTK,43899.99,7770.0,-5.861762138768127,1.3646495220700732,0.21567535550504865,0.000588095238095238,46390.0,0.0,0.017951587301587302,0.038768471176785974,0.0,0.7744738384025931,61.41248330211517,51.1253687873541
2025-02-06,KZTK,43398.0,12280.0,-6.533940823741488,1.6970398999796967,-0.42308941229462815,0.0005869047619047619,46650.0,0.0,0.017990873015873016,0.05694345575503809,0.0,1.1017204483479672,65.94922352291675,54.372254347061585
2025-02-07,KZTK,42796.99,6070.0,-7.214459048828973,0.8269127839581418,-0.9185131872457815,0.000590079365079365,46789.0,0.0,0.01802857142857143,0.07524925021262349,0.0,1.4313223334450136,70.24084994096265,45.72219606877566
2025-02-10,KZTK,42493.0,1770.0,-7.454181138902759,-0.4833312431744678,0.9999999892473119,0.0005825396825396825,46990.0,0.0,0.018087698412698413,0.08774149698419048,0.0,1.6562493692284732,72.9827906302136,32.022343851120844
2025-02-11,KZTK,42493.0,6270.0,-7.454181138902759,0.7814632325987584,-0.9424338002559852,0.0005805555555555556,46700.0,0.0,0.01816825396825397,0.08083628795629831,0.0,1.531918796313114,71.48691411426623,45.79946613071006
2025-02-12,KZTK,42492.91,1340.0,-7.454181138902759,-0.7616403717300024,-0.2793713448250158,0.0005801587301587301,48500.0,0.0,0.018255555555555556,0.12311132188352772,0.0,2.2930947675194644,79.83247695454907,37.92313958562758
2025-02-13,KZTK,43000.0,7100.0,-6.015142217520525,0.9836490249724615,-0.49290253524087446,0.0005805555555555556,48420.0,0.0,0.018310714285714284,0.10773579734219269,0.0,2.016253361650845,77.02550683692195,46.218164717551375
2025-02-14,KZTK,42799.9,5420.0,-6.0182408593061325,0.6357829721774301,-0.8216018302875951,0.0005853174603174603,48110.01,0.0,0.018349603174603175,0.10571867735876257,0.0,1.9799344490493767,76.6376133191773,45.94290860272787
2025-02-17,KZTK,42650.0,15720.0,-6.028223835776941,1.5296876558550818,-0.9999999992891062,0.0005813492063492063,48025.0,0.0,0.018396825396825398,0.10762896592791084,0.0,2.0143298266949343,77.00507688851881,55.22201005381208
2025-02-18,KZTK,43879.73,2730.0,-2.4991060656053823,-0.5195775361392849,0.9878386693658628,0.0005996031746031746,48450.0,0.0,0.018438492063492063,0.08571597743757361,0.0,1.6197792197130998,72.54915799585494,48.030332839298055
2025-02-19,KZTK,44990.0,3940.0,0.8955950063026933,0.14593556501418048,0.9885605332134981,0.0005916666666666667,48199.0,0.0,0.01851468253968254,0.052812279007327906,0.0,1.027337244337385,64.93998769211169,46.56789419556627
2025-02-20,KZTK,44700.0,2680.0,0.34774854567241026,-0.38154889580583484,-0.2667555929720722,0.000588095238095238,48349.9,0.0,0.018585714285714285,0.06306752956216047,0.0,1.2119864231996935,67.41887420177922,47.01154465573281
2025-02-21,KZTK,44600.0,870.0,0.25790887675692287,-1.5066233937959814,0.7142897952477539,0.0005857142857142858,47900.0,0.0,0.01863095238095238,0.055360079009182155,0.0,1.0732112262291376,65.56405643738957,46.26044722191347
2025-02-24,KZTK,44500.0,60.0,0.07025938546353772,-2.853475959039239,-0.0025313917578652363,0.0005972222222222222,47480.05,0.0,0.018665079365079367,0.04830233636525777,0.0,0.9461342350962366,63.822780002925725,52.259124956341445
2025-02-25,KZTK,44500.0,370.0,0.255336025230741,-2.3616050644052744,-0.665061415881288,0.0006238095238095239,47852.01,0.0,0.01866626984126984,0.05665979757446053,0.0,1.0966130889674066,65.88037472714625,51.02123696438869
2025-02-26,KZTK,44998.0,11630.0,1.6425047551478988,1.0862206979939526,0.997997916835511,0.0006234126984126985,48850.0,0.0,0.018663492063492063,0.06694031255004632,0.0,1.2817171620833048,68.33110902380004,48.80452217336448
2025-02-27,KZTK,45232.0,1350.0,2.3081708083603796,-1.2270350297361718,-0.3373161294811038,0.0005984126984126983,48887.9,0.0,0.018685714285714285,0.062139807468795834,0.0,1.1952824800013988,67.19834147734038,46.53584149194304
2025-02-28,KZTK,45255.0,150.0,2.7441930023965138,-2.853475959039239,-0.23486107750901458,0.0005837301587301588,48950.0,0.0,0.018717460317460317,0.0629309763193754,0.0,1.2095277368890633,67.3864616300707,54.681924646897386
2025-03-03,KZTK,45470.0,19230.0,3.407982971436248,1.726829688755684,0.462496450213736,0.000576984126984127,49600.0,0.0,0.018760714285714287,0.07206840381413177,0.0,1.3740501417585942,69.51759141799644,52.22243522493516
2025-03-04,KZTK,45700.0,14410.0,4.157797580245763,1.438280636332909,0.694665112446037,0.0005765873015873015,49998.89,0.0,0.01881666666666667,0.0752509482129832,0.0,1.4313529065032193,70.24123338218669,47.50583459267321
2025-03-05,KZTK,46000.0,1910.0,4.389306039857244,-0.8961929905919047,0.9999999989898174,0.0005829365079365079,49605.03,0.0,0.0188734126984127,0.05949680469289163,0.0,1.1476943406680757,66.56591128882201,52.01363682877044
2025-03-06,KZTK,46299.0,1600.0,4.964896778881175,-0.7344671756375307,0.9979674786606022,0.0005722222222222222,49902.0,0.0,0.018936507936507935,0.05888374736058272,0.0,1.136656040589389,66.41835083555844,54.438510041503
2025-03-07,KZTK,45902.99,260.0,3.7919040036619105,-2.342157375061052,0.00623279098093008,0.0005813492063492063,50998.97,0.0,0.01899365079365079,0.09202264683750577,0.0,1.7333328886192938,73.88499545995214,57.161563136437046
2025-03-11,KZTK,45999.0,160.0,3.792618649663387,-2.6632855823335326,0.9793835586085609,0.0006182539682539682,51059.91,0.0,0.01900436507936508,0.09101780931573054,0.0,1.7152404566212869,73.67499618635365,50.22075765760582
2025-03-12,KZTK,45950.0,400.0,3.597893948408858,-1.747013543105291,0.4999999975,0.0006154761904761904,50984.99,0.0,0.01901309523809524,0.0905623128141354,0.0,1.7070390914235771,73.57944604399293,48.53410401160964
2025-03-13,KZTK,46008.0,19080.0,3.4144503813383813,2.3861694464457472,0.23397683388649543,0.000628968253968254,50401.03,0.0,0.0190031746031746,0.07648087164965096,0.0,1.4534980848613623,70.51822374613403,53.992265033460306
2025-03-14,KZTK,45910.0,1480.0,2.5252727864626325,-0.43868944719587644,-0.3772455086055434,0.0006206349206349206,50585.89,0.0,0.01899920634920635,0.08284984614480366,0.0,1.5681735776186556,71.9282254625932,43.84519045060533
2025-03-17,KZTK,46454.44,2280.0,3.421715510705117,0.26170590739719357,0.9980854291175046,0.0006202380952380952,50505.01,0.0,0.018999603174603176,0.06819486090676341,0.0,1.3043057202733053,68.62366354495862,46.96221890248455
2025-03-18,KZTK,47150.0,17410.0,4.6223691108730245,2.294573327113115,-0.12661565651063422,0.0006238095238095239,58044.79,0.0,0.019001984126984128,0.21206461184332343,0.0,3.894728180604346,91.1882252146277,54.00712669664369
2025-03-19,KZTK,46800.0,1100.0,2.1948114031893584,-0.4671569467392995,0.7772828490483679,0.0006373015873015873,59298.0,0.0,0.018990873015873013,0.24806040903540902,0.0,4.542844417109238,93.85266007190639,44.334399017925655
2025-03-20,KZTK,46390.0,45180.0,1.1601136825103908,3.3788689469313,0.6085106380389317,0.0006376984126984128,56499.99,0.0,0.018980555555555553,0.19895412864362524,0.0,3.658669593408581,89.98177987216813,52.15846837423129
2025-03-26,KZTK,46650.0,24610.0,1.2987984797918632,2.771366137968931,-0.4795836667415598,0.0006261904761904761,55999.99,0.0,0.01897420634920635,0.18145430383300154,0.0,3.343579458434431,88.14410348823934,52.41527566432531
2025-03-27,KZTK,46789.0,70.0,1.3537814110772037,-2.853475959039239,0.9266666635777778,0.0006277777777777778,55245.0,0.0,0.01896269841269841,0.16176354066058804,0.0,2.98904075345418,85.73466113863711,53.30637911225267
2025-03-28,KZTK,46990.0,390.0,1.770159912896211,-1.3733753761513456,0.9999999958331598,0.0006416666666666667,56243.0,0.0,0.018943650793650794,0.17797058627806658,0.0,3.2808539713809894,87.74512386653217,47.031949463398774
2025-03-31,KZTK,46700.0,80.0,1.1364530306978882,-2.853475959039239,-0.9999999966666667,0.0006611111111111111,56987.0,0.0,0.018907539682539682,0.20137083290846672,0.0,3.7021831531865756,90.21468911090108,52.46946702290395
2025-04-01,KZTK,48500.0,71560.0,5.025398593204669,3.8387486709007295,0.9999999995918368,0.0006674603174603175,58600.1,0.0,0.018874603174603176,0.18937488136147926,0.0,3.4861920771051156,89.00953329930567,59.40102331986985
2025-04-02,KZTK,48420.0,700.0,3.0505095299141303,-0.7884486834516692,0.977908097275224,0.0006357142857142858,58800.0,0.0,0.018866666666666667,0.1955075588599752,0.0,3.5966129642662796,89.64109918268703,47.76646266204034
2025-04-03,KZTK,48110.01,350.0,2.357688060564047,-1.4815800282845015,-0.5982982310118794,0.0006242063492063491,58249.0,0.0,0.01886190476190476,0.19188405018593246,0.0,3.5313704918678694,89.27191909446478,45.77875617351761
2025-04-04,KZTK,48025.0,310.0,2.170466845877848,-1.6029367663916534,-0.9999999978947368,0.0006285714285714285,58400.0,0.0,0.01885436507936508,0.1971789509018947,0.0,3.6267069309077873,89.80757161323663,50.00865879603696
2025-04-07,KZTK,48450.0,1930.0,2.7539388506361115,0.40287517104069515,0.9326798787344627,0.0006412698412698412,39999.99,0.0,0.018837301587301587,-0.19324411273281247,0.0,-3.4029894888529206,11.488421281992107,45.45591318935432
2025-04-08,KZTK,48199.0,1140.0,1.9562574588770532,-0.12361298259663807,0.668568108152057,0.0006678571428571428,34279.0,0.0,0.01880436507936508,-0.30760703733397615,0.0,-5.462131779622797,3.6358929388428995,43.6648753628628
2025-04-09,KZTK,48349.9,1100.0,2.2357769778829044,-0.018018351210168395,0.999999998823391,0.0006591269841269841,34797.99,0.0,0.018780555555555557,-0.29906882916108535,0.0,-5.308398516876055,3.9732625479211467,46.40143551258764
2025-04-10,KZTK,47900.0,1470.0,1.2533778575154537,0.28995005191484313,-0.05770385981259405,0.0006309523809523809,34940.0,0.0,0.01877222222222222,-0.2893358965437254,0.0,-5.133153845270171,4.39443396984055,48.93511837330825
2025-04-11,KZTK,47480.05,420.0,0.3519176872956808,-0.9808150568048436,-0.9999214822012943,0.0006313492063492063,34500.0,0.0,0.0187531746031746,-0.29213220432197234,0.0,-5.183502291886746,4.269250083966869,50.23864316254139
2025-04-14,KZTK,47852.01,990.0,1.1349418399637212,-0.12337790114002138,-0.7399499981501149,0.000625,34199.98,0.0,0.018741666666666667,-0.30403856433094445,1.0,-5.397880242687736,3.7734044636778927,45.20850582839988
2025-04-15,KZTK,48850.0,980.0,3.2319197469415966,-0.1335301703780739,0.9314670049406089,0.0006206349206349206,34900.0,0.0,0.018732936507936507,-0.30430100201458954,1.0,-5.402605520000903,3.763123402898377,46.52308659579522
2025-04-16,KZTK,48887.9,70.0,2.9791696045423066,-2.7544541487395744,0.9522239819906989,0.0006206349206349206,34699.99,0.0,0.018727380952380954,-0.30894050117231275,1.0,-5.486141237166026,3.5857555756545922,52.10265263271275
2025-04-17,KZTK,48950.0,380.0,3.0795413115940242,-1.011586498264705,-0.3818966224552082,0.0006154761904761904,35157.03,0.0,0.01871388888888889,-0.30049059981840887,1.0,-5.333997967908639,3.9150718729421943,44.056359655722304
2025-04-18,KZTK,49600.0,470.0,4.410719278396986,-0.7398994775807093,0.3229396642743821,0.0006202380952380952,36790.0,0.0,0.018687698412698413,-0.27695382744495645,1.0,-4.91021059493421,4.9919910387429045,47.09080210269452
2025-04-21,KZTK,49998.89,310.0,5.147023903238324,-0.9968139938157609,0.9995488470611148,0.0006325396825396825,39400.0,0.0,0.018651984126984125,-0.2306344901386176,1.0,-4.076215603458215,7.975141412687425,55.47299587532308
2025-04-22,KZTK,49605.03,380.0,4.295942767110236,-0.4314335625652832,-0.9820931401989204,0.0006396825396825397,41050.0,0.0,0.018605952380952383,-0.1910689062386559,1.0,-3.3638241763279426,11.72954578043286,45.51088452867126
2025-04-23,KZTK,49902.0,1250.0,3.8315544757066484,1.0328167543468663,-0.5571327178444764,0.0006353174603174604,39900.0,0.0,0.018582142857142856,-0.2190149912399732,1.0,-3.8670026818475245,8.946363491780678,43.34153384447679
2025-04-24,KZTK,50998.97,600.0,5.153899239597343,0.2988529247086899,0.9999999989118252,0.0006384920634920634,40250.0,0.0,0.018568650793650793,-0.2293370251353287,1.0,-4.0528543168490865,8.078619929497876,51.64729178087673
2025-04-25,KZTK,51059.91,1230.0,5.2381494425606325,0.8324982191921915,0.8089806938929066,0.000628968253968254,40829.99,0.0,0.018556746031746032,-0.21890805883272835,1.0,-3.8650773284799045,8.955778300520784,46.167460335261744
2025-04-28,KZTK,50984.99,700.0,4.9897733164178035,0.07410750116770554,0.9017724082390045,0.0006242063492063491,40917.98,0.0,0.018550396825396828,-0.21600086214862227,1.0,-3.812732290429279,9.215184956480499,50.28513317885797
2025-04-29,KZTK,50401.03,300.0,3.7416123741372718,-0.8472896376145791,-0.9999999974935458,0.000619047619047619,40699.99,0.0,0.018551190476190475,-0.2110282092990201,1.0,-3.7231980308286023,9.674564980798056,47.14629440929781
2025-04-30,KZTK,50585.89,510.0,3.2062422206204344,-0.2425613187403589,0.9999999979752576,0.0006166666666666666,40891.0,0.0,0.018556349206349205,-0.21020840870357263,1.0,-3.708437249902692,9.752234937618725,47.744438588051906
2025-05-02,KZTK,50505.01,860.0,2.8696163840925175,0.43796379975787686,-0.2374654680215114,0.0006206349206349206,40795.0,0.0,0.018554365079365077,-0.21081271727056358,1.0,-3.719318025567578,9.694927559397732,47.13736881162631
2025-05-05,KZTK,58044.79,7970.0,8.934568467883182,2.5064663208921862,0.99883716420029,0.0006261904761904761,40641.5,0.0,0.01854404761904762,-0.3183692343412323,1.0,-5.655908697068057,3.249780269850083,49.52262929776753
2025-05-06,KZTK,59298.0,8100.0,8.934568467883182,2.340324085118526,-0.514585799107596,0.0006261904761904761,40694.98,0.0,0.01853373015873016,-0.3322545976416132,1.0,-5.9059192568209795,2.8098137165747827,33.78721907784439
2025-05-08,KZTK,56499.99,5270.0,3.7259083967371827,1.910490125460017,-0.7046345917464585,0.0006273809523809525,40499.0,0.0,0.018521825396825398,-0.30172523835318166,1.0,-5.356228043168003,3.8652041623344733,48.778076516712375
2025-05-12,KZTK,55999.99,1930.0,1.8081797651678368,0.9059800880043732,0.3310992044554809,0.0006198412698412699,39501.1,0.0,0.018517460317460318,-0.31314054864301183,1.0,-5.561764481327706,3.4321509755041113,48.780049588488616
2025-05-13,KZTK,55245.0,1650.0,-0.055478340534848035,0.7492354916067933,-0.25533117391510984,0.0006162698412698412,39750.0,0.0,0.018517063492063494,-0.29899493479263367,1.0,-5.3070680243264885,3.9763094795814355,49.20909867840223
2025-05-14,KZTK,56243.0,1320.0,1.175308670679387,0.5260921945871698,0.9645145387064985,0.0006226190476190475,39305.5,0.0,0.018509920634920636,-0.31965850801468343,1.0,-5.679122496073616,3.206271409220074,46.79389029386996
2025-05-15,KZTK,56987.0,10560.0,2.290993264342461,2.4404531373692695,0.24607006618157035,0.000625,39809.0,0.0,0.0185,-0.31993716988085,1.0,-5.684139895160336,3.1969417514660705,52.358170747108055
2025-05-16,KZTK,58600.1,11220.0,4.2989236822930526,2.5010772719017758,-0.24453473401575723,0.0006345238095238095,40500.01,0.0,0.018480555555555552,-0.3273552844382707,1.0,-5.8177055018132915,2.9580206938217612,52.84294941331257
2025-05-19,KZTK,58800.0,9670.0,3.507867537930297,2.2250090734435073,-0.6170533598704194,0.0006277777777777778,40299.0,0.0,0.018469444444444445,-0.3331123015873016,1.0,-5.921362500107093,2.784620028452256,50.699142868621664
2025-05-20,KZTK,58249.0,9150.0,1.9876652150030938,1.9986402450519298,-0.3624053733208184,0.0006194444444444444,40080.0,0.0,0.01846587301587302,-0.3303853909475113,1.0,-5.8722635719262595,2.865487802760258,51.24818849190013
2025-05-21,KZTK,58400.0,16880.0,1.9242988797248544,2.5753681304132003,0.9999999976019185,0.000621031746031746,40094.9,0.0,0.018460317460317458,-0.3319038106110024,1.0,-5.899603220288131,2.820181183602882,55.172597656626365
2025-05-22,KZTK,39999.99,8119.999999999999,-7.454181138902759,1.6989129096592452,-0.999999999929086,0.0006242063492063491,40238.0,0.0,0.018451984126984126,-0.012501732639421202,1.0,-0.14866314241985298,47.771530192093515,51.628385995026306
2025-05-23,KZTK,34279.0,8420.0,-7.454181138902759,1.5483920601809582,-0.7571998315628645,0.0006349206349206349,40049.91,0.0,0.018432539682539682,0.1499186374229769,1.0,2.7757693521525564,84.09697977111972,46.84377205031261
2025-05-26,KZTK,34797.99,4520.0,-7.454181138902759,0.22757784954643226,0.5991783561130437,0.0006353174603174604,39987.94,0.0,0.018413492063492062,0.13073161660514093,1.0,2.430300694913565,81.12542165329887,28.14175282376517
2025-05-27,KZTK,34940.0,2550.0,-7.454181138902759,-0.6521198931277682,-0.24993725151866103,0.0006226190476190475,39863.0,0.0,0.01840793650793651,0.12249074694941894,1.0,2.2819211105334127,79.72432195688957,37.32328291590248
2025-05-28,KZTK,34500.0,3220.0,-7.454181138902759,-0.4188323270064652,-0.05721458907698976,0.0006123015873015872,39500.0,0.0,0.01841111111111111,0.12651642512077296,1.0,2.354404777775863,80.4182458460648,34.43361924174277
2025-05-29,KZTK,34199.98,1260.0,-7.454181138902759,-1.3570992274979392,-0.48986394474511846,0.0006134920634920636,39589.0,0.0,0.01841309523809524,0.1391606811208382,0.0,2.5820687900058386,82.4804121214822,42.56792424705976
2025-05-30,KZTK,34900.0,7320.0,-7.454181138902759,0.4023956679857483,0.32567049783473523,0.000611904761904762,39315.02,0.0,0.018416666666666668,0.10808820439350517,0.0,2.0225985671923588,77.09280919977952,29.50498319748705
2025-06-02,KZTK,34699.99,2360.0,-7.454181138902759,-0.9810924526043073,-0.5671490750272985,0.0006150793650793651,39495.0,0.0,0.01841904761904762,0.11976571842843547,0.0,2.2328560705243357,79.24428460795305,42.53814624467352
2025-06-03,KZTK,35157.03,23170.0,-7.454181138902759,1.303101963172152,-0.41441194724830477,0.000601984126984127,39699.0,0.0,0.018440079365079364,0.11075086765177618,0.0,2.07054070001474,77.59683540429656,43.78490812886659
2025-06-04,KZTK,36790.0,4270.0,-7.454181138902759,-0.5824372643390402,0.7899989495997483,0.000594047619047619,39799.98,0.0,0.018468253968253967,0.0633469131967366,0.0,1.2170168179654013,67.48513738644573,30.04890463073221
2025-06-05,KZTK,39400.0,5470.0,-7.454181138902759,-0.1404768821987364,0.6509939966799067,0.0005968253968253967,39607.9,0.0,0.018492460317460317,-0.013215810571267387,0.0,-0.16152035181265134,47.57908918777055,27.50937498154358
2025-06-09,KZTK,41050.0,3060.0,-7.454181138902759,-0.5624120202529183,0.5878473757648996,0.0005936507936507937,39850.0,0.0,0.018519444444444443,-0.04775208756259304,0.0,-0.7833574442671553,38.46128195737265,27.674972711805243
2025-06-10,KZTK,39900.0,1560.0,-7.454181138902759,-1.1637485905897096,-0.20635634501057695,0.0006115079365079366,39640.0,0.0,0.018528174603174605,-0.025044465329991647,0.0,-0.37449919387662595,44.4060288837526,38.63964963132729
2025-06-11,KZTK,40250.0,1690.0,-7.454181138902759,-1.0837062257593464,0.3077821755324536,0.000625,39618.0,0.0,0.01852301587301587,-0.03422487922705314,0.0,-0.5397955831403407,41.97310996991595,30.55892943467193
2025-06-12,KZTK,40829.99,1600.0,-7.454181138902759,-1.13843089868462,0.784612069747823,0.0006170634920634921,39311.1,0.0,0.018526984126984128,-0.05572733612315164,0.0,-0.9269544329566233,36.44334940454368,33.93703335789239
2025-06-13,KZTK,40917.98,960.0,-7.454181138902759,-1.6492536817278522,0.9816363591744093,0.0006178571428571429,39355.01,0.0,0.018529761904761903,-0.05672739531677298,0.0,-0.9449608295754622,36.19347745110734,42.243210423812215
2025-06-16,KZTK,40699.99,860.0,-7.454181138902759,-1.6312845067848287,-0.5608451449714397,0.0006198412698412699,39360.01,0.0,0.01852857142857143,-0.05145192104118794,0.0,-0.8499741700211542,37.51971586286068,44.667517546292096
2025-06-17,KZTK,40891.0,1310.0,-5.447825043569627,-1.0503915982856187,0.2933333326814815,0.0006218253968253969,39994.93,0.0,0.01852777777777778,-0.040441401802624316,0.0,-0.6517261286517138,40.346800738524216,41.90760481558637
2025-06-18,KZTK,40795.0,1660.0,-2.4569970511676873,-0.6374036678379081,0.13178802501140052,0.0006186507936507937,40249.0,0.0,0.018526984126984128,-0.03191097726339791,0.0,-0.4981330128040669,42.58313463198518,46.316818716992614
2025-06-19,KZTK,40641.5,2730.0,0.8312660398102394,-0.02710188067991935,-0.5933152571373973,0.0006158730158730159,40390.0,0.0,0.018527777777777775,-0.024716033624633822,0.0,-0.3685856723705041,44.49363870958161,45.04754822607608
2025-06-20,KZTK,40694.98,1150.0,8.934568467883182,-0.8310148617469133,0.5820515360023004,0.0006158730158730159,40703.0,0.0,0.01852857142857143,-0.01833149552387761,0.0,-0.2536299517455969,46.20287575666139,69.18219634533098
2025-06-23,KZTK,40499.0,860.0,8.934568467883182,-1.0489466616401903,-0.5037469598141608,0.0006154761904761904,41056.5,0.0,0.018528968253968253,-0.004763196259598021,0.0,-0.009328234853201032,49.86007684246825,36.45486510324895
2025-06-24,KZTK,39501.1,1230.0,7.326139094762715,-0.4985543888281576,-0.4842961335848309,0.0006154761904761904,41194.0,0.0,0.018528968253968253,0.02432806610710021,0.0,0.5144695679754698,57.65634564414317,35.36199244616758
2025-06-25,KZTK,39750.0,3440.0,7.4727423138098,0.7196572601896088,-0.21428571413265304,0.0006158730158730159,40800.02,0.0,0.018528571428571426,0.007887026055705224,0.0,0.21844320285639982,53.27196548950971,32.988081977935096
2025-06-26,KZTK,39305.5,2860.0,5.662849146682877,0.5350076039220649,-0.66332776813393,0.0006154761904761904,40800.0,0.0,0.018528571428571426,0.019494097154705726,0.0,0.42743235782316186,56.376573919478524,37.52188730761964
2025-06-27,KZTK,39809.0,950.0,6.4047544338765565,-0.5671048918921252,0.43056016993902396,0.0006150793650793651,40763.0,0.0,0.01852857142857143,0.005435858725413852,0.0,0.174309124183974,52.61225619875598,52.863471065119874
2025-06-30,KZTK,40500.01,7840.0,7.985290157431233,1.5434240609386758,-0.2380820859917963,0.0006150793650793651,41498.0,0.0,0.01852857142857143,0.006113150882114369,0.0,0.18650399352587418,52.79464426598145,35.41907305749691
2025-07-01,KZTK,40299.0,1000.0,5.711978254287942,-0.5158117743778781,-0.1271726747723098,0.0006166666666666666,41460.0,0.0,0.018526984126984128,0.010282663755097312,0.0,0.26157745215427675,53.91562753837752,41.19118445848797
2025-07-02,KZTK,40080.0,600.0,4.721311895550804,-0.9994020751986117,-0.604010023548847,0.0006158730158730159,41486.0,0.0,0.018526190476190474,0.0165536498431708,0.0,0.37448863122577,55.59381465962042,40.96906411920404
2025-07-03,KZTK,40094.9,860.0,0.4938145187640314,-0.6082465418980451,-0.0009680542078979633,0.0006154761904761904,41238.99,0.0,0.01852579365079365,0.010008758125117912,0.0,0.2566456906735564,53.84209633679568,48.40141745912096
2025-07-04,KZTK,40238.0,1220.0,0.0441074701741241,-0.16231373447350694,-0.16224307509341065,0.0006158730158730159,41264.73,0.0,0.018525,0.0069914272578160755,0.0,0.2023176502201091,53.031043627515885,47.85304094533009
2025-07-08,KZTK,40049.91,1110.0,-0.7207817530401655,-0.1346566726758544,0.25178076295206614,0.0006154761904761904,41050.0,0.0,0.018524603174603173,0.0064464891449550095,0.0,0.19250585922265215,52.88438187465635,46.11746894378686
2025-07-09,KZTK,39987.94,240.0,-0.7014708495966163,-1.6300512544845491,0.25297509832671794,0.0006162698412698412,41199.8,0.0,0.0185234126984127,0.011782224451187918,0.0,0.288577538569215,54.31788105986739,48.609601827532614
2025-07-10,KZTK,39863.0,1170.0,-1.0484024601595583,-0.012739007293198181,0.31326599585636883,0.0006170634920634921,40697.1,0.0,0.01852142857142857,0.0024027366946075684,0.0,0.1196967586076264,51.79468005707544,45.653632319429704
2025-07-11,KZTK,39500.0,660.0,-1.918043731533889,-0.5639343502707469,-0.9999999977777778,0.0006154761904761904,40882.0,0.0,0.018521031746031747,0.01646631002612015,0.0,0.3729160489261803,55.57051994114516,51.092278187480886
2025-07-14,KZTK,39589.0,200.0,-1.5923231584311772,-1.7316488150358704,0.264383194191925,0.0006154761904761904,40999.0,0.0,0.018521031746031747,0.017094922180564024,0.0,0.3842344187232236,55.73812413899167,48.22957654507538
2025-07-15,KZTK,39315.02,450.0,-2.2133399384464223,-0.9207231926641368,-0.6164488609798544,0.0006154761904761904,41500.0,0.0,0.018522619047619048,0.03705359584429767,0.0,0.7435969407293345,60.97254158202576,47.47097860936643
2025-07-16,KZTK,39495.0,500.0,-1.7016350193472343,-0.8153630548634158,0.5730337062555233,0.0006174603174603175,41105.0,0.0,0.018528174603174602,0.022236479150465102,0.0,0.47680985288642264,57.1037630436972,44.77201000753486
2025-07-17,KZTK,39699.0,3120.0,-1.0917685990301171,1.084291270964145,-0.1133333332074074,0.000623015873015873,41022.0,0.0,0.01853531746031746,0.014790459007603646,0.0,0.3427417969359335,55.12308510438334,49.913983981231084
2025-07-18,KZTK,39799.98,3060.0,-0.6510873603020435,1.0648731494252601,-6.666666654488415e-05,0.0006222222222222223,41149.99,0.0,0.01853452380952381,0.015385342481866151,0.0,0.3534528706882532,55.28201160120971,49.50079736396193
2025-07-21,KZTK,39607.9,180.0,-0.9493458532494257,-1.7683317029584633,-0.999999994794378,0.000621031746031746,40954.0,0.0,0.01853611111111111,0.015449533166924292,0.0,0.3546086452081658,55.29915411620657,53.370678483250586
2025-07-22,KZTK,39850.0,5150.0,-0.2741948249791368,1.6643132110231582,0.45985108318153245,0.0006206349206349206,40700.0,0.0,0.018536507936507938,0.002793479516440621,0.0,0.1267322123795301,51.9000677611976,50.06454275564887
2025-07-23,KZTK,39640.0,860.0,-0.7284561200408528,-0.2043632715206106,-0.3066155665542205,0.0006202380952380952,40700.01,0.0,0.018544444444444443,0.008196473819935022,0.0,0.2240149122222801,53.355174054693144,47.093039302768965
2025-07-24,KZTK,39618.0,370.0,-0.8030547154968195,-0.9689314911005259,-0.3894140225076922,0.0006198412698412699,40602.0,0.0,0.018553174603174606,0.006284020611121925,0.0,0.1895805595234551,52.84064620120248,47.10906901192735
2025-07-25,KZTK,39311.1,470.0,-1.6118220166450914,-0.655200592246898,-0.9993079550197057,0.000621031746031746,40305.0,0.0,0.018563095238095236,0.006719840116041421,0.0,0.19742763388651305,52.95795648931716,51.09018565707747
2025-07-28,KZTK,39355.01,270.0,-1.6295115901790331,-1.1585066176231331,-0.7723677750151512,0.0006206349206349206,40300.0,0.0,0.018581746031746033,0.005430190440891072,0.0,0.1742070648459702,52.610729484889774,49.263916234052466
2025-07-29,KZTK,39360.01,300.0,-1.6180209987762564,-0.9295329999061918,-0.9766289748903341,0.0006186507936507937,40100.0,0.0,0.018614285714285715,0.00018626845224010286,0.0,0.07978851465597789,51.19659919462094,51.28710707154213
2025-07-30,KZTK,39994.93,1370.0,0.4363707359263359,0.7768452653281666,0.9999999984250232,0.000621031746031746,40000.0,0.0,0.01864126984126984,-0.01851450377367078,0.0,-0.2569250758255651,46.15373765797124,48.84842727834527
2025-07-31,KZTK,40249.0,2320.0,1.1018697362838037,1.303601364132258,-0.11195125197411761,0.0006178571428571429,39999.97,0.0,0.018650396825396823,-0.02483763129084935,0.0,-0.37077507857742414,44.46119826465882,50.430694096265086
2025-08-01,KZTK,40390.0,930.0,1.364790033409815,0.201865865685671,0.39991427289625175,0.0006166666666666666,40192.0,0.0,0.01865873015873016,-0.023560933674451872,0.0,-0.34778771563950217,44.80203239796175,45.62443763676148
2025-08-04,KZTK,40703.0,780.0,2.11908017979206,0.025975446001839025,0.9999999974875003,0.0006166666666666666,40185.0,0.0,0.018668253968253966,-0.03139458863646024,0.0,-0.48883526474534755,42.71958814941519,46.33557392829569
2025-08-05,KZTK,41056.5,3240.0,2.984467058330394,1.504076126947294,0.999999998474447,0.0006158730158730159,40179.8,0.0,0.018671031746031748,-0.040024532409751186,0.0,-0.6442202573250907,40.45523919282289,49.50155937403649
2025-08-06,KZTK,41194.0,600.0,2.9615503262084455,-0.18232120068354102,0.9946662373132085,0.0006154761904761904,39799.0,0.0,0.01867579365079365,-0.05253994862481899,0.0,-0.8695644666036539,37.24457621213566,47.160112594910146
2025-08-07,KZTK,40800.02,340.0,1.9066802970781134,-0.7503035764317173,-0.99994961837845,0.0006154761904761904,39520.0,0.0,0.018684126984126984,-0.05005715082087993,0.0,-0.8248608707892682,37.873604645914746,48.31236482228936
2025-08-08,KZTK,40800.0,590.0,1.8598593884062808,-0.06559714705429315,-0.9999999974226804,0.0006154761904761904,39799.99,0.0,0.018694444444444444,-0.043204493464052335,0.0,-0.7014765080964708,39.630478033016075,47.295947673496414
2025-08-11,KZTK,40763.0,240.0,1.6859812019543698,-0.907919362292117,-0.8916621488742765,0.0006150793650793651,40097.0,0.0,0.018705158730158728,-0.03504350477927189,0.0,-0.5545352070241927,41.757867939575085,47.320741298233884
2025-08-12,KZTK,41498.0,5160.0,3.4925985333612584,2.16012858393179,0.9999999985673147,0.0006150793650793651,39750.0,0.0,0.018719047619047618,-0.06084155954733332,0.0,-1.019037717586713,35.17347449985155,53.72419038343058
2025-08-13,KZTK,41460.0,150.0,2.747268488349361,-1.5260485165856892,0.7733822677208119,0.0006150793650793651,39725.0,0.0,0.018741666666666663,-0.06058923058369513,0.0,-1.0144944511214178,35.23565622530703,45.67060436973024
2025-08-14,KZTK,41486.0,1070.0,2.7603809326314366,0.4387215706894949,0.8762039147386566,0.0006150793650793651,39724.97,0.0,0.018757936507936508,-0.061206714408915126,0.0,-1.0256124516693323,35.08357796350799,44.90102508095642
2025-08-15,KZTK,41238.99,250.0,1.8460986274942532,-1.015227178872585,-0.6802710008664853,0.0006150793650793651,39499.97,0.0,0.018767460317460318,-0.06093677629731328,0.0,-1.0207521266695267,35.1500231709849,45.204563107345294
2025-08-18,KZTK,41264.73,2610.0,1.6749868644764674,1.4785424962155576,-0.3359451507836962,0.0006150793650793651,39200.0,0.0,0.018775396825396824,-0.068811589961763,0.0,-1.1625407518288724,33.236131722885084,50.42301596245661
2025-08-19,KZTK,41050.0,850.0,0.9666785874366618,0.20854438265245145,-0.9999999959016393,0.0006150793650793651,39300.0,0.0,0.01878968253968254,-0.061420620420315916,0.0,-1.0294639001685848,35.03096607027294,48.35744342101157
2025-08-20,KZTK,41199.8,180.0,0.8460161022472235,-1.3437300717197362,0.43030302867311665,0.0006150793650793651,39210.1,0.0,0.018798809523809523,-0.06709273328072107,0.0,-1.1315921686578037,33.64945084152639,47.100078402995344
2025-08-21,KZTK,40697.1,830.0,-0.5064340703529213,0.33286376966622194,-0.9999999981234753,0.0006150793650793651,39500.0,0.0,0.018807539682539683,-0.04822241199530886,0.0,-0.7918257912700408,38.34109243265851,50.281050471657345
2025-08-22,KZTK,40882.0,1700.0,-0.08732934521440662,0.9016909616314405,-0.276204270437465,0.0006150793650793651,39301.1,0.0,0.018809920634920634,-0.057479750878059455,0.0,-0.9585072403492658,36.00598602568045,49.590791029936156
2025-08-25,KZTK,40999.0,1590.0,0.12715729970766237,0.6806462885766338,-0.0064318731285413905,0.0006154761904761904,39592.0,0.0,0.018810317460317458,-0.05312822765324899,0.0,-0.8801566251238891,37.096154769243626,49.15215629051246
2025-08-26,KZTK,41500.0,2680.0,1.3001680661737716,1.1601691559045126,0.999999997801618,0.0006170634920634921,39691.98,0.0,0.018809523809523807,-0.06237627079747554,0.0,-1.04667070135579,34.79636206858022,49.66401599047378
2025-08-27,KZTK,41105.0,230.0,0.16607178814715623,-1.3531377237268234,-0.9753456830561692,0.000623015873015873,39698.0,0.0,0.01880515873015873,-0.053034571210392276,0.0,-0.878470309887007,37.11976785647393,50.93572577931865
2025-08-28,KZTK,41022.0,210.0,-0.16946739054603607,-1.3862896575668984,-0.7799779938995035,0.0006301587301587302,39700.0,0.0,0.018812698412698413,-0.05103930852434582,0.0,-0.8425449451557212,37.624269282549875,49.0533167904015
2025-08-29,KZTK,41149.99,410.0,-0.052767023880750955,-0.6746836678143383,0.6666333277773346,0.0006214285714285714,39501.12,0.0,0.018864285714285712,-0.05893404028773751,0.0,-0.9846922022757848,35.644780359938096,44.47924369275245
2025-09-02,KZTK,40954.0,1040.0,-0.6019158353454059,0.4102838163328436,-0.1911181598114255,0.0006226190476190475,39360.36,0.0,0.01891031746031746,-0.05782324415856426,0.0,-0.9646919504985507,35.920526850700284,48.62129951914331
2025-09-03,KZTK,40700.0,130.0,-1.231521675588032,-1.7047405492725243,-0.5999839969599392,0.000621031746031746,39340.0,0.0,0.01896468253968254,-0.05237991595491595,0.0,-0.8666830254403453,37.28499385526205,49.597673309806986
2025-09-04,KZTK,40700.01,520.0,-1.280100042881695,-0.1347323411425775,-0.5832326322628545,0.0006281746031746032,39449.99,0.0,0.01901388888888889,-0.04972690345571587,0.0,-0.818914657727682,37.95758776226962,46.62447114240692
2025-09-05,KZTK,40602.0,360.0,-1.4886013707276442,-0.43286306825965226,-0.42450913895140124,0.0006285714285714285,39272.0,0.0,0.01906031746031746,-0.05181732450430544,0.0,-0.8565533802566658,37.42722196543092,46.58017084277487
2025-09-08,KZTK,40305.0,580.0,-2.2001228669927286,0.04405990902375308,-0.9856900209849162,0.0006309523809523809,39270.0,0.0,0.019103968253968255,-0.04478316438348072,0.0,-0.7299010002536999,39.223179226753366,50.71994814012747
2025-09-09,KZTK,40300.0,300.0,-2.1799471232735423,-0.6061342285745327,-0.23737255725203676,0.0006392857142857143,39324.99,0.0,0.019144047619047616,-0.04333784414510226,0.0,-0.7038775312235942,39.5960168887179,47.25766957360456
2025-09-10,KZTK,40100.0,600.0,-2.6467053639483424,0.08701121903537128,-0.9999999966666667,0.0006511904761904762,39112.01,0.0,0.01917420634920635,-0.04381236096267263,0.0,-0.7124213635027028,39.473473883175146,51.00993929185655
2025-09-11,KZTK,40000.0,880.0,-2.5638494081711345,0.47000307390549456,-0.9919521872830428,0.0006480158730158729,39111.98,0.0,0.019203571428571427,-0.041404071428571346,0.0,-0.6690593137354308,40.096747330427334,51.73343878159491
2025-09-12,KZTK,39999.97,110.0,-2.426042055778431,-1.6796358771454791,0.1782662491704481,0.000626984126984127,38999.9,0.0,0.019251587301587304,-0.04425335605291386,0.0,-0.720361625991656,39.359706271338446,48.05628905065801
2025-09-15,KZTK,40192.0,110.0,-1.8629170793321066,-1.6094320724596793,0.9931738250685217,0.000625,38620.02,0.0,0.019306349206349206,-0.05841811274138113,0.0,-0.9754027561254653,35.77273831473278,49.79166665166548
2025-09-16,KZTK,40185.0,90.0,-1.8566875206307014,-1.810101210762599,0.9453924882409813,0.0006261904761904761,38510.01,0.0,0.01936190476190476,-0.06104387564656316,0.0,-1.0226804858831746,35.12365378802379,49.70648517176181
2025-09-17,KZTK,40179.8,40.0,-1.707737307086249,-2.453142642472877,0.9985714250051229,0.0006186507936507937,38800.0,0.0,0.01944047619047619,-0.0537811150189423,0.0,-0.8919120781301579,36.93171766517166,51.65579837149832
2025-09-18,KZTK,39799.0,390.0,-2.6063227153300996,0.012903383873570935,-0.9999999973544974,0.0006202380952380952,38520.0,0.0,0.01950793650793651,-0.05164442234928931,0.0,-0.8534402197564371,37.470976963558556,50.94720869757675
2025-09-19,KZTK,39520.0,120.0,-3.2010207105780673,-1.2039690710055446,-0.943732573867023,0.0006238095238095239,38499.92,0.0,0.019560317460317462,-0.045372058351005766,0.0,-0.7405042309557743,39.071623932689704,51.87351151290837
2025-09-22,KZTK,39799.99,190.0,-2.505522252019851,-0.6799003842347393,0.4884398964489924,0.0006257936507936508,38399.86,0.0,0.019609920634920636,-0.05478907520254735,0.0,-0.9100607346874439,36.67844729665967,44.32214640391963
2025-09-23,KZTK,40097.0,720.0,-1.7108409395777675,0.7801576892425093,0.9999999974810448,0.0006257936507936508,38469.97,0.0,0.019659920634920634,-0.06023727056134902,0.0,-1.0081572944843287,35.32247374546591,51.28730257203197
2025-09-24,KZTK,39750.0,480.0,-2.3575891366721615,0.3746929896881935,-0.9999999974842767,0.000628968253968254,38386.0,0.0,0.01970714285714286,-0.054021608265947894,0.0,-0.8962422386020137,36.87122286063041,51.537198999135356
2025-09-25,KZTK,39725.0,1130.0,-1.5890082064379136,1.2308794516685495,0.799035366563365,0.0006376984126984128,38250.0,0.0,0.019744047619047616,-0.056874318229494444,0.0,-0.9476062252237717,36.156830147991315,51.290673697431494
2025-09-26,KZTK,39724.97,40.0,-1.3290412093572235,-2.2380371807444353,0.9997712660123236,0.0006313492063492063,37788.99,0.0,0.019788095238095237,-0.06852268207352905,0.0,-1.1573388697252602,33.305424929259175,50.83717745754558
2025-09-29,KZTK,39499.97,740.0,-1.8342258963392464,0.6797236183183433,-0.3751874988275318,0.0006246031746031746,37002.0,0.0,0.019838095238095238,-0.08307789010376225,0.0,-1.4194102054359379,29.9087659653014,49.51018824722862
2025-09-30,KZTK,39200.0,220.0,-2.3190924653505878,-0.5332976745586872,-0.9999999966666667,0.000623015873015873,37700.0,0.0,0.01988968253968254,-0.05815498866213152,0.0,-0.970665120032367,35.83807542491846,51.16266713895835
2025-10-01,KZTK,39300.0,120.0,-1.7346765054542597,-1.011598856758762,-0.801953102788372,0.0006293650793650793,37699.99,0.0,0.019934920634920635,-0.06064764328123112,0.0,-1.0155461910645311,35.22125705473624,49.23221717777278
2025-10-02,KZTK,39210.1,330.0,-1.9039848147096208,0.0,-0.9482051257738405,0.0006242063492063491,37400.0,0.0,0.01998531746031746,-0.06614944354007748,0.0,-1.114607924820192,33.87734879966492,50.0795900828554
2025-10-03,KZTK,39500.0,1490.0,-0.9719299663234635,1.553957815057564,0.5424164510477726,0.0006238095238095239,37496.0,0.0,0.020036111111111112,-0.07077028832630099,0.0,-1.197807763855259,32.76826958730802,50.07976603452086
2025-10-06,KZTK,39301.1,110.0,-1.2324372786667397,-1.0520897053632834,-0.999312711342578,0.0006174603174603175,37374.99,0.0,0.02009325396825397,-0.06910231478334568,0.0,-1.167775348418503,33.166475892603685,51.676635282230095
2025-10-07,KZTK,39592.0,460.0,-0.39412307531015167,0.5705441720136116,0.9999999965753424,0.0006158730158730159,36995.0,0.0,0.02015198412698413,-0.08574604353292473,0.0,-1.4674511906014678,29.308024482309435,48.92879586047637
2025-10-08,KZTK,39691.98,110.0,-0.07126741560944165,-0.9162884491529618,0.9928917349284457,0.0006162698412698412,37850.0,0.0,0.020210317460317463,-0.06661717345490385,0.0,-1.1230295566701647,33.764251408003375,47.29874055934392
2025-10-09,KZTK,39698.0,150.0,0.017685742723428453,-0.312373980328308,0.9865771745867304,0.0006186507936507937,38770.0,0.0,0.020268253968253967,-0.04364474648676875,0.0,-0.7094034094141503,39.51674495439023,46.826401771408406
2025-10-10,KZTK,39700.0,150.0,0.11828980084302163,-0.12516286256247813,0.9999999800000005,0.0006376984126984128,38800.0,0.0,0.02031111111111111,-0.042981136300027985,0.0,-0.6974548884676188,39.68822215197644,46.98044939029316
2025-10-13,KZTK,39501.12,170.0,-0.37238519105882484,0.0,-0.9900444400442237,0.000673015873015873,39490.0,0.0,0.020326190476190477,-0.020607701481448117,0.0,-0.29461379302179386,45.59226451634052,49.639050778322016
2025-10-14,KZTK,39360.36,970.0,-0.698088868996161,1.6843375804316276,-0.6987326724860394,0.0006686507936507936,39800.0,0.0,0.02035595238095238,-0.009186339094895054,0.0,-0.08896838485845214,48.66579103494635,54.391621593371354
2025-10-15,KZTK,39340.0,120.0,-0.6515042674837014,-0.535516831786963,-0.5122478117277789,0.0006753968253968253,40400.01,0.0,0.0203734126984127,0.006571427159238599,0.0,0.19475540950158524,52.91801152154195,46.19315542301402
2025-10-16,KZTK,39449.99,220.0,-0.35711592671293635,0.07061743068428392,0.5659285658592708,0.0006773809523809523,40300.0,0.0,0.020391269841269842,0.0011552501958709029,0.0,0.09723535150675403,51.45811671378425,44.73269545403588
2025-10-17,KZTK,39272.0,300.0,-0.7717454059383754,0.3807718745432081,-0.9903002760543416,0.0006750000000000001,40249.95,0.0,0.0203984126984127,0.004503553078731248,0.0,0.157522652591867,52.36108245697633,50.52196407202345
2025-10-20,KZTK,39270.0,320.0,-0.7509471248184398,0.37469286563551274,-0.9999999956521739,0.0006746031746031747,40430.0,0.0,0.020400396825396825,0.00913869153722095,0.0,0.24097985392469232,53.60841364107243,50.61275800530009
2025-10-21,KZTK,39324.99,840.0,-0.570038148490926,1.172719152077576,-0.666696970431577,0.0006793650793650794,40299.0,0.0,0.0203984126984127,0.004369807204504049,0.0,0.15511451388084974,52.325039701042165,51.49632876432058
2025-10-22,KZTK,39112.01,60.0,-0.9361648304212433,-1.4663316393298311,-0.9999999952825739,0.0006813492063492064,40050.01,0.0,0.0203984126984127,0.0035839906605555534,0.0,0.14096562704471763,52.113224779631,52.532521700769564
2025-10-23,KZTK,39111.98,680.0,-0.8891538534152187,1.1284640141855993,0.10653924598618804,0.0006773809523809523,40221.1,0.0,0.020398015873015873,0.007959535956372343,0.0,0.21974876760549916,53.291464597612894,49.19644181756171
2025-10-24,KZTK,38999.9,130.0,-0.9966246429484618,-0.5260919000953638,-0.22370238999008332,0.0006750000000000001,40138.99,0.0,0.020403968253968254,0.008803542534520856,0.0,0.23494538525771938,53.51835637973599,47.434834359524444
2025-10-28,KZTK,38620.02,340.0,-1.9401446588662208,0.4353174544138136,-0.9999459403212729,0.0006797619047619047,40251.0,0.0,0.020401587301587303,0.0218298771046974,0.0,0.46948884854105716,56.99613122493107,51.60187777666015
2025-10-29,KZTK,38510.01,110.0,-2.1016558122561384,-0.693145523745881,-0.9999411683385439,0.0006817460317460318,40279.0,0.0,0.020396825396825396,0.025539023490256118,0.0,0.5362732562658179,57.975408094220136,51.35890262491157
2025-10-30,KZTK,38800.0,120.0,-1.3431987292067273,-0.48550666514345553,0.9999999965517241,0.0006972222222222222,40700.01,0.0,0.02037579365079365,0.02859353624611362,0.0,0.5912707689231518,58.77719850002485,47.79243231907833
2025-10-31,KZTK,38520.0,140.0,-2.034339089137288,-0.3313564126959623,-0.8951511311525051,0.0006876984126984126,41390.0,0.0,0.02036309523809524,0.05414365450229937,0.0,1.0513091005674635,65.26675416017133,49.380419806653244
2025-11-03,KZTK,38499.92,610.0,-2.05841310977522,1.3382835305115712,-0.04638172336999498,0.0006761904761904762,41390.0,0.0,0.02036190476190476,0.05470526420883601,0.0,1.0614210691243142,65.40416498007333,50.21660064927217
2025-11-04,KZTK,38399.86,690.0,-1.9954679597480904,1.4615163157378261,-0.22031831142046168,0.0006753968253968253,41661.99,0.0,0.020361507936507938,0.06459010386624335,0.0,1.2394008772398508,67.77914256046513,51.48856358619045
2025-11-05,KZTK,38469.97,160.0,-1.609104402830572,-0.19782536809024928,0.8823813331124115,0.0006757936507936508,42000.0,0.0,0.02036031746031746,0.07140034676687063,0.0,1.3620215536172915,69.36444029031983,46.63037700749301
2025-11-06,KZTK,38386.0,70.0,-1.6950492968168296,-0.8574476039376852,0.5392771588598297,0.0006761904761904762,42000.0,0.0,0.02035873015873016,0.07379017829747783,0.0,1.4050512609254109,69.91031441607333,44.81416598556817
2025-11-07,KZTK,38250.0,130.0,-1.9970236412859923,-0.23841050538086114,0.2521122461782606,0.0006746031746031747,42718.0,0.0,0.02035873015873016,0.0964517273576097,0.0,1.813079948603787,74.79762635972673,45.5020777148418
2025-11-10,KZTK,37788.99,1800.0,-3.0991328980000175,2.389594727637015,-0.4030282273407437,0.0006753968253968253,42571.0,0.0,0.02035873015873016,0.10618632965895755,0.0,1.9883546834222348,76.72794698187424,56.11914408294367
2025-11-11,KZTK,37002.0,1670.0,-4.416641734875534,2.1475775396174286,-0.7232152773978546,0.0006746031746031747,42546.25,0.0,0.020359920634920637,0.1294765746896564,0.0,2.4077032500346784,80.91693666591563,61.59432746878736
2025-11-12,KZTK,37700.0,5600.0,-1.8137441523465045,3.069838507275305,0.006510407274272328,0.0006746031746031747,42550.0,0.0,0.02036230158730159,0.1082849132668098,0.0,2.0261403755310656,77.1303161607558,50.404108130679454
2025-11-13,KZTK,37699.99,100.0,-0.9296380738136845,-0.9555071035101799,0.7538385773290284,0.0006746031746031747,42900.0,0.0,0.02036309523809524,0.1175682410832142,0.0,2.193289763958337,78.85110815809588,45.589538133380245
2025-11-14,KZTK,37400.0,630.0,-1.6831809898924517,0.8850365970116801,-0.9999999966101695,0.0006746031746031747,42610.0,0.0,0.02036626984126984,0.11893854299295477,0.0,2.217962503163896,79.09692136353509,53.42326701837713
2025-11-17,KZTK,37496.0,1430.0,-1.303145189216247,1.5288555940606972,0.8969581158427797,0.0006746031746031747,43280.0,0.0,0.02036626984126984,0.13389018418049248,0.0,2.487171749019107,81.64236960877425,53.17757147197178
2025-11-18,KZTK,37374.99,100.0,-1.4403763621984889,-1.1939170216819857,0.3580371343288032,0.0006746031746031747,43390.0,0.0,0.02036626984126984,0.1405704956267611,0.0,2.6074529665771427,82.6994088143473,46.26558999132863
2025-11-19,KZTK,36995.0,390.0,-2.361184989544732,0.4446847149052691,-0.7631828208525876,0.0006746031746031747,,0.0,,,0.0,,,49.17122555186789
2025-11-20,KZTK,37850.0,3530.0,0.17009759526176527,2.6475894519675665,0.256578578061647,0.0006746031746031747,,0.0,,,0.0,,,50.14872745724699
2025-11-21,KZTK,38770.0,2670.0,2.583180265156584,1.989934218288483,0.16571428561959184,0.0006765873015873017,,0.0,,,0.0,,,52.467703587670414
2025-11-24,KZTK,38800.0,780.0,2.4355537006500354,0.7593950778182866,0.041082754502000426,0.0006805555555555554,,0.0,,,0.0,,,50.357447531156296
2025-11-25,KZTK,39490.0,1220.0,4.182331120625056,0.8919967958315475,0.9717912539184891,0.0006880952380952381,,0.0,,,0.0,,,46.21562844223524
2025-11-26,KZTK,39800.0,1140.0,4.787216741230564,0.6090632559085152,0.3634555206362942,0.0006984126984126985,,0.0,,,0.0,,,45.804086458978276
2025-11-27,KZTK,40400.01,2620.0,6.121990422175191,1.378688459376618,0.2933376679813199,0.0006928571428571428,,0.0,,,0.0,,,49.775189685865236
2025-11-28,KZTK,40300.0,220.0,5.206521624045409,-1.2062388952999825,-0.4999999975,0.0006952380952380952,,0.0,,,0.0,,,40.12974094453548
2025-12-01,KZTK,40249.95,760.0,5.0320131345850685,0.03344787687107507,-0.39740518882754616,0.0006821428571428573,,0.0,,,0.0,,,37.68810270526843
2025-12-02,KZTK,40430.0,1060.0,5.356767379101942,0.31963321551437107,0.051005621206416156,0.0006765873015873017,,0.0,,,0.0,,,47.07196332553581
2025-12-03,KZTK,40299.0,260.0,4.789086762013403,-1.2636884410458198,-0.4480459336024354,0.0006773809523809523,,0.0,,,0.0,,,41.038148922457204
2025-12-04,KZTK,40050.01,270.0,4.092343008457785,-1.22594828573339,-0.99999999599984,0.0006813492063492064,,0.0,,,0.0,,,47.90553399715648
2025-12-05,KZTK,40221.1,2920.0,4.492604343202189,1.1549642432368439,-0.35554013353345354,0.0006769841269841269,,0.0,,,0.0,,,45.739752122057155
2025-12-08,KZTK,40138.99,260.0,3.8095250722302874,-1.4423795440794953,0.25179142705035856,0.0006809523809523809,,0.0,,,0.0,,,50.78070419168368
2025-12-09,KZTK,40251.0,1280.0,3.9084236803790793,0.3302412645375621,0.001996007980047888,0.0006773809523809523,,0.0,,,0.0,,,48.97573408715733
2025-12-10,KZTK,40279.0,150.0,3.5063944926000747,-1.81373077642174,-0.5082644617597841,0.0006769841269841269,,0.0,,,0.0,,,46.013462525741026
2025-12-11,KZTK,40700.01,2160.0,3.731232231733239,1.0314720752944382,0.4569801318450648,0.0006761904761904762,,0.0,,,0.0,,,47.423783577967626
2025-12-12,KZTK,41390.0,1010.0,5.117324775541761,0.0933318242897794,0.9710430571877288,0.0006750000000000001,,0.0,,,0.0,,,51.988272417007046
2025-12-15,KZTK,41390.0,480.0,4.757242822258471,-0.7683692483731005,0.6585770368580364,0.0006750000000000001,,0.0,,,0.0,,,48.228070987815634
2025-12-17,KZTK,41661.99,1270.0,5.013762380847806,0.3499480771549811,0.6411659165506124,0.0006750000000000001,,0.0,,,0.0,,,45.76741334984172
2025-12-18,KZTK,42000.0,1980.0,5.565823183972183,0.6486948542544405,0.5547424822451064,0.0006746031746031747,,0.0,,,0.0,,,45.67070875069821
2025-12-19,KZTK,42000.0,70.0,5.0110939946160205,-2.754552800545744,-0.9999999966666667,0.0006746031746031747,,0.0,,,0.0,,,50.359839352182306
2025-12-22,KZTK,42718.0,2350.0,5.901606543102722,0.8200132910434909,0.9729339823137582,0.0006746031746031747,,0.0,,,0.0,,,51.018093594729734
2025-12-23,KZTK,42571.0,1780.0,4.4001325335809875,0.5422114875056241,0.5669172923805755,0.0006753968253968253,,0.0,,,0.0,,,44.23046506076956
2025-12-24,KZTK,42546.25,3600.0,3.821067145194394,1.1856229314410744,0.5866290007784765,0.0006757936507936508,,0.0,,,0.0,,,46.88430410615627
2025-12-25,KZTK,42550.0,1630.0,3.09868744840274,0.393269456063238,-0.287171817965184,0.0006769841269841269,,0.0,,,0.0,,,45.72709244728228
2025-12-26,KZTK,42900.0,100.0,3.585419104918161,-2.4552942365556545,0.46947368322216065,0.0006753968253968253,,0.0,,,0.0,,,54.74867661225905
2025-12-29,KZTK,42610.0,1410.0,2.5905782170949303,0.3091879743273769,-0.3220338977592646,0.0006777777777777777,,0.0,,,0.0,,,45.6063063524636
2025-12-30,KZTK,43280.0,810.0,4.023083831629559,-0.36344165184740657,0.7079959505212571,0.0006746031746031747,,0.0,,,0.0,,,45.83583368859965
2025-12-31,KZTK,43390.0,2040.0,4.047300517898323,0.5602282633838667,0.69499999982625,0.0006746031746031747,,0.0,,,0.0,,,44.1267213029808
2025-01-05,KZTO,819.63,2870.0,0.011150191870528296,-2.5537470158637263,-0.340852087612523,0.0005726190476190476,799.01,0.0,0.01756706349206349,-0.042724756597489116,0.0,-0.6928386871083593,39.754538949888826,51.21393777712593
2025-01-06,KZTO,823.0,10320.0,0.4291399687710678,-1.0337259878630527,0.5423339720059566,0.0005674603174603176,807.5,0.0,0.01759920634920635,-0.0364327421936778,0.0,-0.579548886255459,41.39331603001012,45.18933784425662
2025-01-08,KZTO,825.0,55860.0,0.6640524784255003,0.655034779146334,0.030927831863105288,0.0005678571428571428,803.78,0.0,0.017623015873015874,-0.04334422799422803,0.0,-0.7039924745389966,39.594367401585274,49.2521896864507
2025-01-09,KZTO,824.99,53340.0,0.6271941070320021,0.33006198676120796,-0.33889810702869155,0.0005825396825396825,801.98,0.0,0.017628571428571427,-0.04551981859520374,0.0,-0.7431647030343227,39.03362991911243,47.32888900102233
2025-01-10,KZTO,828.5,6140.0,0.8902177405946607,-1.8317933610122128,0.9999998175182815,0.0006321428571428572,797.0,0.0,0.01758214285714286,-0.05560266186740236,0.0,-0.9247096317373567,36.47455178062794,47.99296699521873
2025-01-13,KZTO,830.0,37090.0,1.0461640879408527,-0.03327671151251092,0.16527544530255175,0.0005884920634920634,801.5,0.0,0.017590873015873015,-0.05192822241346337,0.0,-0.8585501337980904,37.39916870915445,47.6705823356536
2025-01-14,KZTO,832.0,19470.0,1.2422782505991858,-0.705777760458423,0.33333322222225925,0.0005805555555555556,799.0,0.0,0.01763412698412698,-0.05729758852258852,0.0,-0.9552273468764064,36.051343047156024,46.26999977188526
2025-01-15,KZTO,835.0,286730.0,1.5653784147448009,1.9838862767956222,-0.603849226065573,0.0005857142857142858,801.43,0.0,0.017671825396825398,-0.05787541821119671,0.0,-0.9656313615763191,35.907554039943754,51.94257019557861
2025-01-16,KZTO,843.0,20770.0,2.1132261648070134,-0.7355649158616941,0.4214581848572511,0.0005837301587301588,800.89,0.0,0.017686507936507938,-0.06763905835169182,0.0,-1.1414289322948563,33.517805398824905,45.397976920022586
2025-01-17,KZTO,839.99,4480.0,1.7073224229781847,-2.2694412642379556,-0.367132802948793,0.0005948412698412699,817.0,0.0,0.017675396825396823,-0.04504477027031879,0.0,-0.7346113007901829,39.15582759902014,50.83490766885565
2025-01-20,KZTO,834.0,142970.0,0.916683671214474,1.2879800466347535,-0.557267228490715,0.0005884920634920634,810.0,0.0,0.01766388888888889,-0.04644086730615508,0.0,-0.7597484897745901,38.79709949147659,50.035999044604935
2025-01-21,KZTO,835.06,7490.0,0.911101642684299,-1.7555003531144167,0.21833531745049892,0.0005857142857142858,817.0,0.0,0.017654761904761902,-0.039281950370261325,0.0,-0.6308498220444931,40.64863429138082,50.690690774870674
2025-01-22,KZTO,830.0,18030.0,0.16162365264293668,-0.7826150168231584,-0.8176845198099805,0.0005888888888888889,814.0,0.0,0.01764880952380952,-0.03692591795754446,0.0,-0.5884286790353496,41.26412530914044,47.65506044307801
2025-01-23,KZTO,828.53,13540.0,-0.051444652179884545,-0.759228695464806,-0.7349998162500595,0.0005944444444444445,811.98,0.0,0.017626587301587303,-0.037601723989456125,0.0,-0.6005967902087894,41.08728890573534,46.98436850991025
2025-01-24,KZTO,830.81,283760.0,0.17252043343233484,2.6464119963705337,-0.4853272589924157,0.0005976190476190477,804.5,0.0,0.01761031746031746,-0.04927820783236396,0.0,-0.8108357445925953,38.07180830147816,53.28069898718794
2025-01-27,KZTO,835.99,316190.0,0.7461095718246727,2.3914620750555646,0.1979999802000038,0.000594047619047619,804.89,0.0,0.01763452380952381,-0.05483592574016894,0.0,-0.9109042941163267,36.66669290541943,50.553368274410495
2025-01-28,KZTO,844.0,18200.0,1.5111112632491563,-0.4634560072150822,0.05871029271315898,0.000588095238095238,802.83,0.0,0.01766190476190476,-0.06644152561498529,0.0,-1.1198669592049455,33.80670148010525,48.61422931656706
2025-01-29,KZTO,850.03,228120.0,2.1739770702249244,2.4281541465405327,-0.13672153638357493,0.0005738095238095239,799.99,0.0,0.017717063492063492,-0.07658557401522145,0.0,-1.3025139064860596,31.399489450095952,51.43425714710723
2025-01-30,KZTO,848.0,97540.0,1.5383519870611413,1.5785450647130943,-0.5448915986925948,0.0005718253968253969,801.0,0.0,0.017765873015873016,-0.0731904013177598,0.0,-1.241382698883667,32.194894304896884,50.5724094417056
2025-01-31,KZTO,842.5,145940.0,0.7427376312631228,1.9814777274763797,-0.36487712785467336,0.0005785714285714286,808.0,0.0,0.01780753968253968,-0.05875709457868211,0.0,-0.9815062362473984,35.688642636644296,51.556889215254365
2025-02-03,KZTO,844.0,113050.0,0.8454902649640192,1.362948804950493,-0.7837837731921112,0.0005801587301587301,802.53,0.0,0.017851190476190475,-0.0669862615662379,0.0,-1.1296751102157634,33.6751365023319,51.03321934057931
2025-02-04,KZTO,844.0,51900.0,0.7910386883733522,0.13788963233732182,0.15611813248114562,0.0005865079365079364,804.15,0.0,0.017901984126984127,-0.06511762393741069,0.0,-1.0960296715295714,34.12749419245367,47.83397993392184
2025-02-05,KZTO,840.0,30440.0,0.2826687249442621,-0.547337412855925,0.0,0.000588095238095238,808.88,0.0,0.017951587301587302,-0.05499920634920635,0.0,-0.9138442154982269,36.625739631041796,48.24481672132583
2025-02-06,KZTO,837.0,37670.0,-0.12441332720100039,-0.1665124157557007,-0.12994347835340553,0.0005869047619047619,810.0,0.0,0.017990873015873016,-0.05024893753200205,0.0,-0.8283140539695382,37.82486589358002,47.96018541140587
2025-02-07,KZTO,834.6,115740.0,-0.4523143714721592,1.130208792007247,-0.19999995000000112,0.000590079365079365,808.28,0.0,0.01802857142857143,-0.04956463660949648,0.0,-0.8159929894806914,37.99887929560708,50.135724787729345
2025-02-10,KZTO,820.0,346770.0,-2.1715587785420327,2.0467865401128162,-0.6527011768080961,0.0005825396825396825,807.99,0.0,0.018087698412698413,-0.032734039876113036,0.0,-0.5129525274300161,42.36587794114388,57.28745703284246
2025-02-11,KZTO,821.0,204460.0,-1.7459115397226233,1.006623587296823,0.37952426271724016,0.0005805555555555556,803.9,0.0,0.01816825396825397,-0.03899651218993487,0.0,-0.6257104131795976,40.72305023677728,48.23439433953054
2025-02-12,KZTO,817.99,69660.0,-1.9685466196832881,-0.41313906634324415,0.3303571305670709,0.0005801587301587301,804.0,0.0,0.018255555555555556,-0.035358454123997726,0.0,-0.5602059741669265,41.67514109629772,44.90220238036169
2025-02-13,KZTO,805.99,85910.0,-3.339642544543752,0.027256680106644286,-0.3340744672554486,0.0005805555555555556,806.0,0.0,0.018310714285714284,-0.018298307183889213,0.0,-0.25303238470480205,46.21178768863042,46.9075770833266
2025-02-14,KZTO,816.96,55030.0,-1.8937270644295192,-0.5109156315687967,0.6959999652000053,0.0005853174603174603,810.9,0.0,0.018349603174603175,-0.025767347005390556,0.0,-0.3875149175845287,44.21332196119372,44.97741460035677
2025-02-17,KZTO,799.01,388020.0,-4.005724827272827,1.4422609227718428,-0.4113712221712687,0.0005813492063492063,808.89,0.0,0.018396825396825398,-0.006031523335524543,0.0,-0.032164883440817006,49.51754172254138,54.27131566368784
2025-02-18,KZTO,807.5,34360.0,-2.397830508350013,-0.9818994819517388,0.7573221123579756,0.0005996031746031746,800.02,0.0,0.018438492063492063,-0.02770164995822893,0.0,-0.4223426821528198,43.6985440862911,46.16881197038579
2025-02-19,KZTO,803.78,26350.0,-2.8147397564323433,-1.2473231054819067,-0.0439999956000059,0.0005916666666666667,800.0,0.0,0.01851468253968254,-0.02321746190717112,0.0,-0.34160339284293334,44.89381227631246,47.993265411250135
2025-02-20,KZTO,801.98,18770.0,-3.0030245002393094,-1.5865294782636266,0.3784721565152622,0.000588095238095238,800.0,0.0,0.018585714285714285,-0.021054603784205542,0.0,-0.30266041682631384,45.47252885734098,46.78341590497561
2025-02-21,KZTO,797.0,22280.0,-3.5839508619110796,-1.4151010223175735,0.08539944119380258,0.0005857142857142858,801.0,0.0,0.01863095238095238,-0.013612131803788015,0.0,-0.16865624671442409,47.47231292766106,47.517330114678785
2025-02-24,KZTO,801.5,6830.0,-2.94943871678097,-2.4326078675399083,0.8681317727327676,0.0005972222222222222,801.0,0.0,0.018665079365079367,-0.019288909683232828,0.0,-0.2708685104147248,45.945891884930965,51.19336070031712
2025-02-25,KZTO,799.0,19370.0,-3.0635296796806553,-1.1689542677326912,0.48936166047985874,0.0006238095238095239,800.0,0.0,0.01866626984126984,-0.01741470538570038,0.0,-0.23712284201694026,46.44914499356702,45.25754157115958
2025-02-26,KZTO,801.43,14680.0,-2.720987349647735,-1.4461919895356727,0.989451372420727,0.0006234126984126985,803.96,0.0,0.018663492063492063,-0.015506634945590203,0.0,-0.20276740251851055,46.96223493488026,50.028105123003506
2025-02-27,KZTO,800.89,2880.0,-2.39037769054923,-2.853475959039239,0.9038460748386185,0.0005984126984126983,801.5,0.0,0.018685714285714285,-0.017924061624300092,0.0,-0.24629396959719335,46.31229897268629,52.10016258426725
2025-02-28,KZTO,817.0,366080.0,-0.24094948472525496,2.1009768727635056,0.19627824111036277,0.0005837301587301588,798.55,0.0,0.018717460317460317,-0.04130007965650566,0.0,-0.6671869074770272,40.12373461312878,49.940027904794086
2025-03-03,KZTO,810.0,5620.0,-0.8453812203658762,-2.075525957726535,-0.5037593606196021,0.000576984126984127,809.98,0.0,0.018760714285714287,-0.018785405643738956,0.0,-0.2618027536153858,46.08101368360951,50.34928911453967
2025-03-04,KZTO,817.0,9540.0,0.21147846213302882,-1.3284347017810625,-0.24487593069708963,0.0005765873015873015,814.0,0.0,0.01881666666666667,-0.022488637290901677,0.0,-0.32848066451862407,45.08867763323433,48.56772410641027
2025-03-05,KZTO,814.0,5540.0,-0.05935176573563512,-1.7661500021009517,-0.0012515642989269831,0.0005829365079365079,814.0,0.0,0.0188734126984127,-0.0188734126984127,0.0,-0.26338734974911354,46.05739164522023,50.26345751952827
2025-03-06,KZTO,811.98,38860.0,-0.25536202672530145,0.2470035336401262,-0.04121648494531762,0.0005722222222222222,812.0,0.0,0.018936507936507935,-0.018911876787957502,0.0,-0.2640799084059849,46.047068026104874,48.43310199201513
2025-03-07,KZTO,804.5,60450.0,-1.1117174083498997,0.6888538222637409,0.4241724240118379,0.0005813492063492063,814.0,0.0,0.01899365079365079,-0.007185074037901879,0.0,-0.05293494545257758,49.20604255973481,47.069609450484606
2025-03-11,KZTO,804.89,15220.0,-0.8596756318876457,-0.6903479781729127,0.6552300706920358,0.0006182539682539682,816.99,0.0,0.01900436507936508,-0.003971254964939478,0.0,0.004930930145643891,50.073963898233764,44.69794280582987
2025-03-12,KZTO,802.83,17110.0,-0.8670257247065943,-0.3514291004445159,0.6936291557888963,0.0006154761904761904,814.01,0.0,0.01901309523809524,-0.0050873575352192255,0.0,-0.015164865859179524,49.77252858147975,44.69482646361376
2025-03-13,KZTO,799.99,22090.0,-0.9853428870182704,0.05897065578678191,0.1766784348245914,0.000628968253968254,818.5,0.0,0.0190031746031746,0.004134614619190666,0.0,0.15087979357631703,52.261652538506645,46.83451470153069
2025-03-14,KZTO,801.0,27360.0,-0.7718706305107825,0.2774994561736161,0.7777777345679036,0.0006206349206349206,828.99,0.0,0.01899920634920635,0.015944613875512763,0.0,0.3635227371479627,55.43132581821235,46.1831807486546
2025-03-17,KZTO,808.0,136530.0,0.10214138058397403,1.884960078473206,-0.04509283580409474,0.0006202380952380952,829.18,0.0,0.018999603174603176,0.007213268112525473,0.0,0.20631196819812286,53.09073385241675,50.363584411786384
2025-03-18,KZTO,802.53,5880.0,-0.5331373800086828,-1.260017623753315,-0.9969134264022518,0.0006238095238095239,853.2,0.0,0.019001984126984128,0.04413584249631976,0.0,0.8711151346344042,62.77716745638329,51.6206651475573
2025-03-19,KZTO,804.15,12400.0,-0.7648866585016332,-0.4304187400368113,-0.7889907739848753,0.0006373015873015873,854.95,0.0,0.018990873015873013,0.044181420710421915,0.0,0.8719357854574119,62.788672637599085,47.611719515261534
2025-03-20,KZTO,808.88,55660.0,-0.18429025391943538,1.13222732454852,-0.47466957738603754,0.0006376984126984128,854.9,0.0,0.018980555555555553,0.03791292679040427,0.0,0.7590694786962184,61.193226216563865,50.4125673285127
2025-03-26,KZTO,810.0,41880.0,-0.0590290718925235,0.8477741542201209,-0.7181112954114672,0.0006261904761904761,857.53,0.0,0.01897420634920635,0.039704805996472636,0.0,0.7913328565875616,61.65191533408573,49.26532339864572
2025-03-27,KZTO,808.28,350840.0,-0.29061107384675855,2.9567109913045875,-0.4677520057763312,0.0006277777777777778,859.99,0.0,0.01896269841269841,0.045012656662275656,0.0,0.8869024637584404,62.99824391247818,53.702742947540514
2025-03-28,KZTO,807.99,14800.0,-0.27345233408717196,-0.20898902985605583,-0.45636359487603523,0.0006416666666666667,862.0,0.0,0.018943650793650794,0.047901235900491446,0.0,0.9389122885368235,63.722670350416855,46.13196579801054
2025-03-31,KZTO,803.9,1090000.0,-0.78093339569924,4.090312694727633,0.356211110651992,0.0006611111111111111,863.0,0.0,0.018907539682539682,0.05460906686056273,1.0,1.0596890040448295,65.38064623362949,49.28205350559719
2025-04-01,KZTO,804.0,7100.0,-0.41061429561567486,-1.0154244820186649,0.33333329629630043,0.0006674603174603175,854.5,0.0,0.018874603174603176,0.04393634209902867,1.0,0.8675230639828349,62.72679110621917,46.41137713645066
2025-04-02,KZTO,806.0,39950.0,-0.16627988760994528,0.7120961356403267,-0.13936780607989516,0.0006357142857142858,855.0,0.0,0.018866666666666667,0.04192737799834574,1.0,0.8313510007483432,62.21797772071379,49.26693199252573
2025-04-03,KZTO,810.9,39640.0,0.44252677726300843,0.4720220644749035,0.38823524844290663,0.0006242063492063491,866.5,0.0,0.01886190476190476,0.049703886334408004,1.0,0.9713696059488904,64.17164353126812,46.5510924255021
2025-04-04,KZTO,808.89,36700.0,0.4053146946857908,0.39496056019171627,0.4949494532870829,0.0006285714285714285,865.0,0.0,0.01885436507936508,0.050512297878515494,1.0,0.9859253232377204,64.37218997862591,45.64021783475014
2025-04-07,KZTO,800.02,80000.0,-0.7014844671372242,0.915351773196158,0.3336116770934579,0.0006412698412698412,864.99,0.0,0.018837301587301587,0.06237316815095499,1.0,1.199484216283613,67.25388659734239,48.106217461684196
2025-04-08,KZTO,800.0,2810.0,-0.6710470512714157,-2.598560824896465,0.9969230002366951,0.0006678571428571428,880.0,0.0,0.01880436507936508,0.08119563492063492,1.0,1.538388957284476,71.565977325724,51.72325994719199
2025-04-09,KZTO,800.0,59690.0,-0.6673501975431112,0.4573836222427748,-0.1666666597222225,0.0006591269841269841,898.95,0.0,0.018780555555555557,0.10490694444444451,1.0,1.965318929391136,76.48023765648915,48.75590916677698
2025-04-10,KZTO,801.0,32890.0,-0.509471541493776,-0.1488807615614789,-0.12499999218750048,0.0006309523809523809,895.79,0.0,0.01877222222222222,0.0995673533083645,1.0,1.8691778245525978,75.42680858878708,47.92892022272485
2025-04-11,KZTO,801.0,2860.0,-0.5036413655284174,-2.498618562236688,0.9999998546511839,0.0006313492063492063,878.0,0.0,0.0187531746031746,0.0773766630996968,1.0,1.469627106263467,70.71901713141044,51.28084255167103
2025-04-14,KZTO,800.0,47630.0,-0.6273160510543541,0.31398831255597925,-0.4974874059367195,0.000625,878.98,0.0,0.018741666666666667,0.07998333333333335,1.0,1.5165610661537983,71.29871970985684,47.31907031409615
2025-04-15,KZTO,803.96,41730.0,-0.12349304200345278,0.08917019242105828,-0.10399999479999662,0.0006206349206349206,799.99,0.0,0.018732936507936507,-0.023670993127668866,1.0,-0.3497693725043339,44.77263061832872,48.25964190950219
2025-04-16,KZTO,801.5,3160.0,-0.4330663138627468,-2.533138276072517,0.0,0.0006206349206349206,807.0,0.0,0.018727380952380954,-0.011865247452692868,1.0,-0.13720301607198643,47.94311623233818,51.25361981126661
2025-04-17,KZTO,798.55,12620.0,-0.8052794850936688,-1.1484527317547044,-0.27142853265307976,0.0006154761904761904,807.0,0.0,0.01871388888888889,-0.008132209595168966,1.0,-0.06998843449076109,48.95032772894538,47.98108324110908
2025-04-18,KZTO,809.98,49250.0,0.6453112946171734,0.2548589178733156,0.8365383945081447,0.0006202380952380952,808.0,0.0,0.018687698412698413,-0.021132203215286152,1.0,-0.304057620254217,45.45174343525889,45.484754755821626
2025-04-21,KZTO,814.0,17490.0,1.1280995428937017,-0.8221087479398844,0.2727272479338866,0.0006325396825396825,810.0,0.0,0.018651984126984125,-0.023565989040989038,1.0,-0.3478787391864106,44.80068180471132,47.194639036718414
2025-04-22,KZTO,814.0,9790.0,1.1176638671756631,-1.4023720153229189,-0.32269095522337266,0.0006396825396825397,815.0,0.0,0.018605952380952383,-0.017377451152451154,1.0,-0.23645206722291312,46.45915601333841,48.070886883329955
2025-04-23,KZTO,812.0,13670.0,0.8772976742717646,-1.0268415656194343,-0.1999999583333515,0.0006353174603174604,812.88,0.0,0.018582142857142856,-0.01749839901477833,1.0,-0.23862977349585643,46.42665574645875,48.244903097873284
2025-04-24,KZTO,814.0,10690.0,1.133192575630171,-1.1801586462613087,0.8533005248654166,0.0006384920634920634,811.0,0.0,0.018568650793650793,-0.022254154479154478,1.0,-0.3242587239219565,45.15140348569403,45.635410300879
2025-04-25,KZTO,816.99,23910.0,1.5904400548573707,-0.052150137552832064,0.9244443759670846,0.000628968253968254,809.99,0.0,0.018556746031746032,-0.027124782360220062,1.0,-0.4119559902124249,43.85192957444189,45.4446491152113
2025-04-28,KZTO,814.01,8830.0,1.2005062346760462,-1.1682278032640336,0.0033333327777748385,0.0006242063492063491,810.84,0.0,0.018550396825396828,-0.022444697878209397,1.0,-0.3276895208571463,45.10043056246381,49.834532111202535
2025-04-29,KZTO,818.5,432980.0,1.623172584522389,3.0405565943565316,0.2867331973276457,0.000619047619047619,808.0,0.0,0.018551190476190475,-0.03137953500887221,1.0,-0.4885642192006125,42.72356768006136,51.401249193264476
2025-04-30,KZTO,828.99,23650.0,2.1810757225541355,-0.18302568854824083,0.5516542503947234,0.0006166666666666666,807.89,0.0,0.018556349206349205,-0.04400900846641268,1.0,-0.7159620668620968,39.42272872417996,43.78742993713557
2025-05-02,KZTO,829.18,12400.0,2.1210167977501397,-0.6511465855079929,0.7822704848723815,0.0006206349206349206,805.61,0.0,0.018554365079365077,-0.04698003863637313,1.0,-0.7694564479428035,38.65888108586065,44.522439837363976
2025-05-05,KZTO,853.2,134640.0,5.043475936274211,1.878768945942296,0.8795986327893464,0.0006261904761904761,806.6,0.0,0.01854404761904762,-0.07316195666733644,1.0,-1.240870543542789,32.20160281559201,49.17397808452937
2025-05-06,KZTO,854.95,205400.0,4.547903678311842,2.301123361280569,0.799042985737523,0.0006261904761904761,805.0,0.0,0.01853373015873016,-0.07695819942593882,1.0,-1.3092231502772578,31.312843332889408,54.4407967817426
2025-05-08,KZTO,854.9,27870.0,3.5410810288742858,0.30371640813751033,0.07188352394144122,0.0006273809523809525,808.0,0.0,0.018521825396825398,-0.07338204296613172,1.0,-1.2448332701611302,32.149715843533166,49.12590784069771
2025-05-12,KZTO,857.53,15350.0,3.764435122968351,-0.4377280648812882,0.4153845662266753,0.0006198412698412699,808.48,0.0,0.018517460317460318,-0.07571662536124882,1.0,-1.2868681985073358,31.60204875514736,45.181698061669806
2025-05-13,KZTO,859.99,14830.0,3.833017871093731,-0.32718048739331906,0.9919996032001659,0.0006162698412698412,814.0,0.0,0.018517063492063494,-0.0719944295079474,1.0,-1.2198488307988677,32.477588492691524,49.2327238593391
2025-05-14,KZTO,862.0,31100.0,3.9210223512101954,0.6387061215032603,0.9999999375000038,0.0006226190476190475,810.0,0.0,0.018509920634920636,-0.07883474662099951,1.0,-1.3430110033201115,30.87848025304025,46.786862306705785
2025-05-15,KZTO,863.0,12570.0,3.9211494026876728,-0.4925189221451493,0.5873014319308496,0.000625,807.45,0.0,0.0185,-0.0828684820393974,0.0,-1.41563974396107,29.956212578089335,45.10214349641163
2025-05-16,KZTO,854.5,13000.0,2.688974110639688,-0.2335498638244592,-0.41666663194444736,0.0006345238095238095,807.48,0.0,0.018480555555555552,-0.07350688674338467,0.0,-1.2470811236711512,32.12030256360717,43.0570292574215
2025-05-19,KZTO,855.0,27560.0,2.5806447681359272,0.6023315643974517,0.9999997500000625,0.0006277777777777778,806.31,0.0,0.018469444444444445,-0.07541681286549715,0.0,-1.2814699753379255,31.672100492315835,46.314419935998856
2025-05-20,KZTO,866.5,28470.0,3.8815920025240542,0.5503493826469948,0.9999999200000065,0.0006194444444444444,808.9,0.0,0.01846587301587302,-0.08494019500087016,0.0,-1.4529416211925417,29.488718065489184,46.948787564198135
2025-05-21,KZTO,865.0,52570.0,3.5489389059310588,0.938310263696108,0.4306151029162924,0.000621031746031746,810.1,0.0,0.018460317460317458,-0.08192852555280297,0.0,-1.3987155164653142,30.16971250674415,47.342162950293364
2025-05-22,KZTO,864.99,81060.0,3.236983307033936,1.3713538918326402,0.9985703360564463,0.0006242063492063491,812.0,0.0,0.018451984126984126,-0.07971280795153703,0.0,-1.3588207880550243,30.67638499477957,48.25456075566529
2025-05-23,KZTO,880.0,164570.0,4.751354747404876,1.9344889971696055,0.9999999285714337,0.0006349206349206349,813.0,0.0,0.018432539682539682,-0.09456890331890333,0.0,-1.626309699809762,27.372876892628728,50.16940194675847
2025-05-26,KZTO,898.95,102060.0,6.359953038777371,1.3777070026430158,0.8950524290328665,0.0006353174603174604,814.99,0.0,0.018413492063492062,-0.11181134511427357,0.0,-1.9367655684473122,23.82932935557885,47.59615555711295
2025-05-27,KZTO,895.79,79960.0,5.465392411808258,1.0595510487801965,0.06013985172868526,0.0006226190476190475,814.94,0.0,0.01840793650793651,-0.10866346514746131,0.0,-1.880086948269174,24.45207453318141,50.83477042798738
2025-05-28,KZTO,878.0,104760.0,3.0385234412734703,1.313412500638858,-0.5612110328560311,0.0006123015873015872,812.1,0.0,0.01841111111111111,-0.09346805871931155,0.0,-1.6064886286147884,27.609939343743186,47.08063560125546
2025-05-29,KZTO,878.98,114070.0,2.880998598141984,1.3428054320789828,0.9985703360564463,0.0006134920634920636,814.0,0.0,0.01841309523809524,-0.09233969197522239,0.0,-1.5861720121033158,27.85424222703673,48.584772926644575
2025-05-30,KZTO,799.99,89180.0,-6.570553493277733,0.7569224241974281,0.4140773358226154,0.000611904761904762,812.9,0.0,0.018416666666666668,-0.0022789649453951906,0.0,0.035401171787715055,50.53099761289518,40.85326681354564
2025-06-02,KZTO,807.0,186760.0,-6.676637280297477,1.4960898221480803,0.40199995980000225,0.0006150793650793651,813.0,0.0,0.01841904761904762,-0.010984103381129404,0.0,-0.12133772556507486,48.18073758703202,51.6844986048067
2025-06-03,KZTO,807.0,380720.0,-5.955274308814327,1.748401408791042,-0.1758530068337963,0.000601984126984127,811.0,0.0,0.018440079365079364,-0.013483449873133886,0.0,-0.16633928598268413,47.506979730041664,55.448911288232786
2025-06-04,KZTO,808.0,10650.0,-4.70246996872615,-2.022813904456153,-0.5572858112029115,0.000594047619047619,810.0,0.0,0.018468253968253967,-0.015993006443501493,0.0,-0.21152468223890025,46.83138180023212,50.5267787731686
2025-06-05,KZTO,810.0,25330.0,-4.39267470118978,-0.9616702655112498,-0.33222031181630957,0.0005968253968253967,811.5,0.0,0.018492460317460317,-0.016640608465608466,0.0,-0.22318497088540964,46.6572192153069,45.602971309219434
2025-06-09,KZTO,815.0,98140.0,-3.6181955516047797,0.8526606495579379,0.0010010009007997995,0.0005936507936507937,809.55,0.0,0.018519444444444443,-0.025206561008861678,0.0,-0.377417780198866,44.362802313793594,49.56276049950204
2025-06-10,KZTO,812.88,88050.0,-3.641241590472842,0.2842426758042201,0.26209384389214047,0.0006115079365079366,811.0,0.0,0.018528174603174605,-0.02084093909485849,0.0,-0.2988133134104727,45.529768217576446,45.60078777475815
2025-06-11,KZTO,811.0,5330.0,-3.668677058147326,-2.7150152231732103,0.46586342263297115,0.000625,810.0,0.0,0.01852301587301587,-0.01975606149570391,0.0,-0.27927973334054373,45.82057891674756,49.347827106855064
2025-06-12,KZTO,809.99,20100.0,-3.7594517515223913,-1.387658419803024,0.37781222825351296,0.0006170634920634921,809.0,0.0,0.018526984126984128,-0.019749221438555887,0.0,-0.2791565758487788,45.82241337722298,45.78262234085002
2025-06-13,KZTO,810.84,18040.0,-3.5721347541284976,-1.4957862621577935,0.7595627031762044,0.0006178571428571429,807.8,0.0,0.018529761904761903,-0.022278960266954292,0.0,-0.32470536033749586,45.14476702528382,47.91831885417501
2025-06-16,KZTO,808.0,23320.0,-3.854414381541918,-1.2390674643167772,0.06363027035296524,0.0006198412698412699,805.92,0.0,0.01852857142857143,-0.021102828854314054,0.0,-0.30352872516734397,45.45961132868914,47.07202194634041
2025-06-17,KZTO,807.89,73070.0,-3.8043186317846187,-0.09696340696598865,0.6731215590145936,0.0006218253968253969,807.5,0.0,0.01852777777777778,-0.019010516764521007,0.0,-0.2658559538159009,46.020594974008986,44.301738196310026
2025-06-18,KZTO,805.61,91840.0,-3.895429282511361,0.13166639847226652,0.47706965592199835,0.0006186507936507937,806.11,0.0,0.018526984126984128,-0.017906336419036113,0.0,-0.2459748214125966,46.317060188219315,43.946674668251006
2025-06-19,KZTO,806.6,319010.0,-3.5354954672230847,1.3278194536182049,-0.13043476079685778,0.0006158730158730159,808.01,0.0,0.018527777777777775,-0.016779699424194872,0.0,-0.22568934960856513,46.61982332619653,51.67149246461975
2025-06-20,KZTO,805.0,77550.0,-3.1158837510490742,-0.1333780867511095,-0.3775933348828968,0.0006158730158730159,808.0,0.0,0.01852857142857143,-0.014801863354037267,0.0,-0.190077756861398,47.151919973898885,46.537942656637775
2025-06-23,KZTO,808.0,51880.0,-2.484599535938628,-0.5353669560427503,-0.2727272479338866,0.0006154761904761904,805.0,0.0,0.018528968253968253,-0.022241839541096965,0.0,-0.3240369893882265,45.154698248554226,47.01362424844178
2025-06-24,KZTO,808.48,63600.0,-1.8507207815367508,-0.27826247628689205,0.06001445697654241,0.0006154761904761904,807.0,0.0,0.018528968253968253,-0.020359563939699524,0.0,-0.29014599449421924,45.658768506477564,47.042690982981526
2025-06-25,KZTO,814.0,72370.0,-0.6377205576142605,-0.08454981125333269,0.799799719739768,0.0006158730158730159,807.88,0.0,0.018528571428571426,-0.02604699894699895,0.0,-0.3925501433071131,44.13881830362159,45.48024125910101
2025-06-26,KZTO,810.0,33410.0,-0.7143395894411282,-0.8127560782751196,0.0010010009007997995,0.0006154761904761904,805.0,0.0,0.018528571428571426,-0.024701410934744265,0.0,-0.368322386001592,44.4975401419644,48.031014809086045
2025-06-27,KZTO,807.45,17600.0,-0.5832387086472063,-1.4187135804807147,-0.5095094585075531,0.0006150793650793651,803.5,0.0,0.01852857142857143,-0.02342051520217976,0.0,-0.34525943459326996,44.83954969701854,48.03940618943264
2025-06-30,KZTO,807.48,60590.0,-0.036567010330079336,-0.11515707293042095,0.46133327182223527,0.0006150793650793651,809.0,0.0,0.01852857142857143,-0.01664617186449556,0.0,-0.22328514172284483,46.655723371714956,44.722538028199104
2025-07-01,KZTO,806.31,19750.0,-0.23005595321293387,-1.1455090141633857,-0.11950969157205164,0.0006166666666666666,805.98,0.0,0.018526984126984128,-0.018936255995124083,0.0,-0.26451886409610226,46.040524912774785,48.698537058323524
2025-07-02,KZTO,808.9,81480.0,0.07591282673604255,0.3708178254150742,0.07272726611569895,0.0006158730158730159,808.49,0.0,0.018526190476190474,-0.019033051645679866,0.0,-0.2662617018061128,46.01454736450772,48.37960647823694
2025-07-03,KZTO,810.1,148750.0,0.17090893543022648,0.9727270137170444,-0.22403000950812918,0.0006154761904761904,806.6,0.0,0.01852579365079365,-0.022846247915699218,0.0,-0.3349195621221728,44.99304431296171,49.74069848941907
2025-07-04,KZTO,812.0,69330.0,0.386794732562245,0.11021212582019321,-0.33444534324892783,0.0006158730158730159,808.0,0.0,0.018525,-0.023451108374384237,0.0,-0.3458102747795869,44.831375247779924,46.96727825963085
2025-07-08,KZTO,813.0,55420.0,0.4940988604354678,-0.1817347390099187,-0.7499999062500118,0.0006154761904761904,806.82,0.0,0.018524603174603173,-0.026126079189363258,0.0,-0.3939740092320584,44.11775485899172,46.039575949430166
2025-07-09,KZTO,814.99,8740.0,0.7729616278542218,-1.9607484456625945,-0.20080317252948268,0.0006162698412698412,803.4,0.0,0.0185234126984127,-0.03274444608532546,0.0,-0.5131398946694482,42.36313297448692,50.71347551018598
2025-07-10,KZTO,814.94,26550.0,0.7962461664130064,-0.781498127006448,0.959999680000143,0.0006170634920634921,803.5,0.0,0.01852142857142857,-0.03255927184823429,0.0,-0.5098057712716316,42.41198556131808,46.379240080079995
2025-07-11,KZTO,812.1,16309.999999999998,0.4302858821275685,-1.268747861013141,-0.5466665208889157,0.0006154761904761904,803.7,0.0,0.018521031746031747,-0.02886458549556995,0.0,-0.44328172122277487,43.389695798911234,46.936950353996856
2025-07-14,KZTO,814.0,19330.0,0.6625157059761166,-1.0988686291142284,0.6666665555555741,0.0006154761904761904,806.96,0.0,0.018521031746031747,-0.027169680394680353,0.0,-0.4127643941759651,43.83998721140581,45.001279890489485
2025-07-15,KZTO,812.9,28670.0,0.5205108235564978,-0.7046767608774822,0.35085002305254237,0.0006154761904761904,805.91,0.0,0.018522619047619048,-0.027121462693824004,0.0,-0.41189621852075814,43.85281259598521,45.90363900889285
2025-07-16,KZTO,813.0,17740.0,0.5201427598339675,-1.1847046244428956,0.33333322222225925,0.0006174603174603175,806.02,0.0,0.018528174603174602,-0.02711366045803317,0.0,-0.4117557366842234,43.85488798319295,47.341935190285405
2025-07-17,KZTO,811.0,13230.0,0.25924144141679617,-1.3999908466151199,-0.33222031181630957,0.000623015873015873,811.96,0.0,0.01853531746031746,-0.0173515936625369,0.0,-0.23598649456288115,46.46610464900747,48.19616998662388
2025-07-18,KZTO,810.0,69490.0,0.10160546306217157,0.4882722794315404,0.7777776913580343,0.0006222222222222223,810.97,0.0,0.01853452380952381,-0.017336992945326247,0.0,-0.23572360381932175,46.470028333489644,46.25726682699013
2025-07-21,KZTO,811.5,35380.0,0.17258752727915394,-0.1867631158892134,0.7435895529257541,0.000621031746031746,810.0,0.0,0.01853611111111111,-0.020384539946600944,0.0,-0.2905956957609946,45.65207391713921,44.570088355579884
2025-07-22,KZTO,809.55,10130.0,-0.12845039982256845,-1.222406719307415,-0.14705878027686375,0.0006206349206349206,810.04,0.0,0.018536507936507938,-0.0179312334012723,0.0,-0.24642309981413163,46.310372561295765,48.78580699988394
2025-07-23,KZTO,811.0,13690.0,0.03281557255818921,-0.8186092842827508,0.9999996644296427,0.0006202380952380952,815.0,0.0,0.018544444444444443,-0.013612261953692285,0.0,-0.16865859010650644,47.4722778666155,47.23653351979897
2025-07-24,KZTO,810.0,18630.0,-0.11267051162469667,-0.393404127328343,0.49999987500003124,0.0006198412698412699,817.0,0.0,0.018553174603174606,-0.009911199294532632,0.0,-0.10201973254980388,48.4701816535918,44.4269813382612
2025-07-25,KZTO,809.0,8050.000000000001,-0.19727603425707652,-1.056319592986753,0.13793101070154312,0.000621031746031746,817.0,0.0,0.018563095238095236,-0.008674343692977808,0.0,-0.07974973826958383,48.803982118205056,48.15306603751106
2025-07-28,KZTO,807.8,8940.0,-0.34650330540993285,-0.7819258157439386,0.39999990000000224,0.0006206349206349206,819.9,0.0,0.018581746031746033,-0.0036027908448185465,0.0,0.011565248523022997,50.173478031739414,45.39207673811142
2025-07-29,KZTO,805.92,21240.0,-0.583547858041909,0.08342240021100006,-0.6648450519408075,0.0006186507936507937,815.0,0.0,0.018614285714285715,-0.007347658753793307,0.0,-0.05586233704817025,49.16214338128737,46.797712900406175
2025-07-30,KZTO,807.5,7920.0,-0.4049371097326211,-0.9030698471535158,0.02040815910038043,0.000621031746031746,822.0,0.0,0.01864126984126984,-0.000684613494520616,0.0,0.06410799710103642,50.96150141106575,48.26470392730904
2025-07-31,KZTO,806.11,12090.0,-0.5876336343585754,-0.45100610914649875,-0.3010032941465978,0.0006178571428571429,818.0,0.0,0.018650396825396823,-0.0039005487897689484,0.0,0.006204018220472108,50.09306016585098,46.9824935809105
2025-08-01,KZTO,808.01,16890.0,-0.37413996418069173,-0.07387521910170702,0.06809077862606297,0.0006166666666666666,819.9,0.0,0.01865873015873016,-0.0039435657424482,0.0,0.005429483756695447,50.0814421843247,47.68402316947831
2025-08-04,KZTO,808.0,60380.0,-0.3983097646769301,1.2490837624192241,0.06666665777777896,0.0006166666666666666,821.42,0.0,0.018668253968253966,-0.002059343077164908,0.0,0.03935553618009141,50.59030561396505,49.58129728061062
2025-08-05,KZTO,805.0,6370.0,-0.7032639999565761,-0.9999713821676449,-0.49999987500003124,0.0006158730158730159,820.46,0.0,0.018671031746031748,0.0005339371980676751,0.0,0.08604840543971877,51.29043944921803,46.91870430775212
2025-08-06,KZTO,807.0,69660.0,-0.40865487499432435,1.4342226065078088,-0.45404909426304924,0.0006154761904761904,820.89,0.0,0.01867579365079365,-0.0014638977400129975,0.0,0.05007672645960924,50.751094392645754,51.65733126600378
2025-08-07,KZTO,807.88,3610.0,-0.2304962959585213,-1.5678601358484867,0.19900492562065486,0.0006154761904761904,819.1,0.0,0.018684126984126984,-0.004795925766124276,0.0,-0.009917540445719566,49.851237332272156,49.100703415599234
2025-08-08,KZTO,805.0,130820.0,-0.5473581437206116,2.0644184333605797,0.3333331111112593,0.0006154761904761904,829.96,0.0,0.018694444444444444,0.012311766735679824,0.0,0.29811212258366643,54.45979779520502,49.95668849187268
2025-08-11,KZTO,803.5,17120.0,-0.5989523107072351,-0.011325788318561281,-0.7008544013442575,0.0006150793650793651,826.0,0.0,0.018705158730158728,0.009297330379984394,0.0,0.2438361987692494,53.651033018892,46.844698155918095
2025-08-12,KZTO,809.0,99570.0,0.12322917594330399,1.767352106073429,0.040832662863677156,0.0006150793650793651,838.05,0.0,0.018719047619047618,0.01718948142915999,0.0,0.3859369892761053,55.76332486416394,50.16402832203124
2025-08-13,KZTO,805.98,14050.0,-0.24259167452562275,-0.19088462631214229,-0.6360293533061222,0.0006150793650793651,850.0,0.0,0.018741666666666663,0.035875073202808985,0.0,0.7223772506927046,60.66915517774799,46.09172633297631
2025-08-14,KZTO,808.49,31140.0,0.0908786809625613,0.6995894653763359,-0.1033883489671335,0.0006150793650793651,846.98,0.0,0.018757936507936508,0.028849331361795967,0.0,0.5958764446026678,58.84413845057027,49.27069470621137
2025-08-15,KZTO,806.6,24720.0,-0.13931767567541356,0.3741046129093487,-0.3599999280000053,0.0006150793650793651,844.95,0.0,0.018767460317460318,0.028777791356231746,0.0,0.5945883431357549,58.82542017243965,47.75180829977854
2025-08-18,KZTO,808.0,9880.0,0.07173800519742858,-0.5429936123999622,-0.14040110590226415,0.0006150793650793651,864.0,0.0,0.018775396825396824,0.05053153386767249,0.0,0.9862716735861057,64.37695583904795,47.92459909747165
2025-08-19,KZTO,806.82,15650.0,-0.04507131331748997,0.01156823065822778,0.21333326222227927,0.0006150793650793651,858.0,0.0,0.01878968253968254,0.04464454070713825,0.0,0.8802744142067689,62.905494374148255,46.85519750188676
2025-08-20,KZTO,803.4,22600.0,-0.4625712248329198,0.3286264768432633,-0.9999997826087429,0.0006150793650793651,863.48,0.0,0.018798809523809523,0.055983366229240064,0.0,1.0844337188209767,65.71592288594118,50.22740730630017
2025-08-21,KZTO,803.5,9060.0,-0.42191632475107277,-0.6296367530644765,-0.7311824025901081,0.0006150793650793651,869.87,0.0,0.018807539682539683,0.06379358041702474,0.0,1.225059209032292,67.5909309827809,47.04372888309571
2025-08-22,KZTO,803.7,27280.0,-0.3786005314626702,0.516830180268301,-0.8831384905560452,0.0006150793650793651,866.29,0.0,0.018809920634920634,0.059067396772071915,0.0,1.1399627089978024,66.46258831950345,49.294847966246216
2025-08-25,KZTO,806.96,3800.0,0.046136314942923334,-1.4985001293514095,0.04746834691957578,0.0006154761904761904,866.8,0.0,0.018810317460317458,0.05534453532048941,0.0,1.072931356972091,65.56026507237966,49.71781620040315
2025-08-26,KZTO,805.91,9230.0,-0.08210873581641039,-0.611046874328615,0.3433733905501743,0.0006170634920634921,863.0,0.0,0.018809523809523807,0.052029651780802696,0.0,1.013245782216543,64.74724500343869,45.65311938363641
2025-08-27,KZTO,806.02,70730.0,-0.07009134852060137,1.4695454893906512,-0.350684883467829,0.000623015873015873,865.99,0.0,0.01880515873015873,0.05559746155221644,0.0,1.0774853774469129,65.62193335444368,51.09370948692331
2025-08-28,KZTO,811.96,99000.0,0.6753516781372143,1.7616108374335053,0.4170661153340296,0.0006301587301587302,857.01,0.0,0.018812698412698413,0.03667033030792816,0.0,0.7366961179558233,60.87396961473035,50.59871387165134
2025-08-29,KZTO,810.97,10310.0,0.4612053738492064,-0.6555916312474056,0.0038022808869208574,0.0006214285714285714,864.99,0.0,0.018864285714285712,0.047747302877154146,0.0,0.9361406735278045,63.68421892428078,48.430050091727736
2025-09-02,KZTO,810.0,18400.0,0.3367320560075174,-0.07635684717692794,-0.0012515642989269831,0.0006226190476190475,831.01,0.0,0.01891031746031746,0.007027954144620801,0.0,0.20297532890078365,53.0408724365849,48.236642693045646
2025-09-03,KZTO,810.04,32740.000000000004,0.3404955650879516,0.6116479417052185,-0.6527544820109505,0.000621031746031746,850.0,0.0,0.01896468253968254,0.030366214699959995,0.0,0.6231884309187815,59.24041718586872,47.4570831924436
2025-09-04,KZTO,815.0,138780.0,0.9367173938786857,1.9124635639439644,0.999999856938504,0.0006281746031746032,858.03,0.0,0.01901388888888889,0.03378365712338102,0.0,0.6847206123043014,60.12874481283935,53.70138435242709
2025-09-05,KZTO,817.0,8690.0,1.0130500641234501,-0.858249333255447,0.6655517281686083,0.0006285714285714285,869.5,0.0,0.01906031746031746,0.04519916846379515,0.0,0.8902606704462795,63.045200397119295,44.428262143241184
2025-09-08,KZTO,817.0,23610.0,1.0013193084475955,0.14124520999719725,0.4067796035621999,0.0006309523809523809,869.46,0.0,0.019103968253968255,0.04510655806182127,0.0,0.8885931895215421,63.021887746468295,45.466766114399036
2025-09-09,KZTO,819.9,8240.0,1.231927348967352,-0.9114220514732091,0.9599998080000293,0.0006392857142857143,860.01,0.0,0.019144047619047616,0.029776552454132056,0.0,0.6125713671117031,59.086510401749756,46.37186348161517
2025-09-10,KZTO,815.0,18550.0,0.5917021174802756,-0.09995492338982011,-0.2690354988533638,0.0006511904761904762,854.6,0.0,0.01917420634920635,0.0294147507060084,0.0,0.6060570069461682,58.991988685605946,47.086101435804494
2025-09-11,KZTO,822.0,177800.0,1.411818970688021,2.2642394097447824,0.9999998987854354,0.0006480158730158729,855.0,0.0,0.019203571428571427,0.020942413972888426,0.0,0.4535097812639657,56.76098194502136,54.52158020322128
2025-09-12,KZTO,818.0,41130.0,0.5757347446231568,0.6926601124236889,0.11111109876543349,0.000626984126984127,851.0,0.0,0.019251587301587304,0.02109071098692125,0.0,0.4561799180609637,56.800297404289054,49.00910189945724
2025-09-15,KZTO,819.9,43850.0,0.7541899060558267,0.7566969787886902,0.40200280371919,0.000625,859.8,0.0,0.019306349206349206,0.029358122070635765,0.0,0.6050373896325062,58.977188264398436,47.51919683771501
2025-09-16,KZTO,821.42,7430.0,0.8709081122699661,-1.0185474942465516,0.8369097515150429,0.0006261904761904761,852.01,0.0,0.01936190476190476,0.017878483833454535,0.0,0.3983427054998978,55.94685862298476,45.39703395586089
2025-09-17,KZTO,820.46,14460.0,0.7349070193419608,-0.3526897211727599,0.6211292129090825,0.0006186507936507937,849.99,0.0,0.01944047619047619,0.016551528294812518,0.0,0.3744504320457325,55.59324884288327,43.98092783374518
2025-09-18,KZTO,820.89,5830.0,0.7552133671929385,-1.2610549172171335,0.9498744486530091,0.0006202380952380952,843.9,0.0,0.01950793650793651,0.008522615697596499,0.0,0.2298872046232127,53.44285135202757,46.723746287037415
2025-09-19,KZTO,819.1,32119.999999999996,0.4886581085182337,0.5530595382203961,0.3666666055555733,0.0006238095238095239,840.0,0.0,0.019560317460317462,0.005955492575087221,0.0,0.18366530355162813,52.75219492772841,46.980786492819476
2025-09-22,KZTO,829.96,60690.0,1.7842160228775956,1.0574529901455327,-0.44784388224900123,0.0006257936507936508,834.86,0.0,0.019609920634920636,-0.013706021651837142,0.0,-0.17034676448901018,47.44702061802674,48.334438942739794
2025-09-23,KZTO,826.0,8119.999999999999,1.1179134836041371,-0.9539914448160024,-0.6323256858528248,0.0006257936507936508,824.01,0.0,0.019659920634920634,-0.022069121603443646,0.0,-0.32092714578255777,45.200912009521474,45.60310774389979
2025-09-24,KZTO,838.05,16600.0,2.5761391693886035,-0.23892149718819058,0.2424964153169843,0.000628968253968254,831.0,0.0,0.01970714285714286,-0.02811952875297241,0.0,-0.4298667280940469,43.58750777731224,46.99503585714803
2025-09-25,KZTO,850.0,70700.0,3.970121591750698,1.2101194557416326,0.41839760128204495,0.0006376984126984128,827.9,0.0,0.019744047619047616,-0.04574404761904764,0.0,-0.7472020207876527,38.975998688462944,49.01145415263892
2025-09-26,KZTO,846.98,25330.0,3.1320651364144836,0.18366440721808966,-0.6819443970871992,0.0006313492063492063,826.0,0.0,0.019788095238095237,-0.04455845581331545,0.0,-0.725855048110211,39.28106424603034,41.92836710780591
2025-09-29,KZTO,844.95,115460.0,2.627547140931716,1.700597945869606,-0.43333331269840936,0.0006246031746031746,822.0,0.0,0.019838095238095238,-0.046999465733390866,0.0,-0.7698062392514433,38.653904277709806,50.328820196558375
2025-09-30,KZTO,864.0,43620.0,4.557526781905616,0.5780671042006578,0.6571428383673475,0.000623015873015873,834.6,0.0,0.01988968253968254,-0.053917460317460295,0.0,-0.8943670203354676,36.897415671353976,44.4374528326622
2025-10-01,KZTO,858.0,18190.0,3.5589271824824418,-0.4568949302002234,0.04347825897920613,0.0006293650793650793,829.0,0.0,0.019934920634920635,-0.05373445443445443,0.0,-0.8910719388702877,36.94345965341244,48.71364143512565
2025-10-02,KZTO,863.48,5470.0,4.057332173165673,-1.4981630209737908,0.34918917031410085,0.0006242063492063491,829.0,0.0,0.01998531746031746,-0.05991675767896759,0.0,-1.0023863540055868,35.401618601954176,49.60994322401933
2025-10-03,KZTO,869.87,20790.0,4.449422666399198,-0.01385259712484469,0.6723076405917207,0.0006238095238095239,824.15,0.0,0.020036111111111112,-0.07259568897906843,0.0,-1.2306747064839203,32.33530632962732,45.700928199254925
2025-10-06,KZTO,866.29,24870.0,3.8701812022382724,0.11356978565699334,-0.451666629027787,0.0006174603174603175,824.99,0.0,0.02009325396825397,-0.06776782022204883,0.0,-1.1437473323673921,33.486815445403316,40.45830449492583
2025-10-07,KZTO,866.8,7610.0,3.7340267623442385,-1.098608963011189,0.6857142367346909,0.0006158730158730159,827.92,0.0,0.02015198412698413,-0.06500662187502289,0.0,-1.0940310426747872,34.15445758960483,45.955706882638566
2025-10-08,KZTO,863.0,5150.0,3.2195362633758258,-1.489073042103311,0.1983967538283073,0.0006162698412698412,829.9,0.0,0.020210317460317463,-0.05856489451709617,0.0,-0.9780456105552835,35.73631344337708,51.585588780199636
2025-10-09,KZTO,865.99,6520.0,3.4891752638908624,-1.2531970018477168,0.6633332227777993,0.0006186507936507937,832.0,0.0,0.020268253968253967,-0.059518129832871344,0.0,-0.9952089277633156,35.50016419041227,45.684722654557135
2025-10-10,KZTO,857.01,22190.0,1.8180714670675384,0.12974004426937852,-0.661900701269917,0.0006376984126984128,826.0,0.0,0.02031111111111111,-0.05649505295543031,0.0,-0.9407774284964279,36.2514638908993,43.983938928330275
2025-10-13,KZTO,864.99,76610.0,2.477751965331464,1.3688250414273802,0.9999999332888637,0.000673015873015873,825.02,0.0,0.020326190476190477,-0.0665348171655164,0.0,-1.121546704434792,33.78415178992253,49.32285742647421
2025-10-14,KZTO,831.01,26370.0,-2.0734646061268776,0.3023250934442987,-0.8979646974772134,0.0006686507936507936,825.71,0.0,0.02035595238095238,-0.02673373363508886,0.0,-0.40491502855043965,43.9559740299535,49.9739942447413
2025-10-15,KZTO,850.0,20170.0,0.21532363992846884,-0.06339126630893133,-0.16009280371014317,0.0006753968253968253,834.28,0.0,0.0203734126984127,-0.03886753034547155,0.0,-0.6233880524005063,40.75669079236868,47.95407002740935
2025-10-16,KZTO,858.03,73940.0,1.076914790198099,1.2356652321092811,-0.13113112675572017,0.0006773809523809523,837.0,0.0,0.020391269841269842,-0.04490090237160092,0.0,-0.7320209116796621,39.1928619525782,50.32495696464585
2025-10-17,KZTO,869.5,22240.0,2.2795176164432256,-0.056383649479819414,0.5915032438111423,0.0006750000000000001,839.0,0.0,0.0203984126984127,-0.055476043520724376,0.0,-0.922429826517778,36.5062523443562,43.6560319422247
2025-10-20,KZTO,869.46,5410.0,2.0193929131391024,-1.4125139548265446,0.9017287623540775,0.0006746031746031747,848.09,0.0,0.020400396825396825,-0.044978870820750264,0.0,-0.7334247593999705,39.17278983301902,46.07698614008659
2025-10-21,KZTO,860.01,13550.0,0.6331195780325949,-0.4612003243648463,-0.6511012642201505,0.0006793650793650794,855.01,0.0,0.0203984126984127,-0.02621229858346055,0.0,-0.3955264179457165,44.09479227563856,45.37382058776539
2025-10-22,KZTO,854.6,16950.0,-0.057484484531537546,-0.2373194899591296,-0.855072339844588,0.0006813492063492064,859.78,0.0,0.0203984126984127,-0.014337097463215005,0.0,-0.1817094932441722,47.27705428156403,47.63733259079806
2025-10-23,KZTO,855.0,14450.0,-0.06236665092890602,-0.3968925920076934,0.0,0.0006773809523809523,860.13,0.0,0.020398015873015873,-0.014398015873015878,0.0,-0.1828063493655498,47.26065052969181,48.01183132346571
2025-10-24,KZTO,851.0,14870.0,-0.6087839521904704,-0.32010251939769363,-0.5046024682340989,0.0006750000000000001,865.0,0.0,0.020403968253968254,-0.003952734411430063,0.0,0.005264398838515307,50.07896591692415,46.140374418062315
2025-10-28,KZTO,859.8,59680.0,0.3859354609731548,1.135127905609815,0.18399999263999664,0.0006797619047619047,867.89,0.0,0.020401587301587303,-0.010992422379512364,0.0,-0.12148751188303532,48.17849377043356,49.49048354596931
2025-10-29,KZTO,852.01,3720.0,-0.8787217081714855,-1.6401389988286996,-0.32370430554763346,0.0006817460317460318,878.96,0.0,0.020396825396825396,0.011234258745379564,0.0,0.2787112347591595,54.170953065594475,49.03993419170746
2025-10-30,KZTO,849.99,17910.0,-1.0581139465705758,0.019166289090431287,0.5988571086367377,0.0006972222222222222,900.0,0.0,0.02037579365079365,0.03846019265492758,0.0,0.7689231816324166,61.33353117961898,44.81333534165981
2025-10-31,KZTO,843.9,12550.0,-1.7312941952537428,-0.32847168255622045,0.1814516007088933,0.0006876984126984126,899.95,0.0,0.02036309523809524,0.046054726778731486,0.0,0.9056652809408882,63.26027960851047,46.16944256520634
2025-11-03,KZTO,840.0,20240.0,-2.1334482100155285,0.14946779947687994,-0.0020120722321840512,0.0006761904761904762,923.0,0.0,0.02036190476190476,0.07844761904761904,0.0,1.4889100223974234,70.95801893501701,47.778426165150606
2025-11-04,KZTO,834.86,18570.0,-2.583182204773142,0.06335443394512008,-0.5134327975050157,0.0006753968253968253,958.5,0.0,0.020361507936507938,0.12773517893314684,0.0,2.3763488433534805,80.62475171924507,46.954135620450295
2025-11-05,KZTO,824.01,7340.0,-3.6918960272795385,-0.8648522080848885,-0.49965442296790474,0.0006757936507936508,961.7,0.0,0.02036031746031746,0.14673716922066948,0.0,2.7184859646827317,83.63191192618021,46.176278535957636
2025-11-06,KZTO,831.0,9170.0,-2.7963381959066873,-0.6422543887077358,0.46666663555555765,0.0006761904761904762,958.01,0.0,0.02035873015873016,0.13248122170649246,0.0,2.461802913564442,81.41313913062933,44.140061547035344
2025-11-07,KZTO,827.9,11460.0,-3.095001061545631,-0.4193294571684171,0.05333332977777499,0.0006746031746031747,952.91,0.0,0.02035873015873016,0.13063776700276278,0.0,2.4286109017755986,81.10989220403819,46.50242931675931
2025-11-10,KZTO,826.0,12660.0,-3.2255497581038837,-0.31974493764768697,0.4285713673469475,0.0006753968253968253,949.49,0.0,0.02035873015873016,0.12914490180252894,0.0,2.4017313699785525,80.8615467428973,43.734746117988536
2025-11-11,KZTO,822.0,20440.0,-3.5891597742190964,0.2505456040896528,0.6033713136652786,0.0006746031746031747,969.5,0.0,0.020359920634920637,0.15908046865948325,0.0,2.940731154465495,85.3764703998592,45.204919556662844
2025-11-12,KZTO,834.6,69120.0,-1.659197427069611,1.4688953103390732,0.21666665763889115,0.0006746031746031747,958.0,0.0,0.02036230158730159,0.1274929584174911,0.0,2.371987582838167,80.58384196496915,49.300765392614274
2025-11-13,KZTO,829.0,2990.0,-2.1874895609505556,-1.671668419598335,-0.492537246602815,0.0006746031746031747,943.0,0.0,0.02036309523809524,0.11715198316962491,0.0,2.185794902518508,78.77601966873438,49.385477151032674
2025-11-14,KZTO,829.0,108060.0,-2.159104707810316,1.9975626724236217,-0.3693820095020353,0.0006746031746031747,945.4,0.0,0.02036626984126984,0.12004386284871808,0.0,2.237864152826734,79.2936640945298,53.90924989770225
2025-11-17,KZTO,824.15,14020.0,-2.037206225022427,-0.0446377430187214,-0.578384131707649,0.0006746031746031747,946.33,0.0,0.02036626984126984,0.12788344198303406,0.0,2.379018368614801,80.64976023289012,46.88614331365923
2025-11-18,KZTO,824.99,15050.0,-1.7136585420878245,0.05567418426939495,-0.5566666357407414,0.0006746031746031747,950.0,0.0,0.02036626984126984,0.13116283960248096,0.0,2.4380650076370465,81.19665091414282,47.021683682922216
2025-11-19,KZTO,827.92,18950.0,-1.2681998781484012,0.25668087773386195,-0.22896934657553036,0.0006746031746031747,,0.0,,,0.0,,,48.28075228865619
2025-11-20,KZTO,829.9,7900.0,-0.9078400336972045,-0.6385158146249544,0.9999998387097034,0.0006746031746031747,,0.0,,,0.0,,,47.63745288055683
2025-11-21,KZTO,832.0,25980.0,-0.566629717527285,0.5722036324493847,0.21212119926538184,0.0006765873015873017,,0.0,,,0.0,,,47.74901797419627
2025-11-24,KZTO,826.0,33410.0,-1.1865952796047767,0.8034744150948613,-0.515151483930213,0.0006805555555555554,,0.0,,,0.0,,,49.73419534188128
2025-11-25,KZTO,825.02,4300.0,-1.1695482268067496,-1.343528297476217,-0.5954300675114214,0.0006880952380952381,,0.0,,,0.0,,,48.29427782865619
2025-11-26,KZTO,825.71,3490.0,-0.6658753878136145,-1.4266530747395874,-0.4299999283333331,0.0006984126984126985,,0.0,,,0.0,,,48.14526500642605
2025-11-27,KZTO,834.28,5670.0,0.3920037866700674,-0.9413680841625033,0.8921416878165042,0.0006928571428571428,,0.0,,,0.0,,,45.97375968192375
2025-11-28,KZTO,837.0,38440.0,0.8117949332638412,1.0583305123558142,0.2128562636230276,0.0006952380952380952,,0.0,,,0.0,,,49.49140173179305
2025-12-01,KZTO,839.0,33380.0,1.0287678775454905,0.8313965156137845,-0.06542055856406793,0.0006821428571428573,,0.0,,,0.0,,,49.76600214755287
2025-12-02,KZTO,848.09,11340.0,2.0987736558323467,-0.24822278949300602,0.652727213388441,0.0006765873015873017,,0.0,,,0.0,,,43.648795557319275
2025-12-03,KZTO,855.01,118920.0,2.8991464460546896,2.187682449641267,0.2653222512723525,0.0006773809523809523,,0.0,,,0.0,,,53.207337293043494
2025-12-04,KZTO,859.78,9540.0,2.8343142158426584,-0.4210650313719354,0.9119998176000256,0.0006813492063492064,,0.0,,,0.0,,,46.14281549364193
2025-12-05,KZTO,860.13,91110.0,2.816838703825033,1.8355063998501326,-0.722702683170198,0.0006769841269841269,,0.0,,,0.0,,,49.96102327207548
2025-12-08,KZTO,865.0,23930.0,2.9701645727912234,0.3419190086827708,-0.49999997433265014,0.0006809523809523809,,0.0,,,0.0,,,42.650964483679445
2025-12-09,KZTO,867.89,15220.0,3.169121079381787,-0.2577539542985838,0.002553191380712938,0.0006773809523809523,,0.0,,,0.0,,,48.67658325977592
2025-12-10,KZTO,878.96,19310.0,4.332821282671876,0.12242199140937844,0.9200967966043139,0.0006769841269841269,,0.0,,,0.0,,,48.11308827000918
2025-12-11,KZTO,900.0,73390.0,6.567608351532557,1.457585451572261,0.36218677990462883,0.0006761904761904762,,0.0,,,0.0,,,48.534691934620156
2025-12-12,KZTO,899.95,10500.0,5.793543451499628,-0.599881083963253,0.9899999010000191,0.0006750000000000001,,0.0,,,0.0,,,58.31682107290783
2025-12-15,KZTO,923.0,22570.0,7.871466236470506,0.27842029713282807,0.3953488288509775,0.0006750000000000001,,0.0,,,0.0,,,55.56365778573849
2025-12-17,KZTO,958.5,110770.0,8.934568467883182,1.7561969367484533,0.3308240310414839,0.0006750000000000001,,0.0,,,0.0,,,51.0617410876864
2025-12-18,KZTO,961.7,23440.0,8.934568467883182,0.11278258657068461,-0.2076502637682001,0.0006746031746031747,,0.0,,,0.0,,,31.526191232186818
2025-12-19,KZTO,958.01,7440.0,8.82773845240308,-1.1288376309513155,-0.7471838864600918,0.0006746031746031747,,0.0,,,0.0,,,41.331798947916035
2025-12-22,KZTO,952.91,43650.0,8.072679235946959,0.6404909974525228,-0.7989454903709838,0.0006746031746031747,,0.0,,,0.0,,,37.70032422117042
2025-12-23,KZTO,949.49,22640.0,6.922552993682938,-0.01599330575078826,-0.8169058750588236,0.0006753968253968253,,0.0,,,0.0,,,40.20276614482197
2025-12-24,KZTO,969.5,45200.0,8.561352716309202,0.6929252042062289,0.9565216975425348,0.0006757936507936508,,0.0,,,0.0,,,65.8231582983752
2025-12-25,KZTO,958.0,91050.0,6.660317032389172,1.3741757871053994,-0.1999999900000005,0.0006769841269841269,,0.0,,,0.0,,,43.89352983299116
2025-12-26,KZTO,943.0,47790.0,4.1815756417622465,0.7019736057334768,-0.19964428191097672,0.0006753968253968253,,0.0,,,0.0,,,47.06159090764976
2025-12-29,KZTO,945.4,78910.0,4.150819196532414,1.0129790592552708,-0.26342160832420974,0.0006777777777777777,,0.0,,,0.0,,,47.604613528621066
2025-12-30,KZTO,946.33,60220.0,3.5320419494047246,0.742675751812866,-0.41246104634077385,0.0006746031746031747,,0.0,,,0.0,,,44.21208397667427
2025-12-31,KZTO,950.0,53500.0,3.3906250756268665,0.45951624785657097,-0.8124999746093758,0.0006746031746031747,,0.0,,,0.0,,,42.726612702567365
