date,ticker,close,R30,Y_target,Y_attr,pre_agm
2025-01-05,AIRA,819.7,-0.15543457599663832,16.337472750406505,46.56972150447068,0.0
2025-01-06,AIRA,819.0,-0.1018482905982906,25.837600043931563,47.774624367427144,0.0
2025-01-08,AIRA,817.02,-0.07374159314162622,32.06504398204184,49.8474584424844,0.0
2025-01-09,AIRA,808.04,-0.07831863627684622,30.997611656343764,47.454279436885855,0.0
2025-01-10,AIRA,800.0,-0.0467071428571428,38.728816164102184,50.99752864426344,0.0
2025-01-13,AIRA,806.0,-0.05543206408287053,36.51726591339482,46.60822904638804,0.0
2025-01-14,AIRA,802.0,-0.05379372798163322,36.92854391861557,44.34365101457281,0.0
2025-01-15,AIRA,805.98,-0.047424424716907804,38.54509830348476,47.776082313458474,0.0
2025-01-16,AIRA,802.0,-0.028908453073665047,43.37805549030412,46.86488187410348,0.0
2025-01-17,AIRA,801.99,-0.026391216224641214,44.047149683455025,46.24354662992198,0.0
2025-01-20,AIRA,793.98,-0.028973997455855334,43.360664580277934,46.48244404585192,0.0
2025-01-21,AIRA,793.0,-0.05296371524650213,37.13763647403377,46.508471159065635,0.0
2025-01-22,AIRA,786.0,-0.0557404125772447,36.44007740436929,46.46705578442969,0.0
2025-01-23,AIRA,783.11,-0.0471371286048525,38.61864478024821,50.59438916884191,0.0
2025-01-24,AIRA,781.99,-0.04702245828053256,38.648014383501796,50.748074456105826,0.0
2025-01-27,AIRA,785.84,-0.061969248435401886,34.89619320805255,46.11772803980346,0.0
2025-01-28,AIRA,782.0,-0.06497648276701985,34.161780419162845,49.85842647281501,0.0
2025-01-29,AIRA,777.0,-0.07725374302874302,31.244213561668722,51.11350086238857,0.0
2025-01-30,AIRA,775.0,-0.01581748591909883,46.878598820165195,50.89613981546255,0.0
2025-01-31,AIRA,779.01,-0.007550931936811117,49.107259815569584,46.98275722610595,0.0
2025-02-03,AIRA,770.01,-0.010072070724498927,48.426775342279285,49.711840868298886,0.0
2025-02-04,AIRA,763.62,-0.0017159229971027562,50.683041430880095,49.19552782963894,0.0
2025-02-05,AIRA,759.0,0.009294789510006837,53.65035043917322,52.55260735617153,0.0
2025-02-06,AIRA,747.0,0.015476329126027921,55.30630976845382,54.94073599563558,0.0
2025-02-07,AIRA,735.0,0.021427210884353738,56.88947604158964,51.38461388076382,0.0
2025-02-10,AIRA,724.5,0.026770824706694275,58.29927995815446,56.57155245712665,0.0
2025-02-11,AIRA,710.0,0.04521202772188687,63.04843695425737,39.15779238440097,0.0
2025-02-12,AIRA,705.0,0.05409905437352244,65.25583076129668,32.77104873038551,0.0
2025-02-13,AIRA,699.0,0.06874221847537301,68.75084399153256,27.182827801004272,0.0
2025-02-14,AIRA,707.98,0.03545135165462933,60.55987396024343,38.96027568487342,0.0
2025-02-17,AIRA,706.69,0.01458793454034641,55.068955497599006,42.389331174465056,0.0
2025-02-18,AIRA,750.0,-0.061091825396825415,35.1118508181128,49.077557705919524,0.0
2025-02-19,AIRA,771.17,-0.07838475009936453,30.982336768815934,45.36022132718502,0.0
2025-02-20,AIRA,759.0,-0.07260415960850744,32.333304163462124,49.300320073323675,0.0
2025-02-21,AIRA,776.7,-0.07875712722323389,30.89638059944938,44.09155916392493,0.0
2025-02-24,AIRA,775.5,-0.07346843204077247,32.12936100735452,46.929323207620904,0.0
2025-02-25,AIRA,773.0,-0.07041271227335263,32.85342989569579,45.85509517018949,0.0
2025-02-26,AIRA,782.0,-0.07876579385377339,30.894381643280344,51.123704240221166,0.0
2025-02-27,AIRA,793.0,-0.08703375968294005,29.02063303878526,46.72131933898511,0.0
2025-02-28,AIRA,795.0,-0.09306966157532197,27.69604486656052,51.47696486058151,0.0
2025-03-03,AIRA,785.0,-0.09515561874431304,27.247049476773622,42.80356629038954,0.0
2025-03-04,AIRA,765.0,-0.0697970588235294,33.000318188152775,48.71420963122393,0.0
2025-03-05,AIRA,756.06,-0.059954808354842015,35.39221848149357,52.61733819890515,0.0
2025-03-06,AIRA,760.0,-0.07156808688387635,32.57867488630242,48.99205778248682,0.0
2025-03-07,AIRA,758.99,-0.06784804940232816,33.46751336502652,46.3565855226789,0.0
2025-03-11,AIRA,751.0,-0.06487653551877925,34.18606977550224,48.37469402767409,0.0
2025-03-12,AIRA,745.0,-0.0565969878555449,36.226018728304346,49.29903384336714,0.0
2025-03-13,AIRA,730.74,-0.03096365302231138,42.83354603203281,51.28102169036942,0.0
2025-03-14,AIRA,776.51,-0.09814821924021874,26.610912434360156,46.18080767295413,0.0
2025-03-17,AIRA,787.0,-0.10161713811742398,25.885479450517877,45.37391731449515,0.0
2025-03-18,AIRA,776.0,-0.08472363361152022,29.537387482754298,47.364270497338,0.0
2025-03-19,AIRA,775.98,-0.07998471306329696,30.613952835946538,47.67448366404018,0.0
2025-03-20,AIRA,779.68,-0.07372096187609725,32.06989933405522,47.673397093436876,0.0
2025-03-26,AIRA,772.0,-0.042290268525372154,39.86701223378319,50.714723485592806,0.0
2025-03-27,AIRA,764.0,-0.024054321449347608,44.67025521903801,49.511749909595146,0.0
2025-03-28,AIRA,757.0,-0.001770599274496236,50.668277160591515,47.83074127248717,0.0
2025-03-31,AIRA,755.0,-0.009649261536844306,48.54086257968308,48.055068770469376,0.0
2025-04-01,AIRA,756.01,-0.016599500993415058,46.6682720600694,47.29849098412145,0.0
2025-04-02,AIRA,759.85,-0.03182975148603894,42.6045907711113,44.75681776671618,0.0
2025-04-03,AIRA,746.07,-0.0046273155142470285,49.896775290432785,49.28430723533549,0.0
2025-04-04,AIRA,730.0,0.00859768971515542,53.463030640945505,46.062158633894875,0.0
2025-04-07,AIRA,718.01,0.027136988464368992,58.39541712869804,45.26382607736579,0.0
2025-04-08,AIRA,725.0,0.026395634920634896,58.20070749028526,48.821477162297654,0.0
2025-04-09,AIRA,718.0,0.03273755029402663,59.85749888672056,47.6616073398817,0.0
2025-04-10,AIRA,730.0,0.005679832572298357,52.67796422707747,49.168696494844895,0.0
2025-04-11,AIRA,733.0,0.007154055956170569,53.074802627397276,46.34198294938993,0.0
2025-04-14,AIRA,733.0,0.004450693497044109,52.34683778600036,46.38039357906558,0.0
2025-04-15,AIRA,735.0,0.004328287981859472,52.31385032169346,52.99392888456518,0.0
2025-04-16,AIRA,738.8,0.00045236999510155085,51.268424207023614,45.834419345409216,0.0
2025-04-17,AIRA,735.89,-0.0008987262966536208,50.903693957941044,47.818871432580714,0.0
2025-04-18,AIRA,725.03,0.014386795056537366,55.01518417631597,45.76305121167188,0.0
2025-04-21,AIRA,726.0,0.013730935983208698,54.83977030284017,47.51360328994655,0.0
2025-04-22,AIRA,725.0,0.00208370279146141,51.70862116484851,44.7687424838055,0.0
2025-04-23,AIRA,720.0,0.0077095238095237426,53.224228001757254,48.13387973007114,0.0
2025-04-24,AIRA,721.91,0.0050076952882707505,52.496919744292846,48.12772441607135,0.0
2025-04-25,AIRA,716.55,0.028125271971184748,58.65457273862616,48.08128097285884,0.0
2025-04-28,AIRA,717.0,0.025968431626485967,58.08838990100583,48.91359692311278,0.0
2025-04-29,AIRA,722.0,0.05208592863738294,64.7611207894476,46.20671661401397,0.0
2025-04-30,AIRA,715.05,0.055494416474372484,65.59681532495512,49.08512425349849,0.0
2025-05-02,AIRA,721.98,0.01799789398598297,55.97865025492577,48.08658879593537,0.0
2025-05-05,AIRA,725.0,0.018931814449917844,56.22712511380343,46.288120432855706,0.0
2025-05-06,AIRA,728.65,-0.039202089453315964,40.66945034205901,49.53686391893576,1.0
2025-05-08,AIRA,737.0,-0.04717854181473585,38.6080399766355,49.98205571334722,1.0
2025-05-12,AIRA,754.0,-0.02792064334133304,43.64034649655799,47.285450404487065,1.0
2025-05-13,AIRA,760.11,-0.046315671588260096,38.82921973556968,53.29464642577639,1.0
2025-05-14,AIRA,770.0,-0.06273069985569979,34.70953921276088,48.134883723854124,1.0
2025-05-15,AIRA,761.99,-0.05392041234136932,36.89667314220666,41.87139346849373,1.0
2025-05-16,AIRA,757.73,-0.05217329571365933,37.33720387569312,49.825882244841324,1.0
2025-05-19,AIRA,750.0,-0.04620277777777772,38.85819212338971,46.307858220409706,1.0
2025-05-20,AIRA,756.69,-0.056381003386302184,36.27994227140595,47.17298653734527,1.0
2025-05-21,AIRA,750.04,-0.05171187737712182,37.45390420607072,45.43793468702812,1.0
2025-05-22,AIRA,751.02,-0.04910363122027057,38.116284524925945,49.52375993765126,1.0
2025-05-23,AIRA,757.77,-0.06364414742631416,34.48624563289642,49.75557845071746,1.0
2025-05-26,AIRA,754.99,-0.06714261430352168,33.637420666824,44.17976950797461,1.0
2025-05-27,AIRA,747.85,-0.06226699915418919,34.82315026041921,48.91940438047391,1.0
2025-05-28,AIRA,751.99,-0.06811921893169383,33.402314528275824,44.33679291001414,1.0
2025-05-29,AIRA,750.0,-0.061093095238095224,35.111538267744066,46.55856567462431,1.0
2025-05-30,AIRA,751.95,-0.05159706429948806,37.48296507178935,45.4519243606489,1.0
2025-06-02,AIRA,752.97,-0.05318802911897466,37.08108057682517,45.567383987967894,1.0
2025-06-03,AIRA,749.0,-0.039628330366414485,40.55838799625441,45.31824223375361,1.0
2025-06-04,AIRA,749.01,-0.023688477997305606,44.767959967147576,50.400089115612865,1.0
2025-06-05,AIRA,749.51,-0.025710509442888888,44.22846757456006,48.85432668353662,1.0
2025-06-09,AIRA,740.0,-0.021222147147147145,45.42765345644415,49.25740305322174,1.0
2025-06-10,AIRA,738.93,-0.015726826708245382,46.90298937482724,47.76361046889331,1.0
2025-06-11,AIRA,738.93,-0.021121367543674743,45.454645732728125,48.368405859758056,1.0
2025-06-12,AIRA,750.0,-0.029526984126984127,43.214005963603874,44.71535051254226,1.0
2025-06-13,AIRA,748.92,-0.02950556706419137,43.219683825731245,47.805091030478316,1.0
2025-06-16,AIRA,773.0,-0.04702792459804099,38.646614151152,44.61622908111407,1.0
2025-06-17,AIRA,768.0,-0.043358506944444514,39.590678029065444,50.18692421474237,1.0
2025-06-18,AIRA,748.37,-0.023030104241366058,44.94389124951262,48.930784564499184,1.0
2025-06-19,AIRA,752.17,-0.038709385658974776,40.797949314464795,48.3303690167747,1.0
2025-06-20,AIRA,713.59,0.015678746499090068,55.36035662906892,60.2935240697665,0.0
2025-06-23,AIRA,715.88,0.013627259046696639,54.81203009068973,48.03892573844657,0.0
2025-06-24,AIRA,746.91,-0.017016068440068324,46.556282067629276,48.5878461747634,0.0
2025-06-25,AIRA,738.98,-0.003764978367866172,50.12967483699783,48.446589011680814,0.0
2025-06-26,AIRA,735.95,0.0005623994254267441,51.298121375654915,47.95192653123693,0.0
2025-06-27,AIRA,735.0,0.015485034013605445,55.3086342936134,45.84562265061378,0.0
2025-06-30,AIRA,732.2,0.03687978694345798,60.92785076478614,49.84074426056482,0.0
2025-07-01,AIRA,729.2,0.034682012033191344,60.36118554656017,45.272930631887554,0.0
2025-07-02,AIRA,728.0,0.024056227106227106,57.58463280484083,49.04728421650109,0.0
2025-07-03,AIRA,725.1,0.023358084434987627,57.4003126529506,50.43637203683837,0.0
2025-07-04,AIRA,728.0,0.00923598901098906,53.63455388208303,47.84867778716854,0.0
2025-07-08,AIRA,723.51,0.01808857425210829,56.00278959807581,49.96244630057067,0.0
2025-07-09,AIRA,718.2,0.018764250905040337,56.182566498685894,47.489702276230034,0.0
2025-07-10,AIRA,715.05,0.016427176421229303,55.56008168081229,47.78646021897672,0.0
2025-07-11,AIRA,714.61,0.015609473004811348,55.34186153911409,49.44000586116766,0.0
2025-07-14,AIRA,717.99,0.021855575170499138,57.0029357412534,48.216294486712854,0.0
2025-07-15,AIRA,727.0,0.021147257155957336,56.81528627297687,44.65824565926876,0.0
2025-07-16,AIRA,726.79,0.001298735508412075,51.496835381949055,49.78090002299972,0.0
2025-07-17,AIRA,733.13,-0.0022489835222709274,50.53909406727563,47.76243271428055,0.0
2025-07-18,AIRA,745.1,-0.017326632251343732,46.47281261323626,46.512008069576154,0.0
2025-07-21,AIRA,744.1,-0.013563661171586945,47.48537059042877,48.80602314203159,0.0
2025-07-22,AIRA,738.0,-0.007709949670925269,49.064326672344464,49.477939598431746,0.0
2025-07-23,AIRA,741.0,-0.012471569950517318,47.77966040680198,45.33790971918499,0.0
2025-07-24,AIRA,737.01,-0.004387830849358433,49.96145516067305,49.78182937405599,0.0
2025-07-25,AIRA,741.75,-0.003396260051037603,50.229256950222876,50.991725147574755,0.0
2025-07-28,AIRA,740.7,-0.006012554726224299,49.52266429188418,47.14406715484091,0.0
2025-07-29,AIRA,750.97,-0.01324789291563867,47.57044477512405,45.524082778515954,0.0
2025-07-30,AIRA,748.93,-0.0011897056096326353,50.82512978079223,49.59967665082874,0.0
2025-07-31,AIRA,745.0,0.00818181793970386,53.35123359774548,48.598831609468796,0.0
2025-08-01,AIRA,736.99,0.017990342420273614,55.97663987908595,47.37064626623927,0.0
2025-08-04,AIRA,738.0,0.011142044134727063,54.14622003100904,44.47779670511407,0.0
2025-08-05,AIRA,738.9,0.009465387255186385,53.696176794770736,46.408541191388686,0.0
2025-08-06,AIRA,748.04,0.006657076249211757,52.94106421445428,51.14745664785805,0.0
2025-08-07,AIRA,749.89,-0.0038552854206976746,50.10528484670813,46.58468912874254,0.0
2025-08-08,AIRA,750.0,-0.0026944444444444438,50.418795095350035,50.55975492825817,0.0
2025-08-11,AIRA,760.0,0.010242209690893903,53.90476852714157,49.75815125868034,0.0
2025-08-12,AIRA,772.77,0.01653076797938401,55.58771199228206,44.240859750918226,0.0
2025-08-13,AIRA,768.0,0.03203958333333333,59.67618499516606,42.39206337173343,0.0
2025-08-14,AIRA,759.0,0.05237513332078551,64.83238861736393,45.268842193479266,0.0
2025-08-15,AIRA,755.47,0.04930936602905238,64.07359219801015,45.03803169028892,0.0
2025-08-18,AIRA,748.21,0.06751053894129962,68.46426463523113,46.4626016980408,0.0
2025-08-19,AIRA,750.0,0.07774365079365077,70.80104634674143,46.991988954531074,0.0
2025-08-20,AIRA,744.98,0.09666737748792231,74.84151784941062,47.61443307616296,0.0
2025-08-21,AIRA,740.04,0.09572680981208223,74.64971135609657,51.70211459953243,0.0
2025-08-22,AIRA,739.0,0.09485719709173701,74.47151740426564,47.39738896491363,0.0
2025-08-25,AIRA,746.98,0.06234312707635019,67.24673884850306,47.617364737357576,0.0
2025-08-26,AIRA,755.84,0.03827927805330428,61.28716999443097,46.874117059082465,0.0
2025-08-27,AIRA,741.2,0.07401729135079102,69.96190150650837,50.88030831937276,0.0
2025-08-28,AIRA,745.07,0.061622696919283744,67.07508593957694,48.16043093956126,0.0
2025-08-29,AIRA,746.0,0.05887029873611645,66.4151101962971,49.25021660036302,0.0
2025-09-02,AIRA,747.8,0.05356895507244537,65.12587688202225,46.64492221596975,0.0
2025-09-03,AIRA,745.99,0.05500413741768948,65.47718673016267,47.720570343603434,0.0
2025-09-04,AIRA,745.5,0.07136840487368656,69.35710690117844,47.81255754676839,0.0
2025-09-05,AIRA,747.45,0.07131362059573974,69.34452695515793,47.93194338259294,0.0
2025-09-08,AIRA,753.0,0.06441528805413266,67.737884201448,46.38055001080971,0.0
2025-09-09,AIRA,750.01,0.06613481532944646,68.14250180760475,48.2098039955054,0.0
2025-09-10,AIRA,755.0,0.08812380689582676,73.06415161583001,50.983706292978034,0.0
2025-09-11,AIRA,762.0,0.09634760967379072,74.77641701638903,52.828867394418296,0.0
2025-09-12,AIRA,764.99,0.09697215418522948,74.90346276574552,50.94781226482943,0.0
2025-09-15,AIRA,764.0,0.09294495969417435,74.07679212340066,50.06237254509677,0.0
2025-09-16,AIRA,760.0,0.0925065162907268,73.9857313042054,45.705655721393185,0.0
2025-09-17,AIRA,759.69,0.09564594063744039,74.63317499618728,46.63410993375438,0.0
2025-09-18,AIRA,766.99,0.1146398359532429,78.3187247041407,50.898300075648784,0.0
2025-09-19,AIRA,761.01,0.11836165465568634,78.99369258204769,51.986665633322836,0.0
2025-09-22,AIRA,762.0,0.12605937070366202,80.34037438035047,48.171960503011384,0.0
2025-09-23,AIRA,782.0,0.07624800775382617,70.46589581986191,55.411666441473805,0.0
2025-09-24,AIRA,800.01,0.05777938856121442,66.15172696286031,45.41772041056043,0.0
2025-09-25,AIRA,807.0,0.0484096078952027,63.84953335016377,46.09541509236044,0.0
2025-09-26,AIRA,812.99,0.044197931650304355,62.792840090573506,51.03619791448819,0.0
2025-09-29,AIRA,806.9,0.05893250830633413,66.43009918929907,47.53395763212251,0.0
2025-09-30,AIRA,812.77,0.050523841581532586,64.37505005169402,46.9702458188566,0.0
2025-10-01,AIRA,822.4,0.0278520443456242,58.582972088284635,47.596102842151424,0.0
2025-10-02,AIRA,831.0,0.026946090481920808,58.34530432776227,49.90785154348619,0.0
2025-10-03,AIRA,824.8,0.02385331662894714,57.53108290049257,37.032442191194164,0.0
2025-10-06,AIRA,823.0,0.026346600223726625,58.18781989460607,38.57129387099864,0.0
2025-10-07,AIRA,807.6,0.059516168423783614,66.5705668036566,44.26744181596,0.0
2025-10-08,AIRA,798.99,0.07109245228648794,69.29371147451579,44.00018899081741,0.0
2025-10-09,AIRA,810.0,0.059978659611992946,66.68166493825733,44.408982452882114,0.0
2025-10-10,AIRA,805.0,0.06276963423050379,67.34814369250994,46.14901392225206,0.0
2025-10-13,AIRA,803.99,0.07668994156525283,70.5651588201547,45.4173860596287,0.0
2025-10-14,AIRA,802.0,0.07690090547440921,70.61247490993658,47.6733095015194,0.0
2025-10-15,AIRA,801.17,0.07926836120725032,71.14039913594566,52.37876470844058,0.0
2025-10-16,AIRA,812.88,0.07448128207291185,70.06713656447134,53.93284472011665,0.0
2025-10-17,AIRA,815.0,0.05929483883532969,66.51733453194497,47.555386241370606,0.0
2025-10-20,AIRA,815.89,0.05203583845141749,64.74877052877804,52.25127638061964,0.0
2025-10-21,AIRA,813.97,0.04847390446315338,63.865564696179646,45.70751001631315,0.0
2025-10-22,AIRA,836.01,0.017747064030334547,55.91186391665379,44.17197117953475,0.0
2025-10-23,AIRA,850.05,0.0007183890443419848,51.34022171770065,51.50912736200295,0.0
2025-10-24,AIRA,853.9,-0.005648142044810246,49.62107760736988,49.182641503161044,0.0
2025-10-28,AIRA,849.76,-0.0013020768515778665,50.794788524985755,50.48521462121652,0.0
2025-10-29,AIRA,845.02,0.010253336729514784,53.90775537497417,42.8884334461741,0.0
2025-10-30,AIRA,847.12,0.013716188594933038,54.83582461623615,48.13977360286769,0.0
2025-10-31,AIRA,869.88,0.002766531836903615,51.89280020299824,57.77631961564427,0.0
2025-11-03,AIRA,865.97,0.001613452352082989,51.581753515393224,50.95224668483692,0.0
2025-11-04,AIRA,873.0,-0.06508086647029943,34.13642177526336,57.69449796182672,0.0
2025-11-05,AIRA,857.0,-0.07636965234946566,31.449756892535213,42.50871672691772,0.0
2025-11-06,AIRA,862.0,-0.08876940301255849,28.63592246767668,46.32478914096494,0.0
2025-11-07,AIRA,862.0,-0.06212207122601554,34.85869447997957,50.21468887853067,0.0
2025-11-10,AIRA,865.01,-0.028462682714191938,43.49637492344287,47.27458432270987,0.0
2025-11-11,AIRA,870.46,0.0066258110471784926,52.93264924248021,45.38664986990307,0.0
2025-11-12,AIRA,870.0,0.030189422550629466,59.19429183414259,47.762460635445926,0.0
2025-11-13,AIRA,861.7,0.02872591485822593,58.811845208335335,49.81295195712782,0.0
2025-11-14,AIRA,870.0,0.02213947728516696,57.07809169671678,47.11174944082881,0.0
2025-11-17,AIRA,861.0,0.017961256291134337,55.96889639430764,46.676552358629145,0.0
2025-11-18,AIRA,861.22,0.03625108693168015,60.766042845528375,46.0296036739862,0.0
2025-11-19,AIRA,871.94,,,47.06050590865911,0.0
2025-11-20,AIRA,871.94,,,49.34275610532342,0.0
2025-11-21,AIRA,875.0,,,48.58413066506016,0.0
2025-11-24,AIRA,871.88,,,44.577463876735294,0.0
2025-11-25,AIRA,881.99,,,44.181426569480735,0.0
2025-11-26,AIRA,880.0,,,46.010790274867574,0.0
2025-11-27,AIRA,881.0,,,48.73116483743113,0.0
2025-11-28,AIRA,890.0,,,43.82059152170224,0.0
2025-12-01,AIRA,879.95,,,52.96959583662221,0.0
2025-12-02,AIRA,874.99,,,46.59487927217225,0.0
2025-12-03,AIRA,870.03,,,49.732738154986315,0.0
2025-12-04,AIRA,867.9,,,47.473218511793604,0.0
2025-12-05,AIRA,868.0,,,47.6671819479476,0.0
2025-12-08,AIRA,866.5,,,48.11121883353607,0.0
2025-12-09,AIRA,865.99,,,48.024515107602014,0.0
2025-12-10,AIRA,870.92,,,48.134323144174076,0.0
2025-12-11,AIRA,876.0,,,48.32759654282636,0.0
2025-12-12,AIRA,890.0,,,46.39915041802794,0.0
2025-12-15,AIRA,885.0,,,45.58571309549475,0.0
2025-12-17,AIRA,833.96,,,45.638515604674325,0.0
2025-12-18,AIRA,809.0,,,37.60558688686541,0.0
2025-12-19,AIRA,803.03,,,41.127373913304496,0.0
2025-12-22,AIRA,826.0,,,46.758540412429056,0.0
2025-12-23,AIRA,858.0,,,48.76512641854543,0.0
2025-12-24,AIRA,893.95,,,46.93384899825621,0.0
2025-12-25,AIRA,913.98,,,46.76349025361315,0.0
2025-12-26,AIRA,904.0,,,41.2255782880039,0.0
2025-12-29,AIRA,906.98,,,38.92087061140911,0.0
2025-12-30,AIRA,894.0,,,46.49130335580372,0.0
2025-12-31,AIRA,909.98,,,46.61691056590408,0.0
2025-01-05,KCEL,3411.59,-0.021550543335772773,45.33971628391537,49.77666225222283,0.0
2025-01-06,KCEL,3380.0,-0.003693880905419368,50.14887668774691,55.5503075331462,0.0
2025-01-08,KCEL,3432.6,-0.01983999425674836,45.798069600136344,49.51794278506799,0.0
2025-01-09,KCEL,3399.99,-0.00881678080565782,48.765535434909005,49.607753017823676,0.0
2025-01-10,KCEL,3412.0,-0.011280853290906046,48.100702223489236,50.722452283115246,0.0
2025-01-13,KCEL,3418.01,-0.022421169006815178,45.10672429792098,48.14478840156025,0.0
2025-01-14,KCEL,3420.0,-0.014718922305764466,47.174248575513865,46.602729205478234,0.0
2025-01-15,KCEL,3434.5,-0.025678813313552724,44.23691416885224,45.411114125727075,0.0
2025-01-16,KCEL,3439.01,-0.02437738699763315,44.584009234377696,45.13205598120651,0.0
2025-01-17,KCEL,3474.0,-0.034658701373468215,41.859006099530376,52.157257107532345,0.0
2025-01-20,KCEL,3424.0,-0.020292393561786085,45.67677368698778,49.74783636165711,0.0
2025-01-21,KCEL,3409.99,-0.015892293393123973,46.858474069365776,48.36340248974391,0.0
2025-01-22,KCEL,3429.81,-0.021675271631039935,45.306324418191295,49.45771562943709,0.0
2025-01-23,KCEL,3439.97,-0.024333041136940434,44.59584594217329,50.00147297928201,0.0
2025-01-24,KCEL,3407.55,-0.016304393849512096,46.7476290560327,51.31907521231257,0.0
2025-01-27,KCEL,3424.99,-0.027847692315125155,43.659731327192326,50.41042102917245,0.0
2025-01-28,KCEL,3425.0,-0.02382832811956896,44.730605789149045,51.631005448801105,0.0
2025-01-29,KCEL,3440.0,-0.029344970468807678,43.262265140238114,47.70971334753936,0.0
2025-01-30,KCEL,3429.0,-0.027214691913510836,43.828015379158394,49.602640590858634,0.0
2025-01-31,KCEL,3442.99,-0.03377912252187404,42.09044231495959,49.600366687946924,0.0
2025-02-03,KCEL,3367.99,-0.013988352403630812,47.37097351467107,52.05513363178,0.0
2025-02-04,KCEL,3396.13,-0.017056904580559258,46.545305529410626,48.59491179855564,0.0
2025-02-05,KCEL,3424.99,-0.023934086520563058,44.702361508189476,52.95968150107402,0.0
2025-02-06,KCEL,3426.34,-0.027429515999348134,43.77088797328373,55.54862521197658,0.0
2025-02-07,KCEL,3450.56,-0.034130305639829876,41.99799615017572,48.45616356817938,0.0
2025-02-10,KCEL,3460.93,-0.035692792997101985,41.587372537696794,50.636469373188255,0.0
2025-02-11,KCEL,3473.99,-0.0434964788623958,39.55503517275504,53.79088705240569,0.0
2025-02-12,KCEL,3450.5,-0.03289111561931443,42.32444926933053,50.032970179205655,0.0
2025-02-13,KCEL,3403.04,-0.03536605304165014,41.67314568741464,50.65398316321441,0.0
2025-02-14,KCEL,3429.68,-0.031094232411150037,42.79900714844784,49.34642595345944,0.0
2025-02-17,KCEL,3398.0,-0.02604838513784953,44.13844906610364,47.77936268816063,0.0
2025-02-18,KCEL,3427.0,-0.04935766335033187,38.0515723405835,51.50332631357503,0.0
2025-02-19,KCEL,3424.99,-0.05179361182122776,37.43322153464184,51.465887592522435,0.0
2025-02-20,KCEL,3429.95,-0.038119526731959855,40.95195220271399,50.047765059176776,0.0
2025-02-21,KCEL,3433.5,-0.028384847822921153,43.5170420347714,52.74178952888532,0.0
2025-02-24,KCEL,3401.5,-0.03292349477004776,42.31591061936423,54.69130220677503,0.0
2025-02-25,KCEL,3429.97,-0.032622660130397704,42.395260817875055,52.02521700628995,0.0
2025-02-26,KCEL,3407.0,-0.026588352644648504,43.994668450840244,55.101783224907635,0.0
2025-02-27,KCEL,3416.0,-0.030105503512880626,43.060703029398425,51.98322790114067,0.0
2025-02-28,KCEL,3415.0,-0.030491984475586244,42.95836259944703,47.99788228361171,0.0
2025-03-03,KCEL,3415.0,-0.03896569232378164,40.73108776780548,51.73713385565659,0.0
2025-03-04,KCEL,3416.0,-0.037844769711163156,41.02374777184817,49.050497767289514,0.0
2025-03-05,KCEL,3416.0,-0.041707136351808484,40.018132153223355,51.0451166878995,0.0
2025-03-06,KCEL,3416.9,-0.04875008164366937,38.20641802964443,51.03626155909381,0.0
2025-03-07,KCEL,3412.0,-0.04595730847243157,38.92121504022782,49.46615840996734,0.0
2025-03-11,KCEL,3390.01,-0.02877129792027119,43.41445217953054,50.095888316784034,0.0
2025-03-12,KCEL,3403.88,-0.04701937042993512,38.64880536456916,45.10302000039168,0.0
2025-03-13,KCEL,3400.0,-0.045138468720821695,39.13171453196852,49.35688876479787,0.0
2025-03-14,KCEL,3396.6,-0.03801822536822534,40.978418352351994,48.06424532043395,0.0
2025-03-17,KCEL,3388.0,-0.038184963269054184,40.934858937872015,49.74991645520763,0.0
2025-03-18,KCEL,3381.0,-0.03467781967859608,41.85397959817187,44.63033125772058,0.0
2025-03-19,KCEL,3399.0,-0.03754338846159233,41.10254440279413,49.834652398423714,0.0
2025-03-20,KCEL,3404.5,-0.030347863530294814,42.99651893767397,45.39999776041165,0.0
2025-03-26,KCEL,3394.0,-0.033408502165352426,42.18806535787035,48.29312687724746,0.0
2025-03-27,KCEL,3395.0,-0.04161365570283099,40.04237561416527,49.24388255877455,0.0
2025-03-28,KCEL,3400.0,-0.04394659197012145,39.43883292172882,47.74596545937494,0.0
2025-03-31,KCEL,3386.0,-0.037758691484075395,41.046248387173236,49.764486705194166,0.0
2025-04-01,KCEL,3400.0,-0.041080485527544355,40.1807419424996,49.64166955741308,0.0
2025-04-02,KCEL,3345.0,-0.02780538116591931,43.67097529849126,56.82405321001551,0.0
2025-04-03,KCEL,3385.97,-0.03007582573580583,43.068564188740375,44.64435869327196,0.0
2025-04-04,KCEL,3372.0,-0.04554475653843981,39.02721886514855,45.535877826107736,0.0
2025-04-07,KCEL,3321.04,-0.023369014544688482,44.85331122421383,49.749320342439866,0.0
2025-04-08,KCEL,3311.01,-0.014579068266610127,47.21190130839733,51.00628705811756,0.0
2025-04-09,KCEL,3362.95,-0.028578500811952415,43.465626506394464,55.001787941146645,0.0
2025-04-10,KCEL,3400.01,-0.03969569009437564,40.5408453911508,49.45551788786848,0.0
2025-04-11,KCEL,3353.0,-0.0318757514000729,42.59243935309651,49.32663331405726,0.0
2025-04-14,KCEL,3382.1,-0.03447153863970112,41.90822302105056,49.224045151511405,0.0
2025-04-15,KCEL,3380.0,-0.03826548088663473,40.91382921527328,49.01288364860888,0.0
2025-04-16,KCEL,3376.99,-0.034652805664920745,41.86055620760087,50.49160275180454,0.0
2025-04-17,KCEL,3374.79,-0.04828313616057097,38.325584961328374,52.43936785011125,0.0
2025-04-18,KCEL,3346.0,-0.042895707976356515,39.710315387249345,55.87738227747786,0.0
2025-04-21,KCEL,3351.0,-0.03703455649344187,41.235682808993005,47.43713836516799,0.0
2025-04-22,KCEL,3338.0,-0.04170661145824421,40.018268266550216,49.04553369983346,0.0
2025-04-23,KCEL,3315.03,-0.039701107089744135,40.5394347389638,54.107891122517216,0.0
2025-04-24,KCEL,3320.0,-0.033625879709313376,42.130799696432646,53.11366225616956,0.0
2025-04-25,KCEL,3356.9,-0.029552009518892003,43.20737172582899,44.301044815919774,0.0
2025-04-28,KCEL,3308.55,-0.014182924669920919,47.31857164528547,53.13589831679772,0.0
2025-04-29,KCEL,3311.14,-0.024920597991426825,44.43906669307486,55.50001643415986,1.0
2025-04-30,KCEL,3332.0,-0.015450106709350432,46.97744600631913,53.828086825959446,1.0
2025-05-02,KCEL,3323.0,-0.012836640132028333,47.68126544169918,49.03152516325393,1.0
2025-05-05,KCEL,3328.0,-0.0202267399267399,45.69437339274176,54.58055770275475,1.0
2025-05-06,KCEL,3335.94,-0.023941501281711977,44.70038141910593,50.17658979129296,1.0
2025-05-08,KCEL,3365.8,-0.03302060726146387,42.290304006563865,48.23654626192234,1.0
2025-05-12,KCEL,3345.01,-0.023273798863533514,44.878755947885004,53.0803103283381,1.0
2025-05-13,KCEL,3318.1,-0.013725164513732496,47.44186402073269,53.47447159676685,1.0
2025-05-14,KCEL,3314.99,-0.01308305660214822,47.61486055677027,51.07623553405498,1.0
2025-05-15,KCEL,3322.17,-0.018521070565323317,46.15197459896405,51.84867792040251,1.0
2025-05-16,KCEL,3324.5,-0.01562599095937574,46.93011951809334,49.08489974703885,1.0
2025-05-19,KCEL,3315.1,-0.00854515860088012,48.838853035745245,51.701785445663575,1.0
2025-05-20,KCEL,3348.0,-0.0179581071855266,46.30315409069622,47.61026954473298,1.0
2025-05-21,KCEL,3282.0,0.00798697077856133,53.29884201188009,53.336622126736344,1.0
2025-05-22,KCEL,3305.99,0.006656984744670122,52.94103958641788,49.9149761512384,1.0
2025-05-23,KCEL,3325.0,0.009838137009189642,53.79628385646522,47.82195598022065,1.0
2025-05-26,KCEL,3330.0,0.023928850278850278,57.55101898427624,44.6838440826868,1.0
2025-05-27,KCEL,3328.87,0.022485820232338753,57.16973308579678,44.6419392619331,1.0
2025-05-28,KCEL,3309.0,0.03326613276921528,59.994632062823804,47.135361534935896,1.0
2025-05-29,KCEL,3328.9,0.02637647489017533,58.19567186835479,54.09696057334805,1.0
2025-05-30,KCEL,3313.98,0.030171435856583318,59.18959816784929,49.20196935201985,1.0
2025-06-02,KCEL,3323.21,0.028761238911144564,58.82108889924116,48.096198692844546,1.0
2025-06-03,KCEL,3275.0,0.0440332030776687,62.75125317539576,58.96212465364668,1.0
2025-06-04,KCEL,3265.0,0.046723170227764385,63.427953879916345,49.727614839654684,1.0
2025-06-05,KCEL,3289.4,0.0245549039434991,57.71616222797373,51.42561090911725,1.0
2025-06-09,KCEL,3260.89,0.045883218632200344,63.21720605972292,54.06226512856366,1.0
2025-06-10,KCEL,3245.02,0.04710162120702065,63.52274179762804,51.22636548196422,1.0
2025-06-11,KCEL,3270.01,0.03651962925650966,60.83518648573284,48.0043170741201,1.0
2025-06-12,KCEL,3319.99,0.02062674826377616,56.677266573688826,46.53641619439993,1.0
2025-06-13,KCEL,3323.0,0.013970990427468008,54.903988650396585,50.33961680100741,0.0
2025-06-16,KCEL,3290.05,0.024008776028154093,57.57211162801072,46.913905436047486,0.0
2025-06-17,KCEL,3342.35,0.007400087347059631,53.14099403639212,46.310434613725626,0.0
2025-06-18,KCEL,3342.0,0.0001743922943204801,51.19339351449109,46.52301308547088,0.0
2025-06-19,KCEL,3322.4,0.012022426893544162,54.38226387054329,51.25407181912821,0.0
2025-06-20,KCEL,3317.9,0.00018808669855715013,51.19708998514583,48.06108649996314,0.0
2025-06-23,KCEL,3317.0,0.0016700067234209533,51.59701228385411,45.747688264426486,0.0
2025-06-24,KCEL,3329.1,-0.003870351811085736,50.10121573391459,46.93003166471612,0.0
2025-06-25,KCEL,3334.0,-0.016728931356585822,46.633472352145446,44.67364759811262,0.0
2025-06-26,KCEL,3332.98,0.0051769413557836465,52.54251362808668,45.370726806976116,0.0
2025-06-27,KCEL,3322.1,0.001928368458849191,51.66671627291679,48.62722331232423,0.0
2025-06-30,KCEL,3333.99,-0.0017288809675921751,50.679542392464874,46.34102714140022,0.0
2025-07-01,KCEL,3348.0,-0.01223964840416448,47.84217769588225,45.769420735851874,0.0
2025-07-02,KCEL,3349.7,-0.011274794828819077,48.1023361337051,46.63642418478387,0.0
2025-07-03,KCEL,3368.8,-0.015527693437067721,46.956568491132415,47.101507915755086,0.0
2025-07-04,KCEL,3389.0,-0.02177374594275604,45.27996416822367,46.22578185757667,0.0
2025-07-08,KCEL,3419.0,-0.033151687117276535,42.255747453198936,46.04210681041536,0.0
2025-07-09,KCEL,3471.0,-0.044740641162832176,39.23413090737136,46.485839283318214,0.0
2025-07-10,KCEL,3465.0,-0.04031075036075036,40.380776446175055,56.019639434295826,0.0
2025-07-11,KCEL,3480.0,-0.05427965243568693,36.80635909991582,46.35766135251872,0.0
2025-07-14,KCEL,3478.0,-0.054288714322224985,36.80408210740102,45.311811776036976,0.0
2025-07-15,KCEL,3475.0,-0.054790244946899685,36.678153798704635,48.947781286032104,0.0
2025-07-16,KCEL,3480.0,-0.05789599069512862,35.90243936365381,55.8747533025733,0.0
2025-07-17,KCEL,3479.6,-0.0592296501422349,35.571556678071666,50.3423889141646,0.0
2025-07-18,KCEL,3477.85,-0.04178164487569973,39.99881246122108,47.740164189218945,0.0
2025-07-21,KCEL,3431.0,-0.028154298228569578,43.578271917016856,48.49952758125969,0.0
2025-07-22,KCEL,3470.9,-0.04559000991005949,39.01558608283472,46.943354016809806,0.0
2025-07-23,KCEL,3457.99,-0.03849534077439328,40.85381234871042,47.12425550652075,0.0
2025-07-24,KCEL,3450.0,-0.03597346445824705,41.51373356253188,46.40028369665858,0.0
2025-07-25,KCEL,3449.98,-0.034528405181920976,41.893267502263086,51.28389167148216,0.0
2025-07-28,KCEL,3431.0,-0.031405995521690655,42.716572723106,47.57685832665945,0.0
2025-07-29,KCEL,3430.0,-0.025934985422740562,44.168657312161116,46.78489964911306,0.0
2025-07-30,KCEL,3429.01,-0.025934920195162137,44.168674689205034,46.905599433648284,0.0
2025-07-31,KCEL,3404.5,-0.024087318546648175,44.66144479242658,52.01954765702355,0.0
2025-08-01,KCEL,3423.9,-0.03439809170550427,41.92754127174987,44.67274792963876,0.0
2025-08-04,KCEL,3380.0,-0.030171212548135654,43.04329902228329,58.095466813727604,0.0
2025-08-05,KCEL,3384.0,-0.033150937183383994,42.25594513658075,44.39910236637263,0.0
2025-08-06,KCEL,3377.9,-0.026935363205842673,43.90232072603652,44.7831085009678,0.0
2025-08-07,KCEL,3340.0,-0.01628891740328866,46.75179127090777,50.57735433953661,0.0
2025-08-08,KCEL,3411.99,-0.049465343538521445,38.024154664145904,45.786019844074765,0.0
2025-08-11,KCEL,3390.06,-0.03746293882844612,41.12358583134622,47.95219968781293,0.0
2025-08-12,KCEL,3390.0,-0.037604003371260006,41.08669285260356,49.98518950250205,0.0
2025-08-13,KCEL,3369.05,-0.03152271770479326,42.68572016280382,47.076357179448344,0.0
2025-08-14,KCEL,3373.99,-0.03920257327330913,40.669324222446,46.77879664826719,0.0
2025-08-15,KCEL,3378.9,-0.040662159775863946,40.28941401617529,47.105829747783915,0.0
2025-08-18,KCEL,3377.99,-0.04186309098671755,39.97769744557194,49.299558192144154,0.0
2025-08-19,KCEL,3368.99,-0.03629938129212757,41.428271248973545,47.694201417587905,0.0
2025-08-20,KCEL,3380.0,-0.04217159058889828,39.89775232697097,50.020417176398404,0.0
2025-08-21,KCEL,3389.5,-0.04230658083905247,39.86278762365652,47.54799194787316,0.0
2025-08-22,KCEL,3355.56,-0.029392356949574452,43.24969983418875,50.223498906476706,0.0
2025-08-25,KCEL,3353.6,-0.028739945322912797,43.42277317746182,45.19135317922091,0.0
2025-08-26,KCEL,3348.97,-0.020296548178210305,45.675659999290076,44.97058110483506,0.0
2025-08-27,KCEL,3343.0,-0.02373785391412516,44.75477090888966,44.867755938666896,0.0
2025-08-28,KCEL,3338.0,-0.03169166785547846,42.64107254450821,47.867690495848365,0.0
2025-08-29,KCEL,3397.0,-0.038042972791118235,40.97195231970011,46.02827092107079,0.0
2025-09-02,KCEL,3398.0,-0.048624855423825344,38.238362563166575,45.53201953984646,0.0
2025-09-03,KCEL,3377.0,-0.01807632008780217,46.27140319179144,46.12684944962059,0.0
2025-09-04,KCEL,3389.0,-0.018718816596177176,46.09888806937976,44.9051670982997,0.0
2025-09-05,KCEL,3389.9,-0.011832965621030167,47.951820215876104,45.241421741769855,0.0
2025-09-08,KCEL,3394.9,-0.01819083384647469,46.24064873178326,50.57851997385415,0.0
2025-09-09,KCEL,3387.0,-0.0153087951832638,47.015473696146614,49.4771630205333,0.0
2025-09-10,KCEL,3404.89,-0.030857403163200268,42.86165479157346,44.3324190442138,0.0
2025-09-11,KCEL,3404.0,-0.030328718314587846,43.00158830291258,44.27959048815951,0.0
2025-09-12,KCEL,3385.99,-0.02042997235293116,45.639896580652675,48.23572245818444,0.0
2025-09-15,KCEL,3370.01,-0.02111940020619791,45.45517268063573,47.31153082766638,0.0
2025-09-16,KCEL,3341.12,-0.013711105030078274,47.44565128065402,49.908788442649026,0.0
2025-09-17,KCEL,3335.0,-0.016411990433354777,46.718693428257474,50.91291723296923,0.0
2025-09-18,KCEL,3350.0,-0.018421369343757443,46.17874351976956,49.67472176807381,0.0
2025-09-19,KCEL,3348.0,-0.010599743983614953,48.28441561194683,47.653479398435636,0.0
2025-09-22,KCEL,3307.0,4.233216217636518e-05,51.157746436600014,50.165092084980394,0.0
2025-09-23,KCEL,3326.47,-0.01760669303930114,46.39755830500184,50.67033506147918,0.0
2025-09-24,KCEL,3325.98,-0.009508644970805578,48.57880878727793,47.58241556094612,0.0
2025-09-25,KCEL,3325.99,-0.009518520783428682,48.57614368713622,47.08108682298035,0.0
2025-09-26,KCEL,3305.01,-0.006211736921478982,49.46887464822481,46.621966790466516,0.0
2025-09-29,KCEL,3304.92,-0.013486958145518178,47.5060345724385,48.42455384665236,0.0
2025-09-30,KCEL,3300.0,-0.01079877344877345,48.230727026636856,44.87583107511276,0.0
2025-10-01,KCEL,3310.0,-0.017765736344890475,46.35482952811644,49.898450725575344,0.0
2025-10-02,KCEL,3301.0,-0.013323699768708923,47.5500196115082,52.54774984024303,0.0
2025-10-03,KCEL,3309.85,-0.016368271178787933,46.730450451620825,51.14497339681908,0.0
2025-10-06,KCEL,3320.05,-0.024918482503968786,44.43963097718906,53.00753497959867,0.0
2025-10-07,KCEL,3320.3,-0.022952935848214194,44.96452063437345,58.96125979240609,0.0
2025-10-08,KCEL,3343.99,-0.010036842061168411,48.43628053559242,48.1735145401493,0.0
2025-10-09,KCEL,3326.51,-0.018215051061904693,46.2341451856609,49.05108471002926,0.0
2025-10-10,KCEL,3295.01,-0.01879063014140244,46.079611323088656,57.46191954855343,0.0
2025-10-13,KCEL,3331.85,-0.0211815711205772,45.43852080262896,44.33521205974213,0.0
2025-10-14,KCEL,3297.03,-0.012479166303786022,47.77761283345443,57.135399691981924,0.0
2025-10-15,KCEL,3380.0,-0.039234359443974826,40.66103864276281,47.356310709928955,0.0
2025-10-16,KCEL,3390.0,-0.036615458631830314,41.345438313601846,43.84261541521677,0.0
2025-10-17,KCEL,3414.4,-0.05097479507891882,37.64062703967937,46.98987616976319,0.0
2025-10-20,KCEL,3398.0,-0.02864348099255404,43.44837719118652,47.72417610138938,0.0
2025-10-21,KCEL,3399.99,-0.01686604936793225,46.59660925461783,47.35890231431216,0.0
2025-10-22,KCEL,3365.11,-0.009435918158858312,48.598435190957794,47.734897054251824,0.0
2025-10-23,KCEL,3366.13,-0.008850630596749095,48.75639889865397,47.177076860900215,0.0
2025-10-24,KCEL,3382.0,-0.015377356781466775,46.99702296672033,49.04770930250668,0.0
2025-10-28,KCEL,3363.9,-0.01829094191973888,46.213765486348194,48.88587973576892,0.0
2025-10-29,KCEL,3360.0,-0.014444444444444444,47.24814891342742,43.93712445219941,0.0
2025-10-30,KCEL,3345.1,-0.003963728241687767,50.07599671079389,52.914245845341455,0.0
2025-10-31,KCEL,3353.64,-0.0020665577445061444,50.58835734758178,49.72331780343868,0.0
2025-11-03,KCEL,3378.0,-0.011480910090501565,48.04675108980672,44.22431073035672,0.0
2025-11-04,KCEL,3371.99,-0.01463491918624462,47.19686425036842,48.05361654837928,0.0
2025-11-05,KCEL,3333.3,-0.010550219359336506,48.29777559591735,49.51101180155953,0.0
2025-11-06,KCEL,3359.9,-0.016766361338229636,46.623409229815415,45.53482078131419,0.0
2025-11-07,KCEL,3360.0,-0.010537301587301588,48.30126039192332,48.574199391934606,0.0
2025-11-10,KCEL,3349.88,-0.015009284805463752,47.096084947948256,47.39063809559233,0.0
2025-11-11,KCEL,3325.91,-0.012362109509544314,47.80916595254168,49.64303678585458,0.0
2025-11-12,KCEL,3330.0,-0.01135329257829258,48.08116634496727,47.21973795407298,0.0
2025-11-13,KCEL,3317.18,-0.004439931587042187,49.94738380719174,49.22655136765289,0.0
2025-11-14,KCEL,3322.99,-0.0017053650537139885,50.68589238546816,47.034543919114164,0.0
2025-11-17,KCEL,3321.99,0.00010639864960467274,51.17504009478665,47.64114918440875,0.0
2025-11-18,KCEL,3304.03,0.0035348448580518332,52.09997504472184,47.1231521430182,0.0
2025-11-19,KCEL,3311.0,,,44.9240428529838,0.0
2025-11-20,KCEL,3378.01,,,47.35068146381952,0.0
2025-11-21,KCEL,3333.34,,,49.827226650704624,0.0
2025-11-24,KCEL,3300.02,,,50.559502236505125,0.0
2025-11-25,KCEL,3329.0,,,47.72494505356185,0.0
2025-11-26,KCEL,3323.0,,,47.85231296340486,0.0
2025-11-27,KCEL,3316.25,,,46.87361588235163,0.0
2025-11-28,KCEL,3335.0,,,45.971473886819965,0.0
2025-12-01,KCEL,3310.0,,,47.959846605791725,0.0
2025-12-02,KCEL,3369.99,,,45.46333998926826,0.0
2025-12-03,KCEL,3412.0,,,43.90910544833632,0.0
2025-12-04,KCEL,3402.0,,,45.21311646828356,0.0
2025-12-05,KCEL,3405.0,,,44.077790193808596,0.0
2025-12-08,KCEL,3399.0,,,46.30236286035503,0.0
2025-12-09,KCEL,3371.0,,,48.52240673904662,0.0
2025-12-10,KCEL,3380.0,,,46.383217117730354,0.0
2025-12-11,KCEL,3400.0,,,44.02183524651489,0.0
2025-12-12,KCEL,3415.0,,,45.26601496909154,0.0
2025-12-15,KCEL,3408.0,,,44.96165690682872,0.0
2025-12-17,KCEL,3391.3,,,48.802554563205156,0.0
2025-12-18,KCEL,3366.0,,,48.86204104408032,0.0
2025-12-19,KCEL,3371.97,,,47.45651403887678,0.0
2025-12-22,KCEL,3393.0,,,45.305419200218154,0.0
2025-12-23,KCEL,3367.8,,,48.806537918368534,0.0
2025-12-24,KCEL,3352.51,,,46.38911974444258,0.0
2025-12-25,KCEL,3360.0,,,49.37270606083634,0.0
2025-12-26,KCEL,3370.0,,,47.22269282281553,0.0
2025-12-29,KCEL,3385.0,,,47.414002906758114,0.0
2025-12-30,KCEL,3390.0,,,45.08049547641692,0.0
2025-12-31,KCEL,3383.0,,,44.67083347141936,0.0
2025-01-05,KEGC,1522.0,-0.0418771817575037,39.97404477161757,45.13457838963629,0.0
2025-01-06,KEGC,1520.8,-0.041139448327112686,40.165432398774904,50.18364962855474,0.0
2025-01-08,KEGC,1515.02,-0.03809799310103926,40.9575776740185,45.475078287096686,0.0
2025-01-09,KEGC,1512.0,-0.03352142857142855,42.15831353812641,47.763052989721345,0.0
2025-01-10,KEGC,1514.0,-0.03475519437629741,41.83363830874741,44.02842790588072,0.0
2025-01-13,KEGC,1516.0,-0.03507108409766721,41.750621898401675,45.41170741617707,0.0
2025-01-14,KEGC,1512.0,-0.03582195767195767,41.55347928213843,48.00034697598463,0.0
2025-01-15,KEGC,1519.48,-0.037073199551141356,41.22556713493052,45.58913718712303,0.0
2025-01-16,KEGC,1515.15,-0.034945525195525254,41.78361344231868,47.119362975271606,0.0
2025-01-17,KEGC,1511.0,-0.03223529093525784,42.49749369022183,46.63003401721646,0.0
2025-01-20,KEGC,1514.0,-0.03483694040804344,41.81215084168035,44.39300748895401,0.0
2025-01-21,KEGC,1512.0,-0.0348505291005291,41.80857926796537,47.72721851131114,0.0
2025-01-22,KEGC,1511.0,-0.03485595710819073,41.80715262568223,47.64989047900908,0.0
2025-01-23,KEGC,1512.99,-0.033489216929013785,42.16679950336099,49.307559451445634,0.0
2025-01-24,KEGC,1513.95,-0.03409038615479221,42.00850182208638,45.66570645557913,0.0
2025-01-27,KEGC,1506.0,-0.03689083191045342,41.273312384048275,53.33379587847612,0.0
2025-01-28,KEGC,1507.97,-0.03488373278235611,41.799852564797426,44.50087460279372,0.0
2025-01-29,KEGC,1507.99,-0.03727952743413207,41.171568814452776,46.289297297837166,0.0
2025-01-30,KEGC,1507.0,-0.042782462266038934,39.73960914493455,51.4184837740843,0.0
2025-01-31,KEGC,1510.79,-0.038187605740694665,40.93416872014305,47.98503513218416,0.0
2025-02-03,KEGC,1508.0,-0.040994426550461094,40.20309037805281,47.54052896436395,0.0
2025-02-04,KEGC,1502.0,-0.03187668452645151,42.59219286604774,56.2722071548045,0.0
2025-02-05,KEGC,1492.0,-0.02465400017022001,44.510190120234604,53.03854611248247,0.0
2025-02-06,KEGC,1486.0,-0.02202855807643829,45.21176670690455,50.05419472797562,0.0
2025-02-07,KEGC,1487.0,-0.021088423479681016,45.463469876869176,45.712796066863405,0.0
2025-02-10,KEGC,1486.98,-0.025061564907204133,44.40146848442183,48.245576951155584,0.0
2025-02-11,KEGC,1487.94,-0.02519138662145238,44.366848554873926,45.249355427983396,0.0
2025-02-12,KEGC,1490.0,-0.022953542132736763,44.9643585498997,46.70406728658085,0.0
2025-02-13,KEGC,1493.0,-0.025678430293751792,44.23701624054297,44.843593533235506,0.0
2025-02-14,KEGC,1487.0,-0.021712077956042315,45.2964715507032,47.21035639611632,0.0
2025-02-17,KEGC,1485.0,-0.021763828763828763,45.282618744127575,47.18283599991102,0.0
2025-02-18,KEGC,1485.0,-0.028539502164502163,43.47597965334054,47.514845499599254,0.0
2025-02-19,KEGC,1484.0,-0.029949992512728382,43.10189923511553,46.19241114354811,0.0
2025-02-20,KEGC,1487.97,-0.03276610770762477,42.35741918799459,47.19329220578181,0.0
2025-02-21,KEGC,1488.0,-0.030727726574500767,42.89596741210845,47.12701003404537,0.0
2025-02-24,KEGC,1489.5,-0.031085354625233784,42.801355144076624,45.4747186548889,0.0
2025-02-25,KEGC,1484.5,-0.025746094698123993,44.21898497809516,50.80269026118317,0.0
2025-02-26,KEGC,1490.0,-0.03432121018429739,41.947765549768384,45.28704965015898,0.0
2025-02-27,KEGC,1489.0,-0.03413232274776935,41.99746532403183,45.26235333418596,0.0
2025-02-28,KEGC,1489.0,-0.03449986461564702,41.900773293531955,48.09166968223655,0.0
2025-03-03,KEGC,1488.0,-0.03193947772657443,42.5756067732784,45.57609629323875,0.0
2025-03-04,KEGC,1486.0,-0.028910879318079858,43.377411705071836,46.650733628016106,0.0
2025-03-05,KEGC,1485.0,-0.03166802549302549,42.64731967430061,48.69444156089827,0.0
2025-03-06,KEGC,1488.99,-0.03370490799292202,42.109985824124365,44.43403391601328,0.0
2025-03-07,KEGC,1489.0,-0.031082300894389542,42.80216280189557,51.613297972108974,0.0
2025-03-11,KEGC,1477.0,-0.021712557361017078,45.29634321884014,52.30054330301731,0.0
2025-03-12,KEGC,1482.0,-0.025760733564680935,44.21508420203905,44.851944276096276,0.0
2025-03-13,KEGC,1478.49,-0.021803328814566023,45.27204574737461,50.56896022465165,0.0
2025-03-14,KEGC,1469.3,-0.01103623078260998,48.16667780324283,53.04606212278168,0.0
2025-03-17,KEGC,1480.0,-0.01697257614757615,46.567972932178535,51.83271473141045,0.0
2025-03-18,KEGC,1473.1,-0.009226680345842255,48.654903492886156,49.85415429671523,0.0
2025-03-19,KEGC,1481.01,-0.015587789984698366,46.94039807312089,46.945059015499254,0.0
2025-03-20,KEGC,1482.0,-0.01418973234367977,47.31673832053283,46.96368845703755,0.0
2025-03-26,KEGC,1480.0,-0.011535017160017164,48.032160322372974,48.11693065597327,0.0
2025-03-27,KEGC,1482.45,-0.01191355678903485,47.930091068915715,47.81820235620896,0.0
2025-03-28,KEGC,1476.61,-0.006570715489135579,49.371934788386405,50.04557546866494,0.0
2025-03-31,KEGC,1477.49,-0.009763653767914209,48.50999440201418,46.96290710548791,1.0
2025-04-01,KEGC,1483.0,-0.014134212075479796,47.33169028795787,54.2638584721776,1.0
2025-04-02,KEGC,1482.0,-0.012793792172739541,47.69281305297636,47.486502586890595,1.0
2025-04-03,KEGC,1482.0,-0.012114266435319064,47.875978766662286,44.13913446263679,1.0
2025-04-04,KEGC,1480.0,-0.012104365079365072,47.87864810481785,47.59213700820726,1.0
2025-04-07,KEGC,1470.0,-0.0052386621315192675,49.73166524863682,53.60137298876718,1.0
2025-04-08,KEGC,1467.03,-0.0004543654201896903,51.023662287787275,54.538339749954964,1.0
2025-04-09,KEGC,1466.87,-0.042552259932903166,39.79917923001361,50.41318977177681,1.0
2025-04-10,KEGC,1470.0,-0.04938446712018141,38.044746814950564,44.84846025543771,1.0
2025-04-11,KEGC,1471.0,-0.04798498969494891,38.40174704428488,47.477471770569366,1.0
2025-04-14,KEGC,1473.99,-0.04688975450986778,38.682013062132995,44.31061244008858,1.0
2025-04-15,KEGC,1466.67,-0.03991697927147579,40.48323170585694,53.91317047113749,1.0
2025-04-16,KEGC,1466.0,-0.03646953647761969,41.38367340636678,47.40452442736769,1.0
2025-04-17,KEGC,1465.5,-0.034756195268963945,41.83337519895252,47.15879549004188,1.0
2025-04-18,KEGC,1468.39,-0.037340781040610685,41.155542143681146,52.16708040511801,1.0
2025-04-21,KEGC,1471.0,-0.03225497528945863,42.49229712133633,48.18954979113475,1.0
2025-04-22,KEGC,1466.0,-0.030215775027609942,43.031496970218,47.93836474145159,1.0
2025-04-23,KEGC,1467.0,-0.03289707128250073,42.322878677241796,46.47544679269523,1.0
2025-04-24,KEGC,1471.0,-0.04033615589222318,40.37416905296218,44.89208571990898,1.0
2025-04-25,KEGC,1473.0,-0.038923344809750106,40.742132409980606,45.90999747704688,1.0
2025-04-28,KEGC,1472.0,-0.03893083160800552,40.74017971230629,44.81787229508953,1.0
2025-04-29,KEGC,1474.35,-0.029369517196439952,43.25575606269582,46.24414216688627,1.0
2025-04-30,KEGC,1481.0,-0.03206073813275029,42.54358197993512,52.90719231325521,1.0
2025-05-02,KEGC,1483.0,-0.033793744715238244,42.086592027200375,50.86258223703649,1.0
2025-05-05,KEGC,1487.5,-0.034443207282913224,41.91567453278049,53.28772606587535,1.0
2025-05-06,KEGC,1486.05,-0.034394569296040435,41.92846780954156,51.11603949984861,1.0
2025-05-08,KEGC,1489.1,-0.0363983951369368,41.402317907877965,49.40865960140746,1.0
2025-05-12,KEGC,1491.01,-0.03931544289302989,40.63990533761291,46.40287201720389,1.0
2025-05-13,KEGC,1492.9,-0.04356897587735393,39.536311163950884,48.729681580911254,1.0
2025-05-14,KEGC,1494.88,-0.04318079722702174,39.63660281050001,46.54576152251806,0.0
2025-05-15,KEGC,1491.0,-0.043650905432595574,39.51515468012876,46.41815152940083,0.0
2025-05-16,KEGC,1490.03,-0.04535249773121642,39.07665460536088,47.477890711063544,0.0
2025-05-19,KEGC,1491.0,-0.045967767717415606,38.918528928749595,48.550309719184014,0.0
2025-05-20,KEGC,1492.0,-0.04394174432954594,39.440083766622955,46.78104504482121,0.0
2025-05-21,KEGC,1489.99,-0.04327256452237829,39.61288548397145,45.64257341943829,0.0
2025-05-22,KEGC,1489.99,-0.04173401957688651,40.0111611075129,50.1945257219246,0.0
2025-05-23,KEGC,1493.95,-0.04781772660311941,38.44449966709834,52.516048213201614,0.0
2025-05-26,KEGC,1432.0,-0.0029106987674026447,50.36039268862853,59.76503970694261,0.0
2025-05-27,KEGC,1425.0,0.0019499582289055906,51.672540735295634,54.48044435209362,0.0
2025-05-28,KEGC,1428.0,0.001196732026143791,51.46931052375919,44.153465768141324,0.0
2025-05-29,KEGC,1432.5,-0.006894770630765396,49.284429810936835,44.859231427285366,0.0
2025-05-30,KEGC,1435.6,-0.005599726014674405,49.63415308157539,47.15392702294483,0.0
2025-06-02,KEGC,1439.99,-0.010009266995571137,48.44372075859298,49.03150660063082,0.0
2025-06-03,KEGC,1441.99,-0.01288525582261375,47.6681637154772,49.6890892539601,0.0
2025-06-04,KEGC,1441.0,-0.010834666181994426,48.22104532318529,46.528856596595865,0.0
2025-06-05,KEGC,1450.99,-0.021924599753293795,45.23958776897135,49.5144943680415,0.0
2025-06-09,KEGC,1448.98,-0.020175782006039557,45.70803437391457,44.306058506803986,0.0
2025-06-10,KEGC,1446.0,-0.015761922874267274,46.893547080778006,47.85746060041695,0.0
2025-06-11,KEGC,1438.98,-0.01087871226907419,48.209164517211676,55.81401589861215,0.0
2025-06-12,KEGC,1443.0,-0.014992680592680656,47.10055430987886,46.43331339180773,0.0
2025-06-13,KEGC,1442.0,-0.014639331946370848,47.19567619972262,45.13455762757199,0.0
2025-06-16,KEGC,1458.4,-0.021360441971632393,45.39061767878433,54.57318353574917,0.0
2025-06-17,KEGC,1461.0,-0.027418948208989283,43.77369784320423,47.03740582645465,0.0
2025-06-18,KEGC,1460.4,-0.026326217213809722,44.064456502971986,49.48461086115102,0.0
2025-06-19,KEGC,1463.85,-0.029355389896505726,43.259502182927456,46.35118509158563,0.0
2025-06-20,KEGC,1462.48,-0.028429561527581342,43.50516915142507,46.26248185325245,0.0
2025-06-23,KEGC,1462.48,-0.02843679605332278,43.503248229155815,44.29706127761811,0.0
2025-06-24,KEGC,1460.0,-0.0268166394868449,43.933911199035066,44.78624937853037,0.0
2025-06-25,KEGC,1455.5,-0.023681439858664177,44.7698400210008,48.1691696867186,0.0
2025-06-26,KEGC,1458.0,-0.026759024103468546,43.94924349959317,49.42760909950156,0.0
2025-06-27,KEGC,1453.5,-0.023206934001670815,44.89662601465619,49.022901780450844,0.0
2025-06-30,KEGC,1449.99,-0.02196997447273036,45.22744433507352,45.842056173557474,0.0
2025-07-01,KEGC,1450.0,-0.0221821565407772,45.170666557649966,45.67248411686087,0.0
2025-07-02,KEGC,1453.99,-0.025053057923696997,44.40373725632623,44.13442205838869,0.0
2025-07-03,KEGC,1453.02,-0.024802376216759632,44.47060330824167,49.78813545749106,0.0
2025-07-04,KEGC,1455.3,-0.025602578506149904,44.25723108907717,47.550232349291626,0.0
2025-07-08,KEGC,1450.05,-0.022696873096329978,45.03298612241957,49.390966009196326,0.0
2025-07-09,KEGC,1454.2,-0.02622524188284403,44.09134533874768,44.27799863233395,0.0
2025-07-10,KEGC,1454.01,-0.026788221784680186,43.941473422850905,47.58910419571748,0.0
2025-07-11,KEGC,1456.0,-0.028830097680097675,43.39884768965614,47.700733545019354,0.0
2025-07-14,KEGC,1449.0,-0.026112474120082815,44.121378491244954,50.32383110244187,0.0
2025-07-15,KEGC,1454.0,-0.02917598906137421,43.30708039066526,45.880329713950886,0.0
2025-07-16,KEGC,1452.1,-0.02754959186093916,43.73896381193138,48.29974816969104,0.0
2025-07-17,KEGC,1450.0,-0.026121524356869184,44.11896800555469,49.440191120574006,0.0
2025-07-18,KEGC,1452.0,-0.025490446674537523,44.28711821883341,46.93426105950371,0.0
2025-07-21,KEGC,1446.01,-0.022692375590609864,45.03418882437779,49.87604976401051,0.0
2025-07-22,KEGC,1446.58,-0.021356953400982717,45.39155186615049,47.58115027316719,0.0
2025-07-23,KEGC,1450.0,-0.020089272030651348,45.731227753940644,47.5917122192494,0.0
2025-07-24,KEGC,1449.98,-0.02294633864681667,44.96628434112615,47.08363334164437,0.0
2025-07-25,KEGC,1448.1,-0.022768605907247864,45.01380445498721,48.75018412771093,0.0
2025-07-28,KEGC,1447.61,-0.02176630540892628,45.28195580687676,47.86908065590608,0.0
2025-07-29,KEGC,1454.27,-0.026020063183393914,44.145993270031035,51.665712638652074,0.0
2025-07-30,KEGC,1448.01,-0.010740771916531715,48.246372636523695,48.40423138637395,0.0
2025-07-31,KEGC,1449.01,-0.01244616082978602,47.78650941028482,48.35214630887309,0.0
2025-08-01,KEGC,1448.0,-0.013479172147680435,47.5081321870837,45.90880667356584,0.0
2025-08-04,KEGC,1448.0,-0.013833999824607557,47.41254761228328,47.99350521079422,0.0
2025-08-05,KEGC,1447.99,-0.013353315463460705,47.542040272746554,44.90028083296053,0.0
2025-08-06,KEGC,1447.9,-0.012528960305949488,47.76419120061767,46.0145562746715,0.0
2025-08-07,KEGC,1448.0,-0.013159265105673945,47.594325407798586,44.42984673193306,0.0
2025-08-08,KEGC,1446.0,-0.012124596588289533,47.8731938406793,47.084620456142815,0.0
2025-08-11,KEGC,1446.7,-0.013583156932965216,47.48011852181365,47.29995563753138,0.0
2025-08-12,KEGC,1445.0,-0.009791711978909146,48.502423205283065,44.89560952805211,0.0
2025-08-13,KEGC,1444.7,-0.008358888235158393,48.88913495571462,45.34250593599576,0.0
2025-08-14,KEGC,1444.5,-0.0046354027592344724,49.89459109711943,47.379684072034365,0.0
2025-08-15,KEGC,1443.9,0.005243897809833708,52.560550132508645,46.062510304820385,0.0
2025-08-18,KEGC,1445.0,0.001992769264568567,51.68409011081526,47.846778868033226,0.0
2025-08-19,KEGC,1444.0,0.006141065382755134,52.80215979745939,46.63687229087318,0.0
2025-08-20,KEGC,1443.0,0.007528286803286811,53.175479996586674,47.566842177495914,0.0
2025-08-21,KEGC,1441.99,0.008931903725528333,53.55285081819582,48.18023048552753,0.0
2025-08-22,KEGC,1440.99,0.00826174537247705,53.37272279808965,47.351214491541235,0.0
2025-08-25,KEGC,1438.0,0.011579112303243076,54.263428501440735,47.273453767476155,0.0
2025-08-26,KEGC,1438.51,0.010032820004561606,53.84855653138095,47.27890329494266,0.0
2025-08-27,KEGC,1439.0,0.010395675182280451,53.9459610187313,45.55734381146978,0.0
2025-08-28,KEGC,1439.0,0.012459018057072259,54.49924821542227,45.60454284034026,0.0
2025-08-29,KEGC,1441.9,0.009639771432534392,53.74301381743902,45.3860148350954,0.0
2025-09-02,KEGC,1440.0,0.011645238095238094,54.28115736235439,48.35667508783219,0.0
2025-09-03,KEGC,1442.5,0.008418333058237738,53.41481915319727,48.17750097807463,0.0
2025-09-04,KEGC,1447.76,0.004636439894887434,52.39689127266316,46.518026623764115,0.0
2025-09-05,KEGC,1443.61,0.009264507111415972,53.642215265523554,48.0741441692454,0.0
2025-09-08,KEGC,1442.01,0.00873217712643833,53.4991769313649,46.11234731365664,0.0
2025-09-09,KEGC,1443.0,0.009961981486981492,53.82953725695718,47.16360150479333,0.0
2025-09-10,KEGC,1443.5,0.005425724374728522,52.60952657691994,49.054845795954186,0.0
2025-09-11,KEGC,1459.45,-0.02584991080299333,44.19132294700398,51.5709304587847,0.0
2025-09-12,KEGC,1458.0,-0.02919671761708799,43.30158241748233,45.6784728274912,0.0
2025-09-15,KEGC,1455.5,-0.03545200362063983,41.65057772279186,47.969960584797384,0.0
2025-09-16,KEGC,1455.0,-0.03956809032891513,40.57407845075348,47.180289205783005,0.0
2025-09-17,KEGC,1455.69,-0.04292761974439224,39.702061963176334,47.53823314242622,0.0
2025-09-18,KEGC,1456.8,-0.0440823461729557,39.40380965992747,45.23656534756986,0.0
2025-09-19,KEGC,1456.0,-0.04497240537240538,39.17445415246175,45.6297437489971,0.0
2025-09-22,KEGC,1455.5,-0.045374262785384395,39.071057002654754,48.3267091410841,0.0
2025-09-23,KEGC,1454.11,-0.05240159767448429,37.27951690638249,48.07794897636318,0.0
2025-09-24,KEGC,1457.9,-0.05804996472421199,35.864168932179815,46.4495958915048,0.0
2025-09-25,KEGC,1459.7,-0.052531606706531425,37.24668259630807,45.3963015639728,0.0
2025-09-26,KEGC,1464.9,-0.057463021854246545,36.0101503831083,45.974187205426304,0.0
2025-09-29,KEGC,1478.57,-0.06992026923053385,32.97089482639094,46.29614562363864,0.0
2025-09-30,KEGC,1475.01,-0.0689876547568201,33.19393893166796,45.16354674792868,0.0
2025-10-01,KEGC,1480.0,-0.07466465036465036,31.84821042287156,44.723250113528245,0.0
2025-10-02,KEGC,1480.99,-0.07602215768206103,31.530746412262793,44.15461932965966,0.0
2025-10-03,KEGC,1481.99,-0.07804594923417539,31.060656864228285,46.630909797667904,0.0
2025-10-06,KEGC,1480.0,-0.07954595667095668,30.714730852849037,48.78167236352189,0.0
2025-10-07,KEGC,1481.7,-0.08204035559219304,30.144266376298944,45.06353953391775,0.0
2025-10-08,KEGC,1480.0,-0.08035220935220935,30.529684935795466,45.84767757873998,0.0
2025-10-09,KEGC,1481.02,-0.08335315491489889,29.84646345636189,48.47156434268035,0.0
2025-10-10,KEGC,1484.0,-0.0887882000598981,28.631772793648263,50.679038931405934,0.0
2025-10-13,KEGC,1483.0,-0.08423043862184118,29.64840066678418,50.32483291754349,0.0
2025-10-14,KEGC,1484.0,-0.08183169362084458,30.19175577650739,48.36561543157954,0.0
2025-10-15,KEGC,1482.0,-0.07637881080907397,31.44762388145831,48.240178372199004,0.0
2025-10-16,KEGC,1482.0,-0.0790957232825654,30.81833672972977,51.174133886854605,0.0
2025-10-17,KEGC,1484.5,-0.07732667137136655,31.227291107054754,48.165533851923676,0.0
2025-10-20,KEGC,1482.15,-0.07260159103650914,32.333911278914165,47.63466755504276,0.0
2025-10-21,KEGC,1485.0,-0.0735903318903319,32.100650736210206,52.68089168314113,0.0
2025-10-22,KEGC,1479.01,-0.07043864231146467,32.84725059686355,55.945153844033946,0.0
2025-10-23,KEGC,1449.75,-0.03746992482283481,41.12175853070439,49.75397886541516,0.0
2025-10-24,KEGC,1443.5,-0.034605561603466006,41.872978263558956,49.52088484422598,0.0
2025-10-28,KEGC,1432.0,-0.023194883390972778,44.899846758560095,51.224836330195465,0.0
2025-10-29,KEGC,1425.6,-0.016959676126342728,46.57144057088158,49.77371287137553,0.0
2025-10-30,KEGC,1421.5,-0.002444031427789775,50.486421081288476,50.60156208969581,0.0
2025-10-31,KEGC,1421.0,5.2105324888567645e-05,51.16038455360059,44.4862134408183,0.0
2025-11-03,KEGC,1419.0,0.006403422933655506,52.872789106019326,47.06426608185794,0.0
2025-11-04,KEGC,1418.0,0.014194204334296013,54.96368723937197,48.482359138944794,0.0
2025-11-05,KEGC,1406.5,0.021729977598338814,56.96967661551848,51.63697312333212,0.0
2025-11-06,KEGC,1402.0,0.02743014287978625,58.47233954419,47.80157049854628,0.0
2025-11-07,KEGC,1411.84,0.024023069478622573,57.57588342174012,51.442483211693805,0.0
2025-11-10,KEGC,1409.71,0.0266651258116467,58.27151668538965,48.472851703682835,0.0
2025-11-11,KEGC,1404.52,0.044060664333609556,62.758187280003064,47.64170742550189,0.0
2025-11-12,KEGC,1402.59,0.05265262080627036,64.9007069510517,46.78418771217399,0.0
2025-11-13,KEGC,1399.0,0.06255327359678682,67.29672274815955,46.23038087565956,0.0
2025-11-14,KEGC,1398.0,0.07620025376388037,70.45515813519442,47.115831945453806,0.0
2025-11-17,KEGC,1396.02,0.08635139896003675,72.68565681455061,48.1466215739272,0.0
2025-11-18,KEGC,1392.01,0.0967234062386434,74.85291312957287,50.68278929777521,0.0
2025-11-19,KEGC,1390.0,,,46.64506513222464,0.0
2025-11-20,KEGC,1390.99,,,46.90055083888692,0.0
2025-11-21,KEGC,1387.59,,,50.75047612974077,0.0
2025-11-24,KEGC,1382.38,,,50.84537407417876,0.0
2025-11-25,KEGC,1388.23,,,48.76518857945895,0.0
2025-11-26,KEGC,1392.77,,,47.31210794235463,0.0
2025-11-27,KEGC,1399.0,,,45.71937966126516,0.0
2025-11-28,KEGC,1395.0,,,47.79639941177278,0.0
2025-12-01,KEGC,1399.99,,,45.24181629851145,0.0
2025-12-02,KEGC,1404.78,,,47.95963932407099,0.0
2025-12-03,KEGC,1406.01,,,47.916931357949444,0.0
2025-12-04,KEGC,1405.0,,,50.24735981808475,0.0
2025-12-05,KEGC,1425.0,,,51.71545341125841,0.0
2025-12-08,KEGC,1423.0,,,48.70829747270458,0.0
2025-12-09,KEGC,1428.0,,,45.19497131024987,0.0
2025-12-10,KEGC,1430.5,,,44.09215454464496,0.0
2025-12-11,KEGC,1446.99,,,50.477599608229355,0.0
2025-12-12,KEGC,1450.01,,,46.61055711127744,0.0
2025-12-15,KEGC,1456.98,,,44.222003649509375,0.0
2025-12-17,KEGC,1467.0,,,46.78944661568626,0.0
2025-12-18,KEGC,1465.7,,,43.48082695186394,0.0
2025-12-19,KEGC,1469.0,,,52.34249368748148,0.0
2025-12-22,KEGC,1474.5,,,52.619475649505596,0.0
2025-12-23,KEGC,1476.0,,,52.302392314170426,0.0
2025-12-24,KEGC,1495.0,,,53.30660333814649,0.0
2025-12-25,KEGC,1505.0,,,51.26005943958539,0.0
2025-12-26,KEGC,1515.0,,,50.60331826578279,0.0
2025-12-29,KEGC,1533.0,,,47.258038110767274,0.0
2025-12-30,KEGC,1545.0,,,46.979390658675435,0.0
2025-12-31,KEGC,1555.0,,,49.81506153511823,0.0
2025-01-05,KMGZ,14654.7,-0.10622599202693629,24.94178200394285,48.00621796294503,0.0
2025-01-06,KMGZ,14629.99,-0.09490547928582488,27.300650304690034,47.96262111254332,0.0
2025-01-08,KMGZ,14843.03,-0.11490975584457158,23.227098674831133,51.48283051195711,0.0
2025-01-09,KMGZ,15000.0,-0.12489523809523809,21.359214353836826,50.209878624789866,0.0
2025-01-10,KMGZ,15567.0,-0.1514550791968358,16.933628200672846,57.64460626093681,0.0
2025-01-13,KMGZ,15751.0,-0.14704170153469717,17.614893994079605,64.19111121903492,0.0
2025-01-14,KMGZ,15980.0,-0.15648456503168642,16.1830208789508,66.20231341432763,0.0
2025-01-15,KMGZ,15775.0,-0.1498778475838301,17.174655567803025,49.94333795688626,0.0
2025-01-16,KMGZ,15485.0,-0.10099293350964322,26.015061245871745,53.74089051523723,0.0
2025-01-17,KMGZ,15193.0,-0.08737920779097308,28.943820206134486,44.82272472242246,0.0
2025-01-20,KMGZ,14899.99,-0.07256258345177113,32.343131961215626,50.443873271353084,0.0
2025-01-21,KMGZ,14799.99,-0.05873519506721673,35.69407287873333,51.23967839486232,0.0
2025-01-22,KMGZ,14588.99,-0.03749185554687211,41.11602235167518,50.85762235850241,0.0
2025-01-23,KMGZ,14610.0,-0.03044109791075906,42.97183397656577,63.61234767529435,0.0
2025-01-24,KMGZ,14502.0,-0.013610869108366007,47.4726530849497,59.520254307012635,0.0
2025-01-27,KMGZ,14480.02,-0.009348623651927372,48.62199347241737,49.848608046152485,0.0
2025-01-28,KMGZ,14344.92,0.0008171108059757091,51.36686494739928,49.653910023592736,0.0
2025-01-29,KMGZ,14149.99,0.014087905981413226,54.93525950262108,44.721045905917165,0.0
2025-01-30,KMGZ,13929.9,0.028903521595717904,58.85831549791346,48.95432178377224,0.0
2025-01-31,KMGZ,13840.0,0.02915850077988808,58.92500243132525,48.84360643067537,0.0
2025-02-03,KMGZ,13545.49,0.04892454078196262,63.97783700646108,43.276118628433515,0.0
2025-02-04,KMGZ,13738.98,0.03748931857525435,61.08449621857267,61.49712523155361,0.0
2025-02-05,KMGZ,13526.0,0.05398320495037187,65.22744958714452,47.19125040532064,0.0
2025-02-06,KMGZ,13720.0,0.04097414156138646,61.97559759021437,57.74118748112784,0.0
2025-02-07,KMGZ,13700.0,0.03693493222106361,60.942032048874594,50.36472488951724,0.0
2025-02-10,KMGZ,13400.0,0.06847946576640607,68.6898275593408,50.196899282091984,0.0
2025-02-11,KMGZ,13316.84,0.10822509460392982,77.11891496340439,51.03873103953045,0.0
2025-02-12,KMGZ,13424.0,0.08871703085684016,73.19009144409925,46.65147348593699,0.0
2025-02-13,KMGZ,13329.0,0.1070550295810424,76.89510192980555,46.7125268875711,0.0
2025-02-14,KMGZ,13306.0,0.10520368105807382,76.53785281636671,44.492042905118616,0.0
2025-02-17,KMGZ,13355.43,0.08976741940847102,73.4121686379737,48.24478821815053,0.0
2025-02-18,KMGZ,13499.0,0.08705080343987856,72.8354094257029,48.79436851026971,0.0
2025-02-19,KMGZ,13399.0,0.08954562046800457,73.36537290153588,47.707807596694636,0.0
2025-02-20,KMGZ,13391.0,0.0764049510865507,70.50116921223417,49.01341920710911,0.0
2025-02-21,KMGZ,13483.0,0.07889927086313275,71.0584664256957,45.97690726756459,0.0
2025-02-24,KMGZ,13712.02,0.05338703257758112,65.08122655709285,50.21597317735618,0.0
2025-02-25,KMGZ,13761.17,0.04665012404093638,63.4096465138551,52.00756392886298,0.0
2025-02-26,KMGZ,13689.45,0.05742064572144445,66.06489398472772,49.587906534609644,0.0
2025-02-27,KMGZ,14195.0,0.013299491772757056,54.724311788882204,44.827854029701015,0.0
2025-02-28,KMGZ,14133.99,0.017932487786366007,55.961237183671244,47.20189943307273,0.0
2025-03-03,KMGZ,14082.0,0.028462691480512104,58.74294468814154,48.29830132174846,0.0
2025-03-04,KMGZ,14192.0,0.013455035700864336,54.765942728148,48.23441169696959,0.0
2025-03-05,KMGZ,14299.5,0.0054980688219201795,52.629011743348286,49.63278146239345,0.0
2025-03-06,KMGZ,14422.78,-0.0021415488509502582,50.568106461392794,56.90857027714758,0.0
2025-03-07,KMGZ,14560.0,-0.01178211233211233,47.965531777533,56.55061669825167,0.0
2025-03-11,KMGZ,14600.0,-0.0094838171341596,48.585508896495824,58.35129865397355,0.0
2025-03-12,KMGZ,14610.0,-0.004981609954043219,49.80108836420403,50.544615493954,0.0
2025-03-13,KMGZ,14600.03,0.0062344447715800624,52.82729977480764,48.78136296810893,0.0
2025-03-14,KMGZ,14580.0,0.0077497648442092885,53.23505095382512,45.77045390562282,0.0
2025-03-17,KMGZ,14490.01,0.02068221899115101,56.691980330477065,47.18341477591526,0.0
2025-03-18,KMGZ,14450.0,0.022105282309002033,57.06904115698768,40.6868568934742,0.0
2025-03-19,KMGZ,14500.0,0.009147058018609745,53.61066148403525,54.023789733069975,0.0
2025-03-20,KMGZ,14498.99,0.003711369882009423,52.14756489802732,46.19667440545582,0.0
2025-03-26,KMGZ,14529.0,2.2283429856214537e-05,51.152334565309886,51.1805967301758,0.0
2025-03-27,KMGZ,14453.0,0.008159698321543615,53.345286321843446,49.54202580286596,0.0
2025-03-28,KMGZ,14560.0,-0.002458760683760653,50.4824433778151,44.254472102498724,0.0
2025-03-31,KMGZ,15000.0,-0.032240873015873014,42.49602003262539,53.003508754706736,0.0
2025-04-01,KMGZ,14860.0,-0.020220498194791603,45.69604666374728,48.735069497065005,1.0
2025-04-02,KMGZ,15000.0,-0.029534000000000015,43.212146029312265,48.23684204420941,1.0
2025-04-03,KMGZ,14950.0,-0.020868593725115462,45.522359055905866,51.97739799509169,1.0
2025-04-04,KMGZ,14800.01,-0.022233416850276057,45.15695169636122,54.157033891002314,1.0
2025-04-07,KMGZ,14923.0,-0.02372907937997062,44.75711466652927,46.302060066044774,1.0
2025-04-08,KMGZ,14846.9,-0.02095296175611239,45.49975660324699,45.59089227409052,1.0
2025-04-09,KMGZ,14663.02,-0.0058923510792608,49.555126126162065,45.30489007382259,1.0
2025-04-10,KMGZ,14798.0,-0.014920350347644575,47.120024009396474,45.48187996300017,1.0
2025-04-11,KMGZ,14700.0,-0.06630419501133787,33.839909331482794,50.24177969992641,1.0
2025-04-14,KMGZ,14660.0,-0.025904013187812644,44.176908674144364,46.13803406764033,1.0
2025-04-15,KMGZ,14731.0,-0.010654734077687373,48.269581525848935,48.44110142408404,1.0
2025-04-16,KMGZ,14649.03,-0.010674288017217374,48.26430674331293,51.66543567021078,1.0
2025-04-17,KMGZ,14652.0,-0.018850389025389026,46.06357127564657,49.602851298405064,1.0
2025-04-18,KMGZ,14747.0,-0.014822505492104393,47.14636307021369,47.12022517494307,1.0
2025-04-21,KMGZ,14650.0,-0.009095670133810064,48.69026178590605,48.51369211697616,1.0
2025-04-22,KMGZ,14648.0,-0.009935826766534032,48.463536520582466,44.60070298498979,1.0
2025-04-23,KMGZ,14665.01,-0.0027628559967861448,50.40031974577007,47.706655227875444,1.0
2025-04-24,KMGZ,14665.0,0.0076161429329090445,53.19911175585471,55.05545177014185,1.0
2025-04-25,KMGZ,14739.0,0.02554326075297476,57.97652337310789,49.59885165244326,1.0
2025-04-28,KMGZ,14815.0,0.05398419649218672,65.22769254426083,48.00468522041119,1.0
2025-04-29,KMGZ,14968.5,0.06372091427712481,67.57373213370946,49.47754886694535,1.0
2025-04-30,KMGZ,14970.0,0.05024792601075166,64.30666105762135,50.55172223520947,1.0
2025-05-02,KMGZ,15065.0,0.0752498167991613,70.24097788744501,47.844369077041286,1.0
2025-05-05,KMGZ,15044.0,0.10149716482445154,75.81117265309783,47.85152945001975,1.0
2025-05-06,KMGZ,14908.0,0.10831091701057491,77.13527112362448,45.1238180501469,1.0
2025-05-08,KMGZ,14828.0,0.15291059974479856,84.52451398564219,46.10330922928243,1.0
2025-05-12,KMGZ,14805.0,0.08448828098615332,72.28423124666541,48.64437647430124,1.0
2025-05-13,KMGZ,14845.0,0.0926314713681588,74.01170448832208,48.98228612175437,1.0
2025-05-14,KMGZ,14800.02,0.08919128517426067,73.29050552739376,49.58428190125639,1.0
2025-05-15,KMGZ,14800.0,0.10210810810810811,75.93199867649463,47.92331748969766,1.0
2025-05-16,KMGZ,14840.0,0.10119599430967355,75.7514584936514,47.18114682868338,0.0
2025-05-19,KMGZ,14839.99,0.09871459678469387,75.25565731827619,47.31739192963591,0.0
2025-05-20,KMGZ,14920.0,0.11484511894123153,78.3563589229497,45.26915085936898,0.0
2025-05-21,KMGZ,14750.0,0.13415798762442824,81.68569106411921,44.88617264430203,0.0
2025-05-22,KMGZ,14850.0,0.12168269600769602,79.58284590822376,45.4150635872574,0.0
2025-05-23,KMGZ,14815.0,0.13440039990571553,81.72483667044206,46.90932937704893,0.0
2025-05-26,KMGZ,14852.0,0.15112596390203448,84.27064138056792,48.494912725298526,0.0
2025-05-27,KMGZ,14855.0,0.17573544955736137,87.48309842873621,48.943854519817975,0.0
2025-05-28,KMGZ,14001.0,0.23849125300573765,93.22848937818866,48.59046839264273,0.0
2025-05-29,KMGZ,14555.0,0.18392287178354683,88.4199732593518,49.262647915689165,0.0
2025-05-30,KMGZ,14850.0,0.15559006734006733,84.89938264626926,46.65610211744961,0.0
2025-06-02,KMGZ,14767.0,0.15947761385586265,85.42995549028916,47.50784495847822,0.0
2025-06-03,KMGZ,14650.0,0.18292510834823122,88.30914820866276,47.48640072735983,0.0
2025-06-04,KMGZ,14804.0,0.17039961957943583,86.83812918804053,54.085553372634564,0.0
2025-06-05,KMGZ,14790.0,0.2127441860652308,91.24703887281201,52.4472491488193,0.0
2025-06-09,KMGZ,14775.0,0.24706431190073322,93.79028113952394,46.59656855628476,0.0
2025-06-10,KMGZ,14897.0,0.2532037177241397,94.16553040822309,54.59961652950756,0.0
2025-06-11,KMGZ,15049.0,0.28754383242255194,95.89974403366908,46.628671390733935,0.0
2025-06-12,KMGZ,15388.99,0.2707064223538831,95.1216800526332,50.6093041971057,0.0
2025-06-13,KMGZ,15889.6,0.2351204243806071,92.99494709779208,51.61417811210702,0.0
2025-06-16,KMGZ,16199.99,0.20493020848425572,90.54893109357343,64.963836770907,0.0
2025-06-17,KMGZ,16000.0,0.22709722222222223,92.40883263055298,34.30981641081755,0.0
2025-06-18,KMGZ,16478.16,0.18682604072530523,88.73725678741577,68.31446016664474,0.0
2025-06-19,KMGZ,16849.9,0.15595990464170234,84.95053393455285,56.24852969080798,0.0
2025-06-20,KMGZ,16799.0,0.15594609968280426,84.94862716892055,63.90343357995313,0.0
2025-06-23,KMGZ,17370.0,0.13835070935109797,82.35360891213122,63.923486050647604,0.0
2025-06-24,KMGZ,16330.0,0.20321077455068567,90.38876408499347,47.58102957028842,0.0
2025-06-25,KMGZ,16495.0,0.18007706664357165,87.98773383440943,62.52390315026175,0.0
2025-06-26,KMGZ,16394.0,0.23772371599365624,93.17595508452534,49.665078185985095,0.0
2025-06-27,KMGZ,16585.0,0.20426310779964685,90.48707576670782,52.6537363646772,0.0
2025-06-30,KMGZ,16616.0,0.1984929740697434,89.93678023144341,55.95616600903108,0.0
2025-07-01,KMGZ,16579.0,0.19988184632117317,90.07176545459284,51.81267702597488,0.0
2025-07-02,KMGZ,16909.0,0.17196408097688184,87.03010187592861,69.61240057483552,0.0
2025-07-03,KMGZ,17001.12,0.15351640121636803,84.60992776436748,43.777372997033964,0.0
2025-07-04,KMGZ,16931.0,0.15205145738586018,84.40271736977844,40.57669827926055,0.0
2025-07-08,KMGZ,17079.22,0.13797668903897556,82.29481212354848,44.314589250311215,0.0
2025-07-09,KMGZ,17370.0,0.12137296035858211,79.52842222516165,68.99865661091779,0.0
2025-07-10,KMGZ,17739.0,0.0866705213693798,72.75404942508038,69.48459216725263,0.0
2025-07-11,KMGZ,17597.89,0.0924076079943008,73.9651602783609,34.466077915876824,0.0
2025-07-14,KMGZ,17500.0,0.11010753968253968,77.47578390164365,45.62683124518041,0.0
2025-07-15,KMGZ,17434.0,0.11753336351518924,78.84482408575249,41.25940175727518,0.0
2025-07-16,KMGZ,17394.0,0.11899051000071179,79.1062020254517,49.2495339775128,0.0
2025-07-17,KMGZ,17600.0,0.12248684163059172,79.72363996294615,47.49948108523711,0.0
2025-07-18,KMGZ,17600.0,0.12351093073593075,79.901893018975,41.23885438937577,0.0
2025-07-21,KMGZ,18209.99,0.08222561363448176,71.79185855160217,67.25382826082472,0.0
2025-07-22,KMGZ,18699.0,0.04809807145276422,63.771812969888245,71.28415793933604,0.0
2025-07-23,KMGZ,18944.99,0.03556009717843307,60.58793043345222,69.03538935405167,0.0
2025-07-24,KMGZ,19655.0,-0.013261900118310705,47.566670656414445,49.63227207106736,0.0
2025-07-25,KMGZ,19840.0,-0.02460593798003069,44.523014635805566,30.56469747957229,0.0
2025-07-28,KMGZ,19920.0,-0.02711638458596282,43.85416336534348,59.260863114820225,0.0
2025-07-29,KMGZ,19820.02,-0.022147077305817935,45.180052543119274,40.88107525514309,0.0
2025-07-30,KMGZ,19930.0,-0.030181159454917686,43.04066458700785,62.09109597341177,0.0
2025-07-31,KMGZ,19862.0,-0.0026399245668125917,50.433518752076054,35.130950397521545,0.0
2025-08-01,KMGZ,19790.0,0.04753631784531228,63.631487863320956,41.361470735374304,0.0
2025-08-04,KMGZ,19730.0,0.06034847183002277,66.77036693930974,46.76430010480308,0.0
2025-08-05,KMGZ,20095.0,0.038805952578427075,61.422078448251696,53.12508762500408,0.0
2025-08-06,KMGZ,19951.01,0.06688328330821754,68.31777533498831,46.01228299798073,0.0
2025-08-07,KMGZ,19771.0,0.0864708980525429,72.71127976945101,45.85386914555697,0.0
2025-08-08,KMGZ,20595.0,0.027892591243829368,58.59359990336819,48.764981159174106,0.0
2025-08-11,KMGZ,20280.0,0.060436853104160804,66.79154822676526,45.44822447302544,0.0
2025-08-12,KMGZ,20222.03,0.06101627074414341,66.93024186907799,45.35432425409724,0.0
2025-08-13,KMGZ,20200.0,0.05314447194719465,65.02165227832486,45.998509105000295,0.0
2025-08-14,KMGZ,20130.0,0.06370604759539186,67.57021285608138,45.690941498824785,0.0
2025-08-15,KMGZ,19926.03,0.07718592327174442,70.6763296127718,48.60274559644978,0.0
2025-08-18,KMGZ,19819.03,0.08824094050291859,73.08904833302083,49.02692218954533,0.0
2025-08-19,KMGZ,19752.14,0.10478426944729215,76.45639015175776,51.52982972725404,0.0
2025-08-20,KMGZ,19800.0,0.09988755411255419,75.49086753883893,47.80875216993181,0.0
2025-08-21,KMGZ,19605.0,0.1084513228525279,77.16201213320217,50.35605054661252,0.0
2025-08-22,KMGZ,19550.0,0.10658138371290553,76.80406743671038,53.266140086808385,0.0
2025-08-25,KMGZ,19751.0,0.09242455672326819,73.9686860367155,50.24137008119382,0.0
2025-08-26,KMGZ,19806.0,0.07984744882503138,71.26866994797197,47.89118031851504,0.0
2025-08-27,KMGZ,19786.0,0.09005969520696853,73.47375363000211,48.18377157541153,0.0
2025-08-28,KMGZ,20081.99,0.07357655185582562,69.86174468727206,52.61913422436067,0.0
2025-08-29,KMGZ,20100.0,0.06258347547974406,67.30390312197649,45.84454879573347,0.0
2025-09-02,KMGZ,20044.86,0.08451470022501431,72.28994886983146,46.10420504653613,0.0
2025-09-03,KMGZ,19945.0,0.0890829484455267,73.26758841952127,52.00779383476112,0.0
2025-09-04,KMGZ,19970.0,0.09055045763089078,73.576956199779,46.425157573922995,0.0
2025-09-05,KMGZ,19759.0,0.09941733829149184,75.39675797882515,46.72504291087737,0.0
2025-09-08,KMGZ,19720.11,0.09650796291680114,74.80907693220755,48.14104486547207,0.0
2025-09-09,KMGZ,19749.99,0.0947805670263268,74.4557755922168,47.60755526640481,0.0
2025-09-10,KMGZ,19750.0,0.11074680630902142,77.59607265707061,47.55195276158942,0.0
2025-09-11,KMGZ,19700.01,0.11531361917183952,78.44207118487026,47.81567648932749,0.0
2025-09-12,KMGZ,20180.0,0.08976674768354656,73.41202699484026,50.10032512656202,0.0
2025-09-15,KMGZ,21100.0,0.03187943278417214,59.63454448357026,55.51423005424811,0.0
2025-09-16,KMGZ,21289.0,0.009902034361586244,53.81344131683912,49.58725347073887,0.0
2025-09-17,KMGZ,21250.0,0.033406112044818005,60.0309215677118,40.76381133700174,0.0
2025-09-18,KMGZ,21658.0,0.014751921281333048,55.11278588736444,46.03867286343635,0.0
2025-09-19,KMGZ,21850.02,0.0033719269952940077,52.05605019801441,36.21617065629577,0.0
2025-09-22,KMGZ,21554.46,0.01410004008782548,54.938504732003956,38.64463441554886,0.0
2025-09-23,KMGZ,21885.0,-0.005221264020801301,49.73636399674468,47.82811532178123,0.0
2025-09-24,KMGZ,21834.44,-0.005163147224555017,49.75205976796814,39.45925495394606,0.0
2025-09-25,KMGZ,21652.1,0.0029281181293094247,51.93637743059535,45.805748276323904,0.0
2025-09-26,KMGZ,21790.0,-0.004414070456085141,49.95436837371161,49.91303490694674,0.0
2025-09-29,KMGZ,21838.0,-1.0272177375390823e-05,51.14354658281,47.73724117406752,0.0
2025-09-30,KMGZ,21939.99,0.0051791529520382115,52.543109391068874,51.50320249956768,0.0
2025-10-01,KMGZ,22192.99,-0.0072277549938782,49.1945182377192,51.11644272230525,0.0
2025-10-02,KMGZ,22149.99,-0.004860705665910403,49.83374175318514,47.26798286370409,0.0
2025-10-03,KMGZ,22099.91,-0.005552341720195034,49.64694996857706,46.64293224015338,0.0
2025-10-06,KMGZ,22001.4,6.909933653566e-05,51.164971813818795,44.497166664838076,0.0
2025-10-07,KMGZ,21948.0,0.00044214745675926273,51.265665077198186,43.83394297473572,0.0
2025-10-08,KMGZ,21760.0,0.011499241363211947,54.242013015302916,45.348580423734916,0.0
2025-10-09,KMGZ,21940.0,0.0029765044638336187,51.949425877668666,46.670428519715934,0.0
2025-10-10,KMGZ,21937.35,-0.002047738370100846,50.59343937362976,46.8431962417475,0.0
2025-10-13,KMGZ,21737.1,0.005569628193273321,52.64828467069187,47.51074894899703,0.0
2025-10-14,KMGZ,22118.0,-0.016648564732882936,46.65507999765024,50.64759420912289,0.0
2025-10-15,KMGZ,22100.01,-0.015848980356526807,46.87012604389969,50.22982901108219,0.0
2025-10-16,KMGZ,22158.0,-0.020301008987402166,45.67446423828203,43.93813993672577,0.0
2025-10-17,KMGZ,22100.0,-0.02044366156719098,45.63622753596434,44.77795360791377,0.0
2025-10-20,KMGZ,21999.99,-0.025672671949158316,44.23855079884566,51.66238029784547,0.0
2025-10-21,KMGZ,22000.0,-0.027262503607503537,43.81529956400762,50.06313451632241,0.0
2025-10-22,KMGZ,22315.94,-0.03993332809969083,40.478976248912545,49.96842215645083,0.0
2025-10-23,KMGZ,22350.0,-0.04501099126451469,39.16452184246027,46.36985435981846,0.0
2025-10-24,KMGZ,22379.99,-0.049045178549415286,38.131180750283114,46.957743447522525,0.0
2025-10-28,KMGZ,22180.02,-0.040916447071776885,40.22334418564482,48.41099992334041,0.0
2025-10-29,KMGZ,21912.0,-0.03458950520697516,41.877200266038194,49.55226280408046,0.0
2025-10-30,KMGZ,22372.99,-0.04799838678653456,38.39832350773725,50.26321364137206,0.0
2025-10-31,KMGZ,22400.0,-0.05518452380952381,36.579282585337744,46.11537121290094,0.0
2025-11-03,KMGZ,22351.09,-0.05244490384606577,37.26857845186053,45.93506872714447,0.0
2025-11-04,KMGZ,22281.06,-0.05272397184082846,37.19812158090557,48.29145088444775,0.0
2025-11-05,KMGZ,22200.99,-0.04986350628207721,37.922840381947786,46.84792432733535,0.0
2025-11-06,KMGZ,22152.0,-0.04811288328260165,38.36906939217701,45.69336954390191,0.0
2025-11-07,KMGZ,22143.0,-0.06019073124259414,35.333960806536155,47.453228087561236,0.0
2025-11-10,KMGZ,22125.0,-0.06713839117567931,33.638439107579075,47.64651677536963,0.0
2025-11-11,KMGZ,22271.0,-0.07195616687442485,32.486653963921704,49.56627142260327,0.0
2025-11-12,KMGZ,22490.0,-0.07207283960419804,32.45901508555612,46.463156804141605,0.0
2025-11-13,KMGZ,22475.0,-0.06374463027702738,34.46172399169761,44.85765817117179,0.0
2025-11-14,KMGZ,22485.0,-0.07084436635005348,32.75064131983325,45.140258265572584,0.0
2025-11-17,KMGZ,22420.0,-0.06050899954688982,35.25543815467202,49.670238518026295,0.0
2025-11-18,KMGZ,22445.0,-0.0526674505051148,37.21238725676939,45.85301603931661,0.0
2025-11-19,KMGZ,22400.0,,,47.137107111248696,0.0
2025-11-20,KMGZ,22450.0,,,46.76476443566797,0.0
2025-11-21,KMGZ,22449.99,,,50.753279952034354,0.0
2025-11-24,KMGZ,22338.0,,,47.565345749339656,0.0
2025-11-25,KMGZ,22300.0,,,50.48042174055354,0.0
2025-11-26,KMGZ,22200.0,,,45.703367256191925,0.0
2025-11-27,KMGZ,22200.0,,,47.48191435236372,0.0
2025-11-28,KMGZ,22160.0,,,49.545380380278374,0.0
2025-12-01,KMGZ,22099.0,,,49.91120477242176,0.0
2025-12-02,KMGZ,21884.0,,,48.10611463491882,0.0
2025-12-03,KMGZ,21848.99,,,49.391769613785556,0.0
2025-12-04,KMGZ,21880.0,,,47.66389881724445,0.0
2025-12-05,KMGZ,21799.9,,,45.288356284470765,0.0
2025-12-08,KMGZ,21739.0,,,47.02715224109152,0.0
2025-12-09,KMGZ,21725.0,,,45.20235551663351,0.0
2025-12-10,KMGZ,21601.01,,,50.52939469178411,0.0
2025-12-11,KMGZ,21754.99,,,46.09764081853227,0.0
2025-12-12,KMGZ,21620.0,,,46.70884954835425,0.0
2025-12-15,KMGZ,21634.0,,,47.53145086315731,0.0
2025-12-17,KMGZ,21559.99,,,47.438954985406745,0.0
2025-12-18,KMGZ,21545.99,,,47.4408098094564,0.0
2025-12-19,KMGZ,21537.19,,,45.91492661120657,0.0
2025-12-22,KMGZ,21261.0,,,52.7422879224729,0.0
2025-12-23,KMGZ,21090.0,,,46.12030235436307,0.0
2025-12-24,KMGZ,21121.9,,,47.03999735582661,0.0
2025-12-25,KMGZ,21327.03,,,49.20456685049599,0.0
2025-12-26,KMGZ,21500.0,,,48.29267893509423,0.0
2025-12-29,KMGZ,21350.0,,,47.79886491193793,0.0
2025-12-30,KMGZ,21520.0,,,50.07961229458249,0.0
2025-12-31,KMGZ,21720.0,,,46.99095094497975,0.0
2025-01-05,KZAP,20300.0,-0.04958726053639839,37.99312121246299,47.37601649994441,0.0
2025-01-06,KZAP,20451.5,-0.05307582175638916,37.10936682261453,47.63332394141887,0.0
2025-01-08,KZAP,20429.0,-0.05335653195309811,37.03861950424101,46.82861013648077,0.0
2025-01-09,KZAP,20361.6,-0.05979618104667603,35.43141356099338,45.13857932640884,0.0
2025-01-10,KZAP,20381.79,-0.06467270752295488,34.23563011498486,48.10882859422878,0.0
2025-01-13,KZAP,20130.0,-0.05881789735765153,35.67356779873888,46.20631145723376,0.0
2025-01-14,KZAP,20158.0,-0.0750803021999222,31.750825934799074,48.272893769231395,0.0
2025-01-15,KZAP,20160.0,-0.07521150793650794,31.7201183818983,48.068437575688584,0.0
2025-01-16,KZAP,20199.95,-0.07659506959136356,31.39727984163787,48.90214062786569,0.0
2025-01-17,KZAP,20280.0,-0.0922611956419648,27.871286772132585,44.17595277816759,0.0
2025-01-20,KZAP,20150.0,-0.09706835539012959,26.839364082148702,49.86306546378175,0.0
2025-01-21,KZAP,20050.01,-0.10244324829454418,25.714630107290375,48.0399327898036,0.0
2025-01-22,KZAP,19990.0,-0.08233115069439481,30.078155175261056,44.581019287829506,0.0
2025-01-23,KZAP,20037.99,-0.09165047891945918,28.00411498234197,45.314542759313284,0.0
2025-01-24,KZAP,19950.99,-0.07188281220869841,32.504037373747096,46.944135223162114,0.0
2025-01-27,KZAP,19845.98,-0.100567188258445,26.103684753754564,47.31528728450823,0.0
2025-01-28,KZAP,19790.0,-0.08972860511561878,28.424627556388405,47.63873242194205,0.0
2025-01-29,KZAP,19826.85,-0.0794444685009276,30.738067969359562,48.0438706668375,0.0
2025-01-30,KZAP,19800.0,-0.0750896103896103,31.748646910678403,51.972491228718425,0.0
2025-01-31,KZAP,19875.0,-0.0769275396825396,31.319967691853947,47.10796309982398,0.0
2025-02-03,KZAP,19844.0,-0.072981708516908,32.24413037845989,48.18858552605755,0.0
2025-02-04,KZAP,19920.0,-0.07312286766112067,32.210822934821,46.290919677928194,0.0
2025-02-05,KZAP,20006.9,-0.06852913804658034,33.30387570425982,45.120013040412154,0.0
2025-02-06,KZAP,19900.0,-0.08336775743798357,29.843160453905625,54.01130173181898,0.0
2025-02-07,KZAP,19852.07,-0.09117308482188505,28.108215026191054,49.76122043257969,0.0
2025-02-10,KZAP,19670.1,-0.11417821142483343,23.368324328535238,46.49908776546763,0.0
2025-02-11,KZAP,19695.68,-0.13066398907361718,20.331089748520597,47.775303961742814,0.0
2025-02-12,KZAP,19705.0,-0.13193228734951648,20.110058011549715,47.78094606416387,0.0
2025-02-13,KZAP,19725.0,-0.11843644305630996,22.554644481167063,48.18706015143714,0.0
2025-02-14,KZAP,19551.0,-0.12836955100335873,20.7355366217417,50.76427170435886,0.0
2025-02-17,KZAP,19649.99,-0.14908340589890207,17.29708567531204,49.01238773856507,0.0
2025-02-18,KZAP,19725.95,-0.13908920850553924,18.89652886394022,47.46092586190913,0.0
2025-02-19,KZAP,19699.0,-0.14562773396361267,17.837668669601786,46.297315558607366,0.0
2025-02-20,KZAP,19503.0,-0.17219080068267878,14.01131398812735,50.77430255060394,0.0
2025-02-21,KZAP,19422.0,-0.14853672933492204,17.381733323992126,56.73486717171974,0.0
2025-02-24,KZAP,19300.1,-0.17126014363935765,14.132885775155529,51.16293526198853,0.0
2025-02-25,KZAP,19000.0,-0.15029784878863828,17.11020791922894,50.60946627088068,0.0
2025-02-26,KZAP,19000.0,-0.12919191311612369,20.58989726646354,45.243064439841106,0.0
2025-02-27,KZAP,19010.0,-0.13309918088224243,19.908291098263664,48.06578137845064,0.0
2025-02-28,KZAP,18767.4,-0.12605252004869646,21.149963766205314,48.63575168417183,0.0
2025-03-03,KZAP,18550.0,-0.12711650943396227,20.958908681289685,48.346013148474526,0.0
2025-03-04,KZAP,18350.0,-0.1163038601271571,22.95961658110163,44.58714191497852,0.0
2025-03-05,KZAP,18697.0,-0.1577727013543468,15.995149846076062,54.92497093051854,0.0
2025-03-06,KZAP,18554.7,-0.11097248803858453,23.994209430609313,40.09971954967014,0.0
2025-03-07,KZAP,18868.2,-0.11339587252121361,23.52001511995048,47.95257546120784,0.0
2025-03-11,KZAP,18200.1,-0.057800855208540114,35.9260943798632,48.88492814940685,0.0
2025-03-12,KZAP,18363.8,-0.07694228200771805,31.316541929623163,48.08166295631034,0.0
2025-03-13,KZAP,18602.99,-0.07318747508390386,32.19558440681055,45.3390187073199,0.0
2025-03-14,KZAP,18664.99,-0.07162554046457423,32.56504308699205,46.824357135176825,0.0
2025-03-17,KZAP,18699.99,-0.07569054258152277,31.608139733744387,46.72890094130341,0.0
2025-03-18,KZAP,18749.99,-0.05004146734804193,37.87759137120546,47.52078938183352,0.0
2025-03-19,KZAP,18820.0,-0.06782190383415145,33.473803035872805,46.59840194265109,0.0
2025-03-20,KZAP,18995.0,-0.04514533576087274,39.129947524522464,45.91124412216866,0.0
2025-03-26,KZAP,18599.0,-0.021021090590294562,45.481506033614814,48.02127429911273,0.0
2025-03-27,KZAP,18400.0,-0.01162574189095928,48.00769581826449,52.59392543500437,0.0
2025-03-28,KZAP,17779.99,0.025207667626663186,57.88816764804883,52.384448311293134,0.0
2025-03-31,KZAP,17480.0,0.04516568686208275,63.03677283522635,46.56775147374443,0.0
2025-04-01,KZAP,17465.0,0.04611251391672234,63.274787841819894,49.154378744072304,0.0
2025-04-02,KZAP,17750.02,0.034202005932012156,60.23704605507013,48.18788720903201,0.0
2025-04-03,KZAP,17400.0,0.04422832512315274,62.80051107469049,50.44739457582538,0.0
2025-04-04,KZAP,17082.0,0.08464639595564252,72.31843946478537,42.821104779547134,0.0
2025-04-07,KZAP,17346.0,0.05547435527883461,65.59192423953894,53.026454535241484,1.0
2025-04-08,KZAP,17195.0,0.08541197688050697,72.48370400538985,49.288435287964774,1.0
2025-04-09,KZAP,16507.24,0.18614588884096359,88.66361159583317,39.6386373458489,1.0
2025-04-10,KZAP,16898.97,0.1647318611627414,86.12237964510432,47.664972961416574,1.0
2025-04-11,KZAP,16355.0,0.19433089754601535,89.52246420047788,42.766002281587426,1.0
2025-04-14,KZAP,16499.0,0.1594509510677415,85.42636979569632,41.593044202386125,1.0
2025-04-15,KZAP,16899.96,0.11369577929967492,78.14504334714226,49.84139858763258,1.0
2025-04-16,KZAP,16835.0,0.1336997054747055,81.61150834325588,46.3148226125765,1.0
2025-04-17,KZAP,16753.0,0.16919275469733447,86.68839401500416,47.20733159083654,1.0
2025-04-18,KZAP,16540.0,0.19152995575900655,89.23522799259374,43.982893949094816,1.0
2025-04-21,KZAP,16561.11,0.22220687134828288,92.02982127052421,45.82742366903179,1.0
2025-04-22,KZAP,16100.0,0.2638785196687371,94.76777515714633,46.546574810011904,1.0
2025-04-23,KZAP,16847.0,0.2279305893800507,92.47174743510014,47.7244503042385,1.0
2025-04-24,KZAP,17087.0,0.2054027894825826,90.59253182641052,46.71143493597433,1.0
2025-04-25,KZAP,17494.0,0.19826044843492827,89.91402227980201,43.914039407674366,1.0
2025-04-28,KZAP,17300.0,0.19988197311679975,90.0717777040571,46.84272640494836,1.0
2025-04-29,KZAP,17595.0,0.22759828380627614,92.44671774673468,48.07413675542259,1.0
2025-04-30,KZAP,17682.72,0.24256184980375775,93.50088339432978,45.11279561816258,1.0
2025-05-02,KZAP,17639.87,0.26660249832155575,94.91178365473009,48.072688868458854,1.0
2025-05-05,KZAP,18168.0,0.2295294882682267,92.59111639892464,61.59189805015814,1.0
2025-05-06,KZAP,17901.0,0.24670284880333898,93.76749929832498,38.06258916249905,1.0
2025-05-08,KZAP,18498.0,0.20863732694396828,90.88614071849088,64.43415349293736,1.0
2025-05-12,KZAP,18560.93,0.20168001901143104,90.24413609541197,57.664793330438584,1.0
2025-05-13,KZAP,18535.0,0.20079774632719735,90.15989855251381,61.20605186239586,1.0
2025-05-14,KZAP,18565.0,0.18806104623822786,88.86991258277448,38.128818878201145,1.0
2025-05-15,KZAP,18600.0,0.19590860215053765,89.68126147866259,41.1851103186418,1.0
2025-05-16,KZAP,18600.0,0.19651944444444444,89.74216921342378,51.258493172460746,1.0
2025-05-19,KZAP,18691.99,0.19006961426466026,89.08274005845868,56.66949357441486,1.0
2025-05-20,KZAP,18497.77,0.19573454141246074,89.66384719784756,46.76036619460714,1.0
2025-05-21,KZAP,18850.0,0.17512005389246776,87.41011743441062,64.23526966215181,1.0
2025-05-22,KZAP,18635.01,0.19539174335156317,89.62947519021209,47.427873733423795,0.0
2025-05-23,KZAP,18987.0,0.17290890446345494,87.14488206232527,38.58124830441362,0.0
2025-05-26,KZAP,19890.01,0.11783530821363207,78.8991817478463,67.0797450671253,0.0
2025-05-27,KZAP,20000.0,0.12159106349206347,79.56675636174616,68.41727403320151,0.0
2025-05-28,KZAP,19839.99,0.13078301650689667,81.13392272744933,33.45442337195162,0.0
2025-05-29,KZAP,19439.0,0.11847666246549034,79.01430198194024,42.15085765271985,0.0
2025-05-30,KZAP,19138.0,0.18338080433343784,88.35987766955647,43.94986769847852,0.0
2025-06-02,KZAP,19401.11,0.15007079651873623,84.1189516318899,46.83201598545213,0.0
2025-06-03,KZAP,19901.0,0.14622501284134243,83.55603098455866,56.45490747364378,0.0
2025-06-04,KZAP,20017.0,0.13055507620110207,81.09620109900928,36.076566573855715,0.0
2025-06-05,KZAP,20550.0,0.10077761267524041,75.66833828375816,62.99680032675135,0.0
2025-06-09,KZAP,20648.0,0.09781143505962375,75.07351913022633,44.953181665809474,0.0
2025-06-10,KZAP,21000.0,0.08617468253968247,72.64773782633,41.00270964069671,0.0
2025-06-11,KZAP,20914.0,0.09393753686677565,74.28217470091167,58.94561699677432,0.0
2025-06-12,KZAP,21287.0,0.08050059138858875,71.41293517401608,69.8760679679698,0.0
2025-06-13,KZAP,21078.88,0.0934069254334648,74.17251386616854,35.723978046037224,0.0
2025-06-16,KZAP,21926.0,0.055492681878005316,65.59639242907002,52.07632356185263,0.0
2025-06-17,KZAP,22300.0,0.030978948679621327,59.400153997464415,56.5948970306304,0.0
2025-06-18,KZAP,22670.0,-0.008293194978329518,48.906868769290924,68.54073757261997,0.0
2025-06-19,KZAP,22675.0,-0.017513444811956387,46.422612956353746,59.706498490892926,0.0
2025-06-20,KZAP,22649.0,-0.03389348820193891,42.06033033478755,44.07742171610146,0.0
2025-06-23,KZAP,22699.99,-0.0054007686380213565,49.68788500737639,57.7931262927588,0.0
2025-06-24,KZAP,22648.0,0.010126983706469757,53.87383659686422,48.84879756152416,0.0
2025-06-25,KZAP,22600.0,0.01686965865992415,55.67807789833365,36.65290680356546,0.0
2025-06-26,KZAP,22399.99,0.026505823676069098,58.22966387800865,49.03916051582986,0.0
2025-06-27,KZAP,22588.0,0.026495335070454602,58.226907832313536,49.423764950063315,0.0
2025-06-30,KZAP,22599.0,0.02970365123614825,59.06747013351591,44.32445346051266,0.0
2025-07-01,KZAP,22590.0,0.02640440144185164,58.203011442490414,44.965081612223884,0.0
2025-07-02,KZAP,22460.0,0.04625564389602681,63.3107121781076,48.538994261184754,0.0
2025-07-03,KZAP,22498.99,0.056633580169986666,65.87400791707219,48.23349056270085,0.0
2025-07-04,KZAP,22619.99,0.04778846875042819,63.69450359681414,48.26208442995991,0.0
2025-07-08,KZAP,22620.0,0.042483354385078526,62.35906566247338,48.627820806056256,0.0
2025-07-09,KZAP,22600.0,0.025724817390082803,58.02430275792363,43.718723935325826,0.0
2025-07-10,KZAP,22799.98,0.0034092924204319683,52.06612470252655,50.14613724615701,0.0
2025-07-11,KZAP,22800.0,0.010254406850459558,53.90804262768165,49.0868675196215,0.0
2025-07-14,KZAP,22100.0,0.044827384543561014,62.95157517408969,53.13038208945317,0.0
2025-07-15,KZAP,23000.0,0.01626433747412002,55.51664174868088,52.92906836136503,0.0
2025-07-16,KZAP,22670.0,0.04794822592615934,63.73440464682039,46.22874437960028,0.0
2025-07-17,KZAP,23178.0,0.020726051078814478,56.70360607285119,52.18103317786787,0.0
2025-07-18,KZAP,23000.0,0.06390025879917184,67.61617135044379,48.073658651020935,0.0
2025-07-21,KZAP,23001.0,0.05098260546642899,64.48863040914384,44.68868758930427,0.0
2025-07-22,KZAP,23050.0,0.05955459835416452,66.5798053435485,47.90447141353667,0.0
2025-07-23,KZAP,23198.76,0.053840458886595735,65.19246430753834,44.364810566465735,0.0
2025-07-24,KZAP,23266.0,0.0460905114623287,63.26926411492625,49.08309649205743,0.0
2025-07-25,KZAP,23395.0,0.09201480602285801,73.88336102106649,49.75121047799106,0.0
2025-07-28,KZAP,23438.38,0.09041128164337481,73.54771499730288,44.2651109626406,0.0
2025-07-29,KZAP,23548.99,0.09238028347955221,73.9594754462126,46.000321200705486,0.0
2025-07-30,KZAP,23404.0,0.11723293969556145,78.79063860500672,48.118814024683644,0.0
2025-07-31,KZAP,22902.0,0.14282021709478482,83.04438205742053,47.77311676914612,0.0
2025-08-01,KZAP,22698.0,0.1532506891733696,84.5725117985009,45.478312904374874,0.0
2025-08-04,KZAP,22301.0,0.2310514895410057,92.70312437944904,51.15843304788464,0.0
2025-08-05,KZAP,22998.0,0.15534366518413617,84.86522409182982,44.47626618993279,0.0
2025-08-06,KZAP,23297.0,0.16602609929679618,86.2886453220861,43.68636997027942,0.0
2025-08-07,KZAP,23400.0,0.13943553113553114,82.52327722389798,43.19441723015956,0.0
2025-08-08,KZAP,23408.76,0.15650663412614202,85.0258894758667,48.885156806057026,0.0
2025-08-11,KZAP,23605.0,0.14782735556765952,83.79249554145373,43.768604126649805,0.0
2025-08-12,KZAP,23689.0,0.14616718649805321,83.54744572216158,47.34690419029002,0.0
2025-08-13,KZAP,23605.0,0.13770823801454496,82.25251634132204,45.77253714232569,0.0
2025-08-14,KZAP,23915.0,0.1318588312110683,81.31117850639154,48.533555594650856,0.0
2025-08-15,KZAP,24190.0,0.14286957978175424,83.05188961191871,46.326785124303704,0.0
2025-08-18,KZAP,24120.0,0.16074325989102115,85.59932301886353,50.715724991879746,0.0
2025-08-19,KZAP,24000.0,0.2082478174603175,90.85122527488511,46.948366026699276,0.0
2025-08-20,KZAP,23600.01,0.22518329048377536,92.2625104267109,47.8158481706973,0.0
2025-08-21,KZAP,23300.0,0.2216658508754002,91.98684491055393,46.53621303155172,0.0
2025-08-22,KZAP,23456.08,0.19409521952490139,89.4985586018399,48.13209416833489,0.0
2025-08-25,KZAP,23500.0,0.20684925700776763,90.7248657862221,46.10936883603634,0.0
2025-08-26,KZAP,23800.1,0.19542150883319626,89.63246374701133,48.588939652882125,0.0
2025-08-27,KZAP,24177.02,0.20641697369145487,90.68549325519677,47.83234710211114,0.0
2025-08-28,KZAP,24088.0,0.2293004699698987,92.57412605019833,45.582153424621445,0.0
2025-08-29,KZAP,24896.0,0.17610679397723097,87.52696130494692,46.756723483352786,0.0
2025-09-02,KZAP,24600.0,0.18840553619821918,88.90667075977802,41.563001968060064,0.0
2025-09-03,KZAP,24850.0,0.19491861725911022,89.58186932279078,45.19936959735623,0.0
2025-09-04,KZAP,24878.0,0.21496352087073808,91.43664595936292,49.45019563717448,0.0
2025-09-05,KZAP,24770.0,0.20177133373063932,90.25281780892816,50.62646388051071,0.0
2025-09-08,KZAP,25981.97,0.08319350957392543,72.0031287648628,53.243630698572055,0.0
2025-09-09,KZAP,25993.0,0.08088288270834822,71.4971733061678,60.637891690144556,0.0
2025-09-10,KZAP,26162.8,0.034459196803361444,60.30357741824902,49.57022540494522,0.0
2025-09-11,KZAP,26584.0,0.03801129465629165,61.218458978941094,69.79290759168133,0.0
2025-09-12,KZAP,26600.0,0.039019089390142016,61.47662405262921,42.747295755706176,0.0
2025-09-15,KZAP,26600.0,0.062272598162071854,67.22995458136904,34.447825187363115,0.0
2025-09-16,KZAP,27870.0,0.03810131734071454,61.24154581162706,56.12884514876302,0.0
2025-09-17,KZAP,26999.99,0.09907845659431366,75.32878301596648,43.56308726067619,0.0
2025-09-18,KZAP,27600.0,0.08665148378191856,72.74997239678784,64.77915151411528,0.0
2025-09-19,KZAP,27100.0,0.09999687811163827,75.51271291067931,36.536914431082245,0.0
2025-09-22,KZAP,27510.0,0.045493678056464315,63.1192962835687,41.377756626676025,0.0
2025-09-23,KZAP,27536.0,0.037487086918827135,61.08392311316862,36.0848880889034,0.0
2025-09-24,KZAP,27594.99,0.03849218970286163,61.34172860988449,44.02914042665651,0.0
2025-09-25,KZAP,27298.0,0.009635394098294312,53.741838210382454,40.00290213432694,0.0
2025-09-26,KZAP,27517.0,0.0410106836985621,61.984900287364184,43.86972522077607,0.0
2025-09-29,KZAP,28100.0,0.031763328249449246,59.60434762735283,52.04929877180105,0.0
2025-09-30,KZAP,28449.99,0.019477993863718596,56.37229543201627,48.037016171090734,0.0
2025-10-01,KZAP,29448.9,-0.022783583912666258,45.009799457700026,53.48987080190603,0.0
2025-10-02,KZAP,29357.99,-0.04921041086759778,38.089078305351975,38.81011312686247,0.0
2025-10-03,KZAP,28903.03,-0.051625532704625665,37.47575846076362,42.10858169525512,0.0
2025-10-06,KZAP,28450.0,-0.06181592532150523,34.933833500365886,44.4840713900523,0.0
2025-10-07,KZAP,28803.0,-0.058445911842847045,35.765838520374494,43.97766332440233,0.0
2025-10-08,KZAP,28898.82,-0.0422811148146731,39.869382954319406,46.51426553920802,0.0
2025-10-09,KZAP,29622.22,-0.08279631567328488,29.972573642979693,50.94657075858494,0.0
2025-10-10,KZAP,30064.55,-0.09735034835231372,26.77958714413773,51.814266886553554,0.0
2025-10-13,KZAP,29750.0,-0.07595644257703081,31.54607507740441,47.10339498052819,0.0
2025-10-14,KZAP,29699.97,-0.05520346232793216,36.57453631180216,46.02503553024633,0.0
2025-10-15,KZAP,30165.0,-0.07348131921258476,32.126325137185326,52.87661410989163,0.0
2025-10-16,KZAP,30698.89,-0.10022803266885083,26.174423256279205,50.84107135276473,0.0
2025-10-17,KZAP,30240.0,-0.0828984126984127,29.949428403590517,44.306894457095005,0.0
2025-10-20,KZAP,28639.86,-0.02755371391563396,43.737867987165096,49.17102918654324,0.0
2025-10-21,KZAP,28593.0,-0.017185038795709207,46.51086590804834,46.73311617181365,0.0
2025-10-22,KZAP,27566.0,0.049760478689528966,64.1856989093371,43.21389201198669,0.0
2025-10-23,KZAP,28105.0,0.08723763614619774,72.8753257662266,44.18577872224631,0.0
2025-10-24,KZAP,28150.0,0.08616832304265691,72.64637262335056,48.03986513740173,0.0
2025-10-28,KZAP,28770.0,0.02645972656702586,58.21755075608016,47.962333759739394,0.0
2025-10-29,KZAP,29471.5,0.031127528640125555,59.43885827224729,48.89707515596244,0.0
2025-10-30,KZAP,30200.0,0.011081159991590456,54.12988907275358,47.988048150631606,0.0
2025-10-31,KZAP,30530.0,-0.01479480175627408,47.15382098595185,45.27656210534384,0.0
2025-11-03,KZAP,30340.0,-0.03980818030574128,40.511554765705334,48.52395062199013,0.0
2025-11-04,KZAP,29301.0,-0.04769880017909346,38.47490825245477,46.69749134487095,0.0
2025-11-05,KZAP,29109.6,-0.09454890129520349,27.377172917746158,46.71733675859159,0.0
2025-11-06,KZAP,29201.0,-0.0546383781159919,36.71626662505456,47.78623716112242,0.0
2025-11-07,KZAP,28100.0,-0.03284983336157714,42.33533640718511,47.22698161118791,0.0
2025-11-10,KZAP,29190.0,-0.07825527006965856,31.012255628869745,45.77333563338907,0.0
2025-11-11,KZAP,29550.0,-0.0843193114978648,29.628378459608463,47.94030873303778,0.0
2025-11-12,KZAP,29570.0,-0.07031157449903645,32.87753736515653,47.373785563882066,0.0
2025-11-13,KZAP,29365.01,-0.06752875259697225,33.544364703781525,47.2321725903953,0.0
2025-11-14,KZAP,28500.0,-0.03969960317460318,40.53982637538847,47.37811243613509,0.0
2025-11-17,KZAP,27990.0,-0.01679356530393508,46.61609556386772,45.83199792486027,0.0
2025-11-18,KZAP,27262.99,0.008831187957746272,53.52578580598086,40.368837586370944,0.0
2025-11-19,KZAP,27700.02,,,45.98313663727017,0.0
2025-11-20,KZAP,28261.0,,,46.82109936402566,0.0
2025-11-21,KZAP,27770.0,,,44.19178364950649,0.0
2025-11-24,KZAP,27748.4,,,43.11597200529856,0.0
2025-11-25,KZAP,28095.0,,,44.00034047727363,0.0
2025-11-26,KZAP,28665.0,,,44.68097578049116,0.0
2025-11-27,KZAP,28563.0,,,47.467279269327285,0.0
2025-11-28,KZAP,28247.99,,,47.49056659504543,0.0
2025-12-01,KZAP,28350.0,,,44.63683775419524,0.0
2025-12-02,KZAP,28434.99,,,47.45767932165217,0.0
2025-12-03,KZAP,28684.88,,,44.93026407223802,0.0
2025-12-04,KZAP,29500.0,,,46.570343824310555,0.0
2025-12-05,KZAP,31130.1,,,40.14587757965923,0.0
2025-12-08,KZAP,31150.01,,,53.83450171929263,0.0
2025-12-09,KZAP,30118.2,,,47.16486857247495,0.0
2025-12-10,KZAP,30990.0,,,46.836623917210616,0.0
2025-12-11,KZAP,31150.0,,,36.178519066144396,0.0
2025-12-12,KZAP,30700.0,,,39.82434980984013,0.0
2025-12-15,KZAP,29750.0,,,46.273489938789574,0.0
2025-12-17,KZAP,28499.99,,,50.12941930876731,0.0
2025-12-18,KZAP,26950.0,,,50.258343634252064,0.0
2025-12-19,KZAP,28200.0,,,49.50523529667829,0.0
2025-12-22,KZAP,27749.0,,,52.58219305584666,0.0
2025-12-23,KZAP,27500.0,,,50.2140358900378,0.0
2025-12-24,KZAP,27660.0,,,43.04990554945796,0.0
2025-12-25,KZAP,28093.0,,,46.31523642821756,0.0
2025-12-26,KZAP,27979.99,,,47.239509931924026,0.0
2025-12-29,KZAP,27949.0,,,44.706983612925974,0.0
2025-12-30,KZAP,28090.0,,,47.48742920400508,0.0
2025-12-31,KZAP,28059.0,,,46.091747427651796,0.0
2025-01-05,KZTK,43732.99,-0.042330748755751116,39.85652882425087,48.46419528121955,0.0
2025-01-06,KZTK,43777.0,-0.015252540291687489,47.03061315610266,47.30248681358699,0.0
2025-01-08,KZTK,43650.0,0.013075724104074617,54.66440935724426,46.47765166355716,0.0
2025-01-09,KZTK,44434.0,-0.011642164622972111,48.0032674252981,49.70660968063488,0.0
2025-01-10,KZTK,44497.0,-0.015267380064145578,47.02661938550222,49.94035881983084,0.0
2025-01-13,KZTK,44898.98,-0.026477043703937712,44.02429923451642,43.971383529525255,0.0
2025-01-14,KZTK,44469.0,-0.01693701214007832,46.57753292914254,53.59104363086463,0.0
2025-01-15,KZTK,47639.0,-0.07310959697053601,32.213953473952174,49.944513447180015,0.0
2025-01-16,KZTK,46701.0,-0.04914193715643899,38.106523756400804,43.720325076938344,0.0
2025-01-17,KZTK,46611.02,-0.046767658698232836,38.71330373153104,41.01525628252475,0.0
2025-01-20,KZTK,47790.0,-0.06620960975099394,33.86279021466133,60.7560278665072,0.0
2025-01-21,KZTK,48699.99,-0.07925621192559348,30.781383505456066,57.8331522361923,0.0
2025-01-22,KZTK,48024.07,-0.05979579956442874,35.431507844712776,41.560491516584555,0.0
2025-01-23,KZTK,48060.1,-0.0542702896659186,36.80871175755072,38.53612083525574,0.0
2025-01-24,KZTK,48115.01,-0.06358391281029253,34.50094913326854,46.656495005805084,0.0
2025-01-27,KZTK,49182.13,-0.08235579553972333,30.072556058951793,61.18922419433681,0.0
2025-01-28,KZTK,49500.0,-0.08937907647907647,28.501513502323572,32.2198750420416,0.0
2025-01-29,KZTK,48200.0,-0.06319424191530001,34.596140855815015,41.3643657080146,0.0
2025-01-30,KZTK,47999.99,-0.06130734042034536,35.05882366590968,51.546843864811315,0.0
2025-01-31,KZTK,47003.0,-0.029478284103108533,43.22691704994107,49.64015912107583,0.0
2025-02-03,KZTK,46000.0,0.007148809523809526,53.07339102727829,52.40953407189851,0.0
2025-02-04,KZTK,44999.0,0.02212112749771864,57.07323503389487,48.32579480396924,0.0
2025-02-05,KZTK,43899.99,0.038768471176785974,61.41248330211517,51.1253687873541,0.0
2025-02-06,KZTK,43398.0,0.05694345575503809,65.94922352291675,54.36220976780916,0.0
2025-02-07,KZTK,42796.99,0.07524925021262349,70.24084994096265,45.71508380004683,0.0
2025-02-10,KZTK,42493.0,0.08774149698419048,72.9827906302136,32.022343851120844,0.0
2025-02-11,KZTK,42493.0,0.08083628795629831,71.48691411426623,45.791327123789436,0.0
2025-02-12,KZTK,42492.91,0.12311132188352772,79.83247695454907,37.87392176771074,0.0
2025-02-13,KZTK,43000.0,0.10773579734219269,77.02550683692195,46.20757866612987,0.0
2025-02-14,KZTK,42799.9,0.10571867735876257,76.6376133191773,45.94223098128589,0.0
2025-02-17,KZTK,42650.0,0.10762896592791084,77.00507688851881,55.22193795369021,0.0
2025-02-18,KZTK,43879.73,0.08571597743757361,72.54915799585494,48.030332839298055,0.0
2025-02-19,KZTK,44990.0,0.052812279007327906,64.93998769211169,46.56789419556627,0.0
2025-02-20,KZTK,44700.0,0.06306752956216047,67.41887420177922,47.01154465573281,0.0
2025-02-21,KZTK,44600.0,0.055360079009182155,65.56405643738957,46.26044722191347,0.0
2025-02-24,KZTK,44500.0,0.04830233636525777,63.822780002925725,52.259124956341445,0.0
2025-02-25,KZTK,44500.0,0.05665979757446053,65.88037472714625,51.02119297023558,0.0
2025-02-26,KZTK,44998.0,0.06694031255004632,68.33110902380004,48.80452217336448,0.0
2025-02-27,KZTK,45232.0,0.062139807468795834,67.19834147734038,46.534804073287695,0.0
2025-02-28,KZTK,45255.0,0.0629309763193754,67.3864616300707,54.66755164087875,0.0
2025-03-03,KZTK,45470.0,0.07206840381413177,69.51759141799644,52.22243522493516,0.0
2025-03-04,KZTK,45700.0,0.0752509482129832,70.24123338218669,47.50583459267321,0.0
2025-03-05,KZTK,46000.0,0.05949680469289163,66.56591128882201,52.01363682877044,0.0
2025-03-06,KZTK,46299.0,0.05888374736058272,66.41835083555844,54.438510041503,0.0
2025-03-07,KZTK,45902.99,0.09202264683750577,73.88499545995214,57.01816718108132,0.0
2025-03-11,KZTK,45999.0,0.09101780931573054,73.67499618635365,50.22075765760582,0.0
2025-03-12,KZTK,45950.0,0.0905623128141354,73.57944604399293,48.53410401160964,0.0
2025-03-13,KZTK,46008.0,0.07648087164965096,70.51822374613403,53.992265033460306,0.0
2025-03-14,KZTK,45910.0,0.08284984614480366,71.9282254625932,43.84519045060533,0.0
2025-03-17,KZTK,46454.44,0.06819486090676341,68.62366354495862,46.96221890248455,0.0
2025-03-18,KZTK,47150.0,0.21206461184332343,91.1882252146277,54.00712669664369,0.0
2025-03-19,KZTK,46800.0,0.24806040903540902,93.85266007190639,44.334399017925655,0.0
2025-03-20,KZTK,46390.0,0.19895412864362524,89.98177987216813,52.15846837423129,0.0
2025-03-26,KZTK,46650.0,0.18145430383300154,88.14410348823934,52.41527566432531,0.0
2025-03-27,KZTK,46789.0,0.16176354066058804,85.73466113863711,53.30637911225267,0.0
2025-03-28,KZTK,46990.0,0.17797058627806658,87.74512386653217,47.031949463398774,0.0
2025-03-31,KZTK,46700.0,0.20137083290846672,90.21468911090108,52.46945893935274,0.0
2025-04-01,KZTK,48500.0,0.18937488136147926,89.00953329930567,59.40102331016861,0.0
2025-04-02,KZTK,48420.0,0.1955075588599752,89.64109918268703,47.76646266204034,0.0
2025-04-03,KZTK,48110.01,0.19188405018593246,89.27191909446478,45.77778569087447,0.0
2025-04-04,KZTK,48025.0,0.1971789509018947,89.80757161323663,50.008644782976184,0.0
2025-04-07,KZTK,48450.0,-0.19324411273281247,11.488421281992107,45.45591318935432,0.0
2025-04-08,KZTK,48199.0,-0.30760703733397615,3.6358929388428995,43.6648753628628,0.0
2025-04-09,KZTK,48349.9,-0.29906882916108535,3.9732625479211467,46.40143551258764,0.0
2025-04-10,KZTK,47900.0,-0.2893358965437254,4.39443396984055,48.93511837330825,0.0
2025-04-11,KZTK,47480.05,-0.29213220432197234,4.269250083966869,50.23864156197047,0.0
2025-04-14,KZTK,47852.01,-0.30403856433094445,3.7734044636778927,45.20850582839988,1.0
2025-04-15,KZTK,48850.0,-0.30430100201458954,3.763123402898377,46.52308659579522,1.0
2025-04-16,KZTK,48887.9,-0.30894050117231275,3.5857555756545922,52.10265263271275,1.0
2025-04-17,KZTK,48950.0,-0.30049059981840887,3.9150718729421943,44.049122592186116,1.0
2025-04-18,KZTK,49600.0,-0.27695382744495645,4.9919910387429045,47.09080210269452,1.0
2025-04-21,KZTK,49998.89,-0.2306344901386176,7.975141412687425,55.47299587532308,1.0
2025-04-22,KZTK,49605.03,-0.1910689062386559,11.72954578043286,45.51086647197966,1.0
2025-04-23,KZTK,49902.0,-0.2190149912399732,8.946363491780678,43.34096762756623,1.0
2025-04-24,KZTK,50998.97,-0.2293370251353287,8.078619929497876,51.64729178087673,1.0
2025-04-25,KZTK,51059.91,-0.21890805883272835,8.955778300520784,46.167460335261744,1.0
2025-04-28,KZTK,50984.99,-0.21600086214862227,9.215184956480499,50.28513317885797,1.0
2025-04-29,KZTK,50401.03,-0.2110282092990201,9.674564980798056,47.14627918930555,1.0
2025-04-30,KZTK,50585.89,-0.21020840870357263,9.752234937618725,47.744438588051906,1.0
2025-05-02,KZTK,50505.01,-0.21081271727056358,9.694927559397732,47.13736881162631,1.0
2025-05-05,KZTK,58044.79,-0.3183692343412323,3.249780269850083,49.52262021963391,1.0
2025-05-06,KZTK,59298.0,-0.3322545976416132,2.8098137165747827,33.782073116305114,1.0
2025-05-08,KZTK,56499.99,-0.30172523835318166,3.8652041623344733,48.77806505569567,1.0
2025-05-12,KZTK,55999.99,-0.31314054864301183,3.4321509755041113,48.780049588488616,1.0
2025-05-13,KZTK,55245.0,-0.29899493479263367,3.9763094795814355,49.20909867840223,1.0
2025-05-14,KZTK,56243.0,-0.31965850801468343,3.206271409220074,46.79389029386996,1.0
2025-05-15,KZTK,56987.0,-0.31993716988085,3.1969417514660705,52.358170747108055,1.0
2025-05-16,KZTK,58600.1,-0.3273552844382707,2.9580206938217612,52.84294941331257,1.0
2025-05-19,KZTK,58800.0,-0.3331123015873016,2.784620028452256,50.699142868621664,1.0
2025-05-20,KZTK,58249.0,-0.3303853909475113,2.865487802760258,51.24818849190013,1.0
2025-05-21,KZTK,58400.0,-0.3319038106110024,2.820181183602882,55.17259758961612,1.0
2025-05-22,KZTK,39999.99,-0.012501732639421202,47.771530192093515,51.579182194630874,1.0
2025-05-23,KZTK,34279.0,0.1499186374229769,84.09697977111972,46.7900728503444,1.0
2025-05-26,KZTK,34797.99,0.13073161660514093,81.12542165329887,28.14175282376517,1.0
2025-05-27,KZTK,34940.0,0.12249074694941894,79.72432195688957,37.253498664239366,1.0
2025-05-28,KZTK,34500.0,0.12651642512077296,80.4182458460648,34.28491851479578,1.0
2025-05-29,KZTK,34199.98,0.1391606811208382,82.4804121214822,42.563184195860984,0.0
2025-05-30,KZTK,34900.0,0.10808820439350517,77.09280919977952,29.50498319748705,0.0
2025-06-02,KZTK,34699.99,0.11976571842843547,79.24428460795305,42.53366667109862,0.0
2025-06-03,KZTK,35157.03,0.11075086765177618,77.59683540429656,43.75189907084949,0.0
2025-06-04,KZTK,36790.0,0.0633469131967366,67.48513738644573,30.04890463073221,0.0
2025-06-05,KZTK,39400.0,-0.013215810571267387,47.57908918777055,27.50937498154358,0.0
2025-06-09,KZTK,41050.0,-0.04775208756259304,38.46128195737265,27.674972711805243,0.0
2025-06-10,KZTK,39900.0,-0.025044465329991647,44.4060288837526,38.63766122072557,0.0
2025-06-11,KZTK,40250.0,-0.03422487922705314,41.97310996991595,30.55892943467193,0.0
2025-06-12,KZTK,40829.99,-0.05572733612315164,36.44334940454368,33.93703335789239,0.0
2025-06-13,KZTK,40917.98,-0.05672739531677298,36.19347745110734,42.243210423812215,0.0
2025-06-16,KZTK,40699.99,-0.05145192104118794,37.51971586286068,44.66573213557539,0.0
2025-06-17,KZTK,40891.0,-0.040441401802624316,40.346800738524216,41.90760481558637,0.0
2025-06-18,KZTK,40795.0,-0.03191097726339791,42.58313463198518,46.316818716992614,0.0
2025-06-19,KZTK,40641.5,-0.024716033624633822,44.49363870958161,45.04754822607608,0.0
2025-06-20,KZTK,40694.98,-0.01833149552387761,46.20287575666139,68.76717034789203,0.0
2025-06-23,KZTK,40499.0,-0.004763196259598021,49.86007684246825,36.45311922162022,0.0
2025-06-24,KZTK,39501.1,0.02432806610710021,57.65634564414317,35.357733657276945,0.0
2025-06-25,KZTK,39750.0,0.007887026055705224,53.27196548950971,32.89048453654422,0.0
2025-06-26,KZTK,39305.5,0.019494097154705726,56.376573919478524,37.52110973581299,0.0
2025-06-27,KZTK,39809.0,0.005435858725413852,52.61225619875598,52.39196113968601,0.0
2025-06-30,KZTK,40500.01,0.006113150882114369,52.79464426598145,35.33368754877097,0.0
2025-07-01,KZTK,40299.0,0.010282663755097312,53.91562753837752,40.98911496710453,0.0
2025-07-02,KZTK,40080.0,0.0165536498431708,55.59381465962042,40.96736538162277,0.0
2025-07-03,KZTK,40094.9,0.010008758125117912,53.84209633679568,48.40141745912096,0.0
2025-07-04,KZTK,40238.0,0.0069914272578160755,53.031043627515885,47.85304094533009,0.0
2025-07-08,KZTK,40049.91,0.0064464891449550095,52.88438187465635,46.11746894378686,0.0
2025-07-09,KZTK,39987.94,0.011782224451187918,54.31788105986739,48.609601827532614,0.0
2025-07-10,KZTK,39863.0,0.0024027366946075684,51.79468005707544,45.653632319429704,0.0
2025-07-11,KZTK,39500.0,0.01646631002612015,55.57051994114516,51.092278187480886,0.0
2025-07-14,KZTK,39589.0,0.017094922180564024,55.73812413899167,48.22957654507538,0.0
2025-07-15,KZTK,39315.02,0.03705359584429767,60.97254158202576,47.47097860936643,0.0
2025-07-16,KZTK,39495.0,0.022236479150465102,57.1037630436972,44.77201000753486,0.0
2025-07-17,KZTK,39699.0,0.014790459007603646,55.12308510438334,49.913983981231084,0.0
2025-07-18,KZTK,39799.98,0.015385342481866151,55.28201160120971,49.50079736396193,0.0
2025-07-21,KZTK,39607.9,0.015449533166924292,55.29915411620657,53.370678483250586,0.0
2025-07-22,KZTK,39850.0,0.002793479516440621,51.9000677611976,50.06454275564887,0.0
2025-07-23,KZTK,39640.0,0.008196473819935022,53.355174054693144,47.093039302768965,0.0
2025-07-24,KZTK,39618.0,0.006284020611121925,52.84064620120248,47.10906901192735,0.0
2025-07-25,KZTK,39311.1,0.006719840116041421,52.95795648931716,51.09018565707747,0.0
2025-07-28,KZTK,39355.01,0.005430190440891072,52.610729484889774,49.263916234052466,0.0
2025-07-29,KZTK,39360.01,0.00018626845224010286,51.19659919462094,51.28710707154213,0.0
2025-07-30,KZTK,39994.93,-0.01851450377367078,46.15373765797124,48.84842727834527,0.0
2025-07-31,KZTK,40249.0,-0.02483763129084935,44.46119826465882,50.430694096265086,0.0
2025-08-01,KZTK,40390.0,-0.023560933674451872,44.80203239796175,45.62443763676148,0.0
2025-08-04,KZTK,40703.0,-0.03139458863646024,42.71958814941519,46.33557392829569,0.0
2025-08-05,KZTK,41056.5,-0.040024532409751186,40.45523919282289,49.50155937403649,0.0
2025-08-06,KZTK,41194.0,-0.05253994862481899,37.24457621213566,47.160112594910146,0.0
2025-08-07,KZTK,40800.02,-0.05005715082087993,37.873604645914746,48.31235570198348,0.0
2025-08-08,KZTK,40800.0,-0.043204493464052335,39.630478033016075,47.295941654260936,0.0
2025-08-11,KZTK,40763.0,-0.03504350477927189,41.757867939575085,47.32071514121245,0.0
2025-08-12,KZTK,41498.0,-0.06084155954733332,35.17347449985155,53.7241901907267,0.0
2025-08-13,KZTK,41460.0,-0.06058923058369513,35.23565622530703,45.67060436973024,0.0
2025-08-14,KZTK,41486.0,-0.061206714408915126,35.08357796350799,44.90102508095642,0.0
2025-08-15,KZTK,41238.99,-0.06093677629731328,35.1500231709849,45.20436118540111,0.0
2025-08-18,KZTK,41264.73,-0.068811589961763,33.236131722885084,50.42301596245661,0.0
2025-08-19,KZTK,41050.0,-0.061420620420315916,35.03096607027294,48.35744342101157,0.0
2025-08-20,KZTK,41199.8,-0.06709273328072107,33.64945084152639,47.100078402995344,0.0
2025-08-21,KZTK,40697.1,-0.04822241199530886,38.34109243265851,50.281050471657345,0.0
2025-08-22,KZTK,40882.0,-0.057479750878059455,36.00598602568045,49.590791029936156,0.0
2025-08-25,KZTK,40999.0,-0.05312822765324899,37.096154769243626,49.15215629051246,0.0
2025-08-26,KZTK,41500.0,-0.06237627079747554,34.79636206858022,49.66401599047378,0.0
2025-08-27,KZTK,41105.0,-0.053034571210392276,37.11976785647393,50.93572325935023,0.0
2025-08-28,KZTK,41022.0,-0.05103930852434582,37.624269282549875,49.0533167904015,0.0
2025-08-29,KZTK,41149.99,-0.05893404028773751,35.644780359938096,44.47924369275245,0.0
2025-09-02,KZTK,40954.0,-0.05782324415856426,35.920526850700284,48.62129951914331,0.0
2025-09-03,KZTK,40700.0,-0.05237991595491595,37.28499385526205,49.597673309806986,0.0
2025-09-04,KZTK,40700.01,-0.04972690345571587,37.95758776226962,46.62447114240692,0.0
2025-09-05,KZTK,40602.0,-0.05181732450430544,37.42722196543092,46.58017084277487,0.0
2025-09-08,KZTK,40305.0,-0.04478316438348072,39.223179226753366,50.71993951592679,0.0
2025-09-09,KZTK,40300.0,-0.04333784414510226,39.5960168887179,47.25766957360456,0.0
2025-09-10,KZTK,40100.0,-0.04381236096267263,39.473473883175146,51.00991525494973,0.0
2025-09-11,KZTK,40000.0,-0.041404071428571346,40.096747330427334,51.73340601465263,0.0
2025-09-12,KZTK,39999.97,-0.04425335605291386,39.359706271338446,48.05628905065801,0.0
2025-09-15,KZTK,40192.0,-0.05841811274138113,35.77273831473278,49.79166665166548,0.0
2025-09-16,KZTK,40185.0,-0.06104387564656316,35.12365378802379,49.70648517176181,0.0
2025-09-17,KZTK,40179.8,-0.0537811150189423,36.93171766517166,51.65579837149832,0.0
2025-09-18,KZTK,39799.0,-0.05164442234928931,37.470976963558556,50.947188439868775,0.0
2025-09-19,KZTK,39520.0,-0.045372058351005766,39.071623932689704,51.87351151290837,0.0
2025-09-22,KZTK,39799.99,-0.05478907520254735,36.67844729665967,44.32214640391963,0.0
2025-09-23,KZTK,40097.0,-0.06023727056134902,35.32247374546591,51.28730257203197,0.0
2025-09-24,KZTK,39750.0,-0.054021608265947894,36.87122286063041,51.537174848487616,0.0
2025-09-25,KZTK,39725.0,-0.056874318229494444,36.156830147991315,51.290673697431494,0.0
2025-09-26,KZTK,39724.97,-0.06852268207352905,33.305424929259175,50.83717745754558,0.0
2025-09-29,KZTK,39499.97,-0.08307789010376225,29.9087659653014,49.51018824722862,0.0
2025-09-30,KZTK,39200.0,-0.05815498866213152,35.83807542491846,51.16266713895835,0.0
2025-10-01,KZTK,39300.0,-0.06064764328123112,35.22125705473624,49.23221717777278,0.0
2025-10-02,KZTK,39210.1,-0.06614944354007748,33.87734879966492,50.0795900828554,0.0
2025-10-03,KZTK,39500.0,-0.07077028832630099,32.76826958730802,50.07976603452086,0.0
2025-10-06,KZTK,39301.1,-0.06910231478334568,33.166475892603685,51.676635282230095,0.0
2025-10-07,KZTK,39592.0,-0.08574604353292473,29.308024482309435,48.92879586047637,0.0
2025-10-08,KZTK,39691.98,-0.06661717345490385,33.764251408003375,47.29874055934392,0.0
2025-10-09,KZTK,39698.0,-0.04364474648676875,39.51674495439023,46.826401771408406,0.0
2025-10-10,KZTK,39700.0,-0.042981136300027985,39.68822215197644,46.98044939029316,0.0
2025-10-13,KZTK,39501.12,-0.020607701481448117,45.59226451634052,49.639050778322016,0.0
2025-10-14,KZTK,39360.36,-0.009186339094895054,48.66579103494635,54.391621593371354,0.0
2025-10-15,KZTK,39340.0,0.006571427159238599,52.91801152154195,46.19315542301402,0.0
2025-10-16,KZTK,39449.99,0.0011552501958709029,51.45811671378425,44.73269545403588,0.0
2025-10-17,KZTK,39272.0,0.004503553078731248,52.36108245697633,50.52196407202345,0.0
2025-10-20,KZTK,39270.0,0.00913869153722095,53.60841364107243,50.61275800530009,0.0
2025-10-21,KZTK,39324.99,0.004369807204504049,52.325039701042165,51.49632876432058,0.0
2025-10-22,KZTK,39112.01,0.0035839906605555534,52.113224779631,52.532521700769564,0.0
2025-10-23,KZTK,39111.98,0.007959535956372343,53.291464597612894,49.19644181756171,0.0
2025-10-24,KZTK,38999.9,0.008803542534520856,53.51835637973599,47.434834359524444,0.0
2025-10-28,KZTK,38620.02,0.0218298771046974,56.99613122493107,51.60186280490027,0.0
2025-10-29,KZTK,38510.01,0.025539023490256118,57.975408094220136,51.35890262491157,0.0
2025-10-30,KZTK,38800.0,0.02859353624611362,58.77719850002485,47.79243231907833,0.0
2025-10-31,KZTK,38520.0,0.05414365450229937,65.26675416017133,49.380419806653244,0.0
2025-11-03,KZTK,38499.92,0.05470526420883601,65.40416498007333,50.21660064927217,0.0
2025-11-04,KZTK,38399.86,0.06459010386624335,67.77914256046513,51.48856358619045,0.0
2025-11-05,KZTK,38469.97,0.07140034676687063,69.36444029031983,46.63037700749301,0.0
2025-11-06,KZTK,38386.0,0.07379017829747783,69.91031441607333,44.81416598556817,0.0
2025-11-07,KZTK,38250.0,0.0964517273576097,74.79762635972673,45.5020777148418,0.0
2025-11-10,KZTK,37788.99,0.10618632965895755,76.72794698187424,56.119038260718874,0.0
2025-11-11,KZTK,37002.0,0.1294765746896564,80.91693666591563,61.594246168146185,0.0
2025-11-12,KZTK,37700.0,0.1082849132668098,77.1303161607558,50.404108130679454,0.0
2025-11-13,KZTK,37699.99,0.1175682410832142,78.85110815809588,45.589538133380245,0.0
2025-11-14,KZTK,37400.0,0.11893854299295477,79.09692136353509,53.42325120296934,0.0
2025-11-17,KZTK,37496.0,0.13389018418049248,81.64236960877425,53.17757147197178,0.0
2025-11-18,KZTK,37374.99,0.1405704956267611,82.6994088143473,46.26558999132863,0.0
2025-11-19,KZTK,36995.0,,,49.17122555186789,0.0
2025-11-20,KZTK,37850.0,,,50.14872745724699,0.0
2025-11-21,KZTK,38770.0,,,52.467703587670414,0.0
2025-11-24,KZTK,38800.0,,,50.357447531156296,0.0
2025-11-25,KZTK,39490.0,,,46.21562844223524,0.0
2025-11-26,KZTK,39800.0,,,45.804086458978276,0.0
2025-11-27,KZTK,40400.01,,,49.775189685865236,0.0
2025-11-28,KZTK,40300.0,,,40.12385529993048,0.0
2025-12-01,KZTK,40249.95,,,37.67507389393596,0.0
2025-12-02,KZTK,40430.0,,,46.943282217688854,0.0
2025-12-03,KZTK,40299.0,,,41.02783171060457,0.0
2025-12-04,KZTK,40050.01,,,47.90551722069172,0.0
2025-12-05,KZTK,40221.1,,,45.737041610023056,0.0
2025-12-08,KZTK,40138.99,,,50.78070419168368,0.0
2025-12-09,KZTK,40251.0,,,48.97573408715733,0.0
2025-12-10,KZTK,40279.0,,,46.00885864444393,0.0
2025-12-11,KZTK,40700.01,,,47.423783577967626,0.0
2025-12-12,KZTK,41390.0,,,51.988272417007046,0.0
2025-12-15,KZTK,41390.0,,,48.228070987815634,0.0
2025-12-17,KZTK,41661.99,,,45.76741334984172,0.0
2025-12-18,KZTK,42000.0,,,45.67070875069821,0.0
2025-12-19,KZTK,42000.0,,,50.35981367973252,0.0
2025-12-22,KZTK,42718.0,,,51.018093594729734,0.0
2025-12-23,KZTK,42571.0,,,44.23046506076956,0.0
2025-12-24,KZTK,42546.25,,,46.88430410615627,0.0
2025-12-25,KZTK,42550.0,,,45.72709244728228,0.0
2025-12-26,KZTK,42900.0,,,54.74867661225905,0.0
2025-12-29,KZTK,42610.0,,,45.6063063524636,0.0
2025-12-30,KZTK,43280.0,,,45.83583368859965,0.0
2025-12-31,KZTK,43390.0,,,44.1267213029808,0.0
2025-01-05,KZTO,819.63,-0.042724756597489116,39.754538949888826,51.21393777712593,0.0
2025-01-06,KZTO,823.0,-0.0364327421936778,41.39331603001012,45.18933784425662,0.0
2025-01-08,KZTO,825.0,-0.04334422799422803,39.594367401585274,49.2521896864507,0.0
2025-01-09,KZTO,824.99,-0.04551981859520374,39.03362991911243,47.32888900102233,0.0
2025-01-10,KZTO,828.5,-0.05560266186740236,36.47455178062794,47.99296699521873,0.0
2025-01-13,KZTO,830.0,-0.05192822241346337,37.39916870915445,47.6705823356536,0.0
2025-01-14,KZTO,832.0,-0.05729758852258852,36.051343047156024,46.26999977188526,0.0
2025-01-15,KZTO,835.0,-0.05787541821119671,35.907554039943754,51.94257019557861,0.0
2025-01-16,KZTO,843.0,-0.06763905835169182,33.517805398824905,45.397976920022586,0.0
2025-01-17,KZTO,839.99,-0.04504477027031879,39.15582759902014,50.83225524212883,0.0
2025-01-20,KZTO,834.0,-0.04644086730615508,38.79709949147659,50.035999044604935,0.0
2025-01-21,KZTO,835.06,-0.039281950370261325,40.64863429138082,50.690690774870674,0.0
2025-01-22,KZTO,830.0,-0.03692591795754446,41.26412530914044,47.65506044307801,0.0
2025-01-23,KZTO,828.53,-0.037601723989456125,41.08728890573534,46.98436850991025,0.0
2025-01-24,KZTO,830.81,-0.04927820783236396,38.07180830147816,53.28069898718794,0.0
2025-01-27,KZTO,835.99,-0.05483592574016894,36.66669290541943,50.553368274410495,0.0
2025-01-28,KZTO,844.0,-0.06644152561498529,33.80670148010525,48.61422931656706,0.0
2025-01-29,KZTO,850.03,-0.07658557401522145,31.399489450095952,51.43425714710723,0.0
2025-01-30,KZTO,848.0,-0.0731904013177598,32.194894304896884,50.5724094417056,0.0
2025-01-31,KZTO,842.5,-0.05875709457868211,35.688642636644296,51.556889215254365,0.0
2025-02-03,KZTO,844.0,-0.0669862615662379,33.6751365023319,51.03321934057931,0.0
2025-02-04,KZTO,844.0,-0.06511762393741069,34.12749419245367,47.83397993392184,0.0
2025-02-05,KZTO,840.0,-0.05499920634920635,36.625739631041796,48.24481672132583,0.0
2025-02-06,KZTO,837.0,-0.05024893753200205,37.82486589358002,47.96018541140587,0.0
2025-02-07,KZTO,834.6,-0.04956463660949648,37.99887929560708,50.135724787729345,0.0
2025-02-10,KZTO,820.0,-0.032734039876113036,42.36587794114388,57.28741669527001,0.0
2025-02-11,KZTO,821.0,-0.03899651218993487,40.72305023677728,48.23439433953054,0.0
2025-02-12,KZTO,817.99,-0.035358454123997726,41.67514109629772,44.90220238036169,0.0
2025-02-13,KZTO,805.99,-0.018298307183889213,46.21178768863042,46.9075770833266,0.0
2025-02-14,KZTO,816.96,-0.025767347005390556,44.21332196119372,44.97741460035677,0.0
2025-02-17,KZTO,799.01,-0.006031523335524543,49.51754172254138,54.26928871775072,0.0
2025-02-18,KZTO,807.5,-0.02770164995822893,43.6985440862911,46.16881197038579,0.0
2025-02-19,KZTO,803.78,-0.02321746190717112,44.89381227631246,47.993265411250135,0.0
2025-02-20,KZTO,801.98,-0.021054603784205542,45.47252885734098,46.78341590497561,0.0
2025-02-21,KZTO,797.0,-0.013612131803788015,47.47231292766106,47.517330114678785,0.0
2025-02-24,KZTO,801.5,-0.019288909683232828,45.945891884930965,51.19336070031712,0.0
2025-02-25,KZTO,799.0,-0.01741470538570038,46.44914499356702,45.25754157115958,0.0
2025-02-26,KZTO,801.43,-0.015506634945590203,46.96223493488026,50.028105123003506,0.0
2025-02-27,KZTO,800.89,-0.017924061624300092,46.31229897268629,52.10016258426725,0.0
2025-02-28,KZTO,817.0,-0.04130007965650566,40.12373461312878,49.940027904794086,0.0
2025-03-03,KZTO,810.0,-0.018785405643738956,46.08101368360951,50.34928911453967,0.0
2025-03-04,KZTO,817.0,-0.022488637290901677,45.08867763323433,48.56772410641027,0.0
2025-03-05,KZTO,814.0,-0.0188734126984127,46.05739164522023,50.26345751952827,0.0
2025-03-06,KZTO,811.98,-0.018911876787957502,46.047068026104874,48.43310199201513,0.0
2025-03-07,KZTO,804.5,-0.007185074037901879,49.20604255973481,47.069609450484606,0.0
2025-03-11,KZTO,804.89,-0.003971254964939478,50.073963898233764,44.69794280582987,0.0
2025-03-12,KZTO,802.83,-0.0050873575352192255,49.77252858147975,44.69482646361376,0.0
2025-03-13,KZTO,799.99,0.004134614619190666,52.261652538506645,46.83451470153069,0.0
2025-03-14,KZTO,801.0,0.015944613875512763,55.43132581821235,46.1831807486546,0.0
2025-03-17,KZTO,808.0,0.007213268112525473,53.09073385241675,50.363584411786384,0.0
2025-03-18,KZTO,802.53,0.04413584249631976,62.77716745638329,51.6206651475573,0.0
2025-03-19,KZTO,804.15,0.044181420710421915,62.788672637599085,47.611719515261534,0.0
2025-03-20,KZTO,808.88,0.03791292679040427,61.193226216563865,50.4125673285127,0.0
2025-03-26,KZTO,810.0,0.039704805996472636,61.65191533408573,49.26532339864572,0.0
2025-03-27,KZTO,808.28,0.045012656662275656,62.99824391247818,53.702742947540514,0.0
2025-03-28,KZTO,807.99,0.047901235900491446,63.722670350416855,46.13196579801054,0.0
2025-03-31,KZTO,803.9,0.05460906686056273,65.38064623362949,49.28205350559719,1.0
2025-04-01,KZTO,804.0,0.04393634209902867,62.72679110621917,46.41137713645066,1.0
2025-04-02,KZTO,806.0,0.04192737799834574,62.21797772071379,49.26693199252573,1.0
2025-04-03,KZTO,810.9,0.049703886334408004,64.17164353126812,46.5510924255021,1.0
2025-04-04,KZTO,808.89,0.050512297878515494,64.37218997862591,45.64021783475014,1.0
2025-04-07,KZTO,800.02,0.06237316815095499,67.25388659734239,48.106217461684196,1.0
2025-04-08,KZTO,800.0,0.08119563492063492,71.565977325724,51.72325994719199,1.0
2025-04-09,KZTO,800.0,0.10490694444444451,76.48023765648915,48.75590916677698,1.0
2025-04-10,KZTO,801.0,0.0995673533083645,75.42680858878708,47.92892022272485,1.0
2025-04-11,KZTO,801.0,0.0773766630996968,70.71901713141044,51.28084255167103,1.0
2025-04-14,KZTO,800.0,0.07998333333333335,71.29871970985684,47.31907031409615,1.0
2025-04-15,KZTO,803.96,-0.023670993127668866,44.77263061832872,48.25964190950219,1.0
2025-04-16,KZTO,801.5,-0.011865247452692868,47.94311623233818,51.25361981126661,1.0
2025-04-17,KZTO,798.55,-0.008132209595168966,48.95032772894538,47.98108324110908,1.0
2025-04-18,KZTO,809.98,-0.021132203215286152,45.45174343525889,45.484754755821626,1.0
2025-04-21,KZTO,814.0,-0.023565989040989038,44.80068180471132,47.194639036718414,1.0
2025-04-22,KZTO,814.0,-0.017377451152451154,46.45915601333841,48.070886883329955,1.0
2025-04-23,KZTO,812.0,-0.01749839901477833,46.42665574645875,48.244903097873284,1.0
2025-04-24,KZTO,814.0,-0.022254154479154478,45.15140348569403,45.635410300879,1.0
2025-04-25,KZTO,816.99,-0.027124782360220062,43.85192957444189,45.4446491152113,1.0
2025-04-28,KZTO,814.01,-0.022444697878209397,45.10043056246381,49.834532111202535,1.0
2025-04-29,KZTO,818.5,-0.03137953500887221,42.72356768006136,51.401249193264476,1.0
2025-04-30,KZTO,828.99,-0.04400900846641268,39.42272872417996,43.78742993713557,1.0
2025-05-02,KZTO,829.18,-0.04698003863637313,38.65888108586065,44.522439837363976,1.0
2025-05-05,KZTO,853.2,-0.07316195666733644,32.20160281559201,49.17397808452937,1.0
2025-05-06,KZTO,854.95,-0.07695819942593882,31.312843332889408,54.4407967817426,1.0
2025-05-08,KZTO,854.9,-0.07338204296613172,32.149715843533166,49.12590784069771,1.0
2025-05-12,KZTO,857.53,-0.07571662536124882,31.60204875514736,45.181698061669806,1.0
2025-05-13,KZTO,859.99,-0.0719944295079474,32.477588492691524,49.2327238593391,1.0
2025-05-14,KZTO,862.0,-0.07883474662099951,30.87848025304025,46.786862306705785,1.0
2025-05-15,KZTO,863.0,-0.0828684820393974,29.956212578089335,45.10214349641163,0.0
2025-05-16,KZTO,854.5,-0.07350688674338467,32.12030256360717,43.0570292574215,0.0
2025-05-19,KZTO,855.0,-0.07541681286549715,31.672100492315835,46.314419935998856,0.0
2025-05-20,KZTO,866.5,-0.08494019500087016,29.488718065489184,46.948787564198135,0.0
2025-05-21,KZTO,865.0,-0.08192852555280297,30.16971250674415,47.342162950293364,0.0
2025-05-22,KZTO,864.99,-0.07971280795153703,30.67638499477957,48.25456075566529,0.0
2025-05-23,KZTO,880.0,-0.09456890331890333,27.372876892628728,50.169401606278285,0.0
2025-05-26,KZTO,898.95,-0.11181134511427357,23.82932935557885,47.59615555711295,0.0
2025-05-27,KZTO,895.79,-0.10866346514746131,24.45207453318141,50.83477042798738,0.0
2025-05-28,KZTO,878.0,-0.09346805871931155,27.609939343743186,47.08063560125546,0.0
2025-05-29,KZTO,878.98,-0.09233969197522239,27.85424222703673,48.584772926644575,0.0
2025-05-30,KZTO,799.99,-0.0022789649453951906,50.53099761289518,40.85326681354564,0.0
2025-06-02,KZTO,807.0,-0.010984103381129404,48.18073758703202,51.6844986048067,0.0
2025-06-03,KZTO,807.0,-0.013483449873133886,47.506979730041664,55.426136328640936,0.0
2025-06-04,KZTO,808.0,-0.015993006443501493,46.83138180023212,50.5267787731686,0.0
2025-06-05,KZTO,810.0,-0.016640608465608466,46.6572192153069,45.602971309219434,0.0
2025-06-09,KZTO,815.0,-0.025206561008861678,44.362802313793594,49.56276049950204,0.0
2025-06-10,KZTO,812.88,-0.02084093909485849,45.529768217576446,45.60078777475815,0.0
2025-06-11,KZTO,811.0,-0.01975606149570391,45.82057891674756,49.347827106855064,0.0
2025-06-12,KZTO,809.99,-0.019749221438555887,45.82241337722298,45.78262234085002,0.0
2025-06-13,KZTO,810.84,-0.022278960266954292,45.14476702528382,47.91831885417501,0.0
2025-06-16,KZTO,808.0,-0.021102828854314054,45.45961132868914,47.07202194634041,0.0
2025-06-17,KZTO,807.89,-0.019010516764521007,46.020594974008986,44.301738196310026,0.0
2025-06-18,KZTO,805.61,-0.017906336419036113,46.317060188219315,43.946674668251006,0.0
2025-06-19,KZTO,806.6,-0.016779699424194872,46.61982332619653,51.67149246461975,0.0
2025-06-20,KZTO,805.0,-0.014801863354037267,47.151919973898885,46.537942656637775,0.0
2025-06-23,KZTO,808.0,-0.022241839541096965,45.154698248554226,47.01362424844178,0.0
2025-06-24,KZTO,808.48,-0.020359563939699524,45.658768506477564,47.042690982981526,0.0
2025-06-25,KZTO,814.0,-0.02604699894699895,44.13881830362159,45.48024125910101,0.0
2025-06-26,KZTO,810.0,-0.024701410934744265,44.4975401419644,48.031014809086045,0.0
2025-06-27,KZTO,807.45,-0.02342051520217976,44.83954969701854,48.03940618943264,0.0
2025-06-30,KZTO,807.48,-0.01664617186449556,46.655723371714956,44.722538028199104,0.0
2025-07-01,KZTO,806.31,-0.018936255995124083,46.040524912774785,48.698537058323524,0.0
2025-07-02,KZTO,808.9,-0.019033051645679866,46.01454736450772,48.37960647823694,0.0
2025-07-03,KZTO,810.1,-0.022846247915699218,44.99304431296171,49.74069848941907,0.0
2025-07-04,KZTO,812.0,-0.023451108374384237,44.831375247779924,46.96727825963085,0.0
2025-07-08,KZTO,813.0,-0.026126079189363258,44.11775485899172,46.039575949430166,0.0
2025-07-09,KZTO,814.99,-0.03274444608532546,42.36313297448692,50.71347551018598,0.0
2025-07-10,KZTO,814.94,-0.03255927184823429,42.41198556131808,46.379240080079995,0.0
2025-07-11,KZTO,812.1,-0.02886458549556995,43.389695798911234,46.936950353996856,0.0
2025-07-14,KZTO,814.0,-0.027169680394680353,43.83998721140581,45.001279890489485,0.0
2025-07-15,KZTO,812.9,-0.027121462693824004,43.85281259598521,45.90363900889285,0.0
2025-07-16,KZTO,813.0,-0.02711366045803317,43.85488798319295,47.341935190285405,0.0
2025-07-17,KZTO,811.0,-0.0173515936625369,46.46610464900747,48.19616998662388,0.0
2025-07-18,KZTO,810.0,-0.017336992945326247,46.470028333489644,46.25726682699013,0.0
2025-07-21,KZTO,811.5,-0.020384539946600944,45.65207391713921,44.570088355579884,0.0
2025-07-22,KZTO,809.55,-0.0179312334012723,46.310372561295765,48.78580699988394,0.0
2025-07-23,KZTO,811.0,-0.013612261953692285,47.4722778666155,47.23653351979897,0.0
2025-07-24,KZTO,810.0,-0.009911199294532632,48.4701816535918,44.4269813382612,0.0
2025-07-25,KZTO,809.0,-0.008674343692977808,48.803982118205056,48.15306603751106,0.0
2025-07-28,KZTO,807.8,-0.0036027908448185465,50.173478031739414,45.39207673811142,0.0
2025-07-29,KZTO,805.92,-0.007347658753793307,49.16214338128737,46.797712900406175,0.0
2025-07-30,KZTO,807.5,-0.000684613494520616,50.96150141106575,48.26470392730904,0.0
2025-07-31,KZTO,806.11,-0.0039005487897689484,50.09306016585098,46.9824935809105,0.0
2025-08-01,KZTO,808.01,-0.0039435657424482,50.0814421843247,47.68402316947831,0.0
2025-08-04,KZTO,808.0,-0.002059343077164908,50.59030561396505,49.58129728061062,0.0
2025-08-05,KZTO,805.0,0.0005339371980676751,51.29043944921803,46.91870430775212,0.0
2025-08-06,KZTO,807.0,-0.0014638977400129975,50.751094392645754,51.65733126600378,0.0
2025-08-07,KZTO,807.88,-0.004795925766124276,49.851237332272156,49.100703415599234,0.0
2025-08-08,KZTO,805.0,0.012311766735679824,54.45979779520502,49.95668849187268,0.0
2025-08-11,KZTO,803.5,0.009297330379984394,53.651033018892,46.844698155918095,0.0
2025-08-12,KZTO,809.0,0.01718948142915999,55.76332486416394,50.16402832203124,0.0
2025-08-13,KZTO,805.98,0.035875073202808985,60.66915517774799,46.09172633297631,0.0
2025-08-14,KZTO,808.49,0.028849331361795967,58.84413845057027,49.27069470621137,0.0
2025-08-15,KZTO,806.6,0.028777791356231746,58.82542017243965,47.75180829977854,0.0
2025-08-18,KZTO,808.0,0.05053153386767249,64.37695583904795,47.92459909747165,0.0
2025-08-19,KZTO,806.82,0.04464454070713825,62.905494374148255,46.85519750188676,0.0
2025-08-20,KZTO,803.4,0.055983366229240064,65.71592288594118,50.22740730630017,0.0
2025-08-21,KZTO,803.5,0.06379358041702474,67.5909309827809,47.04372888309571,0.0
2025-08-22,KZTO,803.7,0.059067396772071915,66.46258831950345,49.294847966246216,0.0
2025-08-25,KZTO,806.96,0.05534453532048941,65.56026507237966,49.71781620040315,0.0
2025-08-26,KZTO,805.91,0.052029651780802696,64.74724500343869,45.65311938363641,0.0
2025-08-27,KZTO,806.02,0.05559746155221644,65.62193335444368,51.09370948692331,0.0
2025-08-28,KZTO,811.96,0.03667033030792816,60.87396961473035,50.59871387165134,0.0
2025-08-29,KZTO,810.97,0.047747302877154146,63.68421892428078,48.430050091727736,0.0
2025-09-02,KZTO,810.0,0.007027954144620801,53.0408724365849,48.236642693045646,0.0
2025-09-03,KZTO,810.04,0.030366214699959995,59.24041718586872,47.4570831924436,0.0
2025-09-04,KZTO,815.0,0.03378365712338102,60.12874481283935,53.70138435242709,0.0
2025-09-05,KZTO,817.0,0.04519916846379515,63.045200397119295,44.428262143241184,0.0
2025-09-08,KZTO,817.0,0.04510655806182127,63.021887746468295,45.466766114399036,0.0
2025-09-09,KZTO,819.9,0.029776552454132056,59.086510401749756,46.37186348161517,0.0
2025-09-10,KZTO,815.0,0.0294147507060084,58.991988685605946,47.086101435804494,0.0
2025-09-11,KZTO,822.0,0.020942413972888426,56.76098194502136,54.52158014931107,0.0
2025-09-12,KZTO,818.0,0.02109071098692125,56.800297404289054,49.00910189945724,0.0
2025-09-15,KZTO,819.9,0.029358122070635765,58.977188264398436,47.51919683771501,0.0
2025-09-16,KZTO,821.42,0.017878483833454535,55.94685862298476,45.39703395586089,0.0
2025-09-17,KZTO,820.46,0.016551528294812518,55.59324884288327,43.98092783374518,0.0
2025-09-18,KZTO,820.89,0.008522615697596499,53.44285135202757,46.723746287037415,0.0
2025-09-19,KZTO,819.1,0.005955492575087221,52.75219492772841,46.980786492819476,0.0
2025-09-22,KZTO,829.96,-0.013706021651837142,47.44702061802674,48.334438942739794,0.0
2025-09-23,KZTO,826.0,-0.022069121603443646,45.200912009521474,45.60310774389979,0.0
2025-09-24,KZTO,838.05,-0.02811952875297241,43.58750777731224,46.99503585714803,0.0
2025-09-25,KZTO,850.0,-0.04574404761904764,38.975998688462944,49.01145415263892,0.0
2025-09-26,KZTO,846.98,-0.04455845581331545,39.28106424603034,41.92808280021125,0.0
2025-09-29,KZTO,844.95,-0.046999465733390866,38.653904277709806,50.328820196558375,0.0
2025-09-30,KZTO,864.0,-0.053917460317460295,36.897415671353976,44.4374528326622,0.0
2025-10-01,KZTO,858.0,-0.05373445443445443,36.94345965341244,48.71364143512565,0.0
2025-10-02,KZTO,863.48,-0.05991675767896759,35.401618601954176,49.60994322401933,0.0
2025-10-03,KZTO,869.87,-0.07259568897906843,32.33530632962732,45.700928199254925,0.0
2025-10-06,KZTO,866.29,-0.06776782022204883,33.486815445403316,40.454450806643756,0.0
2025-10-07,KZTO,866.8,-0.06500662187502289,34.15445758960483,45.955706882638566,0.0
2025-10-08,KZTO,863.0,-0.05856489451709617,35.73631344337708,51.585588780199636,0.0
2025-10-09,KZTO,865.99,-0.059518129832871344,35.50016419041227,45.684722654557135,0.0
2025-10-10,KZTO,857.01,-0.05649505295543031,36.2514638908993,43.983938928330275,0.0
2025-10-13,KZTO,864.99,-0.0665348171655164,33.78415178992253,49.32285742647421,0.0
2025-10-14,KZTO,831.01,-0.02673373363508886,43.9559740299535,49.973990591825796,0.0
2025-10-15,KZTO,850.0,-0.03886753034547155,40.75669079236868,47.95407002740935,0.0
2025-10-16,KZTO,858.03,-0.04490090237160092,39.1928619525782,50.32495696464585,0.0
2025-10-17,KZTO,869.5,-0.055476043520724376,36.5062523443562,43.6560319422247,0.0
2025-10-20,KZTO,869.46,-0.044978870820750264,39.17278983301902,46.07698614008659,0.0
2025-10-21,KZTO,860.01,-0.02621229858346055,44.09479227563856,45.37382058776539,0.0
2025-10-22,KZTO,854.6,-0.014337097463215005,47.27705428156403,47.63733259079806,0.0
2025-10-23,KZTO,855.0,-0.014398015873015878,47.26065052969181,48.01183132346571,0.0
2025-10-24,KZTO,851.0,-0.003952734411430063,50.07896591692415,46.140374418062315,0.0
2025-10-28,KZTO,859.8,-0.010992422379512364,48.17849377043356,49.49048354596931,0.0
2025-10-29,KZTO,852.01,0.011234258745379564,54.170953065594475,49.03993419170746,0.0
2025-10-30,KZTO,849.99,0.03846019265492758,61.33353117961898,44.81333534165981,0.0
2025-10-31,KZTO,843.9,0.046054726778731486,63.26027960851047,46.16944256520634,0.0
2025-11-03,KZTO,840.0,0.07844761904761904,70.95801893501701,47.778426165150606,0.0
2025-11-04,KZTO,834.86,0.12773517893314684,80.62475171924507,46.954135620450295,0.0
2025-11-05,KZTO,824.01,0.14673716922066948,83.63191192618021,46.176278535957636,0.0
2025-11-06,KZTO,831.0,0.13248122170649246,81.41313913062933,44.140061547035344,0.0
2025-11-07,KZTO,827.9,0.13063776700276278,81.10989220403819,46.50242931675931,0.0
2025-11-10,KZTO,826.0,0.12914490180252894,80.8615467428973,43.734746117988536,0.0
2025-11-11,KZTO,822.0,0.15908046865948325,85.3764703998592,45.204919556662844,0.0
2025-11-12,KZTO,834.6,0.1274929584174911,80.58384196496915,49.300765392614274,0.0
2025-11-13,KZTO,829.0,0.11715198316962491,78.77601966873438,49.385477151032674,0.0
2025-11-14,KZTO,829.0,0.12004386284871808,79.2936640945298,53.90924989770225,0.0
2025-11-17,KZTO,824.15,0.12788344198303406,80.64976023289012,46.88614331365923,0.0
2025-11-18,KZTO,824.99,0.13116283960248096,81.19665091414282,47.021683682922216,0.0
2025-11-19,KZTO,827.92,,,48.28075228865619,0.0
2025-11-20,KZTO,829.9,,,47.63745288055683,0.0
2025-11-21,KZTO,832.0,,,47.74901797419627,0.0
2025-11-24,KZTO,826.0,,,49.73419534188128,0.0
2025-11-25,KZTO,825.02,,,48.29427782865619,0.0
2025-11-26,KZTO,825.71,,,48.14526500642605,0.0
2025-11-27,KZTO,834.28,,,45.97375968192375,0.0
2025-11-28,KZTO,837.0,,,49.49140173179305,0.0
2025-12-01,KZTO,839.0,,,49.76600214755287,0.0
2025-12-02,KZTO,848.09,,,43.648795557319275,0.0
2025-12-03,KZTO,855.01,,,53.207337293043494,0.0
2025-12-04,KZTO,859.78,,,46.14281549364193,0.0
2025-12-05,KZTO,860.13,,,49.96102327207548,0.0
2025-12-08,KZTO,865.0,,,42.650964483679445,0.0
2025-12-09,KZTO,867.89,,,48.67658325977592,0.0
2025-12-10,KZTO,878.96,,,48.11308827000918,0.0
2025-12-11,KZTO,900.0,,,48.534691934620156,0.0
2025-12-12,KZTO,899.95,,,58.31682107290783,0.0
2025-12-15,KZTO,923.0,,,55.073283882309305,0.0
2025-12-17,KZTO,958.5,,,50.15847264958063,0.0
2025-12-18,KZTO,961.7,,,31.468607262834112,0.0
2025-12-19,KZTO,958.01,,,41.33170832810425,0.0
2025-12-22,KZTO,952.91,,,37.700238848931974,0.0
2025-12-23,KZTO,949.49,,,40.202678835871296,0.0
2025-12-24,KZTO,969.5,,,65.81647259966684,0.0
2025-12-25,KZTO,958.0,,,43.81146628550093,0.0
2025-12-26,KZTO,943.0,,,47.06159090764976,0.0
2025-12-29,KZTO,945.4,,,47.604613528621066,0.0
2025-12-30,KZTO,946.33,,,44.21208397667427,0.0
2025-12-31,KZTO,950.0,,,42.72652385869267,0.0
