date,ticker,close,volume,dev_price,dev_volume,order_flow,dev_price_60,ret_5,vol_20,clv_5,amihud,rf_daily,R5,R21,R30,price_fwd,dividends_fwd,rf_cum,R63,R252,ebitda_growth,nd_ebitda,fcfe_to_ebitda,pre_agm,Z30,Y_target,Y_target_5,Y_target_21,Y_target_30,Y_target_63,Y_target_252,Y_attr
2025-01-05,AIRA,819.7,21880.0,0.040790052523744416,-1.0101005833724346,0.336363621074385,2.198905932718115,1.3584672435104972,0.8252259244551665,0.005887169204583253,8.837592671674695e-05,0.0005726190476190476,-0.019651923806812844,-0.08072678181719604,-0.15543457599663832,706.69,0.0,0.01756706349206349,-0.16200192448456757,,0.0,2.8398058252427183,-0.15048543689320387,0.0,-3.1593722763101173,13.060462537495116,36.84881345609933,23.918735990256884,13.060462537495116,20.886238046662964,,39.829214247368384
2025-01-06,AIRA,819.0,26190.0,-0.08535599736279376,-0.7656697179074529,-0.1983967538283073,2.0998460571372197,0.7002457002457163,0.641794772629951,0.11502035756224016,7.575147669719492e-05,0.0005674603174603176,-0.02370860805860806,-0.08559221611721612,-0.1018482905982906,750.0,0.0,0.017599206349206347,-0.1466647435897436,,0.0,2.8398058252427183,-0.15048543689320387,0.0,-2.0334277002894314,22.7926486627858,34.22628529212444,22.6428158961349,22.7926486627858,23.266718951615946,,27.691316092419825
2025-01-08,AIRA,817.02,10500.0,-0.3122229307289447,-1.6344470943662104,-0.7681817308884427,1.8405104383072586,0.02442598925256334,0.566886823530462,-0.0664507102660982,6.686454325097955e-05,0.0005678571428571428,-0.01648196555775864,-0.09805288688509109,-0.07374159314162622,771.17,0.0,0.017623015873015874,-0.14089626683382467,,0.0,2.8398058252427183,-0.15048543689320387,0.0,-1.4428552559422918,29.61470878177227,38.95457815295355,19.598483574630578,29.61470878177227,24.209534627275843,,7.583651847848934
2025-01-09,AIRA,808.04,25250.0,-1.3669428885587058,-0.6993632792134212,0.043617445233392255,0.7144174454244585,-0.06116058322732654,0.5530784035514249,-0.11368038108693157,7.73429738000113e-05,0.0005825396825396825,-0.010445512401947682,-0.1027502949327512,-0.07831863627684622,759.0,0.0,0.017628571428571427,-0.13096827706942055,,0.0,2.8398058252427183,-0.15048543689320387,0.0,-1.5390271934819777,28.426230803816843,43.07441010201117,18.534221704571618,28.426230803816843,25.89213075758044,,19.149154052830216
2025-01-10,AIRA,800.0,31380.0,-2.327572760236189,-0.3894020167793959,-0.99999990000001,-0.3086286427454766,-1.458536585365855,0.569984122178824,-0.028331724448633317,9.899517808453991e-05,0.0006321428571428572,-0.00044583333333332196,-0.10668412698412698,-0.0467071428571428,776.7,0.0,0.01758214285714286,-0.11934007936507937,,0.0,2.8398058252427183,-0.15048543689320387,0.0,-0.8748126600199118,37.17100623436098,50.0867496531863,17.677757650084825,37.17100623436098,27.957161259715253,,4.019161077943931
2025-01-13,AIRA,806.0,17830.0,-1.5568991505956138,-0.9174083511153533,0.8490245251039438,0.4295514777510607,-2.43783460773912,0.6057224191718956,-0.31731946368179653,0.00011877471100058081,0.0005884920634920634,-0.01784648469809758,-0.13140789022805152,-0.05543206408287053,775.5,0.0,0.017590873015873015,-0.12149691204852502,,0.0,2.8398058252427183,-0.15048543689320387,0.0,-1.0581390028945532,34.640406744104304,38.04257361071024,12.994867689510675,34.640406744104304,27.566605612335938,,39.54403326261763
2025-01-14,AIRA,802.0,27780.0,-2.0261010494922,-0.45428822304527455,0.4545454132231443,-0.08173381847070489,-1.671343174332074,0.634532350538836,-0.21478728287588478,0.00014315216000700316,0.0005805555555555556,-0.01416043720064917,-0.13324842457348693,-0.05379372798163322,773.0,0.0,0.01763412698412698,-0.12058856430352691,,0.0,2.8398058252427183,-0.15048543689320387,0.0,-1.0237146043161829,35.10951645458361,40.52381069606328,12.692316984383394,35.10951645458361,27.730675257648656,,30.786646513113393
2025-01-15,AIRA,805.98,29400.0,-1.4681018047064338,-0.3685083611530517,0.9949998756250202,0.4042698093780111,-2.0757020757020794,0.5881824589802419,-0.0841988494655945,0.00014582490655355978,0.0005857142857142858,-0.02773136368148095,-0.14502845707503084,-0.047424424716907804,782.0,0.0,0.017671825396825398,-0.1386284020695303,,0.0,2.8398058252427183,-0.15048543689320387,0.0,-0.8898840465412349,36.96006455970826,31.717461375878187,10.895731021880744,36.96006455970826,24.587245234549876,,41.70414839893658
2025-01-16,AIRA,802.0,17270.0,-1.9052025519909705,-0.7911090267388131,-0.41860459031909986,-0.11220470282477812,-1.3512521113314246,0.6058018320869508,0.2684374718370981,0.00015612385651271417,0.0005837301587301588,-0.026505996912480685,-0.12952914242172345,-0.028908453073665047,793.0,0.0,0.017686507936507938,-0.13300356845980288,,0.0,2.8398058252427183,-0.15048543689320387,0.0,-0.5008300621778249,42.54357383454122,32.47131838081804,13.310005272761384,42.54357383454122,25.54106918507427,,25.344828241654348
2025-01-17,AIRA,801.99,13570.0,-1.8584041587796702,-0.8695209036716989,0.22018345257134708,-0.1225817524322543,-0.7474877481312814,0.6107511245527476,0.1759930647265997,0.00017135488784685146,0.0005948412698412699,-0.02789312553772491,-0.13111314199678295,-0.026391216224641214,795.0,0.0,0.017675396825396823,-0.13428402068604348,,0.0,2.8398058252427183,-0.15048543689320387,0.0,-0.4479383725290929,43.32107961237674,31.618646095094693,13.043884994345895,43.32107961237674,25.321816647469696,,31.51056607539181
2025-01-20,AIRA,793.98,13760.0,-2.795263529666986,-0.7923440209580065,0.10880828210153562,-1.1377287524250472,0.24874999999999758,0.6112689036477753,0.4200297352408711,0.00016905277888102992,0.0005884920634920634,-0.013212861694968908,-0.06768666474146526,-0.028973997455855334,785.0,0.0,0.01766388888888889,-0.1315082933899019,,0.0,2.8398058252427183,-0.15048543689320387,0.0,-0.5022072679510405,42.52337641526546,41.170129261003105,27.575028951601656,42.52337641526546,25.798679634631817,,35.88657280669833
2025-01-21,AIRA,793.0,14530.0,-2.8659595546519987,-0.6768383866529285,-0.38854801753087403,-1.2861520040405723,-1.4913151364764232,0.6331031430326365,0.27198648664038944,0.00021149895173997162,0.0005857142857142858,-0.01683446976520747,-0.03982916691687188,-0.05296371524650213,765.0,0.0,0.017654761904761902,-0.1280318311015033,,0.0,2.8398058252427183,-0.15048543689320387,0.0,-1.006274538631433,35.34828575023813,38.71820489917632,36.434798550352774,35.34828575023813,26.40413085672948,,27.55481147512747
2025-01-22,AIRA,786.0,9960.0,-3.652956471486367,-0.9966983097561796,-0.45404909426304924,-2.1611962712391692,-1.122194513715713,0.6045967534457918,0.1033678004895858,0.0002092775989228021,0.0005888888888888889,-0.014398397552405186,-0.04665114503816794,-0.0557404125772447,756.06,0.0,0.01764880952380952,-0.12678377862595425,,0.0,2.8398058252427183,-0.15048543689320387,0.0,-1.0646179613105706,34.552445981362304,40.36200898748969,34.14755943000608,34.552445981362304,26.62369756550766,,17.542399662176702
2025-01-23,AIRA,783.11,17880.0,-3.446482346819446,-0.3635851659707064,-0.9818015485166885,-2.5308614029249745,-2.478969701481426,0.5914754784914187,-0.1864419934880281,0.0002647208627137199,0.0005944444444444445,-0.013281540917542264,-0.020476582249488312,-0.0471371286048525,760.0,0.0,0.017626587301587303,-0.12287457521323711,,0.0,2.8398058252427183,-0.15048543689320387,0.0,-0.883847436675934,37.04449470409771,41.123179422158564,43.23324046439809,37.04449470409771,27.31891705708541,,4.7113218270600425
2025-01-24,AIRA,781.99,124810.0,-3.498169514510982,1.6670281665172928,0.07538460958580066,-2.671284618590486,-2.355361596009975,0.5666320925442587,-0.29908138512754584,0.0002695065575205924,0.0005976190476190477,-0.006717139625664055,-0.02059021188209894,-0.04702245828053256,758.99,0.0,0.01761031746031746,-0.11519072646769932,,0.0,2.8398058252427183,-0.15048543689320387,0.0,-0.8814380061894059,37.07821600440552,45.67171509398631,43.19229174469529,37.07821600440552,28.71796243526926,,38.65991352910978
2025-01-27,AIRA,785.84,6480.0,-2.5871779884422077,-1.2910373307145464,0.626890650942746,-2.1609160088754775,-2.4937966807566214,0.5521257999044564,-0.32804115372465514,0.0002689633951965826,0.000594047619047619,-0.023036509996784405,-0.028659838829827672,-0.061969248435401886,751.0,0.0,0.01763452380952381,-0.12858076004808938,,0.0,2.8398058252427183,-0.15048543689320387,0.0,-1.1954970453388785,32.79882089403967,34.65467248833951,40.31118371091666,32.79882089403967,26.307927653523183,,38.47211039078001
2025-01-28,AIRA,782.0,41330.0,-2.5390782861361973,0.731873716499398,-0.4984246692864081,-2.656208820152109,-1.025214740925462,0.5433496434306059,-0.224424679956413,0.0003160624183874871,0.000588095238095238,-0.02639470933300856,-0.01235595238095238,-0.06497648276701985,745.0,0.0,0.01766190476190476,-0.11528326736491695,,0.0,2.8398058252427183,-0.15048543689320387,0.0,-1.2586844665108794,31.968698137462926,32.54024339165555,46.18029355049636,31.968698137462926,28.700860440122998,,6.27311295533732
2025-01-29,AIRA,777.0,23870.0,-2.8575999939695973,0.1829080068455129,-0.99999989989991,-3.2734322241918203,-1.387137452711218,0.5163627177587659,-0.24640001030751985,0.00031283117194922126,0.0005738095238095239,-0.026071181896181895,0.008211465036465037,-0.07725374302874302,730.74,0.0,0.017717063492063492,-0.10550779708279709,,0.0,2.8398058252427183,-0.15048543689320387,0.0,-1.5166518642754523,28.700165466741062,32.74104622115678,53.71698884703059,28.700165466741062,30.540482704442518,,2.3623958505716045
2025-01-30,AIRA,775.0,17360.0,-2.7587771275023187,-0.1355453012751484,-0.9999998988877757,-3.5236831157051736,-1.1450381679389277,0.524054744135214,-0.355590171434892,0.0003282968846383053,0.0005718253968253969,-0.03904927035330261,0.013413991295442908,-0.01581748591909883,776.51,0.0,0.017765873015873013,-0.09844454685099849,,0.0,2.8398058252427183,-0.15048543689320387,0.0,-0.225765213905971,46.61869056424665,25.231838999775324,55.61016646497573,46.61869056424665,31.90992396691096,,2.3155801843692054
2025-01-31,AIRA,779.01,7350.0,-1.9170610729931432,-0.8875812789212101,-0.4846153224852144,-3.028399256983726,-1.035614409214547,0.5074865237122165,-0.3592298415091094,0.0003335430310715102,0.0005785714285714286,-0.05942652787023333,-0.004701626407998907,-0.007550931936811117,787.0,0.0,0.01780753968253968,-0.09261432546253759,,0.0,2.8398058252427183,-0.15048543689320387,0.0,-0.05206999413942153,49.2190136111591,15.955736976969458,48.9831491565255,49.2190136111591,33.0644551511252,,4.883424333210317
2025-02-03,AIRA,770.01,35420.0,-2.9855560734964115,0.6849923592066061,-0.19566090013415455,-4.207356540955221,-0.3810790419314869,0.5350171241910717,-0.4712298279233124,0.00037860074797244303,0.0005801587301587301,-0.062037255514925276,-0.0188937105949768,-0.010072070724498927,776.0,0.0,0.017851190476190475,-0.05951852506862927,,0.0,2.8398058252427183,-0.15048543689320387,0.0,-0.1050436705622322,48.42486631596393,14.992050641487985,43.80459757435653,48.42486631596393,39.97666106658516,,14.861550321571965
2025-02-04,AIRA,763.62,55350.0,-3.4560697320551017,1.1313921070001534,0.20173065431418938,-5.00557334453169,-2.014404967932404,0.5684241772593827,-0.6357401381386925,0.0003987947246243285,0.0005865079365079364,-0.07314634594494145,-0.022283942306133394,-0.0017159229971027562,775.98,0.0,0.017901984126984127,-0.04335287627478637,,0.0,2.8398058252427183,-0.15048543689320387,0.0,0.0705340754999981,51.05785325084399,11.417079136376485,42.58305419907168,51.05785325084399,43.52476045645165,,44.18752537503287
2025-02-05,AIRA,759.0,78120.0,-3.533572193200326,1.475961356070694,-0.1959798798010208,-5.590860199560901,-2.3503836317135596,0.5772049653899726,-0.49570907341857307,0.0004066210978985025,0.000588095238095238,-0.07406648315452664,-0.011050334086203652,0.009294789510006837,779.68,0.0,0.017951587301587302,-0.024298119392684607,,0.0,2.8398058252427183,-0.15048543689320387,0.0,0.3018890189028381,54.515994806190804,11.156999878956391,46.65716912517871,54.515994806190804,47.79093376947933,,29.986870158125893
2025-02-06,AIRA,747.0,84130.0,-4.562702561785493,1.393809854624288,-0.7635933354850268,-7.004034031037823,-2.316602316602312,0.5794012353658969,-0.3349050693987952,0.00039763238887078527,0.0005869047619047619,-0.06717091700133868,0.0036885685599541158,0.015476329126027921,772.0,0.0,0.017990873015873016,-0.018762033849684442,,0.0,2.8398058252427183,-0.15048543689320387,0.0,0.4317743235171888,56.44063344295838,13.237218097650217,52.06217404517568,56.44063344295838,49.03929463085957,,11.694645951853337
2025-02-07,AIRA,735.0,66380.0,-4.725018904134857,1.1568424394092924,-0.263424936007402,-8.377575567903637,-3.612903225806452,0.6200848010732762,-0.28762375671824547,0.00038327600253427254,0.000590079365079365,-0.039671031746031725,0.009378231292517004,0.021427210884353738,764.0,0.0,0.01802857142857143,-0.007948242630385464,,0.0,2.8398058252427183,-0.15048543689320387,0.0,0.5568130902187521,58.27536810211339,24.902155340681816,54.14270092386084,58.27536810211339,51.47978234162497,,38.86296356383429
2025-02-10,AIRA,724.5,127120.0,-4.725018904134857,1.8065778450117576,-0.6173838680279559,-9.579152489385114,-5.0352896425731,0.6649263404006664,-0.24338567942268297,0.00037992132808262137,0.0005825396825396825,-0.027490407177363625,0.015871963423050375,0.026770824706694275,757.0,0.0,0.018087698412698413,-0.0037219634230503743,,0.0,2.8398058252427183,-0.15048543689320387,0.0,0.6690920615056668,59.903724614897705,31.864960202508776,56.49931638663597,59.903724614897705,52.43230733173397,,43.74842434393923
2025-02-11,AIRA,710.0,36780.0,-4.725018904134857,0.3536107359868219,-0.4391999824320014,-10.290667101823292,-5.0352896425731,0.6410668594113721,-0.32773027300144325,0.00036158275082740746,0.0005805555555555556,0.05341104404202996,0.016739442208808422,0.04521202772188687,755.0,0.0,0.01816825396825397,0.026803023697742095,,0.0,2.8398058252427183,-0.15048543689320387,0.0,1.0565750220411743,65.33834430099702,82.1100654013354,56.81215388708445,65.33834430099702,59.21812716314039,,43.91457081137192
2025-02-12,AIRA,705.0,42230.0,-4.725018904134857,0.46090415952032315,0.26847108496919425,-10.290667101823292,-5.0352896425731,0.7203814482232997,-0.4559164003506814,0.00038876559145739804,0.0005801587301587301,0.09091966396487668,0.08892032252617357,0.05409905437352244,756.01,0.0,0.018255555555555556,0.024888112124282283,,0.0,2.8398058252427183,-0.15048543689320387,0.0,1.2433074925040155,67.8303112045758,92.97379999861779,79.15339753669386,67.8303112045758,58.79990305057967,,49.388642360098075
2025-02-13,AIRA,699.0,29430.0,-4.725018904134857,-0.007278904641454634,0.599999880000024,-10.290667101823292,-5.0352896425731,0.6722050018674927,-0.3630262073966383,0.0003901210491022891,0.0005805555555555556,0.08289087812521288,0.11334215035084133,0.06874221847537301,759.85,0.0,0.018310714285714284,0.035378537366305585,,0.0,2.8398058252427183,-0.15048543689320387,0.0,1.550986800254051,71.71953902797638,91.34117907581998,84.45974392325293,71.71953902797638,61.073940683073516,,49.371674835601766
2025-02-14,AIRA,707.98,36170.0,-4.725018904134857,0.10930018071252669,0.7292224712317396,-10.290667101823292,-5.0352896425731,0.6721657322143599,-0.09030756429962819,0.0003929801493738337,0.0005853174603174603,0.09411846026723922,0.08348568415303631,0.03545135165462933,746.07,0.0,0.018349603174603175,0.031235178724446033,,0.0,2.8398058252427183,-0.15048543689320387,0.0,0.8514856004750656,62.50154068700472,93.54128261651442,77.80583227165651,62.50154068700472,60.18092796071524,,49.93271613111504
2025-02-17,AIRA,706.69,25630.0,-4.725018904134857,-0.33404419734973967,-0.04428571112244141,-10.290667101823292,-3.6761904761904773,0.7916699609330459,0.10822191714820013,0.00041800702965290147,0.0005813492063492063,0.09440712489389942,0.08540222076562157,0.01458793454034641,730.0,0.0,0.018396825396825398,0.02920116494918063,,0.0,2.8398058252427183,-0.15048543689320387,0.0,0.41310754977688613,56.16508193050246,93.59034014482731,78.28804659968064,56.16508193050246,59.74000666296194,,48.401787327093864
2025-02-18,AIRA,750.0,119710.0,0.2142843901208048,1.2072630704256595,0.6296296179698219,-5.702144997303037,-2.4582470669427092,0.7920809949050263,0.22284154852930302,0.00037732754550417026,0.0005996031746031746,0.02768015873015873,0.026888809523809457,-0.061091825396825415,718.01,0.0,0.018438492063492067,-0.042035317460317426,,0.0,2.8398058252427183,-0.15048543689320387,0.0,-1.1770608036061903,33.04309727274533,68.94292833510669,60.4257993464644,33.04309727274533,43.817411874353986,,44.72218016180519
2025-02-19,AIRA,771.17,89670.0,3.106762353882752,0.899508369137333,0.6597412520681568,-2.9077729564666335,5.633802816901401,1.6972597684391841,0.43660746860966765,0.00040610155635680955,0.0005916666666666667,0.01102534212599249,-0.011642760937771064,-0.07838475009936453,725.0,0.0,0.01851468253968254,-0.06406058516836192,,0.0,2.8398058252427183,-0.15048543689320387,0.0,-1.5404163642242883,28.40927564224368,58.11011764741675,46.44070490335915,28.40927564224368,38.99673366772872,,51.137512264978994
2025-02-20,AIRA,759.0,65910.0,1.262972015149569,0.5233187103463174,0.037037035665294975,-4.3876897295151975,6.831519331241112,1.8238056895960992,0.5148615020294602,0.00037013262408462926,0.000588095238095238,0.04176721249764728,-0.006171114875462702,-0.07260415960850744,718.0,0.0,0.018585714285714285,-0.05107239004956396,,0.0,2.8398058252427183,-0.15048543689320387,0.0,-1.4189557244170365,29.914482765217095,76.765603816734,48.444010636325835,29.914482765217095,41.81981577966996,,51.466936329270965
2025-02-21,AIRA,776.7,37110.0,3.621511727482668,-0.11853111339972694,0.538888873919756,-2.1154773244107234,6.831519331241112,1.8537013330436198,0.4022689331625144,0.0003727760289519818,0.0005857142857142858,0.020534633246886952,-0.03817840083503472,-0.07875712722323389,730.0,0.0,0.01863095238095238,-0.07110645818389155,,0.0,2.8398058252427183,-0.15048543689320387,0.0,-1.5482406797135608,28.31389203377826,64.46806092186567,36.99806839254681,28.31389203377826,37.49429164538143,,50.12193805560322
2025-02-24,AIRA,775.5,102510.0,3.8723193216918474,0.9607727268148978,0.4499999775000011,-2.4224820493661303,6.831519331241112,1.8987201803024525,0.3642022137001177,0.00041249695391474384,0.0005972222222222222,0.009243811979982192,-0.0393131297780234,-0.07346843204077247,733.0,0.0,0.018665079365079367,-0.06831095453010344,,0.0,2.8398058252427183,-0.15048543689320387,0.0,-1.4371156481751224,29.686542344190194,56.881150575419724,36.61048866770762,29.686542344190194,38.087696971951814,,50.87146525244173
2025-02-25,AIRA,773.0,50090.0,3.203550987934879,0.18140340856106987,0.33670599568825327,-2.8917234505987164,6.831519331241112,1.8987201803024525,0.4630593514246062,0.00036512716287380947,0.0006238095238095239,-0.013308415470543544,-0.0349015236452494,-0.07041271227335263,733.0,0.0,0.01866626984126984,-0.07028477022115444,,0.0,2.8398058252427183,-0.15048543689320387,0.0,-1.3729094604838286,30.496913576200114,41.10481208896449,38.12661777148197,30.496913576200114,37.668331815940135,,50.447958953504845
2025-02-26,AIRA,782.0,375880.0,4.42509848158882,2.097155247303165,-0.39500733489340384,-1.7560041791332957,3.066666666666662,1.8987201803024525,0.4044746269682924,0.00036173054671927846,0.0006234126984126985,-0.03609000629237209,-0.041259331993667006,-0.07876579385377339,735.0,0.0,0.018663492063492063,-0.08139424044980312,,0.0,2.8398058252427183,-0.15048543689320387,0.0,-1.5484227812639069,28.311674403326176,26.840167840242607,35.94978211197206,28.311674403326176,35.34379580866251,,50.77285795114223
2025-02-27,AIRA,793.0,39620.0,4.7816643292075325,-0.285660384086008,0.2571428424489804,-0.2614233412475462,1.4043596094246436,1.8987201803024525,0.19352490957598031,0.0003464741307347542,0.0005984126984126983,-0.04450658389879701,-0.07214064532916986,-0.08703375968294005,738.8,0.0,0.018685714285714285,-0.09404832312496247,,0.0,2.8398058252427183,-0.15048543689320387,0.0,-1.7221476664816762,26.244703741010213,22.437634158239444,26.288077566695954,26.244703741010213,32.778521107324146,,48.1603413489676
2025-02-28,AIRA,795.0,169210.0,4.9428935402181065,1.166144674503461,-0.053740776936733604,-0.020372432564239963,4.479578392621875,1.8987201803024525,0.23754607093271743,0.00035929376904112994,0.0005837301587301588,-0.04818567684935608,-0.0947661650194669,-0.09306966157532197,735.89,0.0,0.018717460317460317,-0.10839826295297994,,0.0,2.8398058252427183,-0.15048543689320387,0.0,-1.8489728596556363,24.798580083840534,20.681995298083024,20.37022189903962,24.798580083840534,29.989665519730302,,50.182637383068325
2025-03-03,AIRA,785.0,24140.0,3.118196531144147,-0.9209175270364568,-0.5790621276411045,-1.2833127406582685,2.3561220548474315,1.8987201803024525,0.1190201407614195,0.00031504743465679075,0.000576984126984127,-0.04624345111717723,-0.09840702406227884,-0.09515561874431304,725.03,0.0,0.018760714285714287,-0.09793829491456886,,0.0,2.8398058252427183,-0.15048543689320387,0.0,-1.8928025847947738,24.311411549089097,21.59588594830984,19.516664019673062,24.311411549089097,32.00932511439867,,47.90724689248535
2025-03-04,AIRA,765.0,24010.0,0.4699960231802748,-0.9263173279717627,-0.9047618616780065,-3.7417700368979525,1.2250161186331487,1.8987201803024525,-0.08679228026680164,0.00032705663927066293,0.0005765873015873015,-0.0291140289449113,-0.06544829598506069,-0.0697970588235294,726.0,0.0,0.01881666666666667,-0.07337724089635861,,0.0,2.8398058252427183,-0.15048543689320387,0.0,-1.3599734702881308,30.66167921098504,30.878222980639023,28.236324701551617,30.66167921098504,37.0150112464082,,47.86178381082482
2025-03-05,AIRA,756.06,11360.0,-0.7012510685076193,-1.6303388499215525,-0.9879999012000209,-4.790062393956,-1.0349288486416586,1.8987201803024525,-0.3350858517400536,0.0003865944573221733,0.0005829365079365079,-0.0365056754439997,-0.0635768248740651,-0.059954808354842015,725.0,0.0,0.0188734126984127,-0.04734817339389787,,0.0,2.8398058252427183,-0.15048543689320387,0.0,-1.153170023311429,33.36100944160915,26.610380974584878,28.79654638961886,33.36100944160915,42.64017487058592,,46.302867786354014
2025-03-06,AIRA,760.0,13640.0,-0.19445562726180815,-1.2191029486140943,-0.001004016013853701,-4.19854656040404,-3.31713554987213,1.8987201803024525,-0.453684365001377,0.00044952429903389083,0.0005722222222222222,0.018659001670843764,-0.05276931913116123,-0.07156808688387635,720.0,0.0,0.018936507936507935,-0.05395751879699254,,0.0,2.8398058252427183,-0.15048543689320387,0.0,-1.3971859664278532,30.189050390908868,63.24611591220051,32.15684314006969,30.189050390908868,41.18736025421919,,46.79822619753887
2025-03-07,AIRA,758.99,12270.0,-0.4324689785076122,-1.2045796229356038,0.8364371792358578,-4.233308318107836,-4.161412358133665,1.8987201803024525,-0.5053137366939439,0.00046208071472010316,0.0005813492063492063,0.033800735611047,-0.04758851032083783,-0.06784804940232816,721.91,0.0,0.01899365079365079,-0.02095832227017652,,0.0,2.8398058252427183,-0.15048543689320387,0.0,-1.3190212645119412,31.18654032528272,72.51659948952394,33.83869147035185,31.18654032528272,48.54381175734886,,47.093016672845486
2025-03-11,AIRA,751.0,9430.0,-1.640140712197013,-1.4032437605472785,-0.5070921536265858,-5.183738328101716,-4.529559748427669,1.8987201803024525,-0.3272781454594256,0.00045275287772425076,0.0006182539682539682,0.03017982108511403,-0.03732042356223448,-0.06487653551877925,716.55,0.0,0.01900436507936508,-0.016784150233551037,,0.0,2.8398058252427183,-0.15048543689320387,0.0,-1.2565843944269846,31.996108691343583,70.43328482517136,37.292240142457665,31.996108691343583,49.485669716296535,,46.87933185520294
2025-03-12,AIRA,745.0,14450.0,-2.894387786918746,-0.9387331356117801,-0.8115941538892478,-5.893287284519277,-4.331210191082802,1.8987201803024525,-0.31288415065652175,0.0005193212054769185,0.0006154761904761904,0.038452940236497306,-0.02678035847448599,-0.0565969878555449,717.0,0.0,0.01901309523809524,-0.03490031959092361,,0.0,2.8398058252427183,-0.15048543689320387,0.0,-1.082616153970987,34.3086512715096,75.05527884307241,40.977035517334635,34.3086512715096,45.40918592161953,,50.0
2025-03-13,AIRA,730.74,171700.0,-4.725018904134857,1.5446068407316629,0.2157308430158937,-7.601531221701645,-2.614379084967322,1.8987201803024525,-0.2942506090987701,0.0005181079644215937,0.000628968253968254,0.06383352270431661,-0.0023192914684006666,-0.03096365302231138,722.0,0.0,0.0190031746031746,-0.010084278070371003,,0.0,2.8398058252427183,-0.15048543689320387,0.0,-0.5440135226027134,41.91148402508876,86.03312163049223,49.857648238770786,41.91148402508876,50.997906680360494,,50.0
2025-03-14,AIRA,776.51,74180.0,1.3847539217830145,0.7053530502755652,0.8242103036254594,-1.4626375522193473,-3.348940560272984,1.8987201803024525,-0.053504460255587125,0.0005139088635680738,0.0006206349206349206,-0.008953276626615658,-0.06565502880409353,-0.09814821924021874,715.05,0.0,0.01899920634920635,-0.12043517286748823,,0.0,2.8398058252427183,-0.15048543689320387,0.0,-1.955682522665327,23.623925169259756,44.1102004915092,28.174846515569662,23.623925169259756,27.758440793005324,,49.55501774479066
2025-03-17,AIRA,787.0,51150.0,2.5029218731141722,0.287616428988519,-0.3402548211300234,-0.04351578595637899,2.1723684210526395,1.8987201803024525,0.1115384036722755,0.0005475927782098526,0.0006202380952380952,-0.03237768247917549,-0.09208610606885706,-0.10161713811742398,721.98,0.0,0.018999603174603173,-0.1297696784050342,,0.0,2.8398058252427183,-0.15048543689320387,0.0,-2.028570769451051,22.843971515216715,28.947196694599487,21.016083109456336,22.843971515216715,26.10033656806513,,49.79668910033441
2025-03-18,AIRA,776.0,73520.0,0.7914875349044725,0.4941217690797293,-0.8461538136094686,-1.3716260675400571,3.6904307039618445,1.8987201803024525,-0.12379999640090075,0.000539288075587072,0.0006238095238095239,-0.027655171003109148,-0.07778576746849943,-0.08472363361152022,725.0,0.0,0.019001984126984128,-0.07687997054491905,,0.0,2.8398058252427183,-0.15048543689320387,0.0,-1.6736077480920477,26.812339006304796,31.764062356252037,24.713522810491312,26.812339006304796,36.28073041882506,,50.348417949509084
2025-03-19,AIRA,775.98,67060.0,0.612185239093652,0.28124061553723073,0.1959999804000056,-1.2980063852684207,3.3288948069241098,1.8987201803024525,-0.19161232839747733,0.0005465077214821584,0.0006373015873015873,-0.030231223742879995,-0.0790527282551465,-0.07998471306329696,728.65,0.0,0.018990873015873013,-0.08705306985084299,,0.0,2.8398058252427183,-0.15048543689320387,0.0,-1.5740344739268362,28.00082504504064,30.209182773285224,24.368974720461832,28.00082504504064,34.18509143058365,,50.53957173088347
2025-03-20,AIRA,779.68,48920.0,0.8386043482960234,-0.0341603936031703,0.15513125257507332,-0.742503254894297,4.158389261744966,1.8987201803024525,0.009906498460373359,0.0005124023866792517,0.0006376984126984128,-0.03358281500916936,-0.08989700104886329,-0.07372096187609725,737.0,0.0,0.018980555555555553,-0.09543631901081098,,0.0,2.8398058252427183,-0.15048543689320387,0.0,-1.4424217558154198,29.620130698995162,28.252516986957097,21.554688708151314,29.620130698995162,32.50297125472326,,50.712887749280554
2025-03-26,AIRA,772.0,92670.0,-0.1995113282883686,0.6269704453833258,-0.9999999614495003,-0.7941950070191405,6.697320524399908,1.8987201803024525,-0.002213419627790719,0.0004982434414056544,0.0006261904761904761,-0.018972072127642046,-0.07824849905419859,-0.042290268525372154,754.0,0.0,0.01897420634920635,-0.0872655563779916,,0.0,2.8398058252427183,-0.15048543689320387,0.0,-0.7820061581350938,38.480473565985044,37.296533408242674,24.58730534234504,38.480473565985044,34.141937820820026,,51.96445985842719
2025-03-27,AIRA,764.0,250160.0,-1.3048397416615838,1.6200258534253003,0.3472137099976787,-1.7117264348169001,-0.5808038531377568,1.8932530948125987,-0.36705547264278265,0.0004893546075569849,0.0006277777777777778,-0.026698745117593223,-0.07547359968420184,-0.024054321449347608,760.11,0.0,0.01896269841269841,-0.08094843347461142,,0.0,2.8398058252427183,-0.15048543689320387,0.0,-0.3988359953552863,44.04584682918182,32.35212104892329,25.350699442579128,44.04584682918182,35.43583706824602,,51.81544328605194
2025-03-28,AIRA,757.0,51220.0,-2.0109820685433393,0.011783306262291104,-0.06666666222222252,-2.090405895173847,-2.9224904701397714,1.8332688212125703,-0.22956176641724224,0.0004516120141754484,0.0006416666666666667,-0.038884170493384496,-0.06618896804428509,-0.001770599274496236,770.0,0.0,0.018943650793650794,-0.07602430699712728,,0.0,2.8398058252427183,-0.15048543689320387,0.0,0.06938522822479418,51.040628130524,25.319866067206814,28.016440700216638,51.040628130524,36.45952932288008,,49.95231517676734
2025-03-31,AIRA,755.0,56680.0,-2.1841731309496537,0.11307448812899533,-0.11172873197727948,-1.8357388812094124,-2.448453608247425,1.843073218403597,-0.07366433613979304,0.00046245542435362967,0.0006611111111111111,-0.05219059970566594,-0.05701535530326921,-0.009649261536844306,761.99,0.0,0.018907539682539682,-0.07501674813413224,,0.0,1.1864951768488745,0.055734190782422297,0.0,-0.0961596863861969,48.558004692320004,18.888697897512646,30.81189767181778,48.558004692320004,36.67054796608023,,48.96971995240572
2025-04-01,AIRA,756.01,35650.0,-1.9744769288618826,-0.3616966791205198,0.0,-1.6095352159856473,-2.703677929843551,1.8427577946251403,-0.13521007861525006,0.000461379441873805,0.0006674603174603175,-0.044215595000318075,-0.06743512990505925,-0.016599500993415058,757.73,0.0,0.018874603174603172,-0.08008887717324639,,0.0,1.1864951768488745,0.055734190782422297,0.0,-0.24219676210430757,46.373428285050096,22.58091547797974,27.648861493962745,46.373428285050096,35.613605297586204,,48.29809333210564
2025-04-02,AIRA,759.85,50090.0,-1.0204837733322323,0.00109862541050724,0.591013790840225,-0.9888273507644463,-3.0358608659962982,1.819751586035418,-0.1662363291302647,0.00046188067795625913,0.0006357142857142858,-0.0582976916131108,-0.06307965698639352,-0.03182975148603894,750.0,0.0,0.018866666666666667,-0.08109950099800403,,0.0,1.1864951768488745,0.055734190782422297,0.0,-0.5622118145776964,41.64589049215249,16.387712465837907,28.9464808354305,41.64589049215249,35.4046355600265,,48.54797387523525
2025-04-03,AIRA,746.07,11700.0,-2.679573784787379,-1.4647536368883072,-0.6356082708837767,-2.683412200394226,-1.5738341968911884,1.790052436888814,0.15196642132768035,0.00044616769709515387,0.0006242063492063491,-0.024767311601681767,-0.0414841749816659,-0.0046273155142470285,756.69,0.0,0.01886190476190476,-0.06941305264985356,,0.0,1.1864951768488745,0.055734190782422297,0.0,0.009360463838405301,50.14040658851074,33.556686192078644,35.87378792654587,50.14040658851074,37.85331703625122,,47.59478100362547
2025-04-04,AIRA,730.0,53430.0,-4.224982582292052,0.07629862651606263,-0.6689069448564963,-4.758711731207719,-2.3468586387434542,1.821993258697321,-0.044597974848610736,0.000549108837014721,0.0006285714285714285,0.0008790334855403349,-0.015089791258969374,0.00859768971515542,750.04,0.0,0.01885436507936508,-0.055326685148945356,,0.0,1.1864951768488745,0.055734190782422297,0.0,0.2872416939926795,54.29799213766008,51.021615522461396,45.184124208073726,54.29799213766008,40.88822402168947,,49.169985864003266
2025-04-07,AIRA,718.01,96670.0,-4.725018904134857,0.646955809293836,-0.6515540162088957,-6.208965983243604,-3.566710700132103,1.8574168021109851,-0.1650460313754655,0.0005435317262738525,0.0006412698412698412,0.01766286084356168,0.013221512307053259,0.027136988464368992,751.02,0.0,0.018837301587301587,-0.04326060049568223,,0.0,1.1864951768488745,0.055734190782422297,0.0,0.6767858229564635,60.01455237309617,62.59004177139463,55.54037929368882,60.01455237309617,43.54524197681018,,49.324136283915166
2025-04-08,AIRA,725.0,9030.0,-4.2142533388447045,-1.7348884711225663,-0.1011089301298848,-5.077955826399416,-4.899337748344368,1.811410355902271,-0.2730110882217887,0.0004860085078024848,0.0006678571428571428,0.01062603995621237,0.026821428571428572,0.026395634920634896,757.77,0.0,0.01880436507936508,-0.05341674876847289,,0.0,1.1864951768488745,0.055734190782422297,0.0,0.661208646907107,59.790059771163016,57.83548114728965,60.40213456807866,59.790059771163016,41.30568889977298,,46.74017377897767
2025-04-09,AIRA,718.0,43920.0,-4.725018904134857,-0.1530765222205977,-0.8823528892733594,-5.961611359010741,-4.1017975952699075,1.8207320106686413,-0.2932328742477657,0.0004923284856860827,0.0006591269841269841,0.02584078790290483,0.045513310783923615,0.03273755029402663,754.99,0.0,0.018780555555555557,-0.039055991068665155,,0.0,1.1864951768488745,0.055734190782422297,0.0,0.7944637356517505,61.696318365051475,67.82034921779771,66.74661722700394,61.696318365051475,44.48072688877114,,50.0
2025-04-10,AIRA,730.0,8910.0,-3.3502590733061957,-1.7482663746120195,-0.16666665277777895,-4.275711832409689,-5.0352896425731,1.8203401314831362,-0.5879062102704825,0.00048250218005005386,0.0006309523809523809,0.004955397912589674,0.04166713959556425,0.005679832572298357,747.85,0.0,0.01877222222222222,-0.043136176342683186,,0.0,1.1864951768488745,0.055734190782422297,0.0,0.22593224887662705,53.383803493340324,53.89071879540966,65.48132558047654,53.383803493340324,43.57286263313645,,50.0
2025-04-11,AIRA,733.0,12680.0,-2.925686946849523,-1.3954168024839908,0.3350041491224589,-3.8281154079631166,-2.1539533823903945,1.8714021125464095,-0.494117886649283,0.0006038443805227233,0.0006313492063492063,-0.013975108274323864,0.026428763615496235,0.007154055956170569,751.99,0.0,0.0187531746031746,-0.047484731154853986,,0.0,1.1864951768488745,0.055734190782422297,0.0,0.25690834305024857,53.84601283554403,40.64996848913994,60.26413060634957,53.84601283554403,42.61001980263035,,47.066829933036466
2025-04-14,AIRA,733.0,40590.0,-2.901303171834119,-0.23192446472809986,-0.557848153437868,-3.7853742009646063,0.4109589041095818,1.8640108794851709,-0.29333566785349197,0.0005516281580512932,0.000625,-0.012659319171051776,0.020607507200242563,0.004450693497044109,750.0,0.0,0.018741666666666667,-0.03883336094328592,,0.0,1.1864951768488745,0.055734190782422297,0.0,0.2001058183884956,52.997986748768376,41.54911685677236,58.200152175870514,52.997986748768376,44.53037516931031,,48.14609068122425
2025-04-15,AIRA,735.0,5070.0,-2.5623040363715552,-2.3120941528624366,-0.6666666111111158,-3.4379538626794792,2.087714655784745,1.8569060145725527,-0.27459449529928637,0.0005145210423938869,0.0006206349206349206,-0.016734013605442175,0.007270464852607709,0.004328287981859472,751.95,0.0,0.018732936507936507,-0.0252708049886621,,0.0,1.1864951768488745,0.055734190782422297,0.0,0.1975338575803779,52.95954426530181,38.78551264221354,53.37325273346726,52.95954426530181,47.57183825978451,,46.462722777513335
2025-04-16,AIRA,738.8,23970.0,-2.5092426990043735,-0.747542462095392,0.20300749335744284,-2.8841266000440022,1.379310344827589,1.805989636589365,-0.3877060314955326,0.0005435033127631865,0.0006206349206349206,-0.02858992424437735,0.011078435214547966,0.00045236999510155085,752.97,0.0,0.018727380952380954,-0.031838903068897556,,0.0,1.1864951768488745,0.055734190782422297,0.0,0.11609382489571529,51.74070360593724,31.194895807466406,54.76194783821915,51.74070360593724,46.09525223014545,,48.48664763753008
2025-04-17,AIRA,735.89,14190.0,-2.674757089770372,-1.249533460944239,-0.47475680987694435,-3.2202493065560813,2.896935933147615,1.072699863861582,-0.17063395496937214,0.0005037312210539501,0.0006154761904761904,-0.02216367434466032,0.0060863537985641515,-0.0008987262966536208,749.0,0.0,0.01871388888888889,-0.03615058078361866,,0.0,1.1864951768488745,0.055734190782422297,0.0,0.08770485316396126,51.31526929435013,35.21473312148281,52.94025953996726,51.31526929435013,45.1294868643292,,20.70850615420991
2025-04-18,AIRA,725.03,20840.0,-3.8842094044124207,-0.8008548008643754,-0.4583333025313676,-4.614798446074558,0.8068493150684919,1.0050551388000528,-0.23225198638920527,0.0005058117194602382,0.0006202380952380952,-0.01487106774892076,0.022700760800483583,0.014386795056537366,749.01,0.0,0.018687698412698413,-0.016991182384571243,,0.0,1.1864951768488745,0.055734190782422297,0.0,0.40888124617821614,56.102641454518654,40.04123990677555,58.94604968365709,56.102641454518654,49.43894096913943,,13.70738837594747
2025-04-21,AIRA,726.0,6610.0,-3.4717480282074926,-1.855132696951373,0.4672896884319295,-4.442965505404526,-1.0873124147339763,1.0095591733169456,-0.39091947671997057,0.0005423973823631802,0.0006325396825396825,-0.0155633608815427,0.03061191788009967,0.013730935983208698,749.51,0.0,0.018651984126984125,-0.023839869473960388,,0.0,1.1864951768488745,0.055734190782422297,0.0,0.39510046326410264,55.898907431103375,39.572971289371786,61.725520075532145,55.898907431103375,47.89418363876707,,38.04056920100988
2025-04-22,AIRA,725.0,27120.0,-3.36050213156466,-0.3404671193488452,0.22898995921434556,-4.548457832172167,-0.9549795361528002,1.0123737205675076,-0.18589190834601105,0.0005563121337425403,0.0006396825396825397,-0.007283962780514504,0.028221469622331706,0.00208370279146141,740.0,0.0,0.018605952380952383,-0.01588305966064587,,0.0,1.1864951768488745,0.055734190782422297,0.0,0.1503710713980951,52.254037266225836,45.27496773006321,60.89282512904095,52.254037266225836,49.68906218596163,,33.078828007102246
2025-04-23,AIRA,720.0,33740.0,-3.7276621227635873,0.07235390402561473,-0.8243366125949978,-5.16282393707987,-1.3605442176870763,0.9958698940012741,-0.006760594280918797,0.000553564304126719,0.0006353174603174604,-0.010002380952381016,0.02554920634920638,0.0077095238095237426,738.93,0.0,0.018582142857142856,-0.01022182539682533,,0.0,1.1864951768488745,0.055734190782422297,0.0,0.26857972523297663,54.02000015177134,43.38140650353432,59.95441590405866,54.02000015177134,50.966869586022256,,20.213288807233393
2025-04-24,AIRA,721.91,62770.0,-2.988892331604429,0.7240475669266186,0.15166665402777355,-4.847265196243078,-2.544667027612335,0.9882456730334925,-0.21222941547140692,0.000560874668110474,0.0006384920634920634,-0.003012558813887165,0.02856208510910107,0.0050076952882707505,738.93,0.0,0.018568650793650793,0.0013023412044284588,,0.0,1.1864951768488745,0.055734190782422297,0.0,0.21180943137460453,53.172872260234115,48.275999417726545,61.01187678859278,53.172872260234115,53.56233808289651,,36.62871475190652
2025-04-25,AIRA,716.55,8760.0,-2.455030841453867,-1.2452303564645464,-0.5593704493032371,-5.3604338445488455,-1.8997404503390491,0.9830587837382311,-0.08694472269046334,0.0005610907433490328,0.000628968253968254,0.008685871371087051,0.03359233546324824,0.028125271971184748,750.0,0.0,0.018556746031746032,0.006244704038198906,,0.0,1.1864951768488745,0.055734190782422297,0.0,0.6975514432228799,60.313164559464916,56.49443776808465,62.75411654672741,60.313164559464916,54.67038785904512,,12.245544465216442
2025-04-28,AIRA,717.0,5030.0,-2.114146822136413,-1.6250166498934404,-0.05191873198505075,-5.280888475730671,-1.1696067748920735,0.9778787251194598,-0.10715215204483723,0.0006084182911794568,0.0006242063492063491,0.013139526466095473,0.0356673889220961,0.025968431626485967,748.92,0.0,0.018550396825396824,0.0001139054924619784,,0.0,1.1864951768488745,0.055734190782422297,0.0,0.6522323346225465,59.66050911410361,59.55549591894972,63.46355976811998,59.66050911410361,53.29533022768135,,20.921895177172093
2025-04-29,AIRA,722.0,9440.0,-1.1112787010024905,-0.8643264186941271,0.8387621466806051,-4.57363155012722,-1.2396694214875992,0.9807040557558901,-0.21099383612823325,0.0006140379630041466,0.000619047619047619,0.017658559776634566,0.0298213241436926,0.05208592863738294,773.0,0.0,0.018551190476190475,-0.018173544607131855,,0.0,1.1864951768488745,0.055734190782422297,0.0,1.2010080872251452,67.2740195767473,62.58719876136697,61.450857086369936,67.2740195767473,49.17209397067231,,30.583549167596672
2025-04-30,AIRA,715.05,32180.0,-1.8162882468356967,0.608286776477997,-0.5444443839506341,-5.461573431429801,-0.4137931034482789,1.0003115839556638,-0.08903939863498136,0.0006627139934879271,0.0006166666666666666,0.05135147716942878,0.03442046710020285,0.055494416474372484,768.0,0.0,0.01855634920634921,-0.0068396598139989565,,0.0,1.1864951768488745,0.055734190782422297,0.0,1.2726265687817933,68.21296053543342,81.24001590231435,63.03792635214194,68.21296053543342,51.72976865296397,,20.418504707463523
2025-05-02,AIRA,721.98,39600.0,-0.3432184636707171,0.8157706231483797,0.28383231833339384,-4.482708891585196,-0.6875000000000075,0.99763595421177,-0.03306095290610862,0.0006769581941199374,0.0006206349206349206,0.049697224299842094,0.02440656735643643,0.01799789398598297,748.37,0.0,0.01855436507936508,-0.015495003324191865,,0.0,1.1864951768488745,0.055734190782422297,0.0,0.4847569524873672,57.220523538335,80.51789515329902,59.55087584997182,57.220523538335,49.77665709638197,,30.456390787389676
2025-05-05,AIRA,725.0,20290.0,0.16120443535957568,-0.09915586539924984,-0.39660335698268473,-4.0261169500875305,0.009696499563660588,0.9688722973201407,-0.006627820044984567,0.0005900287288805821,0.0006261904761904761,0.05895666392993979,0.02080411877394635,0.018931814449917844,752.17,0.0,0.01854404761904762,-0.007140530925013731,,0.0,1.1864951768488745,0.055734190782422297,0.0,0.5043803071010575,57.50848722531023,84.29538377443733,58.27037701537072,57.50848722531023,51.661930011636144,,15.27169837236385
2025-05-06,AIRA,728.65,77030.0,0.7470999369963619,1.320603425417161,0.44550895535874346,-3.499690513141323,1.1792617402833105,0.8541152110272219,0.025925598419125905,0.0005766344810588242,0.0006261904761904761,0.04264473874821783,0.0026065134315580683,-0.039202089453315964,713.59,0.0,0.01853373015873016,-0.009759329413276768,,0.0,1.1864951768488745,0.055734190782422297,1.0,-0.7171179418664313,39.40616772116069,77.20450743237525,51.665467663434036,39.40616772116069,51.07122715970347,,38.95291938651561
2025-05-08,AIRA,737.0,53540.0,1.643254207471492,0.9568376850429294,0.15972587455319417,-2.2975695803982097,1.6248256624825652,0.7718341950636842,0.12541113588788474,0.000569287693800182,0.0006273809523809525,0.025009290129439407,-0.01033564052034208,-0.04717854181473585,715.88,0.0,0.018521825396825398,-0.021258144881652345,,0.0,1.1864951768488745,0.055734190782422297,1.0,-0.8847176029637656,37.03231935258247,67.30594332349375,46.91847471337116,37.03231935258247,48.47619177130713,,38.10081649751937
2025-05-12,AIRA,754.0,92160.0,3.8204001944249626,1.4142411259831633,0.8899388054508715,0.007284699326969928,2.0775623268697974,0.7832610495131667,-0.010396118537597438,0.0005094568262731508,0.0006198412698412699,-0.008431230263988884,-0.03294626121005438,-0.02792064334133304,746.91,0.0,0.018517460317460318,-0.030934900635762708,,0.0,1.1864951768488745,0.055734190782422297,1.0,-0.4800743967684446,42.84826392940411,44.47382488006982,38.80625380277022,42.84826392940411,46.29813512740082,,48.04094622363621
2025-05-13,AIRA,760.11,101470.0,3.958750832518644,1.5104780062498844,0.13999999391304493,0.7942044114451939,5.4471715264666765,0.8871319035819203,0.2764805193427037,0.0005107452587478464,0.0006162698412698412,-0.0076287138578312996,-0.02626102393701164,-0.046315671588260096,738.98,0.0,0.018517063492063494,-0.022235785766596485,,0.0,1.1864951768488745,0.055734190782422297,1.0,-0.8665871420802038,37.28633910593258,45.033949548001395,41.16161846880617,37.28633910593258,48.25574123260798,,50.491195911276535
2025-05-14,AIRA,770.0,30910.0,4.697122153182847,0.19063791993936782,0.8666666088888928,2.030756734168833,5.281309731571504,0.8337459219156179,0.2477140544586339,0.00038752122793266525,0.0006226190476190475,-0.029049855699855746,-0.04033217893217898,-0.06273069985569979,735.95,0.0,0.018509920634920636,-0.04148113275613276,,0.0,1.1864951768488745,0.055734190782422297,1.0,-1.211496514050216,32.587582884921154,30.91690192672818,36.26389023688644,32.587582884921154,43.940635239445584,,49.34406360127203
2025-05-15,AIRA,761.99,37450.0,3.3889699732703367,0.25519349856678714,-0.45636359487603523,0.7946317256602534,6.206896551724128,0.8683293687186606,0.5003680476329494,0.00039274725281511735,0.000625,-0.017523498516936787,0.0014986116917753024,-0.05392041234136932,735.0,0.0,0.0185,-0.04279774553346845,,0.0,1.1864951768488745,0.055734190782422297,1.0,-1.0263764713713663,35.07313834668826,38.257713540848464,51.25906811672879,35.07313834668826,43.64801031072324,,49.82083589349452
2025-05-16,AIRA,757.73,48270.0,2.5932337901804807,0.508996829354054,0.01708278505988614,0.1540714493580003,4.57558498593289,0.9140507411801361,0.31999353758599364,0.0004109740642792485,0.0006345238095238095,-0.0030745917002727293,0.0006159420661000798,-0.05217329571365933,732.2,0.0,0.018480555555555556,-0.04183695782348237,,0.0,1.1864951768488745,0.055734190782422297,1.0,-0.9896663975899455,35.576347064309545,48.23227387219674,50.93516622107934,35.576347064309545,43.86150859963518,,49.58712942138124
2025-05-19,AIRA,750.0,62280.0,1.3730439710053588,0.6802246661067062,-0.6028083648136018,-0.9562532368656255,2.8127544097693358,0.929271433562406,0.29146491968733207,0.0003820065347533466,0.0006277777777777778,0.0035184126984127108,-0.015101904761904756,-0.04620277777777772,729.2,0.0,0.018469444444444445,-0.04122833333333329,,0.0,1.1864951768488745,0.055734190782422297,1.0,-0.8642150393558963,37.31962614454788,52.88127055654607,45.17971821080752,37.31962614454788,43.996870285917254,,44.712450891822684
2025-05-20,AIRA,756.69,86020.0,2.1614161175917985,0.9592843890019422,0.9499582193529502,-0.12275890574215813,-0.5305039787798393,0.9609131731073969,-0.007084514365562566,0.000378329337960412,0.0006194444444444444,-0.014820554369311498,-0.01889838408066724,-0.056381003386302184,728.0,0.0,0.018465873015873015,-0.04767843864474923,,0.0,1.1864951768488745,0.055734190782422297,1.0,-1.078077930434111,34.370046453139516,40.07547971149144,43.802908123664295,34.370046453139516,42.56725420198889,,39.63702068275959
2025-05-21,AIRA,750.04,30220.0,1.0331823302800893,-0.16370100796940606,-0.40788696834097066,-1.0667192234071543,-0.449934877846625,0.9705338993261486,0.1549071307224185,0.00036632137724678667,0.000621031746031746,-0.0005295037386365237,-0.06151724940807381,-0.05171187737712182,725.1,0.0,0.018460317460317458,-0.04557765606998307,,0.0,1.1864951768488745,0.055734190782422297,1.0,-0.9799711655088483,35.70978505047167,50.02770040805683,29.420663346438623,35.70978505047167,43.03163325170017,,20.273591405556974
2025-05-22,AIRA,751.02,113790.0,1.0718201682082622,1.1621486309477569,-0.42734633504781744,-0.9788566652225004,-2.5922077922078013,0.9262715123783244,-0.10000358472355422,0.0003368724402354525,0.0006242063492063491,-0.0044768037056903956,-0.059700810453339,-0.04910363122027057,728.0,0.0,0.018451984126984126,-0.05344233886358999,,0.0,1.1864951768488745,0.055734190782422297,1.0,-0.9251672060367103,36.468190648063384,47.2447373876842,29.977594578639565,36.468190648063384,41.30008712496217,,19.5595499180489
2025-05-23,AIRA,757.77,71570.0,1.836565231498094,0.6193680280399207,0.04091213675975038,-0.09534433736983447,-1.4396514389952708,0.9262788826004767,-0.09420013275791064,0.00032369738693036336,0.0006349206349206349,-0.010776065658193727,-0.027223192063554922,-0.06364414742631416,723.51,0.0,0.018432539682539682,-0.06357242991182774,,0.0,1.1864951768488745,0.055734190782422297,1.0,-1.230689696222986,32.33510954836917,42.845751426195655,40.81984302888429,32.33510954836917,39.10164100476181,,17.77388378252626
2025-05-26,AIRA,754.99,44940.0,1.2626611293672192,0.0226169719386994,0.5515308084721485,-0.4154736620705459,0.005278925210827623,0.9368777740682505,-0.08943426241793781,0.000328480834957483,0.0006353174603174604,-0.005750928951650129,-0.03407780110406171,-0.06714261430352168,718.2,0.0,0.018413492063492062,-0.04939195172773232,,0.0,1.1864951768488745,0.055734190782422297,1.0,-1.304198799820999,31.377717772049397,46.34925408969532,38.41238865317926,31.377717772049397,42.18944595383112,,21.8170700958119
2025-05-27,AIRA,747.85,15080.0,0.13695042582034456,-1.128336163964386,-0.08666666088888625,-1.3495357103643346,0.66533333333334,0.9229608089608158,0.14143357223921224,0.00031969253063542064,0.0006226190476190475,-0.0015170203790549083,-0.028777361239786827,-0.06226699915418919,715.05,0.0,0.01840793650793651,-0.028093023439680516,,0.0,1.1864951768488745,0.055734190782422297,1.0,-1.2017533253615122,32.71613684916493,49.330813003332835,40.26966417853228,32.71613684916493,46.93669798054895,,21.307437372256008
2025-05-28,AIRA,751.99,28800.0,0.47447039205782626,-0.3837016852466608,0.7329772541403706,-0.7701033630587926,-1.1682459131216238,0.9602917087092374,-0.06589140380915502,0.0003586941219995669,0.0006123015873015872,-0.006999326591011346,-0.03546124269319692,-0.06811921893169383,714.61,0.0,0.01841111111111111,-0.0531362934738029,,0.0,1.1864951768488745,0.055734190782422297,1.0,-1.3247190257674875,31.113221342141795,45.47412674053447,37.93290328236378,31.113221342141795,41.36709641329401,,21.900014158536113
2025-05-29,AIRA,750.0,72290.0,0.15751822743213137,0.5366077011861669,0.42067873554233015,-0.9530080803296018,0.25998613407285376,0.9381670239054787,0.16228144068711323,0.0003123320258906984,0.0006134920634920636,-0.0036731746031746153,-0.03660277777777772,-0.061093095238095224,717.99,0.0,0.01841309523809524,-0.04537769841269835,,0.0,1.1864951768488745,0.055734190782422297,1.0,-1.1770874852632507,33.04274308056067,47.81049561768703,37.53902236157359,33.04274308056067,43.07589930036369,,33.51417593629693
2025-05-30,AIRA,751.95,69520.0,0.3871140972889442,0.3999062720057824,0.7131146956463376,-0.6428188174098429,-0.13581529120395563,0.9443656412712995,0.3318864548051428,0.00030606587925000164,0.000611904761904762,-0.01889360139826932,-0.04312887753745025,-0.05159706429948806,727.0,0.0,0.018416666666666668,-0.04672664904581428,,0.0,1.1864951768488745,0.055734190782422297,1.0,-0.9775587355175362,35.743022512043446,37.34835286418629,35.32007346835786,35.743022512043446,42.77749044863318,,42.74115340297297
2025-06-02,AIRA,752.97,51370.0,0.46892410772276644,0.009093183896172091,0.879736336100794,-0.07111983539808925,-0.7680430737558752,0.9380032710855702,0.4663269665824602,0.0002573949242099431,0.0006150793650793651,-0.021644177074657475,-0.046037011766737086,-0.05318802911897466,726.79,0.0,0.018419047619047616,-0.04568757197687642,,0.0,1.1864951768488745,0.055734190782422297,1.0,-1.010987777964205,35.283684793943635,35.55002412886606,34.35065411034574,35.283684793943635,43.007305124970244,,46.60480669095702
2025-06-03,AIRA,749.0,27210.0,-0.21032932349604494,-0.6563700923807436,0.38674881458021265,-0.5273282736592408,-0.2675532126253266,0.897149182724302,0.5319680721081893,0.0002382315805883675,0.000601984126984127,-0.016465624536418998,-0.044797704346536085,-0.039628330366414485,733.13,0.0,0.018440079365079364,-0.04285916777926122,,0.0,1.1864951768488745,0.055734190782422297,1.0,-0.7260740327880868,39.277930482235995,38.96554838998125,34.762236807736286,39.277930482235995,43.63436948436335,,44.80515986328873
2025-06-04,AIRA,749.01,23840.0,-0.3365510372810275,-0.7885895193190838,-0.9955553343210408,-0.18815223432124897,0.15377415257069593,0.8975123994130743,0.6266511672020091,0.00023421766716278479,0.000594047619047619,-0.0017223029160396363,-0.040960677268597714,-0.023688477997305606,745.1,0.0,0.018468253968253967,-0.04356078893981324,,0.0,1.1864951768488745,0.055734190782422297,1.0,-0.39114896410396405,44.15954819987613,49.18596942464802,36.05083279253035,44.15954819987613,43.47862029685749,,46.539215409958665
2025-06-05,AIRA,749.51,95360.0,-0.3257620076157051,0.5977030561838709,0.0029498520722905336,-0.08070169932954939,-0.39628186545034305,0.8967161187654192,0.28094464950972675,0.0002200372739695193,0.0005968253968253967,-0.003852260323305449,-0.04761829861647176,-0.025710509442888888,744.1,0.0,0.018492460317460317,-0.041654811535070564,,0.0,1.1864951768488745,0.055734190782422297,1.0,-0.43363549441248134,43.5319141987701,47.684364724969775,33.82889840703279,43.5319141987701,43.90200952738961,,35.885754726770045
2025-06-09,AIRA,740.0,89430.0,-1.7669545197532637,0.5335000815582601,-0.7333332844444478,-1.329702699338068,-0.06533333333333946,0.8933989521261015,0.19739887281571883,0.00021601943509387184,0.0005936507936507937,0.04150332475332476,-0.0424110467610467,-0.021222147147147145,738.0,0.0,0.018519444444444443,-0.02137608322608322,,0.0,1.1864951768488745,0.055734190782422297,1.0,-0.33932690137345,44.92760586817683,76.63247098992893,35.56126814923,44.92760586817683,48.44959426123563,,18.910927953326
2025-06-10,AIRA,738.93,50550.0,-1.8743416580264474,-0.11701329407793318,-0.12878048152290822,-1.4300174586100898,-1.589201409668206,0.9139427379774303,-0.09189072320243825,0.00021108505514456395,0.0006115079365079366,0.03623908096198307,-0.04527414176096324,-0.015726826708245382,741.0,0.0,0.018528174603174605,-0.023976774138667632,,0.0,1.1864951768488745,0.055734190782422297,1.0,-0.2238603002518907,46.64713468906632,73.86698549788605,34.60373505672775,46.64713468906632,47.86333525191516,,10.675777244163331
2025-06-11,AIRA,738.93,71000.0,-1.7834650000071677,0.33163854719845526,-0.056994808809213794,-1.4002561191467584,-1.8646161201641642,0.739464407805346,-0.29359408672717874,0.00019642326792717452,0.000625,0.009679990952168364,-0.045860073542632024,-0.021121367543674743,737.01,0.0,0.01852301587301587,-0.017249956887468495,,0.0,1.1864951768488745,0.055734190782422297,1.0,-0.33720934000378716,44.95904441186679,57.182888606334025,34.40927459965542,44.95904441186679,49.38053496344551,,8.558541304608038
2025-06-12,AIRA,750.0,28280.0,-0.10574001130881142,-0.5888852890186589,0.46666663555555765,0.11431524202861469,-1.3444592790387233,0.7086140591390518,-0.382342811405064,0.00019117004583269937,0.0006170634920634921,-0.00020071428571434092,-0.055626031746031736,-0.029526984126984127,741.75,0.0,0.018526984126984128,-0.023028571428571426,,0.0,1.1864951768488745,0.055734190782422297,1.0,-0.5138265160168598,42.353074240585876,50.25973706866908,31.248541846448408,42.353074240585876,48.07702357462008,,12.75435650268124
2025-06-13,AIRA,748.92,48330.0,-0.1762690639176056,-0.05298846575324253,0.06389529916124924,-0.030138678944305428,0.13217447030080542,0.7307062028008857,-0.08989841742974432,0.00019915241388998982,0.0006178571428571429,-0.05026666157997666,-0.04221246455212962,-0.02950556706419137,740.7,0.0,0.018529761904761907,-0.01758013285162373,,0.0,1.1864951768488745,0.055734190782422297,1.0,-0.5133765048711622,42.359666656157145,19.73489208415961,35.62812303200664,42.359666656157145,49.30601595842779,,11.579207281967394
2025-06-16,AIRA,773.0,79900.0,3.094733095533855,0.449734440587338,0.8407362608748988,3.1820331797246846,-0.07871809582260525,0.6986567422039647,-0.07770932801195257,0.00018291481077166202,0.0006198412698412699,-0.07698161820571266,-0.07272134746093353,-0.04702792459804099,750.97,0.0,0.01852857142857143,-0.050685806690075774,,0.0,1.1864951768488745,0.055734190782422297,1.0,-0.8815528633866099,37.076608228726556,10.366994512125832,26.12316413769481,37.076608228726556,41.904769135781244,,39.84051579954893
2025-06-17,AIRA,768.0,128479.99999999999,2.254908274897176,0.8157963113228344,-0.07775211102755036,2.2869008361847274,4.459459459459469,1.0058470379445148,0.23710458105191673,0.00020130169378435373,0.0006218253968253969,-0.03054228670634925,-0.05834610615079366,-0.043358506944444514,748.93,0.0,0.01852777777777778,-0.049463888888888884,,0.0,1.1864951768488745,0.055734190782422297,1.0,-0.8044517754214997,38.16215907530701,30.0243700870777,30.3968544545279,38.16215907530701,42.17360436290022,,50.41431307857614
2025-06-18,AIRA,748.37,139970.0,-0.6007609805082872,0.8396936770943161,0.8479783909445642,-0.34046403615750376,3.934066826357041,0.9871669773488017,0.24731025515098834,0.00019365928964723368,0.0006186507936507937,-0.015625840827398194,-0.017315528118147117,-0.023030104241366058,745.0,0.0,0.018526984126984128,-0.023921014597651426,,0.0,1.1864951768488745,0.055734190782422297,1.0,-0.3773153431693553,44.36431934302974,39.53080225499948,44.37590285143938,44.36431934302974,47.8758992149464,,51.69271499644241
2025-06-19,AIRA,752.17,82070.0,0.003553072494841789,0.3058384020114843,-0.20028009801961028,0.2580250013872171,1.2775229047406356,1.1357414929734584,0.4283048951017439,0.0001990077919584028,0.0006158730158730159,-0.02464244863697004,-0.023680148025680532,-0.038709385658974776,736.99,0.0,0.018527777777777775,-0.019348594627058863,,0.0,1.1864951768488745,0.055734190782422297,1.0,-0.7067653458486379,39.55458266096497,33.635321650026796,42.08251611137125,39.55458266096497,48.90694396046695,,48.207982838139515
2025-06-20,AIRA,713.59,450260.0,-4.725018904134857,1.8576217469944831,0.9443206601157762,-4.81534988706039,0.28933333333331923,1.1246982617540897,0.29491554838671036,0.0001837342914830793,0.0006158730158730159,0.026925842186956716,0.021251365546709117,0.015678746499090068,738.0,0.0,0.01852857142857143,0.027393201144581436,,0.0,1.1864951768488745,0.055734190782422297,0.0,0.43602747787557444,56.50336184442679,68.48515991198688,58.42999729607388,56.50336184442679,59.34675848276969,,53.45790270689581
2025-06-23,AIRA,715.88,125430.0,-3.5012013533781685,0.5795446650141914,0.09565217044738455,-3.8632998624502326,-4.717459808791313,1.6084317201073857,0.4710006205776157,0.00019095168905671232,0.0006154761904761904,0.019720132708239725,0.022128965548894874,0.013627259046696639,738.9,0.0,0.018528968253968253,0.025354363904210253,,0.0,1.1864951768488745,0.055734190782422297,0.0,0.3929220236977767,55.86668317801903,63.9396327899346,58.74269228144762,55.86668317801903,58.90185380383342,,50.39647235243878
2025-06-24,AIRA,746.91,40220.0,1.0292806558631848,-0.5578373471585762,-0.029999995000011444,0.5005723174573603,-5.0352896425731,1.5919508416063635,0.32198380249211284,0.0001844524798761949,0.0006154761904761904,-0.026789197350225686,-0.02621968835411416,-0.017016068440068324,748.04,0.0,0.018528968253968253,0.007900066464309193,,0.0,1.1864951768488745,0.055734190782422297,0.0,-0.250949596035963,46.24285165018775,32.296263300392305,41.176320809595275,46.24285165018775,55.040533551968785,,47.298974747780115
2025-06-25,AIRA,738.98,90610.0,-0.01193054304270098,0.254361660911298,-0.00380228112786213,-0.47263016306945793,-2.7460937500000004,1.8953565057541335,0.33153422569762064,0.0002511903075622049,0.0006158730158730159,-0.017936492825589307,-0.009221828124738242,-0.003764978367866172,749.89,0.0,0.018528571428571426,0.04349355487636967,,0.0,1.1864951768488745,0.055734190782422297,0.0,0.02747972374699787,50.412186518550584,37.98270269352829,47.32603753906693,50.412186518550584,62.80113022237971,,49.02632435866345
2025-06-26,AIRA,735.95,61890.0,-0.4113528710139089,-0.14636455519716896,-0.0175879374889365,-0.6589171378116013,-1.2547269398826777,1.898459664089421,0.16117809128313537,0.00021718967373508978,0.0006154761904761904,-0.01782102398152914,-0.00652115400998817,0.0005623994254267441,750.0,0.0,0.018528571428571426,0.05742640844842585,,0.0,1.1864951768488745,0.055734190782422297,0.0,0.11840574182289824,51.775339486637165,38.059515985201955,48.31563396941208,51.775339486637165,65.68976298652852,,48.80772464980799
2025-06-27,AIRA,735.0,79140.0,-0.49842638671982376,0.09949494710120045,0.8180163040931482,-0.743238624283167,-2.156427403379546,1.8947608105885816,0.1977165233892701,0.000208910094425919,0.0006150793650793651,-0.012602777777777779,0.00874892290249437,0.015485034013605445,760.0,0.0,0.01852857142857143,0.06697709750566895,,0.0,1.1864951768488745,0.055734190782422297,0.0,0.43195722891695526,56.44333148145555,41.58788553202363,53.913159489198016,56.44333148145555,67.60627053728433,,49.36009414508466
2025-06-30,AIRA,732.2,100320.0,-0.7961788835625002,0.28994375803952194,-0.9499998812500036,-1.0729705702385701,3.0003223139337676,1.8943480557282737,0.1724556521847445,0.00020757922378016025,0.0006150793650793651,-0.014947707062429889,0.009864027739840228,0.03687978694345798,772.77,0.0,0.01852857142857143,0.06288003581292291,,0.0,1.1864951768488745,0.055734190782422297,0.0,0.881499604127253,62.92264624957353,39.98930957184479,54.3197764403488,62.92264624957353,66.79088108535483,,49.899556020767825
2025-07-01,AIRA,729.2,77220.0,-1.0908971756515855,-0.02935003660962359,0.3643319492545072,-1.4269789958539085,2.2797116835223896,1.8936462379852657,-0.03667475815473311,0.00020768552719125936,0.0006166666666666666,-0.0181639929385541,0.008681469799475771,0.034682012033191344,768.0,0.0,0.018526984126984128,0.0754574275788208,,0.0,1.1864951768488745,0.055734190782422297,0.0,0.8353203864200788,62.27394691795869,37.83153921954071,53.888545816442466,62.27394691795869,69.26010550117807,,49.77539802945216
2025-07-02,AIRA,728.0,154470.0,-1.1522680149858764,0.6639907639168454,0.8973019626935651,-1.5211283021973827,-2.371102274705106,1.8937599329202057,0.04219163069617062,0.00020957026231992797,0.0006158730158730159,-0.020868620268620332,-0.0006380036630036501,0.024056227106227106,759.0,0.0,0.018526190476190477,0.09050921855921851,,0.0,1.1864951768488745,0.055734190782422297,0.0,0.6120534662456374,59.078998238598345,36.053221168450655,50.47489344162284,59.078998238598345,72.07561949425583,,49.84753847705472
2025-07-03,AIRA,725.1,14010.0,-1.4364470644428262,-1.7544866395560577,-0.6891190519656273,-1.848321004544657,-1.485831822241468,1.8916238517335864,0.22241247946045606,0.00019736677554326216,0.0006154761904761904,-0.017547128803252106,0.004802554327481891,0.023358084434987627,755.47,0.0,0.01852579365079365,0.10687897958245493,,0.0,1.1864951768488745,0.055734190782422297,0.0,0.5973842286202408,58.86604583432054,38.24195776627909,52.47031490590551,58.86604583432054,74.95143848782251,,47.15268332327232
2025-07-04,AIRA,728.0,82970.0,-1.010994795585831,0.024215114693704916,0.0,-1.465826316752897,-1.4742849378354572,1.8923296431283747,0.08810625656511792,0.00021693591377714853,0.0006158730158730159,-0.016829761904761893,0.001984432234432204,0.00923598901098906,748.21,0.0,0.018525,0.09378925518925513,,0.0,1.1864951768488745,0.055734190782422297,0.0,0.3006535142873527,54.497612805259244,38.7213583050477,51.437300054007714,54.497612805259244,72.66778824327316,,48.93725129722564
2025-07-08,AIRA,723.51,34520.0,-1.4899523224493285,-0.85272342858089,-0.8986401855821856,-2.11395707638658,-0.952380952380949,1.8957557411862134,-0.07549700425351172,0.00021977960577415122,0.0006154761904761904,0.0017439447475304055,0.02091606641827437,0.01808857425210829,750.0,0.0,0.018524603174603173,0.09833043145814946,,0.0,1.1864951768488745,0.055734190782422297,0.0,0.4866623085507129,57.24850554102802,51.631578417599286,58.31034700871554,57.24850554102802,73.47458363343962,,46.65496010267101
2025-07-09,AIRA,718.2,52160.0,-2.152920880909528,-0.4216920050059766,-0.13333332222221558,-2.817645267376738,-1.1868341983064856,1.8806565712240682,-0.06522506511994812,0.0002225403814618973,0.0006162698412698412,0.008879504316346307,0.031136897800055612,0.018764250905040337,744.98,0.0,0.0185234126984127,0.08529849624060147,,0.0,1.1864951768488745,0.055734190782422297,0.0,0.5008594945817512,57.45685783260108,56.62873825561595,61.907493576855344,57.45685783260108,71.11891045048182,,48.394184588880435
2025-07-10,AIRA,715.05,107890.0,-2.50863588464844,0.30510330625354615,-0.4842577984621219,-3.2381010618574404,-1.5085024684585835,1.8860710423989648,-0.16475811941529267,0.0002304005961870228,0.0006170634920634921,0.02219804034682895,0.0358919865743655,0.016427176421229303,740.04,0.0,0.01852142857142857,0.07821182085168878,,0.0,1.1864951768488745,0.055734190782422297,0.0,0.4517533414076311,56.735115236963274,65.53624321914316,63.54000468887955,56.735115236963274,69.78705676977074,,48.676628361082855
2025-07-11,AIRA,714.61,32800.0,-2.4089254187284386,-0.9038336427949863,-0.8286557733636842,-3.2110768192927486,-1.7788461538461586,1.8870879443346509,-0.44107007164643014,0.00023324320797881446,0.0006154761904761904,0.03957297855662419,0.050531845747586124,0.015609473004811348,739.0,0.0,0.018521031746031747,0.09430365159773016,,0.0,1.1864951768488745,0.055734190782422297,0.0,0.43457191672657336,56.4818965759423,75.64254239052079,68.36174389653542,56.4818965759423,72.75994208743927,,45.276277406372834
2025-07-14,AIRA,717.99,25230.0,-1.8743001948292402,-1.1662274846116234,-0.6378525352272475,-2.728690897840844,-1.4466970073093388,1.8473269283832725,-0.4689774159260415,0.00019923966623241029,0.0006154761904761904,0.0332662026397768,0.06331140661197693,0.021855575170499138,746.98,0.0,0.018521031746031744,0.0819815635779514,,0.0,1.1864951768488745,0.055734190782422297,0.0,0.5658137970406745,58.406621424527785,72.21484390614133,72.27451175211436,58.406621424527785,70.49987586832694,,43.8084545976666
2025-07-15,AIRA,727.0,57450.0,-0.5612281996753063,-0.3433484524250826,0.4454664621901116,-1.4974813980085033,-1.375000000000004,1.853893163892305,-0.596547922971491,0.00021030561098837972,0.0006154761904761904,0.012026308923385954,0.04341162474618458,0.021147257155957336,755.84,0.0,0.018522619047619048,0.06663945492456497,,0.0,1.1864951768488745,0.055734190782422297,0.0,0.5509307570866554,58.18952511565429,58.79633344201448,66.05806830122683,58.18952511565429,67.53946775156665,,47.45228668719848
2025-07-16,AIRA,726.79,14550.0,-0.3377903959136551,-1.7119642336030994,0.0979591636817843,-1.5044184508648397,0.4823706652292259,1.7104042672108581,-0.3277265934170316,0.0001992990103947212,0.0006174603174603175,0.016444584601958172,0.03133602332566103,0.001298735508412075,741.2,0.0,0.018528174603174605,0.06416973805450674,,0.0,1.1864951768488745,0.055734190782422297,0.0,0.1338774919657289,52.00708329589673,61.7813502956778,61.976429273696766,52.00708329589673,67.04867182747346,,45.01268887965771
2025-07-17,AIRA,733.13,24560.0,0.9121499309196877,-1.1578922114207337,0.3020908217670597,-0.6387729063022703,1.1960456697298616,1.7092439881267802,-0.2814680962362316,0.00019738713833631488,0.000623015873015873,0.002188408268613001,0.017497879092666212,-0.0022489835222709274,745.07,0.0,0.01853531746031746,0.053442471819567246,,0.0,1.1864951768488745,0.055734190782422297,0.0,0.05933351172622424,50.88990869109018,51.94485067345484,57.085224106805,50.88990869109018,64.87449305305262,,46.49507649192642
2025-07-18,AIRA,745.1,81960.0,2.799881082379291,0.16411333105076006,0.9999999502487587,0.9866584610957426,2.5284945108733803,1.6374144248062135,-0.12419837219039523,0.00020941036199730186,0.0006222222222222223,-0.0075988185776704395,-0.008793127107685539,-0.017326632251343732,746.0,0.0,0.01853452380952381,0.05154741725303726,,0.0,1.1864951768488745,0.055734190782422297,0.0,-0.25747510225858017,46.14553618732245,45.05484051103998,47.483004518019975,46.14553618732245,64.48358822044389,,48.69794288137992
2025-07-21,AIRA,744.1,58600.0,2.7102482039960583,-0.17138288044201638,0.002441008751746465,0.8209131674618173,4.266662935027488,1.6778520245255137,0.24153277253209335,0.0002186655761464338,0.000621031746031746,-0.007671659275186996,-0.005032069315653542,-0.013563661171586945,747.8,0.0,0.01853611111111111,0.05580868573519087,,0.0,1.1864951768488745,0.055734190782422297,0.0,-0.17840828795191999,47.326428148336156,45.00394215364511,48.86188834422899,47.326428148336156,65.35979575792675,,48.88025419516212
2025-07-22,AIRA,738.0,18530.0,1.2261836023543344,-1.1790260822921208,0.14285713265306196,-0.020480787794341874,3.6365408988983106,1.1762552839263887,0.36959148132789216,0.00021222267342833667,0.0006206349206349206,0.014474128919860663,-0.0034975609756097304,-0.007709949670925269,745.99,0.0,0.018536507936507938,0.06601383081687959,,0.0,1.1864951768488745,0.055734190782422297,0.0,-0.05541124374995061,49.1689078960443,60.45961266191349,49.42508902771495,49.1689078960443,67.4154988663486,,48.27011760006848
2025-07-23,AIRA,741.0,58870.0,1.428388843935963,0.01445765592491436,-0.7979797173757858,0.3737513276657641,1.5130674002751032,1.1983482547016118,0.3090696154204822,0.0002404091637685303,0.0006202380952380952,0.007600563909774368,-0.014245943384101328,-0.012471569950517318,745.5,0.0,0.018544444444444443,0.05888773215089008,,0.0,1.1864951768488745,0.055734190782422297,0.0,-0.15546148024277676,47.66976708248879,55.73997586988912,45.49123569338706,47.66976708248879,65.98653297870992,,43.746322064303804
2025-07-24,AIRA,737.01,16450.0,0.8870817249056103,-1.2727076374684336,0.07846153242603457,-0.1931937278245605,1.9551727459101054,0.6935506488055241,0.1298818392089682,0.00017292432017034957,0.0006198412698412699,0.007741894857018816,-0.010245535871775326,-0.004387830849358433,747.45,0.0,0.018553174603174603,0.0946777260727224,,0.0,1.1864951768488745,0.055734190782422297,0.0,0.014392468902144236,50.21588569195649,55.83838123093191,46.95143098635853,50.21588569195649,72.82683512093135,,28.4159329323674
2025-07-25,AIRA,741.75,265650.0,1.615397942054567,1.5213049238171696,0.17721516744111568,0.41358995896345113,0.5292376522581188,0.6620320571459368,0.08515598134076319,0.00018720304599458172,0.000621031746031746,-0.009512097757876311,-0.005889186207007213,-0.003396260051037603,753.0,0.0,0.018563095238095236,0.10630090800391603,,0.0,1.1864951768488745,0.055734190782422297,0.0,0.035227161096432154,50.52838774546413,43.72166100219441,48.547422838121165,50.52838774546413,74.85331658400936,,37.296679285205535
2025-07-28,AIRA,740.7,33710.0,1.189512297293276,-0.543078579266043,-0.23209165729344258,0.2388290812840429,-0.4496040799892631,0.6704765942099029,-0.07940097522076542,0.00018433397657226838,0.0006206349206349206,-0.006736073501899809,0.007503616270323419,-0.006012554726224299,750.01,0.0,0.01858174603174603,0.113068881752782,,0.0,1.1864951768488745,0.055734190782422297,0.0,-0.019745912272991818,49.703814780384874,45.65845318996865,53.45845129060831,49.703814780384874,75.98604932880431,,7.153935328553468
2025-07-29,AIRA,750.97,110170.0,2.5865991594947033,0.6982425951938307,0.9017608061389477,1.6231219321743258,-0.45692783228060696,0.6706492717018283,-0.12630750842980323,0.0001860590460382014,0.0006186507936507937,-0.019160641411710762,-0.02595071362202237,-0.01324789291563867,755.0,0.0,0.018614285714285715,0.09172922725761448,,0.0,1.1864951768488745,0.055734190782422297,0.0,-0.1717734269530377,47.425676940181894,37.17212794591808,41.27202875775243,47.425676940181894,72.29679255296129,,35.23165402613247
2025-07-30,AIRA,748.93,88090.0,2.089569620120914,0.47457713280835606,-0.005050504625383377,1.2999695552941741,1.757452574525753,0.7262985252686812,0.025473226267373916,0.00019184530646158588,0.000621031746031746,-0.004270901745749844,-0.018104019734821546,-0.0011897056096326353,762.0,0.0,0.01864126984126984,0.08842169647215217,,0.0,1.1864951768488745,0.055734190782422297,0.0,0.08159085259931215,51.22361842744591,47.38963163127964,44.09027165207042,51.22361842744591,71.6946786206439,,32.290833311482494
2025-07-31,AIRA,745.0,27250.0,1.378586646882176,-0.6987266801511529,0.11012234592632505,0.7176458990767168,1.070175438596488,0.7215475541611645,0.1840590688174544,0.00019026589804119434,0.0006178571428571429,0.0034835996591029966,-0.011611289549376798,0.00818181793970386,764.99,0.0,0.018650396825396823,0.0971131112176414,,0.0,1.1864951768488745,0.055734190782422297,0.0,0.27850347736861375,54.167858374594445,52.856782588858145,46.452200795090036,54.167858374594445,73.25981125517497,,28.202346375741357
2025-08-01,AIRA,736.99,30450.0,0.13743993689031053,-0.3529894132653973,0.14244877834927247,-0.39138985383226305,1.0841101206225057,0.7338355586648037,0.1903912315175125,0.00020245825233272888,0.0006166666666666666,0.014573917131179427,0.001708246445160714,0.017990342420273614,764.0,0.0,0.01865873015873016,0.14028277655336366,,0.0,1.1864951768488745,0.055734190782422297,0.0,0.4845982804617229,57.21819307704256,60.526935183669565,51.335980560444675,57.21819307704256,80.1808912697839,,27.468844372996863
2025-08-04,AIRA,738.0,23080.0,0.2542472306602729,-0.6301083170820219,0.7142856122449125,-0.2614843599907646,-0.6417256488035039,0.7734388054931026,0.18343795369914387,0.0002068067944731166,0.0006166666666666666,0.026732917150600076,-0.002137330623306219,0.011142044134727063,760.0,0.0,0.018668253968253966,0.1333098141695703,,0.0,1.1864951768488745,0.055734190782422297,0.0,0.3407031727440931,55.092824883439185,68.36749699099008,49.92445213570571,55.092824883439185,79.16132675641873,,27.776179266866848
2025-08-05,AIRA,738.9,15310.0,0.2923673862333857,-0.801228868815429,0.3111110765432087,-0.16565066866320852,-0.36452004860267895,0.7700164044823407,0.3727134076068149,0.00020751899624250946,0.0006158730158730159,0.04276182114339849,-0.004043993967867261,0.009465387255186385,759.69,0.0,0.018671031746031748,0.1413351990410456,,0.0,1.1864951768488745,0.055734190782422297,0.0,0.3054735854470269,54.56931947811922,77.26262341767804,49.224511116356226,54.56931947811922,80.33146689698047,,34.01585136687345
2025-08-06,AIRA,748.04,191840.0,1.4739138556042328,1.7524551392084855,0.3556756564499606,1.0645270420105128,-1.6072546173615532,0.7528128171505681,0.2545834616876671,0.00020056184435857105,0.0006154761904761904,0.023606874600543438,-0.013778013589800282,0.006657076249211757,766.99,0.0,0.01867579365079365,0.10544954874665055,,0.0,1.1864951768488745,0.055734190782422297,0.0,0.24646590239061142,53.69026598062745,66.42888060016183,45.66168436016464,53.69026598062745,74.7083427576996,,43.78056643638066
2025-08-07,AIRA,749.89,60960.0,1.3951629333861468,0.6060119033221414,-0.46839073730017766,1.3070839450058127,-0.11883620632101577,0.7656928635684995,0.32672869390273585,0.00019507600347563357,0.0006154761904761904,0.00907265478831077,-0.00885748697110495,-0.0038552854206976746,761.01,0.0,0.018684126984126984,0.10923010155246052,,0.0,1.1864951768488745,0.055734190782422297,0.0,0.02558220956858126,50.383725609687914,56.7626071841437,47.459436189483945,50.383725609687914,75.34788437700621,,37.71738251048489
2025-08-08,AIRA,750.0,134060.0,1.0479051478319081,1.3940809323694785,-0.6931216197754819,1.3671007226724838,0.6563758389261709,0.7504870533833877,0.21102607725743533,0.00019493843603868083,0.0006154761904761904,0.004217936507936544,-0.013015238095238107,-0.0026944444444444438,762.0,0.0,0.018694444444444444,0.10900238095238096,,0.0,1.1864951768488745,0.055734190782422297,0.0,0.049973573723021865,50.74954745003556,53.37301550425699,45.93975002199418,50.74954745003556,75.30967143899694,,34.92468250064935
2025-08-11,AIRA,760.0,103060.0,2.1945284910437683,0.8158415012233539,0.18413261195188893,2.705359950088735,1.7652885385147643,0.7490633309613475,0.04391199763248441,0.00019369874951463565,0.0006150793650793651,-0.01858855472013362,-0.01964362990810359,0.010242209690893903,782.0,0.0,0.018705158730158728,0.0977797827903091,,0.0,1.1864951768488745,0.055734190782422297,0.0,0.3217960269358155,54.81200081592754,37.55007058756369,43.533690473765674,54.81200081592754,73.37756909550522,,41.48256418273864
2025-08-12,AIRA,772.77,50820.0,3.6820179438801794,-0.13258380145116255,0.5020600057645651,4.392259927069637,2.981029810298108,0.786629764283523,-0.06211860242612029,0.00018915507499287594,0.0006150793650793651,-0.03254082638399768,-0.027034495479157518,0.01653076797938401,800.01,0.0,0.018719047619047618,0.08596456926443347,,0.0,1.1864951768488745,0.055734190782422297,0.0,0.4539299870205667,56.767169678019805,28.852564257695022,40.88680182991198,56.767169678019805,71.24228470340871,,47.37568167016734
2025-08-13,AIRA,768.0,70990.0,2.8022618669488506,0.26049221888628826,-0.5973153961533285,3.72272884069575,4.583840844498588,0.8192329856356743,-0.023928816581848998,0.0001955247800379185,0.0006150793650793651,-0.033049355158730136,-0.01702879464285713,0.03203958333333333,807.0,0.0,0.018741666666666667,0.09230218253968255,,0.0,1.1864951768488745,0.055734190782422297,0.0,0.7797981900220754,61.48816010758511,28.55877331011446,44.47986536359735,61.48816010758511,72.40028883896865,,46.46075799498102
2025-08-14,AIRA,759.0,38760.0,1.4324053956659346,-0.4156463718051738,-0.37499997656250145,2.4654961782065734,2.6683065076734014,0.8422430280599275,-0.21452702710250682,0.00019981981816385685,0.0006150793650793651,-0.028055633979547072,-0.006531829161176987,0.05237513332078551,812.99,0.0,0.018757936507936508,0.09473977664847237,,0.0,1.1864951768488745,0.055734190782422297,0.0,1.2070847996193006,67.35424020443914,31.519541645607628,48.31171920408672,67.35424020443914,72.83792121395926,,16.327099287954425
2025-08-15,AIRA,755.47,49020.0,0.8888432062581941,-0.1808071737189561,0.4082840050849345,2.0094297342810052,1.2148448439104342,0.8892393090080035,-0.19584887495497155,0.000195513174808493,0.0006150793650793651,-0.02487639487958829,-0.007134288331178714,0.04930936602905238,806.9,0.0,0.018767460317460318,0.11097162503275051,,0.0,1.1864951768488745,0.055734190782422297,0.0,1.1426674953070488,66.49875218901194,33.488062919295714,48.09082187152583,66.49875218901194,75.63880509740332,,27.05599127743534
2025-08-18,AIRA,748.21,65840.0,-0.13886847721437948,0.18518082494754473,-0.5738076997044773,1.0156293838517947,0.7293333333333374,0.8302974590647978,0.02443225001711171,0.00018842448517959726,0.0006150793650793651,-0.004719717148207503,0.0022091589917354326,0.06751053894129962,812.77,0.0,0.018775396825396824,0.11005755930079042,,0.0,1.1864951768488745,0.055734190782422297,0.0,1.5251069901407643,71.40353346753172,47.073857827640914,51.519732986535594,71.40353346753172,75.48640165689507,,10.268769345164602
2025-08-19,AIRA,750.0,78950.0,0.07858758494963182,0.36430331142434536,-0.6999999650000017,1.2782658654733194,-1.551315789473684,0.8611347510545434,-0.12715581231416154,0.00019663937803253393,0.0006150793650793651,0.004708888888888931,0.009514047619047632,0.07774365079365077,822.4,0.0,0.01878968253968254,0.10754492063492066,,0.0,1.1864951768488745,0.055734190782422297,0.0,1.7401231402679205,73.96352995675171,53.71775544652812,54.192217466288696,73.96352995675171,75.06415894434822,,5.562671721005061
2025-08-20,AIRA,744.98,19440.0,-0.6138763934325345,-1.1255914626967316,-0.33777774024691376,0.6152409058303323,-2.9465429558600875,0.8383204941804808,-0.36756780646707493,0.00016868608835211946,0.0006150793650793651,-0.008159676002807325,0.008369340297619543,0.09666737748792231,831.0,0.0,0.018798809523809523,0.1296127459264913,,0.0,1.1864951768488745,0.055734190782422297,0.0,2.137744794225108,78.28999965165893,44.663209122338415,53.774625094728556,78.28999965165893,78.60528821884873,,3.737864694790216
2025-08-21,AIRA,740.04,18000.0,-1.3100478787729082,-1.1330109397984824,-0.9839998032000539,-0.03465099721116017,-2.9973958333333273,0.850958957395978,-0.31566027528579194,0.00018713525796790434,0.0006150793650793651,0.003696136244887781,0.016515341513071415,0.09572680981208223,824.8,0.0,0.018807539682539683,0.13736614867664826,,0.0,1.1864951768488745,0.055734190782422297,0.0,2.117981769691499,78.08777923603014,53.006261868285655,56.73138781585113,78.08777923603014,79.75906563105721,,1.7826329566880683
2025-08-22,AIRA,739.0,18920.0,-1.4518231807972548,-1.0831633304426918,-0.4261118470427788,-0.17152081674034733,-2.498023715415021,0.8557857254561594,-0.43746024061330246,0.0001898184725103585,0.0006150793650793651,0.006365116953411947,0.045017294391820784,0.09485719709173701,823.0,0.0,0.018809920634920634,0.14310350806538222,,0.0,1.1864951768488745,0.055734190782422297,0.0,2.0997096368419714,77.89961156815278,54.87792720435715,66.58474390893093,77.89961156815278,80.58251969283847,,2.5138966327256487
2025-08-25,AIRA,746.98,29610.0,-0.5986364968801856,-0.5223087377985889,0.05608465311721731,0.9176364445984109,-2.1800998054191445,0.8438015603763772,-0.604339411038845,0.00019321205792613243,0.0006154761904761904,-0.0020165320930375734,0.057809593412543256,0.06234312707635019,807.6,0.0,0.018810317460317458,0.1262125710320541,,0.0,1.1864951768488745,0.055734190782422297,0.0,1.4165303400118465,70.05499836162765,48.978391175004155,70.62671793646946,70.05499836162765,78.08443835333223,,9.09323125768788
2025-08-26,AIRA,755.84,54950.0,0.5552255031707239,0.09600184450997017,0.9999999368686909,2.130678510216976,-0.1643923497413824,0.8776934688899933,-0.47836094047450617,0.00021478814739909807,0.0006170634920634921,-0.016150112562665513,0.05448271138260549,0.03827927805330428,798.99,0.0,0.018809523809523807,0.12583532283644475,,0.0,1.1864951768488745,0.055734190782422297,0.0,0.9109054383366381,63.333323037386926,39.17757918324912,69.60305629683107,63.333323037386926,78.026091679478,,39.70359096641217
2025-08-27,AIRA,741.2,28150.0,-1.426770148054996,-0.5728734636639488,-0.9999999275362372,0.15122686031386376,0.7786666666666608,0.8625955029848846,-0.13836096010076765,0.00022068774195142975,0.000623015873015873,0.002677990431646603,0.08364454423971418,0.07401729135079102,810.0,0.0,0.018805158730158728,0.1461234201937655,,0.0,1.1864951768488745,0.055734190782422297,0.0,1.6618256025341187,73.04871089078387,52.28974613395801,77.84609191786338,73.04871089078387,81.0056277358185,,2.404615133705583
2025-08-28,AIRA,745.07,48880.0,-0.907593679842727,0.10768168213491962,-0.1291248113970686,0.6939506009658483,-0.5073961717093067,0.9677958646425446,-0.2708053975586323,0.0002650449295454908,0.0006301587301587302,7.250533719958818e-05,0.06977914208977051,0.061622696919283744,805.0,0.0,0.018812698412698413,0.14123605929431146,,0.0,1.1864951768488745,0.055734190782422297,0.0,1.4013928020817454,69.8641190936095,50.45254833700017,74.13698765330233,69.8641190936095,80.31731938818763,,8.69318418967436
2025-08-29,AIRA,746.0,102780.0,-0.7669056837560224,0.7417908074837825,-0.3963782297406241,0.8195015825215088,0.679692989568137,0.9689299269614525,-0.09983039919803528,0.0002592892003278916,0.0006214285714285714,0.006252028809736584,0.07629608493978465,0.05887029873611645,803.99,0.0,0.018864285714285712,0.15175250648963784,,0.0,1.1864951768488745,0.055734190782422297,0.0,1.3435599483515641,69.12854920673006,54.79886404389399,75.92925168552475,69.12854920673006,81.77538151127064,,14.52317530616527
2025-09-02,AIRA,747.8,44930.0,-0.5117819097946573,-0.10531586711127262,0.20216047822834918,1.050227813292674,0.9472259810554773,0.9350891890090893,-0.09388367573760434,0.000236148105285694,0.0006226190476190475,-0.00019268022177217634,0.08654461138917548,0.05356895507244537,802.0,0.0,0.01891031746031746,0.13538186596025603,,0.0,1.1864951768488745,0.055734190782422297,0.0,1.2321691493932148,67.68430923735635,50.26540685122178,78.57185722179996,67.68430923735635,79.46827468946071,,22.855025080387797
2025-09-03,AIRA,745.99,33270.0,-0.7679008039163056,-0.4057650198616359,-0.8012047388348645,0.8228991727776336,0.10977536212481986,0.9358025619612784,-0.06466851071537796,0.00023571594246084299,0.000621031746031746,0.00889973528837889,0.10073809400930306,0.05500413741768948,801.17,0.0,0.01896468253968254,0.13153250654238735,,0.0,1.1864951768488745,0.055734190782422297,0.0,1.2623249208786942,68.07878827797596,56.642764529888055,81.8726850340459,68.07878827797596,78.8953582949691,,4.188351831556302
2025-09-04,AIRA,745.5,75880.0,-0.8335975113243485,0.41873099499168515,-0.6226412744749875,0.7505751014772425,-1.3031858594411583,0.9382781666856385,-0.4249094458560891,0.00023520201428398074,0.0006281746031746032,0.01893478090766823,0.09315807064609875,0.07136840487368656,812.88,0.0,0.01901388888888889,0.1256009836798569,,0.0,1.1864951768488745,0.055734190782422297,0.0,1.6061677165802948,72.38621207757905,63.426896560258704,80.1616737378214,72.38621207757905,77.98979172552292,,3.378511945440139
2025-09-05,AIRA,747.45,26890.0,-0.6022896719887162,-0.6186662867818723,-0.01999999599998261,0.9992756572597563,0.5801403130059279,0.8959452560727774,-0.3494377152438391,0.00023147269541153362,0.0006285714285714285,0.02027002403409683,0.08787461416434919,0.07131362059573974,815.0,0.0,0.01906031746031746,0.11965385525070946,,0.0,1.1864951768488745,0.055734190782422297,0.0,1.605016600018531,72.37240443536355,64.296768103996,78.89886604710384,72.37240443536355,77.0541771978389,,7.639769700229647
2025-09-08,AIRA,753.0,82960.0,0.13508504208873734,0.5275587371672618,0.7777776913580343,1.7403232857596387,0.3194330734024975,0.8961690675444663,-0.3276127521644219,0.00023527469919288772,0.0006309523809523809,0.011417757541263517,0.05932265857206099,0.06441528805413266,815.89,0.0,0.019103968253968255,0.11118236419401759,,0.0,1.1864951768488745,0.055734190782422297,0.0,1.4600701822724527,70.60013780588736,58.3795288216247,71.08555805337747,70.60013780588736,75.67385066757049,,36.002350998278025
2025-09-09,AIRA,750.01,123460.0,-0.30709032326554137,0.9251172055757109,0.338235271508333,1.311567411800704,0.9383378016085686,0.9119691060403642,-0.09278156794469021,0.00024114490854587123,0.0006392857142857143,0.010142441449987029,0.05214151020843534,0.06613481532944646,813.97,0.0,0.01914404761904762,0.11373618306253272,,0.0,1.1864951768488745,0.055734190782422297,0.0,1.4962005539630214,71.04808050367768,57.50221776856173,68.8707768571447,71.04808050367768,76.09582226453684,,34.90976616575414
2025-09-10,AIRA,755.0,165420.0,0.49155162415969705,1.2176875611488838,0.9999998459168188,1.9613371117218128,0.2955335651243729,0.8619135592355501,-0.06556660928869347,0.00023477756873655964,0.0006511904761904762,0.0030670792599601267,0.05971593608745926,0.08812380689582676,836.01,0.0,0.019174206349206347,0.10539868600861979,,0.0,1.1864951768488745,0.055734190782422297,0.0,1.9582289554893175,76.4036309339213,52.56369312423011,71.20412169195313,76.4036309339213,74.69966411126906,,45.391386080611184
2025-09-11,AIRA,762.0,757710.0,1.4783224767757528,2.7395002330354923,0.6231883665287724,2.912703033841848,1.207790989155355,0.7798713903844693,0.2946743076616432,0.000216048623730551,0.0006480158730158729,0.003431492938382714,0.04330901762279715,0.09634760967379072,850.05,0.0,0.019203571428571427,0.10130272778402694,,0.0,1.1864951768488745,0.055734190782422297,0.0,2.1310258952898486,78.22140180669582,52.82012744360891,66.02427497639749,78.22140180669582,73.99433378845124,,52.82346112854641
2025-09-12,AIRA,764.99,273720.0,1.3552920018459595,1.7213047537707913,0.16430357261855325,2.9709829717659795,2.213279678068414,0.8034549911750835,0.5438402358623952,0.00021119070171697404,0.000626984126984127,-0.008316571276893985,0.03781359825846878,0.09697215418522948,853.9,0.0,0.019251587301587304,0.10342689690206552,,0.0,1.1864951768488745,0.055734190782422297,0.0,2.1441487027378834,78.35523607399253,44.5537697754786,64.1912288281069,78.35523607399253,74.36170473391599,,52.28711136449005
2025-09-15,AIRA,764.0,143140.0,1.0559850432123052,1.012866671363714,-0.0008340282874030534,2.699662552596215,2.346645260552549,0.7621518352117,0.5807009495861024,0.0001922105841867042,0.000625,-0.005732483586802959,0.036527108784176844,0.09294495969417435,849.76,0.0,0.019306349206349206,0.12318535485747528,,0.0,1.1864951768488745,0.055734190782422297,0.0,2.059530077653568,77.48177989429654,46.362202519229164,63.75580688546806,77.48177989429654,77.61309583285755,,51.43660265478311
2025-09-16,AIRA,760.0,60880.0,0.45602960621522814,0.007998379033329613,-0.6708437200631775,2.1055547609279217,1.4608233731739695,0.7540484428583292,0.4249786056570149,0.0001865229583931665,0.0006261904761904761,0.025833082706766916,0.04091073517126143,0.0925065162907268,845.02,0.0,0.019361904761904764,0.1226887635756057,,0.0,1.1864951768488745,0.055734190782422297,0.0,2.0503175903849686,77.3851923976433,67.81560193648899,65.22981594904425,77.3851923976433,77.53509090230911,,42.721346749024704
2025-09-17,AIRA,759.69,37940.0,0.36902324469626263,-0.42296945938204517,-0.3099998450000229,1.6562885727913006,1.3319822402368064,0.7288324562408011,0.22316280734271277,0.00018242691896480935,0.0006186507936507937,0.049949677123939565,0.05669635339978893,0.09564594063744039,847.12,0.0,0.01944047619047619,0.05592229161142794,,0.0,1.1864951768488745,0.055734190782422297,0.0,2.116282562368611,78.07032939665531,80.62944430153583,70.28642451990932,78.07032939665531,65.383016712017,,28.466414216354437
2025-09-18,AIRA,766.99,503400.0,1.2929405798216287,2.2717754624551394,0.057931778130382056,2.5088315428333305,0.6211920529801462,0.7283168346927998,-0.03883713084065556,0.00018111435165425662,0.0006202380952380952,0.04902289302627441,0.049221530702269034,0.1146398359532429,869.88,0.0,0.01950793650793651,0.012876917524638147,,0.0,1.1864951768488745,0.055734190782422297,0.0,2.515378585714016,81.8946642486797,80.21754916625099,67.94409521685421,81.8946642486797,56.149860342867264,,46.244088570699276
2025-09-19,AIRA,761.01,170010.0,0.24323924481247866,1.0768793428759658,-0.9981800729590488,1.467947160316716,0.6548556430446162,0.7328152986675478,-0.15188844852033362,0.00015925024229507977,0.0006238095238095239,0.06515436129366928,0.05869008651409999,0.11836165465568634,865.97,0.0,0.019560317460317462,0.013269665829433418,,0.0,1.1864951768488745,0.055734190782422297,0.0,2.593580714295926,82.5799982671874,86.47517234679177,70.89424678560981,82.5799982671874,56.23715655782562,,6.968867205172069
2025-09-22,AIRA,762.0,52360.0,0.3423864184664188,-0.26693682058200363,0.0,1.5281512151593781,-0.5202682388005142,0.740035828290601,-0.384385177635854,0.00013737337858001547,0.0006257936507936508,0.055775471816022965,0.05472392513435824,0.12605937070366202,873.0,0.0,0.019609920634920636,0.04199426321709786,,0.0,1.1864951768488745,0.055734190782422297,0.0,2.755323622346665,83.93222849139114,83.06961374322707,69.67794983326132,83.93222849139114,62.4843292171942,,6.955706867192611
2025-09-23,AIRA,782.0,1100000.0,2.9509124596166685,2.77798314326266,0.8070997720328278,4.154325555852205,-0.2617801047120394,0.7370580288956039,-0.38421837197837344,0.0001339781129650264,0.0006257936507936508,0.036202191166321576,0.05553276600495269,0.07624800775382617,857.0,0.0,0.019659920634920634,0.055141859497422153,,0.0,1.1864951768488745,0.055734190782422297,0.0,1.708696980461637,73.59877922222134,73.8468780413172,69.92832079853429,73.59877922222134,65.22334972354325,,50.90882922429625
2025-09-24,AIRA,800.01,269590.0,4.436537690194585,1.2221503345745655,0.7475982206288996,5.773121161483325,2.894736842105261,0.9015638949825784,-0.08862967355917237,0.00011109298285735778,0.000628968253968254,0.024841118414591228,0.04896707527763041,0.05777938856121442,862.0,0.0,0.019707142857142857,0.07533186553918084,,0.0,1.1864951768488745,0.055734190782422297,0.0,1.3206379565541146,68.83427292277777,67.20139082719037,67.8626532519193,68.83427292277777,69.23596227666448,,50.281648620447335
2025-09-25,AIRA,807.0,125040.0,5.024059364178569,0.29743245222533016,0.6551723686088022,6.3944396903075535,5.307428029854266,0.9935977405440058,0.12288993956661214,0.00010215322233295127,0.0006376984126984128,0.02660723726913318,0.04449703634861625,0.0484096078952027,862.0,0.0,0.01974404761904762,0.09043410338112942,,0.0,1.1864951768488745,0.055734190782422297,0.0,1.1237619529092588,66.2455754784791,68.29071935499128,66.41453870571155,66.2455754784791,72.06196670963693,,50.0944432165396
2025-09-26,AIRA,812.99,55610.0,5.620495328026263,-0.7100842418859814,0.5983988927018765,7.0072452983129665,5.216495651833797,0.8506806067483428,0.24233805766229616,6.006667113114928e-05,0.0006313492063492063,0.011401623943713877,0.03156025144396432,0.044197931650304355,865.01,0.0,0.019788095238095237,0.06976979636895901,,0.0,1.1864951768488745,0.055734190782422297,0.0,1.0352670331989877,65.04823764695007,58.368462113586425,62.05399749999181,65.04823764695007,68.15604159918746,,49.1073413195986
2025-09-29,AIRA,806.9,79610.0,4.712481630582695,-0.35130870669720815,0.0615384568047306,6.037854219104165,6.830396446827236,0.853360973488616,0.5616538507944812,6.110725709136642e-05,0.0006246031746031746,0.016835049041304492,0.03351753315156773,0.05893250830633413,870.46,0.0,0.019838095238095238,0.08180206458383746,,0.0,3.1324404761904763,-0.27232142857142855,0.0,1.344867083706114,69.14528402970912,62.04127604511157,62.72843729902091,69.14528402970912,70.46615684140419,,52.460273536820814
2025-09-30,AIRA,812.77,92640.0,5.297203038035169,-0.10804450260572496,0.15577077031712525,6.720950406425,5.892388451443575,0.8918841248150823,0.5739615421554273,6.612390723667343e-05,0.000623015873015873,-0.009471677411813869,0.028463672447993377,0.050523841581532586,870.0,0.0,0.01988968253968254,0.05766241115772811,,0.0,3.1324404761904763,-0.27232142857142855,0.0,1.1681858187149814,66.8389830517653,43.74973938595976,60.9774930808686,66.8389830517653,65.73777497050473,,52.3969936840819
2025-10-01,AIRA,822.4,348130.0,6.386109535869979,1.1699805405388743,0.7833333006944438,7.824336063478052,3.9347826086956417,0.8940431729190373,0.44369574181228677,6.736401978795075e-05,0.0006293650793650793,-0.03156308597368905,0.04387592335247979,0.0278520443456242,861.7,0.0,0.019934920634920635,0.06416819066147865,,0.0,3.1324404761904763,-0.27232142857142855,0.0,0.6918104376515477,60.230683983495304,29.422446288279346,66.2107787815115,60.230683983495304,67.04836313832175,,53.014549923299334
2025-10-02,AIRA,831.0,105480.0,6.9480103579951695,-0.16377397807296476,0.1997713575372578,8.497658577375445,2.798715016062303,0.8952630412975668,0.4508427578253957,6.455707457349332e-05,0.0006242063492063491,-0.028362821614807174,0.02817230531201654,0.026946090481920808,870.0,0.0,0.01998531746031746,,,0.0,3.1324404761904763,-0.27232142857142855,0.0,0.672774711786637,59.95678548697636,31.332664918605364,60.87563050730201,59.95678548697636,,,51.042566674654616
2025-10-03,AIRA,824.8,183120.0,5.909131047855934,0.3878454189337378,-0.6388139817351042,7.500177572660507,2.973977695167296,0.8932808325197874,0.3597625556110868,6.994155152812895e-05,0.0006238095238095239,-0.02711177197358084,0.04447729820023715,0.02385331662894714,861.0,0.0,0.020036111111111112,,,0.0,3.1324404761904763,-0.27232142857142855,0.0,0.607789950877614,59.01713977875642,32.09747279666534,66.40807282752121,59.01713977875642,,,51.45088406514534
2025-10-06,AIRA,823.0,69840.0,5.412751576908731,-0.652302682118116,-0.2727272479338866,6.946274600665052,1.4526623943713846,0.9376098595600556,0.11231998072369065,6.590438557970033e-05,0.0006174603174603175,-0.026259928349630646,0.02729282773052518,0.026346600223726625,861.22,0.0,0.02009325396825397,,,0.0,3.1324404761904763,-0.27232142857142855,0.0,0.6601783394205876,59.775196760417124,32.62382011738414,60.567591313085266,59.775196760417124,,,49.89584934471366
2025-10-07,AIRA,807.6,223290.0,3.292940247664195,0.5099594560909109,-0.9294117100346025,4.838823939029132,1.9952906184161678,0.9489509206523165,0.04546683977596724,6.185963872602212e-05,0.0006158730158730159,-0.01014841151913963,0.05328031734239012,0.059516168423783614,871.94,0.0,0.02015198412698413,,,0.0,3.1324404761904763,-0.27232142857142855,0.0,1.3571308362427303,69.30204769337578,43.28018087758707,69.22818207054479,69.30204769337578,,,49.34940065344979
2025-10-08,AIRA,798.99,126040.0,1.929716729251017,-0.20216946667797625,-0.7151037426554222,3.543403174603003,-0.6360963126099572,1.067966888707702,-0.17156965629437831,6.490380265387155e-05,0.0006162698412698412,-0.0005449680370277622,0.06472396811689042,0.07109245228648794,871.94,0.0,0.020210317460317463,,,0.0,3.1324404761904763,-0.27232142857142855,0.0,1.600369454646566,72.31661855143841,50.01678667743651,72.68826375659525,72.31661855143841,,,32.06760294978967
2025-10-09,AIRA,810.0,195610.0,3.15027315249221,0.3738892071328945,0.5007503501375505,4.859272343427668,-2.8465466926069993,1.1125256554431204,-0.47125706496435155,6.753351288465359e-05,0.0006186507936507937,0.00022341269841269279,0.0537187389770723,0.059978659611992946,875.0,0.0,0.020268253968253967,,,0.0,3.1324404761904763,-0.27232142857142855,0.0,1.366848610873881,69.42595126397634,50.55903835820723,69.36516776369584,69.42595126397634,,,49.38910903394614
2025-10-10,AIRA,805.0,52150.0,1.8225242408024283,-0.9481064631809878,-0.3333333111111126,4.068995024986577,-2.527075812274371,1.1305490869461623,-0.41106126644429297,7.107911418126923e-05,0.0006376984126984128,0.00905291580400276,0.06708502415458942,0.06276963423050379,871.88,0.0,0.02031111111111111,,,0.0,3.1324404761904763,-0.27232142857142855,0.0,1.4254920251386172,70.16767536306851,56.74893096416581,73.37116766629944,70.16767536306851,,,37.451609395558116
2025-10-13,AIRA,803.99,66450.0,1.4454895236094099,-0.6361732332368184,0.8946258277528107,3.891707163187081,-2.4005819592628486,1.1491579403812264,-0.34996513231949467,7.749413608615682e-05,0.000673015873015873,0.011430147373111498,0.06786967789814963,0.07668994156525283,881.99,0.0,0.020326190476190477,,,0.0,3.1324404761904763,-0.27232142857142855,0.0,1.7179828075018395,73.70689640001407,58.38802695114038,73.59569477190315,73.70689640001407,,,48.94349457607593
2025-10-14,AIRA,802.0,271960.0,1.0366950351323017,0.8584635715442956,-0.599999940000006,3.5573495480482302,-2.309842041312271,1.149087605768852,-0.1164945171821552,7.807666600208133e-05,0.0006686507936507936,0.011543441000672956,0.060199617028856484,0.07690090547440921,880.0,0.0,0.02035595238095238,,,0.0,3.1324404761904763,-0.27232142857142855,0.0,1.7224155400095136,73.7584072542681,58.46571135144114,71.34954196953186,73.7584072542681,,,45.01760935858166
2025-10-15,AIRA,801.17,555350.0,0.8000460951817507,1.486972840201814,-0.8933601160281686,3.291020652752662,-0.6934125804853863,1.1407873879540915,-0.05061216317523591,7.298626028938607e-05,0.0006753968253968253,0.040098702725636814,0.07167336185015928,0.07926836120725032,881.0,0.0,0.0203734126984127,,,0.0,3.1324404761904763,-0.27232142857142855,0.0,1.7721600580619576,74.33199178271008,75.91493890913704,74.66676859398403,74.33199178271008,,,46.16570673722165
2025-10-16,AIRA,812.88,16340.0,2.13880909488757,-2.203752442640134,0.24281148866818228,4.559338176153357,0.2728444661384888,1.1417879756124196,-0.08626343784978519,7.239496660322412e-05,0.0006773809523809523,0.04233860805320056,0.044961215150364844,0.07448128207291185,890.0,0.0,0.020391269841269842,,,0.0,3.1324404761904763,-0.27232142857142855,0.0,1.6715748850793124,73.16371930792414,77.05205964763036,66.56641794087936,73.16371930792414,,,47.96124493902281
2025-10-17,AIRA,815.0,97560.0,1.9489799029409256,-0.25215638452131756,0.19520546273925493,4.787597229809413,0.3555555555555534,1.16297304506312,-0.13785121014365884,0.00012617098344120238,0.0006750000000000001,0.04434236293699481,0.042476338981400366,0.05929483883532969,879.95,0.0,0.0203984126984127,,,0.0,3.1324404761904763,-0.27232142857142855,0.0,1.35248030210363,69.24265360120351,78.03690122810715,65.74943356200839,69.24265360120351,,,49.19638114383825
2025-10-20,AIRA,815.89,14430.0,1.8094143485466567,-2.0778686873162546,-0.1410658218767506,4.832519857857919,1.2422360248447228,1.1351981260149921,-0.03214345537358533,0.00012479788519426205,0.0006746031746031747,0.038120091906647086,0.05446266878782882,0.05203583845141749,874.99,0.0,0.020400396825396825,,,0.0,3.1324404761904763,-0.27232142857142855,0.0,1.1999556020084443,67.26011509965298,74.87894738535414,69.59682866111119,67.26011509965298,,,47.7781616699171
2025-10-21,AIRA,813.97,203580.0,1.4987586434764335,0.568867840145461,-0.5754109667325935,4.415961108938604,1.4801179119143137,1.1354200875639169,-0.2392817852994976,0.00012780533192498588,0.0006793650793650794,0.03475113093556151,0.05698828543367013,0.04847390446315338,870.03,0.0,0.0203984126984127,,,0.0,3.1324404761904763,-0.27232142857142855,0.0,1.1251129398530757,66.26369859060445,73.04806329770899,70.3758818390363,66.26369859060445,,,44.977347523135336
2025-10-22,AIRA,836.01,215890.0,3.2506366186140965,0.6275779353949043,0.6807999727680003,7.104950051627927,1.4925187032418963,1.0064115387470283,-0.2343639906460151,0.0001269897764184472,0.0006813492063492064,0.00987820361000468,0.0324124044568845,0.017747064030334547,867.9,0.0,0.0203984126984127,,,0.0,3.1324404761904763,-0.27232142857142855,0.0,0.47948656238724363,57.14309873404768,57.31983237679219,62.34822215760436,57.14309873404768,,,52.226117464004446
2025-10-23,AIRA,850.05,320310.0,4.638752417524765,1.0220979704931825,0.035926595091064245,8.650330655952983,4.348640113833513,1.05375644144746,0.08046802711321865,0.00012915173025599279,0.0006773809523809523,0.01990661095565812,0.011451874049425714,0.0007183890443419848,868.0,0.0,0.020398015873015873,,,0.0,3.1324404761904763,-0.27232142857142855,0.0,0.12168336526754486,51.82444012513676,64.06091915357408,54.897770971326885,51.82444012513676,,,53.1745099128768
2025-10-24,AIRA,853.9,52350.0,4.614462598245361,-0.7935654219692045,0.7799999220000033,8.744505049193796,4.572630646589904,1.094452514802826,0.03909104839779505,0.00012790628852031938,0.0006750000000000001,0.010712525582899807,0.018654060175813343,-0.005648142044810246,866.5,0.0,0.020403968253968254,,,0.0,3.1324404761904763,-0.27232142857142855,0.0,-0.012088944095011732,49.81866663358985,57.895006946999175,57.500665557453814,49.81866663358985,,,51.67778963836865
2025-10-28,AIRA,849.76,21530.0,4.0238894339250635,-1.6820655512712968,-0.16444442617284358,8.14238109732361,4.773006134969315,1.0897259631886684,0.15604994024994473,0.00012476335361381,0.0006797619047619047,0.023930644544267222,0.021325804260698827,-0.0013020768515778665,865.99,0.0,0.020401587301587303,,,0.0,3.1324404761904763,-0.27232142857142855,0.0,0.07922972998317271,51.18822219157384,66.63240089278548,58.45654706144895,51.18822219157384,,,50.76671067455843
2025-10-29,AIRA,845.02,77960.0,3.3847874962392206,-0.3953225308084022,-0.3315543474613527,7.493705884645401,4.151294904950431,1.0785011629694075,0.15137421939072612,0.00013218295122988626,0.0006817460317460318,0.010764877651059657,0.02830704847598237,0.010253336729514784,870.92,0.0,0.020396825396825396,,,0.0,3.1324404761904763,-0.27232142857142855,0.0,0.32202982610082986,54.815475297731865,57.9310283722773,60.92274884304183,54.815475297731865,,,52.01710943756626
2025-10-30,AIRA,847.12,113130.0,3.5400726579902724,-0.02298145007835788,-0.05418059838256486,7.670772706291697,3.814636903079971,1.087721973964448,0.20014554324497427,0.00013158574986226186,0.0006972222222222222,0.0141741282133151,0.03634872516702717,0.013716188594933038,876.0,0.0,0.02037579365079365,,,0.0,3.1324404761904763,-0.27232142857142855,0.0,0.3947905940183428,55.894324037485845,60.2569779138959,63.695251134120326,55.894324037485845,,,52.48615200110011
2025-10-31,AIRA,869.88,121890.0,6.243587651378904,0.10897671802115393,0.9899916184323758,10.442603629633597,1.328931472111572,1.0629872741710804,0.05314942901486126,0.00013081312302300768,0.0006876984126984126,-0.0124368953462656,-0.002687976338279772,0.002766531836903615,890.0,0.0,0.02036309523809524,,,0.0,3.1324404761904763,-0.27232142857142855,0.0,0.16471854210538056,52.46876896477711,41.701685873574526,49.722293530939886,52.46876896477711,,,51.543504792576506
2025-11-03,AIRA,865.97,23670.0,5.553665870126135,-1.602309954248696,0.6638855516930646,9.66418537342895,2.332803952708673,1.1910956032146651,0.24396243368312356,0.0001375178755829326,0.0006761904761904762,-0.004485964390606337,-0.003848617318023613,0.001613452352082989,885.0,0.0,0.02036190476190476,,,0.0,3.1324404761904763,-0.27232142857142855,0.0,0.14049026089493222,52.106106981640934,47.23829202789237,49.29622504570552,52.106106981640934,,,50.31862040750165
2025-11-04,AIRA,873.0,66900.0,6.398038376884628,-0.4540409367099647,0.8075948958179823,10.486117278509173,1.4135144630518903,1.1800248048144604,0.2207395596217358,0.00014601242975342585,0.0006753968253968253,-0.00628609474717718,-0.0176687285223368,-0.06508086647029943,833.96,0.0,0.020361507936507938,,,0.0,3.1324404761904763,-0.27232142857142855,0.0,-1.2608777565226594,31.940084179097422,45.97379533795263,44.24790882730398,31.940084179097422,,,51.04824897193216
2025-11-05,AIRA,857.0,121040.0,4.298437065782816,0.13888021663733022,-0.8724399723557617,8.286987450682945,2.7348898512521203,1.180972108406205,0.41514742401990096,0.00015106397777648958,0.0006757936507936508,0.011793798040414144,-0.0015534357578115138,-0.07636965234946566,809.0,0.0,0.020360317460317464,,,0.0,3.1324404761904763,-0.27232142857142855,0.0,-1.4980755233769754,28.92878434839954,58.6372292072987,50.13882005665291,28.92878434839954,,,52.095842223156474
2025-11-06,AIRA,862.0,120740.0,4.561642729862971,0.13639862962469115,-0.08108107560263335,8.740491576609816,1.4177179238361148,1.1772745573583694,0.3069702990410192,0.0001547098502450011,0.0006761904761904762,-0.0037218373660368492,-0.00731245902846831,-0.08876940301255849,803.03,0.0,0.020358730158730163,,,0.0,3.1324404761904763,-0.27232142857142855,0.0,-1.7586166655616278,25.823355552956595,47.776219380587605,48.02550781467595,25.823355552956595,,,51.95747149373974
2025-11-07,AIRA,862.0,29200.0,4.203012567474524,-1.283068591535691,0.23140070644429359,8.592527523625616,1.7565398054584902,1.1332042540130067,0.3015902035970055,0.00015221939871204302,0.0006746031746031747,0.005906932935587228,-0.009058947445954407,-0.06212207122601554,826.0,0.0,0.02035873015873016,,,0.0,3.1324404761904763,-0.27232142857142855,0.0,-1.1987081280049872,32.75636931758134,54.55744951473628,47.385669521277485,32.75636931758134,,,50.90353019882175
2025-11-10,AIRA,865.01,70990.0,4.350966634427906,-0.21206644904158237,0.17924527245015828,8.9110270486474,-0.9058720743090998,1.1114179268246833,0.14987202119938908,0.00014787089437514624,0.0006753968253968253,-0.008008800430419823,-0.013148414326983628,-0.028462682714191938,858.0,0.0,0.02035873015873016,,,0.0,3.1324404761904763,-0.27232142857142855,0.0,-0.4914636223384437,42.68100311063686,44.76849836051601,45.89118263413999,42.68100311063686,,,51.122895479049255
2025-11-11,AIRA,870.46,312640.0,4.821832257588767,1.2704454950651742,0.8230382599268441,9.495659056337335,-0.11085834382253967,1.0894325269821286,0.05294396535080781,0.00014336212929404895,0.0006746031746031747,-0.01398809295869472,-0.013755273940179138,0.0066258110471784926,893.95,0.0,0.020359920634920637,,,0.0,3.1324404761904763,-0.27232142857142855,0.0,0.24580896406421215,53.68046544066814,40.6411254659585,45.66997015406298,53.68046544066814,,,52.86294193431515
2025-11-12,AIRA,870.0,93200.0,4.133350691337181,-0.12249278171021043,-0.011122344679238536,9.045866531254344,-0.29095074455899317,1.084591816615247,0.056032638172580175,0.00014334549090663345,0.0006746031746031747,-0.001143130815544546,-0.007388765736179531,0.030189422550629466,913.98,0.0,0.02036230158730159,,,0.0,3.1324404761904763,-0.27232142857142855,0.0,0.7409229725561558,60.93435696670979,49.59464975010596,47.99753724883629,60.93435696670979,,,51.24968740960349
2025-11-13,AIRA,861.7,166090.0,2.5688487037879506,0.5546603061117346,0.07442640881777458,7.854851944054175,1.516919486581103,1.0793024229181385,0.2282961637078848,0.0001431039556741751,0.0006746031746031747,0.00851047025904866,0.01855634211442492,0.02872591485822593,904.0,0.0,0.02036309523809524,,,0.0,3.1324404761904763,-0.27232142857142855,0.0,0.7101720344014257,60.494277062323675,56.37270017853412,57.46559339960543,60.494277062323675,,,53.20465429904521
2025-11-14,AIRA,870.0,281100.0,2.1992482047342246,1.0808407824944106,0.7613635882977555,8.679023417911116,-0.03480278422273164,1.1168379018657641,0.2593976605919664,0.00014632060857678773,0.0006746031746031747,0.002372126436781609,0.002955268199233717,0.02213947728516696,906.98,0.0,0.02036626984126984,,,0.0,3.1324404761904763,-0.27232142857142855,0.0,0.5717790928949175,58.493545164548024,52.074297930236014,51.793354550694794,58.493545164548024,,,54.194828789523996
2025-11-17,AIRA,861.0,56510.0,0.865530335197765,-0.6228220292926074,-0.8165303527220403,7.258267690150705,0.9280742459396807,1.0965925077638516,0.36539023696265877,9.326951036208902e-05,0.0006746031746031747,0.009255516840882688,-0.04569185056136271,0.017961256291134337,894.0,0.0,0.02036626984126984,,,0.0,3.1324404761904763,-0.27232142857142855,0.0,0.48398712838991287,57.20921661308559,56.889254492766504,34.46505175089182,57.20921661308559,,,52.21191654857393
2025-11-18,AIRA,861.22,112270.0,0.6925223409690842,0.08457693863203737,-0.7605633037662576,7.222531063261803,-0.4635784557403988,1.139294419536192,0.16623511192821905,0.00010226025899485532,0.0006746031746031747,0.020722505928282592,-0.07492142119908896,0.03625108693168015,909.98,0.0,0.02036626984126984,,,0.0,3.1324404761904763,-0.27232142857142855,0.0,0.8682894821166832,62.73754192281026,64.58945460985615,25.50446097323778,62.73754192281026,,,51.42617335414718
2025-11-19,AIRA,871.94,244280.0,1.888949438581693,0.7735850705238991,0.456010714841462,8.446715983235595,-1.0615077085678881,1.1401116875393313,-0.1504852008104013,9.7754672800989e-05,0.0006746031746031747,0.005825501336010024,-0.09331717518425442,,,0.0,,,,0.0,3.1324404761904763,-0.27232142857142855,0.0,,,54.5004517109676,20.717560415426085,,,,52.84029927127984
2025-11-20,AIRA,871.94,185350.0,1.3262452868600556,0.4975160526505322,-0.007499999531243208,8.192095830050397,0.2229885057471348,1.1530784770152533,-0.05705858890626118,9.996658386755772e-05,0.0006746031746031747,0.006954115271510899,-0.0669736194350056,,,0.0,,,,0.0,3.1324404761904763,-0.27232142857142855,0.0,,,55.28930589436969,27.78464495418892,,,,52.797801507273206
2025-11-21,AIRA,875.0,98850.0,1.3451210581133166,-0.13112571036038423,0.014198782241439658,8.365932197574804,1.188348613206447,1.0121345967818798,-0.07344387057606475,9.246541060026442e-05,0.0006765873015873017,0.013687698412698414,-0.03371388888888889,,,0.0,,,,0.0,3.1324404761904763,-0.27232142857142855,0.0,,,59.927674087089656,38.53889586112334,,,,52.16625243244268
2025-11-24,AIRA,871.88,51410.0,0.7169518801791633,-0.7194456233096824,0.5235954467870263,7.863812630869728,0.5747126436781658,0.9528601616782156,-0.22287683178732792,9.141014748630486e-05,0.0006805555555555554,0.005799114866542781,0.011032560928364306,,,0.0,,,,0.0,3.1324404761904763,-0.27232142857142855,0.0,,,54.48198004361488,54.7452580052585,,,,51.633887683016006
2025-11-25,AIRA,881.99,81290.0,1.8383723744722795,-0.2612561688942785,0.7823497140038067,9.027602289644138,1.2636469221835034,0.9564587265240563,0.045148328114485416,9.032169674349186e-05,0.0006880952380952381,-0.01138183601584944,0.022000808052749413,,,0.0,,,,0.0,3.1324404761904763,-0.27232142857142855,0.0,,,42.427511181780375,58.69707220040004,,,,53.093574375202756
2025-11-26,AIRA,880.0,100640.0,1.5291717547816641,-0.04772966244828008,0.325842660017677,8.612352636942575,2.4116950372726986,0.9732936885128652,0.3537309316684983,8.515803605537472e-05,0.0006984126984126985,-0.014753751803751835,0.0130262987012987,,,0.0,,,,0.0,3.1324404761904763,-0.27232142857142855,0.0,,,40.12077579844679,55.469578302859105,,,,53.92503957269748
2025-11-27,AIRA,881.0,20410.0,1.499901494847926,-1.6516925302454912,0.42857139795918586,8.602695749930858,0.9243755304263912,0.9626226130741269,0.32769732070374125,8.219821700469175e-05,0.0006928571428571428,-0.018282164928021934,0.015257867592742756,,,0.0,,,,0.0,3.1324404761904763,-0.27232142857142855,0.0,,,37.75311231020744,56.27754113849912,,,,51.94894186146674
2025-11-28,AIRA,890.0,112650.0,2.4054393938616676,0.12166860224143151,0.7273355898037626,9.662990710162433,1.0390623208018868,0.9627918458051162,0.4149116002018271,8.406150040105773e-05,0.0006952380952380952,-0.028113545568039952,-0.009716332263242377,,,0.0,,,,0.0,3.1324404761904763,-0.27232142857142855,0.0,,,31.4842652803214,47.1450428623911,,,,53.88362103204477
2025-12-01,AIRA,879.95,5000.0,1.1371493884263106,-2.9357663899985513,-0.18235293044982226,8.238517913108728,1.7142857142857126,0.793625080209525,0.5575389617142916,7.648635849066479e-05,0.0006821428571428573,-0.01867821334094565,0.0199237644274521,,,0.0,,,,0.0,3.1324404761904763,-0.27232142857142855,0.0,,,37.490736975077354,57.955678768870186,,,,51.09054390134989
2025-12-02,AIRA,874.99,87080.0,0.5598213711774723,-0.13578952292150487,0.2508861657784105,7.600379566695638,0.9255860898288892,0.8327680575657994,0.4163492862669219,0.00019384892743339735,0.0006765873015873017,-0.013679879457125767,,,,0.0,,,,0.0,3.1324404761904763,-0.27232142857142855,0.0,,,40.85119214749191,,,,,53.55057180181791
2025-12-03,AIRA,870.03,57620.0,-0.02152776803966704,-0.5487463380556036,-0.9955521871347567,6.8527870052373245,-0.7936597920611299,0.8262183514057827,0.3100565766218427,0.00019059786684380708,0.0006773809523809523,-0.0023706975621530443,,,,0.0,,,,0.0,3.1324404761904763,-0.27232142857142855,0.0,,,48.72857532230633,,,,,49.76628356367003
2025-12-04,AIRA,867.9,62510.0,-0.3458502973270002,-0.429281391728285,0.09629628916323447,6.443114987214786,-1.1329545454545453,0.718743221799903,0.04577760719135595,0.00018741750036935936,0.0006813492063492064,0.005944380387251137,,,,0.0,,,,0.0,3.1324404761904763,-0.27232142857142855,0.0,,,54.58365674662215,,,,,48.83518914017918
2025-12-05,AIRA,868.0,97870.0,-0.37992343881177393,0.082275952516862,-0.26265821399482037,6.277719719952669,-1.4869466515323504,0.7119129231941294,-0.020677414567834316,0.00018687094122342044,0.0006769841269841269,0.021959114183307732,,,,0.0,,,,0.0,3.1324404761904763,-0.27232142857142855,0.0,,,65.38374504741984,,,,,45.053036558246845
2025-12-08,AIRA,866.5,135730.0,-0.549488981049206,0.3511745896889758,-0.30609095558281135,5.432843959137028,-2.4719101123595544,0.711886478569725,-0.21867617532755093,0.0001869387570410856,0.0006809523809523809,0.017969704109764697,,,,0.0,,,,0.0,3.1324404761904763,-0.27232142857142855,0.0,,,62.792640200668345,,,,,39.0014897412203
2025-12-09,AIRA,865.99,93850.0,-0.5981632904379239,-0.04693639660361917,-0.11135856220951401,5.0614992151440035,-1.5284959372691698,0.7094066220035946,-0.24342378035414872,0.00018483021214844145,0.0006773809523809523,-0.04036474488689609,,,,0.0,,,,0.0,3.1324404761904763,-0.27232142857142855,0.0,,,24.537733581702675,,,,,36.608248511628894
2025-12-10,AIRA,870.92,86140.0,-0.018501269276535164,-0.10691478793453439,-0.0356756737472653,5.479029509483822,-1.0285831838078185,0.6943309874042305,-0.31587272595173366,0.00018403472608593237,0.0006769841269841269,-0.07447302416565146,,,,0.0,,,,0.0,3.1324404761904763,-0.27232142857142855,0.0,,,11.043748980624478,,,,,38.57394022758052
2025-12-11,AIRA,876.0,94640.0,0.5599878422664724,-0.012808559694867057,-0.08607377506223088,5.980584100158057,0.1022953231497814,0.7067696052439535,-0.12389742327423534,0.00018750306255906692,0.0006761904761904762,-0.08667329310719725,,,,0.0,,,,0.0,3.1324404761904763,-0.27232142857142855,0.0,,,8.086235224816463,,,,,44.63015641508002
2025-12-12,AIRA,890.0,182420.0,2.0521536175532997,0.6604134166308439,0.46272096607528845,7.569653472175804,0.9332872450743102,0.679756495863644,-0.16037143611932841,0.0001876879532816255,0.0006750000000000001,-0.0752839218833601,,,,0.0,,,,0.0,3.1324404761904763,-0.27232142857142855,0.0,,,10.820860468642646,,,,,52.62050613737699
2025-12-15,AIRA,885.0,114840.0,1.2511790783592152,0.1976418936279192,-0.43901065548000595,6.3438614186148685,2.5345622119815614,0.7354982766019965,-0.015295600105306662,0.00019064053832436727,0.0006750000000000001,-0.03388268092547754,,,,0.0,,,,0.0,3.1324404761904763,-0.27232142857142855,0.0,,,28.081242511822474,,,,,49.58283250544976
2025-12-17,AIRA,833.96,140890.0,-4.695593388314428,0.38097819097192104,-0.5637499911914052,-0.043132981963941476,2.1350259665320337,0.7034714843294751,-0.04187954008474557,0.00018277361049397848,0.0006750000000000001,0.06855890570291141,,,,0.0,,,,0.0,3.1324404761904763,-0.27232142857142855,0.0,,,87.56034469227379,,,,,25.458271419475697
2025-12-18,AIRA,809.0,52130.0,-4.725018904134857,-0.6132594182077264,-0.26382305087819574,-3.0847726440539276,-3.6986570283721543,1.4974700329777566,-0.13235782588112383,0.00020718359365538302,0.0006746031746031747,0.12638776119842252,,,,0.0,,,,0.0,3.1324404761904763,-0.27232142857142855,0.0,,,97.2983468585522,,,,,50.97290029009454
2025-12-19,AIRA,803.03,100670.0,-4.725018904134857,0.06595000319439694,-0.6320582302314949,-4.648013995973755,-5.0352896425731,1.5869084291136495,-0.1779873013073099,0.00023974566558479767,0.0006746031746031747,0.12235809925957028,,,,0.0,,,,0.0,3.1324404761904763,-0.27232142857142855,0.0,,,96.98267835228707,,,,,50.0
2025-12-22,AIRA,826.0,114730.0,-4.725018904134857,0.19668359899360907,0.9999999374217812,-2.0362576613464354,-5.0352896425731,1.5866368356875975,-0.2871841923411627,0.0002443098583167653,0.0006746031746031747,0.09465739171374767,,,,0.0,,,,0.0,3.1324404761904763,-0.27232142857142855,0.0,,,93.63259096714151,,,,,52.45803501870636
2025-12-23,AIRA,858.0,287170.0,-0.7321613732103295,1.1141759614823497,0.2717536768448182,1.7176420313277996,-5.0352896425731,1.7407651796418462,-0.17972839807186416,0.00025737298756310797,0.0006753968253968253,0.038577486402486406,,,,0.0,,,,0.0,3.1324404761904763,-0.27232142857142855,0.0,,,75.12104621583318,,,,,51.89068629619865
2025-12-24,AIRA,893.95,70370.0,3.5574206083468236,-0.3132334963359291,0.8940873806147231,5.8839298297561164,-3.050847457627115,1.8987201803024525,-0.03757553160689934,0.00026125711662324934,0.0006757936507936508,0.014552286579005043,,,,0.0,,,,0.0,3.1324404761904763,-0.27232142857142855,0.0,,,60.512345424297656,,,,,49.9894861580676
2025-12-25,AIRA,913.98,123970.0,5.839039108114931,0.25303844670336534,0.19185535910382132,8.148422521816501,6.831519331241112,1.8987201803024525,0.25399194275432635,0.0002864733657879882,0.0006769841269841269,,,,,0.0,,,,0.0,3.1324404761904763,-0.27232142857142855,0.0,,,,,,,,50.0
2025-12-26,AIRA,904.0,52440.0,4.411039121659953,-0.6073303752820681,-0.6871165117241986,6.778494806108321,6.831519331241112,1.8987201803024525,0.3451276247507297,0.00029508700447053465,0.0006753968253968253,,,,,0.0,,,,0.0,3.1324404761904763,-0.27232142857142855,0.0,,,,,,,,50.0
2025-12-29,AIRA,906.98,80410.0,4.656511257306067,-0.17986216114784137,-0.3719704756601403,6.935600603764794,6.831519331241112,1.8987201803024525,0.33411596845218894,0.00030344396452295703,0.0006777777777777777,,,,,0.0,,,,0.0,3.1324404761904763,-0.27232142857142855,0.0,,,,,,,,51.90385833635015
2025-12-30,AIRA,894.0,135510.0,3.1230715955039217,0.36314733416080264,0.32440811267745007,5.295337272111285,6.831519331241112,1.8987201803024525,0.05972188583580469,0.00030060931067856645,0.0006746031746031747,,,,,0.0,,,,0.0,3.1324404761904763,-0.27232142857142855,0.0,,,,,,,,52.771822076265494
2025-12-31,AIRA,909.98,57530.0,4.765764946104964,-0.5146936098920035,0.38681362754003706,6.996670057723859,4.195804195804187,1.8987201803024525,0.07025277300233106,0.00017818891301033457,0.0006746031746031747,,,,,0.0,,,,0.0,3.1324404761904763,-0.27232142857142855,0.0,,,,,,,,50.905978540114795
2025-01-05,KCEL,3411.59,8280.0,-0.8098634446203746,2.128918879873377,0.1483097028660598,0.07086907402567102,0.3802281368821214,0.8081951660601618,0.2707807679981781,0.0012592923327707439,0.0005726190476190476,-0.0010566715633733295,-0.016843119296606902,-0.021550543335772773,3398.0,0.0,0.01756706349206349,-0.05218942465243488,,0.0,4.754789272030651,0.08045977011494253,0.0,-0.34622709803049034,44.82518979080758,49.655663835879174,44.547212524515054,44.82518979080758,41.57461684618325,,52.915535525799875
2025-01-06,KCEL,3380.0,3360.0,-1.7169808856445166,1.227024275690507,-0.9999999749874945,-0.8575491973521989,-0.4787047841306791,0.8176715456302959,0.1892451567847127,0.001267162570312135,0.0005674603174603176,0.008882732225039918,0.0009785080304310426,-0.003693880905419368,3427.0,0.0,0.01759920634920635,-0.03207551657743959,,0.0,4.754789272030651,0.08045977011494253,0.0,0.02897360975935583,50.434593201606006,56.63097625853135,51.0682234309726,50.434593201606006,46.0421707592656,,29.876556493545557
2025-01-08,KCEL,3432.6,250880.0,-0.1764680729853348,4.136419419116901,0.3718518490973924,0.6860968852852544,-0.5004415660877282,0.8399458879699636,0.11906971993697442,0.0013054929197911598,0.0005678571428571428,-0.0024159281594126635,-0.014174880973189766,-0.01983999425674836,3424.99,0.0,0.017623015873015874,-0.061248546083352035,,0.0,4.754789272030651,0.08045977011494253,0.0,-0.31028537444902893,45.35911596015937,48.69667556340205,45.51711426933191,45.35911596015937,39.602424378104566,,54.99684740302077
2025-01-09,KCEL,3399.99,16960.0,-1.0825526987536143,2.8459205440022415,0.18332748064739837,-0.34381992330705824,0.20756154593941645,0.9161782288994579,0.10095675680846716,0.0013049843869710064,0.0005825396825396825,0.00850586942202504,0.002514842998838,-0.00881678080565782,3429.95,0.0,0.017628571428571427,-0.043363367483293676,,0.0,4.754789272030651,0.08045977011494253,0.0,-0.07866776364974874,48.82020257655397,56.36950591529565,51.63184881687093,48.82020257655397,43.52243196890872,,53.73289442907256
2025-01-10,KCEL,3412.0,19220.0,-0.5612641540738696,2.97103901319311,0.5555555246913597,-0.1837367470789723,0.889910979228481,0.9398456751658808,0.12046698702078137,0.0013132061467369105,0.0006321428571428572,0.015237827276279797,0.002031435735685396,-0.011280853290906046,3433.5,0.0,0.01758214285714286,-0.04746874290552486,,0.0,4.754789272030651,0.08045977011494253,0.0,-0.13044237405729522,48.04436255486845,60.97381757640312,51.45454226051251,48.04436255486845,42.613550089106646,,54.13558515440582
2025-01-13,KCEL,3418.01,1540.0,-0.3707097869577559,0.4468858960567814,-0.7731647334748968,-0.08686194161866782,-0.5827505827505797,0.9265881604493453,0.051808916462943014,0.0012887899834045952,0.0005884920634920634,-0.0011808516261412006,0.00407676043676752,-0.022421169006815178,3401.5,0.0,0.017590873015873015,-0.050123357385665396,,0.0,4.754789272030651,0.08045977011494253,0.0,-0.36452051480247644,44.55388460075781,49.56803063258078,52.20443339480178,44.55388460075781,42.02845542547606,,39.22379525670022
2025-01-14,KCEL,3420.0,1330.0,-0.31189663460479017,0.15414719500644655,-0.6295610181596388,-0.031060594862678367,0.18818205001187582,0.9248884974636672,-0.13248597080524832,0.0012369572021238135,0.0005805555555555556,-0.0058653926482874486,-0.00338266499582289,-0.014718922305764466,3429.97,0.0,0.01763412698412698,-0.0513764411027569,,0.0,4.754789272030651,0.08045977011494253,0.0,-0.20268240955309358,46.96350512542996,46.268912991678775,49.4672662039318,46.96350512542996,41.7530333034274,,35.637025416392
2025-01-15,KCEL,3434.5,1090.0,0.11112768748415018,-0.16067859015527816,0.36069291893806854,0.0246276914063092,1.183431952662728,0.924543944128809,-0.05839817943967718,0.0012160197701170839,0.0005857142857142858,-0.004307222060464907,-0.02145562909737099,-0.025678813313552724,3407.0,0.0,0.017671825396825398,-0.06395960959868006,,0.0,4.754789272030651,0.08045977011494253,0.0,-0.43296950152565206,43.541737170422614,47.36406957980097,42.880730384355026,43.541737170422614,39.01842557645242,,48.89246232556032
2025-01-16,KCEL,3439.01,1750.0,0.2416291762899113,0.312749866167551,0.5931372427872431,0.15297809592981268,0.05535162850318631,0.9284468107002564,-0.06062996547154196,0.0012488151453726463,0.0005837301587301588,-0.002673230848135957,-0.015010212297854564,-0.02437738699763315,3416.0,0.0,0.017686507936507938,-0.06383214355986454,,0.0,4.754789272030651,0.08045977011494253,0.0,-0.40562418563731834,43.945492377478665,48.51522880509716,45.21307102771001,43.945492377478665,39.0458144583622,,49.47334028114787
2025-01-17,KCEL,3474.0,110580.0,1.260111996922421,4.136419419116901,0.6688189066373396,1.1679511640018716,1.14765043426599,0.9254680610573378,0.021331986956426997,0.0011702320945734548,0.0005948412698412699,-0.022082965293198403,-0.034160529237601774,-0.034658701373468215,3415.0,0.0,0.017675396825396823,-0.07743327370671929,,0.0,4.754789272030651,0.08045977011494253,0.0,-0.6216531577853286,40.78182726436158,35.266729383036605,38.38365157012673,40.78182726436158,36.16531386965247,,54.656443054992714
2025-01-20,KCEL,3424.0,8960.0,-0.4064911589877361,1.6950132706661514,0.18478260769139887,-0.36130626148290046,1.8171160609613102,0.9485166328543758,0.04398466334562297,0.001150990127728397,0.0005884920634920634,-0.0026715787716956583,-0.011418673045542204,-0.020292393561786085,3415.0,0.0,0.01766388888888889,-0.07015749332443252,,0.0,4.754789272030651,0.08045977011494253,0.0,-0.3197911003995435,45.217796254687585,48.51639370979724,46.522568061946934,45.217796254687585,37.69531870432776,,51.89723203586355
2025-01-21,KCEL,3409.99,580.0,-0.81027800804483,-1.4827343824606036,-0.4310221278755269,-0.7709883947308281,0.17524817071921106,1.0093300259983369,0.2355741315788821,0.0011498821859532854,0.0005857142857142858,0.0014386772011201906,-0.007901953771497817,-0.015892293393123973,3416.0,0.0,0.017654761904761902,-0.06477502735077605,,0.0,4.754789272030651,0.08045977011494253,0.0,-0.2273370539579223,46.595221541091476,51.41634018351726,47.809459348610304,46.595221541091476,38.84337958628477,,46.88611416922377
2025-01-22,KCEL,3429.81,314140.0,-0.234308725480192,4.136419419116901,0.35920644315924766,-0.2024236498485036,-0.2926900584795389,1.0023601117072372,0.27528190963570454,0.0010799033198677075,0.0005888888888888889,2.299418293476383e-05,-0.012259181412381479,-0.021675271631039935,3416.0,0.0,0.01764880952380952,-0.059682737309063726,,0.0,4.754789272030651,0.08045977011494253,0.0,-0.3488478646406106,44.78630254771327,50.417609113780394,46.21561614323897,44.78630254771327,39.941087765425664,,55.058679567915036
2025-01-23,KCEL,3439.97,430.0,0.18044812904404797,-1.7819423660203122,-0.1933306791055838,0.10219501858172395,-0.13655553937982345,0.9322736939762946,0.27498461447994027,0.0010786464760620786,0.0005944444444444445,-0.006114378124652284,-0.01417210019734847,-0.024333041136940434,3416.9,0.0,0.017626587301587303,-0.07665858344971713,,0.0,4.754789272030651,0.08045977011494253,0.0,-0.4046923990627357,43.95926470256636,46.094219646677935,45.518126985094376,43.95926470256636,36.32695518053812,,46.81300029428796
2025-01-24,KCEL,3407.55,40870.0,-0.7640463137085636,2.7723289130334043,-0.1888708937307318,-0.8418516206541323,0.02791501042449518,0.922633196167264,0.11769103010137491,0.001011254100577692,0.0005976190476190477,0.007494085123301011,-0.014066342194608525,-0.016304393849512096,3412.0,0.0,0.01761031746031746,-0.0667692456037749,,0.0,4.754789272030651,0.08045977011494253,0.0,-0.23599602836147676,46.46596235642957,55.665807418038305,45.556645165897386,46.46596235642957,38.41649893543917,,50.52009492687891
2025-01-27,KCEL,3424.99,800.0,-0.2205435104225966,-1.9843970991699842,0.15220338725078264,-0.33062771779501504,-1.9127806563039695,0.9480076391449078,-0.053846929972239346,0.001002546015496052,0.000594047619047619,-0.01953484467478691,-0.010866616076784276,-0.027847692315125155,3390.01,0.0,0.01763452380952381,-0.06564925375868313,,0.0,4.754789272030651,0.08045977011494253,0.0,-0.47854156403590287,42.87078749848208,36.92575767939087,46.7243229962749,42.87078749848208,38.656028400463846,,43.902031460401496
2025-01-28,KCEL,3425.0,410.0,-0.2201041730640434,-2.6528001033348847,-0.01010509276262958,-0.3307453347372883,0.02891355140186569,0.953426780422066,-0.06036277406036259,0.0009892890318874683,0.000588095238095238,-0.011320070096164956,-0.017611426833507124,-0.02382832811956896,3403.88,0.0,0.01766190476190476,-0.06831237110415943,,0.0,4.754789272030651,0.08045977011494253,0.0,-0.39408746759320035,44.116076544801516,42.470107473940374,44.26866887279091,44.116076544801516,38.0873953542075,,44.67519196875045
2025-01-29,KCEL,3440.0,2730.0,0.21589027919949136,-0.7569902269366401,-0.20844326626798962,0.10537293984401153,0.4401772439215357,0.9294271618333851,0.02382063296221687,0.0008447133214875545,0.0005738095238095239,-0.007268530823182049,-0.019357299741602066,-0.029344970468807678,3400.0,0.0,0.017717063492063492,-0.07114186969361389,,0.0,4.754789272030651,0.08045977011494253,0.0,-0.5100020805356169,42.4091087665986,45.28576160073946,43.6370821142515,42.4091087665986,37.486798425075364,,38.329596901166475
2025-01-30,KCEL,3429.0,380.0,-0.12412332536749388,-2.0809931917438544,0.45072535140756936,-0.22132171432743086,0.29710100559505737,0.9156372941135879,-0.08970930892323059,0.0008663438020756549,0.0005718253968253969,-0.0036959744615256,-0.01647528329792109,-0.027214691913510836,3396.6,0.0,0.017765873015873016,-0.06577720284964378,,0.0,4.754789272030651,0.08045977011494253,0.0,-0.46524108307294115,43.06634890094531,47.79443598824948,44.680690926779995,43.06634890094531,38.62863626075105,,45.096364317031906
2025-01-31,KCEL,3442.99,560.0,0.2552786752670068,-1.3862417917711407,0.05854150821925179,0.18460921849376083,-0.3188981299255489,0.8353296678753589,0.03910189717940005,0.0009689506340554517,0.0005785714285714286,-0.0007330756899790892,-0.020520434821164283,-0.03377912252187404,3388.0,0.0,0.01780753968253968,-0.06110637156256338,,0.0,4.754789272030651,0.08045977011494253,0.0,-0.6031716185300343,41.049898847521895,49.88403229124024,43.21743621081782,41.049898847521895,39.633134218482766,,42.23153351507321
2025-02-03,KCEL,3367.99,10780.0,-1.9288630618600318,1.5712028210936402,-0.27531882798625723,-2.008082046250376,1.040043432965021,0.7325171634204944,0.08858437756939677,0.0007311241783183133,0.0005801587301587301,0.024660966825533988,0.0018674913307297081,-0.013988352403630812,3381.0,0.0,0.017851190476190475,-0.045549647940128266,,0.0,4.754789272030651,0.08045977011494253,0.0,-0.1873318172775425,47.192977341823116,67.08920085992987,51.39440136526644,47.192977341823116,43.03783294141637,,19.828848975855973
2025-02-04,KCEL,3396.13,650.0,-1.0902024078943724,-1.2372157930311474,-0.07393862181684653,-1.1810586802246166,-1.6642384357326567,0.8741870930326174,0.003079934521988792,0.0007505967529969525,0.0005865079365079364,0.019997920687641613,-0.006532952950555003,-0.017056904580559258,3399.0,0.0,0.017901984126984127,-0.06173250147378308,,0.0,4.754789272030651,0.08045977011494253,0.0,-0.25180763705428677,46.230053956222804,64.1202420941877,48.31130709200029,46.230053956222804,39.49795109681605,,34.931303751599835
2025-02-05,KCEL,3424.99,30840.0,-0.25543833180792846,2.9310495876353886,0.8311045826872159,-0.342108418167779,-0.8429197080291884,0.871147084828542,-0.009686771288854593,0.000899075469306306,0.000588095238095238,0.004527958833804097,-0.014729907834975861,-0.023934086520563058,3404.5,0.0,0.017951587301587302,-0.07090775510895941,,0.0,4.754789272030651,0.08045977011494253,0.0,-0.3963096424852035,44.0832081024125,53.59074846218454,45.31505734708915,44.0832081024125,37.5363491357102,,53.4239873555461
2025-02-06,KCEL,3426.34,14090.0,-0.217193669235474,2.1477097842928874,-0.7481481331702081,-0.28057726720516507,-0.4363372093023288,0.81863793649278,0.1982227985021865,0.0009021945381395125,0.0005869047619047619,-0.009714148057564554,-0.016547525470512286,-0.027429515999348134,3394.0,0.0,0.017990873015873016,-0.0692316720136652,,0.0,4.754789272030651,0.08045977011494253,0.0,-0.46975492486005194,42.99995581398926,43.581365470391916,44.65446995111557,42.99995581398926,37.891852067582946,,30.757542287263473
2025-02-07,KCEL,3450.56,840.0,0.4637566520213746,-0.6720774093259957,-0.001828896528576487,0.4270544516131347,-0.07757363662874717,0.788032226133118,-0.041551898413368996,0.0008943652912040889,0.000590079365079365,-0.008960318674751146,-0.02993835247722377,-0.034130305639829876,3395.0,0.0,0.01802857142857143,-0.07540661310646239,,0.0,4.754789272030651,0.08045977011494253,0.0,-0.6105506097012454,40.942803126253594,44.10529967351049,39.860255087461496,40.942803126253594,36.588835229104625,,37.8176536382871
2025-02-10,KCEL,3460.93,77910.0,0.7414779466282144,3.994370881958214,0.4799562594760131,0.725625949983173,0.21986703417669062,0.7992805679035616,-0.05362597936293465,0.0010136116785206158,0.0005825396825396825,-0.021090910448466896,-0.0289074213319302,-0.035692792997101985,3400.0,0.0,0.018087698412698413,-0.08105472404563796,,0.0,4.754789272030651,0.08045977011494253,0.0,-0.6433812892667985,40.46736570375945,35.9086756046586,40.22373145950667,40.46736570375945,35.41388250403848,,54.32729867034996
2025-02-11,KCEL,3473.99,14640.0,1.0261824746949797,2.251957088058642,0.9008935458613295,1.0268865452437228,2.7595093809660964,0.800720576437333,0.09742903812951942,0.00099743720670539,0.0005805555555555556,-0.01645321765097233,-0.03377010201823184,-0.0434964788623958,3386.0,0.0,0.01816825396825397,-0.07522419560267757,,0.0,4.754789272030651,0.08045977011494253,0.0,-0.8073508144481013,38.12111948264516,38.97387826489968,38.519344263698564,38.12111948264516,36.62705897660137,,53.42393016501141
2025-02-12,KCEL,3450.5,42230.0,0.31812178382390993,2.936641622547247,0.1298388566431078,0.30984210460652334,2.292609529081613,0.8037424508113319,0.2923954716651546,0.00099474712609332,0.0005801587301587301,-0.01033162349371963,-0.02813322609099673,-0.03289111561931443,3400.0,0.0,0.018255555555555556,-0.08783191508937052,,0.0,4.754789272030651,0.08045977011494253,0.0,-0.584512990711866,41.32107933071066,43.153261197681836,40.49740066343373,41.32107933071066,34.02704515783225,,53.91207607867806
2025-02-13,KCEL,3403.04,10780.0,-1.08165345196874,0.6121033304507435,-0.9131428440979604,-1.0792214786882273,0.7448196929042084,0.8166088842003214,0.15214232645633302,0.0009404405223404603,0.0005805555555555556,0.004961603779850952,-0.016971561916254888,-0.03536605304165014,3345.0,0.0,0.018310714285714284,-0.06756068213892047,,0.0,4.754789272030651,0.08045977011494253,0.0,-0.6365158930581337,40.5666422923175,53.89507195848977,44.50062235978696,40.5666422923175,38.24757404333512,,13.92598772743926
2025-02-14,KCEL,3429.68,34470.0,-0.29036614414221756,1.2505870571026467,0.18487207597613903,-0.29962780075145795,-0.680025916867566,0.8739175744610117,0.11914338427078255,0.0009482777727638277,0.0005853174603174603,-0.0018326220355417934,-0.026784220213242116,-0.031094232411150037,3385.97,0.0,0.018349603174603175,-0.06961346461866215,,0.0,4.754789272030651,0.08045977011494253,0.0,-0.5467572312496187,41.8714107682571,49.10813577514393,40.975663915071074,41.8714107682571,37.81075655057751,,48.42126902793138
2025-02-17,KCEL,3398.0,7820.0,-1.0151044502706574,-0.2328144926719564,-0.13669064502354814,-1.1483942221634043,-0.605119169062418,0.8603192373971542,0.15648357877172567,0.0009502643813843892,0.0005813492063492063,-0.001932283929856031,-0.012352137812158413,-0.02604838513784953,3372.0,0.0,0.018396825396825398,-0.05915740655100572,,0.0,4.754789272030651,0.08045977011494253,0.0,-0.4407348726075202,43.42723458828719,49.03782484391076,46.18168584261511,43.42723458828719,40.0549273296899,,40.05609351055559
2025-02-18,KCEL,3427.0,80200.0,-0.16105002858240247,2.154506234697109,0.6342800136095679,-0.3002089760425633,-1.8182973940530367,0.8237851469823742,0.0331541978718134,0.0009441884670329557,0.0005996031746031746,-0.0021198607232018963,-0.019250033001236677,-0.04935766335033187,3321.04,0.0,0.018438492063492063,-0.06780302488177455,,0.0,4.754789272030651,0.08045977011494253,0.0,-0.9305048796009675,36.39402203455976,48.905500969487754,43.6758296125042,36.39402203455976,38.195904730576345,,51.754163364731156
2025-02-19,KCEL,3424.99,770.0,-0.20135965617231838,-2.639015992892359,-0.12763636131571046,-0.34844485532808117,-1.3526233523988185,0.841774008134051,-0.020168508578538934,0.0008422999179975513,0.0005916666666666667,-0.00827082404875049,-0.02176724921963617,-0.05179361182122776,3311.01,0.0,0.01851468253968254,-0.0730550780231683,,0.0,4.754789272030651,0.08045977011494253,0.0,-0.981688553704933,35.68613196213428,44.5856744882815,42.768679817777176,35.68613196213428,37.08285514443646,,40.756002197266184
2025-02-20,KCEL,3429.95,66670.0,-0.10777262935125989,1.969738954533496,0.08640776615137738,-0.20291872474963105,-0.7393131430227573,0.8317514536883832,-0.07166355217030258,0.0008531501159390504,0.000588095238095238,-0.0070956861095434025,-0.022948383069122388,-0.038119526731959855,3362.95,0.0,0.018585714285714285,-0.06867575340077373,,0.0,4.754789272030651,0.08045977011494253,0.0,-0.6943713451345987,39.73251644975892,45.406687763230586,42.34465680818712,39.73251644975892,38.01005420858498,,46.64368487132268
2025-02-21,KCEL,3433.5,400.0,0.012186504277185822,-2.9357663899985513,0.9171531577105161,-0.09034382360632698,0.7907635525882695,0.829563837308189,0.12824656987956498,0.0007533353041571241,0.0005857142857142858,-0.008414675258482598,-0.022571490461628076,-0.028384847822921153,3400.01,0.0,0.01863095238095238,-0.07405083369739332,,0.0,4.754789272030651,0.08045977011494253,0.0,-0.4898281707858678,42.70501096180292,44.48536594451135,42.47984062765545,42.70501096180292,36.87332595066268,,46.54666676297538
2025-02-24,KCEL,3401.5,410.0,-0.9955469988995306,-2.9357663899985513,-0.9124797111027703,-1.0210569960116922,0.11138065358868854,0.800222863002938,0.2747027862264404,0.0007876319131969933,0.0005972222222222222,0.0009624880713224085,-0.017435384599231434,-0.03292349477004776,3353.0,0.0,0.018665079365079367,-0.06227504648976058,,0.0,4.754789272030651,0.08045977011494253,0.0,-0.5851933351110594,41.31118199169993,51.08048650748245,44.3324603755918,41.31118199169993,39.38094384575901,,40.78976072710877
2025-02-25,KCEL,3429.97,610.0,-0.16649738384127963,-2.7242802715049916,0.9307770298345094,-0.2343949271895239,0.10300176574455921,0.8203854392887504,0.11954497301059597,0.0010283767284202888,0.0006238095238095239,-0.007032048904726815,-0.021659907974575683,-0.032622660130397704,3382.1,0.0,0.01866626984126984,-0.08441805794983347,,0.0,4.754789272030651,0.08045977011494253,0.0,-0.5788722563448204,41.40316509447278,45.451223554402596,42.807268649081806,41.40316509447278,34.72239145984537,,47.10742571529047
2025-02-26,KCEL,3407.0,290.0,-0.8351323757257951,-2.9357663899985513,-0.999999956521741,-0.8645789888068156,0.08666472133060932,0.8430939783028433,0.17884437625558428,0.0012282897364212513,0.0006234126984126985,-0.00027703059993197925,-0.031132351810697866,-0.026588352644648504,3380.0,0.0,0.018663492063492063,-0.08088643607232543,,0.0,4.754789272030651,0.08045977011494253,0.0,-0.45208056453201517,43.260065540447414,50.20587896888329,39.44068053623378,43.260065540447414,35.44864561049268,,44.907599763215785
2025-02-27,KCEL,3416.0,250.0,-0.5717065485490742,-2.9357663899985513,0.5422221920987792,-0.6022315758747002,-0.525257008049651,0.8498995545678246,0.004371657214378155,0.0015438715668551527,0.0005984126984126983,-0.0026289942753057235,-0.021751301066874895,-0.030105503512880626,3376.99,0.0,0.018685714285714285,-0.07626684231069475,,0.0,4.754789272030651,0.08045977011494253,0.0,-0.5259822525048581,42.17510311565541,48.54642125083527,42.77441257195088,42.17510311565541,36.408811088602086,,47.390444011683485
2025-02-28,KCEL,3415.0,4790.0,-0.6006384803279122,-0.6634819881622399,-0.07142856887755111,-0.6309326975739287,-0.4067114680971984,0.8499839719476275,0.09553454240385853,0.001575830740248806,0.0005837301587301588,-0.003768556671082293,-0.025596666782867372,-0.030491984475586244,3374.79,0.0,0.018717460317460317,-0.08434325222524347,,0.0,4.754789272030651,0.08045977011494253,0.0,-0.5341029151046035,42.05632201899138,47.743314012702974,41.398108018636904,42.05632201899138,34.73770269030796,,48.712635774479786
2025-03-03,KCEL,3415.0,590.0,-0.5931801548103517,-2.757615439491627,-0.4944059603835105,-0.6292822014405516,-0.5388087956895271,0.8441200175410504,-0.10218180291375492,0.0014709229145133847,0.000576984126984127,-0.010249065165353535,-0.04058335366845617,-0.03896569232378164,3346.0,0.0,0.018760714285714287,-0.08902492098352274,,0.0,4.754789272030651,0.08045977011494253,0.0,-0.7121508114932884,39.47735235402261,43.21044226593831,36.17867811341105,39.47735235402261,33.785644443396166,,45.51658754733127
2025-03-04,KCEL,3416.0,1610.0,-0.6171672360010116,-1.3650997888153404,-0.04344295398119164,-0.5982425034391263,0.3968837277671611,0.6774085178178436,-0.018567052769902958,0.0014409239715550055,0.0005765873015873015,-0.006518247462919562,-0.043895491803278626,-0.037844769711163156,3351.0,0.0,0.01881666666666667,-0.08203592896174858,,0.0,4.754789272030651,0.08045977011494253,0.0,-0.688598204208895,39.81549132170243,45.811062371034836,35.063310581680895,39.81549132170243,35.21150356019602,,46.37777959576091
2025-03-05,KCEL,3416.0,480.0,-0.6166152531869479,-2.5752745928922076,0.42816295825007333,-0.5956216824629884,-0.40729219205998257,0.6531040501972755,-0.21341104953304316,0.0012543406053544884,0.0005829365079365079,-0.007700110590684361,-0.028766764246682335,-0.041707136351808484,3338.0,0.0,0.0188734126984127,-0.06743890840489207,,0.0,4.754789272030651,0.08045977011494253,0.0,-0.769753498652423,38.654654652374944,44.984064271667556,40.27340742274406,38.654654652374944,38.27354716887829,,46.240418762470945
2025-03-06,KCEL,3416.9,151160.0,-0.6198549768173762,3.8551825650646627,0.6733403227955671,-0.5679078838998092,0.2641620193718719,0.6240417383229389,0.0722215334213197,0.0012503179914753134,0.0005722222222222222,-0.009005740223548084,-0.018238711978787008,-0.04875008164366937,3315.03,0.0,0.018936507936507935,-0.0668596215032005,,0.0,4.754789272030651,0.08045977011494253,0.0,-0.9177384912980543,36.571521895974946,44.07369192563759,44.04151792635407,36.571521895974946,38.39719480203931,,54.939138132798234
2025-03-07,KCEL,3412.0,600.0,-0.5846506924143855,-1.6739427887738993,0.10455622584786925,-0.602855686700506,0.02634660421545476,0.6239926906978195,0.09844515956067729,0.0012499352682727094,0.0005813492063492063,-0.010137569083905545,-0.030637545823331287,-0.04595730847243157,3320.0,0.0,0.01899365079365079,-0.0751585640782299,,0.0,4.754789272030651,0.08045977011494253,0.0,-0.8590572861942527,37.39204485325195,43.287694731691495,39.61437170822022,37.39204485325195,36.640815522502834,,44.154049979364174
2025-03-11,KCEL,3390.01,590.0,-1.2237748831506652,-1.6907492218433389,-0.6915384349408126,-1.2447140456268055,-0.08784773060028783,0.6009819781741189,0.13364211850576135,0.0011630202828345063,0.0006182539682539682,-0.005766936253126255,-0.015685707402745497,-0.02877129792027119,3356.9,0.0,0.01900436507936508,-0.053479590498937135,,0.0,4.754789272030651,0.08045977011494253,0.0,-0.4979481848487824,42.585846069418395,46.338017550934524,44.967464785368335,42.585846069418395,41.29193299463986,,30.225445371725538
2025-03-12,KCEL,3403.88,710.0,-0.6624146103810127,-0.5164317041247543,0.7701346870124895,-0.8403047933866435,-0.7317715959004323,0.6087036459998664,0.09421562359430095,0.0013235769810264573,0.0006154761904761904,-0.0045646104417536165,-0.020373063144001342,-0.04701937042993512,3308.55,0.0,0.01901309523809524,-0.05760306378659203,,0.0,4.754789272030651,0.08045977011494253,0.0,-0.8813731248749819,37.07912422831813,47.18296131877977,43.27055370489078,37.07912422831813,40.392379546057,,47.42679651667878
2025-03-13,KCEL,3400.0,64750.0,-0.7248943246603206,4.136419419116901,0.384615378698225,-0.9531183065699256,-0.3548009367681515,0.610060361578044,0.25693115179303716,0.0014045144374291952,0.000628968253968254,-0.0018161531279178341,-0.020116853408029944,-0.045138468720821695,3311.14,0.0,0.0190031746031746,-0.062234243697478965,,0.0,4.754789272030651,0.08045977011494253,0.0,-0.8418519850598007,37.63402738870511,49.11975484819657,43.362936704725946,37.63402738870511,39.38973930974857,,55.19392426706983
2025-03-14,KCEL,3396.6,330.0,-0.6416958365995807,-0.807521608053174,-0.11460566798652135,-1.0156240769619467,-0.4683840749414525,0.59488403585018,0.24822163588266752,0.0014024531453575508,0.0006206349206349206,-0.0039107094489447165,-0.019765174628409907,-0.03801822536822534,3332.0,0.0,0.01899920634920635,-0.06257618143353431,,0.0,4.754789272030651,0.08045977011494253,0.0,-0.6922428206400852,39.76310197374971,47.64320505159919,43.489818545818515,39.76310197374971,39.31605240876625,,45.23426216176566
2025-03-17,KCEL,3388.0,4910.0,-0.9043616519584549,2.006762008998853,0.14666666471111114,-1.2662676807257827,-0.5941057683865547,0.5101251603150092,0.09063243772624982,0.0014283141145867786,0.0006202380952380952,-0.0010866620752984389,-0.02574074183392365,-0.038184963269054184,3323.0,0.0,0.018999603174603176,-0.06035750688705234,,0.0,4.754789272030651,0.08045977011494253,0.0,-0.6957462848876947,39.71276371464364,49.63449947851899,41.346787895783486,39.71276371464364,39.795024160828355,,50.74359740335585
2025-03-18,KCEL,3381.0,420.0,-1.070114693205054,-0.45196833043822077,0.6666666481481487,-1.4671491703326471,-0.7033997655334079,0.4771010514478895,0.09905452549889819,0.0014326134974614187,0.0006238095238095239,0.0024490042393769105,-0.02222589224095435,-0.03467781967859608,3328.0,0.0,0.019001984126984128,-0.05474334516415264,,0.0,4.754789272030651,0.08045977011494253,0.0,-0.6220548678833772,40.77600655343584,52.12845762847158,42.60389877243893,40.77600655343584,41.01559135980977,,46.835335795305895
2025-03-19,KCEL,3399.0,17480.0,-0.5539537872627377,3.3635538305869876,0.4065689291785384,-0.9427260206871728,-0.2657809268999278,0.433755773984681,0.3706955421166905,0.0014879821582258236,0.0006373015873015873,-0.007019098754535648,-0.03130161356981745,-0.03754338846159233,3335.94,0.0,0.018990873015873013,-0.05849470012188458,,0.0,4.754789272030651,0.08045977011494253,0.0,-0.6822656401816247,39.90657387676174,45.4602874668761,39.381325714060615,39.90657387676174,40.19868944116964,,54.48923128737332
2025-03-20,KCEL,3404.5,300.0,-0.2959233775928455,-0.7014192805482554,0.8154603072491222,-0.7731393589183134,-0.14336580608012017,0.40452228201783075,0.2979823905499002,0.0014909098462391832,0.0006376984126984128,-0.00454598634626906,-0.03963270140826678,-0.030347863530294814,3365.8,0.0,0.018980555555555553,-0.060356696435856366,,0.0,4.754789272030651,0.08045977011494253,0.0,-0.5310746739149862,42.10060548737076,47.196063510267436,36.50164491494261,42.10060548737076,39.795199486271095,,46.287829101199314
2025-03-26,KCEL,3394.0,790.0,-0.602414460383054,0.2834649574451253,0.0,-1.0415912412590598,0.13235294117646124,0.406990255921352,0.38415137626007967,0.0015590048300704541,0.0006261904761904761,-0.017670972350833872,-0.03516826145111354,-0.033408502165352426,3345.01,0.0,0.01897420634920635,-0.06052253837303929,,0.0,4.754789272030651,0.08045977011494253,0.0,-0.5953842158935898,41.16301415765107,38.15942409180211,38.03425431349746,41.16301415765107,39.75932825185875,,47.93775460778485
2025-03-27,KCEL,3395.0,102650.0,-0.452366819457799,4.136419419116901,0.18845500528938688,-1.0119903923463256,-0.07654713537066371,0.40940129022040433,0.4070725098573839,0.0016162013182254823,0.0006277777777777778,-0.005889952544591778,-0.024588655702830933,-0.04161365570283099,3318.1,0.0,0.01896269841269841,-0.05729594174439541,,0.0,4.754789272030651,0.08045977011494253,0.0,-0.767789301490842,38.682604391879885,46.251677118556046,41.75768246829563,38.682604391879885,40.459165364124196,,55.280426002956084
2025-03-28,KCEL,3400.0,420.0,-0.1739448475541364,-0.36496087074677275,-0.1641515194286531,-0.8026613241440996,0.20661157024792765,0.40825558830853903,0.41543017797303905,0.0015785633625982857,0.0006416666666666667,-0.011452357609710551,-0.040245868347338884,-0.04394659197012145,3314.99,0.0,0.018943650793650794,-0.05459451447245565,,0.0,4.754789272030651,0.08045977011494253,0.0,-0.81680850326665,37.98735200148494,42.37889037526261,36.29319144552543,37.98735200148494,41.048106652948945,,47.23759192851373
2025-03-31,KCEL,3386.0,3950.0,-0.5849376730917073,1.8762176439922427,0.18518518175583,-1.2109120284653534,0.5619639160011847,0.35404243563493176,0.2492665444576787,0.0012959902806488073,0.0006611111111111111,-0.022382101135394118,-0.035415428843323146,-0.037758691484075395,3322.17,0.0,0.018907539682539682,-0.04997577302431118,,0.0,1.408905109489051,-0.3899895724713243,0.0,-0.686789545292113,39.84149846687879,35.07418905397366,37.94874475375265,39.84149846687879,42.06092684745021,,53.81011159768227
2025-04-01,KCEL,3400.0,214770.0,-0.16622483343613462,4.136419419116901,0.03365384574935508,-0.8000260062565193,-0.3824654310091158,0.3050964452782448,0.20498979497313705,0.001111366731039513,0.0006674603174603175,-0.029371148459383687,-0.03325595238095238,-0.041080485527544355,3324.5,0.0,0.018874603174603176,-0.048379645191409845,,0.0,1.408905109489051,-0.3899895724713243,0.0,-0.7565864337701679,38.84215877251077,30.723519150420397,38.69830899179913,38.84215877251077,42.41253935528404,,55.82148397395892
2025-04-02,KCEL,3345.0,3120.0,-1.7197756457972981,1.4254861310789328,-0.9999999897959185,-2.3118178553218196,-0.1321779997062733,0.2875628872838107,0.04862850267318362,0.00077275064096933,0.0006357142857142858,0.0021451864901415926,-0.01981785358388497,-0.02780538116591931,3315.1,0.0,0.018866666666666667,-0.026029372197309417,,0.0,1.408905109489051,-0.3899895724713243,0.0,-0.47765253042218286,42.883852384839,51.91439288217248,43.47080708324161,42.883852384839,47.40103690865344,,30.079558170691314
2025-04-03,KCEL,3385.97,650.0,-0.5065741645540297,-0.613084221588991,0.6897618965504488,-1.1219156304722455,-1.4437242192103739,0.4532847024698271,-0.15137149528600008,0.0006955892794860245,0.0006242063492063491,0.0009187444891059866,-0.030363504992660835,-0.03007582573580583,3348.0,0.0,0.01886190476190476,-0.029419643739049935,,0.0,1.408905109489051,-0.3899895724713243,0.0,-0.5253586688420362,42.18422804917412,51.04962903667574,39.710681085777345,42.18422804917412,46.638471971997866,,43.707641267518724
2025-04-04,KCEL,3372.0,380.0,-0.9136135439440085,-0.6798649377269178,0.3324852864925277,-1.5293650809938466,-0.26597938144330424,0.5421860416224832,-0.05111011703378769,0.0009729497401545923,0.0006285714285714285,-0.008865193752471332,-0.023934426368412115,-0.04554475653843981,3282.0,0.0,0.01885436507936508,-0.00980287098231938,,0.0,1.408905109489051,-0.3899895724713243,0.0,-0.850388825431358,37.513883726946915,44.171510239756714,41.99152942660024,37.513883726946915,51.06140282593225,,45.78729034820177
2025-04-07,KCEL,3321.04,1380.0,-2.4101278874634446,0.6097482221732259,-0.7337834490742301,-3.018914766190831,-0.8235294117647007,0.5483469633280752,0.04821724415044846,0.001133944648799234,0.0006412698412698412,0.015171521141398032,0.0002511184773253943,-0.023369014544688482,3305.99,0.0,0.018837301587301587,0.004209771695154602,,0.0,1.408905109489051,-0.3899895724713243,0.0,-0.3844364603534768,44.258885171981056,60.929267818584975,50.80126711988691,44.258885171981056,54.21466444333605,,45.97568217003449
2025-04-08,KCEL,3311.01,520.0,-2.698138091056786,-0.3662275927599913,-0.9997297162198628,-3.311917660061735,-1.9184878913171888,0.6360519126142976,-0.13557648201556355,0.0012961589441967277,0.0006678571428571428,0.01766947883187989,-0.0029098014762004003,-0.014579068266610127,3325.0,0.0,0.01880436507936508,0.011953092604026237,,0.0,1.408905109489051,-0.3899895724713243,0.0,-0.199743823762908,47.00742368434208,62.59441609927494,49.64085704435477,47.00742368434208,55.944372441996826,,43.99078210326224
2025-04-09,KCEL,3362.95,4990.0,-1.1690027625614021,1.8950857011410236,0.9999999876314164,-1.754653696827229,-2.617352941176465,0.6361649490455021,-0.34225319440940716,0.0013838656894409574,0.0006591269841269841,0.0010463345319691574,-0.026472219437441165,-0.028578500811952415,3330.0,0.0,0.018780555555555557,-0.004831028537633543,,0.0,1.408905109489051,-0.3899895724713243,0.0,-0.4938971696166147,42.645285882203126,51.13963091254801,41.08652461186409,42.645285882203126,52.18248752988155,,52.73330253810848
2025-04-10,KCEL,3400.01,277610.0,0.08260892925353576,4.136419419116901,0.11683955452612504,-0.6737577900755218,0.5366218236173337,0.7435958608121558,0.05774680107605985,0.0014305803774217769,0.0006309523809523809,-0.010530720480374012,-0.038133189758825764,-0.03969569009437564,3328.87,0.0,0.01877222222222222,-0.016970769818697613,,0.0,1.408905109489051,-0.3899895724713243,0.0,-0.7274893822525307,39.25767836050985,43.01543914352519,37.01354590661216,39.25767836050985,49.443548199861944,,55.51514211306299
2025-04-11,KCEL,3353.0,1020.0,-1.3330998427024194,-0.061775301989437995,-0.9130434650283556,-1.945228436892011,0.4146522266883723,0.7885246246539517,-0.05683766732880491,0.0013961395157282479,0.0006313492063492063,-0.005189666799217947,-0.022315782715312968,-0.0318757514000729,3309.0,0.0,0.0187531746031746,-0.001136169930741955,,0.0,1.408905109489051,-0.3899895724713243,0.0,-0.5631783557984384,41.63179779310781,46.74346582633931,42.57162208799655,41.63179779310781,53.01427010632908,,47.363649879277865
2025-04-14,KCEL,3382.1,266930.0,-0.47506428126857037,4.136419419116901,0.20900900712604334,-1.0931420573308466,-0.5634638196915787,0.8354362449760553,-0.30594341763298155,0.0014371627799906795,0.000625,-0.012304994079474406,-0.03016139438350266,-0.03447153863970112,3328.9,0.0,0.018741666666666667,-0.010182471477991274,,0.0,1.408905109489051,-0.3899895724713243,0.0,-0.6177205309321756,40.83882399513701,41.79223731622578,39.78176234736122,40.83882399513701,50.975749743403256,,54.929914719904275
2025-04-15,KCEL,3380.0,620.0,-0.406185872331195,-1.2889095033726137,-0.016949152255099114,-1.0105428271418417,1.8385806855683695,0.8548226512237855,-0.11738492639292689,0.0013529961900794188,0.0006206349206349206,-0.015554606931530008,-0.0323388818446511,-0.03826548088663473,3313.98,0.0,0.018732936507936507,-0.01006259744528978,,0.0,1.408905109489051,-0.3899895724713243,0.0,-0.6974381053621872,39.68846319124443,39.57888075537735,39.01827814039826,39.68846319124443,51.002798771347756,,49.068126472045634
2025-04-16,KCEL,3376.99,22230.0,-0.4815354643457794,2.9190855684672132,-0.08311384133576877,-1.0980723621941018,2.0836542323943386,0.85462861071682,0.07917118640002588,0.0013675520586389157,0.0006206349206349206,-0.021490954139116062,-0.02172107585053782,-0.034652805664920745,3323.21,0.0,0.018727380952380954,-0.023019165710499053,,0.0,1.408905109489051,-0.3899895724713243,0.0,-0.6215292783073713,40.78362230909391,35.649189576274324,42.78527791952099,40.78362230909391,48.07914362612635,,54.71761146953667
2025-04-17,KCEL,3374.79,12270.0,-0.5348255090416347,1.6962102539706954,0.8369766270108818,-1.1499795789332343,0.4174905960540487,0.8545822422733502,-0.13745157939341118,0.0013235373018109036,0.0006154761904761904,-0.019401354098364347,-0.04063710762814306,-0.04828313616057097,3275.0,0.0,0.01871388888888889,-0.010539048091034616,,0.0,1.408905109489051,-0.3899895724713243,0.0,-0.9079271238915684,36.708184694246896,37.01356862690267,36.16045311423116,36.708184694246896,50.895286543435134,,53.0736815004117
2025-04-18,KCEL,3346.0,27010.0,-1.3771681717220814,2.4852579557916994,-0.565642822352748,-1.8872414442341408,-0.7417625242278736,0.8529778970977241,0.006575835103540184,0.0013167136797046855,0.0006202380952380952,8.262104004784498e-05,-0.02510359301321651,-0.042895707976356515,3265.0,0.0,0.018687698412698413,-0.0055480424387328794,,0.0,1.408905109489051,-0.3899895724713243,0.0,-0.7947275337795755,38.299941263901815,50.45968677212558,41.573883660256264,38.299941263901815,52.020919369971054,,53.36668140569085
2025-04-21,KCEL,3351.0,2790.0,-1.1916216576333207,-0.23666808120754992,-0.7503125424127137,-1.7130680155194127,-0.20876826722338038,0.8726020546014424,0.07605596363866171,0.0012486838514476773,0.0006325396825396825,-0.015834527006863566,-0.020907290645294226,-0.03703455649344187,3289.4,0.0,0.018651984126984125,-0.00946173885549445,,0.0,1.408905109489051,-0.3899895724713243,0.0,-0.6715741621217813,40.06050988019091,39.39006872316113,43.0780754122822,40.06050988019091,51.13837060089287,,47.81051827107705
2025-04-22,KCEL,3338.0,5390.0,-1.5674016420186374,0.601039515124616,-0.41605838982212373,-2.0919587175414955,-0.9195470269950601,0.8633395251694854,-0.11580834626908969,0.0012521952070176513,0.0006396825396825397,-0.011192766317631544,-0.015540692316471224,-0.04170661145824421,3260.89,0.0,0.018605952380952383,-0.00543947378432099,,0.0,1.408905109489051,-0.3899895724713243,0.0,-0.7697424696912385,38.65481156923093,42.557936562292575,45.0201711984995,38.65481156923093,52.04538646197548,,48.61388011414517
2025-04-23,KCEL,3315.03,302560.0,-2.2359320388777593,4.136419419116901,-0.2937636163353316,-2.64687197913258,-1.2426035502958621,0.864403924698082,-0.19563019378249463,0.001183761415280312,0.0006353174603174604,0.0019917280752899287,-0.008956424695862216,-0.039701107089744135,3245.02,0.0,0.018582142857142856,-0.003988733237780144,,0.0,1.408905109489051,-0.3899895724713243,0.0,-0.7276032031025513,39.25604986753875,51.80624151385437,47.42320779523885,39.25604986753875,52.372227380504974,,55.32052656517903
2025-04-24,KCEL,3320.0,260.0,-1.5570636917513012,-2.844235454713947,-0.6213145625827796,-2.0967916550984937,-1.834770017086207,0.8734601729315514,-0.23776014878240717,0.001126591321769784,0.0006384920634920634,-0.002205909351692484,-0.01641841174220692,-0.033625879709313376,3270.01,0.0,0.018568650793650793,-0.005819454006502196,,0.0,1.408905109489051,-0.3899895724713243,0.0,-0.5999517104447064,41.09665796832033,48.84480398179261,44.70133507531707,41.09665796832033,51.95974969341148,,41.07514177377622
2025-04-25,KCEL,3356.9,2470.0,-0.4032356131982955,-0.35848814229859505,0.5593517220126851,-0.9980419371091868,-1.6235084257094523,0.8749157248414935,-0.5294183867011395,0.001213390585527392,0.000628968253968254,-0.011715879458419478,-0.02143071146517928,-0.029552009518892003,3319.99,0.0,0.018556746031746032,-0.01746291919699152,,0.0,1.408905109489051,-0.3899895724713243,0.0,-0.5143523446700685,42.34537148516414,42.197337653582586,42.88969329093453,42.34537148516414,49.33247013728403,,48.28838696008042
2025-04-28,KCEL,3308.55,420.0,-1.8365815792520808,-2.13009314094568,-0.8099999909999961,-2.422304881126527,0.3257621040047898,0.9153504557205924,-0.30441947782805284,0.0012288464228539574,0.0006242063492063491,0.0051698208681546926,-0.011436178612987614,-0.014182924669920919,3323.0,0.0,0.018550396825396828,-0.009937078805922091,,0.0,1.408905109489051,-0.3899895724713243,0.0,-0.19142013178273404,47.13185014407556,54.04109291621516,46.51617229688999,47.13185014407556,51.0311208494319,,39.137489649676006
2025-04-29,KCEL,3311.14,200.0,-1.757516541985698,-2.692669171118986,-0.9108147340943009,-2.345183771033941,-1.2667860340196957,0.9637794155671623,-0.3163569675455093,0.0017317051229286966,0.000619047619047619,0.013390846170469749,-0.009428142489360782,-0.024920597991426825,3290.05,0.0,0.018551190476190475,-0.004880581025131926,,0.0,1.408905109489051,-0.3899895724713243,1.0,-0.4170380290778576,43.77686569063483,59.726267204441385,47.25051509172101,43.77686569063483,52.17132306156873,,50.0
2025-04-30,KCEL,3332.0,51920.0,-0.9377435053576716,2.98270339046682,-0.4168142471422655,-1.7276659962999923,-0.8046734571599767,0.957066405604437,-0.4153082363999447,0.0017905270522686565,0.0006166666666666666,0.0007843237294918618,-0.030165572895824996,-0.015450106709350432,3342.35,0.0,0.018556349206349205,-0.024529555155395486,,0.0,1.408905109489051,-0.3899895724713243,1.0,-0.21804591361329334,46.73396837569462,50.9548014303275,39.780292348514536,46.73396837569462,47.738795297563215,,53.25929767590618
2025-05-02,KCEL,3323.0,580.0,-1.1580255243413193,-1.5116450646008803,-0.6314423199317021,-1.9478157646450938,0.5119109027670987,0.9033951864734217,-0.4399183625613315,0.0017148476302106307,0.0006206349206349206,-0.0045904441865019935,-0.03048625059111818,-0.012836640132028333,3342.0,0.0,0.018554365079365077,-0.020573649145684953,,0.0,1.408905109489051,-0.3899895724713243,1.0,-0.16313226368453942,47.5549677589932,47.164787727631285,39.66753325650142,47.5549677589932,48.630576134751784,,47.66398774035683
2025-05-05,KCEL,3328.0,50500.0,-1.008155421684902,2.9549718014505717,-0.47312958518811504,-1.799262690518252,0.0903614457831381,0.8559627865908472,-0.44194391403111605,0.001506665123609956,0.0006261904761904761,-0.007021556394993961,-0.024601335470085445,-0.0202267399267399,3322.4,0.0,0.01854404761904762,-0.02392585088522586,,0.0,1.408905109489051,-0.3899895724713243,1.0,-0.3184115990266312,45.23830029489495,45.45856732174666,41.753153851003205,45.23830029489495,47.87480947260073,,53.391296603934194
2025-05-06,KCEL,3335.94,440.0,-0.7228767983901472,-2.1792857417963503,0.9924999379687607,-1.5233337403108314,-0.8609133426673465,0.8540634781900724,-0.6484401754712761,0.001346117861236921,0.0006261904761904761,-0.007238883193342801,-0.03546764512294248,-0.023941501281711977,3317.9,0.0,0.01853373015873016,-0.037692078715872775,,0.0,1.408905109489051,-0.3899895724713243,1.0,-0.39646544000010964,44.08090387779005,45.30649985583175,37.930689660789646,44.08090387779005,44.78505950968966,,48.24614794481678
2025-05-08,KCEL,3365.8,520.0,0.16449777773084945,-2.0122497696639345,0.7535027130491097,-0.6414523150666313,0.8278551026884795,0.7846077205637885,-0.28794018967752466,0.0012625125241524377,0.0006273809523809525,-0.015388739439761538,-0.04883885019434523,-0.03302060726146387,3317.0,0.0,0.018521825396825398,-0.025173887502393473,,0.0,1.408905109489051,-0.3899895724713243,1.0,-0.587233843837518,41.28150181789179,39.6909090728624,33.42883417264345,41.28150181789179,47.593664679363286,,48.457397771061146
2025-05-12,KCEL,3345.01,463920.0,-0.4550209089668658,4.136419419116901,-0.37297800101270556,-1.2378252724298968,1.6507909662533349,0.8037516925603098,0.04492329975115743,0.001430517083048712,0.0006198412698412699,-0.012067867780593246,-0.03538098144343223,-0.023273798863533514,3329.1,0.0,0.018517460317460318,-0.025424638098692744,,0.0,1.408905109489051,-0.3899895724713243,1.0,-0.3824358070342255,44.28850135524336,41.955165566575644,37.96065763660907,44.28850135524336,47.5371959963039,,55.64575178900667
2025-05-13,KCEL,3318.1,11120.0,-1.1154560061463445,1.0001888060201778,-0.9952380715419551,-1.7916881954902049,0.39045618247299796,0.7372925311370763,0.05369054897706941,0.0013839759095763944,0.0006162698412698412,0.005881816018251055,-0.012390714374214006,-0.013725164513732496,3334.0,0.0,0.018517063492063494,-0.017222242385798305,,0.0,1.408905109489051,-0.3899895724713243,1.0,-0.1818017646735515,47.27567431704618,54.53987027058393,46.16760593007633,47.27567431704618,49.386790112744016,,50.25380130155084
2025-05-14,KCEL,3314.99,73230.0,-0.899941802189093,2.8850460851075894,-0.14914893458352663,-1.8749356890678475,-0.1474571170628991,0.7066352982982843,-0.019068601344981184,0.001394293787056814,0.0006226190476190475,-0.01307954233815346,-0.010539258673815274,-0.01308305660214822,3332.98,0.0,0.018509920634920636,-0.02257598865724738,,0.0,1.408905109489051,-0.3899895724713243,1.0,-0.16830991848765076,47.47749460169467,41.26131360048212,46.84401019169608,47.47749460169467,48.17904356744423,,54.03979347766543
2025-05-15,KCEL,3322.17,340.0,-0.6345617924095744,-2.9357663899985513,0.4092026622900893,-1.528799221577116,-0.39092548076923306,0.6411072485602641,0.0457275287759365,0.0011923495949248152,0.000625,-0.007997294797419502,-0.02261877622801616,-0.018521070565323317,3322.1,0.0,0.0185,-0.023275571023070638,,0.0,1.408905109489051,-0.3899895724713243,1.0,-0.2825724071196869,45.77153796513706,44.77652955899877,42.462873955591824,45.77153796513706,48.02135229790218,,47.93167289887159
2025-05-16,KCEL,3324.5,510.0,-0.26502169896694294,-2.081801243455753,0.920529725121708,-1.4416718001520832,-0.41277720822316954,0.6074170663304855,-0.0709319263597978,0.0012877452686718052,0.0006345238095238095,-0.0029769823962070914,-0.007568469957291612,-0.01562599095937574,3333.99,0.0,0.018480555555555552,-0.022491002167649,,0.0,1.408905109489051,-0.3899895724713243,1.0,-0.2217415591660931,46.678774240085104,48.30107760652533,47.93167085107037,46.678774240085104,48.198202712703974,,48.654473846477075
2025-05-19,KCEL,3315.1,40500.0,-0.5460517833492545,2.2927456985612347,0.6704870900074681,-1.6796814332980199,-1.2270485471507553,0.6084280563705593,-0.03752652394527811,0.0012936132295572212,0.0006277777777777778,0.00135966474711915,-0.004814185738848618,-0.00854515860088012,3348.0,0.0,0.018469444444444445,-0.01987089655415124,,0.0,1.408905109489051,-0.3899895724713243,1.0,-0.07296049086674557,48.90576737708151,51.36062115110689,48.94184246380583,48.90576737708151,48.78910539802139,,53.36423878738122
2025-05-20,KCEL,3348.0,970.0,0.4901504333539948,-1.4389630113185627,0.9999999852941179,-0.6714851138916298,-0.8941677304402762,0.6101025109095354,0.1711664942587566,0.0012940730780135851,0.0006194444444444444,-0.008851954258405903,-0.02057135603345278,-0.0179581071855266,3349.7,0.0,0.01846587301587302,-0.03256788701143546,,0.0,1.408905109489051,-0.3899895724713243,1.0,-0.2707435303974364,45.947754265977366,44.18072708001935,43.19908618605833,45.947754265977366,45.931742126566945,,49.49752718934682
2025-05-21,KCEL,3282.0,530.0,-1.476183035280256,-1.6017841095377339,-0.9999999852897914,-2.6043432269557565,0.9011181097616117,0.65649819488356,0.5702141056259713,0.0014460824812730882,0.000621031746031746,0.005097325962682453,-0.0019813891065261907,0.00798697077856133,3368.8,0.0,0.018460317460317458,-0.008971507646324834,,0.0,1.408905109489051,-0.3899895724713243,1.0,0.2744093868264052,54.10686751454009,53.99026056966297,49.98170369281572,54.10686751454009,51.24896924133338,,50.46697479661696
2025-05-22,KCEL,3305.99,270.0,-0.743423735414314,-1.851500080843213,-0.07731760382976109,-1.8891091321160407,-0.995176456037572,0.767776231745055,0.40004389548471825,0.0020080116737034534,0.0006242063492063491,0.003811194729173023,-0.009580792507606496,0.006656984744670122,3389.0,0.0,0.018451984126984126,-0.01356201272370582,,0.0,1.408905109489051,-0.3899895724713243,1.0,0.24646397971503187,53.690237297591246,53.08716142103589,47.194644836936725,53.690237297591246,50.21299564561279,,49.633375641164115
2025-05-23,KCEL,3325.0,980.0,-0.17080060358066376,0.23467595763383955,0.11790649462198466,-1.2653295622328147,-0.4870310670435418,0.7882081239609829,0.30273984226074824,0.0022771242081069355,0.0006349206349206349,-0.0064099206349206295,-0.011658583959899776,0.009838137009189642,3419.0,0.0,0.018432539682539682,-0.029611403508771943,,0.0,1.408905109489051,-0.3899895724713243,1.0,0.31330573056798644,54.68579528113485,45.88698572969358,46.43492520108653,54.68579528113485,46.59538348170076,,51.575748805670706
2025-05-26,KCEL,3330.0,850.0,-0.019334247360111242,0.09236761513258589,0.6406249871669727,-1.1157442470509762,0.015039855617393627,0.7967835826409305,0.14221519616080353,0.0022771242081069355,0.0006353174603174604,-0.005114435864435853,-0.011671021021021022,0.023928850278850278,3471.0,0.0,0.018413492063492062,-0.031695452595452624,,0.0,1.408905109489051,-0.3899895724713243,1.0,0.6093770491954627,59.040170003807,46.7963375209246,46.430382361770555,59.040170003807,46.1274379849402,,51.47163325655305
2025-05-27,KCEL,3328.87,740.0,-0.25519561957161585,0.034365988580130014,0.5598086002651463,-1.0934375978690898,0.44945853820397286,0.7814959107908434,0.13624277559270445,0.0022771242081069355,0.0006226190476190475,-0.019237430498008228,-0.011630426164443675,0.022485820232338753,3465.0,0.0,0.01840793650793651,-0.03273889913117476,,0.0,1.408905109489051,-0.3899895724713243,1.0,0.5790563833417586,58.59951513695879,37.12151618548796,46.445210513365275,58.59951513695879,45.89339689096956,,51.604421648361075
2025-05-28,KCEL,3309.0,740.0,-0.8504960904139174,-0.07168865174465573,-0.33466843937097596,-1.683089450491755,-0.571385902031063,0.7810358252466506,0.04820449858691014,0.0022771242081069355,0.0006123015873015872,-0.016333576537293674,-0.00890895717307778,0.03326613276921528,3480.0,0.0,0.01841111111111111,-0.0285126908575458,,0.0,1.408905109489051,-0.3899895724713243,1.0,0.8055702075128622,61.853675762184515,39.05423721935012,47.44058881821865,61.853675762184515,46.8423315077519,,50.92904081641089
2025-05-29,KCEL,3328.9,10460.0,-0.25126268096265864,2.648619646521269,0.9405405151205316,-1.0910662708367709,0.8226691042047429,0.7476597292004844,0.1812708077706732,0.0022771242081069355,0.0006134920634920636,-0.014885622759222146,-0.011340410829736976,0.02637647489017533,3478.0,0.0,0.01841309523809524,-0.03607072934383685,,0.0,1.408905109489051,-0.3899895724713243,1.0,0.6608060600845279,59.7842523477751,40.0313757948983,46.55116303181381,59.7842523477751,45.147341623393196,,54.56994605752438
2025-05-30,KCEL,3313.98,2810.0,-0.695159431600264,1.2625656586204248,0.5258387577382966,-1.52877705711843,0.6929845522823719,0.6875610613143375,0.3848424315607318,0.0019784281779999754,0.000611904761904762,-0.019021599492367012,-0.002608604263496725,0.030171435856583318,3475.0,0.0,0.018416666666666668,-0.01376244017767157,,0.0,1.408905109489051,-0.3899895724713243,1.0,0.7405450396494194,60.92895895360761,37.26384218825625,49.75143300244628,60.92895895360761,50.16775305279722,,53.47831007948037
2025-06-02,KCEL,3323.21,1250.0,-0.416064392960416,0.3174435913120676,0.9999999841797187,-1.252444262903153,-0.3314285714285714,0.6957623821505946,0.4664288841839942,0.0019433879153496444,0.0006150793650793651,-0.026526471793646846,-0.004903791439602137,0.028761238911144564,3480.0,0.0,0.01841904761904762,-0.016316079827292638,,0.0,1.408905109489051,-0.3899895724713243,1.0,0.7109142565108916,60.504919451560745,32.45864569522139,48.90896025714115,60.504919451560745,49.59131998911735,,52.555435680067056
2025-06-03,KCEL,3275.0,252050.0,-1.871724679781854,4.136419419116901,-0.6546762472180558,-2.6841285548163794,-0.20390390390390145,0.6835187402544468,0.5383038835865432,0.001975090955420328,0.000601984126984127,-0.004544695868169084,0.015752729310553795,0.0440332030776687,3479.6,0.0,0.018440079365079364,-0.007695438022537259,,0.0,1.408905109489051,-0.3899895724713243,1.0,1.0318057885634253,65.00100701596271,47.19697138566481,56.45627610698012,65.00100701596271,51.53679695231354,,50.0
2025-06-04,KCEL,3265.0,1050.0,-1.6633453559903195,0.07410462897128317,-0.9230621095775702,-2.7114232399941476,-1.6182668593246352,0.7543815272977599,0.2954069140899029,0.0019058969231491247,0.000594047619047619,0.013798218843433172,0.02506824302972848,0.046723170227764385,3477.85,0.0,0.018468253968253967,-0.00089604268455723,,0.0,1.408905109489051,-0.3899895724713243,1.0,1.0883268536047697,65.76853117341514,60.002574253304545,59.78471764536195,65.76853117341514,53.068274394405734,,51.207687378513235
2025-06-05,KCEL,3289.4,4110.0,-0.9128809467230878,1.4387070688377572,0.7849586307951902,-1.9828216545938506,-1.3297068600785722,0.7542554604307046,0.17772818004858407,0.0019499827139737602,0.0005968253968253967,0.007149549442605899,0.026470314289960703,0.0245549039434991,3431.0,0.0,0.018492460317460317,-0.008353664826219093,,0.0,1.408905109489051,-0.3899895724713243,1.0,0.6225315666763656,59.23090039511219,55.425647474896536,60.27874155620784,59.23090039511219,51.38834015580679,,52.99641883783249
2025-06-09,KCEL,3260.89,16730.0,-1.7671971208210457,2.802274787521171,-0.36439999271200524,-2.828015577292065,-1.1865781489380889,0.7743305934439233,0.1466118031835158,0.0018963503203461459,0.0005936507936507937,0.0058510741200414286,0.05148174224954756,0.045883218632200344,3470.9,0.0,0.018519444444444443,0.002152491670523164,,0.0,1.408905109489051,-0.3899895724713243,1.0,1.070677954523319,65.52973120435284,54.51835258174068,68.66267697488351,65.52973120435284,53.75321850476279,,54.118671226342805
2025-06-10,KCEL,3245.02,630.0,-2.211735180950467,-0.6017657098882344,-0.9991998199800004,-3.2821703490316603,-1.6020012190779753,0.7591414183211689,-0.031435946906544554,0.0016485826358959986,0.0006115079365079366,0.0268920645094955,0.05483288617195404,0.04710162120702065,3457.99,0.0,0.018528174603174605,0.004781768635368305,,0.0,1.408905109489051,-0.3899895724713243,1.0,1.09627879175864,65.87586595647387,68.46457632887602,69.71174653404717,65.87586595647387,54.342837866561176,,49.24551073498488
2025-06-11,KCEL,3270.01,960.0,-0.5749226034123742,-0.05570942206128141,-0.03980796079599579,-2.4201131292761584,-2.352845592063102,0.7554995484284538,-0.4312759077384884,0.0017674126355342239,0.000625,0.018919985099797938,0.051269309952598006,0.03651962925650966,3450.0,0.0,0.01852301587301587,0.0022499612350099507,,0.0,1.408905109489051,-0.3899895724713243,1.0,0.8739320410629895,62.816653254961,63.41720705957291,68.59551217685697,62.816653254961,53.775095981585864,,49.26495190788921
2025-06-12,KCEL,3319.99,920.0,0.9704008948711704,-0.05806254490334535,0.9999999848461891,-0.9272181098929466,-0.1523664122137336,0.7655624038677085,-0.30830225045407633,0.0018791697505120854,0.0006170634920634921,-0.002368141818126439,0.03464748510191064,0.02062674826377616,3449.98,0.0,0.018526984126984128,-0.013724278343351229,,0.0,1.408905109489051,-0.3899895724713243,1.0,0.5399939257768293,58.02978846549771,48.73037784167502,63.11557168918303,58.02978846549771,50.17636736682846,,50.26292524582214
2025-06-13,KCEL,3323.0,4450.0,1.2390790513149585,1.5285175831128712,0.5555555478395063,-0.8367420376967312,1.684226646248077,0.8447687987866296,0.07631016843067548,0.002129179734982516,0.0006178571428571429,-0.004626821241085433,0.03279814878504316,0.013970990427468008,3431.0,0.0,0.018529761904761903,-0.02008193554781734,,0.0,1.408905109489051,-0.3899895724713243,0.0,0.40014444042083536,55.973500619933134,47.1391983762383,62.48111152561434,55.973500619933134,48.741495816312764,,52.51962293267605
2025-06-16,KCEL,3290.05,310.0,0.22024866185513056,-1.1458276059575394,-0.43991762847598653,-1.8179849200630143,1.02146288076852,0.8436238007700501,0.030429551839538705,0.0020363689496278037,0.0006198412698412699,0.005103666460175804,0.04479341504193857,0.024008776028154093,3430.0,0.0,0.01852857142857143,-0.014739275130425711,,0.0,1.408905109489051,-0.3899895724713243,0.0,0.6110564334491768,59.06453506332012,53.9947067647809,66.51155318981863,59.06453506332012,49.94724903115245,,49.46931161910667
2025-06-17,KCEL,3342.35,1210.0,1.8151192488644556,0.21593476828874533,0.9999999808722269,-0.21540920638926367,0.8942343961311217,0.8722056478350415,0.015326024686742457,0.0022771242081069355,0.0006218253968253969,-0.007045625838060428,0.028121461773284222,0.007400087347059631,3429.01,0.0,0.01852777777777778,-0.0394152267699207,,0.0,1.408905109489051,-0.3899895724713243,0.0,0.26207790664367697,53.92308822971611,45.441721275148964,60.85784575537061,53.92308822971611,44.40063775300827,,50.9330990470155
2025-06-18,KCEL,3342.0,560.0,1.9316856762110493,-0.5544892096459888,0.9838523417796503,-0.2255406610652578,2.999365181108282,0.9433214447771775,0.4151659848571879,0.0022771242081069355,0.0006186507936507937,-0.005472347610498418,0.027703280043315924,0.0001743922943204801,3404.5,0.0,0.018526984126984128,-0.04114177638140833,,0.0,1.408905109489051,-0.3899895724713243,0.0,0.11025301167041943,51.65319234639731,46.5448663595147,60.711459385250045,51.65319234639731,44.01612836582578,,51.11877058997073
2025-06-19,KCEL,3322.4,13440.0,1.3371390598688362,2.62868011785373,-0.2543759887616201,-0.8081750581886078,2.2015223195036127,0.9165945359154021,0.6198980453723172,0.0022771242081069355,0.0006158730158730159,0.00010627037635824264,0.019736023585933262,0.012022426893544162,3423.9,0.0,0.018527777777777775,-0.03074433952889289,,0.0,1.408905109489051,-0.3899895724713243,0.0,0.3592016035411419,55.36726465160293,50.476375529271245,57.88848282373712,55.36726465160293,46.340918132084695,,50.0
2025-06-20,KCEL,3317.9,320.0,1.142271487119447,-1.1542892466156647,-0.2484455191012202,-0.9376395530612395,0.07259058009212449,0.8058493603092373,0.36902285065075524,0.001987190262788001,0.0006158730158730159,-0.0018115200162467052,0.03315755314965433,0.00018808669855715013,3380.0,0.0,0.01852857142857143,-0.029987520433894674,,0.0,1.408905109489051,-0.3899895724713243,0.0,0.11054075582095144,51.65750377783282,49.12302359846022,62.604757796116736,51.65750377783282,46.51088468348956,,49.622141138647706
2025-06-23,KCEL,3317.0,670.0,1.1143373695801313,-0.4153581999323344,0.9333110725804905,-0.9530410492571247,-0.15347577490218978,0.7912799242957158,0.20822263726261,0.0016415293242178874,0.0006154761904761904,0.002045114154595548,0.029544561565958846,0.0016700067234209533,3384.0,0.0,0.018528968253968253,-0.042084613654526225,,0.0,1.408905109489051,-0.3899895724713243,0.0,0.14167857031374864,52.12389972918013,51.84386786411882,61.35453240522754,52.12389972918013,43.806454500230416,,50.553556160326785
2025-06-24,KCEL,3329.1,1080.0,1.4850771324723708,0.07197241388967861,-0.2664443690074463,-0.5912316006543913,0.8191364872874196,0.7804704389962306,0.48286837747390543,0.0015593987529165046,0.0006154761904761904,0.002599035453597525,0.02335104210919299,-0.003870351811085736,3377.9,0.0,0.018528968253968253,-0.03987016203435509,,0.0,1.408905109489051,-0.3899895724713243,0.0,0.025265637512661684,50.378977305085115,52.23413870047581,59.17694904699652,50.378977305085115,44.299254849821594,,51.13218149033526
2025-06-25,KCEL,3334.0,650.0,1.6334214226330503,-0.4937482886877257,0.4545454309327049,-0.44416702192418095,-0.3964276631711172,0.7842405893650397,0.2295795074979708,0.0015835646099347889,0.0006158730158730159,0.00163088358518767,0.02181680449624361,-0.016728931356585822,3340.0,0.0,0.018528571428571426,-0.04149877286447472,,0.0,1.408905109489051,-0.3899895724713243,0.0,-0.24491632764801294,46.33285181878038,51.55186781383272,58.63154655974263,46.33285181878038,43.93671178917414,,49.91069885517096
2025-06-26,KCEL,3332.98,380.0,1.6024289153903617,-1.0305322183121353,0.8542856532653131,-0.40943352097798474,-0.2393776181927043,0.7848546053950847,0.12371812532858169,0.0016106363092826877,0.0006154761904761904,0.007668964593580302,0.016433720541044014,0.0051769413557836465,3411.99,0.0,0.018528571428571426,-0.041212698496040645,,0.0,1.408905109489051,-0.3899895724713243,0.0,0.21536559673132566,53.225996321929394,55.787607307245224,56.70196263799675,53.225996321929394,44.00034875158564,,49.53926501991144
2025-06-27,KCEL,3322.1,300.0,1.2708792985152177,-1.2669100084102995,-0.22384700653278777,-0.7341533274438973,0.3184444979532852,0.7718917844966225,0.3454504537339683,0.0015008312860637348,0.0006150793650793651,0.01705889634974629,0.019500487511962965,0.001928368458849191,3390.06,0.0,0.01852857142857143,-0.044276082445460156,,0.0,1.408905109489051,-0.3899895724713243,0.0,0.14710721670142463,52.20517680032195,62.189977602814615,57.80413875616619,52.20517680032195,43.319968501140245,,49.433045006500855
2025-06-30,KCEL,3333.99,940.0,1.6837957663715084,-0.06686189982365084,0.999393725389689,-0.3766327822246538,0.12658609361342332,0.7641513761518216,0.35037015624765483,0.0016559648622256889,0.0006150793650793651,0.022418611819185974,0.015515464789150956,-0.0017288809675921751,3390.0,0.0,0.01852857142857143,-0.04786055214265639,,0.0,4.566964285714286,-0.5089285714285714,0.0,0.07026180515171142,51.05377101668465,65.67674287533346,56.37060116132098,51.05377101668465,42.527058393211945,,52.76535120984935
2025-07-01,KCEL,3348.0,540.0,2.11593652877078,-0.5648807766751893,0.9187257316984826,0.21862260856585375,0.5122098281579612,0.7609331531016816,0.3635866868094945,0.0016890015168808587,0.0006166666666666666,0.033659383000512036,0.003889635603345279,-0.01223964840416448,3369.05,0.0,0.018526984126984128,-0.05348453661034307,,0.0,4.566964285714286,-0.5089285714285714,0.0,-0.150588389950417,47.742709589816485,72.43700103718436,52.13586271833578,47.742709589816485,41.29085036031167,,52.24081595588508
2025-07-02,KCEL,3349.7,640.0,2.1696768822357986,-0.3737090698016535,-0.22424622763432805,0.2696566021022474,0.5677210056772131,0.7639944620344781,0.6006207069506803,0.0017716933123979326,0.0006158730158730159,0.031340834194580856,0.009164332662342269,-0.011274794828819077,3373.99,0.0,0.018526190476190474,-0.05101291873567444,,0.0,4.566964285714286,-0.5089285714285714,0.0,-0.1303150748337133,48.04626912492022,71.11121326830869,54.064700219677896,48.04626912492022,41.832881711897684,,52.28518706480214
2025-07-03,KCEL,3368.8,420.0,2.1624715974133153,-0.6380846018397676,-0.20768306907396122,0.8417619418504657,0.4709058188362203,0.6788321812245989,0.46486237523727364,0.0017826572051255934,0.0006154761904761904,0.029928627781358665,-0.009663469258517994,-0.015527693437067721,3378.9,0.0,0.01852579365079365,-0.05929570211049675,,0.0,4.566964285714286,-0.5089285714285714,0.0,-0.21967615080169095,46.7096199357303,70.28540120763098,47.164387882187754,46.7096199357303,40.02494811296401,,51.96884780149613
2025-07-04,KCEL,3389.0,610.0,2.734538352174034,-0.07878057196756633,0.9599198204424887,1.4464307820273625,1.0747139196754851,0.6785287486079392,0.25246863076941883,0.0019396227886097532,0.0006158730158730159,0.023181672146580675,-0.01446345670165381,-0.02177374594275604,3377.99,0.0,0.018525,-0.06253274974591,,0.0,4.566964285714286,-0.5089285714285714,0.0,-0.3509169876695702,44.75560515853437,66.16067140889295,45.41203974198521,44.75560515853437,39.325409162933276,,52.673062595669876
2025-07-08,KCEL,3419.0,1130.0,3.579713860754459,0.5607210724067947,0.9607842823273168,2.343559839460351,2.0137864603714473,0.672563654446252,0.48922199616447415,0.002057009678895483,0.0006154761904761904,0.013299296299391358,-0.025009154027214837,-0.033151687117276535,3368.99,0.0,0.018524603174603173,-0.06812097278513624,,0.0,4.566964285714286,-0.5089285714285714,0.0,-0.5899880681988579,41.24145036014052,59.66408630193132,41.60757479091182,41.24145036014052,38.128156311267105,,53.62414454828087
2025-07-09,KCEL,3471.0,1770.0,4.314843065766279,1.0094830227673777,0.9971866507640109,3.8984534986395767,2.5497976898551045,0.6465674328592572,0.4815001075519997,0.0021636284704746765,0.0006162698412698412,-0.00048803967568012514,-0.05072858651959776,-0.044740641162832176,3380.0,0.0,0.0185234126984127,-0.08259624782209046,,0.0,4.566964285714286,-0.5089285714285714,0.0,-0.8334929100132653,37.75181683946808,50.05696312377488,32.81411862773134,37.75181683946808,35.09617189462688,,54.17287553198084
2025-07-10,KCEL,3465.0,13720.0,3.8294201410860444,3.034367809117144,0.5527022909420377,3.716937360269093,3.673835125448033,0.6828007221254895,0.49719229136510534,0.0021683782795694152,0.0006170634920634921,0.0011266594516594255,-0.028284415584415648,-0.04031075036075036,3389.5,0.0,0.01852142857142857,-0.07410209235209242,,0.0,4.566964285714286,-0.5089285714285714,0.0,-0.7404129085933173,39.072928336485404,51.196288269616474,40.443909890818794,39.072928336485404,36.86255329878792,,50.0
2025-07-11,KCEL,3480.0,990.0,3.005413678541289,0.4054639954849967,0.9999999736842113,4.440472781429042,3.4420992924739657,0.6840484768612762,0.6525819950803784,0.002047537584402548,0.0006154761904761904,-0.0037114668856048426,-0.03883014504652437,-0.05427965243568693,3355.56,0.0,0.018521031746031747,-0.08328806787082643,,0.0,4.566964285714286,-0.5089285714285714,0.0,-1.0339247541582628,34.97007500689382,47.78352378612877,36.77524917565772,34.97007500689382,34.95401293084749,,54.883482456737525
2025-07-14,KCEL,3478.0,710.0,2.8397711808467863,0.07302489958031,0.8974358744247213,4.378112563183709,3.3008786511517396,0.6207845680567312,0.8941186036320131,0.0018601611540957337,0.0006154761904761904,-0.016612719862719862,-0.03828681827724381,-0.054288714322224985,3353.6,0.0,0.018521031746031747,-0.09181753927179453,,0.0,4.566964285714286,-0.5089285714285714,0.0,-1.03411516075055,34.96747702816918,38.86683905391814,36.96096376667003,34.96747702816918,33.223875650894726,,54.97341282850477
2025-07-15,KCEL,3475.0,680.0,2.5030116573442895,0.02985287315440888,0.0,4.582623424684776,2.6261434051342514,0.6235058673262963,0.8816218144284595,0.0018687323774191653,0.0006154761904761904,-0.004284221194472967,-0.043473732442617284,-0.054790244946899685,3348.97,0.0,0.018522619047619048,-0.08045575254082452,,0.0,4.566964285714286,-0.5089285714285714,0.0,-1.044653224405512,34.82383122872561,47.380257311891405,35.20446495558084,34.82383122872561,35.53768150812678,,54.609708905159806
2025-07-16,KCEL,3480.0,30620.0,2.584625248187861,3.8146930256422467,0.9999999666666678,4.731581921082403,1.6379058204153196,0.5597529704771945,0.6894649579629961,0.0014008779545668637,0.0006174603174603175,-0.00943185550082108,-0.04344478653530384,-0.05789599069512862,3343.0,0.0,0.018528174603174602,-0.0918902846195949,,0.0,4.566964285714286,-0.5089285714285714,0.0,-1.1099105482472855,33.94051189500765,43.77740597789096,35.21416208684279,33.94051189500765,33.20930478199502,,58.44672329615791
2025-07-17,KCEL,3479.6,555470.0,1.4033979921678383,4.136419419116901,0.2444444399176922,4.639458257492883,0.2592912705272177,0.466704217879774,0.6900276211435276,0.00120502172749287,0.000623015873015873,-0.011610693164877528,-0.04191431440760382,-0.0592296501422349,3338.0,0.0,0.01853531746031746,-0.06798905913286873,,0.0,4.566964285714286,-0.5089285714285714,0.0,-1.1379331404005824,33.564560365351106,42.2697804901073,35.72860376369829,33.564560365351106,38.1562589153785,,58.84507874159735
2025-07-18,KCEL,3477.85,740.0,0.10168026420526396,0.06273560610361806,0.11404561596547123,3.240608006233675,0.4213564213564114,0.4667288933559282,0.6283760509386584,0.001202227062094003,0.0006222222222222223,-0.011116349380923367,-0.041680205231931555,-0.04178164487569973,3397.0,0.0,0.01853452380952381,-0.06468009691606127,,0.0,4.566964285714286,-0.5089285714285714,0.0,-0.7713190572224754,38.63238273170818,42.610680538488104,35.80758990462155,38.63238273170818,38.863743631687534,,54.35171458522857
2025-07-21,KCEL,3431.0,950.0,-1.3415855536316155,0.3125383138920521,-0.7728993040707935,1.8390287697590157,-0.061781609195410425,0.43319027548773875,0.4511851793949105,0.0012054309764159396,0.000621031746031746,-0.0031023809523809524,-0.031034559085462675,-0.028154298228569578,3398.0,0.0,0.01853611111111111,-0.04431244592950361,,0.0,4.566964285714286,-0.5089285714285714,0.0,-0.48498390768133975,42.77614316169666,48.21268674569751,39.4749876114074,42.77614316169666,43.31190672441155,,53.59683293484251
2025-07-22,KCEL,3470.9,1240.0,-0.19457924487228928,0.5366774459259849,0.8176967359338251,3.0216152318273504,-1.3513513513513487,0.5546536520059041,0.11711814369580749,0.0013482909324705377,0.0006206349206349206,-0.014884084053493311,-0.03914472839257192,-0.04559000991005949,3377.0,0.0,0.018536507936507938,-0.06053137262097981,,0.0,4.566964285714286,-0.5089285714285714,0.0,-0.8513396804485148,37.50051130210244,40.03241855676483,36.66790007194268,37.50051130210244,39.75741773236333,,54.53112529815302
2025-07-23,KCEL,3457.99,790.0,-0.5704301576687029,-0.06136663490521705,0.14307304425507214,2.633788651619558,-0.11798561151078468,0.594860081874897,0.28065749088257247,0.001477289082814628,0.0006202380952380952,-0.011481781513180047,-0.03275670048735067,-0.03849534077439328,3389.0,0.0,0.018544444444444443,-0.056360051074720585,,0.0,4.566964285714286,-0.5089285714285714,0.0,-0.7022678764863197,39.6191186274269,42.358608549025334,38.8723807017763,39.6191186274269,40.66289830390372,,54.14022340056763
2025-07-24,KCEL,3450.0,760.0,-0.8069124338797232,-0.0065571368441738505,0.22958397180918488,2.0900635905379708,-0.6324712643678176,0.6086410872221065,0.10927210640025335,0.0014946371881700254,0.0006198412698412699,-0.0162876121463078,-0.040319547964113196,-0.03597346445824705,3389.9,0.0,0.018553174603174606,-0.06425460662525877,,0.0,4.566964285714286,-0.5089285714285714,0.0,-0.6492787032594062,40.38214875465553,39.085125796255,36.26817763305249,40.38214875465553,38.9550655524805,,53.88613740387001
2025-07-25,KCEL,3449.98,8370.0,-0.8108494703182528,2.3795102249901303,0.6227322932392754,2.0881898917023447,-0.8506724910909313,0.6159353410329511,0.10630001277855188,0.0015047393761570417,0.000621031746031746,-0.010654305382676685,-0.04087647319924655,-0.034528405181920976,3394.9,0.0,0.018563095238095236,-0.06400964745183245,,0.0,4.566964285714286,-0.5089285714285714,0.0,-0.6189153996246689,40.821503794568514,42.92994353260161,36.07934587093432,40.821503794568514,39.00767573445583,,56.57531694333085
2025-07-28,KCEL,3431.0,630.0,-1.348280518797148,-0.3169962899477172,-0.18688524345068533,1.5146780360746592,-0.8013571603145642,0.6154496770192541,0.2080373482333127,0.0014926716016545863,0.0006206349206349206,-0.017955344015581555,-0.0368449894287843,-0.031405995521690655,3387.0,0.0,0.018581746031746033,-0.05404107437787123,,0.0,4.566964285714286,-0.5089285714285714,0.0,-0.5533079369144561,41.775777846464464,37.97016802725891,37.45565811557544,41.775777846464464,41.169086078672315,,53.565282537393344
2025-07-29,KCEL,3430.0,740.0,-1.3778178739074063,-0.15607325043438694,-0.6300940043828397,1.4839485708758038,0.0,0.6269577305824124,0.3252401603573344,0.0014561613577541203,0.0006186507936507937,-0.016499173955296403,-0.03830530450275348,-0.025934985422740562,3404.89,0.0,0.018614285714285715,-0.05909177194687396,,0.0,4.566964285714286,-0.5089285714285714,0.0,-0.4383521399138826,43.462361251335615,38.94302682770534,36.95463860408903,43.462361251335615,40.069157971494484,,53.75820594145284
2025-07-30,KCEL,3429.01,560.0,-1.4108365065280275,-0.3249108515672911,0.10513968639072453,1.4537238770965886,-1.1783687228096529,0.6266070832787388,0.035682012294001385,0.0014048013988125216,0.000621031746031746,-0.01798771639535187,-0.03949118827300014,-0.025934920195162137,3404.0,0.0,0.01864126984126984,-0.060006691506313395,,0.0,4.566964285714286,-0.5089285714285714,0.0,-0.4383507693647284,43.46238145810446,37.94864650104114,36.549826304747604,43.46238145810446,39.870940704309696,,53.34924051446681
2025-07-31,KCEL,3404.5,250.0,-2.1174719560732047,-1.1313179097675807,-0.9780219541386669,0.6812888331040843,-0.8380591036989515,0.6242265935474617,0.028095340721131866,0.001296101180985516,0.0006178571428571429,-0.02202567202139092,-0.015156538090342613,-0.024087318546648175,3385.99,0.0,0.018650396825396823,-0.05740821024694209,,0.0,4.566964285714286,-0.5089285714285714,0.0,-0.39952932392721136,44.03559463374604,35.30366138525844,45.159847582817285,44.03559463374604,40.43474768837092,,49.80196928399254
2025-08-01,KCEL,3423.9,580.0,-1.562610703375075,-0.28982145322329983,0.6481731982655864,1.2542551067690149,-1.3188405797101455,0.6516587143475565,-0.21342584446843849,0.0017041637316601505,0.0006166666666666666,-0.006557457695832884,-0.020523997071009277,-0.03439809170550427,3370.01,0.0,0.01865873015873016,-0.060552205157304674,,0.0,4.566964285714286,-0.5089285714285714,0.0,-0.6161772782777036,40.86119755651807,45.78358574964488,43.21615245388371,40.86119755651807,39.75291255263986,,53.45572173335875
2025-08-04,KCEL,3380.0,8260.0,-2.8253886587581656,2.3662805143982544,-0.5770656703248772,-0.09649154164897121,-0.7559464112835368,0.6516443122595732,-0.20833766346317625,0.001646137430528064,0.0006166666666666666,-0.00010104959143422253,-0.01385146285338593,-0.030171212548135654,3341.12,0.0,0.018668253968253966,-0.04068298581760121,,0.0,4.566964285714286,-0.5089285714285714,0.0,-0.527362917936152,42.154901665502656,50.33007170653195,45.63492281707444,42.154901665502656,44.11823474767317,,55.736945779466154
2025-08-05,KCEL,3384.0,420.0,-2.676699714872262,-0.7281997734569663,0.5448338519609962,0.021855253439107034,-1.4864470999708557,0.7066788732592044,-0.28637374883801464,0.0015240741766512813,0.0006158730158730159,-0.0013035376561972302,-0.011498649105032083,-0.033150937183383994,3335.0,0.0,0.018671031746031748,-0.043699848024316174,,0.0,4.566964285714286,-0.5089285714285714,0.0,-0.5899723107341931,41.2416794695623,49.48145436431023,46.4933492597133,41.2416794695623,43.44776648329714,,53.11818549204252
2025-08-06,KCEL,3377.9,550.0,-2.853314581487697,-0.34292817055804314,0.6817148203405322,-0.15862394478221184,-1.3411078717201153,0.6756182958832314,-0.051388177569247476,0.0014511443765724422,0.0006154761904761904,-0.005696161464082335,-0.009436782679856039,-0.026935363205842673,3350.0,0.0,0.01867579365079365,-0.053414580722408046,,0.0,4.566964285714286,-0.5089285714285714,0.0,-0.4593718827544669,43.15271491539478,46.387701655327426,47.24735257709617,43.15271491539478,41.30616350412618,,53.973115341693074
2025-08-07,KCEL,3340.0,580.0,-3.941371866109337,-0.2570328512667486,-0.9999999742268049,-1.7567520432005619,-1.4905176712812218,0.5656730241858556,0.06392684922071407,0.001375878757787045,0.0006154761904761904,0.0071008530557931104,0.003432363843741116,-0.01628891740328866,3348.0,0.0,0.018684126984126984,-0.03431374156449005,,0.0,4.566964285714286,-0.5089285714285714,0.0,-0.23567084029233154,46.470815842451614,55.391682760281334,51.968265111468305,46.470815842451614,45.54051178530444,,49.5952649231413
2025-08-08,KCEL,3411.99,870.0,-1.8748764158513964,0.16183682766871374,0.6952835737876536,0.33663938785456593,-1.8945513291232174,0.607354118892016,0.05953124520308646,0.0016636536302517787,0.0006154761904761904,-0.012773549516348352,-0.0203527429531069,-0.049465343538521445,3307.0,0.0,0.018694444444444444,-0.055568394460208115,,0.0,4.566964285714286,-0.5089285714285714,0.0,-0.93276743471065,36.36260261708504,41.47082461271505,43.27787897206006,36.36260261708504,40.835484559036075,,54.150129806273505
2025-08-11,KCEL,3390.06,850.0,-2.502840904992747,0.13858079666600584,-0.2469446397026533,-0.4927438887937562,-0.3478489441864685,0.7928925688316549,0.06895332030749993,0.001963878921869971,0.0006150793650793651,-0.006635805785710261,-0.008690128696977713,-0.03746293882844612,3326.47,0.0,0.018705158730158728,-0.05224356744072231,,0.0,4.566964285714286,-0.5089285714285714,0.0,-0.6805752481828051,39.930898969906146,45.72869092277324,47.520724459361944,39.930898969906146,41.56274251550913,,54.12277304286461
2025-08-12,KCEL,3390.0,32750.0,-2.5011581662990663,3.7765450453039455,0.14529914347286085,-0.49493095916303315,0.2976331360946771,0.8021549619844246,0.1349775264319447,0.0020637677436371577,0.0006150793650793651,-0.00927303694339099,-0.008967825537294563,-0.037604003371260006,3325.98,0.0,0.018719047619047618,-0.05935639837055771,,0.0,4.566964285714286,-0.5089285714285714,0.0,-0.6835392688397591,39.88824938389822,43.887784782857764,47.419033280357844,39.88824938389822,40.01179295150106,,50.0
2025-08-13,KCEL,3369.05,640.0,-2.980728516076957,-0.19138606234616165,-0.006860371128719129,-1.0954585592133825,0.17730496453900457,0.8025916464125586,0.055070584734317626,0.0020455242397963767,0.0006150793650793651,0.00017477755610532377,-0.00808140015448764,-0.03152271770479326,3325.99,0.0,0.018741666666666663,-0.05210112198978428,,0.0,4.566964285714286,-0.5089285714285714,0.0,-0.5557604806574811,41.739989336380404,50.524718754967445,47.74370855688731,41.739989336380404,41.59398505103312,,54.0968948071804
2025-08-14,KCEL,3373.99,1380.0,-2.8251083343182466,0.6097468243889581,0.3663235633897615,-1.0583785843420217,-0.26199709878919064,0.8074387670647866,-0.08264445355953264,0.002188155923547761,0.0006150793650793651,0.0015215344043934872,-0.014299056713597453,-0.03920257327330913,3305.01,0.0,0.018757936507936508,-0.05740747267953719,,0.0,4.566964285714286,-0.5089285714285714,0.0,-0.7171281077977517,39.40602207777606,51.474766722466626,45.47189516777643,39.40602207777606,40.434908089089305,,50.0
2025-08-15,KCEL,3378.9,790.0,-0.6913507549917408,0.05195952995264876,0.15477144838068946,-0.9146998068852428,1.017664670658669,0.8097278630065836,0.19062025396378063,0.0022038988185692334,0.0006150793650793651,-0.009982970296052999,-0.02431170918543516,-0.040662159775863946,3304.92,0.0,0.018767460317460318,-0.057176170252646416,,0.0,4.566964285714286,-0.5089285714285714,0.0,-0.7477966546762645,38.96751310413579,43.39486578121726,41.8566293071242,38.96751310413579,40.48522009911899,,53.55470241835316
2025-08-18,KCEL,3377.99,36350.0,-0.6830461147384683,3.8480825414239095,0.278779923273526,-0.9426557083389698,-0.9698152690951534,0.8121883471475115,0.08251782888238782,0.002221386591160918,0.0006150793650793651,-0.01029606369303767,-0.02586063002291626,-0.04186309098671755,3300.0,0.0,0.018775396825396824,-0.05726679468493921,,0.0,4.566964285714286,-0.5089285714285714,0.0,-0.773030387019956,38.608042484109596,43.17788819123282,41.30409754968959,38.608042484109596,40.46550543452553,,50.0
2025-08-19,KCEL,3368.99,1240.0,-0.6859020055028887,0.47000127377388584,0.1759168429904401,-1.174330735673963,-0.3560408960313399,0.7610518946523961,0.18766274147762368,0.0020148514821709622,0.0006150793650793651,-0.009020211563571141,-0.018775989889721015,-0.03629938129212757,3310.0,0.0,0.01878968253968254,-0.060030155891476374,,0.0,4.566964285714286,-0.5089285714285714,0.0,-0.6561268041981759,40.2832672779349,44.06362268086771,43.8471579757474,40.2832672779349,39.86586148058661,,53.65907018590492
2025-08-20,KCEL,3380.0,41010.0,-0.3232009233027933,3.968702026464911,0.49999998750000035,-0.8522920327573722,-0.6197640117994174,0.7036215735050336,0.19378628138113954,0.0019116389358303997,0.0006150793650793651,-0.014032459847844464,-0.022615471494317647,-0.04217159058889828,3301.0,0.0,0.018798809523809523,-0.06122213769136846,,0.0,4.566964285714286,-0.5089285714285714,0.0,-0.7795125204837292,38.515898803141745,40.610914647515074,42.464059674041366,38.515898803141745,39.60812799827457,,50.0
2025-08-21,KCEL,3389.5,1060.0,0.06471620021357566,0.31315877126471015,0.1920529775887023,-0.5428325329616244,0.3250174381502102,0.7091668855235146,0.29515835310688343,0.0018447403092711927,0.0006150793650793651,-0.018294775063981437,-0.03749860329636108,-0.04230658083905247,3309.85,0.0,0.018807539682539683,-0.04425734083081031,,0.0,4.566964285714286,-0.5089285714285714,0.0,-0.7823489092881951,38.47560531145232,37.74474714887709,37.231070012725155,38.47560531145232,43.32412365127866,,53.589799657326054
2025-08-22,KCEL,3355.56,750.0,-0.9276453413323027,-0.08923034905192075,-0.9996990067765458,-1.5397804760338463,0.4596931229790213,0.713857382039529,0.26030423594667157,0.0018397929850529394,0.0006150793650793651,0.009242509659873693,-0.021838638260081818,-0.029392356949574452,3320.05,0.0,0.018809920634920634,-0.04755081378794762,,0.0,4.566964285714286,-0.5089285714285714,0.0,-0.5109977560260792,42.39451853098581,56.88024888497121,42.74302055582615,42.39451853098581,42.595429221796394,,52.771480608612634
2025-08-25,KCEL,3353.6,810.0,-0.8617267728491812,0.05064331512138311,0.4110945911071189,-1.5982108794509526,-0.6907573470656181,0.7420698919575127,0.029410144915224555,0.0020387219478778394,0.0006154761904761904,0.010125218102508207,-0.02141886208045556,-0.028739945322912797,3320.3,0.0,0.018810317460317458,-0.056970908306070496,,0.0,4.566964285714286,-0.5089285714285714,0.0,-0.49728941018885925,42.59551069663095,57.490335828793604,42.893955694593025,42.59551069663095,40.529884636611314,,53.02037787558759
2025-08-26,KCEL,3348.97,340.0,-0.9864782896612769,-0.8556550803555265,0.6579044554644549,-1.755465493718485,-0.7220270042244015,0.7357468528644816,0.05587307848194312,0.001922214382767581,0.0006170634920634921,0.005251483592846969,-0.020065382672028377,-0.020296548178210305,3343.99,0.0,0.018809523809523807,-0.047028106803366304,,0.0,4.566964285714286,-0.5089285714285714,0.0,-0.31987839638943205,45.21649879656895,54.09834352658617,43.38150138734951,45.21649879656895,42.71087428455913,,52.288886024143935
2025-08-27,KCEL,3343.0,840.0,-1.152507290377917,0.04878977714869317,0.49979051111059214,-1.9373203498532967,-0.59424337857934,0.7355085538842179,0.15227060097674608,0.0019770976022763643,0.000623015873015873,0.010636683023992326,-0.024575949033517022,-0.02373785391412516,3326.51,0.0,0.01880515873015873,-0.047123126504565335,,0.0,4.566964285714286,-0.5089285714285714,0.0,-0.3921864412366996,44.14419893694933,57.842807725510816,41.76222083319364,44.14419893694933,42.689882289091095,,53.347294130548235
2025-08-28,KCEL,3338.0,350.0,-1.2871177262111355,-0.8574395130322892,-0.15789472853185638,-2.085402156063334,-1.0946745562130156,0.7353259472423713,0.15222870569886443,0.0020013229311066478,0.0006301587301587302,0.01242640707771028,-0.023116475030195798,-0.03169166785547846,3295.01,0.0,0.018812698412698413,-0.04771905237429504,,0.0,4.566964285714286,-0.5089285714285714,0.0,-0.5593104282675415,41.6882024831465,59.069683941080044,42.284402401994306,41.6882024831465,42.55828914942309,,52.0694102618628
2025-08-29,KCEL,3397.0,760.0,0.4624361869605938,-0.08206427703914244,0.9333333177777781,-1.5714113714306743,-1.519398141318784,0.7221846138760267,0.08223916447475269,0.0016454279765191432,0.0006214285714285714,-0.0037495417291634275,-0.041762543514118435,-0.038042972791118235,3331.85,0.0,0.018864285714285712,-0.05952838241959525,,0.0,4.566964285714286,-0.5089285714285714,0.0,-0.6927628086625728,39.75562934213912,47.75670639281541,35.77980096540976,39.75562934213912,39.974525369736995,,52.326353106502545
2025-09-02,KCEL,3398.0,1310.0,0.4949200466341209,0.4623960994607265,0.5918367237136051,-1.5479312424482883,1.2349652517016585,0.8229410898278775,0.46884562938561747,0.0018442707413894035,0.0006226190476190475,-0.006385214224987621,-0.03911226935545652,-0.048624855423825344,3297.03,0.0,0.01891031746031746,-0.06723409475228193,,0.0,4.566964285714286,-0.5089285714285714,0.0,-0.9151072623938523,36.60815124465911,45.90430447511699,36.678970365117436,36.60815124465911,38.317246983933785,,53.8591830164653
2025-09-03,KCEL,3377.0,620.0,-0.13388227607064151,-0.28566143048238246,-0.42592182764579717,-2.1775316217441514,1.323950381679384,0.7689144581249154,0.5049940559069148,0.0018246149574161696,0.000621031746031746,0.005080634991139839,-0.03572303925715978,-0.01807632008780217,3380.0,0.0,0.01896468253968254,-0.043467870421290675,,0.0,4.566964285714286,-0.5089285714285714,0.0,-0.27322739684093783,45.91074323221117,53.97855592970136,37.84242893546285,45.91074323221117,43.499239463857556,,52.93930572117198
2025-09-04,KCEL,3389.0,630.0,0.22190720110323706,-0.26966124366476685,0.41843970444142686,-1.9444302003346923,0.8369737561100932,0.781947717371179,0.28822879928486433,0.0019305676706848783,0.0006281746031746032,0.0012280685176598426,-0.03656846403162428,-0.018718816596177176,3390.0,0.0,0.01901388888888889,-0.03465460710890041,,0.0,4.566964285714286,-0.5089285714285714,0.0,-0.286727408146804,45.70966524992124,51.26781296723052,37.55083843284182,45.70966524992124,45.46418952696244,,52.73240243049399
2025-09-05,KCEL,3389.9,410.0,0.24691863935438169,-0.699218624216784,0.41690960748591926,-1.9216805925890958,1.3760095722405108,0.7848847102603063,0.27195863795103126,0.0019652706978648543,0.0006285714285714285,-0.00434985492618839,-0.03380770854316531,-0.011832965621030167,3414.4,0.0,0.01906031746031746,-0.037924620792297595,,0.0,4.566964285714286,-0.5089285714285714,0.0,-0.14204325064047718,47.87063996164469,47.33406655096646,38.50626633383049,47.87063996164469,44.73314363302764,,52.3784953446039
2025-09-08,KCEL,3394.9,339470.0,0.3881778186667274,4.136419419116901,0.5387139019239866,-1.7825299233311247,1.554823247453574,0.7375757291755423,0.3869195051545864,0.0016852314301204366,0.0006309523809523809,-0.010522061804190842,-0.03516143926440545,-0.01819083384647469,3398.0,0.0,0.019103968253968255,-0.038565028553568005,,0.0,4.566964285714286,-0.5089285714285714,0.0,-0.27563353760062254,45.87489465661411,43.02143075391685,38.03661556019429,45.87489465661411,44.59022991903123,,57.54883556714676
2025-09-09,KCEL,3387.0,2290.0,-0.12838699783827176,1.020905783933577,0.033194107865599426,-1.48212910747905,-0.061819252281425374,0.5534094858748019,0.3079956219838281,0.0013222435262610346,0.0006392857142857143,-0.016723291787928668,-0.025862839006284596,-0.0153087951832638,3399.99,0.0,0.019144047619047616,-0.03803878766150688,,0.0,4.566964285714286,-0.5089285714285714,0.0,-0.21507670339199003,46.77831906311217,38.79269901910791,41.30331108702019,46.77831906311217,44.7076596533958,,53.74904069580326
2025-09-10,KCEL,3404.89,730.0,0.3996971415255804,-0.12233519426937686,0.7046212146440639,-0.9719340133830652,-0.3237198351971782,0.5366080594574157,0.19626709881422694,0.001225718897372001,0.0006511904761904762,-0.023671201886483768,-0.03615157927158628,-0.030857403163200268,3365.11,0.0,0.01917420634920635,-0.05156126833363422,,0.0,4.566964285714286,-0.5089285714285714,0.0,-0.5417810212886214,41.9440987173759,34.25006085435248,37.69451237458833,41.9440987173759,41.71245218364293,,52.24161798629857
2025-09-11,KCEL,3404.0,600.0,0.36977885419923995,-0.2876730773183166,0.5238953776422164,-0.9983739733649308,0.8258809594314354,0.5496077020269792,0.4223757072721992,0.0013319634375374618,0.0006480158730158729,-0.018980753268796745,-0.04513964243746846,-0.030328718314587846,3366.13,0.0,0.019203571428571427,-0.048687433551563984,,0.0,4.566964285714286,-0.5089285714285714,0.0,-0.5306723983770989,42.10648911958208,37.290802461102516,34.64844601131141,42.10648911958208,42.344675404076455,,52.66168244948233
2025-09-12,KCEL,3385.99,860.0,-0.16275195618199007,0.0723187790414427,-0.10191534400768645,-1.5246227794046543,0.4426084390675822,0.5287981948856829,0.4434668419123571,0.0011950556621424975,0.000626984126984127,-0.014333650317599485,-0.029156875525420144,-0.02042997235293116,3382.0,0.0,0.019251587301587304,-0.037548473374437286,,0.0,4.566964285714286,-0.5089285714285714,0.0,-0.322681879122378,45.174834811594664,40.40601342614553,40.135680936038234,45.174834811594664,44.817125618247054,,52.37998047556627
2025-09-15,KCEL,3370.01,910.0,-0.6352486843092023,0.128829614082056,0.14342856733062484,-1.9895991573547556,-0.115342635475979,0.5438683675956646,0.3397018516136359,0.001270156679242351,0.000625,-0.02181195643501229,-0.03486683320095654,-0.02111940020619791,3363.9,0.0,0.019306349206349206,-0.02838600235772469,,0.0,4.566964285714286,-0.5089285714285714,0.0,-0.3371680026924812,44.95965816971136,35.44157992584706,38.13863638114681,44.95965816971136,46.870816352361686,,52.50071457358573
2025-09-16,KCEL,3341.12,620.0,-1.4864233483474671,-0.2856552648931642,-0.9502222011061782,-2.868058957951935,-0.7331585613714608,0.5537529719504308,0.2606447846949636,0.0013198444098073065,0.0006261904761904761,-0.007499042921449806,-0.001623501063420579,-0.013711105030078274,3360.0,0.0,0.01936190476190476,-0.021767680906925203,,0.0,4.566964285714286,-0.5089285714285714,0.0,-0.18150634954551184,47.28009240995087,45.12457679222638,50.11309678324925,47.28009240995087,48.36128735360534,,48.41623079861205
2025-09-17,KCEL,3335.0,7510.0,-1.700648315895582,2.258284463088747,-0.08422701428814057,-3.04541267412518,-1.354591083554768,0.5851876609041131,0.06396152290060805,0.001526654802223625,0.0006186507936507937,-0.005829250850765088,0.0031727065038909125,-0.016411990433354777,3345.1,0.0,0.01944047619047619,-0.024959710620879986,,0.0,4.566964285714286,-0.5089285714285714,0.0,-0.2382568267929306,46.432221419015654,46.2942785399964,51.87307646836907,46.432221419015654,47.64190189120426,,55.0001804232806
2025-09-18,KCEL,3350.0,7090.0,-1.2292622681719823,2.2007341387477095,0.20010004752251057,-2.591408275456658,-2.052636061664248,0.5838859256895153,-0.09380812288583283,0.001498423136642026,0.0006202380952380952,-0.010309227671168035,0.00585007107320543,-0.018421369343757443,3353.64,0.0,0.01950793650793651,-0.037119515517649845,,0.0,4.566964285714286,-0.5089285714285714,0.0,-0.2804775045002903,45.80273841881718,43.16877106447656,52.85380308767835,45.80273841881718,44.91293459134902,,54.65262797160394
2025-09-19,KCEL,3348.0,690.0,-1.3027749569724005,-0.12898889344649367,-0.007672634155666179,-2.6365806082261303,-1.5863689776733247,0.5886801989187431,-0.158567188909774,0.0015067126585062921,0.0006238095238095239,-0.015990104966717805,0.0015096859532343406,-0.010599743983614953,3378.0,0.0,0.019560317460317462,-0.034786930363543335,,0.0,4.566964285714286,-0.5089285714285714,0.0,-0.11613103815258148,48.25873887197444,39.285264527620534,51.26313128106107,48.25873887197444,45.43456711579073,,51.9196752835535
2025-09-22,KCEL,3307.0,1020.0,-2.5092718186148626,0.3008338325722908,-0.9109556897213187,-3.829041258171126,-1.1219761428710617,0.5837197971621274,-0.13971864693936994,0.0014805201023304951,0.0006257936507936508,-0.003777381552358851,0.014640966612428596,4.233216217636518e-05,3371.99,0.0,0.019609920634920636,-0.01598979509554049,,0.0,4.566964285714286,-0.5089285714285714,0.0,0.10747818993401996,51.61161438784339,47.73709868629452,56.05449987926537,51.61161438784339,49.66496939596472,,46.89345980876282
2025-09-23,KCEL,3326.47,3500.0,-1.9306255343085734,1.4948163545253887,0.6111111023156084,-3.2604679482510828,-1.8697273895329714,0.6044393847058538,-0.35059549834975867,0.0014631050984017047,0.0006257936507936508,-0.011103019174814216,-0.0019178129852699052,-0.01760669303930114,3333.3,0.0,0.019659920634920634,-0.029620259055060924,,0.0,4.566964285714286,-0.5089285714285714,0.0,-0.2633596849052893,46.057804037986806,42.619882948279326,50.00504472146072,46.057804037986806,46.59339375943665,,54.029541073655494
2025-09-24,KCEL,3325.98,470.0,-1.9296119315382485,-0.5318627726348389,0.9603399224157848,-3.2657612053573044,-0.4384757207164136,0.6222172951904253,-0.038328837665401336,0.0014776379558932335,0.000628968253968254,-0.007950630691305024,-0.0015105128413279417,-0.009508644970805578,3359.9,0.0,0.01970714285714286,-0.03411507029507087,,0.0,4.566964285714286,-0.5089285714285714,0.0,-0.0932050785298583,48.602288068600394,44.80910497620546,50.15457843269952,48.602288068600394,45.58500540619921,,52.826692728739374
2025-09-25,KCEL,3325.99,430.0,-1.9280435973219372,-0.620806584815254,0.9124578685686151,-3.2666046403006717,-0.2704647676161964,0.6217924909495198,0.17058454967538375,0.0014217248245787478,0.0006376984126984128,-0.010646092038379533,0.003220654293074377,-0.009518520783428682,3360.0,0.0,0.019744047619047616,-0.03190542554533345,,0.0,4.566964285714286,-0.5089285714285714,0.0,-0.09341258717827683,48.59917787662225,42.93562419334381,51.890654851175,48.59917787662225,46.08032779109396,,52.899632654061755
2025-09-26,KCEL,3305.01,610.0,-2.5476429886711593,-0.1999197616995605,0.08786428691031166,-3.8768005597142148,-0.7167164179104568,0.6208722359956645,0.3130561138846047,0.0013900891717813643,0.0006313492063492063,-0.0016605566246396563,0.004150545827179218,-0.006211736921478982,3349.88,0.0,0.019788095238095237,-0.022510914263497,,0.0,4.566964285714286,-0.5089285714285714,0.0,-0.02393108970635462,49.641039821646594,49.22953514491428,52.23146930121364,49.641039821646594,48.1937137310413,,52.98546531061592
2025-09-29,KCEL,3304.92,730.0,-2.5476591754848146,-0.020339173268071515,0.9948556446168639,-3.8788051762097098,-1.28405017921146,0.635167734533957,0.3321634980978002,0.001482520448588555,0.0006246031746031746,0.001460165925779953,0.002941061508296698,-0.013486958145518178,3325.91,0.0,0.019838095238095238,-0.017997633470560218,,0.0,4.395256916996048,-0.3241106719367589,0.0,-0.17679661893018248,47.350534683891574,51.431493279427464,51.7881454652926,47.350534683891574,49.211792687459635,,52.74419488984857
2025-09-30,KCEL,3300.0,430.0,-2.68751631371977,-0.5292416213778018,0.2822966445781507,-4.020204305194339,-0.06289688539461435,0.4710278508249885,0.7133257649654368,0.0011407693238797677,0.000623015873015873,0.0030408008658009207,-0.00013253968253970974,-0.01079877344877345,3330.0,0.0,0.01988968253968254,-0.015007034632034632,,0.0,4.395256916996048,-0.3241106719367589,0.0,-0.1203130064509554,48.1960881957891,52.545195885946164,50.66044290789253,48.1960881957891,49.886806833856774,,48.786512085094074
2025-10-01,KCEL,3310.0,76240.0,-2.3888780475365037,4.136419419116901,0.503572752780266,-3.7286226482206106,-0.7957384254179245,0.4694114088827907,0.6475628734179452,0.0011899183262413895,0.0006293650793650793,0.007171263127607474,-0.0006732496523282408,-0.017765736344890475,3317.18,0.0,0.019934920634920635,-0.020270619335347434,,0.0,4.395256916996048,-0.3241106719367589,0.0,-0.2667014718186669,46.007992794685784,55.44079068622335,50.46195453547582,46.007992794685784,48.69893141358752,,57.75964780043515
2025-10-02,KCEL,3301.0,106400.0,-2.2550165042462504,4.136419419116901,-0.17602995595392862,-3.7624093890400925,-0.48045989452732973,0.4657465270791366,0.5562094394908413,0.0010429334080024081,0.0006242063492063491,0.004635897731808128,0.009416740958728236,-0.013323699768708923,3322.99,0.0,0.01998531746031746,,,0.0,4.395256916996048,-0.3241106719367589,0.0,-0.17336626576254174,47.401848281894125,53.66652375169222,54.15674179090642,47.401848281894125,,,57.22849952586504
2025-10-03,KCEL,3309.85,5490.0,-1.5639333943108802,1.9323117840261435,0.61330447232816,-3.205207293263989,-0.7513552355839836,0.4545169646654807,0.33851187458633264,0.000960104248357406,0.0006238095238095239,-0.007589539250447884,0.004813153583663538,-0.016368271178787933,3321.99,0.0,0.020036111111111112,,,0.0,4.395256916996048,-0.3241106719367589,0.0,-0.23733820634403632,46.44593083603159,45.06132530372013,52.47419675185044,46.44593083603159,,,53.1584283955092
2025-10-06,KCEL,3320.05,298350.0,-1.2447394606727813,4.136419419116901,-0.3011627871957773,-2.8799844724737165,0.1464443375360336,0.4620557556818524,0.44359991166990237,0.0009579277032986035,0.0006174603174603175,0.0003926554044055212,-0.010028540692994917,-0.024918482503968786,3304.03,0.0,0.02009325396825397,,,0.0,4.395256916996048,-0.3241106719367589,0.0,-0.41699357886804517,43.77752211622495,50.67846090743229,47.03080902918299,43.77752211622495,,,56.483483534088265
2025-10-07,KCEL,3320.3,344370.0,0.1327869572047785,4.136419419116901,-0.9856856288094581,-2.344206648075126,0.45780230686371937,0.46827710813926093,0.18439622530737404,0.0009580192690252472,0.0006158730158730159,-0.010222688569449398,-0.002153128769201892,-0.022952935848214194,3311.0,0.0,0.02015198412698413,,,0.0,4.395256916996048,-0.3241106719367589,0.0,-0.3756938959452443,44.38833337442824,43.22871489205431,49.918652095161434,44.38833337442824,,,50.08064172506729
2025-10-08,KCEL,3343.99,720.0,0.799218060171552,-0.20632533713950593,0.06565768827824807,-1.2345142681098062,0.6151515151515241,0.4680549431746199,-0.06920022937014765,0.0009430215887704539,0.0006162698412698412,0.007495160174113899,-0.009350401494991873,-0.010036842061168411,3378.01,0.0,0.020210317460317463,,,0.0,4.395256916996048,-0.3241106719367589,0.0,-0.10430345276018474,48.43595864132331,55.66655637808247,47.2789711287456,48.43595864132331,,,45.194456320317656
2025-10-09,KCEL,3326.51,450.0,0.27388873458157253,-0.676293259277425,-0.9523310384407637,-1.7494287241925417,1.026888217522659,0.48271391728546553,-0.15678324227055124,0.0009849390751605564,0.0006186507936507937,0.015753926326475945,-0.007169460315026799,-0.018215051061904693,3333.34,0.0,0.020268253968253967,,,0.0,4.395256916996048,-0.3241106719367589,0.0,-0.2761423850073244,45.86731399383892,61.319943510194285,48.077927953794635,45.86731399383892,,,18.69191529073539
2025-10-10,KCEL,3295.01,5750.0,-0.6739710311185504,1.8713265292805075,-0.9999999756038065,-2.6358211635681483,0.7727961223871649,0.49198802812520476,-0.3120434587679183,0.0011531403682556803,0.0006376984126984128,0.03286413299538119,-0.004853929272464684,-0.01879063014140244,3300.02,0.0,0.02031111111111111,,,0.0,4.395256916996048,-0.3241106719367589,0.0,-0.2882363403508208,45.68719879029845,71.98652838028445,48.927257840815294,45.68719879029845,,,20.5183299815418
2025-10-13,KCEL,3331.85,960.0,0.4431381381163606,-0.005194584325986335,0.5816869681570157,-0.3849962396315123,-0.44835868694954595,0.5186938033398887,-0.6347043483543116,0.0010872835337226035,0.000673015873015873,0.01648280321052395,-0.01478858041828611,-0.0211815711205772,3329.0,0.0,0.020326190476190477,,,0.0,4.395256916996048,-0.3241106719367589,0.0,-0.3384743258180951,44.94026321322785,61.80682185037727,45.29370655862526,44.94026321322785,,,50.4861778479523
2025-10-14,KCEL,3297.03,6680.0,-0.6053762214779084,1.909131248384188,-0.9541501868531838,-1.423626501480903,0.35541633409135187,0.58225655502141,-0.45813439728375294,0.0011851108486646853,0.0006686507936507936,0.02784635926301913,-0.008127724703315346,-0.012479166303786022,3323.0,0.0,0.02035595238095238,,,0.0,4.395256916996048,-0.3241106719367589,0.0,-0.1556210933358817,47.66737809160599,69.04329722567373,47.72673608018927,47.66737809160599,,,32.436736182559095
2025-10-15,KCEL,3380.0,6590.0,1.9011716742212275,1.0701759191880509,0.7483971172683422,1.065939295112682,-0.7008402855163687,0.5971928398807218,-0.4518273088924981,0.0010019162131642077,0.0006753968253968253,-0.007793023856485358,-0.031105355968817573,-0.039234359443974826,3316.25,0.0,0.0203734126984127,,,0.0,4.395256916996048,-0.3241106719367589,0.0,-0.7177959926154333,39.39645396160609,44.919160396722056,39.450150022248884,39.39645396160609,,,51.56778276420519
2025-10-16,KCEL,3390.0,1430.0,2.192706467087367,-0.4576792364037279,0.6773152520600961,1.3632204459572737,1.0768572872526638,0.829087530772116,-0.3152794230944792,0.0010547487627979304,0.0006773809523809523,-0.010428996347801625,-0.034297661188369216,-0.036615458631830314,3335.0,0.0,0.020391269841269842,,,0.0,4.395256916996048,-0.3241106719367589,0.0,-0.6627681596046159,40.187446432086226,43.08584284077309,38.33603422934098,40.187446432086226,,,50.3401039313983
2025-10-17,KCEL,3414.4,1010.0,2.9328675667082345,-0.19298302983589585,0.9849981124515823,2.0933443460947125,1.908606918361877,0.8260884896884859,0.01064983500569272,0.0010757957057563475,0.0006750000000000001,-0.012876920530786538,-0.046560176879249016,-0.05097479507891882,3310.0,0.0,0.0203984126984127,,,0.0,4.395256916996048,-0.3241106719367589,0.0,-0.9644837360374238,35.92340247012372,41.400012336264616,34.177606272272726,35.92340247012372,,,51.5432944496286
2025-10-20,KCEL,3398.0,580.0,2.4357039869244494,-0.7476289117016227,0.2444444390123458,1.6031832758036453,3.6233577439825693,0.8383119347400011,0.40764945261677055,0.0011672316428916712,0.0006746031746031747,-0.013428172033969534,-0.03983861351682129,-0.02864348099255404,3369.99,0.0,0.020400396825396825,,,0.0,4.395256916996048,-0.3241106719367589,0.0,-0.49526252049610475,42.625249953189936,41.02299502354402,36.43158571018399,42.625249953189936,,,51.78740560173638
2025-10-21,KCEL,3399.99,470.0,2.49363959635465,-0.9538171253115254,0.9994280526328714,1.6817594226153583,1.9853834956555794,0.7915582243020741,0.3402009467878365,0.0011075639740536225,0.0006793650793650794,-0.015157037394647736,-0.02069528045180512,-0.01686604936793225,3412.0,0.0,0.0203984126984127,,,0.0,4.395256916996048,-0.3241106719367589,0.0,-0.24779742455559997,46.28987057008538,39.847583522415654,43.15443645230265,46.28987057008538,,,51.412086723405665
2025-10-22,KCEL,3365.11,920.0,1.4419344419017126,-0.06826489355868721,-0.9965619472329708,0.6392529929955315,3.1228105294765163,0.7845422371063134,0.7309165946850475,0.0011006038879503362,0.0006813492063492064,-0.009357424901745064,-0.023666792607737103,-0.009435918158858312,3402.0,0.0,0.0203984126984127,,,0.0,4.395256916996048,-0.3241106719367589,0.0,-0.09167695694362449,48.62519227229473,43.82912759939315,42.087296482127776,48.62519227229473,,,52.634509550894876
2025-10-23,KCEL,3366.13,300.0,1.4712605126546263,-1.188759658401481,-0.32675584737866314,0.6707361308398078,-0.44053254437869116,0.8247092307571655,0.3819247817847849,0.0012615767743824116,0.0006773809523809523,-0.007131921036069045,-0.03386873261244523,-0.008850630596749095,3405.0,0.0,0.020398015873015873,,,0.0,4.395256916996048,-0.3241106719367589,0.0,-0.07937900885727397,48.80953989227381,45.381332431453615,38.48504832395429,48.80953989227381,,,50.21273694468192
2025-10-24,KCEL,3382.0,330.0,1.9492674742138647,-1.0934624991585096,-0.1434357857584493,1.1462732281696841,-0.7041297935103219,0.824618920024858,0.18111056189703306,0.0012764795203520738,0.0006750000000000001,-0.004605351158795866,-0.02991326396515634,-0.015377356781466775,3399.0,0.0,0.020403968253968254,,,0.0,4.395256916996048,-0.3241106719367589,0.0,-0.21651730631951316,46.75680033384863,47.15430127293088,39.86908748789945,46.75680033384863,,,49.72609224422153
2025-10-28,KCEL,3363.9,510.0,1.4026211119573262,-0.6581903442410728,0.021621621037258402,0.6050088960202304,-0.9489222118088114,0.8125405647998116,-0.04457621774497325,0.0013312548548764104,0.0006797619047619047,-0.0010133073289366012,-0.026419220781151158,-0.01829094191973888,3371.0,0.0,0.020401587301587303,,,0.0,4.395256916996048,-0.3241106719367589,0.0,-0.2777369889085419,45.843559282729565,49.686266269105666,41.10536522304932,45.843559282729565,,,49.53044011378982
2025-10-29,KCEL,3360.0,980.0,1.2838902358122861,-0.005088847311641187,0.6393442273582226,0.4891714602836066,-1.0035314891112423,0.8253377268770756,-0.08914078133999073,0.0014866679118586813,0.0006817460317460318,-0.011358730158730105,-0.02729265873015873,-0.014444444444444444,3380.0,0.0,0.020396825396825396,,,0.0,4.395256916996048,-0.3241106719367589,0.0,-0.19691513427185964,47.04970416980887,42.443444607803485,40.79520141405737,47.04970416980887,,,51.03277083977122
2025-10-30,KCEL,3345.1,4360.0,0.8330016483683842,1.4774513033830863,-0.9878418852375862,0.04984227904022838,-1.176179929940968,0.824865236062961,-0.1611575463949205,0.0014518169245622816,0.0006972222222222222,0.0010331120905110276,-0.01728918299355653,-0.003963728241687767,3400.0,0.0,0.02037579365079365,,,0.0,4.395256916996048,-0.3241106719367589,0.0,0.02330363016725666,50.34954875775757,51.13030415009185,44.38545290590334,50.34954875775757,,,49.66363019202987
2025-10-31,KCEL,3353.64,2870.0,1.0637192921377119,1.0592987468355402,-0.2653714255386152,0.30548456723051626,-0.5946313790633928,0.8317378947849612,-0.15941353399584357,0.0014664192419803475,0.0006876984126984126,-0.0014817277573592723,-0.02727701218462835,-0.0020665577445061444,3415.0,0.0,0.02036309523809524,,,0.0,4.395256916996048,-0.3241106719367589,0.0,0.06316660658386752,50.947385698830885,49.35571602677613,40.80075124318186,50.947385698830885,,,51.4817033072985
2025-11-03,KCEL,3378.0,590.0,1.7104826141766294,-0.5225966374580645,0.5180722829147918,1.0338480936698415,-0.37104924646405024,0.8291483273451296,-0.147136649627834,0.0014792945133618948,0.0006761904761904762,-0.011701833291042851,-0.01663590811694726,-0.011480910090501565,3408.0,0.0,0.02036190476190476,,,0.0,4.395256916996048,-0.3241106719367589,0.0,-0.13464592850646362,47.98140883603056,42.20700945233926,44.62239468491419,47.98140883603056,,,50.39788724665806
2025-11-04,KCEL,3371.99,340.0,1.5252063409023489,-1.0482856798081894,-0.21866294883944185,0.8535955691906251,-0.11827321111768097,0.8408012679965639,-0.014835035893185754,0.0016541471018718067,0.0006753968253968253,-0.017042108255089516,-0.0024012696755723213,-0.01463491918624462,3391.3,0.0,0.020361507936507938,,,0.0,4.395256916996048,-0.3241106719367589,0.0,-0.20091735239174935,46.989884182518615,38.57921946072519,49.82755145569527,46.989884182518615,,,49.952291320595535
2025-11-05,KCEL,3333.3,500.0,0.3285366585113352,-0.6312539802963071,-0.9939301821861802,-0.30249557022271323,0.24049466393174512,0.8416532301887886,-0.0628919498685258,0.0017315840248396282,0.0006757936507936508,-0.004365406725495881,0.006337983879838744,-0.010550219359336506,3366.0,0.0,0.02036031746031746,,,0.0,4.395256916996048,-0.3241106719367589,0.0,-0.1150904364077272,48.274329136567864,47.32312239573797,53.0323122213725,48.274329136567864,,,49.79299621534304
2025-11-06,KCEL,3359.9,310.0,0.526863156604,-0.9727283973571651,0.4609756041344461,0.4940885678035926,-0.7946428571428465,0.8854394986329105,-0.38954683177740634,0.002075802276938201,0.0006761904761904762,-0.016088473650718138,-0.0008499973307973824,-0.016766361338229636,3371.97,0.0,0.02035873015873016,,,0.0,4.395256916996048,-0.3241106719367589,0.0,-0.24570279912106088,46.321118408640814,39.2190498513974,50.39706904568351,46.321118408640814,,,50.15545504594206
2025-11-07,KCEL,3360.0,360.0,0.5263096656975713,-0.7406111070009103,-0.000500250112549567,0.5316178152651662,0.4424381931780852,0.8891013213459176,-0.0997833339029999,0.0022771242081069355,0.0006746031746031747,-0.014388690476190541,-0.0026722222222222217,-0.010537301587301588,3393.0,0.0,0.02035873015873016,,,0.0,4.395256916996048,-0.3241106719367589,0.0,-0.11481901070152523,48.27839568384364,40.36860526281972,49.72807724613325,48.27839568384364,,,50.88164505691201
2025-11-10,KCEL,3349.88,420.0,0.2122511815634848,-0.5864611448211632,0.16516223066206984,0.22906994364171293,0.18964468458153583,0.8797004864814516,-0.046809098817786776,0.0021373419494163754,0.0006753968253968253,-0.011698687240348532,-0.007976645754285284,-0.015009284805463752,3367.8,0.0,0.02035873015873016,,,0.0,4.395256916996048,-0.3241106719367589,0.0,-0.20878344975742727,46.8723372784688,42.20917581698499,47.78209058941714,46.8723372784688,,,51.251587413465245
2025-11-11,KCEL,3325.91,830.0,-0.7749774021052562,0.3498130838199976,-0.9237855559553912,-0.48720333532628934,-0.8324452338661859,0.8524681336257613,-0.11739110926833118,0.0022193885954236285,0.0006746031746031747,-0.009951666528024473,0.0019794880281721154,-0.012362109509544314,3352.51,0.0,0.020359920634920637,,,0.0,4.395256916996048,-0.3241106719367589,0.0,-0.15316151880887252,47.704192673003995,43.416573750599895,51.43548636010939,47.704192673003995,,,50.0
2025-11-12,KCEL,3330.0,240.0,-0.6506877438645704,-0.8909691913210531,-0.6730244969628546,-0.3638710340657399,-1.3665520953502264,0.8340367135344534,-0.25841563069152107,0.0021742193778895944,0.0006746031746031747,-0.009078721578721579,0.006735703560703561,-0.01135329257829258,3360.0,0.0,0.02036230158730159,,,0.0,4.395256916996048,-0.3241106719367589,0.0,-0.1319644542335447,48.021566688275705,44.02291605041535,53.17776588053891,48.021566688275705,,,50.0
2025-11-13,KCEL,3317.18,460.0,-1.4760396985513502,-0.16955889933743937,-0.9016666290972374,-0.7173370113589719,-0.09900099000990092,0.7975173746631216,-0.1942344936468559,0.0022274295544956824,0.0006746031746031747,0.014964849422204883,0.01520318893931425,-0.004439931587042187,3370.0,0.0,0.02036309523809524,,,0.0,4.395256916996048,-0.3241106719367589,0.0,0.013297738364925328,50.19946501733396,60.790292579976715,56.25778212119788,50.19946501733396,,,50.0
2025-11-14,KCEL,3322.99,240.0,-1.1231739925172184,-0.7439175588883674,0.14094600377703692,-0.5423908279889228,-1.2714664126908581,0.5518057749789722,-0.4667629402931926,0.0022771242081069355,0.0006746031746031747,-0.0002603351951103185,0.01129627102064379,-0.0017053650537139885,3385.0,0.0,0.02036626984126984,,,0.0,4.395256916996048,-0.3241106719367589,0.0,0.0707559169470054,51.06117937834613,50.2176613280675,54.84118547198488,51.06117937834613,,,50.0
2025-11-17,KCEL,3321.99,300.0,-1.0627600847875,-0.4803653596857126,0.9999999523582681,-0.534109588844063,-1.1014880952381012,0.5479835596577809,-0.4384736895152753,0.0022771242081069355,0.0006746031746031747,-0.009994458141053948,0.006577492256147791,0.00010639864960467274,3390.0,0.0,0.02036626984126984,,,0.0,4.395256916996048,-0.3241106719367589,0.0,0.10882434247078125,51.631785434054834,43.38690003395727,53.11991132356899,51.631785434054834,,,50.0
2025-11-18,KCEL,3304.03,390.0,-1.4722393485368657,-0.1758903374733796,-0.6899999734615241,-1.0704818982718782,-0.8325671367332643,0.5136388701611114,-0.27150614517603566,0.0022771242081069355,0.0006746031746031747,0.004162992988024328,0.004469375030656345,0.0035348448580518332,3383.0,0.0,0.02036626984126984,,,0.0,4.395256916996048,-0.3241106719367589,0.0,0.18086218543533186,52.71027361999978,53.3344142629313,52.34827714957575,52.71027361999978,,,50.0
2025-11-19,KCEL,3311.0,480.0,-1.1798045248129958,0.08701122812624819,0.5308641844231066,-0.8611709220516289,-0.6578650655008622,0.5159400392670089,-0.22474902867726226,0.0022771242081069355,0.0006746031746031747,0.00020602872579616755,0.004127868384845069,,,0.0,,,,0.0,4.395256916996048,-0.3241106719367589,0.0,,,50.546771339875264,52.22316013606469,,,,52.25972121923263
2025-11-20,KCEL,3378.01,750.0,0.9010086960574583,0.5332977407857636,0.9916488116525851,1.1458688213067867,-0.5705705705705721,0.5201173881043555,0.016028707599930005,0.0022771242081069355,0.0006746031746031747,-0.021719461509765628,-0.00984898406890548,,,0.0,,,,0.0,4.395256916996048,-0.3241106719367589,0.0,,,35.501345601701324,47.09650321628121,,,,52.652142831643296
2025-11-21,KCEL,3333.34,380.0,-0.4461631275274788,-0.14660319500580507,-0.9995522498421159,-0.19227377488170472,1.8337865295220857,0.6695997679380506,0.3946917957498945,0.0022771242081069355,0.0006765873015873017,-0.002957159726156782,-0.0039473381362761,,,0.0,,,,0.0,4.395256916996048,-0.3241106719367589,0.0,,,48.31505118597453,49.25998871894873,,,,50.0
2025-11-24,KCEL,3300.02,430.0,-1.4205336861549756,-0.022989476892849206,-0.9988795238409108,-1.1898271170015304,0.3114664804889644,0.733867824461071,0.16659214502606395,0.0022771242081069355,0.0006805555555555554,-0.000432521936134485,0.0016254086507220544,,,0.0,,,,0.0,4.395256916996048,-0.3241106719367589,0.0,,,50.096143971795605,51.305589116055906,,,,50.0
2025-11-25,KCEL,3329.0,490.0,-0.49476199002476806,0.09633094652182932,-0.2608807589379281,-0.3217043575639996,-0.6613505760101557,0.7527120367588899,-0.23318375021377183,0.0022771242081069355,0.0006880952380952381,0.008867768813743515,-0.00495733870698575,,,0.0,,,,0.0,4.395256916996048,-0.3241106719367589,0.0,,,56.620601462809375,48.88931070275068,,,,51.56469538463776
2025-11-26,KCEL,3323.0,380.0,-0.64110347301678,-0.15790272731747027,-0.011272141447621287,-0.5001908143752856,0.7557437432468728,0.7776093248176827,-0.14735990730905266,0.0022771242081069355,0.0006984126984126985,0.02335882103568682,-0.00010258264906925704,,,0.0,,,,0.0,4.395256916996048,-0.3241106719367589,0.0,,,66.272540836967,50.67143923714221,,,,51.885791378452836
2025-11-27,KCEL,3316.25,480.0,-0.7970347715595788,0.1216967311543321,-0.6159695739420822,-0.7003263466618648,0.36242826940502404,0.7780322587804427,-0.25578717248319827,0.0022771242081069355,0.0006928571428571428,0.022444821376219795,0.006499898437827199,,,0.0,,,,0.0,4.395256916996048,-0.3241106719367589,0.0,,,65.69341966605813,53.09153381571004,,,,50.0
2025-11-28,KCEL,3335.0,260.0,-0.17661427225584891,-0.49140669872483056,-0.6060605968778697,-0.1380610865457096,-1.828295357325771,0.7735189323970459,-0.5773108496021317,0.0022771242081069355,0.0006952380952380952,0.01759506080293187,0.002281039837224245,,,0.0,,,,0.0,4.395256916996048,-0.3241106719367589,0.0,,,62.54521576610037,51.54609816687042,,,,50.0
2025-12-01,KCEL,3310.0,420.0,-0.7938316770279615,0.036367606119768234,-0.816300714837334,-0.8858796418419795,0.049799900400193664,0.7828115837772832,-0.49861251900928244,0.0022771242081069355,0.0006821428571428573,0.02349496355440464,0.007851206061477965,,,0.0,,,,0.0,4.395256916996048,-0.3241106719367589,0.0,,,66.35839118538074,53.58543048909979,,,,50.0
2025-12-02,KCEL,3369.99,510.0,1.1317792155411717,0.23052344357935403,0.42848977813273464,0.91125519573677,0.30242240956115385,0.7778102579925062,-0.4620967572085671,0.0022771242081069355,0.0006765873015873017,-0.0030943434656227667,,,,0.0,,,,0.0,4.395256916996048,-0.3241106719367589,0.0,,,48.21835187506939,,,,,51.27052579385806
2025-12-03,KCEL,3412.0,490.0,2.3720763463040098,0.15415053305869086,0.7440224960415706,2.808587103346428,1.2313006908981627,0.886831877819237,-0.3242226497944345,0.0022771242081069355,0.0006773809523809523,-0.01277231433409628,,,,0.0,,,,0.0,4.395256916996048,-0.3241106719367589,0.0,,,41.47167096369,,,,,51.49105536748673
2025-12-04,KCEL,3402.0,530.0,1.935230332038971,0.23262208228602058,0.4343230946864228,2.5110573155267444,2.6783027384893243,0.885267034764385,-0.17316372229659618,0.0022771242081069355,0.0006813492063492064,-0.003976381540270428,,,,0.0,,,,0.0,4.395256916996048,-0.3241106719367589,0.0,,,47.5969628121695,,,,,52.142968114672954
2025-12-05,KCEL,3405.0,350.0,1.930937731101889,-0.1941557915840712,0.5066891738318113,2.6020987836063374,2.585751978891815,0.8748733282565688,0.036894811429104814,0.0022771242081069355,0.0006769841269841269,-0.00044965037409971367,,,,0.0,,,,0.0,4.395256916996048,-0.3241106719367589,0.0,,,50.08405583284596,,,,,52.0750597102403
2025-12-08,KCEL,3399.0,580.0,1.697693656565971,0.31093865699966505,0.3584905615284206,2.422020625026986,2.0989505247376306,0.8747582503852316,0.259444765571041,0.0022771242081069355,0.0006809523809523809,-0.0007327179562616457,,,,0.0,,,,0.0,4.395256916996048,-0.3241106719367589,0.0,,,49.884284755927524,,,,,52.83834678026786
2025-12-09,KCEL,3371.0,240.0,0.7603096393701236,-0.6174344960211855,-0.03896103823819791,1.5786813531592552,2.6888217522658575,0.8724090979466032,0.49440302084419196,0.0022771242081069355,0.0006773809523809523,0.002643777339869058,,,,0.0,,,,0.0,4.395256916996048,-0.3241106719367589,0.0,,,52.26565078380291,,,,,52.52229335849234
2025-12-10,KCEL,3380.0,250.0,0.948797452250331,-0.5306275592983875,-0.3103448168846615,1.8510447397894196,0.029970415342495116,0.8778981614307565,0.4009128575700055,0.0022771242081069355,0.0006769841269841269,-0.007517805485113178,,,,0.0,,,,0.0,4.395256916996048,-0.3241106719367589,0.0,,,45.11146158773376,,,,,51.74094047888313
2025-12-11,KCEL,3400.0,310.0,1.5017268161424817,-0.31551650440580725,0.7435897340565419,2.453666415668621,-0.9378663540445475,0.8789368786919932,0.19003939498475905,0.0022771242081069355,0.0006761904761904762,-0.011618323996265233,,,,0.0,,,,0.0,4.395256916996048,-0.3241106719367589,0.0,,,42.264523938733184,,,,,51.7333815423096
2025-12-12,KCEL,3415.0,260.0,1.8370794821402945,-0.443204867383301,0.8914981420798244,2.9090750989148515,-0.05878894767783471,0.8789808168556136,0.25189272285878295,0.0022771242081069355,0.0006750000000000001,-0.009815976434497664,,,,0.0,,,,0.0,4.395256916996048,-0.3241106719367589,0.0,,,43.51069875731943,,,,,51.88178847858807
2025-12-15,KCEL,3408.0,620.0,1.543072732955669,0.4258320564526109,0.5639207026019211,2.705066240192603,0.2936857562408246,0.8817557657595595,0.3288545165083855,0.0022771242081069355,0.0006750000000000001,-0.015169980997093619,,,,0.0,,,,0.0,4.395256916996048,-0.3241106719367589,0.0,,,39.83882567838267,,,,,52.91715386479129
2025-12-17,KCEL,3391.3,1140.0,0.8973568373333675,0.9866937378928416,-0.4739999952599964,2.200566750526322,0.26478375992939895,0.884398003750229,0.3699405447230856,0.0022771242081069355,0.0006750000000000001,-0.014813091587296896,,,,0.0,,,,0.0,4.395256916996048,-0.3241106719367589,0.0,,,40.0805390788989,,,,,53.314990423656496
2025-12-18,KCEL,3366.0,410.0,-0.0355814009878545,-0.10414014648134419,-0.9577985434457658,1.4348553133380035,0.6021951943043558,0.8824433536134052,0.2829327533187259,0.0022771242081069355,0.0006746031746031747,-0.005159912146676852,,,,0.0,,,,0.0,4.395256916996048,-0.3241106719367589,0.0,,,46.76437628869266,,,,,50.0
2025-12-19,KCEL,3371.97,280.0,0.05691422017173832,-0.41729900037779305,-0.21488229196037756,1.6150662145552663,-0.41420118343195034,0.9037460770746156,0.15344200800650504,0.0022771242081069355,0.0006746031746031747,-0.003962402813983062,,,,0.0,,,,0.0,4.395256916996048,-0.3241106719367589,0.0,,,47.60680542725646,,,,,51.846104314855666
2025-12-22,KCEL,3393.0,600.0,0.6993620150036464,0.36865080770662534,0.7626716263320618,2.2484109930212544,-0.8244117647058902,0.7814275190818618,-0.038252397196878854,0.0022771242081069355,0.0006746031746031747,-0.005739144667592943,,,,0.0,,,,0.0,4.395256916996048,-0.3241106719367589,0.0,,,46.3575264620514,,,,,52.536502450417906
2025-12-23,KCEL,3367.8,670.0,-0.13995961122441164,0.45518815498858806,-0.07333333211110507,1.4875692719341482,-0.6442166910688107,0.7282439535177156,-0.0640177003464314,0.0022771242081069355,0.0006753968253968253,0.003211284815012714,,,,0.0,,,,0.0,4.395256916996048,-0.3241106719367589,0.0,,,52.66518607928096,,,,,52.547480332899525
2025-12-24,KCEL,3352.51,320.0,-0.6823205619189383,-0.3409261685336117,-0.636929449568991,1.0253877077127227,-1.179577464788728,0.7100288977395723,-0.19146850728903658,0.0022771242081069355,0.0006757936507936508,0.00571531323628492,,,,0.0,,,,0.0,4.395256916996048,-0.3241106719367589,0.0,,,54.423307130992136,,,,,50.0
2025-12-25,KCEL,3360.0,930.0,-0.5104232430610428,0.8069054587788543,-0.09069212255894306,1.2503747498395419,-1.1438091587296917,0.6959360331716277,-0.22405439815083553,0.0022771242081069355,0.0006769841269841269,,,,,0.0,,,,0.0,4.395256916996048,-0.3241106719367589,0.0,,,,,,,,52.70046591415173
2025-12-26,KCEL,3370.0,270.0,-0.22834135631477062,-0.5108249089521979,0.1477291335017399,1.5501025752492088,-0.17825311942959443,0.6951423526717575,-0.05063311397347098,0.0022771242081069355,0.0006753968253968253,,,,,0.0,,,,0.0,4.395256916996048,-0.3241106719367589,0.0,,,,,,,,51.86851390106684
2025-12-29,KCEL,3385.0,420.0,0.12964078616708907,0.011976177506857165,0.15429010564486903,1.9767401215575586,-0.058422821080850174,0.6942720701353159,0.02188917111895251,0.0022771242081069355,0.0006777777777777777,,,,,0.0,,,,0.0,3.3072625698324023,0.05027932960893855,0.0,,,,,,,,50.36794738427727
2025-12-30,KCEL,3390.0,220.0,0.2352259940445272,-0.6466261259657407,0.8136334955086452,2.0404250254014906,-0.23577954612437058,0.6903804168132107,-0.09978713301848605,0.0022771242081069355,0.0006746031746031747,,,,,0.0,,,,0.0,3.3072625698324023,0.05027932960893855,0.0,,,,,,,,49.739813504808915
2025-12-31,KCEL,3383.0,190.0,-0.07236129602278271,-0.7812531069185403,0.6861514184748644,1.8260768760326431,0.6591840370568258,0.6624462614869718,0.07760623250546402,0.0022771242081069355,0.0006746031746031747,,,,,0.0,,,,0.0,3.3072625698324023,0.05027932960893855,0.0,,,,,,,,50.142867486727724
2025-01-05,KEGC,1522.0,5980.0,2.1347265192490377,-1.2295576441076064,-0.599999880000024,3.0417286265248524,0.45986539562239415,0.32201324213786425,0.40271719654405447,9.06462560173275e-05,0.0005726190476190476,-0.0068806734038337185,-0.025452112404313457,-0.0418771817575037,1485.0,0.0,0.01756706349206349,-0.07415421907264885,,0.0,1.794871794871795,0.23237179487179488,0.0,-0.7733264595471088,38.603832021307,45.557191140047415,41.44961765693712,38.603832021307,36.85159955537868,,39.441062881702116
2025-01-06,KEGC,1520.8,45470.0,2.023998703786794,0.7990688282316657,0.06666665925924999,2.958228016642765,0.20409506879979222,0.33739953916802684,0.09605061609957233,0.00010649158060154988,0.0005674603174603176,-0.008738015497273752,-0.03126954422484404,-0.041139448327112686,1485.0,0.0,0.01759920634920635,-0.07139910677755229,,0.0,1.794871794871795,0.23237179487179488,0.0,-0.7578253486131624,38.82450196538002,44.26006348851665,39.39256903316247,38.82450196538002,37.43238402286454,,36.190548616536475
2025-01-08,KEGC,1515.02,30960.0,1.5110636284687071,0.3912730153842086,-0.7753058091984663,2.515233403411791,-0.1424847501920623,0.33871808971585354,0.05866452805208611,9.716723243226122e-05,0.0005678571428571428,-2.5588917784706306e-05,-0.0315060531182678,-0.03809799310103926,1484.0,0.0,0.017623015873015874,-0.06711484902079976,,0.0,1.794871794871795,0.23237179487179488,0.0,-0.693918884682137,39.73901734411722,50.38332440630209,39.30967691897496,39.73901734411722,38.342698407213085,,12.526168694036611
2025-01-09,KEGC,1512.0,22610.0,1.2322766740926459,0.07696974110151603,-0.199999960000008,2.3171416598946255,-0.5892388451443575,0.3544131555093288,-0.08186804252463746,9.703672215488077e-05,0.0005825396825396825,-0.0008873015873015274,-0.028893121693121693,-0.03352142857142855,1487.97,0.0,0.017628571428571427,-0.06324047619047618,,0.0,1.794871794871795,0.23237179487179488,0.0,-0.5977570035101548,41.12853846552531,49.775190623550344,40.22878075875755,41.12853846552531,39.17303739808891,,14.04526087749106
2025-01-10,KEGC,1514.0,11880.0,1.062501114851625,-0.5665649532807345,0.6611294582841482,2.4406961799664546,-1.0471204188481686,0.3590392544259524,-0.25267120038490515,9.985489219088948e-05,0.0006321428571428572,-0.004914839277851167,-0.03015589052441759,-0.03475519437629741,1488.0,0.0,0.01758214285714286,-0.06935163814975567,,0.0,1.794871794871795,0.23237179487179488,0.0,-0.623680649938439,40.752451893130846,46.93664694595314,39.78369863076397,40.752451893130846,37.866363074661116,,24.568114757401762
2025-01-13,KEGC,1516.0,11610.0,0.9855645259007155,-0.5661150444090269,0.38674881458021265,2.601568093798627,-0.8513425016371978,0.33903856584130665,-0.16950190633102008,0.00010167965833554127,0.0005884920634920634,-0.00425259454705365,-0.030810425304686483,-0.03507108409766721,1489.5,0.0,0.017590873015873015,-0.07110375256523013,,0.0,1.794871794871795,0.23237179487179488,0.0,-0.6303180631450648,40.65633189682993,47.402516663470855,39.55365600159301,40.65633189682993,37.49486419000427,,20.728595647727246
2025-01-14,KEGC,1512.0,5510.0,0.3015791664588239,-1.1490404615079435,-0.263157867036014,2.3657389353424065,-0.3942181340341633,0.33252088541054936,0.027847832585027266,0.00010444722403339742,0.0005805555555555556,-0.0029384920634920636,-0.026851058201058202,-0.03582195767195767,1484.5,0.0,0.01763412698412698,-0.0689111111111111,,0.0,1.794871794871795,0.23237179487179488,0.0,-0.6460952722194537,40.428141792772024,48.32821080792501,40.95192679947536,40.428141792772024,37.9599938494404,,13.575492183759632
2025-01-15,KEGC,1519.48,7230.0,0.674774848588317,-0.6034905526341235,0.8959999104000127,2.8771855975812897,-0.5786428195686422,0.3311799861874598,-0.03811707267402553,0.00011637618076902372,0.0005857142857142858,-0.008522523275506545,-0.02972264942559716,-0.037073199551141356,1490.0,0.0,0.017671825396825398,-0.07181501149516058,,0.0,1.794871794871795,0.23237179487179488,0.0,-0.6723861225122834,40.048812339269695,44.41019211806881,39.9362147570973,40.048812339269695,37.34447324874404,,34.246509240005956
2025-01-16,KEGC,1515.15,5920.0,0.2954016785062157,-0.694411646698263,-0.27380949121312037,2.5897793173646226,0.29438555266596556,0.3373513537228941,0.29614407124567027,0.0001356525272420392,0.0005837301587301588,-0.004377982377982432,-0.030876240801240858,-0.034945525195525254,1489.0,0.0,0.017686507936507938,-0.06737950532950539,,0.0,1.794871794871795,0.23237179487179488,0.0,-0.627679843985313,40.69452886110083,47.31427281083433,39.530549887046554,40.69452886110083,38.28621968534304,,28.30741278255988
2025-01-17,KEGC,1511.0,15000.0,-0.06244860202186031,0.24675307200343002,-0.5206929238986627,2.654980388868342,0.2083333333333437,0.34851832752878265,0.2813821650030478,0.00014932509910220407,0.0005948412698412699,-0.0010028092927000635,-0.029490877743111363,-0.03223529093525784,1489.0,0.0,0.017675396825396823,-0.06806691904866954,,0.0,1.794871794871795,0.23237179487179488,0.0,-0.5707329303784292,41.52169526229741,49.69367484041851,40.01788696735034,41.52169526229741,38.13967084437016,,23.84615344951848
2025-01-20,KEGC,1514.0,7490.0,-0.04557702089812475,-0.4477271684763029,0.6923075857988329,2.8523375427181215,-0.19815059445178473,0.35748045031799414,0.0450176885664856,0.00015437093384686008,0.0005884920634920634,-0.008244730137761842,-0.03144939873351366,-0.03483694040804344,1488.0,0.0,0.01766388888888889,-0.06937573598792225,,0.0,1.794871794871795,0.23237179487179488,0.0,-0.6253982816117569,40.72757111320476,44.60387472173616,39.32952767380613,40.72757111320476,37.861243857190175,,32.097633500643475
2025-01-21,KEGC,1512.0,9140.0,-0.2177262889616986,-0.05118378770924308,0.07550075878262706,2.7407896151710562,-0.13192612137202797,0.350253894286895,0.10612944281020967,0.00015176365055700808,0.0005857142857142858,-0.005628439153439135,-0.03081931216931217,-0.0348505291005291,1486.0,0.0,0.017654761904761902,-0.06550132275132275,,0.0,1.794871794871795,0.23237179487179488,0.0,-0.6256838045675972,40.723435626618304,46.43524962720452,39.55053578110774,40.723435626618304,38.68770734300292,,25.56330371668544
2025-01-22,KEGC,1511.0,11650.0,-0.4448252170218102,0.32886130196569796,-0.3859111496239537,2.7151159040686723,0.0,0.3463720453608112,0.17386116797393786,0.000154543371076807,0.0005888888888888889,-0.004940074112592306,-0.027541561879549946,-0.03485595710819073,1485.0,0.0,0.01764880952380952,-0.06357390800794176,,0.0,1.794871794871795,0.23237179487179488,0.0,-0.625797856805773,40.72178374188289,46.918905018130275,40.70694713511881,40.72178374188289,39.101323200870205,,20.332332449576683
2025-01-23,KEGC,1512.99,29160.0,-0.2768510354733749,1.2463524462522848,0.20361081207514095,2.693515891296346,-0.558085660883989,0.23061444385683877,-0.08252104403085543,0.00014892139292101383,0.0005944444444444445,-0.006884444803242025,-0.028808232940827676,-0.033489216929013785,1488.99,0.0,0.017626587301587303,-0.06554681142260406,,0.0,1.794871794871795,0.23237179487179488,0.0,-0.5970801787630762,41.138371582712566,45.554550549738316,40.25875981481564,41.138371582712566,38.67796507191145,,35.664315286487664
2025-01-24,KEGC,1513.95,8170.0,-0.18074567925647944,-0.23892980299382618,0.3187918928201655,2.6461926192798324,-0.14256014256014415,0.2332786627856783,0.012963016626796836,0.00015027195559803814,0.0005976190476190477,-0.0049936043997176015,-0.0284406798126629,-0.03409038615479221,1489.0,0.0,0.01761031746031746,-0.0646329327728318,,0.0,1.794871794871795,0.23237179487179488,0.0,-0.609711829268499,40.95497254207276,46.881271909038084,40.38864752977255,40.95497254207276,38.87386251545622,,28.33296590381353
2025-01-27,KEGC,1506.0,70990.0,-0.6875031683454198,2.104400484242799,-0.45155388925467466,2.064195160529501,0.19523494374587003,0.2331554735678473,0.1808599799705625,0.00015126025134096425,0.000594047619047619,-0.0015644390691203441,-0.026596863340289635,-0.03689083191045342,1477.0,0.0,0.01763452380952381,-0.05509907512805919,,0.0,1.794871794871795,0.23237179487179488,0.0,-0.6685542492195583,40.10402631312015,49.297354162242236,41.042224983165774,40.10402631312015,40.93790628919234,,25.86539120951717
2025-01-28,KEGC,1507.97,7700.0,-0.4094252002372861,-0.2981781802253135,0.48370915195260833,2.100706112700913,-0.5284015852047519,0.25907105110157835,-0.04791231504013902,0.00014805986269968358,0.000588095238095238,-0.006849837716762309,-0.024272635073578908,-0.03488373278235611,1482.0,0.0,0.01766190476190476,-0.055090034060822454,,0.0,1.794871794871795,0.23237179487179488,0.0,-0.6263814738532946,40.713331205956514,45.57878205016435,41.87059491439208,40.713331205956514,40.93988013839627,,27.2575786879079
2025-01-29,KEGC,1507.99,6160.0,-0.3598409996519311,-0.3400596641259106,-0.6638368991787973,2.083266177929792,-0.26653439153438985,0.2521487183449028,0.03372936359385723,0.00014953917259727292,0.0005738095238095239,-0.013508677321130825,-0.024973477259280386,-0.03727952743413207,1478.49,0.0,0.017717063492063492,-0.05217135341883136,,0.0,1.794871794871795,0.23237179487179488,0.0,-0.6767214437424873,39.986374578664524,40.968022105562895,41.620304529220576,39.986374578664524,41.57858035827623,,7.667760637618613
2025-01-30,KEGC,1507.0,18190.0,-0.4108826308789965,0.742733829081024,-0.9999998305085033,1.948380206096105,-0.19920582395764885,0.25096522932203197,-0.021855786317111492,0.00014323451172909606,0.0005718253968253969,-0.016855208234587797,-0.024336720436902916,-0.042782462266038934,1469.3,0.0,0.017765873015873016,-0.05253988687711318,,0.0,1.794871794871795,0.23237179487179488,0.0,-0.7923480370045738,38.33368495088777,38.704315041862415,41.84769063813353,38.33368495088777,41.49777257528908,,4.1913357580707835
2025-01-31,KEGC,1510.79,13330.0,-0.12383053848893431,0.25061770998837823,0.09759546002890712,2.172537247675607,-0.3959047977845187,0.23976731064940096,-0.26257791483384035,0.00012697549525859535,0.0005785714285714286,-0.018678474564500395,-0.02747569618785586,-0.038187605740694665,1480.0,0.0,0.01780753968253968,-0.053043632037039004,,0.0,1.794871794871795,0.23237179487179488,0.0,-0.6958018079863527,39.71196612603176,37.49056415930415,40.73029550571119,39.71196612603176,41.387391149368646,,19.660258660930364
2025-02-03,KEGC,1508.0,16320.0,-0.29151865457593745,0.3388029578083783,-0.3981945438119832,1.9248928758559978,-0.2087255193368387,0.25025188612856825,-0.306817201392092,0.00012830450538810385,0.0005801587301587301,-0.01687311902656729,-0.02697616100374721,-0.040994426550461094,1473.1,0.0,0.017851190476190475,-0.04999316555092418,,0.0,1.794871794871795,0.23237179487179488,0.0,-0.7547781793307256,38.86793496888676,38.692320536185,40.90750861826308,38.86793496888676,42.057099796568075,,6.819653119221438
2025-02-04,KEGC,1502.0,183810.0,-0.6642782520781589,2.748772183111018,-0.6666666111111158,1.4390829237749128,0.13280212483399723,0.2439704081038151,-0.2961453323035538,0.00011406828908920007,0.0005865079365079364,-0.012289026800245139,-0.0237019725022721,-0.03187668452645151,1481.01,0.0,0.017901984126984127,-0.04481493775495101,,0.0,1.794871794871795,0.23237179487179488,0.0,-0.5631979624678862,41.6315119313024,41.80320276969967,42.074704688159294,41.6315119313024,43.20054082332868,,13.753479372353999
2025-02-05,KEGC,1492.0,75580.0,-1.0275476807929875,1.8600609073010383,-0.422928688683588,0.5792051183642105,-0.39589647008893003,0.25635259368939156,-0.5262204849162986,0.00011421878193260774,0.000588095238095238,-0.004260720668964637,-0.014385283416315581,-0.02465400017022001,1482.0,0.0,0.017951587301587302,-0.03686057810970672,,0.0,1.794871794871795,0.23237179487179488,0.0,-0.4114363276623681,43.85960680416833,47.396797267091436,45.44049975127095,43.85960680416833,44.97078732947159,,12.668029358190887
2025-02-06,KEGC,1486.0,960790.0,-1.2544593800670372,4.136419419116901,0.0,0.09797804447373606,-1.0603518590972083,0.28172380813491743,-0.4780388428172567,0.00011311942426401486,0.0005869047619047619,0.0017967436817705996,-0.010343459057018951,-0.02202855807643829,1480.0,0.0,0.017990873015873016,-0.03546423070349719,,0.0,1.794871794871795,0.23237179487179488,0.0,-0.35627105051776004,44.67619120170632,51.66880000749683,46.91561516669678,44.67619120170632,45.28299500663503,,50.67873022913065
2025-02-07,KEGC,1487.0,7030.0,-0.3669969418366328,-0.5149380924281723,0.3139841274427447,0.03605485148119374,-1.3934970139349745,0.2899218703255574,-0.27803887671555605,0.0001103448032669984,0.000590079365079365,-0.0029091269841269845,-0.019115425753354467,-0.021088423479681016,1482.45,0.0,0.01802857142857143,-0.0368357529808606,,0.0,1.794871794871795,0.23237179487179488,0.0,-0.3365171257573606,44.969322300492735,48.3489119581822,43.724464121592405,44.969322300492735,44.976334567338505,,14.620253551913635
2025-02-10,KEGC,1486.98,17490.0,-0.3549822622946945,0.4080392039264863,0.9942855722449234,-0.02938251553991479,-1.5746728532754384,0.2876991893051406,-0.23476114323278857,0.00010988643205831444,0.0005825396825396825,-0.004239494430706161,-0.015772482625378777,-0.025061564907204133,1476.61,0.0,0.018087698412698413,-0.0362151847080276,,0.0,1.794871794871795,0.23237179487179488,0.0,-0.4199999984145625,43.73312925542676,47.41173704244917,44.93593131852575,43.73312925542676,45.11504236278126,,34.79199634538434
2025-02-11,KEGC,1487.94,4170.0,-0.27399357534869073,-1.0970004940797486,0.646666558888925,-0.07928686441108389,-1.3938992042440312,0.2838095721811542,0.0437348799785928,0.0001061595998888512,0.0005805555555555556,-0.004902870251424665,-0.018822887939669894,-0.02519138662145238,1477.49,0.0,0.01816825396825397,-0.036228935034502835,,0.0,1.794871794871795,0.23237179487179488,0.0,-0.4227277869507693,43.69285934836763,46.94506231479455,43.830201502634466,43.69285934836763,45.11196809515737,,21.91268140845663
2025-02-12,KEGC,1490.0,11670.0,-0.1301602445552715,-0.06790646285236081,0.21739128544423605,0.05216772971727493,-0.9360852197070502,0.2830994307986277,0.306401513978601,9.552678997213226e-05,0.0005801587301587301,-0.006965337701075956,-0.026404919036966047,-0.022953542132736763,1483.0,0.0,0.018255555555555556,-0.03900512410780867,,0.0,1.794871794871795,0.23237179487179488,0.0,-0.375706635077368,44.38814469452027,45.49791846343355,41.110449829352376,44.38814469452027,44.492069656343766,,23.038815152675387
2025-02-13,KEGC,1493.0,7040.0,0.08097298716081554,-0.5741158835569221,0.7777776913580343,0.2363452594673829,-0.13404825737265424,0.2548469466270508,0.4344655088041658,7.699205733629997e-05,0.0005805555555555556,-0.00631508733879797,-0.02125928486375573,-0.025678430293751792,1482.0,0.0,0.018310714285714284,-0.0410581385088083,,0.0,1.794871794871795,0.23237179487179488,0.0,-0.43296145358830834,43.541855875483606,45.95346752720067,42.951368287589716,43.541855875483606,44.03473869031084,,26.273234315673555
2025-02-14,KEGC,1487.0,5150.0,-0.31537197235058906,-0.8867234757626935,-0.7060133106151939,-0.1887628694777438,0.4710632570659401,0.25919217951011675,0.5900210470757726,7.06850665268158e-05,0.0005853174603174603,-0.0022739336151407436,-0.02193815608287706,-0.021712077956042315,1482.0,0.0,0.018349603174603175,-0.034417826720466234,,0.0,1.794871794871795,0.23237179487179488,0.0,-0.34962123196196193,44.774828448685504,48.796823423952326,42.70725752277917,44.774828448685504,45.51720412821765,,31.388026459461607
2025-02-17,KEGC,1485.0,8700.0,-0.4352148991070834,-0.292839009101115,-0.7777776913580343,-0.3940032718664781,0.0,0.2658983508730591,0.38602155946418487,9.088146094130382e-05,0.0005813492063492063,6.800144300144308e-05,-0.015333297258297263,-0.021763828763828763,1480.0,0.0,0.018396825396825398,-0.0748358706108706,,0.0,1.794871794871795,0.23237179487179488,0.0,-0.3507086098404375,44.75869645929731,50.449370029249316,45.09556930471501,44.75869645929731,36.70848459918632,,14.251401097956457
2025-02-18,KEGC,1485.0,3710.0,-0.42500884975853165,-1.1451187761780277,-0.3610223257697272,-0.4082785145423498,-0.13315579227696217,0.25786400389760145,0.03160890674359338,8.73324785398859e-05,0.0005996031746031746,-0.003323208273208273,-0.014704725829725828,-0.028539502164502163,1470.0,0.0,0.018438492063492063,-0.0795726911976912,,0.0,1.794871794871795,0.23237179487179488,0.0,-0.4930777376436325,42.6573118490166,48.0570576428695,45.3242215372963,42.6573118490166,35.72055100536547,,8.673667310678193
2025-02-19,KEGC,1484.0,10370.0,-0.4824015721339415,-0.11724637623672347,-0.5740148483477311,-0.48578819673796725,-0.19758861244405512,0.25859058776157,-0.16992887018813704,8.255304818038432e-05,0.0005916666666666667,0.0010248727163821502,-0.01541446540880503,-0.029949992512728382,1467.03,0.0,0.01851468253968254,-0.07692513477088948,,0.0,1.794871794871795,0.23237179487179488,0.0,-0.5227146857042981,42.22292351917967,51.12449227243481,45.066058065431214,42.22292351917967,36.27130341523358,,3.067526057182877
2025-02-20,KEGC,1487.97,5360.0,-0.2022281456693039,-0.720740807134755,0.9924998759375224,-0.23053609919933957,-0.4026845637583931,0.2585849524102452,-0.3282100969465305,8.286239352811758e-05,0.000588095238095238,-0.0023363531714829305,-0.016468482371476374,-0.03276610770762477,1466.87,0.0,0.018585714285714285,-0.07649365993842044,,0.0,1.794871794871795,0.23237179487179488,0.0,-0.5818863488560192,41.35929708827428,48.75279806537085,44.68315953961269,41.35929708827428,36.36140699808929,,34.015066587065725
2025-02-21,KEGC,1488.0,3440.0,-0.16966589857813288,-1.0194843726794172,-0.6666665555555741,-0.23379468438791837,-0.33690555927662347,0.26637413689905065,-0.28526566003063286,9.81411578314844e-05,0.0005857142857142858,-0.0023545442908346134,-0.020469252432155725,-0.030727726574500767,1470.0,0.0,0.01863095238095238,-0.07445592677931394,,0.0,1.794871794871795,0.23237179487179488,0.0,-0.539056282102136,41.983914066730115,48.73996798359207,43.23588222936683,41.983914066730115,36.788226318022886,,2.215860330135796
2025-02-24,KEGC,1489.5,6480.0,-0.059696188320546205,-0.38624517615422593,0.8567334016141261,-0.14100417757083136,0.06724949562877391,0.26494680500969814,-0.27739630901870893,9.577319182531607e-05,0.0005972222222222222,-0.004013398551767132,-0.020941679854217615,-0.031085354625233784,1471.0,0.0,0.018665079365079367,-0.07249807221982449,,0.0,1.794871794871795,0.23237179487179488,0.0,-0.5465706929436852,41.874134915676265,47.57089952455608,43.065692327885166,41.874134915676265,37.2002745295136,,31.100155971528693
2025-02-25,KEGC,1484.5,22850.0,-0.34090767587326065,1.0248115975194456,-0.7628457894983584,-0.4905609526890957,0.3030303030302939,0.24669575161561072,0.049505909575723185,9.853940424923562e-05,0.0006238095238095239,-0.0019486857581249633,-0.013932663448224244,-0.025746094698123993,1473.99,0.0,0.01866626984126984,-0.06787280910680203,,0.0,1.794871794871795,0.23237179487179488,0.0,-0.4343832048540698,43.52088655021144,49.026253799508204,45.60533997784324,43.52088655021144,38.1810311478715,,4.14852639234899
2025-02-26,KEGC,1490.0,3880.0,0.04079451226762743,-0.8991234801518856,0.7910446580530239,-0.13435185969891844,-0.033670033670030186,0.25025257829054887,-0.030858783170003058,9.78545976279843e-05,0.0006234126984126985,-0.00627435549163737,-0.018303651326302333,-0.03432121018429739,1466.67,0.0,0.018663492063492063,-0.07209344572280814,,0.0,1.794871794871795,0.23237179487179488,0.0,-0.614561858750942,40.8846214255868,45.98202655877252,44.018016328825595,40.8846214255868,37.285666583543,,27.05082880786093
2025-02-27,KEGC,1489.0,3210.0,-0.020910144995264425,-1.0886839879047807,0.7101448246166959,-0.2236897957489538,0.40431266846361336,0.26930883169107594,0.24215311811014795,0.00012982630713980492,0.0005984126984126983,-0.0028991762341829437,-0.01766145916616031,-0.03413232274776935,1466.0,0.0,0.018685714285714285,-0.06473315184367903,,0.0,1.794871794871795,0.23237179487179488,0.0,-0.6105929927798041,40.942188242310976,48.355926948757784,44.2505423586825,40.942188242310976,38.852362050066546,,25.311718312277975
2025-02-28,KEGC,1489.0,4490.0,-0.005096780796068342,-0.5611988067505796,-0.09090908264462885,-0.23055917954079427,0.06922182570885393,0.26931074866121013,0.18568210784598266,0.00013564960580826851,0.0005837301587301588,-0.002890079365079365,-0.019049483780528106,-0.03449986461564702,1465.5,0.0,0.018717460317460317,-0.06609297173984882,,0.0,1.794871794871795,0.23237179487179488,0.0,-0.6183157108133651,40.83019628976067,48.36234003476589,43.74829381202075,40.83019628976067,38.5610653136363,,18.002192097734785
2025-03-03,KEGC,1488.0,5610.0,-0.057967400954903915,-0.22634451302215114,0.33333327777778704,-0.30351788816320513,0.06720430107527431,0.25971532240662293,0.3008336024281717,0.00012940562282183507,0.000576984126984127,-0.010323822324628777,-0.02516621863799283,-0.03193947772657443,1468.39,0.0,0.018760714285714287,-0.06747620327700973,,0.0,1.794871794871795,0.23237179487179488,0.0,-0.5645173609401596,41.61227662698494,43.15866361965398,41.551546293603415,41.61227662698494,38.26559183159971,,23.19831137506172
2025-03-04,KEGC,1486.0,3020.0,-0.17655641434030508,-0.8050137742320572,-0.6638369555316638,-0.44163119689713154,-0.10070493454179541,0.25836487205813435,0.19615357766090388,0.000129676370350091,0.0005765873015873015,-0.005662028135614946,-0.025926528552201518,-0.028910879318079858,1471.0,0.0,0.01881666666666667,-0.0709408014484394,,0.0,1.794871794871795,0.23237179487179488,0.0,-0.5008810419521953,42.54282614596106,46.41166591915369,41.280637656298886,42.54282614596106,37.52935324215121,,9.376148921171119
2025-03-05,KEGC,1485.0,12880.0,-0.10230757394871932,0.756439100976504,-0.6666665555555741,-0.5123238402441965,0.10104412260019124,0.24704370925504887,0.21595534445424275,0.00014393094726504495,0.0005829365079365079,-0.007400108225108219,-0.025445658970659042,-0.03166802549302549,1466.0,0.0,0.0188734126984127,-0.06761576479076478,,0.0,1.794871794871795,0.23237179487179488,0.0,-0.5588136595594598,41.69544827471099,45.19374421514969,41.45191767159034,41.69544827471099,38.235827665730916,,8.789584284067285
2025-03-06,KEGC,1488.99,2980.0,0.19250277345775318,-0.7072987632896792,0.6633332227777993,-0.2487018683597194,-0.3355704697986628,0.20087566887705458,-0.0755868982674768,0.00014273806716000317,0.0005722222222222222,-0.01628841137600787,-0.02604924642910711,-0.03370490799292202,1467.0,0.0,0.018936507936507935,-0.07093687605116797,,0.0,1.794871794871795,0.23237179487179488,0.0,-0.6016122373242971,41.07254198114668,39.08458863027675,41.23696061863681,41.07254198114668,37.53018421954928,,24.979234583238878
2025-03-07,KEGC,1489.0,29800.0,0.13341619573688956,1.6924901875931941,0.7667843619806387,-0.3123506757933476,-0.000671591672263272,0.19000380943855213,-0.0849492186352561,0.00017287392442028387,0.0005813492063492063,-0.009147896478940803,-0.025434285021373668,-0.031082300894389542,1471.0,0.0,0.01899365079365079,-0.05996776866331931,,0.0,1.794871794871795,0.23237179487179488,0.0,-0.5465065285468598,41.87507196403111,43.974800009966145,41.455971457037236,41.87507196403111,39.879366627495294,,44.2733324939596
2025-03-11,KEGC,1477.0,100420.0,-0.6965269997604354,2.9073428120230593,-0.29999998500000075,-1.1485847102883309,0.0,0.18953399176889374,0.08658947028979738,0.0001696627595586391,0.0006182539682539682,-0.005749614458737743,-0.015390295644324075,-0.021712557361017078,1473.0,0.0,0.01900436507936508,-0.050253404047242906,,0.0,1.794871794871795,0.23237179487179488,0.0,-0.34963130512577695,44.774679001405836,46.350176832014355,45.07484538308076,44.774679001405836,41.999848353900795,,26.391960401338636
2025-03-12,KEGC,1482.0,3270.0,-0.08830356591144418,-0.517225532841601,0.7721518412396298,-0.8086866491224339,-0.7392473118279619,0.2626536099581093,-0.04007718226576017,0.0001723536901713411,0.0006154761904761904,-0.003798968575284371,-0.023701669237195504,-0.025760733564680935,1472.0,0.0,0.01901309523809524,-0.05399870830923457,,0.0,1.794871794871795,0.23237179487179488,0.0,-0.4346907938626445,43.51635024284812,47.72189533347032,42.07481323016866,43.51635024284812,41.178351522897714,,24.28388043664216
2025-03-13,KEGC,1478.49,47710.0,-0.3187030601361524,2.1631218739270315,0.476521697693767,-1.0475424875296908,-0.2691790040376896,0.27488709158252084,0.24712057708849855,0.0002020783424464432,0.000628968253968254,-0.0007656387517637913,-0.021797014585988476,-0.021803328814566023,1474.35,0.0,0.0190031746031746,-0.049312708888315654,,0.0,1.794871794871795,0.23237179487179488,0.0,-0.35153857720148046,44.74638407200657,49.861051472348954,42.757980820507875,44.74638407200657,42.206898220029274,,44.98354529580345
2025-03-14,KEGC,1469.3,54240.0,-0.8681715904768428,2.291399170633657,-0.38527516902965886,-1.6442949882823106,-0.4383838383838379,0.2763330982501892,0.47575822773836685,0.00019977612780179072,0.0006206349206349206,0.004137141269085083,-0.015930313187685716,-0.01103623078260998,1481.0,0.0,0.01899920634920635,-0.0440476184804555,,0.0,1.794871794871795,0.23237179487179488,0.0,-0.12530241363008818,48.12134859617341,53.316250437730275,44.87858732265439,48.12134859617341,43.370626988116165,,37.168781989044575
2025-03-17,KEGC,1480.0,19570.0,0.00849459546344003,1.271978472942643,0.9999999305073016,-0.8906169371594866,-1.3223728836325277,0.29908606778842783,0.26603654937687515,0.00019409793050173803,0.0006202380952380952,-0.0014973723723723416,-0.021188642213642146,-0.01697257614757615,1483.0,0.0,0.018999603174603176,-0.0512390283140283,,0.0,1.794871794871795,0.23237179487179488,0.0,-0.2500357444699095,46.25648230367024,49.34467690262358,42.976790123358185,46.25648230367024,41.783211235578946,,42.25226726579479
2025-03-18,KEGC,1473.1,4940.0,-0.45121817837003536,-0.2018655016316031,-0.9999999197431847,-1.347905302892739,-0.6044325050369337,0.3390672441296645,0.3126796630822077,0.00018043078001258507,0.0006238095238095239,-0.0007879046239816106,-0.014778342912527564,-0.009226680345842255,1487.5,0.0,0.019001984126984128,-0.0482856682215347,,0.0,1.794871794871795,0.23237179487179488,0.0,-0.0872804928313514,48.691091727216545,49.84533775049415,45.2974318337636,48.691091727216545,42.43326596031468,,7.518669173701231
2025-03-19,KEGC,1481.01,4019.9999999999995,0.0985559050899567,-0.3107340342663854,0.9999998735777657,-0.813741232904507,-0.2640487474610764,0.3526473675790701,0.17267967613357094,0.00020725855258305683,0.0006373015873015873,-0.0055712008471696,-0.023490134186097578,-0.015587789984698366,1486.05,0.0,0.018990873015873013,-0.05659616034231465,,0.0,1.794871794871795,0.23237179487179488,0.0,-0.22093888773781714,46.69076137961484,46.47544181560088,42.15054263332611,46.69076137961484,40.61146935111911,,31.712386550735307
2025-03-20,KEGC,1482.0,3250.0,0.16825562681562267,-0.5233599124516044,0.9999998437500244,-0.7304157305992377,-0.06680161943319884,0.37552173871741246,0.21824928260119814,0.00025235374187706805,0.0006376984126984128,-0.0025494425165477797,-0.02347423526765632,-0.01418973234367977,1489.1,0.0,0.018980555555555553,-0.05554353833301202,,0.0,1.794871794871795,0.23237179487179488,0.0,-0.19156317329582115,47.129711586845126,48.602518255798564,42.156235932011185,47.129711586845126,40.84090703970347,,32.4905234428572
2025-03-26,KEGC,1480.0,4760.0,0.04069354661173939,-0.07874877484599706,0.0,-0.8213679116266998,0.23740437879187226,0.37569434348338737,0.32294491181244955,0.00025710512430305904,0.0006261904761904761,-0.0018823788073788076,-0.019446160446160446,-0.011535017160017164,1491.01,0.0,0.01897420634920635,-0.057243500643500644,,0.0,1.794871794871795,0.23237179487179488,0.0,-0.13578281569676964,47.96438355818064,49.0730321813852,43.60498922831252,47.96438355818064,40.47057258481032,,25.013830074225044
2025-03-27,KEGC,1482.45,8540.0,0.21486397726265316,0.5657807846802761,0.2432431994156663,-0.6486980605279272,0.7282379364323077,0.37101828973082107,0.3999999456183813,0.00024991197181518357,0.0006277777777777778,-0.0035337102833308746,-0.019740852457884258,-0.01191355678903485,1492.9,0.0,0.01896269841269841,-0.061221582194211976,,0.0,1.794871794871795,0.23237179487179488,0.0,-0.14373661654213457,47.84528609192023,47.90874040045609,43.49859689174153,47.84528609192023,39.60824797623326,,34.14759191230661
2025-03-28,KEGC,1476.61,47420.0,-0.17936271386125816,2.196062487158495,0.2760241587626403,-1.0242667096756843,0.165540540540543,0.37346645832331615,0.24864859940005432,0.0002562529035302799,0.0006416666666666667,-0.0009212643304703154,-0.016470825492819554,-0.006570715489135579,1494.88,0.0,0.018943650793650794,-0.05732140440356567,,0.0,1.794871794871795,0.23237179487179488,0.0,-0.03147387734606443,49.527905869489196,49.75122238554281,44.68230902614213,49.527905869489196,40.45362698528111,,44.371213050078666
2025-03-31,KEGC,1477.49,6720.0,-0.0863254918401393,0.2421086866786963,0.2424241812060218,-0.938639116180786,0.2382730296653257,0.3814809363842099,0.5038534151012193,0.00025384386895575687,0.0006611111111111111,-0.008266630475408375,-0.015431971921599837,-0.009763653767914209,1491.0,0.0,0.018907539682539682,-0.055160511727471745,,0.0,0.7186311787072244,0.32547528517110264,1.0,-0.09856327363160117,48.52198162641129,44.588599364602246,45.059693475309004,48.52198162641129,40.92449420146561,,39.806059923809926
2025-04-01,KEGC,1483.0,40180.0,0.3118235792188037,2.0303876273387758,0.9999999166666736,-0.5447905074225278,-0.23767564027251664,0.3757017618116649,0.3523382766268705,0.00025189701711599195,0.0006674603174603175,-0.013966331117747185,-0.014604570047843816,-0.014134212075479796,1490.03,0.0,0.018874603174603176,-0.05941895342987724,,0.0,0.7186311787072244,0.32547528517110264,1.0,-0.19039659225042363,47.14715298656456,40.655946382456655,45.36067318085782,47.14715298656456,39.99823642535872,,49.4695472126606
2025-04-02,KEGC,1482.0,5240.0,0.22083525198700302,-0.16256605554684656,-0.22279789860131122,-0.5979555021240519,0.06747638326585204,0.37583633792595056,0.3523382912102004,0.00022298321025933596,0.0006357142857142858,-0.013430208534155975,-0.012566109183214446,-0.012793792172739541,1491.0,0.0,0.018866666666666667,-0.05719952766531717,,0.0,0.7186311787072244,0.32547528517110264,1.0,-0.16223195072206906,47.56844033763326,41.02160412523494,46.103596988434035,47.56844033763326,40.48013857551639,,31.041031221531274
2025-04-03,KEGC,1482.0,4260.0,0.22345990575343536,-0.3696174927666932,0.5991982767137729,-0.5907293892477371,0.13513513513514486,0.37583830733078966,0.30777871148993813,0.00022030404776523027,0.0006242063492063491,-0.011324943769680611,-0.00953165606323501,-0.012114266435319064,1492.0,0.0,0.01886190476190476,-0.060733307628044506,,0.0,0.7186311787072244,0.32547528517110264,1.0,-0.14795388847857877,47.78214796848299,42.46674598301169,47.21262812742897,47.78214796848299,39.71375521863373,,33.36341716105579
2025-04-04,KEGC,1480.0,3550.0,0.09353530456716844,-0.5519380907050324,-0.199999960000008,-0.7187334726805665,-0.030355155317218774,0.37583830733078966,0.37896972694955944,0.00022030404776523027,0.0006285714285714285,-0.009311636636636637,-0.009152638352638381,-0.012104365079365072,1489.99,0.0,0.01885436507936508,-0.056594734019733986,,0.0,0.7186311787072244,0.32547528517110264,1.0,-0.14774584311867422,47.785262517414566,43.860952411901515,47.35136757269737,47.785262517414566,40.61177996879037,,31.26975392311774
2025-04-07,KEGC,1470.0,38450.0,-0.5748824172274696,1.8609352558674876,-0.5444015023628129,-1.3825015342885116,0.22957991615932816,0.37656362684272715,0.28376490319702985,0.0002291242824781665,0.0006412698412698412,-0.0004999999999999935,-0.00023339002267579873,-0.0052386621315192675,1489.99,0.0,0.018837301587301587,-0.0500156462585034,,0.0,0.7186311787072244,0.32547528517110264,1.0,-0.003485032031840179,49.947724538569666,50.04852228570689,50.6234233067701,49.947724538569666,42.05215328400616,,30.022016260012705
2025-04-08,KEGC,1467.03,45740.0,-0.7226965088894874,1.7908829289147445,-0.6616666115277869,-1.5137903524558862,-0.5069408253186136,0.40324872239713677,0.12639976648326284,0.000220126284082265,0.0006678571428571428,-0.003412457246792366,0.0031673792336508987,-0.0004543654201896903,1493.95,0.0,0.01880436507936508,-0.04660430627088158,,0.0,0.7186311787072244,0.32547528517110264,1.0,0.09704167722129343,51.45521406521782,47.99416953131351,51.871123382036885,51.45521406521782,42.80453325328403,,17.422176797048355
2025-04-09,KEGC,1466.87,73410.0,-0.6511045927287683,2.2639695312912296,-0.05890410555452241,-1.4677702114670768,-1.0768712070128084,0.4046174578726497,-0.20593353915562926,0.00021987258619666003,0.0006591269841269841,-0.003721671021582323,0.004609552847705992,-0.042552259932903166,1432.0,0.0,0.018780555555555557,-0.05122446547724274,,0.0,0.7186311787072244,0.32547528517110264,1.0,-0.787511070484974,38.402312685095005,47.77633654387514,52.399625336780595,38.402312685095005,41.78640981639219,,31.794279883857705
2025-04-10,KEGC,1470.0,7260.0,-0.34718405713623146,-0.6605965592637453,0.4545454132231443,-1.1923818970164617,-1.0209176788124275,0.3974268342026262,-0.17315478054627148,0.0001896465369216302,0.0006309523809523809,-0.006174319727891156,0.003797789115646332,-0.04938446712018141,1425.0,0.0,0.01877222222222222,-0.049910941043083905,,0.0,0.7186311787072244,0.32547528517110264,1.0,-0.9310680751845883,36.38620002201971,46.052177542731165,52.10220320993009,36.38620002201971,42.07519331459888,,13.756437233605586
2025-04-11,KEGC,1471.0,8840.0,-0.22108880276916595,0.11242376522954374,0.9999998461538698,-1.1116401453499505,-0.8097165991902799,0.40234751012450204,-0.2020853532443972,0.00019963594770321954,0.0006313492063492063,-0.004876287322089429,0.0004751613199097896,-0.04798498969494891,1428.0,0.0,0.0187531746031746,-0.05186110086001322,,0.0,0.7186311787072244,0.32547528517110264,1.0,-0.901662528513639,36.79555648873611,46.96375327399077,50.88349775904223,36.79555648873611,41.64664411459481,,28.81846059620942
2025-04-14,KEGC,1473.99,4660.0,0.029544892323222816,-0.5278454130988026,0.5540740330315544,-0.8959571446792568,-0.6081081081081074,0.3629983628358794,0.037914607986378336,0.00019953485793251379,0.000625,-0.0051380314656137484,-0.0022485278620162745,-0.04688975450986778,1432.5,0.0,0.018741666666666667,-0.0552862656802285,,0.0,0.7186311787072244,0.32547528517110264,1.0,-0.878649660445961,37.117256158860705,46.77975394261921,49.88362787226706,37.117256158860705,40.89704534798766,,20.61754554165476
2025-04-15,KEGC,1466.67,57500.0,-0.4632191537922526,1.984919825659711,-0.5638370901423568,-1.3820443645231453,0.2714285714285669,0.3571860055738163,0.25760971506525177,0.0001794038026795161,0.0006206349206349206,-0.003585388572168879,0.003450900249577305,-0.03991697927147579,1435.6,0.0,0.018732936507936507,-0.04901455158218801,,0.0,0.7186311787072244,0.32547528517110264,1.0,-0.7321390672761483,39.1911724309294,47.872334020416766,51.97505989557199,39.1911724309294,42.27258112524353,,28.399812767392184
2025-04-16,KEGC,1466.0,7460.0,-0.41236087846242064,-0.057307180054334765,0.1135857208049597,-1.3846887207082264,-0.024539375472887315,0.3697401716180968,0.27717561934233786,0.0001806693230906192,0.0006206349206349206,-0.002461125728144827,0.004598826306329719,-0.03646953647761969,1439.99,0.0,0.018727380952380954,-0.05264844193248014,,0.0,0.7186311787072244,0.32547528517110264,1.0,-0.6597020717645401,40.231674389287605,48.66480015903138,52.39569630197555,40.231674389287605,41.473978567008885,,28.19937639210201
2025-04-17,KEGC,1465.5,4160.0,-0.4642611383446779,-0.5705427902792422,0.14613176328602473,-1.4086582490905573,-0.0593099593010904,0.34351578531290416,0.3116735846142343,0.00017885809593815293,0.0006154761904761904,0.0005867154879693262,0.003568956637585099,-0.034756195268963945,1441.99,0.0,0.01871388888888889,-0.051928126675439924,,0.0,0.7186311787072244,0.32547528517110264,1.0,-0.6237016804999098,40.75214722590588,50.815385706418645,52.01833342445376,40.75214722590588,41.63193716580085,,28.34717198524786
2025-04-18,KEGC,1468.39,25200.0,-0.23618806106119666,1.282361472213695,0.9999999037536186,-1.2004925117560168,-0.3061224489795955,0.29625267647724635,0.24999085462681037,0.00016908371159076902,0.0006202380952380952,-3.550708599220961e-05,0.001563956744764233,-0.037340781040610685,1441.0,0.0,0.018687698412698413,-0.05154177789960439,,0.0,0.7186311787072244,0.32547528517110264,1.0,-0.6780084925734262,39.96784461513121,50.37632518858282,51.28304307935265,39.96784461513121,41.71673102262171,,45.50682313873313
2025-04-21,KEGC,1471.0,11740.0,-0.0429786918935285,0.46694086627621056,0.9999999090909174,-1.0051598982712884,-0.1774303195105298,0.2839403295894476,0.24999086614676008,0.00013971531759724164,0.0006325396825396825,-0.0024868570133695896,0.002453218844755245,-0.03225497528945863,1450.99,0.0,0.018651984126984125,-0.053294757642463275,,0.0,0.7186311787072244,0.32547528517110264,1.0,-0.571146534189182,41.51566971509351,48.646653756638,51.60924818982949,41.51566971509351,41.33239633982536,,41.09248888840263
2025-04-22,KEGC,1466.0,5580.0,-0.3752567017242421,-0.36025165845448015,-0.0345937220761335,-1.3292981435622386,-0.20285076560899729,0.25725322412207907,0.33917604135863266,9.976634801330342e-05,0.0006396825396825397,0.002549739058879515,-0.036336407782758394,-0.030215775027609942,1448.98,0.0,0.018605952380952383,-0.05119660343446161,,0.0,0.7186311787072244,0.32547528517110264,1.0,-0.5282992560623185,42.14120296249714,52.199416780634365,37.630786755239896,42.14120296249714,41.79252962673562,,29.0087841174721
2025-04-23,KEGC,1467.0,3640.0,-0.2965977542867322,-0.7874547856598748,0.272871895555146,-1.2498726827005995,-0.04568171435974655,0.2648609764079971,0.44502471497187723,0.0001136029158239578,0.0006353174603174604,0.006415904664524298,-0.04176120605706495,-0.03289707128250073,1446.0,0.0,0.018582142857142856,-0.052189275976239236,,0.0,0.7186311787072244,0.32547528517110264,1.0,-0.5846381299449994,41.31925880975111,54.913426360038606,35.78025227711355,41.31925880975111,41.5746494544644,,30.943297758964935
2025-04-24,KEGC,1471.0,7170.0,-0.015284840423142028,-0.1095355907593987,0.4336916785498971,-0.9542391227268879,0.06821282401090478,0.26548507539994304,0.4768819499219147,0.00011041184494211699,0.0006384920634920634,0.005048192030041113,-0.042336973821933035,-0.04033615589222318,1438.98,0.0,0.018568650793650793,-0.05032519962664424,,0.0,0.7186311787072244,0.32547528517110264,1.0,-0.740946724664913,39.065303791023354,53.955803861957996,35.58619904863991,39.065303791023354,41.984057391072604,,35.15266818659231
2025-04-25,KEGC,1473.0,11720.0,0.1369101607511869,0.4652358198307062,0.503330113860141,-0.8093106807047415,0.3752985329239067,0.27095448486668733,0.534393932974689,0.00011680008855321198,0.000628968253968254,0.006737110044289271,-0.04058459088998804,-0.038923344809750106,1443.0,0.0,0.018556746031746032,-0.05590942440112502,,0.0,0.7186311787072244,0.32547528517110264,1.0,-0.7112610137889446,39.49010889287421,55.13782243390425,36.1782585951798,39.49010889287421,40.76110985606262,,40.51179178722879
2025-04-28,KEGC,1472.0,8280.0,0.1133441885637839,0.11778275449763517,0.5211072303731985,-0.8255767084431993,0.31394929140078354,0.260048001713515,0.43505997499599347,0.00011792488161806481,0.0006242063492063491,0.00643610679779155,-0.037805641821946234,-0.03893083160800552,1442.0,0.0,0.018550396825396828,-0.05455590493443756,,0.0,0.7186311787072244,0.32547528517110264,1.0,-0.7114183249334806,39.48785350554925,54.92754568434556,37.12575788746637,39.48785350554925,41.05654302327768,,36.88241498789776
2025-04-29,KEGC,1474.35,5120.0,0.27942480620465404,-0.42990234701331476,0.9478622577828716,-0.658331620885202,0.06798096532971698,0.25976513391117984,0.33928143925244975,0.0001177087197586842,0.000619047619047619,0.006887345230424384,-0.036378598034323376,-0.029369517196439952,1458.4,0.0,0.018551190476190475,-0.05680760016116862,,0.0,0.7186311787072244,0.32547528517110264,1.0,-0.5105178515884369,42.401550695824795,55.24270648062966,37.616246288301184,42.401550695824795,40.565431325986566,,38.03823574155631
2025-04-30,KEGC,1481.0,69660.0,0.8311885476536919,2.247564272656796,0.777406745831567,-0.20403770375809097,0.5695770804911238,0.24691937913231335,0.5357726352242508,0.000125153920345799,0.0006166666666666666,0.0036387085624256387,-0.03939904075967546,-0.03206073813275029,1461.0,0.0,0.018556349206349205,-0.061217559188879236,,0.0,0.7186311787072244,0.32547528517110264,1.0,-0.5670652609411546,41.57513842456686,52.96587756266579,36.58121452634491,41.57513842456686,39.60911688084517,,50.28335117193795
2025-05-02,KEGC,1483.0,46390.0,0.8344044430971271,1.7740237282324336,0.49874674216873743,-0.049868316570392104,0.9543285616905317,0.26890557924657876,0.636679605279535,0.00012299833672890326,0.0006206349206349206,0.0035597844352396554,-0.04135311386186302,-0.033793744715238244,1460.4,0.0,0.018554365079365077,-0.06253810781449014,,0.0,0.7186311787072244,0.32547528517110264,1.0,-0.6034788572047356,41.045438007866395,52.91037019750169,35.91807639151641,41.045438007866395,39.324254799065365,,49.23534345653369
2025-05-05,KEGC,1487.5,55110.0,1.0599793905803048,1.862228799568773,0.9756096073766062,0.2654622950092021,0.8157715839564927,0.2706753361447523,0.6496906180033031,0.00012397981212698033,0.0006261904761904761,0.0018490429505136122,-0.03754731559290382,-0.034443207282913224,1463.85,0.0,0.01854404761904762,-0.065541690009337,,0.0,0.7186311787072244,0.32547528517110264,1.0,-0.6171252379897836,40.84745390413933,51.70566752364828,37.21435390614615,40.84745390413933,38.679061875504004,,50.38183669615205
2025-05-06,KEGC,1486.05,47260.0,0.8469212649413675,1.5254621198914693,-0.5550846281600582,0.1731687728991181,0.9843856076035218,0.2765414622373136,0.744146516706596,0.00011298772925324967,0.0006261904761904761,0.00021986698518446784,-0.037915562949718054,-0.034394569296040435,1462.48,0.0,0.01853373015873016,-0.06451391820918667,,0.0,0.7186311787072244,0.32547528517110264,1.0,-0.6161032660971457,40.86227065561418,50.556536327401126,37.08808534799557,40.86227065561418,38.89940088915442,,49.20082922509413
2025-05-08,KEGC,1489.1,38390.0,0.9554390224343986,1.3175949472809305,0.5721648747209996,0.48373774755818233,0.9544836956521641,0.22473685503942104,0.5289081449999447,0.0001077045640751891,0.0006273809523809525,-0.0024937156565220065,-0.0418980223219948,-0.0363983951369368,1462.48,0.0,0.018521825396825398,-0.06784087946485194,,0.0,0.7186311787072244,0.32547528517110264,1.0,-0.6582072637912446,40.2532425879224,48.64181691491399,35.73409804967018,40.2532425879224,38.18783625313353,,47.203660479321606
2025-05-12,KEGC,1491.01,8390.0,0.9605560829197424,-0.2031591933069201,0.2769830589098875,0.6284752738618699,1.0004408722487979,0.21863224574571494,0.45376866838757035,0.00010799421160392103,0.0006198412698412699,-0.003132897339323514,-0.04785533269075195,-0.03931544289302989,1460.0,0.0,0.018517460317460318,-0.06861057085997845,,0.0,0.7186311787072244,0.32547528517110264,1.0,-0.7194997022304949,39.37205030614184,48.19117804373762,33.75102160030339,39.37205030614184,38.02392298860514,,38.89869790796322
2025-05-13,KEGC,1492.9,19740.0,0.9545426018161767,0.8291407459936603,0.26086950850669305,1.0009758088789629,0.6758946657663634,0.2179707449356374,0.3536839310032344,0.00011307025960148908,0.0006162698412698412,-0.0037322185859630366,-0.04638519521502313,-0.04356897587735393,1455.5,0.0,0.018517063492063494,-0.07097647313686906,,0.0,0.7186311787072244,0.32547528517110264,1.0,-0.8088741075848246,38.0995621188613,47.768907505981026,34.235438537223935,38.0995621188613,37.521802147849,,42.61815548618413
2025-05-14,KEGC,1494.88,16140.0,1.0359819568716622,0.4510996151982934,0.945945732895155,1.1211721511923334,0.6675657451112649,0.21607253337902732,0.3061084842708256,0.00010522394912423445,0.0006226190476190475,-0.0063989433562858175,-0.04832963240453347,-0.04318079722702174,1458.0,0.0,0.018509920634920636,-0.07245164196436008,,0.0,0.7186311787072244,0.32547528517110264,0.0,-0.8007177735038279,38.215043533257415,45.894680480580405,33.59545658493917,38.215043533257415,37.21006908781207,,44.50587752513871
2025-05-15,KEGC,1491.0,7540.0,0.7252333021029489,-0.4419264068813777,-0.8018016212158289,0.8517793907975765,0.496134453781516,0.21640539949310528,0.3001757093745353,0.00010535674320198147,0.000625,-0.003804381846635361,-0.03481491728146652,-0.043650905432595574,1453.5,0.0,0.0185,-0.07006093226022804,,0.0,0.7186311787072244,0.32547528517110264,0.0,-0.8105955954180335,38.07520558440146,47.71808292969803,38.15662552212253,38.07520558440146,37.715797919182556,,26.07857946662915
2025-05-16,KEGC,1490.03,10380.0,0.6432827045492981,-0.12226853202505635,0.16162487799265224,0.7828769808815395,0.3330978096295567,0.22709862944497097,0.2508323107633812,0.00010210435227748069,0.0006345238095238095,-0.0004965614386798368,-0.03242052761747951,-0.04535249773121642,1449.99,0.0,0.018480555555555552,-0.06981347328524004,,0.0,0.7186311787072244,0.32547528517110264,0.0,-0.846349120876803,37.57071765296659,50.05094900442746,38.989752840095704,37.57071765296659,37.7683004269584,,33.38544500138822
2025-05-19,KEGC,1491.0,23050.0,0.5602865483430366,0.7352343778383192,0.21836503713717745,0.8493569318668532,0.06245383117320369,0.18896634007102928,0.16872431141771171,0.00010126318073162972,0.0006277777777777778,-0.04270567851553767,-0.03345171026156936,-0.045967767717415606,1450.0,0.0,0.018469444444444445,-0.06969344399731724,,0.0,0.7186311787072244,0.32547528517110264,0.0,-0.8592770538096324,37.38895799660812,23.33476494125712,38.6301334984724,37.38895799660812,37.793776967842376,,36.96609859494557
2025-05-20,KEGC,1492.0,11850.0,0.5772525184352373,0.0101781865852076,0.9999997777778271,0.9059763083954756,-0.0006706863133087992,0.1867231202736794,0.1570007070631697,0.00010012176115688924,0.0006194444444444444,-0.04804426145793438,-0.031792292225201135,-0.04394174432954594,1453.99,0.0,0.01846587301587302,-0.07100888335673858,,0.0,0.7186311787072244,0.32547528517110264,0.0,-0.8167066455884787,37.98879168658019,20.74756028849949,39.20943760005458,37.98879168658019,37.51494197762752,,41.15295156413603
2025-05-21,KEGC,1489.99,12450.0,0.4141869554177349,0.05404481362850987,-0.5686955532703354,0.7632791805336373,-0.06028535065979446,0.18469308821282876,0.3048267609173965,9.922126805740204e-05,0.000621031746031746,-0.044733671148533334,-0.03138305243233229,-0.04327256452237829,1453.02,0.0,0.018460317460317458,-0.07036847361658016,,0.0,0.7186311787072244,0.32547528517110264,0.0,-0.8026459700133397,38.187731100235,22.32626734671771,39.352778795655006,38.187731100235,37.65058811084578,,29.094000874463173
2025-05-22,KEGC,1489.99,66920.0,0.3390947288160553,1.7358206980493882,0.29352515873919005,0.7582792693054072,-0.32711655785080396,0.18938803747801267,0.001898503684298425,0.00010018777159200974,0.0006242063492063491,-0.041702802365137855,-0.03137432227360213,-0.04173401957688651,1455.3,0.0,0.018451984126984126,-0.0710372035308216,,0.0,0.7186311787072244,0.32547528517110264,0.0,-0.7703183637338059,38.646618231205046,23.845051397873007,39.35583864714833,38.646618231205046,37.508947945021355,,42.31796861346872
2025-05-23,KEGC,1493.95,104710.0,0.5343577659730216,2.1538637273994063,0.7522122562456063,0.985742469192203,-0.06773977196512515,0.18839229726850446,0.22096385967530222,9.504155188193676e-05,0.0006349206349206349,-0.04215316696655355,-0.03561665746287808,-0.04781772660311941,1450.05,0.0,0.018432539682539682,-0.07425202786158142,,0.0,0.7186311787072244,0.32547528517110264,0.0,-0.8981480290551698,36.84461094884243,23.614951637739377,37.87918328376889,36.84461094884243,36.831049986413475,,49.281669846389335
2025-05-26,KEGC,1432.0,236040.0,-3.740974317414297,2.804089570606994,-0.540788755526894,-3.274781658736345,0.26308195137010326,0.16751751714185278,0.339081335325893,7.511517310631566e-05,0.0006353174603174604,0.002504212113150667,0.0035383923029174424,-0.0029106987674026447,1454.2,0.0,0.018413492063492062,-0.03459259554846147,,0.0,0.7186311787072244,0.32547528517110264,0.0,0.04542968007251479,50.68140301208275,52.1673479837797,52.00713036589142,50.68140301208275,45.47807278824217,,38.11265622863347
2025-05-27,KEGC,1425.0,47990.0,-3.157020713340593,0.9839583920821406,-0.9999999234889118,-3.2655749374059586,-3.9570757880617036,0.9633577220440034,0.18725057679307872,7.486210138577554e-05,0.0006226190476190475,0.008868045112781962,0.010292815371762742,0.0019499582289055906,1454.01,0.0,0.01840793650793651,-0.029296282372598167,,0.0,0.7186311787072244,0.32547528517110264,0.0,0.14756085673845706,52.21196812429556,56.62079303843031,54.475981415594674,52.21196812429556,46.66619397152497,,36.73968645307051
2025-05-28,KEGC,1428.0,18050.0,-2.7795202093820057,-0.1700111982084419,0.49999987500003124,-2.96484585567788,-4.490616621983912,0.9622298050808409,-0.21274936346026907,6.551002528164459e-05,0.0006123015873015872,0.0060671335200746974,0.0049892857142857135,0.001196732026143791,1456.0,0.0,0.01841111111111111,-0.031084617180205415,,0.0,0.7186311787072244,0.32547528517110264,0.0,0.13173421469354205,51.97498511642493,54.6695464401451,52.53869854514441,51.97498511642493,46.264525983165406,,34.84389401994386
2025-05-29,KEGC,1432.5,22820.0,-2.4119784510217666,0.06447997001642905,0.5555555144032953,-2.622000592191388,-4.160430606916821,0.9635568194046625,0.0009897221938042766,6.565605650662354e-05,0.0006134920634920636,0.009887663093160482,-0.0006600203606748033,-0.006894770630765396,1449.0,0.0,0.01841309523809524,-0.03426684326435635,,0.0,0.7186311787072244,0.32547528517110264,0.0,-0.038282860770412,49.42578233503529,57.326365081579134,50.466811054623776,49.42578233503529,45.55101430132075,,35.8636626494196
2025-05-30,KEGC,1435.6,8780.0,-2.1361321429923827,-0.9601846696644829,0.8697828264135183,-2.3624184229609733,-3.858415157148709,0.9690752496441903,0.05339579332662533,6.769099814889855e-05,0.000611904761904762,0.006318557585567972,-0.0028435571432993464,-0.005599726014674405,1454.0,0.0,0.018416666666666668,-0.03442547986130448,,0.0,0.7186311787072244,0.32547528517110264,0.0,-0.011071635914034797,49.833926072014876,54.84537917594319,49.66517649640873,49.833926072014876,45.51549044747157,,37.966344730780015
2025-06-02,KEGC,1439.99,5150.0,-1.8128272269682852,-1.4936608509724567,0.9530330815982645,-2.0481454454611367,-3.9057532045918664,0.9700548410138674,0.07690990736020774,6.570088974722628e-05,0.0006150793650793651,0.001175624221707001,-0.0031527102618768184,-0.010009266995571137,1452.1,0.0,0.01841904761904762,-0.03881448407875849,,0.0,0.7186311787072244,0.32547528517110264,0.0,-0.10372405086076472,48.44464121285073,51.23082417818029,49.551682526484804,48.44464121285073,44.53458536306593,,39.40018231982167
2025-06-03,KEGC,1441.99,383770.0,-1.581535801250463,2.8922739589971256,0.368998577640808,-1.9032119667912264,0.5579608938547587,0.9660229452942809,0.3756742747852394,8.413230027326318e-05,0.000601984126984127,-0.005108424862488858,-0.005239340543717327,-0.01288525582261375,1450.0,0.0,0.018440079365079364,-0.03848679828702333,,0.0,0.7186311787072244,0.32547528517110264,0.0,-0.16415376709193624,47.539682077830406,46.80056231660933,48.785833909186735,47.539682077830406,44.607683077863356,,51.925412523942676
2025-06-04,KEGC,1441.0,21480.0,-1.0756923529850433,0.009354580128039497,0.20300750353327454,-1.6081743789387954,1.192280701754389,0.9660800701427056,0.6494739750111834,8.327631433594359e-05,0.000594047619047619,-0.0016561225670004296,-0.002986653338180087,-0.010834666181994426,1452.0,0.0,0.018468253968253967,-0.03418341649868368,,0.0,0.7186311787072244,0.32547528517110264,0.0,-0.12106717756000492,48.184790446446094,49.23266368493811,49.61264359673802,48.184790446446094,45.569698065657796,,48.56813352209744
2025-06-05,KEGC,1450.99,54070.0,-0.26441731351801734,0.9645014407231564,0.8831290402329093,-0.9046470573754863,0.9103641456582601,0.9607489285709779,0.590075500717832,8.253457138432998e-05,0.0005968253968253967,-0.009260849149847013,-0.013576801802097499,-0.021924599753293795,1446.01,0.0,0.018492460317460317,-0.04399253174378924,,0.0,0.7186311787072244,0.32547528517110264,0.0,-0.35408669851040175,44.708587271848046,43.896257805763575,45.73500949160107,44.708587271848046,43.38284373017983,,49.88814023243844
2025-06-09,KEGC,1448.98,16170.000000000002,-0.29937878346811037,-0.2426179767652517,0.6051079955689634,-1.0163318123137348,1.290750436300181,0.9792964302801639,0.6555902058837548,8.625883473988745e-05,0.0005936507936507937,0.0034098550879907916,-0.009349053105118042,-0.020175782006039557,1446.58,0.0,0.018519444444444443,-0.04375393112878311,,0.0,0.7186311787072244,0.32547528517110264,0.0,-0.3173408811369449,45.25421588620325,52.80490512254834,47.27946470423017,45.25421588620325,43.43576813349353,,48.444972452714055
2025-06-10,KEGC,1446.0,13430.0,-0.4141328197488988,-0.3414051466407736,0.0,-1.2031740279265644,0.9320144887155379,0.9763991181972499,0.6026552397148439,8.741987958687213e-05,0.0006115079365079366,0.007271856681815188,-0.007417723770005933,-0.015761922874267274,1450.0,0.0,0.018528174603174605,-0.04104611736810907,,0.0,0.7186311787072244,0.32547528517110264,0.0,-0.22459773404633487,46.63612308577006,55.51093181428537,47.986922879327494,46.63612308577006,44.03741366110459,,46.87443525584049
2025-06-11,KEGC,1438.98,492980.0,-0.8722937008926966,3.2615684678659425,-0.5742856732653064,-1.6727264137612368,0.41736400947227636,0.9745709048131742,0.412048623395191,8.758835627699296e-05,0.000625,0.01179030583171021,-0.0011197965622474788,-0.01087871226907419,1449.98,0.0,0.01852301587301587,-0.03585650520309029,,0.0,0.7186311787072244,0.32547528517110264,0.0,-0.1219926653499073,48.17092656651224,58.63483814969024,50.298021079689725,48.17092656651224,45.19524823974989,,51.095005727926804
2025-06-12,KEGC,1443.0,14070.0,-0.28736051119482225,-0.33986621419029056,0.9375671757193644,-1.0569202305181566,-0.20873931164571147,0.9750843718077273,0.22339177321396814,8.57798683270557e-05,0.0006170634920634921,0.011355016830016766,-0.008788027588027587,-0.014992680592680656,1448.1,0.0,0.018526984126984128,-0.02762871002871,,0.0,0.7186311787072244,0.32547528517110264,0.0,-0.2084345652773174,46.87755010247891,58.33648761381388,47.484871990120006,46.87755010247891,47.04112906045991,,38.41670338312271
2025-06-13,KEGC,1442.0,9390.0,-0.3201421530874623,-0.744263010513628,0.7714791167866207,-1.0679566532199676,0.1387925052047212,0.9781009838003042,0.37030370765118603,8.991125558053864e-05,0.0006178571428571429,0.011110433040530141,-0.00462187548158422,-0.014639331946370848,1447.61,0.0,0.018529761904761903,-0.027941997996609638,,0.0,0.7186311787072244,0.32547528517110264,0.0,-0.20101007244674984,46.98849842472024,58.16857812633776,49.012416761118025,46.98849842472024,46.97066297844136,,41.88533442270675
2025-06-16,KEGC,1458.4,197250.0,0.8302707935585365,2.3005556812095582,0.9999999509803945,0.06350904821174018,-0.6195769784767657,0.9781277184208734,0.34797372296192836,8.092653390392075e-05,0.0006198412698412699,-0.00029011201664799627,-0.017261072364583185,-0.021360441971632393,1454.27,0.0,0.01852857142857143,-0.0410313376694617,,0.0,0.7186311787072244,0.32547528517110264,0.0,-0.3422327252491557,44.884470922521125,50.196647074247025,44.39564340966498,44.884470922521125,44.040702519762405,,50.137730204003574
2025-06-17,KEGC,1461.0,52010.0,0.9340860316854263,0.8535962298263348,0.6012809766788638,0.2634979538323361,0.6501124929260582,1.0204524857978567,0.4269521140442145,8.080014119364374e-05,0.0006218253968253969,-0.0037658119031322313,-0.020471549982073595,-0.027418948208989283,1448.01,0.0,0.01852777777777778,-0.04315399840292037,,0.0,0.7186311787072244,0.32547528517110264,0.0,-0.46953287651043,43.0032212866439,47.745247155371715,43.23505415726665,43.0032212866439,43.56890610626854,,47.10218196241335
2025-06-18,KEGC,1460.4,68100.0,0.9043196931973166,1.1231369912276574,0.2720847736060538,0.23441349458474822,1.0373443983402453,1.021741857147814,0.5472083093799873,8.10261215349244e-05,0.0006186507936507937,-0.006433816566889759,-0.018697880554577412,-0.026326217213809722,1449.01,0.0,0.018526984126984128,-0.042272366018442455,,0.0,0.7186311787072244,0.32547528517110264,0.0,-0.44657262599248587,43.341201371424255,45.870236059818346,43.875402398741855,43.341201371424255,43.7647271463869,,48.98092711710212
2025-06-19,KEGC,1463.85,7350.0,1.1289968740923448,-1.5721427911021806,0.6581195456205852,0.4768546690791088,1.4885543926948408,1.0211166311707232,0.7164823987542595,7.933586065029228e-05,0.0006158730158730159,-0.007074485700623051,-0.02513823149815305,-0.029355389896505726,1448.0,0.0,0.018527777777777775,-0.04386765452158932,,0.0,0.7186311787072244,0.32547528517110264,0.0,-0.5102210115179503,42.4059005248185,45.42152382111141,41.561528344467405,42.4059005248185,43.410541082183514,,47.343290407589755
2025-06-20,KEGC,1462.48,9420.0,1.04985640504548,-1.3240107945438087,0.5182926302548322,0.38356929499233533,1.4449064449064464,1.0238547264984699,0.6605928727345036,8.668296390647167e-05,0.0006158730158730159,-0.009217635861849812,-0.023827895928898397,-0.028429561527581342,1448.0,0.0,0.01852857142857143,-0.043490353632837646,,0.0,0.7186311787072244,0.32547528517110264,0.0,-0.4907676864261417,42.691218783195765,43.92630279221742,42.029641899073724,42.691218783195765,43.49425010013644,,47.21253324460232
2025-06-23,KEGC,1462.48,16250.0,1.1562691144613566,-0.30974312637461365,0.49599995040000866,0.3847145451078047,1.4202496532593534,1.0236675211830577,0.6099555754281458,9.007963234627742e-05,0.0006154761904761904,-0.011617271857414634,-0.02149416431580018,-0.02843679605332278,1447.99,0.0,0.018528968253968253,-0.04384255611038611,,0.0,0.7186311787072244,0.32547528517110264,0.0,-0.49091969686982334,42.68898736223817,42.26524870150265,42.866870132993746,42.68898736223817,43.41610832351526,,47.78044150206307
2025-06-24,KEGC,1460.0,13200.0,1.181897914998452,-0.4036937351368179,-0.6666665555555741,0.2142452734874594,0.2797586396050322,1.0205530594019616,0.5091555753120687,8.923014363028819e-05,0.0006154761904761904,-0.009927489671667754,-0.01982809306370949,-0.0268166394868449,1447.9,0.0,0.018528968253968253,-0.043114405305501265,,0.0,0.7186311787072244,0.32547528517110264,0.0,-0.4568772831296407,43.189435905845095,43.43334120773206,43.467111950124945,43.189435905845095,43.57769595047052,,43.6991629091216
2025-06-25,KEGC,1455.5,4470.0,0.7367983176585371,-1.3445975935665353,-0.7872338750566243,-0.09287732309304624,-0.0684462696783017,0.3725872347724738,0.2555660688651811,8.7495619898454e-05,0.0006158730158730159,-0.004115618780433271,-0.018054401612929673,-0.023681439858664177,1448.0,0.0,0.018528571428571426,-0.03744433607062422,,0.0,0.7186311787072244,0.32547528517110264,0.0,-0.3910010801077196,44.161736204440125,47.49893425368823,44.1082344974379,44.161736204440125,44.84038147661186,,18.422221034150688
2025-06-26,KEGC,1458.0,4580.0,0.8609295384893183,-1.2639181512573239,0.146131791200399,0.08447644734310236,-0.3355245138318308,0.35958984412179307,0.04370233913264545,0.0001076085727460986,0.0006154761904761904,-0.0064938124632569205,-0.020101597099745315,-0.026759024103468546,1446.0,0.0,0.018528571428571426,-0.03794949539486573,,0.0,0.7186311787072244,0.32547528517110264,0.0,-0.45566667993283916,43.20725892056843,45.82818651842706,43.368439220489556,43.20725892056843,44.72759096401872,,17.411790484399475
2025-06-27,KEGC,1453.5,10620.0,0.5312521957734643,-0.35327737258738584,-0.9999998461538698,-0.20016403113090067,-0.39963110974484684,0.3591040895317221,-0.05869521175139181,0.0001163857133377585,0.0006150793650793651,-0.0018405781610890285,-0.012449212492014361,-0.023206934001670815,1446.7,0.0,0.01852857142857143,-0.03128860877684401,,0.0,0.7186311787072244,0.32547528517110264,0.0,-0.3810308555997116,44.30930163963367,49.10252263802128,46.146256091931804,44.30930163963367,46.21873836329826,,3.674370963366525
2025-06-30,KEGC,1449.99,9400.0,0.2694208209064134,-0.38032677467775006,-0.6805777944961636,-0.43670551520761647,-0.6140254909468901,0.36686260788637687,-0.3623537070331322,0.00012156310914984288,0.0006150793650793651,-0.0030379854836437665,-0.01435044729372519,-0.02196997447273036,1445.0,0.0,0.01852857142857143,-0.019430789079333606,,0.0,0.7186311787072244,0.32547528517110264,0.0,-0.3550401032642166,44.694446795503175,48.258076423745635,45.453183259173834,44.694446795503175,48.88839891245378,,2.0369965334748366
2025-07-01,KEGC,1450.0,9290.0,0.26374994676600433,-0.39209782171094354,-0.460188871769389,-0.40643906202440544,-0.8540287730430474,0.3717258618937257,-0.5976692560123666,0.00012183741011357193,0.0006166666666666666,-0.00018241652983029153,-0.013668869731800773,-0.0221821565407772,1444.7,0.0,0.018526984126984128,-0.02189934318555009,,0.0,0.7186311787072244,0.32547528517110264,0.0,-0.3594984314888775,44.628334276541956,50.272650112164406,45.70145599817631,44.628334276541956,48.33159923281248,,2.9066085225754414
2025-07-02,KEGC,1453.99,7980.0,0.5363215079513852,-0.5440967124620167,0.6156968043711892,-0.1273632064687187,-0.6849315068493178,0.3669285410220207,-0.5563737192551297,0.00010124558656061193,0.0006158730158730159,-0.003066403477371584,-0.01710660297165862,-0.025053057923696997,1444.5,0.0,0.018526190476190474,-0.021272404861412006,,0.0,0.7186311787072244,0.32547528517110264,0.0,-0.41982125133651904,43.735768359011196,48.238045407325295,44.4516491592181,43.735768359011196,48.47297580789095,,23.879919090984593
2025-07-03,KEGC,1453.02,5530.0,0.35553278204168315,-0.8786979507643259,-0.9833329236112975,-0.19069038010592337,-0.10374441772587062,0.37020472729330783,-0.27578758336956694,0.00011297807364050832,0.0006154761904761904,-0.001029257847858405,-0.016442968536466894,-0.024802376216759632,1443.9,0.0,0.01852579365079365,-0.019920278290666844,,0.0,0.7186311787072244,0.32547528517110264,0.0,-0.41455397620939416,43.81355267418191,49.675009851590126,44.6924208321058,43.81355267418191,48.77796486893947,,1.6410624775249953
2025-07-04,KEGC,1455.3,20190.0,0.5009699737533578,0.5278073004948222,0.97297284149012,-0.031424227765118704,-0.34156378600823656,0.3701744015047876,-0.5016805263319062,0.0001160203350617869,0.0006158730158730159,-0.007408766233766202,-0.018011114546828796,-0.025602578506149904,1445.0,0.0,0.018525,-0.020837916580773684,,0.0,0.7186311787072244,0.32547528517110264,0.0,-0.4313676706231907,43.56536523262428,45.18769046550534,44.123906622041545,43.56536523262428,48.57096876541684,,37.494102494937636
2025-07-08,KEGC,1450.05,27910.0,0.13930935070387732,0.8516043015981272,-0.7959182899982307,-0.37743406488043096,0.12383900928791824,0.338606167502234,-0.10708598880310824,0.00011427228442700596,0.0006154761904761904,-0.0003557179062790624,-0.014470802730940218,-0.022696873096329978,1444.0,0.0,0.018524603174603173,-0.018525301713733976,,0.0,0.7186311787072244,0.32547528517110264,0.0,-0.37031355535134575,44.46803626532938,50.150347108949525,45.4093654775327,44.46803626532938,49.092714424803184,,5.867383245173327
2025-07-09,KEGC,1454.2,7440.0,0.4230439303063421,-0.4705050288550874,0.5333332888889002,-0.0743093069117044,0.0041379595721258156,0.34745264603419374,-0.13015408790352168,0.00011577302663630321,0.0006162698412698412,-0.004525045353033344,-0.017250814171540375,-0.02622524188284403,1443.0,0.0,0.0185234126984127,-0.020268623778306075,,0.0,0.7186311787072244,0.32547528517110264,0.0,-0.4444509520349136,43.37246468161942,47.21079611806664,44.39936226836747,43.37246468161942,48.699381573361954,,19.986333884926438
2025-07-10,KEGC,1454.01,19680.0,0.4047667487605313,0.6750173773954027,0.33555920942250056,-0.06397727470028745,0.2896551724137941,0.3492146265446146,0.06855034422813616,0.00012370415093544153,0.0006170634920634921,-0.005844795010252429,-0.018494617250618232,-0.026788221784680186,1441.99,0.0,0.01852142857142857,-0.02130386630274698,,0.0,0.7186311787072244,0.32547528517110264,0.0,-0.45628017591503384,43.198226551910544,46.28336888195197,43.94892119468121,43.198226551910544,48.46588055195927,,29.212053357099254
2025-07-11,KEGC,1456.0,15620.0,-0.07987864376754819,0.4439681289804335,0.20079918073934186,0.07626309827811883,0.001375525278723977,0.3279222585665086,0.012522825238398427,0.00012359027138296737,0.0006154761904761904,-0.00584090354090354,-0.019372680097680065,-0.028830097680097675,1440.99,0.0,0.018521031746031747,-0.021997680097680113,,0.0,0.7186311787072244,0.32547528517110264,0.0,-0.49918367393252455,42.567722216717094,46.28610007378737,43.63152697067529,42.567722216717094,48.309426313158845,,23.8687526004279
2025-07-14,KEGC,1449.0,13720.0,-0.5842245199675505,0.31427083268936384,-0.9999999028182797,-0.4015026317040067,0.20509008823004216,0.3242606559800671,0.24934924610852632,0.00011971932956262465,0.0006154761904761904,-0.005162698412698419,-0.01574544513457557,-0.026112474120082815,1438.0,0.0,0.018521031746031747,-0.015049378881987579,,0.0,0.7186311787072244,0.32547528517110264,0.0,-0.44208149780073575,43.40738532090077,46.76241815628872,44.9457561051477,43.40738532090077,49.87724835844021,,11.724834090466238
2025-07-15,KEGC,1454.0,10490.0,-0.24497327934065224,-0.12695566544247053,0.8779341349085567,-0.05325894878556677,-0.43290043290042934,0.34434885531721826,-0.14524530275315362,0.00012925192578089136,0.0006154761904761904,-0.008207528765747523,-0.01938067236523217,-0.02917598906137421,1438.51,0.0,0.018522619047619048,-0.019316528569245213,,0.0,0.7186311787072244,0.32547528517110264,0.0,-0.506451476164859,42.46114867837311,44.62982479528808,43.62864035197968,42.46114867837311,48.91417891726186,,29.142887549904206
2025-07-16,KEGC,1452.1,16610.0,-0.33407587038710734,0.45340466685069125,-0.31111107654323394,-0.16488573500506137,0.2724043998482806,0.2391235235152194,0.18952518222820386,0.00013858696159567652,0.0006174603174603175,-0.004553324249608878,-0.018215942182258145,-0.02754959186093916,1439.0,0.0,0.018528174603174602,-0.017344514403332602,,0.0,0.7186311787072244,0.32547528517110264,0.0,-0.4722779354412928,42.962856368152,47.19090119376696,44.049758965424104,42.962856368152,49.35919352609636,,24.49931054430398
2025-07-17,KEGC,1450.0,22650.0,-0.41152510705328765,0.7635594171923759,-0.7575756657484042,-0.3058371323479427,-0.14440929720809237,0.2359499099530985,0.02063630914177702,0.00014012277662529712,0.000623015873015873,-0.0031177613574165175,-0.017181102900930424,-0.026121524356869184,1439.0,0.0,0.01853531746031746,-0.01729611384783799,,0.0,0.7186311787072244,0.32547528517110264,0.0,-0.4422716596107131,43.40458250436082,48.20184617370702,44.42463605630673,43.40458250436082,49.37011740349495,,8.535838853485448
2025-07-18,KEGC,1452.0,20400.0,-0.15572788968487636,0.6589346425359853,0.4366196568141256,-0.1643476526215737,-0.27578902483477163,0.23733110599221927,-0.19799066589240394,0.00014211800093696044,0.0006222222222222223,-0.005788728191000981,-0.01778800013118195,-0.025490446674537523,1441.9,0.0,0.01853452380952381,-0.018759081070444703,,0.0,0.7186311787072244,0.32547528517110264,0.0,-0.4290115784502648,43.60012445399405,46.32272100745308,44.2047039182254,43.60012445399405,49.03996092704776,,28.6381525861886
2025-07-21,KEGC,1446.01,11700.0,-0.5375643723976582,-0.017789521561475508,-0.9966665005555863,-0.5653338224213578,-0.27472527472527375,0.23237415424202518,-0.15082657067744715,0.00013346802484009542,0.000621031746031746,-0.0019958879129137914,-0.014351142991941805,-0.022692375590609864,1440.0,0.0,0.01853611111111111,-0.012856133168522944,,0.0,0.7186311787072244,0.32547528517110264,0.0,-0.3702190546384573,44.46943642859614,48.99295454775038,45.45292995615054,44.46943642859614,50.37233092941739,,3.152313168406158
2025-07-22,KEGC,1446.58,12990.0,-0.454121526697878,0.04245916307443469,-0.8050418815055921,-0.5182000002685141,-0.20634920634921006,0.2467197039987416,-0.1501598902249085,0.00014226330301240583,0.0006206349206349206,0.0022155898466158213,-0.015430358193501558,-0.021356953400982717,1442.5,0.0,0.018536507936507938,-0.014939143923917209,,0.0,0.7186311787072244,0.32547528517110264,0.0,-0.3421594240831602,44.885558933308786,51.964004417723366,45.060280148375554,44.885558933308786,49.90213199332918,,3.8753638363254677
2025-07-23,KEGC,1450.0,25690.0,-0.1572413934660161,0.732850131896036,0.34744943720408356,-0.27855978400381204,-0.5103163686382417,0.24734996766753395,-0.4867550935077382,0.00014331217371855797,0.0006202380952380952,-0.004473604269293931,-0.0184745347564313,-0.020089272030651348,1447.76,0.0,0.018544444444444443,-0.01544937055281883,,0.0,0.7186311787072244,0.32547528517110264,0.0,-0.3155231504090927,45.28123760438856,47.24698849851763,43.956186327563046,45.28123760438856,49.78695775929486,,28.416080505124064
2025-07-24,KEGC,1449.98,11570.0,-0.1187573544785858,-0.06483550645283627,0.9920157700567397,-0.27587683486374226,-0.1446181392465995,0.2539672677837863,-0.3550429907582747,0.00014208603320695133,0.0006198412698412699,-0.003768181093685602,-0.01914572043905587,-0.02294633864681667,1443.61,0.0,0.018553174603174606,-0.019627843717384626,,0.0,0.7186311787072244,0.32547528517110264,0.0,-0.3755552768363577,44.390386479281105,47.74357853182033,43.71351739115064,44.390386479281105,48.84393989603547,,37.022045417464504
2025-07-25,KEGC,1448.1,10200.0,-0.2393299124198248,-0.19086316056252256,-0.9333330222223866,-0.40066998392940073,-0.0013793103448289656,0.2456656217635037,-0.005124703597245972,0.00011844014930462134,0.000621031746031746,-0.0031638972742607913,-0.019914735811457314,-0.022768605907247864,1442.01,0.0,0.018563095238095236,-0.03856573465723553,,0.0,0.7186311787072244,0.32547528517110264,0.0,-0.3718207911818443,44.4457055987661,48.16932921158756,43.435847990009876,44.4457055987661,44.59007239349359,,5.102829351425836
2025-07-28,KEGC,1447.61,7010.0,-0.25769986934071787,-0.5659125288294646,0.043999991199961744,-0.42679540099941193,-0.26859504132231704,0.24259206306225115,-0.2791152394045484,0.00010996816295662115,0.0006206349206349206,-0.0028214634373262383,-0.019222731435931062,-0.02176630540892628,1443.0,0.0,0.018581746031746033,-0.04259868629113135,,0.0,0.7186311787072244,0.32547528517110264,0.0,-0.35076064862412165,44.75792445623211,48.410714427733105,43.685692872710234,44.75792445623211,43.692224545705116,,11.696484389531715
2025-07-29,KEGC,1454.27,46970.0,0.21302228399183087,1.3362571231193245,0.9723403220914322,0.0365329692660137,0.11064930394670824,0.2338288591245985,-0.07098194105343882,0.00010163803971869286,0.0006186507936507937,-0.0074064130195250774,-0.0234409864748593,-0.026020063183393914,1443.5,0.0,0.018614285714285715,-0.05513415991943156,,0.0,0.7186311787072244,0.32547528517110264,0.0,-0.44013977722510006,43.436006971636225,45.189335837840744,42.168142781086274,43.436006971636225,40.930246840940434,,44.817166858618066
2025-07-30,KEGC,1448.01,9870.0,-0.2515625075132885,-0.30239056528448444,-0.9015871584782454,-0.39195591381244627,0.5315986672012718,0.25086174552958784,0.28449449966596607,9.614700624776344e-05,0.000621031746031746,-0.003158506008739018,-0.019172332718696686,-0.010740771916531715,1459.45,0.0,0.01864126984126984,-0.055357761662064346,,0.0,0.7186311787072244,0.32547528517110264,0.0,-0.11909428956951834,48.21434539407971,48.17312893904124,43.7039017723822,48.21434539407971,40.88144214286957,,16.273339341721137
2025-07-31,KEGC,1449.01,15830.0,-0.17830579644908803,0.1700158375469442,-0.10666664296297226,-0.2702703768754721,-0.13724137931034885,0.269957603777656,0.03468718052950026,0.00011118090824184399,0.0006178571428571429,-0.003777186355917,-0.01786036986336477,-0.01244616082978602,1458.0,0.0,0.018650396825396823,-0.058946090508100596,,0.0,0.7186311787072244,0.32547528517110264,0.0,-0.15492758875438223,47.677758120257785,47.73723616156247,44.1784930009736,47.677758120257785,40.10075004159906,,18.434189281937492
2025-08-01,KEGC,1448.0,4350.0,-0.23545418976017446,-1.2156260619639807,0.49999987500003124,-0.29992822256327856,-0.06689747444792449,0.2624683053391981,-0.18504930207444215,0.00010082831171453948,0.0006166666666666666,-0.004460183723581514,-0.018484385687976848,-0.013479172147680435,1455.5,0.0,0.01865873015873016,-0.05867815487152504,,0.0,0.7186311787072244,0.32547528517110264,0.0,-0.17663302106238576,47.35298176785585,47.25643126342451,43.95262257814376,47.35298176785585,40.158875282259,,22.924579389012308
2025-08-04,KEGC,1448.0,10610.0,-0.23052490858844166,-0.3240072079765362,-0.03870967117586067,-0.24526402086254787,-0.006905600441953208,0.2624990637189348,0.1016172773700414,0.000102210035914957,0.0006166666666666666,-0.00397517100762954,-0.01676223143032535,-0.013833999824607557,1455.0,0.0,0.018668253968253966,-0.060118894150662114,,0.0,0.7186311787072244,0.32547528517110264,0.0,-0.18408859099577832,47.24147504222894,47.59781515762236,44.57655801315018,47.24147504222894,39.84665470514728,,21.031751407756936
2025-08-05,KEGC,1447.99,5730.0,-0.20653260537443174,-0.8461737150439952,0.7114284697959354,-0.19858383678456695,0.026940957854670877,0.25935433737827795,0.08507534489487692,9.953983210714123e-05,0.0006158730158730159,-0.005141518689235012,-0.013135031352163389,-0.013353315463460705,1455.69,0.0,0.018671031746031748,-0.060862262652651405,,0.0,0.7186311787072244,0.32547528517110264,0.0,-0.17398854496370245,47.392539388059774,46.77730309494352,45.89606285445264,47.392539388059774,39.685881045875135,,30.682365714225703
2025-08-06,KEGC,1447.9,7960.0,-0.2147983186425833,-0.43882145552773083,0.28104572101899955,-0.1620216291910699,-0.4318317781429881,0.24701165448255125,0.032892974435777586,9.512453908639901e-05,0.0006154761904761904,-0.00528628785860642,-0.01595219751758718,-0.012528960305949488,1456.8,0.0,0.01867579365079365,-0.06880424599611705,,0.0,0.7186311787072244,0.32547528517110264,0.0,-0.15666735519631,47.6517185505688,46.67557206803544,44.870637241013476,47.6517185505688,37.982720788136994,,22.569180534186277
2025-08-07,KEGC,1448.0,9070.0,-0.19677559489718716,-0.3082784204456653,0.4999999375000079,-0.14472490971788549,-0.007596632619932819,0.2372149439599994,0.2694195503352266,8.21678957094316e-05,0.0006154761904761904,-0.005492920722616855,-0.017141502236253624,-0.013159265105673945,1456.0,0.0,0.018684126984126984,-0.07203978119793038,,0.0,0.7186311787072244,0.32547528517110264,0.0,-0.16991119669817756,47.45353714491935,46.53041676828192,44.4389945442855,47.45353714491935,37.29699787349314,,31.969923430279874
2025-08-08,KEGC,1446.0,24350.0,-0.31370990698184636,0.7385134041719225,0.4999999375000079,-0.25764632551151717,-0.06970276257582952,0.23729407278634843,0.39075286642782264,8.22025345004563e-05,0.0006154761904761904,-0.004527678983073111,-0.015103260225251925,-0.012124596588289533,1455.5,0.0,0.018694444444444444,-0.06395474214582103,,0.0,0.7186311787072244,0.32547528517110264,0.0,-0.14817094363775057,47.77889855647911,47.208943254716914,45.179225198100255,47.77889855647911,39.019471328726176,,39.625091293727984
2025-08-11,KEGC,1446.7,7700.0,-0.2201916906097268,-0.4127968139546644,0.1304347389850702,-0.185703289964646,-0.13812154696132284,0.2356608793852398,0.39075287892781796,8.115498720394797e-05,0.0006150793650793651,-0.004250484957006728,-0.015276613140359977,-0.013583156932965216,1454.11,0.0,0.018705158730158728,-0.06595980512847521,,0.0,0.7186311787072244,0.32547528517110264,0.0,-0.17881792908707383,47.320301140257364,47.404001464267,45.11618064984809,47.320301140257364,38.5895560928967,,31.772883314589087
2025-08-12,KEGC,1445.0,12240.0,-0.33453503530863665,0.09866535213706404,0.6661100724357146,-0.29334830832463676,-0.08977900552485929,0.21133315597249444,0.4245817609600041,7.123623004479319e-05,0.0006150793650793651,-0.0037674383478881754,-0.0030976190476190157,-0.009791711978909146,1457.9,0.0,0.018719047619047618,-0.06846463448124349,,0.0,0.7186311787072244,0.32547528517110264,0.0,-0.09915282728787249,48.5131460952688,47.744101647972784,49.571906894451395,48.5131460952688,38.05498071371369,,36.501546352023716
2025-08-13,KEGC,1444.7,11030.0,-0.33112582976046157,-0.0533988943071771,0.7999997333334525,-0.30035082451478196,-0.20649313876477393,0.19540241151804255,0.41551808148796,6.324636514383122e-05,0.0006150793650793651,-0.004252111714301128,-0.0039034602669198396,-0.008358888235158393,1459.7,0.0,0.018741666666666663,-0.06965823744370511,,0.0,0.7186311787072244,0.32547528517110264,0.0,-0.06904661427689268,48.964448889286736,47.40285649708045,49.276094375149135,48.964448889286736,37.801250933269806,,36.68487054040865
2025-08-14,KEGC,1444.5,9500.0,-0.32196343235174224,-0.17351068572601622,-0.24999993750001562,-0.28474869213180537,-0.22100973824159542,0.19398790693813564,0.5193088839508506,6.118889842904574e-05,0.0006150793650793651,-0.004813022301340052,-0.005504352717203184,-0.0046354027592344724,1464.9,0.0,0.018757936507936508,-0.07206862977797557,,0.0,0.7186311787072244,0.32547528517110264,0.0,0.009190536224261633,50.137857694035645,47.00823951987767,48.68860071269955,50.137857694035645,37.29090630863306,,36.013841521051184
2025-08-15,KEGC,1443.9,7270.0,-0.34754480583555153,-0.3976393618534576,0.8999995500003158,-0.3101236914749449,-0.24171270718231774,0.19194993542760982,0.3693089089508459,5.949161350782601e-05,0.0006150793650793651,-0.0050907718513682094,-0.005443042569891791,0.005243897809833708,1478.57,0.0,0.018767460317460318,-0.07241827012819124,,0.0,0.7186311787072244,0.32547528517110264,0.0,0.21677247268301403,53.24701103910606,46.8129698916739,48.71109460336446,53.24701103910606,37.21710959444919,,36.19120964036742
2025-08-18,KEGC,1445.0,7770.0,-0.24554471761527896,-0.2920158690917387,0.026086951984893733,-0.21815775805140797,-0.14522821576762324,0.18839820861312187,0.4493088314509075,5.914181582801671e-05,0.0006150793650793651,-0.007920084308233096,-0.00573620310869442,0.001992769264568567,1475.01,0.0,0.018775396825396824,-0.0745850826605152,,0.0,0.7186311787072244,0.32547528517110264,0.0,0.1484603938689043,52.22543461260817,44.83043130012969,48.603542717052,52.22543461260817,36.7611112531185,,32.873534518477385
2025-08-19,KEGC,1444.0,15150.0,-0.3151561149226767,0.4119211161797875,0.33333322222225925,-0.20291231984651031,-0.1175088131609936,0.16626414378263818,0.4284392740508721,5.034250084937629e-05,0.0006150793650793651,-0.006879716835949529,-0.004275019786307906,0.006141065382755134,1480.0,0.0,0.01878968253968254,-0.07675256782306644,,0.0,0.7186311787072244,0.32547528517110264,0.0,0.2356235827199055,53.528478824854545,45.55786089644066,49.139716130900744,53.528478824854545,36.30732851848746,,36.08779991880543
2025-08-20,KEGC,1443.0,12690.0,-0.37271039138554957,0.23473502857664205,-0.34228164947539486,-0.11749054710629228,-0.06920415224913601,0.1665669662348087,0.3618839040081811,5.087532364790806e-05,0.0006150793650793651,-0.005857717057717058,-0.004139006864006863,0.007528286803286811,1480.99,0.0,0.018798809523809523,-0.07753697323697323,,0.0,0.7186311787072244,0.32547528517110264,0.0,0.26477160861078974,53.963242457991164,46.27429982231376,49.189637315608564,53.963242457991164,36.14370032180223,,31.95773522952498
2025-08-21,KEGC,1441.99,11540.0,-0.41190277122674185,0.1397401184143765,-0.007518795108064546,-0.29031266613275675,-0.11767148889042511,0.15660889123141197,0.13342762744641162,4.959287495395323e-05,0.0006150793650793651,-0.005174317045546741,-0.0037897331476551936,0.008931903725528333,1481.99,0.0,0.018807539682539683,-0.07623525066274704,,0.0,0.7186311787072244,0.32547528517110264,0.0,0.29426413358542475,54.40253130338705,46.75425291952347,49.317839342195654,54.40253130338705,36.41541572861323,,27.30368069068513
2025-08-22,KEGC,1440.99,9420.0,-0.455268479135698,-0.06324381336441522,0.994871539776533,-0.3935048160229141,-0.17376254759432497,0.15683686783996564,0.18192385592480184,5.165485177390966e-05,0.0006150793650793651,-0.00247563257601663,-0.004064592918757321,0.00826174537247705,1480.0,0.0,0.018809920634920634,-0.07798682431126226,,0.0,0.7186311787072244,0.32547528517110264,0.0,0.28018289699505805,54.19287357667094,48.654569491645155,49.2169503542177,54.19287357667094,36.05000524808745,,38.91565192920253
2025-08-25,KEGC,1438.0,10070.0,-0.6430244851560194,0.038982361304417894,-0.7499999062500118,-0.6101737364439553,-0.20153750259713776,0.1553421678626299,0.20089825388004529,4.982027731302143e-05,0.0006154761904761904,-0.0017234651301410687,0.0006557283043027769,0.011579112303243076,1481.7,0.0,0.018810317460317458,-0.07967276806411014,,0.0,0.7186311787072244,0.32547528517110264,0.0,0.34988676384457035,55.22911099877628,49.185149424383305,50.949767958114634,55.22911099877628,35.69980547595847,,13.409764995761222
2025-08-26,KEGC,1438.51,12620.0,-0.5813586280267684,0.23570201079632375,-0.6976976278580974,-0.5833663423579027,-0.48442906574394096,0.16065455629094666,0.04568088223306417,5.5317636701501505e-05,0.0006170634920634921,-0.00034455062243085284,0.0015269483453613595,0.010032820004561606,1480.0,0.0,0.018809523809523807,-0.07601791250492544,,0.0,0.7186311787072244,0.32547528517110264,0.0,0.3173963716910466,54.74660897209988,50.15822820309644,51.26946484717209,54.74660897209988,36.460866926809665,,9.03312151390781
2025-08-27,KEGC,1439.0,10950.0,-0.4028513715941177,0.09375877589254979,0.3749998828125455,-0.5492590559240489,-0.38019390581717216,0.12582733918348338,-0.16052528778300718,5.2926793544311256e-05,0.000623015873015873,0.002964148107702653,0.00478670538402998,0.010395675182280451,1481.02,0.0,0.01880515873015873,-0.07326695291042061,,0.0,0.7186311787072244,0.32547528517110264,0.0,0.3250206139051963,54.85991714582191,52.491236397417794,52.46451037151498,54.85991714582191,37.03823090696189,,28.47148911575773
2025-08-28,KEGC,1439.0,12280.0,-0.37243424982215867,0.171951888744861,0.3939392745638478,-0.5474521595525647,-0.2772002772002735,0.12582733918348338,-0.0170689813254191,4.6170803261810196e-05,0.0006301587301587302,8.17882237443739e-05,0.014291913476069095,0.012459018057072259,1484.0,0.0,0.018812698412698413,-0.06900025590963743,,0.0,0.7186311787072244,0.32547528517110264,0.0,0.3683751719058596,55.50324205602304,50.45909907217813,55.928190307588935,55.50324205602304,37.941039518601364,,30.63214917180072
2025-08-29,KEGC,1441.9,10250.0,-0.12626567643924533,-0.008742154481863773,0.379999962000022,-0.42542138296764637,-0.2073523394753085,0.12582733918348338,0.06322263260896337,4.6170803261810196e-05,0.0006214285714285714,-0.003055060975542701,0.00975482096484239,0.009639771432534392,1483.0,0.0,0.018864285714285712,-0.07380351162542376,,0.0,0.7186311787072244,0.32547528517110264,0.0,0.30913771176534177,54.62381686365194,48.246040339097114,54.27997931143539,54.62381686365194,36.925322178395646,,30.342847071499612
2025-09-02,KEGC,1440.0,13430.0,-0.24606158786665702,0.2528045078619764,0.0,-0.5605161163958453,0.06315102811262907,0.12582733918348338,-0.05975168294633883,4.6170803261810196e-05,0.0006226190476190475,-0.0010646825396825395,0.014563095238095238,0.011645238095238094,1484.0,0.0,0.01891031746031746,-0.06912123015873016,,0.0,0.7186311787072244,0.32547528517110264,0.0,0.35127618608719063,55.249723481817355,49.65001046332328,56.02632781137503,55.249723481817355,37.915323365363705,,23.254373574740246
2025-09-03,KEGC,1442.5,14850.0,-0.04314733616296984,0.337145565758868,0.09289616640289743,-0.3759447262208592,0.13908205841446364,0.12582733918348338,0.09024829830366353,4.6170803261810196e-05,0.000621031746031746,-0.002484933701961431,0.013464985144837837,0.008418333058237738,1482.0,0.0,0.01896468253968254,-0.06754111028582434,,0.0,0.7186311787072244,0.32547528517110264,0.0,0.2834730869035997,54.2418753004503,48.6480101158914,55.628651624926704,54.2418753004503,38.251748072479934,,30.02317363936009
2025-09-04,KEGC,1447.76,5680.0,0.3325588539272651,-0.6600335568464583,0.27574747776883046,-0.008244643467585232,0.2773703345823053,0.12582733918348338,0.2483670571558625,4.6170803261810196e-05,0.0006281746031746032,0.004876526868875086,0.010429929498092742,0.004636439894887434,1482.0,0.0,0.01901388888888889,-0.07027892249088027,,0.0,0.7186311787072244,0.32547528517110264,0.0,0.20400868546749487,53.056315161335185,53.83538882373099,54.525912907105514,53.056315161335185,37.66957155958634,,30.775913419526113
2025-09-05,KEGC,1443.61,7410.0,0.048624205102269946,-0.39415482826100984,-0.07573811607985009,-0.29598720213507684,0.6087560806115278,0.13164459389953398,0.22851657614711945,6.804702970339032e-05,0.0006285714285714285,0.006771637596026698,0.012005258229946757,0.009264507111415972,1484.5,0.0,0.01906031746031746,-0.06823949826014868,,0.0,0.7186311787072244,0.32547528517110264,0.0,0.3012527310506607,54.506528184835645,55.16193131475799,55.09890715786382,54.506528184835645,38.102912673231394,,29.857791831766068
2025-09-08,KEGC,1442.01,10750.0,-0.04971289615467079,-0.02207999086623827,-0.4846153224852144,-0.6972175508325895,0.32036136205697563,0.1463326615059757,0.13458109801837992,8.118250573686715e-05,0.0006309523809523809,0.006164521347682359,0.014336779383010721,0.00873217712643833,1482.15,0.0,0.019103968253968255,-0.05333611406664176,,0.0,0.7186311787072244,0.32547528517110264,0.0,0.2900675172448679,54.34006320642466,54.7376684227217,55.94442997361712,54.34006320642466,41.323341631868594,,17.299797217942107
2025-09-09,KEGC,1443.0,19050.0,0.047416092032444686,0.5629015998683127,0.33333327777778704,-0.6303548396513772,0.007628823080652047,0.14524822465908463,-0.03834195887866737,8.27960103754673e-05,0.0006392857142857143,0.005138627363627364,0.012476739926739925,0.009961981486981492,1485.0,0.0,0.019144047619047616,-0.055441759891759895,,0.0,0.7186311787072244,0.32547528517110264,0.0,0.31590792657771666,54.7244825695839,54.01922152040308,55.27014339362453,54.7244825695839,40.863112807815924,,31.47877622128799
2025-09-10,KEGC,1443.5,26280.0,0.08850539372500789,0.8718218324049821,0.12499998437500197,-0.5906993163051252,0.2083333333333437,0.14577354821772778,0.028324696676890037,8.187190671016904e-05,0.0006511904761904762,0.005299911068225966,0.01286063360109081,0.005425724374728522,1479.01,0.0,0.01917420634920635,-0.0523457266014592,,0.0,0.7186311787072244,0.32547528517110264,0.0,0.22059297699671856,53.304072652342484,54.13228907608475,55.409476672977334,53.304072652342484,41.54034013844887,,32.25839987885489
2025-09-11,KEGC,1459.45,48200.0,1.1945659167644627,1.478372416762122,0.9999999485861208,0.62573248682507,0.06932409012132545,0.14397530356750982,0.034745460271310945,7.90066718792704e-05,0.0006480158730158729,-0.004932816001570561,0.003699976752494793,-0.02584991080299333,1449.75,0.0,0.019203571428571427,-0.06147314444123604,,0.0,0.7186311787072244,0.32547528517110264,0.0,-0.436564568598772,43.48871825414686,46.92400791952515,52.06635525483496,43.48871825414686,39.55392761699975,,47.17626647618216
2025-09-12,KEGC,1458.0,13600.0,0.8898610150042048,0.1901459954715102,0.3961605238952378,0.5350329185943967,0.80745427418909,0.2867648638726761,0.17959595443476903,8.620899850992287e-05,0.000626984126984127,-0.0044856310013717425,0.003979316088575347,-0.02919671761708799,1443.5,0.0,0.019251587301587304,-0.049237551440329215,,0.0,0.7186311787072244,0.32547528517110264,0.0,-0.5068870205341164,42.45476416175395,47.23852659537411,52.16872656839494,42.45476416175395,42.223452527266744,,34.824934243483725
2025-09-15,KEGC,1455.5,15570.0,0.6717226825164865,0.26796732689152514,-0.2329149070491653,0.4129882769980433,0.996806616745527,0.2884181855405023,0.27397568242978665,8.820984882610365e-05,0.000625,-0.00311468253968254,0.006369788923241346,-0.03545200362063983,1432.0,0.0,0.019306349206349206,-0.04550801080193902,,0.0,0.7186311787072244,0.32547528517110264,0.0,-0.6383218698579785,40.54051957725776,48.204016203514584,53.04394585940688,40.54051957725776,43.047049859472125,,33.506815392645656
2025-09-16,KEGC,1455.0,9630.0,0.5972299789332238,-0.2568370589179926,0.1887072668122355,0.37952804700432174,0.9354997538158605,0.2919570406227567,0.3243157655169964,9.001449996848398e-05,0.0006261904761904761,-0.003725969563083034,0.005296383570610375,-0.03956809032891513,1425.6,0.0,0.01936190476190476,-0.040424095892652584,,0.0,0.7186311787072244,0.32547528517110264,0.0,-0.724808280870829,39.29604514906597,47.77330891095352,52.65114124173601,39.29604514906597,44.175874154837594,,35.347813518663855
2025-09-17,KEGC,1455.69,5680.0,0.6223966761332692,-0.7847680047982762,-0.23142853836733607,0.4330238753039947,0.8316008316008316,0.2922904340741013,0.29539056332388614,8.784772168563489e-05,0.0006186507936507937,-0.0016064227927910883,0.004754855478452499,-0.04292761974439224,1421.5,0.0,0.01944047619047619,-0.03407175847552581,,0.0,0.7186311787072244,0.32547528517110264,0.0,-0.7953980576246966,38.29043458742656,49.267730782265,52.452845426033925,38.29043458742656,45.59470628584177,,31.307752986926324
2025-09-18,KEGC,1456.8,5610.0,0.6762952306613031,-0.7528263440098666,0.43589738001314143,0.5248418657287759,0.8444752338067296,0.29126593502810333,0.2241048587754185,8.913376219467768e-05,0.0006202380952380952,-0.0011513990219920401,0.005640468345493088,-0.0440823461729557,1421.0,0.0,0.01950793650793651,-0.035786354305588186,,0.0,0.7186311787072244,0.32547528517110264,0.0,-0.8196609440958094,37.9470433928207,49.58881495713037,52.77709456534738,37.9470433928207,45.21093791733584,,33.04602087985817
2025-09-19,KEGC,1456.0,11960.0,0.5940452743510294,0.061644090577363836,-0.49999987500003124,0.478338742980103,-0.18157525095070515,0.29018959751085804,0.11128434506082263,9.190793835732777e-05,0.0006238095238095239,0.0029630341880342507,0.004535561660561722,-0.04497240537240538,1419.0,0.0,0.019560317460317462,-0.033017857142857154,,0.0,0.7186311787072244,0.32547528517110264,0.0,-0.8383626943759022,37.68317801864464,52.490452213681095,52.37252243448077,37.68317801864464,45.83085791642824,,15.964892129393139
2025-09-22,KEGC,1455.5,6890.0,0.5174989402368775,-0.5083544405297751,0.0,0.43916650673133784,-0.137174211248281,0.2898863493642438,-0.06794773471823118,9.138161949850977e-05,0.0006257936507936508,0.01270181059255256,0.006789774555190219,-0.045374262785384395,1418.0,0.0,0.019609920634920636,-0.02894130473900313,,0.0,0.7186311787072244,0.32547528517110264,0.0,-0.8468064439493962,37.564281929390425,59.25751785284523,53.197536558677086,37.564281929390425,46.74597664399363,,14.811048315651615
2025-09-23,KEGC,1454.11,7210.0,0.39136005093215676,-0.462956668781753,-0.11199995520009795,0.3429681456232068,0.0,0.2892406667782961,-0.02136475330839812,9.053934969798794e-05,0.0006257936507936508,0.011227418012086876,0.0035901463017852728,-0.05240159767448429,1406.5,0.0,0.019659920634920634,-0.026990959513990546,,0.0,0.7186311787072244,0.32547528517110264,0.0,-0.9944634338572452,35.51040684387823,58.248913478526454,52.02610016997916,35.51040684387823,47.184610811864324,,14.585969166613578
2025-09-24,KEGC,1457.9,7250.0,0.6151599283656725,-0.4574241688120505,0.977358367627899,0.6054076652245961,-0.06116838487972842,0.285036384760817,-0.08150619771086483,8.792924432675873e-05,0.000628968253968254,0.012012758294437358,-0.019172375383379285,-0.05804996472421199,1402.0,0.0,0.01970714285714286,-0.016644105105517133,,0.0,0.7186311787072244,0.32547528517110264,0.0,-1.1131458205115545,33.89700278752813,58.78706592786527,43.70388635704677,33.89700278752813,49.51727949218062,,34.234389175598864
2025-09-25,KEGC,1459.7,8760.0,0.6872849515048076,-0.21396888639532338,0.8888887242798845,0.7248046996136653,0.1518180381812062,0.2886031240146955,0.16025118348818218,9.9281957842697e-05,0.0006376984126984128,0.011452649054872088,-0.02471761530146989,-0.052531606706531425,1411.84,0.0,0.019744047619047616,-0.011097178317788756,,0.0,0.7186311787072244,0.32547528517110264,0.0,-0.9971951582785034,35.472881023497784,58.403459477258714,41.71163065211131,35.472881023497784,50.76933266138538,,37.34548711750653
2025-09-26,KEGC,1464.9,18520.0,0.9911587026674743,0.5674754352025626,0.8153844899408756,1.0762571112719022,0.1990664470071346,0.28875254599947175,0.25084945234153083,0.00010302885125972684,0.0006313492063492063,0.008541325346439973,-0.03612672805554749,-0.057463021854246545,1409.71,0.0,0.019788095238095237,-0.00797471329100969,,0.0,0.7186311787072244,0.32547528517110264,0.0,-1.1008130914194203,34.0630030239584,56.39412084146299,37.70308388867295,34.0630030239584,51.47381223139587,,42.12198528766955
2025-09-29,KEGC,1478.57,12220.0,1.8261990647346702,0.1516985179044752,0.9999999273783641,1.997646725877992,0.6112637362637452,0.2950079402455362,0.5139263253297122,0.00010959424502799028,0.0006246031746031746,-0.0021507064499578796,-0.049550155386623586,-0.06992026923053385,1404.52,0.0,0.019838095238095238,-0.005415578648975565,,0.0,1.8059936908517351,0.19085173501577288,0.0,-1.3625623433261604,30.628665014291105,48.88374262812427,33.19677737750034,30.628665014291105,52.05077135156392,,43.84026035177627
2025-09-30,KEGC,1475.01,17510.0,1.4696300627184098,0.43311355506944527,-0.6387519476598037,1.7233110175931894,1.5850223290965193,0.3498733779994918,0.713926310805385,0.0001286000222272266,0.000623015873015873,0.0014248481850486611,-0.050076926500256164,-0.0689876547568201,1402.59,0.0,0.01988968253968254,0.005170763854385502,,0.0,1.8059936908517351,0.19085173501577288,0.0,-1.3429664299242445,30.879051071999676,51.406588307915,33.025446776676205,30.879051071999676,54.42997141444575,,47.25184566032266
2025-10-01,KEGC,1480.0,6790.0,1.6699214370657456,-0.5142064268878964,0.4513787443572003,2.0388645305827473,1.437305293272173,0.35491646996027915,0.6085759123134439,0.00012985438827897198,0.0006293650793650793,-0.0030976190476190474,-0.053722404547404554,-0.07466465036465036,1399.0,0.0,0.019934920634920635,0.008350675675675677,,0.0,1.8059936908517351,0.19085173501577288,0.0,-1.462250354256996,29.37271807373929,48.21604311353176,31.85225925695513,29.37271807373929,55.14119676434011,,40.68039117963018
2025-10-02,KEGC,1480.99,7500.0,1.6426710204789752,-0.3065033610775762,0.7724999034374916,2.088382149657268,1.515879004046905,0.35810308343591835,0.5033799876593041,0.00014263437868867066,0.0006242063492063491,-0.0030718067718965955,-0.055766659914426614,-0.07602215768206103,1398.0,0.0,0.01998531746031746,,,0.0,1.8059936908517351,0.19085173501577288,0.0,-1.4907740332092612,29.018938778746335,48.234236846198705,31.204191026063704,29.018938778746335,,,42.34995130693654
2025-10-03,KEGC,1481.99,5700.0,1.6504640954694418,-0.5809396427564374,0.9966609354489286,2.139476910310725,1.458518873741177,0.3539566516240019,0.48010222349082554,0.00012347401575322424,0.0006238095238095239,-0.0017496679255916898,-0.05713954011535541,-0.07804594923417539,1396.02,0.0,0.020036111111111112,,,0.0,1.8059936908517351,0.19085173501577288,0.0,-1.5332975465328758,28.49622694035699,49.16666215688926,30.77303324631888,28.49622694035699,,,43.329668053399175
2025-10-06,KEGC,1480.0,11020.0,1.450018186001557,0.07830485867345884,-0.0010010009007997995,1.9918098355766904,1.1666325346439965,0.3414906953241145,0.516357512592436,0.00011407226538813434,0.0006174603174603175,-0.0011344809094809096,-0.0636816066066066,-0.07954595667095668,1392.01,0.0,0.02009325396825397,,,0.0,1.8059936908517351,0.19085173501577288,0.0,-1.5648154101966756,28.11247642852913,49.60075391660746,28.765005695304502,28.11247642852913,,,40.407370827302735
2025-10-07,KEGC,1481.7,6980.0,1.4578506190196099,-0.3915186072020046,0.40540536888240253,2.0870105324444155,0.09671506928992102,0.3424065819670052,0.3161573269366033,0.00011461393019706325,0.0006158730158730159,-0.0016620146742641485,-0.06786932794377118,-0.08204035559219304,1390.0,0.0,0.02015198412698413,,,0.0,1.8059936908517351,0.19085173501577288,0.0,-1.6172272337616007,27.481346753889046,49.228506389508354,27.521488760784734,27.481346753889046,,,32.7739915008446
2025-10-08,KEGC,1480.0,5610.0,1.2098291627709308,-0.4941082597859922,0.3406593032242458,1.9475397705155932,0.45355624707630326,0.3421219506629295,0.5249887902450446,0.0001189183567473812,0.0006162698412698412,-0.0019220613470613472,-0.06019214929214935,-0.08035220935220935,1390.99,0.0,0.020210317460317463,,,0.0,1.8059936908517351,0.19085173501577288,0.0,-1.5817562342640696,27.907516220588935,49.04503665067911,29.826352718342374,27.907516220588935,,,35.02602820019883
2025-10-09,KEGC,1481.02,4990.0,1.102859301673619,-0.48812411515025317,-0.06343282990365971,2.005401473983601,0.0,0.34599021002835895,0.5028449020184537,0.00012537095649237532,0.0006186507936507937,-0.002670436735686011,-0.06234408976074615,-0.08335315491489889,1387.59,0.0,0.020268253968253967,,,0.0,1.8059936908517351,0.19085173501577288,0.0,-1.6448115170500606,27.152740950928944,48.517198978028055,29.16915728073068,27.152740950928944,,,35.10736860189542
2025-10-10,KEGC,1484.0,27470.0,1.1814496652539337,1.3149976605377778,0.9999996428572704,2.1973566588515885,0.002025672016681135,0.2579964029004514,0.33565835535022337,0.0001221799983436112,0.0006376984126984128,-0.0030325172207247677,-0.06778969751422584,-0.0887882000598981,1382.38,0.0,0.02031111111111111,,,0.0,1.8059936908517351,0.19085173501577288,0.0,-1.7590116254536952,25.81881656301146,48.26193090750062,27.544821210685168,25.81881656301146,,,47.16704412765094
2025-10-13,KEGC,1483.0,26380.0,0.9118338589284269,1.2745092541891103,-0.052631565096969146,2.0427133270715254,0.13562844553607345,0.25613286140912905,0.3363260968318918,0.00012214267064637312,0.000673015873015873,-0.003944194254460545,-0.06845450663070358,-0.08423043862184118,1388.23,0.0,0.020326190476190477,,,0.0,1.8059936908517351,0.19085173501577288,0.0,-1.66324483117363,26.934527702678444,47.6196266052809,27.35040260504778,26.934527702678444,,,40.33428034114572
2025-10-14,KEGC,1484.0,16750.0,0.7959467658731986,0.820301545218818,-0.42766288908381256,2.0369817256494085,0.20270270270270618,0.2515849679781966,0.3259999839926579,0.00011922076915545423,0.0006686507936507936,-0.002707891584306679,-0.07151691374663073,-0.08183169362084458,1392.77,0.0,0.02035595238095238,,,0.0,1.8059936908517351,0.19085173501577288,0.0,-1.612842869122121,27.533803669597745,48.490789356810765,26.465955272999892,27.533803669597745,,,31.004972318779878
2025-10-15,KEGC,1482.0,11230.0,0.5479172829442656,0.4204923526569858,-0.24906129548669728,1.8452909429263642,0.15522710400215356,0.24987707637150955,0.15938633239941485,0.00011935129194323081,0.0006753968253968253,-0.005405242272347541,-0.07091865400681191,-0.07637881080907397,1399.0,0.0,0.0203734126984127,,,0.0,1.8059936908517351,0.19085173501577288,0.0,-1.4982679591437769,28.926410514066774,46.592002026962895,26.637290974310808,28.926410514066774,,,23.587645210228914
2025-10-16,KEGC,1482.0,30570.0,0.48940427583158985,1.3244571904934017,-0.7329772052099862,1.8075913496778264,0.13513513513514486,0.25512316971631227,0.04144221265722626,0.00012053246807739536,0.0006773809523809523,-0.02514883201593728,-0.0722519086176981,-0.0790957232825654,1395.0,0.0,0.020391269841269842,,,0.0,1.8059936908517351,0.19085173501577288,0.0,-1.555355194064243,28.227329775655306,33.31698036644514,26.256428121574505,28.227329775655306,,,10.352543209404475
2025-10-17,KEGC,1484.5,9510.0,0.5716735070115855,-0.039180218309795845,0.060070664302629695,1.893045605232057,0.06617061214568842,0.25590658862813914,-0.09246666240403904,0.00011586736450172585,0.0006750000000000001,-0.03100642525675365,-0.07653912345560207,-0.07732667137136655,1399.99,0.0,0.0203984126984127,,,0.0,1.8059936908517351,0.19085173501577288,0.0,-1.5181842203849443,28.681355033190226,29.749814638952856,25.05572519106386,28.681355033190226,,,20.114303012500297
2025-10-20,KEGC,1482.15,17120.0,0.32501758035842804,0.6281335455713372,-0.6929238060181595,1.7006485136055356,0.03369272237196963,0.254301151313967,-0.28045245811496716,0.0001202650910335602,0.0006746031746031747,-0.0372288386561993,-0.07640851180636886,-0.07260159103650914,1404.78,0.0,0.020400396825396825,,,0.0,1.8059936908517351,0.19085173501577288,0.0,-1.418901754083245,29.91516168577593,26.21360866216199,25.09175990077833,29.91516168577593,,,4.893791161559289
2025-10-21,KEGC,1485.0,48570.0,0.45684843584674745,1.554265010598837,0.9999996428572704,1.8494769088195873,-0.05731625084287595,0.2591425218894596,-0.4085109062992053,0.00012167225282174944,0.0006793650793650794,-0.04339523809523816,-0.07753695286195285,-0.0735903318903319,1406.01,0.0,0.0203984126984127,,,0.0,1.8059936908517351,0.19085173501577288,0.0,-1.4396769840357604,29.65447372863415,22.98833556569425,24.781570666206488,29.65447372863415,,,48.159844242505656
2025-10-22,KEGC,1479.01,64690.0,-0.06132759943493131,1.7604106838903055,-0.9999998330551196,1.3210995646682084,0.06738544474393926,0.25621043292959383,-0.12297839991098866,0.00011845075336626837,0.0006813492063492064,-0.04229522954168291,-0.07603741088123839,-0.07043864231146467,1405.0,0.0,0.0203984126984127,,,0.0,1.8059936908517351,0.19085173501577288,0.0,-1.3734542973866146,30.489984903383217,23.542688251442517,25.194331606468644,30.489984903383217,,,4.669450738131274
2025-10-23,KEGC,1449.75,161580.0,-2.057126003197698,2.6232756462840072,0.3441558396862878,-0.8057379201278161,-0.20175438596491402,0.2772063016175304,-0.2731661074246731,0.00010822919096277695,0.0006773809523809523,-0.02325243391717784,-0.06069904930242481,-0.03746992482283481,1425.0,0.0,0.020398015873015873,,,0.0,1.8059936908517351,0.19085173501577288,0.0,-0.6807220365341825,39.928786457774365,34.5167697765973,29.670781675980052,39.928786457774365,,,45.4079969959421
2025-10-24,KEGC,1443.5,29430.0,-1.863970145028181,0.7089000358016427,-0.1818181652892577,-1.1120668789949217,-2.1761133603238836,0.5351616448987442,-0.05773949844541835,0.00010762413757757703,0.0006750000000000001,-0.020395255001896845,-0.0525309446836118,-0.034605561603466006,1423.0,0.0,0.020403968253968254,,,0.0,1.8059936908517351,0.19085173501577288,0.0,-0.6205365953037124,40.798007422773495,36.361870891977176,32.233261204952456,40.798007422773495,,,11.390303820133555
2025-10-28,KEGC,1432.0,31490.0,-2.5574721809892385,0.7765554315717867,-0.8095237324263113,-1.879189515777303,-2.7618726844055197,0.5339934841825883,-0.10611726436379583,0.00010613273669485366,0.0006797619047619047,-0.01319479028110313,-0.04165596568236234,-0.023194883390972778,1428.0,0.0,0.020401587301587303,,,0.0,1.8059936908517351,0.19085173501577288,0.0,-0.3807776505183679,44.313050549424965,41.18248574465054,35.81577250279572,44.313050549424965,,,4.190873451488199
2025-10-29,KEGC,1425.6,33720.0,-2.8348747904593496,0.6887078519373478,-0.279999972000021,-2.2646771459151247,-3.3835981513342217,0.5016996441152072,-0.1294372496454262,8.914264974152814e-05,0.0006817460317460318,-0.016810169151835756,-0.03293063572230233,-0.016959676126342728,1430.5,0.0,0.020396825396825396,,,0.0,1.8059936908517351,0.19085173501577288,0.0,-0.24976469174008603,46.26052532814785,38.7344828829557,38.8117030870774,46.26052532814785,,,13.411693718405573
2025-10-30,KEGC,1421.5,7280.0,-2.9315068192626503,-0.8442494426492674,-0.9230768520710114,-2.4820678215655803,-4.0000000000000036,0.5055778334267885,-0.3854371726168845,8.913005261254397e-05,0.0006972222222222222,-0.01710917346420336,-0.032912120552289384,-0.002444031427789775,1446.99,0.0,0.02037579365079365,,,0.0,1.8059936908517351,0.19085173501577288,0.0,0.05523520318233862,50.82845222268879,38.534368152381546,38.81816049094429,50.82845222268879,,,3.1841523611139158
2025-10-31,KEGC,1421.0,17500.0,-2.915921791367508,0.03281834150897382,0.49999987500003124,-2.503156675958679,-3.8884118430571823,0.4917051870912143,-0.3700525764200628,8.619334815362917e-05,0.0006876984126984126,-0.009824339275940319,-0.02904964813511611,5.2105324888567645e-05,1450.01,0.0,0.02036309523809524,,,0.0,1.8059936908517351,0.19085173501577288,0.0,0.10768354172253394,51.61469145839476,43.5048962919653,40.17352151424647,51.61469145839476,,,32.41564345886375
2025-11-03,KEGC,1419.0,10510.0,-2.9501457072123567,-0.4989561235495374,-0.199999960000008,-2.605000684377598,-1.983100534574922,0.4893101109926861,-0.3388837693573141,8.38894446338001e-05,0.0006761904761904762,-0.00992424494110538,-0.024285824188731188,0.006403422933655506,1456.98,0.0,0.02036190476190476,,,0.0,1.8059936908517351,0.19085173501577288,0.0,0.24113618840284115,53.61074643688889,43.435591651192375,41.86588080343445,53.61074643688889,,,5.052640582377098
2025-11-04,KEGC,1418.0,39660.0,-2.9528467392908992,0.829057822158977,0.1428571224489825,-2.6536742908771704,-1.6972635954277782,0.4853969290870707,-0.3425201282994642,8.461146270163289e-05,0.0006753968253968253,-0.012882934269147259,-0.02272223789374707,0.014194204334296013,1467.0,0.0,0.020361507936507938,,,0.0,1.8059936908517351,0.19085173501577288,0.0,0.4048345674900487,56.04283668624658,41.39589383436234,42.42575692957738,56.04283668624658,,,18.857428631002637
2025-11-05,KEGC,1406.5,52930.0,-3.529107018500403,0.8806580290566975,-0.8219584081923783,-3.3648190934459614,-0.9776536312849138,0.48617001533638804,-0.15204395732440543,8.112145648014962e-05,0.0006757936507936508,-0.0061553470564669165,-0.015338699292965201,0.021729977598338814,1465.7,0.0,0.02036031746031746,,,0.0,1.8059936908517351,0.19085173501577288,0.0,0.56317476535404,58.36814985878094,46.065484073296545,45.09360511734634,58.36814985878094,,,2.326027464387069
2025-11-06,KEGC,1402.0,11140.0,-3.5423215161683377,-0.8825112861089996,-0.7140814357339934,-3.5250907341577613,-1.3397867564534205,0.49729981894840153,-0.2604356445628769,8.101518689064093e-05,0.0006761904761904762,-0.005513609809116229,0.002132119647668863,0.02743014287978625,1469.0,0.0,0.02035873015873016,,,0.0,1.8059936908517351,0.19085173501577288,0.0,0.6829455263492601,60.1032084232358,46.515886309322646,51.49147478136702,60.1032084232358,,,2.1032501409894304
2025-11-07,KEGC,1411.84,3970.0,-2.791296838161813,-1.9142821219766721,0.9999998983739942,-2.8199847486574203,-1.371790362293357,0.49628463010063917,-0.21863656129547326,8.434847161220774e-05,0.0006746031746031747,-0.013176620040581906,-0.006374786656880887,0.024023069478622573,1474.5,0.0,0.02035873015873016,,,0.0,1.8059936908517351,0.19085173501577288,0.0,0.6113567646422792,59.06889189833044,41.19491092269669,48.36931151159427,59.06889189833044,,,38.59647012093252
2025-11-10,KEGC,1409.71,5880.0,-2.906773542574405,-1.5214941310226981,-0.033886082632584046,-2.9622145993942826,-0.6446164672765708,0.5374509405349859,-0.11863655662068069,0.00014229529409083927,0.0006753968253968253,-0.013084233073716764,-0.0013070495276919208,0.0266651258116467,1476.0,0.0,0.02035873015873016,,,0.0,1.8059936908517351,0.19085173501577288,0.0,0.6668711369410043,59.871713546390716,41.25810433021403,50.229275854465726,59.871713546390716,,,9.789005213482781
2025-11-11,KEGC,1404.52,6880.0,-3.144609473090893,-1.159689660605692,-0.565714204897976,-3.309012169302978,-0.6546863988724394,0.5280073306361069,-0.0854137811471959,0.00014892769183208297,0.0006746031746031747,-0.01227997341011039,0.004213692448281504,0.044060664333609556,1495.0,0.0,0.020359920634920637,,,0.0,1.8059936908517351,0.19085173501577288,0.0,1.0323827991165448,65.00888269632101,41.80942050258366,52.25460598948375,65.00888269632101,,,3.5370884577619965
2025-11-12,KEGC,1402.59,7900.0,-3.148471732222797,-0.7844195095381972,0.0359999927999687,-3.425877510643221,-0.950634696755992,0.5266604329391742,-0.22712804661658761,0.0001671162947053373,0.0006746031746031747,-0.012349266951377988,0.017370405167107583,0.05265262080627036,1505.0,0.0,0.02036230158730159,,,0.0,1.8059936908517351,0.19085173501577288,0.0,1.2129153125364158,67.43111530724163,41.761837377621084,57.039357631261566,67.43111530724163,,,9.90404831500611
2025-11-13,KEGC,1399.0,11800.0,-3.2897861991117243,-0.3831840263435058,-0.5918366139109027,-3.653015411977034,-0.27799502310701385,0.5217182640297302,-0.05553636641811821,0.000171960630503824,0.0006746031746031747,-0.009098534100321085,0.022176044113142033,0.06255327359678682,1515.0,0.0,0.02036309523809524,,,0.0,1.8059936908517351,0.19085173501577288,0.0,1.4209458977071843,70.11054647828675,44.009133887193535,58.7594470195704,70.11054647828675,,,3.5886249230762473
2025-11-14,KEGC,1398.0,8300.0,-3.252372222417906,-0.7350269663562411,-0.1428571224489825,-3.6917223434290927,-0.21398002853066922,0.52064049091826,-0.03108740205350007,0.00017566408144247138,0.0006746031746031747,-0.01082135193133053,0.02790273009060564,0.07620025376388037,1533.0,0.0,0.02036626984126984,,,0.0,1.8059936908517351,0.19085173501577288,0.0,1.7076935829399926,73.58707936431952,42.81444841081045,60.78130194358635,73.58707936431952,,,10.638469286150592
2025-11-17,KEGC,1396.02,9530.0,-3.213673747358742,-0.4169404618280218,-0.8014041322563547,-3.807969468117625,-0.9802810516772342,0.518812685683153,-0.2596588062180954,0.00017874419711141052,0.0006746031746031747,-0.013151586039495865,0.03655803583793657,0.08635139896003675,1545.0,0.0,0.02036626984126984,,,0.0,1.8059936908517351,0.19085173501577288,0.0,1.92098746567595,75.99841252716121,41.21203151722642,63.76630123589789,75.99841252716121,,,1.6790693969415176
2025-11-18,KEGC,1392.01,29410.0,-3.3943928157391423,0.7099475165743949,-0.8316665973611185,-4.059117112684145,-0.9711217200700895,0.5089175558182222,-0.4131624161428495,0.0001780925445092091,0.0006746031746031747,-0.0061099421779377185,0.03865133015373571,0.0967234062386434,1555.0,0.0,0.02036626984126984,,,0.0,1.8059936908517351,0.19085173501577288,0.0,2.138922059406052,78.30200306820423,46.09733117197802,64.47351727305993,78.30200306820423,,,2.172528090501169
2025-11-19,KEGC,1390.0,8300.0,-3.2908523999739705,-0.5681832744337084,-0.636363578512402,-4.101120054700704,-0.8906957537094473,0.5077694268396201,-0.4663528946354781,0.00017848141964566048,0.0006746031746031747,-0.001425448212858298,0.042548024437592785,,,0.0,,,,0.0,1.8059936908517351,0.19085173501577288,0.0,,,49.39542840609412,65.77313664066565,,,,1.9985123849877193
2025-11-20,KEGC,1390.99,10250.0,-2.8902860649089903,-0.11245693920379535,-0.33499997208333415,-4.0104634099711305,-0.8976251078362085,0.49560615710416134,-0.6008256088979522,0.0001834063574146885,0.0006746031746031747,0.0023219806220007447,0.04574986903241347,,,0.0,,,,0.0,1.8059936908517351,0.19085173501577288,0.0,,,52.03896803354999,66.82367849224379,,,,4.235600896347311
2025-11-21,KEGC,1387.59,91870.0,-2.657687786718543,2.138514233401969,0.01860841348670692,-4.217775842999122,-0.572551822730516,0.5031538082526427,-0.5494582805324384,0.00018379611159733073,0.0006765873015873017,0.001885035419410006,0.04942946860761333,,,0.0,,,,0.0,1.8059936908517351,0.19085173501577288,0.0,,,51.731038751122604,68.01056758482991,,,,30.049031824252037
2025-11-24,KEGC,1382.38,46930.0,-1.8313243335712877,1.4667973359009843,-0.1398601317097739,-4.273845735707741,-0.7446351931330586,0.31319347136293424,-0.5171651733453005,0.00018053210569558733,0.0006805555555555554,0.009282153547240858,0.06718763698195213,,,0.0,,,,0.0,1.8059936908517351,0.19085173501577288,0.0,,,56.90769517011229,73.4005991510605,,,,13.529290726825554
2025-11-25,KEGC,1388.23,15760.0,-1.060830185848866,0.3756161665554881,0.992380763356052,-3.7155647962808325,-0.977063365854347,0.31144697950269823,-0.3848563732359844,0.00017835191319577956,0.0006880952380952381,0.008476417538194373,0.06984485938129047,,,0.0,,,,0.0,1.8059936908517351,0.19085173501577288,0.0,,,56.34905684816947,74.1554879409717,,,,36.36008378866063
2025-11-26,KEGC,1392.77,5810.0,-0.54845218218225,-0.6222759905701521,0.9916490622862157,-3.354948370254382,-0.2715497733493222,0.31111350746244715,-0.020046901092550317,0.00017918957050770982,0.0006984126984126985,0.006082029425544694,0.0735139338717602,,,0.0,,,,0.0,1.8059936908517351,0.19085173501577288,0.0,,,54.67996714263392,75.17462916834958,,,,29.008747833746288
2025-11-27,KEGC,1399.0,7800.0,0.05520498633566428,-0.2857565041581345,0.8884119409088316,-2.9080977082400867,0.19928057553957323,0.32082600996943755,0.3055556270671732,0.0001947483037710134,0.0006928571428571428,0.000876079285657555,0.08155135272360076,,,0.0,,,,0.0,1.8059936908517351,0.19085173501577288,0.0,,,51.01953150191575,77.31142779019468,,,,29.571786446156842
2025-11-28,KEGC,1395.0,8360.0,-0.20186947968540342,-0.21642198260080564,0.04633781417504273,-3.1664586018933525,0.575848855850869,0.34154668117912296,0.5502380096656063,0.00020134855240713608,0.0006952380952380952,0.01811093189964158,0.09331616743471582,,,0.0,,,,0.0,1.8059936908517351,0.19085173501577288,0.0,,,62.885737875259174,80.19856951069463,,,,28.22197023863895
2025-12-01,KEGC,1399.99,6030.0,0.23343007855484316,-0.49477586308016663,0.8446153196449768,-2.79687648669531,0.5340194149568767,0.34443582569796644,0.5557838898032734,0.0002128996656092994,0.0006821428571428573,0.013042577716258056,0.09651904484124998,,,0.0,,,,0.0,1.8059936908517351,0.19085173501577288,0.0,,,59.489557279796514,80.93492103567989,,,,31.982106169038445
2025-12-02,KEGC,1404.78,17920.0,0.6161280784998225,0.6948216029400037,0.9649707285262051,-2.4495101283989964,1.2738899578986995,0.3584505000372308,0.7526789800742237,0.00022936723271427855,0.0006765873015873017,0.013135230986855102,,,,0.0,,,,0.0,1.8059936908517351,0.19085173501577288,0.0,,,59.55257512376413,,,,,45.691489117473004
2025-12-03,KEGC,1406.01,7310.0,0.8443071986437545,-0.20185098465305296,0.11333332074074012,-2.3281616835059102,1.1921655633432504,0.36991902031482593,0.7471969731082543,0.000235536379497266,0.0006773809523809523,0.014024433003761749,,,,0.0,,,,0.0,1.8059936908517351,0.19085173501577288,0.0,,,60.15573448142162,,,,,38.50187368880923
2025-12-04,KEGC,1405.0,32840.0,0.8987240124583087,1.371782389697778,0.14531137113017878,-2.3810402452629162,0.9506235774751071,0.3238349268194845,0.5715338247991592,0.0002343489956598276,0.0006813492063492064,0.026497628932949227,,,,0.0,,,,0.0,1.8059936908517351,0.19085173501577288,0.0,,,68.22367838919715,,,,,43.20120556456036
2025-12-05,KEGC,1425.0,49450.0,2.269671698740525,1.7810968906321543,0.5390534613677,-0.9221023296328463,0.42887776983560055,0.31563207274824195,0.4229137108434286,0.00022488484769566988,0.0006769841269841269,0.014164369256474511,,,,0.0,,,,0.0,1.8059936908517351,0.19085173501577288,0.0,,,60.25038029858699,,,,,46.94193066709459
2025-12-08,KEGC,1423.0,9630.0,1.8455788171736858,0.07378835444697623,0.07553956155218955,-0.9671867288680207,2.1505376344086002,0.42205138234651196,0.52145684028196,0.00017237571471329913,0.0006809523809523809,0.020498573045990485,,,,0.0,,,,0.0,1.8059936908517351,0.19085173501577288,0.0,,,64.44473930393688,,,,,41.777476372638674
2025-12-09,KEGC,1428.0,4870.0,2.17082454389795,-0.676581675778822,0.4285713673469475,-0.5954465183529086,1.6435831684512126,0.4217980566393,0.36764168866340263,0.00016839637751471783,0.0006773809523809523,0.023932749766573294,,,,0.0,,,,0.0,1.8059936908517351,0.19085173501577288,0.0,,,66.63372221026172,,,,,36.53731300445908
2025-12-10,KEGC,1430.5,12160.0,2.3308204591700257,0.23847385260633805,0.7692307100591762,-0.40219562913172857,1.6529278605902809,0.4150871534598269,0.2603618164275511,0.0001746091364861523,0.0006769841269841269,0.021230987195064475,,,,0.0,,,,0.0,1.8059936908517351,0.19085173501577288,0.0,,,64.91706396217867,,,,,41.30967870105777
2025-12-11,KEGC,1446.99,50500.0,3.4430096783634427,1.6254047224891572,0.6180952086621337,0.7603584902380566,1.7418083797412498,0.4121954460591509,0.3915412942912383,0.00017344065322836804,0.0006761904761904762,0.011836679696999905,,,,0.0,,,,0.0,1.8059936908517351,0.19085173501577288,0.0,,,58.66658624614389,,,,,49.21324660761923
2025-12-12,KEGC,1450.01,12120.0,3.2446978195558986,0.19828956818153923,-0.1979999802000038,0.946137818237478,2.988612099644139,0.46522878630594794,0.48609806179762927,0.00017357591051490675,0.0006750000000000001,0.013515729169027083,,,,0.0,,,,0.0,1.8059936908517351,0.19085173501577288,0.0,,,59.8110376224382,,,,,47.29446567003799
2025-12-15,KEGC,1456.98,9010.0,3.638654830676047,-0.21623805191066886,0.5768217228426827,1.4285664800267286,1.7550877192982428,0.46178653563402805,0.33868737348408856,0.00017643376212824963,0.0006750000000000001,0.00968019384846279,,,,0.0,,,,0.0,1.8059936908517351,0.19085173501577288,0.0,,,57.18302884264526,,,,,44.608520971500084
2025-12-17,KEGC,1467.0,47100.0,4.257182789243012,1.4376979187633216,0.8518517861225422,2.128858453041429,2.3879128601546062,0.4596649285285279,0.43894380574218717,0.00018941944822293741,0.0006750000000000001,0.0157115712338105,,,,0.0,,,,0.0,1.8059936908517351,0.19085173501577288,0.0,,,61.291580239925395,,,,,50.074516868411266
2025-12-18,KEGC,1465.7,28010.0,3.635119655307464,0.9179867751990002,-0.8599999139999995,1.9671755991396107,2.73109243697478,0.4552831838126882,0.5235998894973062,0.0001908878443894692,0.0006746031746031747,0.023435745881213887,,,,0.0,,,,0.0,1.8059936908517351,0.19085173501577288,0.0,,,66.32106224095268,,,,,48.07790794142324
2025-12-19,KEGC,1469.0,83490.0,3.6145744064443055,1.928219411169029,-0.1797675885326385,2.1607518818885714,2.46067808458581,0.45281601239160363,0.19775376468547096,0.00018570917018817336,0.0006746031746031747,0.027935644321263792,,,,0.0,,,,0.0,1.8059936908517351,0.19085173501577288,0.0,,,69.09714273162864,,,,,48.895005885618986
2025-12-22,KEGC,1474.5,104230.0,3.39546844340869,2.0104022017433536,0.9130433988657914,2.4188434960723417,1.521088604620635,0.4506257047567172,0.03818120524651652,0.00018412933024832757,0.0006746031746031747,0.03629311671430186,,,,0.0,,,,0.0,1.8059936908517351,0.19085173501577288,0.0,,,73.89642063124933,,,,,49.916980580962864
2025-12-23,KEGC,1476.0,127030.0,2.3988121337569575,2.208225398528836,0.17184263824412488,2.359063653921983,1.6889538692836714,0.43408517362919774,0.2603898810596756,0.00018438868730192705,0.0006753968253968253,0.04336741192411924,,,,0.0,,,,0.0,1.8059936908517351,0.19085173501577288,0.0,,,77.56154839957773,,,,,50.05947975618079
2025-12-24,KEGC,1495.0,114490.0,2.917100295755292,2.104289374633478,0.5789473379501401,3.5025648417247153,1.3054400197669125,0.40697607615848597,0.179394064139964,0.00018176617069792236,0.0006757936507936508,0.03675441418484897,,,,0.0,,,,0.0,1.8059936908517351,0.19085173501577288,0.0,,,74.14683091059496,,,,,50.50101498192189
2025-12-25,KEGC,1505.0,77600.0,3.041772790640068,1.6408521302995722,0.531100453057388,3.9684580204069273,1.9086571233810412,0.4599249269987433,0.12481317450548357,0.00017585531321914538,0.0006769841269841269,,,,,0.0,,,,0.0,1.8059936908517351,0.19085173501577288,0.0,,,,,,,,49.77959516541603
2025-12-26,KEGC,1515.0,68600.0,3.3906980757855836,1.094320043853657,0.25313281621974554,4.496954133877718,2.6813126833594936,0.4644892345423117,0.40303324791696105,0.00015851170523827678,0.0006753968253968253,,,,,0.0,,,,0.0,1.8059936908517351,0.19085173501577288,0.0,,,,,,,,50.263210400238236
2025-12-29,KEGC,1533.0,135210.0,4.298209806114331,1.4915633775193458,0.7817387856770177,5.568742351886976,3.131381892443841,0.4684384610624753,0.4896133288674379,0.00014121249881475197,0.0006777777777777777,,,,,0.0,,,,0.0,1.8059936908517351,0.19085173501577288,0.0,,,,,,,,51.39095618280196
2025-12-30,KEGC,1545.0,147710.0,4.4615203776716,1.3071208090827604,0.5879316955961976,5.995610246672703,3.967446592065116,0.47077288621441604,0.4633524062296831,0.00013182017302255922,0.0006746031746031747,,,,,0.0,,,,0.0,1.8059936908517351,0.19085173501577288,0.0,,,,,,,,51.2971757273789
2025-12-31,KEGC,1555.0,95290.0,4.503597515888885,0.6800104628525946,0.06710670697983036,6.238500909941959,4.674796747967469,0.4748325701865598,0.5465702177000977,0.00011234894885066888,0.0006746031746031747,,,,,0.0,,,,0.0,1.8059936908517351,0.19085173501577288,0.0,,,,,,,,50.761105597438466
2025-01-05,KMGZ,14654.7,1430.0,2.18464175707865,-0.044450751070595526,0.16260553117849472,3.0108795294110746,0.904071773636983,0.559981397265317,0.06400923910403084,0.00014237814288250094,0.0005726190476190476,0.07187027236020814,-0.07479794573462056,-0.10622599202693629,13355.43,0.0,0.01756706349206349,-0.03736440690894879,,0.0,2.55859375,0.41015625,0.0,-2.1254111087750216,21.836043255411973,88.54330049208349,25.538928163474832,21.836043255411973,44.85823272353882,,31.966367950446806
2025-01-06,KMGZ,14629.99,600.0,1.9998403093958437,-0.8071893159660314,0.23046153491596968,2.8277733470798,1.0669662530801816,0.39832862227721905,0.20966077766298313,0.0001411816071738183,0.0005674603174603176,0.08932530420688264,-0.08779289163414133,-0.09490547928582488,13499.0,0.0,0.01759920634920635,-0.026511689955532394,,0.0,2.55859375,0.41015625,0.0,-1.8875467032862903,24.3694865199174,92.67403700718049,22.08175141652332,24.3694865199174,47.29246811026919,,33.90269381701008
2025-01-08,KMGZ,14843.03,6720.0,2.3140823675221354,1.6819354517765044,0.469851912629645,4.319508857269324,0.34761590226148886,0.3891329239268075,0.05881975350099413,0.00015075396220859814,0.0005678571428571428,0.059818948491499185,-0.08801161829988959,-0.11490975584457158,13399.0,0.0,0.017623015873015874,-0.04769529965237603,,0.0,2.55859375,0.41015625,0.0,-2.307872660219164,20.025144083278146,84.61494424663492,22.026534678690986,20.025144083278146,42.563532252972855,,47.4039578443166
2025-01-09,KMGZ,15000.0,2340.0,3.3280024936828823,0.6270020548029206,0.047619047392290254,5.380414667646259,2.154018740472341,0.48527603393732505,0.31609791109713575,0.00015110652620392977,0.0005825396825396825,0.02936269841269841,-0.09902539682539682,-0.12489523809523809,13391.0,0.0,0.017628571428571427,-0.060768253968253964,,0.0,2.55859375,0.41015625,0.0,-2.5176856654594086,18.08482014872143,69.95066646674572,19.374416617247057,18.08482014872143,39.706200759406016,,48.290558724072476
2025-01-10,KMGZ,15567.0,2960.0,7.018980661837815,0.8620393149708622,0.9964788714850724,9.344853780655693,2.6694747908794003,0.5013768413433415,0.1563933196926675,0.0001634590796514705,0.0006321428571428572,-0.026958514806963447,-0.15151385493427794,-0.1514550791968358,13483.0,0.0,0.01758214285714286,-0.09179342618848786,,0.0,2.55859375,0.41015625,0.0,-3.075755865810286,13.640759015340398,32.19183900044159,10.004930304381382,13.640759015340398,33.22870620224695,,49.01032670129889
2025-01-13,KMGZ,15751.0,2700.0,7.018980661837815,0.7701022438780799,0.9574468034178362,10.596998325248293,6.4701456808699875,0.943831146734179,0.3814033795202943,0.00019388899698418694,0.0005884920634920634,-0.056962283876156025,-0.1668412196806854,-0.14704170153469717,13712.02,0.0,0.017590873015873015,-0.10808412940271866,,0.0,2.55859375,0.41015625,0.0,-2.983022835265701,14.309556578062942,16.910820618569318,8.152795760363702,14.309556578062942,30.04925244347752,,50.19573999353768
2025-01-14,KMGZ,15980.0,3560.0,7.018980661837815,0.9733600515869072,0.9785648299084394,10.666012107132866,6.831519331241112,0.9349252265096379,0.5403716339681626,0.00018440263102778188,0.0005805555555555556,-0.07678142072431811,-0.17225073107257086,-0.15648456503168642,13761.17,0.0,0.01763412698412698,-0.12126102270695513,,0.0,2.55859375,0.41015625,0.0,-3.181434441099208,12.910890465388814,10.419627159074619,7.5773654385175195,12.910890465388814,27.609155110265593,,50.7521226695485
2025-01-15,KMGZ,15775.0,10480.0,7.018980661837815,2.0530711260638665,0.5257666766511045,10.658102477187988,6.831519331241112,0.9607196608769658,0.6899922929666564,0.0001970518158407217,0.0005857142857142858,-0.07812455097728474,-0.16735110243252083,-0.1498778475838301,13689.45,0.0,0.017671825396825398,-0.10335806920232435,,0.0,2.55859375,0.41015625,0.0,-3.0426153828193367,13.876695052804845,10.070996269096955,8.096901391070045,13.876695052804845,30.953794294705904,,51.85602803126642
2025-01-16,KMGZ,15485.0,9980.0,4.713080049175617,2.00418538187601,-0.13758315734774168,8.467139267922533,6.278839293594363,1.0396763032701664,0.7011752457709484,0.00019757109001236985,0.0005837301587301588,-0.05945867736826729,-0.15301404495389803,-0.10099293350964322,14195.0,0.0,0.017686507936507938,-0.09216362762735059,,0.0,2.55859375,0.41015625,0.0,-2.015455103992375,22.98296994593978,15.943570410539692,9.808305778513931,22.98296994593978,33.154583010289464,,52.10979545868497
2025-01-17,KMGZ,15193.0,1980.0,2.3420005056564333,0.07333103444996297,-0.8658634511403712,6.309249086749662,3.2333333333333325,1.1510319325011922,0.6641348048229421,0.00019875675661649395,0.0005948412698412699,-0.04843663046056089,-0.1332321932667404,-0.08737920779097308,14133.99,0.0,0.017675396825396823,-0.07415710051830468,,0.0,2.55859375,0.41015625,0.0,-1.7294061547430846,26.160490078361143,20.5660220400198,12.694958611103402,26.160490078361143,36.850994097076914,,49.84880820365256
2025-01-20,KMGZ,14899.99,8180.0,0.3098616435774165,1.3526351484986763,-0.23198156646393067,4.195463819253634,-2.4025181473630086,1.2502387296557174,0.2916663402978533,0.00022747208850829156,0.0005884920634920634,-0.03114663924271086,-0.10632107887134301,-0.07256258345177113,14082.0,0.0,0.01766388888888889,-0.054102623240015565,,0.0,2.55859375,0.41015625,0.0,-1.4180821343217158,29.925473189213296,29.66715802087352,17.755479394538032,29.925473189213296,41.155626479762184,,49.33230927947095
2025-01-21,KMGZ,14799.99,46150.0,-0.3967964324807274,3.0011613838072817,-0.19917497574742363,3.441636372155717,-5.0352896425731,1.3391397403088707,0.053780666321499936,0.0002235933667518392,0.0005857142857142858,-0.03371108898673964,-0.10696234409778718,-0.05873519506721673,14192.0,0.0,0.017654761904761902,-0.047505872743672045,,0.0,2.55859375,0.41015625,0.0,-1.1275437468148166,33.70370484851463,28.179173235820627,17.618377618557346,33.70370484851463,42.605351748339885,,51.06883838115788
2025-01-22,KMGZ,14588.99,4600.0,-1.7375373025595324,0.6652764742858132,-0.8629869123456608,1.7758745979355826,-5.0352896425731,1.3504946132299858,-0.18176729480967269,0.00022398546316324276,0.0005888888888888889,-0.03303920107500724,-0.09441603407775315,-0.03749185554687211,14299.5,0.0,0.01764880952380952,-0.02814258840056781,,0.0,2.55859375,0.41015625,0.0,-0.6811828406297536,39.922155015374294,28.56462200505574,20.453753138368313,39.922155015374294,46.92555164263097,,41.01061855938094
2025-01-23,KMGZ,14610.0,44830.0,-2.786111996065755,2.9420973427428043,-0.9864237220532878,1.9044102848889224,-5.0352896425731,1.3906062539241153,-0.45951801260902575,0.00023448425575631391,0.0005944444444444445,-0.0494757048336104,-0.08943021576871679,-0.03044109791075906,14422.78,0.0,0.017626587301587303,-0.02442327662070988,,0.0,2.55859375,0.41015625,0.0,-0.5330336965306051,42.0719562746949,20.09096914317789,21.670822291020936,42.0719562746949,47.762737407121385,,50.54917028843546
2025-01-24,KMGZ,14502.0,13530.0,-2.759333591603644,1.6806480869898186,-0.9881978018759654,1.0404316715962016,-5.0352896425731,1.3881308193935897,-0.629286125550135,0.00022964602447892278,0.0005976190476190477,-0.04855522522345029,-0.06676473868957317,-0.013610869108366007,14560.0,0.0,0.01761031746031746,-0.006308213645408518,,0.0,2.55859375,0.41015625,0.0,-0.1794002119109401,47.31159206701281,20.511383755558615,27.8462355625264,47.31159206701281,51.84958026451603,,46.51140492093488
2025-01-27,KMGZ,14480.02,2260.0,-2.7064407902867047,-0.22491116642268863,-0.9287943196539348,0.8425429697769555,-4.548147173040218,1.3991223282764285,-0.6537529956972538,0.000229610587668742,0.000594047619047619,-0.06743173581569863,-0.06196490336777797,-0.009348623651927372,14600.0,0.0,0.01763452380952381,-0.0046604584718082445,,0.0,2.55859375,0.41015625,0.0,-0.08984274179203044,48.65268511170532,13.15288534111852,29.284340162942456,48.65268511170532,52.220916299916965,,30.837725617689173
2025-01-28,KMGZ,14344.92,5990.0,-3.5948937344645002,0.7498131585688182,-0.4526706659173367,-0.11793633122015974,-2.8185924956996566,1.3995301922738903,-0.7931155463352546,0.0002297452538468765,0.000588095238095238,-0.04513161050342962,-0.05804948012457167,0.0008171108059757091,14610.0,0.0,0.01766190476190476,0.011666212020900575,,0.0,2.55859375,0.41015625,0.0,0.12375768766590477,51.85551282422733,22.132063557778896,30.48909525473644,51.85551282422733,55.88051931332397,,40.81732776467744
2025-01-29,KMGZ,14149.99,3900.0,-4.725018904134857,0.17924892902747935,-0.5526027372027292,-1.4836528919168723,-3.0747993748644453,1.408315727038723,-0.8438146843692372,0.00021780341788257165,0.0005738095238095239,-0.04700342311055757,-0.009199634579639654,0.014087905981413226,14600.03,0.0,0.017717063492063492,0.02459723322004257,,0.0,2.55859375,0.41015625,0.0,0.40260104723428564,56.009820567361636,21.234845747374248,47.334162336930476,56.009820567361636,58.73626105266543,,42.07063661123549
2025-01-30,KMGZ,13929.9,12430.0,-4.725018904134857,1.2037030443218457,-0.841834382853535,-3.0285300285444388,-3.009118520199139,1.4366934115386736,-0.7817378493406509,0.0002150157073763961,0.0005718253968253969,-0.017988544400380245,0.0022587575663723138,0.028903521595717904,14580.0,0.0,0.017765873015873016,0.031577771351040396,,0.0,2.55859375,0.41015625,0.0,0.7139038725248793,60.54777612007997,37.948096096018205,51.53792534254203,60.54777612007997,60.255032962208624,,45.407364706772746
2025-01-31,KMGZ,13840.0,13380.0,-4.725018904134857,1.1468405869467524,0.20555282682876458,-3.6310571802027445,-4.655030800821358,1.46172032343004,-0.7528199815007004,0.00019947686149691932,0.0005785714285714286,-0.013047352968162217,0.005094676117074964,0.02915850077988808,14490.01,0.0,0.01780753968253968,0.03270037847508946,,0.0,2.55859375,0.41015625,0.0,0.7192614454053358,60.6245372610301,41.28333867074876,52.57728979440054,60.6245372610301,60.497529158400646,,48.757049441092754
2025-02-03,KMGZ,13545.49,13060.0,-4.725018904134857,0.9027900331478067,-0.7882004537854214,-5.641831514451591,-4.56488760171011,1.4627323655555897,-0.5140698557597544,0.00019363973911408388,0.0005801587301587301,-0.013674971353728953,0.03534149965946027,0.04892454078196262,14450.0,0.0,0.017851190476190475,0.05425712904975917,,0.0,2.55859375,0.41015625,0.0,1.134581622280853,66.39058399945714,40.854540051724776,63.35251815135206,66.39058399945714,65.04192996725405,,46.38304623112786
2025-02-04,KMGZ,13738.98,69260.0,-4.725018904134857,2.388624136338519,0.8766475613300508,-4.226326187372682,-5.0352896425731,1.5149046499458152,-0.48595108258605163,0.00019415486013571654,0.0005865079365079364,-0.03365389077715546,0.02841405832338427,0.03748931857525435,14500.0,0.0,0.017901984126984127,0.041745987939494265,,0.0,2.55859375,0.41015625,0.0,0.8943069638767183,63.10174533993775,28.211863401371623,60.96015461159434,63.10174533993775,62.43176438549077,,50.545398665041574
2025-02-05,KMGZ,13526.0,20580.0,-4.725018904134857,1.0161045064154202,-0.8278576191940366,-5.447120627244059,-4.224073748755663,1.5679056727302427,-0.2200874371365742,0.00018530103325784382,0.000588095238095238,-0.010461270181590307,0.053932601233603064,0.05398320495037187,14498.99,0.0,0.017951587301587302,0.05539957501015097,,0.0,2.55859375,0.41015625,0.0,1.2408732870228583,67.79843312207237,43.063502944047535,69.43186573907032,67.79843312207237,65.2761132707851,,47.96882710546048
2025-02-06,KMGZ,13720.0,174840.0,-4.398694942396408,2.957795552175511,0.9999999962962963,-4.016604946371207,-4.409826438039888,1.5342162075542338,-0.27513841353483565,0.0001807859476781451,0.0005869047619047619,-0.031412431162941366,0.04886218820861678,0.04097414156138646,14529.0,0.0,0.017990873015873016,0.03988823291221251,,0.0,2.55859375,0.41015625,0.0,0.9675293846968902,64.11865044799677,29.51083790021273,67.82905101449252,64.11865044799677,62.03751789052411,,51.495419687099385
2025-02-07,KMGZ,13700.0,23160.0,-2.9089452647225467,0.8171008048571144,-0.37737884718583214,-3.601838580957558,-1.506830630514211,1.5558906075055965,0.09322846229513063,0.0001660203254290793,0.000590079365079365,-0.03166825107171822,0.05330295446645812,0.03693493222106361,14453.0,0.0,0.01802857142857143,0.04433826613370409,,0.0,2.55859375,0.41015625,0.0,0.8826583059434293,62.93886433614283,29.36083581404978,69.2352634120434,62.93886433614283,62.97913684182602,,47.83395760689801
2025-02-10,KMGZ,13400.0,18440.0,-4.725018904134857,0.47609510056881255,-0.9999999968253969,-5.653808434193833,-1.0115606936416222,1.2042298450800335,-0.023357872507788723,0.0001252329186441325,0.0005825396825396825,-0.006234055910921561,0.07787509476427387,0.06847946576640607,14560.0,0.0,0.018087698412698413,0.06854328950485665,,0.0,2.55859375,0.41015625,0.0,1.5454658915869017,71.65230363254898,46.010285105014056,76.35050832578638,71.65230363254898,67.9152021352156,,24.89682229944043
2025-02-11,KMGZ,13316.84,5340.0,-4.725018904134857,-0.8699106615609307,-0.9999999957110997,-6.172881069469483,-1.0740844369601987,1.1728368748032145,-0.06571778111578383,0.00011576727319272698,0.0005805555555555556,0.010751936698076461,0.08388662000013067,0.10822509460392982,15000.0,0.0,0.01816825396825397,0.08142837769725911,,0.0,2.55859375,0.41015625,0.0,2.3805932917690584,80.66450283866841,57.922124989203915,77.9073402513681,80.66450283866841,70.39588770782227,,19.615852510786933
2025-02-12,KMGZ,13424.0,7430.0,-4.294628563228253,-0.5396117692670911,0.9813066550022744,-5.396852056068355,-3.07257161739809,1.0482792473217375,-0.4410472925240139,0.00010735256946680123,0.0005801587301587301,-0.004800828177913994,0.0736021203435685,0.08871703085684016,14860.0,0.0,0.018255555555555556,0.05977989481052652,,0.0,2.55859375,0.41015625,0.0,1.9706936616413349,76.53819642657625,47.01681464523701,75.1987900817187,76.53819642657625,66.16710296703276,,46.74111805129236
2025-02-13,KMGZ,13329.0,3520.0,-4.661538104355882,-1.2866729145135083,-0.21274015310691108,-6.043076753792563,-0.7541032086352262,1.110463618970797,-0.07921443768475171,0.00010750665843641325,0.0005805555555555556,0.0017054799952841817,0.0745520746921321,0.1070550295810424,15000.0,0.0,0.018310714285714284,0.07507002293602563,,0.0,2.55859375,0.41015625,0.0,2.3560081137460225,80.433390343842,51.60446083347174,75.4580535870758,80.433390343842,69.18558098166565,,31.31637294292305
2025-02-14,KMGZ,13306.0,7560.0,-4.586402398453612,-0.5222665215265617,-0.3428571404081633,-6.196649850535214,-2.8498542274052463,1.0831456750916957,-0.32176246756539323,0.00010910058911370122,0.0005853174603174603,0.010355841081359646,0.07338577512471996,0.10520368105807382,14950.0,0.0,0.018349603174603175,0.07431581867829049,,0.0,2.55859375,0.41015625,0.0,2.3171079397133463,80.06345078242867,57.64936431333957,75.13948874800084,80.06345078242867,69.04020881613815,,24.35173978539272
2025-02-17,KMGZ,13355.43,21500.0,-4.1311999281980105,0.5229131010360658,0.022267364463887836,-5.831325360435514,-2.8759124087591292,1.0552580172815982,-0.3148581262098594,7.861583203288625e-05,0.0005813492063492063,0.02373769983534075,0.07305429390624528,0.08976741940847102,14800.01,0.0,0.018396825396825398,0.07291140854408315,,0.0,2.55859375,0.41015625,0.0,1.9927642209949314,76.77515603812533,66.51119076103062,75.04844416034796,76.77515603812533,68.76850565373107,,36.64436137511705
2025-02-18,KMGZ,13499.0,5020.0,-2.8239120414604164,-0.9682977390720582,0.9906528906358233,-4.7459364465642135,-0.3326119402985106,1.0343498417656414,-0.11040465395200247,7.135100499027068e-05,0.0005996031746031746,0.01643493068857541,0.0613942968438579,0.08705080343987856,14923.0,0.0,0.018438492063492063,0.06128323453118809,,0.0,2.55859375,0.41015625,0.0,1.935683216177565,76.15888120151749,61.7749152273524,71.70683577358376,76.15888120151749,66.47030795482691,,42.98754725541133
2025-02-19,KMGZ,13399.0,1900.0,-2.8916165580646713,-1.903274613062568,0.46969696613865936,-5.4388506898539815,1.3678920825060503,1.0946844556674493,0.2877259233173821,7.879147766217117e-05,0.0005916666666666667,0.01865873685195655,0.0716156042206419,0.08954562046800457,14846.9,0.0,0.01851468253968254,0.005739440310044461,,0.0,2.55859375,0.41015625,0.0,1.9881038249228977,76.7252592507725,63.24594213628893,74.65072121442232,76.7252592507725,54.557303988088215,,45.8741336058745
2025-02-20,KMGZ,13391.0,2220.0,-2.8834623151930083,-1.747623138773282,-0.06863119269691277,-5.510400454393543,-0.18623361144218809,1.0731658885349082,0.18540398554465912,8.271874723609772e-05,0.000588095238095238,0.05701175416324397,0.06654826707822002,0.0764049510865507,14663.02,0.0,0.018585714285714285,0.047709370929065124,,0.0,2.55859375,0.41015625,0.0,1.7119946431548088,73.63720734980423,83.55479350331787,73.21687692749448,73.63720734980423,63.685985281295544,,37.12935834052619
2025-02-21,KMGZ,13483.0,4190.0,-1.5834696767676966,-0.8693812862751042,0.7874468567926541,-4.870881440235497,0.465151174131595,1.068497007433474,0.2142257776266588,8.361301145590731e-05,0.0005857142857142858,0.04525569408979442,0.06706368280927541,0.07889927086313275,14798.0,0.0,0.01863095238095238,0.06214605867588698,,0.0,2.55859375,0.41015625,0.0,1.764404803747696,74.24311129304644,78.47560665256094,73.36504392091355,74.24311129304644,66.64371911060456,,42.617027171739906
2025-02-24,KMGZ,13712.02,45380.0,0.295197891848204,1.8008330310805074,0.06999385278531205,-3.277306240775197,1.3302269652788246,1.0940091020762013,0.4402865770668223,8.780985456338644e-05,0.0005972222222222222,0.02397581680566066,0.08105215504353111,0.05338703257758112,14700.0,0.0,0.018665079365079367,0.03767960569550573,,0.0,2.55859375,0.41015625,0.0,1.228346629417705,67.63412371485283,66.66074698404695,77.18257974112899,67.63412371485283,61.566738534471924,,49.00240386154045
2025-02-25,KMGZ,13761.17,42710.0,0.6546272548458592,1.452346357717133,0.9999999937946014,-2.872076726777499,2.6700001422642394,1.1866743856744837,0.4498318747311071,8.685897074051099e-05,0.0006238095238095239,0.028348530722303495,0.06692781959834972,0.04665012404093638,14660.0,0.0,0.01866626984126984,0.02535280672338318,,0.0,2.55859375,0.41015625,0.0,1.0867920213758404,65.74779546503166,69.34546854839417,73.3260379247157,65.74779546503166,58.90151343688511,,50.146542393052954
2025-02-26,KMGZ,13689.45,50490.0,0.1331450518095002,1.3766348048976746,0.28931297489075175,-3.294894108124233,1.9421438625083276,1.1835681852396978,0.4517012953628627,8.173476318475906e-05,0.0006234126984126985,0.041644863445416465,0.0827997825358735,0.05742064572144445,14731.0,0.0,0.018663492063492063,0.0422091717266111,,0.0,2.55859375,0.41015625,0.0,1.3131001219827765,68.73716622146753,76.70394389162527,77.63140547134122,68.73716622146753,62.52980589170506,,49.368935607893825
2025-02-27,KMGZ,14195.0,9010.0,3.844328239939369,-0.3833948042363622,0.6020450454580009,0.3855721583080533,2.1676990820210573,1.154905126434045,0.41562449711328114,6.979974816431643e-05,0.0005984126984126983,0.013154034927344238,0.0402274247024159,0.013299491772757056,14649.03,0.0,0.018685714285714285,0.002710215283718273,,0.0,2.55859375,0.41015625,0.0,0.3860350416734406,55.764776103803236,59.5653607306475,65.00187740900114,55.764776103803236,53.878382269469796,,46.730713053211346
2025-02-28,KMGZ,14133.99,1550.0,3.3769878499368438,-2.1434605554073527,0.8730985854007112,-0.04954890215025596,6.004032559181538,1.392695265719125,0.5497597447442639,7.97455752472629e-05,0.0005837301587301588,0.027250737205471498,0.03411670848497304,0.017932487786366007,14652.0,0.0,0.018717460317460317,0.00613650094222376,,0.0,2.55859375,0.41015625,0.0,0.48338265017942794,57.20033770643585,68.68277450337233,62.9339284068976,57.20033770643585,54.64617476876321,,46.55831961989344
2025-03-03,KMGZ,14082.0,3040.0,3.0185760482645883,-1.2892082425123528,-0.2103184767920498,-0.41809160078596536,4.828228139138169,1.387418802362968,0.5668900904658754,8.781233391068184e-05,0.000576984126984127,0.0338531984431324,0.04665218600577569,0.028462691480512104,14747.0,0.0,0.018760714285714287,0.018624904978324232,,0.0,2.55859375,0.41015625,0.0,0.7046412361343776,60.41494216865273,72.5461059990066,67.11678825021382,60.41494216865273,57.423395458229066,,46.820320984184896
2025-03-04,KMGZ,14192.0,4130.0,3.7811246558460305,-0.6961661040869556,0.9064327432372354,0.3672481097344521,2.698216601200998,1.2901181218705717,0.510827624550403,8.609410790813456e-05,0.0005765873015873015,0.02648297498255221,0.03298500161056528,0.013455035700864336,14650.0,0.0,0.01881666666666667,0.021087323508884946,,0.0,2.55859375,0.41015625,0.0,0.38930330034976873,55.813142823595776,68.21470969339629,62.54541513707754,55.813142823595776,57.96607603032289,,47.14346587230739
2025-03-05,KMGZ,14299.5,3060.0,4.606164126375612,-0.8958168452389599,0.8102115409424089,1.3419470146655503,3.1307657706430403,1.2656244424077352,0.49211417443892974,9.200706336748169e-05,0.0005829365079365079,0.018000548928617265,0.012184963135574201,0.0054980688219201795,14648.0,0.0,0.0188734126984127,0.03685783939331876,,0.0,2.55859375,0.41015625,0.0,0.2221130644092932,53.32677371004591,62.81298130415145,55.164188204927655,53.32677371004591,61.39101529108684,,46.78142212794331
2025-03-06,KMGZ,14422.78,2740.0,5.421260481708122,-0.8459890428880967,0.9999178873474082,2.214038441698857,4.456351423906724,1.204260650801779,0.5962938876492612,9.787812085819506e-05,0.0005722222222222222,0.007836128538348142,0.012720153991072763,-0.0021415488509502582,14665.01,0.0,0.018936507936507935,0.062323042268649195,,0.0,2.55859375,0.41015625,0.0,0.0615909080833489,50.923758496971075,55.90396846977943,55.35849968212866,50.923758496971075,66.67923403215057,,47.16857605746899
2025-03-07,KMGZ,14560.0,6360.0,6.565863831228448,0.2052228511741765,0.8666666637777778,3.203673369082665,1.6046495244804504,1.182121556474487,0.6758684560271426,0.00010848709207774809,0.0005813492063492063,-0.007910576923076909,-0.0037302503052503034,-0.01178211233211233,14665.0,0.0,0.01899365079365079,0.07321961233211231,,0.0,2.55859375,0.41015625,0.0,-0.14097473125339502,47.886638901195596,44.83706938353784,49.33967364889523,47.886638901195596,68.82824354143557,,47.30224266943099
2025-03-11,KMGZ,14600.0,7700.0,6.704507301977946,0.39641449677019885,0.9837691605195948,3.4709657826154006,3.014081657055079,1.1879072221314484,0.6745820717025559,0.00011339450127406081,0.0006182539682539682,-0.01338309958686671,-0.009242791911285062,-0.0094838171341596,14739.0,0.0,0.01900436507936508,0.056469776038269186,,0.0,2.55859375,0.41015625,0.0,-0.09268340086927673,48.610107152760605,41.053782483066854,47.31836307151191,48.610107152760605,65.49481921326756,,47.83460177668332
2025-03-12,KMGZ,14610.0,5100.0,6.37123635485448,-0.015564480982104304,0.4669221757463631,3.516290785447119,3.678454764948169,1.032434450287553,0.9133995991648849,0.0001101853384582509,0.0006154761904761904,-0.01066004204556566,-0.005075541051465076,-0.004981609954043219,14815.0,0.0,0.01901309523809524,0.08844477363840811,,0.0,2.55859375,0.41015625,0.0,0.0019160981795923807,50.028741469528214,42.925975949208684,48.84593672715266,50.028741469528214,71.69890700493865,,47.958197078606936
2025-03-13,KMGZ,14600.03,1560.0,6.078236356874071,-1.1766754607928633,0.05600844492400818,4.001424113417704,2.9453213077790252,1.0065351098792337,0.8254974856667104,0.00010628143338780474,0.000628968253968254,-0.010060216264613302,-0.00999304886185872,0.0062344447715800624,14968.5,0.0,0.0190031746031746,0.11468965400120025,,0.0,2.55859375,0.41015625,0.0,0.237585652222913,53.55776207912004,43.34130950597127,47.04379357841212,53.55776207912004,76.25207275471404,,46.610575686158064
2025-03-14,KMGZ,14580.0,2380.0,5.804084205776795,-0.6600398601749414,-0.9999999897959185,3.8732763777117167,2.1016818769887147,1.0101415467072519,0.6746568664630304,0.00010374556647804641,0.0006206349206349206,-0.006643180482069371,-0.00840577601410935,0.0077497648442092885,14970.0,0.0,0.01899920634920635,0.11278883499902018,,0.0,2.55859375,0.41015625,0.0,0.26942526200420147,54.03260096080336,45.72352435138431,47.62487427803846,54.03260096080336,75.9398782682988,,46.374601660595005
2025-03-17,KMGZ,14490.01,40760.0,5.034110289976114,2.180556346618631,-0.9999014729068871,3.223879543131711,1.0900811078030648,0.9841775768427893,0.2746732910343649,9.818062855009351e-05,0.0006202380952380952,-0.005706951308368869,0.004391619920174216,0.02068221899115101,15065.0,0.0,0.018999603174603176,0.15935574619949158,,0.0,2.55859375,0.41015625,0.0,0.5411594658800729,58.04681970328437,46.38012668799089,52.31979272101041,58.04681970328437,82.77629682794704,,48.41737585670632
2025-03-18,KMGZ,14450.0,3050.0,3.8204662131079035,-0.41199963538791295,-0.428571426122449,2.79127836253185,-0.4807005494505523,1.0039034078236986,-0.09864033630256805,9.784545849017085e-05,0.0006238095238095239,0.004441821826769924,0.0004880526720492124,0.022105282309002033,15044.0,0.0,0.019001984126984128,0.09071094908551655,,0.0,2.55859375,0.41015625,0.0,0.5710605947259579,58.48307830500714,53.530266627115175,50.88822914201979,58.48307830500714,72.11226539731219,,26.58860260962232
2025-03-19,KMGZ,14500.0,38590.0,3.7575936238651666,2.227475502426191,0.9999999930342715,3.1417034637392196,-1.0273972602739767,1.0163200979460658,-0.3811084536309768,0.00010033116895788379,0.0006373015873015873,0.03128831417624521,-0.0031482621784345924,0.009147058018609745,14908.0,0.0,0.018990873015873013,0.09821477832512314,,0.0,2.55859375,0.41015625,0.0,0.29878491362273724,54.469809190358646,71.08074616093378,49.55331544350115,54.469809190358646,73.45422635227622,,48.349668111740804
2025-03-20,KMGZ,14498.99,6520.0,3.1444044558226762,0.4493581012734165,0.9855703908452688,3.0085890021824677,-0.7529089664613298,1.0038130847899642,-0.2744928901733952,9.2708584413239e-05,0.0006376984126984128,0.021674769372550837,-0.0019023250221030415,0.003711369882009423,14828.0,0.0,0.018980555555555553,0.09135024237101486,,0.0,2.55859375,0.41015625,0.0,0.18457129480500462,52.765743418496726,65.20184511037189,50.01073089715553,52.765743418496726,72.22820289531087,,42.41385159688116
2025-03-26,KMGZ,14529.0,11820.0,3.249707306012338,0.9339998066271905,0.05306122427321949,3.486794247714542,-0.6920533724930733,0.9743211447941432,-0.08858050098914305,7.819611525463455e-05,0.0006261904761904761,0.02918419261640922,-0.004004490198584768,2.2283429856214537e-05,14805.0,0.0,0.01897420634920635,0.1021719880436172,,0.0,2.55859375,0.41015625,0.0,0.1070569298813002,51.605302026207866,69.8446390879906,49.23901091505934,51.605302026207866,74.14508246643156,,38.05682374247683
2025-03-27,KMGZ,14453.0,1100.0,2.535917435536044,-1.6503946945869161,-0.9784946131344665,2.905870594465382,-0.3497942386831321,0.969515844792309,0.12203174182468457,7.779453410376574e-05,0.0006277777777777778,0.031157165700755267,0.006422009408712863,0.008159698321543615,14845.0,0.0,0.01896269841269841,0.11033211372604579,,0.0,2.55859375,0.41015625,0.0,0.27803870426657773,54.16093513920487,71.0045831713771,53.06304633291939,54.16093513920487,75.53224605752492,,22.410672310464303
2025-03-28,KMGZ,14560.0,5030.0,3.219516423172962,-0.13029519803551448,0.46676444785142923,3.6685911260667328,-0.2554173530591064,0.9890803765353812,0.1263131137791687,8.816514945523208e-05,0.0006416666666666667,0.013267139804639819,0.004164926739926741,-0.002458760683760653,14800.02,0.0,0.018943650793650794,0.0993671855921856,,0.0,2.55859375,0.41015625,0.0,0.05492571492903003,50.82381116623497,59.64223814762214,52.23673849898234,50.82381116623497,73.65662715570478,,40.99318463045325
2025-03-31,KMGZ,15000.0,8300.0,5.726387057978961,0.4939004279077722,0.9999999980392157,6.783146346916736,0.7612456747404739,0.9425595344475352,0.30538028857394434,9.1854643398809e-05,0.0006611111111111111,-0.008330555555555556,-0.01540674603174603,-0.032240873015873014,14800.0,0.0,0.018907539682539682,0.08801150793650794,,0.0,0.5812093953023488,0.3658170914542729,0.0,-0.5708502199674507,41.51998651447403,44.544017851773496,45.068864539215234,41.51998651447403,71.61945681935164,,47.857307922312884
2025-04-01,KMGZ,14860.0,2690.0,3.8789313943478843,-0.6328110938381735,0.015950833010227546,5.723669109904922,3.4482758620689724,1.1217078908038711,0.3053802895749332,0.00010368616640115327,0.0006674603174603175,-0.00407918028584249,-0.005853529769916041,-0.020220498194791603,14840.0,0.0,0.018874603174603176,0.10488296267811739,,0.0,0.5812093953023488,0.3658170914542729,1.0,-0.31828044897247243,45.2402497110027,47.52458657281627,48.56050262058651,45.2402497110027,74.61155570920708,,47.488733531933896
2025-04-02,KMGZ,15000.0,3490.0,3.425691855218845,-0.2717967010650225,0.99999999499925,6.704209371682976,2.4898975721757255,1.1438214150071946,0.11145637800792496,0.000114983577288248,0.0006357142857142858,-0.025686365079365052,-0.008907539682539682,-0.029534000000000015,14839.99,0.0,0.018866666666666667,0.08955,,0.0,0.5812093953023488,0.3658170914542729,1.0,-0.5139739321721235,42.35091473424149,32.980714481318415,47.4411078655136,42.35091473424149,71.90096710079253,,48.268300338086554
2025-04-03,KMGZ,14950.0,44760.0,2.879669617602705,2.463683785667232,-0.14121037423282312,6.324800738803084,3.241792277513933,0.8591480342668472,0.30084413215313105,0.00010954455547153976,0.0006242063492063491,-0.013395001858045336,-0.006955231724796942,-0.020868593725115462,14920.0,0.0,0.01886190476190476,0.10324813930031329,,0.0,0.5812093953023488,0.3658170914542729,1.0,-0.3318981058353588,45.03791573764597,41.0456517633561,48.15646726021265,45.03791573764597,74.33092036146263,,51.365264200971914
2025-04-04,KMGZ,14800.01,36640.0,1.1812279278767055,2.0794396103776487,-0.8902109667079687,4.939242832398532,3.438732443091408,0.8552173183010537,0.46830097993345976,9.998429751344286e-05,0.0006285714285714285,-0.009987983422158363,-0.005943859499000996,-0.022233416850276057,14750.0,0.0,0.01885436507936508,0.13448555405603918,,0.0,0.5812093953023488,0.3658170914542729,1.0,-0.36057550311301295,44.61236522915566,43.391389604622134,48.52736752629185,44.61236522915566,79.33591077632991,,51.40919289182405
2025-04-07,KMGZ,14923.0,5680.0,1.7862978464916344,0.11459684301918246,0.9999999990224829,5.618855763379427,1.6484203296703415,0.8917499579459762,0.19690589702158015,9.661313948703449e-05,0.0006412698412698412,-0.020838087898833058,-0.019592599497526456,-0.02372907937997062,14850.0,0.0,0.018837301587301587,0.14956390838048012,,0.0,0.5812093953023488,0.3658170914542729,1.0,-0.3920020724366424,44.14692655413012,36.07309485929378,43.55211307483143,44.14692655413012,81.4790177539698,,48.652541219818815
2025-04-08,KMGZ,14846.9,9360.0,1.1676561987437934,0.5518989717816819,0.5751830050194655,5.047912721106659,-0.5133333333333323,0.8933737145675722,0.1969058972182336,9.48516044737938e-05,0.0006678571428571428,-0.010973406903819458,-0.01600070938329596,-0.02095296175611239,14815.0,0.0,0.01880436507936508,0.1462048177445412,,0.0,0.5812093953023488,0.3658170914542729,1.0,-0.33367083044547824,45.01158815163821,42.70938638149326,44.853014913473125,45.01158815163821,81.0169337387051,,44.51772921974963
2025-04-09,KMGZ,14663.02,8220.0,-0.16223142475975705,0.3114824081776312,0.6247835045105333,3.732442038516143,-0.08815612382234717,0.9007911038233911,0.3087523316200812,8.803088818729966e-05,0.0006591269841269841,-0.004082672289103555,-0.0007249012335599839,-0.0058923510792608,14852.0,0.0,0.018780555555555557,0.15443649685907831,,0.0,0.5812093953023488,0.3658170914542729,1.0,-0.017220216690430862,49.741699047504326,47.5221281822263,50.4429929770858,49.741699047504326,82.1337798043086,,45.91997808852016
2025-04-10,KMGZ,14798.0,3650.0,0.7422921146263978,-0.5677998941439116,0.8901660224127286,4.669796680689494,-2.2465333333333337,0.9401281124972691,0.23370903352233788,8.226071681009749e-05,0.0006309523809523809,-0.01297929337297833,-0.012990876019281856,-0.014920350347644575,14855.0,0.0,0.01877222222222222,0.1391055927227403,,0.0,0.5812093953023488,0.3658170914542729,1.0,-0.20691477627766539,46.9002586776163,41.32991885692159,45.94863534549374,46.9002586776163,80.01143906230772,,44.053168039637214
2025-04-11,KMGZ,14700.0,1090.0,0.04145292595512529,-1.7221017919198869,-0.02382089222865348,3.990328848752775,-1.01672240802676,0.9386583192366597,0.4399843128514481,8.564517375294206e-05,0.0006313492063492063,9.52947845804992e-05,-0.006318310657596373,-0.06630419501133787,14001.0,0.0,0.0187531746031746,0.14425260770975057,,0.0,0.5812093953023488,0.3658170914542729,1.0,-1.286582097199276,31.605759346609208,50.468630336067555,48.390024061362766,31.605759346609208,80.74435311805728,,44.30615036887435
2025-04-14,KMGZ,14660.0,5160.0,-0.2514275252430001,-0.043608706278179775,-0.5999999880000003,3.7355488396649474,-0.6757427866602828,0.9519915280253128,0.6132623277473113,0.00010508896100249333,0.000625,-0.00379165204963295,-0.0008522472335910254,-0.025904013187812644,14555.0,0.0,0.018741666666666667,0.16153498830637303,,0.0,0.5812093953023488,0.3658170914542729,1.0,-0.43770135735515353,43.471956345040944,47.727048184028085,50.39624307924535,43.471956345040944,83.05503003759628,,48.43502088667769
2025-04-15,KMGZ,14731.0,1570.0,0.22447872148147657,-1.2390147702214083,0.2075720874050085,4.267065078838953,-1.7623802184547288,0.9544681476649138,0.2932623303428146,0.00010642792009819946,0.0006206349206349206,-0.00876294791353511,-0.005739015363346719,-0.010654734077687373,14850.0,0.0,0.018732936507936507,0.15574704944114182,,0.0,0.5812093953023488,0.3658170914542729,1.0,-0.11728647928262885,48.241428484398114,44.242700343336004,48.602511045454996,48.241428484398114,82.30676629968643,,40.25876602275855
2025-04-16,KMGZ,14649.03,1430.0,-0.33900100881275236,-1.3324151972297997,-0.9992682804967123,3.810709669928377,-0.7806343411756012,0.9597202917286685,0.2197401468199232,0.00011540021597526321,0.0006206349206349206,-0.0020523967579131083,0.005360962544472672,-0.010674288017217374,14767.0,0.0,0.018727380952380954,0.2040723386170572,,0.0,0.5812093953023488,0.3658170914542729,1.0,-0.11769734284575839,48.23527318142208,48.953090972327175,52.67478320092368,48.23527318142208,87.7999093447886,,19.81822304698265
2025-04-17,KMGZ,14652.0,1600.0,-0.3248021813412713,-1.2200869242605503,-0.8627047086132706,3.931102357802083,-0.09541008605321588,0.9685394419324925,-0.10507021018152593,0.00012670493672864373,0.0006154761904761904,-0.002279018954018954,-0.006453556803556803,-0.018850389025389026,14650.0,0.0,0.01871388888888889,0.23719016906516907,,0.0,0.5812093953023488,0.3658170914542729,1.0,-0.2894919823643241,45.66850489994649,48.793236594790066,48.34042352953425,45.66850489994649,90.65864210341088,,4.727941487567161
2025-04-18,KMGZ,14747.0,1460.0,0.032829905815734944,-1.249818350477647,0.947990946703857,4.614884680314562,-0.9866198134883097,0.9566029986509926,-0.45564435638672574,0.0001266148305235943,0.0006202380952380952,-0.0037174832169254764,-0.006161560328116237,-0.014822505492104393,14804.0,0.0,0.018687698412698413,0.24564953283476557,,0.0,0.5812093953023488,0.3658170914542729,1.0,-0.20485887925908997,46.93097978042729,47.7792861961678,48.4475150571364,46.93097978042729,91.28572721544148,,41.39864279251064
2025-04-21,KMGZ,14650.0,1210.0,-0.6556903105976427,-1.4376330633195398,-0.31034482544589775,3.970321222481904,0.3197278911564627,0.9618331537703586,-0.26128198860022367,0.00013853930982479375,0.0006325396825396825,0.00809613196814562,-0.0018856140636004121,-0.009095670133810064,14790.0,0.0,0.018651984126984125,0.30263306652581395,,0.0,0.5812093953023488,0.3658170914542729,1.0,-0.08452773181154177,48.73235572834989,56.08482500461483,50.01686607711186,48.73235572834989,94.60152255127765,,6.76658674315456
2025-04-22,KMGZ,14648.0,2850.0,-1.0616251930649518,-0.42055438543641027,0.6613577402965352,4.217497033712702,-0.06821282401091588,0.9747590592258574,-0.20335095608940318,0.0001567831562684551,0.0006396825396825397,0.018734088406890153,0.0007827683285220165,-0.009935826766534032,14775.0,0.0,0.018605952380952383,0.31546461167026435,,0.0,0.5812093953023488,0.3658170914542729,1.0,-0.10218093909380141,48.46776582268121,63.29537442911705,50.99639114901632,48.46776582268121,95.16355525247663,,38.376775433971
2025-04-23,KMGZ,14665.01,6760.0,-1.0126260074334548,0.6384562559011157,0.2254656846175394,4.34479863294261,-0.5634376484963677,0.9747829180760642,-0.11259382551109783,0.00015690982277377958,0.0006353174603174604,0.01766974090433785,-0.00017602220691314945,-0.0027628559967861448,14897.0,0.0,0.018582142857142856,0.3193634229255419,,0.0,0.5812093953023488,0.3658170914542729,1.0,0.04853612352986724,50.72799040465785,62.59458931850198,50.644481662853835,50.72799040465785,95.32302962528112,,35.2081333254463
2025-04-24,KMGZ,14665.0,320.0,-1.1165863662028794,-2.4119782509991783,-0.999999992394859,4.522877771490309,0.10908572103409675,0.9742519316949602,0.13235296751175252,0.00015689288949216927,0.0006384920634920634,0.02416630298897602,-0.05838303121566845,0.0076161429329090445,15049.0,0.0,0.018568650793650793,0.31256659753002236,,0.0,0.5812093953023488,0.3658170914542729,1.0,0.2666176244688207,53.990757509766354,66.78014652358853,30.385382997715894,53.990757509766354,95.04168660747716,,20.053668642885135
2025-04-25,KMGZ,14739.0,630.0,-0.6336678701745313,-1.7345911685298236,0.09099533488026645,5.104471473830899,0.08872508872508345,0.9650046934062477,0.10489391075543483,0.0001404489698713746,0.000628968253968254,0.017586652434907063,-0.025573568827761788,0.02554326075297476,15388.99,0.0,0.018556746031746032,0.31325080956257934,,0.0,0.5812093953023488,0.3658170914542729,1.0,0.6432987271639732,59.531440874125686,62.5396550704579,41.40633734529642,59.531440874125686,95.07071929303501,,37.205650120301144
2025-04-28,KMGZ,14815.0,2370.0,-0.1815001811435203,-0.2908408507825741,-0.029126213487501402,5.651568714148264,-0.05424832169255156,0.9578926634154536,-0.06650521160928327,0.0001625659489615425,0.0006242063492063491,0.0031686913735006887,-0.010714910483261817,0.05398419649218672,15889.6,0.0,0.018550396825396828,0.301730543234281,,0.0,0.5812093953023488,0.3658170914542729,1.0,1.2408941211060573,67.79870603326017,52.63521074861705,46.77978442766083,67.79870603326017,94.55975265381629,,28.195120042521122
2025-04-29,KMGZ,14968.5,290.0,0.9191041270736581,-2.2566999205361897,0.9999999932203391,6.746712906785062,1.1262798634812388,0.6720373402778825,-0.010261489217603994,0.0001577723565871095,0.000619047619047619,-0.012503441552657407,-0.026535015397413937,0.06372091427712481,16199.99,0.0,0.018551190476190475,0.2831744463770744,,0.0,0.5812093953023488,0.3658170914542729,1.0,1.4454801359174747,70.41810910249112,41.65602248094396,41.06420451902983,70.41810910249112,93.63063516544923,,46.574676434399876
2025-04-30,KMGZ,14970.0,9620.0,0.9309516735692018,1.3044921093856574,0.9516263545023966,6.7594188297920885,2.1880120152921956,0.6815387611022328,0.05746696136715679,0.00026544188766245493,0.0006166666666666666,-0.01414228218341445,-0.034434815663072174,0.05024792601075166,16000.0,0.0,0.018556349206349205,0.27903395441677004,,0.0,0.5812093953023488,0.3658170914542729,1.0,1.1623883345630008,66.76183898747556,40.53616374749359,38.28843143765713,66.76183898747556,93.40400708351851,,51.02179329951242
2025-05-02,KMGZ,15065.0,1600.0,1.536363867691225,-0.4893448426136841,0.17244748362755474,7.343658837147429,2.079712185671889,0.6475216175102441,0.20269909534412825,0.0002564783371809749,0.0006206349206349206,-0.01771925834610866,-0.0303570681807406,0.0752498167991613,16478.16,0.0,0.018554365079365077,0.294955936313014,,0.0,0.5812093953023488,0.3658170914542729,1.0,1.687723186833604,73.35352936075475,38.127263098251284,39.712944211739654,73.35352936075475,94.23636121293961,,47.78519430241852
2025-05-05,KMGZ,15044.0,5000.0,1.7116200764857752,0.9238174564707483,0.9884951622843122,7.154973874877567,2.7275826798499825,0.6580147345179439,0.437188590548611,0.00026939311233917853,0.0006261904761904761,-0.019330062821015997,-0.029886585275783625,0.10149716482445154,16849.9,0.0,0.01854404761904762,0.2872573722372046,,0.0,0.5812093953023488,0.3658170914542729,1.0,2.239227343621341,79.30709006134362,37.06049973617888,39.8784804329889,79.30709006134362,93.84698858295512,,51.287186294302344
2025-05-06,KMGZ,14908.0,1800.0,0.7015369395673077,-0.09783206835365821,-0.5707102063918308,6.080907219005324,2.069339846665308,0.6126932812186852,0.6166885560294202,0.00026939463271807894,0.0006261904761904761,-0.010355543630563754,-0.021891622586786258,0.10831091701057491,16799.0,0.0,0.01853373015873016,0.28729157062789346,,0.0,0.5812093953023488,0.3658170914542729,1.0,2.3823965754366005,80.68137260221482,43.13669717447844,42.723978997439566,80.68137260221482,93.84877141948593,,49.774517437518284
2025-05-08,KMGZ,14828.0,2009.9999999999998,0.2112225921983263,0.16750617166928572,-0.6190476148364108,5.280394019205854,0.6277421532230765,0.6240200360077574,0.5083717574485542,0.000281336960900021,0.0006273809523809525,-0.002308974227223485,-0.008301006568439802,0.15291059974479856,17370.0,0.0,0.018521825396825398,0.350029133321344,,0.0,0.5812093953023488,0.3658170914542729,1.0,3.3195164092437577,87.99239134751879,48.77210857140906,47.66325342539035,87.99239134751879,96.4136485256259,,48.22790347320111
2025-05-12,KMGZ,14805.0,1780.0,0.1026941341508682,0.04598503572708294,-0.9497487389459862,4.985721743520082,-0.9386378060593947,0.6251875472506999,0.18456223583720432,0.00028850464468442854,0.0006198412698412699,-0.0007627997298210211,0.003521394799054372,0.08448828098615332,16330.0,0.0,0.018517460317460318,0.3309150371496116,,0.0,0.5812093953023488,0.3658170914542729,1.0,1.8818399942364503,75.56735069283023,49.863055060894105,52.00090000933181,75.56735069283023,95.76666468714943,,25.27413488479188
2025-05-13,KMGZ,14845.0,3460.0,0.23432550889634746,0.7165392700921207,0.08745247115037083,4.376168771979087,-1.1022044088176308,0.5557155351085417,-0.19571278285247223,0.00028630986559742024,0.0006162698412698412,0.0019228410506450253,0.02368434404187181,0.0926314713681588,16495.0,0.0,0.018517063492063494,0.3233202491887065,,0.0,0.5812093953023488,0.3658170914542729,1.0,2.0529431220976995,77.4127493938773,51.7576871223293,59.295140461916105,77.4127493938773,95.47975685291894,,25.921106785171315
2025-05-14,KMGZ,14800.02,1990.0,-0.0907776909879822,0.16340587782827207,-0.9991489149117067,3.8685171276677623,-1.460338533023564,0.5199498567250441,-0.21271178534790902,0.0002804183435683656,0.0006226190476190475,-0.0065075029403113705,0.06066461522799743,0.08919128517426067,16394.0,0.0,0.018509920634920636,0.3259792902966476,,0.0,0.5812093953023488,0.3658170914542729,1.0,1.9806586008489047,76.64539171027067,45.818592054624936,71.48893004464622,76.64539171027067,95.58225536649603,,4.976553917896341
2025-05-15,KMGZ,14800.0,4150.0,-0.1032655390040785,0.8408918739277509,0.35616438112216176,3.6374578190818747,-1.6217761233714434,0.5011077649572776,-0.6102406007871128,0.00026489660229362234,0.000625,0.00025139425139425204,0.08164352209352208,0.10210810810810811,16585.0,0.0,0.0185,0.3212613256113256,,0.0,0.5812093953023488,0.3658170914542729,1.0,2.25206436472433,79.43320534477311,50.578783428138806,77.33516134906537,79.43320534477311,95.3988388997078,,34.96945885083257
2025-05-16,KMGZ,14840.0,680.0,0.07069750850511079,-0.9678757342150787,0.9857142786734695,3.816708782138494,-0.7244432519452615,0.49599633504212115,-0.42486568328431423,0.0002630991255750284,0.0006345238095238095,-0.004812017070979335,0.06522941749026655,0.10119599430967355,16616.0,0.0,0.018480555555555552,0.30387002845163213,,0.0,0.5812093953023488,0.3658170914542729,0.0,2.232899207512431,79.24471030774482,47.008946409146006,72.83537452767102,79.24471030774482,94.65827959563036,,38.95176801938849
2025-05-19,KMGZ,14839.99,2070.0,0.04923037482328072,0.1453327946901387,0.9998496165424808,3.7211467324137404,0.08092797410303998,0.4883528388760525,-0.10391330458233825,0.0002660201282896152,0.0006277777777777778,-0.00232562089819573,0.09746031697364449,0.09871459678469387,16579.0,0.0,0.018469444444444445,0.2966733842194862,,0.0,0.5812093953023488,0.3658170914542729,0.0,2.1807605667495435,78.72547310666995,48.760367547240755,81.14730205647143,78.72547310666995,94.32001348267163,,41.80169092726933
2025-05-20,KMGZ,14920.0,2580.0,0.5521927467461205,0.3085701985717224,0.7676252094791267,4.216445770604422,0.2363390746369376,0.4681367000130315,0.28600636651535516,0.0002527397043844124,0.0006194444444444444,-0.007494663602706498,0.11642486595174271,0.11484511894123153,16909.0,0.0,0.01846587301587302,0.2850326716030469,,0.0,0.5812093953023488,0.3658170914542729,0.0,2.519691951814258,81.93300593257656,45.127638073856836,85.04471115594234,81.93300593257656,93.72996763017592,,46.102632024572465
2025-05-21,KMGZ,14750.0,1820.0,-0.6582712589302967,-0.09431054934230014,0.7097914046394732,2.900197980060858,0.5052206130010006,0.47971456904418164,0.42204091418110634,0.00025931041862099085,0.000621031746031746,-0.05390902609631423,0.12599541296744687,0.13415798762442824,17001.12,0.0,0.018460317460317458,0.30354153214958296,,0.0,0.5812093953023488,0.3658170914542729,0.0,2.9254901813350442,85.26193003819608,18.156669311436268,86.74570777770116,85.26193003819608,94.64326193892296,,45.87367979627486
2025-05-22,KMGZ,14850.0,1460.0,0.019148158489361695,-0.31471025486444193,0.3517203689806132,3.2795207908806114,-0.3379725162533598,0.5340290923180779,0.7638289780913423,0.0002654753779925426,0.0006242063492063491,-0.02298397065897066,0.15678585858585858,0.12168269600769602,16931.0,0.0,0.018451984126984126,0.281379797979798,,0.0,0.5812093953023488,0.3658170914542729,0.0,2.6633617873678617,83.17410611658444,34.68826657171628,91.1398359528665,83.17410611658444,93.53331072435532,,47.94299342696309
2025-05-23,KMGZ,14815.0,670.0,-0.24721619700654976,-1.0936221050297494,-0.5337582230490808,2.9615123977908007,0.33783783783782884,0.5306398694492145,0.7629401756630326,0.0002625573671477089,0.0006349206349206349,-0.0007331644515157845,0.08936955506806166,0.13440039990571553,17079.22,0.0,0.018432539682539682,0.2808061239413079,,0.0,0.5812093953023488,0.3658170914542729,0.0,2.930583700903479,85.30029165492891,49.88396964924653,79.26204659765813,85.30029165492891,93.50190928538373,,47.74941809553224
2025-05-26,KMGZ,14852.0,3520.0,-0.07135231085030519,0.6139783661585869,-0.35845021474023303,3.186867978131623,-0.16846361185983705,0.5347702585967098,0.4590456753185226,0.0002742661665792886,0.0006353174603174604,-0.008798531756719206,0.0977526094502798,0.15112596390203448,17370.0,0.0,0.018413492063492062,0.2910720253592055,,0.0,0.5812093953023488,0.3658170914542729,0.0,3.2820179890342787,87.75263193535653,44.21792189275001,81.21288188575637,87.75263193535653,94.04290348776799,,45.70870647930048
2025-05-27,KMGZ,14855.0,4850.0,-0.23342813675889196,0.9344959342429742,0.8332777453604899,3.151553167482255,0.08092997367248334,0.5363662122468033,0.18738570906197977,0.00027606907249168934,0.0006226190476190475,-0.016854829222163453,0.0907364016177547,0.17573544955736137,17739.0,0.0,0.01840793650793651,0.2945114709386504,,0.0,0.5812093953023488,0.3658170914542729,0.0,3.799107701192766,90.71619675318684,38.70456887384868,79.59005046586671,90.71619675318684,94.21452482012201,,46.054110808320054
2025-05-28,KMGZ,14001.0,2580.0,-4.725018904134857,0.2546419241588062,-0.9999999979878871,-2.8616770254820563,-0.43565683646112907,0.5362564608719167,0.20051621623825241,0.0002762019890516083,0.0006123015873015872,0.054316538274476994,0.17169038869672573,0.23849125300573765,17597.89,0.0,0.01841111111111111,0.37439707410355044,,0.0,0.5812093953023488,0.3658170914542729,0.0,5.117720401835348,95.56649678290118,82.48247459548936,92.75539483289486,95.56649678290118,97.10143146293935,,17.012554464011256
2025-05-29,KMGZ,14555.0,7320.0,-1.9700145318096582,1.2776595601371983,0.1395348833964305,0.5029341700431016,-5.0352896425731,1.397859080409043,-0.14144206428721964,0.00032860561226949583,0.0006134920634920636,0.013125813144449352,0.12873138001450438,0.18392287178354683,17500.0,0.0,0.01841309523809524,0.3409269987131462,,0.0,0.5812093953023488,0.3658170914542729,0.0,3.9711402199358727,91.54973157489484,59.54617104069341,87.20088315011145,91.54973157489484,96.11837271291508,,47.97521486231927
2025-05-30,KMGZ,14850.0,1990.0,0.2520726298563518,-0.02481513263219262,0.9738842000107487,2.0049870787411646,-1.986531986531992,1.6799809709612104,-0.1838791614040562,0.00033983212753665987,0.000611904761904762,-0.008052092352092352,0.10355677008177008,0.15559006734006733,17434.0,0.0,0.018416666666666668,0.31472146464646467,,0.0,0.5812093953023488,0.3658170914542729,0.0,3.375816859687167,88.34475065736574,44.7382820447144,82.4789328602341,88.34475065736574,95.13257786882785,,47.308704947051496
2025-06-02,KMGZ,14767.0,2780.0,-0.3114731573802591,0.30950072219740815,0.17587939610110856,0.5912367487249945,0.23624704691191933,1.7283702630167055,0.11764932320790973,0.0002547807557752065,0.0006150793650793651,0.0058053971424916785,0.13217815907090133,0.15947761385586265,17394.0,0.0,0.01841904761904762,0.31858765925954596,,0.0,0.5812093953023488,0.3658170914542729,0.0,3.457501228755653,88.83999697785161,54.48637801995271,87.75526312712103,88.83999697785161,95.29170198683492,,48.17351723397014
2025-06-03,KMGZ,14650.0,1820.0,-0.8988828612148845,-0.11411314645467512,-0.7709923605267759,-0.29333279107548094,-0.5723134931322371,1.7324351612222681,0.224515245376178,0.00026155341499416895,0.000601984126984127,0.02421446313451433,0.14759751476244642,0.18292510834823122,17600.0,0.0,0.018440079365079364,0.3225929709084999,,0.0,0.5812093953023488,0.3658170914542729,0.0,3.950175409261013,91.45190883824223,66.8102999609321,89.98802872317732,91.45190883824223,95.45133006783587,,46.991998244607295
2025-06-04,KMGZ,14804.0,17910.0,0.22937459092255247,2.172408228274765,0.9538425996082674,0.7396842443949221,-1.3800067317401576,1.7319757786835346,-0.0963387758012751,0.0002632473745080147,0.000594047619047619,0.03647162382110367,0.13076706703036073,0.17039961957943583,17600.0,0.0,0.018468253968253967,0.3100851374360426,,0.0,0.5812093953023488,0.3658170914542729,0.0,3.6869922825263495,90.13393259732736,73.99350705244908,87.53084419989507,90.13393259732736,94.93502728467581,,49.651154008646664
2025-06-05,KMGZ,14790.0,39200.0,0.21153995696970598,2.9557253766677367,0.743119259237438,0.5744647110774437,5.735304621098503,1.751806594612492,0.2944297437179558,0.0002643031275027343,0.0005968253968253967,0.07128245275121545,0.14185264094143413,0.2127441860652308,18209.99,0.0,0.018492460317460317,0.2970639009626839,,0.0,0.5812093953023488,0.3658170914542729,0.0,4.576728053614118,93.96891343749178,88.37389052973008,89.20187292066073,93.96891343749178,94.33887465953462,,52.448528209496274
2025-06-09,KMGZ,14775.0,700.0,0.04802136904534998,-1.2003897590403187,0.3999999920000002,0.3815658595261438,1.614565441429061,1.740732241040111,0.4151466188861573,0.000247540356800598,0.0005936507936507937,0.09335475384739343,0.16268293046491017,0.24706431190073322,18699.0,0.0,0.018519444444444443,0.29575076545000406,,0.0,0.5812093953023488,0.3658170914542729,0.0,5.29785584303956,96.00253238528107,93.40980307977088,91.81468534682472,96.00253238528107,94.27521802660195,,47.448068321542706
2025-06-10,KMGZ,14897.0,44130.0,0.8817938878360934,2.943417679168613,0.96999999515,1.1880201013595435,-0.5050505050505083,1.7367171026418506,0.3003697772840076,0.0002434409447696756,0.0006115079365079366,0.07094016607157508,0.1778195235857651,0.2532037177241397,18944.99,0.0,0.018528174603174605,0.28679818947247304,,0.0,0.5812093953023488,0.3658170914542729,0.0,5.426855840622291,96.28921725155898,88.27424417997793,93.3374406622984,96.28921725155898,93.8230035756503,,51.00043987012281
2025-06-11,KMGZ,15049.0,4090.0,1.642839615441622,0.4607545287968653,0.9999999959837744,2.0880198113170816,0.8803413015507466,1.7460297696541962,0.4591938970937859,0.00024112598229624702,0.000625,0.09187186935376183,0.15642509674745037,0.28754383242255194,19655.0,0.0,0.01852301587301587,0.2733819410560423,,0.0,0.5812093953023488,0.3658170914542729,0.0,6.148403632136081,97.56136279018305,93.1473805142707,91.0969610495659,97.56136279018305,93.0825394879734,,48.85221046868514
2025-06-12,KMGZ,15388.99,13450.0,3.8979712889839666,1.6511874155564235,0.5888518507613847,4.356028166790221,2.7235494880545996,1.7591146032881144,0.813392368395896,0.00024678457499400076,0.0006170634920634921,0.0918381084223821,0.12423061207529766,0.2707064223538831,19840.0,0.0,0.018526984126984128,0.24110807171695006,,0.0,0.5812093953023488,0.3658170914542729,0.0,5.794619256150238,97.00195741471921,93.14129463456517,86.44488035446793,97.00195741471921,90.95395516318145,,50.12688031522115
2025-06-13,KMGZ,15889.6,9740.0,6.921451113849174,1.2904221895731307,0.9593749981262222,7.592549653281404,3.9515671440151223,1.8216954570419264,0.7403942186265194,0.00024709818856280574,0.0006178571428571429,0.05414034009267115,0.08425199919124496,0.2351204243806071,19920.0,0.0,0.018529761904761903,0.23097539191053187,,0.0,0.5812093953023488,0.3658170914542729,0.0,5.046893208292315,95.3829150184441,82.41048987920558,77.99955603896281,95.3829150184441,90.17244953052952,,49.19311421999408
2025-06-16,KMGZ,16199.99,3270.0,7.018980661837815,0.19897264048605473,0.7485792329273779,9.503192692629762,6.831519331241112,1.8987201803024525,0.7836453664042763,0.00025760671991414605,0.0006198412698412699,0.06913518567550166,0.06076309664290702,0.20493020848425572,19820.02,0.0,0.01852857142857143,0.263427082653402,,0.0,0.5812093953023488,0.3658170914542729,0.0,4.412542280910467,93.38583040251427,87.73646007343321,71.51839851120515,93.38583040251427,92.4808741830089,,50.0
2025-06-17,KMGZ,16000.0,5870.0,7.018980661837815,0.6629422129281978,-0.5651890328386866,8.073010045228344,6.831519331241112,1.8987201803024525,0.8533612145897518,0.0002626528455141633,0.0006218253968253969,0.017543650793650795,0.0870575396825397,0.22709722222222223,19930.0,0.0,0.01852777777777778,0.29151527777777775,,0.0,0.5812093953023488,0.3658170914542729,0.0,4.878311249580367,94.91644785389761,62.51121167538084,78.69840614263832,94.91644785389761,94.06528569578805,,50.0
2025-06-18,KMGZ,16478.16,6850.0,7.018980661837815,0.7019436303169269,0.9915207350425783,10.666012107132866,6.831519331241112,1.8987201803024525,0.5463234089920144,0.00026922386824486746,0.0006186507936507937,-0.0020566126661853276,0.05513438499952723,0.18682604072530523,19862.0,0.0,0.018526984126984128,0.25053850822341006,,0.0,0.5812093953023488,0.3658170914542729,0.0,4.032141039435583,91.82860810799072,48.95011695654722,69.80515198301201,91.82860810799072,91.63054951193476,,50.0
2025-06-19,KMGZ,16849.9,9950.0,7.018980661837815,0.9612551476034568,0.411157701487197,10.666012107132866,6.831519331241112,1.8987201803024525,0.5446275568037752,0.00027545878786115,0.0006158730158730159,-0.030134714998073173,0.06776679598070244,0.15595990464170234,19790.0,0.0,0.018527777777777775,0.2462972871724451,,0.0,0.5812093953023488,0.3658170914542729,0.0,3.3835878089270803,88.39267444058184,30.266652743619062,73.56632456917762,88.39267444058184,91.33214156650575,,50.0
2025-06-20,KMGZ,16799.0,11440.0,7.018980661837815,0.9397263359660372,0.8430769217798817,10.666012107132866,6.831519331241112,1.8987201803024525,0.5090887269489376,0.0002609646791195636,0.0006158730158730159,-0.015816234455565667,0.10014601797442592,0.15594609968280426,19730.0,0.0,0.01852857142857143,0.261614325824383,,0.0,0.5812093953023488,0.3658170914542729,0.0,3.383297741823568,88.39088866373702,39.402397831961146,81.74328379033513,88.39088866373702,92.36626063010915,,50.0
2025-06-23,KMGZ,17370.0,10060.0,7.018980661837815,0.6296023522530472,0.7278911556373117,10.666012107132866,5.723240358473469,1.8987201803024525,0.4858291116796695,0.00024611557553472414,0.0006154761904761904,-0.04648515914137676,0.07771228513858057,0.13835070935109797,20095.0,0.0,0.018528968253968253,0.20183171313430376,,0.0,0.5812093953023488,0.3658170914542729,0.0,3.013586832405645,85.9138390428234,21.480577411415787,76.3073093664235,85.9138390428234,87.58153477010974,,49.10710220909265
2025-06-24,KMGZ,16330.0,27690.0,6.34221279615477,1.4710417394411783,-0.18208943823860171,8.238194580759378,6.831519331241112,1.8987201803024525,0.4816914962216563,0.00024396905793115566,0.0006154761904761904,0.012169835194743338,0.19064790287619435,0.20321077455068567,19951.01,0.0,0.018528968253968253,0.3010913048338339,,0.0,0.5812093953023488,0.3658170914542729,0.0,4.37641387049841,93.25067201094912,58.894455184137215,94.41759411530268,93.25067201094912,94.52998383274468,,49.551774691478215
2025-06-25,KMGZ,16495.0,3490.0,6.533197157959735,-0.7080764962823003,0.9777777756049383,8.63788618641285,2.0624999999999893,1.8987201803024525,0.5583114151416734,0.00024820101800828505,0.0006158730158730159,0.02202034009825007,0.18981848576047577,0.18007706664357165,19771.0,0.0,0.018528571428571426,0.28460726133941494,,0.0,0.5812093953023488,0.3658170914542729,0.0,3.890332912513869,91.16701180357377,65.42285368423093,94.35304594930899,91.16701180357377,93.7073554524604,,46.95418622871094
2025-06-26,KMGZ,16394.0,2620.0,5.680738356619779,-0.9948028574040592,0.1754765493470071,7.883351545528772,0.10219587623860882,1.8987201803024525,0.5555628232541453,0.00025683670279440463,0.0006154761904761904,0.03395488627275555,0.20210329049923412,0.23772371599365624,20595.0,0.0,0.018528571428571426,0.2816177188808913,,0.0,0.5812093953023488,0.3658170914542729,0.0,5.101593063856538,95.52531716119961,72.60324186824644,95.24082618499459,95.52531716119961,93.54629241796133,,46.172218537182516
2025-06-27,KMGZ,16585.0,2820.0,6.721597501183265,-0.9212405934234585,0.2563667223892471,9.033392384847176,-2.7056540394898576,1.8987201803024525,0.5084265928261074,0.00018438949379721162,0.0006150793650793651,0.017783256648051644,0.18207801094410234,0.20426310779964685,20280.0,0.0,0.01852857142857143,0.2747060592139579,,0.0,0.5812093953023488,0.3658170914542729,0.0,4.3985252914529696,93.33369325035204,62.66958820135137,93.71595895586674,93.33369325035204,93.1591276815073,,45.33383342607124
2025-06-30,KMGZ,16616.0,2520.0,6.604121696160706,-0.9257668418744565,0.5582830017645256,9.141099988779914,-1.273885350318471,1.8987201803024525,0.3910845529479804,0.00017827540335394116,0.0006150793650793651,0.024798583885488147,0.18646139616816074,0.1984929740697434,20222.03,0.0,0.01852857142857143,0.275134127366241,,0.0,1.5876288659793814,0.2422680412371134,0.0,4.277284367067136,92.8665638600255,67.17491996643355,94.08455424244126,92.8665638600255,93.18371901010144,,46.57856977002896
2025-07-01,KMGZ,16579.0,1140.0,6.241180936736928,-1.7189921810285835,0.046410101105444364,8.821683782261774,-4.340817501439265,1.8987201803024525,0.3571629221734232,0.00014621478822040437,0.0006166666666666666,0.044631991393778894,0.18503548247113147,0.19988184632117317,20200.0,0.0,0.018526984126984128,0.28421265599912693,,0.0,1.5876288659793814,0.2422680412371134,0.0,4.306467079894833,92.9816906799961,78.17671216122923,93.96693002418827,92.9816906799961,93.68631268623457,,44.97404395618638
2025-07-02,KMGZ,16909.0,4970.0,7.018980661837815,-0.24660805625092813,0.9562841503926662,10.666012107132866,1.524800979791796,1.8987201803024525,0.40286283004223244,0.00014529824204506306,0.0006158730158730159,0.04600612667997788,0.15739573170388269,0.17196408097688184,20130.0,0.0,0.018526190476190474,0.2733346012314285,,0.0,1.5876288659793814,0.2422680412371134,0.0,3.719864440238972,90.30794238133521,78.83128078331019,91.21189281105421,90.30794238133521,93.07978666598693,,48.21277266144514
2025-07-03,KMGZ,17001.12,8250.0,7.018980661837815,0.2601844233287953,0.005575139364545152,10.666012107132866,2.5098514701424657,1.8987201803024525,0.398564104999778,0.0001422831552300227,0.0006154761904761904,0.03202164632739045,0.14752368280946876,0.15351640121636803,19926.03,0.0,0.01852579365079365,0.2636849118287783,,0.0,1.5876288659793814,0.2422680412371134,0.0,3.3322453915941566,88.07285247976388,71.50442451245334,89.97825583441437,88.07285247976388,92.49704673083805,,48.513028625445855
2025-07-04,KMGZ,16931.0,2250.0,7.018980661837815,-1.039095113110842,-0.6949748708795379,10.017235783780503,3.703306087593017,1.8987201803024525,0.3645838230032856,0.00014224292703546578,0.0006158730158730159,0.030527231184837057,0.17388804911250424,0.15205145738586018,19819.03,0.0,0.018525,0.26611488065940847,,0.0,1.5876288659793814,0.2422680412371134,0.0,3.3014642775857177,87.87747866553954,70.63710804014296,92.9692952119986,87.87747866553954,92.64790510247451,,46.939202813709436
2025-07-08,KMGZ,17079.22,5880.0,6.622563116381268,0.08146081994676423,0.03375999986496932,10.666012107132866,2.0862224902019832,1.8987201803024525,0.17431550434952864,0.0001475747585692804,0.0006154761904761904,0.0176928494908404,0.15515717134902038,0.13797668903897556,19752.14,0.0,0.018524603174603173,0.24901724006605408,,0.0,1.5876288659793814,0.2422680412371134,0.0,3.0057279905653265,85.85667790782774,62.609861883976926,90.94478535149197,85.85667790782774,91.52460381226946,,48.13091456577229
2025-07-09,KMGZ,17370.0,2260.0,7.018980661837815,-0.9553387898324661,0.7918215583947154,10.666012107132866,2.7877948964853294,1.8987201803024525,0.06941090396961734,0.00014703031296338278,0.0006162698412698412,-0.001699259807549963,0.125239526276832,0.12137296035858211,19800.0,0.0,0.0185234126984127,0.22437849329714615,,0.0,1.5876288659793814,0.2422680412371134,0.0,2.656853682327037,83.11938757788954,49.20222758179458,86.61755801124455,83.11938757788954,89.63181644741559,,47.1882304667947
2025-07-10,KMGZ,17739.0,3260.0,7.018980661837815,-0.5083677728441722,0.9954545431921488,10.666012107132866,4.771095964774719,1.8987201803024525,0.21849319542747153,0.00016808723963125533,0.0006170634920634921,-0.010922746692115032,0.14801546954651976,0.0866705213693798,19605.0,0.0,0.01852142857142857,0.1874971149122595,,0.0,1.5876288659793814,0.2422680412371134,0.0,1.9276928034916878,76.0717222866052,42.744382679303975,90.04319245236923,76.0717222866052,86.1039846137808,,48.37581914054033
2025-07-11,KMGZ,17597.89,3970.0,6.519510275788589,-0.3113292565218804,-0.35188467724043454,10.666012107132866,4.90862854101366,1.8987201803024525,0.22632727398736802,0.0001781660794543808,0.0006154761904761904,-0.0029737500555509088,0.1394255681629022,0.0924076079943008,19550.0,0.0,0.018521031746031747,0.20755863022927165,,0.0,1.5876288659793814,0.2422680412371134,0.0,2.0482393485539396,77.36336276799933,48.30335615984918,88.85373162193031,77.36336276799933,88.13310920985988,,48.30268475139003
2025-07-14,KMGZ,17500.0,2750.0,4.9614135075922485,-0.48578659934445834,-0.999999995,10.666012107132866,3.510180505754912,1.8987201803024525,0.1548353106663721,0.00017840163334877465,0.0006154761904761904,0.03747165079365088,0.14255965079365074,0.11010753968253968,19751.0,0.0,0.018521031746031747,0.21435888888888877,,0.0,1.5876288659793814,0.2422680412371134,0.0,2.4201468605630425,81.03195891119714,74.53305471112853,89.30147441853586,81.03195891119714,88.7604062152406,,48.298377649352794
2025-07-15,KMGZ,17434.0,2440.0,4.056070197024032,-0.42440933463113567,-0.690895037543095,10.666012107132866,3.3606993089599024,1.8987201803024525,0.0938302858422797,0.0001736713252307794,0.0006154761904761904,0.06945500167525233,0.14567097693614559,0.11753336351518924,19806.0,0.0,0.018522619047619048,0.2075607933139222,,0.0,1.5876288659793814,0.2422680412371134,0.0,2.5761768224218042,82.42926928445276,87.833269844219,89.7302305110488,82.42926928445276,88.13331347907096,,48.871819440471825
2025-07-16,KMGZ,17394.0,1620.0,3.639108031819914,-0.8339799809119273,-0.015706806200487925,10.666012107132866,2.077261139560238,1.8987201803024525,-0.05110072163933318,0.0001596667266543767,0.0006174603174603175,0.08606096108674592,0.1443134763218844,0.11899051000071179,19786.0,0.0,0.018528174603174602,0.23227520546220098,,0.0,1.5876288659793814,0.2422680412371134,0.0,2.606794100138395,82.69375204952773,92.02327047658949,89.54506313738453,82.69375204952773,90.27596589953713,,48.49096460335274
2025-07-17,KMGZ,17600.0,1330.0,4.567032394225463,-0.9312137344759486,0.365079363920383,10.666012107132866,0.1381692573402482,1.8987201803024525,-0.21260639455837382,0.0001571657699510499,0.000623015873015873,0.11365739538239539,0.11918658910533905,0.12248684163059172,20081.99,0.0,0.01853531746031746,0.2163173069985569,,0.0,1.5876288659793814,0.2422680412371134,0.0,2.6802583383360714,83.31550752625097,96.17476226305493,85.55324554162486,83.31550752625097,88.93561429285735,,47.384353725889895
2025-07-18,KMGZ,17600.0,6630.0,4.3742677490970525,0.779746302809836,-0.8056155490159491,10.666012107132866,-0.7835841930210252,1.8939685879713202,-0.338681430412727,0.00016922497916515845,0.0006222222222222223,0.12416994949494949,0.11311418650793643,0.12351093073593075,20100.0,0.0,0.01853452380952381,0.21955703463203463,,0.0,1.5876288659793814,0.2422680412371134,0.0,2.7017762988542655,83.49420613598464,97.1288071542088,84.41575323404025,83.49420613598464,89.22020385396627,,48.31194714850372
2025-07-21,KMGZ,18209.99,2560.0,7.018980661837815,-0.17184992574925628,0.9999999972298402,10.666012107132866,0.011990073809986512,1.8407375432360897,-0.42942760476782993,0.0001624970691384908,0.000621031746031746,0.09080266786972155,0.07172592056765409,0.08222561363448176,20044.86,0.0,0.01853611111111111,0.17414535082792545,,0.0,1.5876288659793814,0.2422680412371134,0.0,1.834297269208672,75.03684574384752,92.95219411726009,74.6813656736171,75.03684574384752,84.59777221421797,,46.73259467147903
2025-07-22,KMGZ,18699.0,3500.0,7.018980661837815,0.228514733820721,0.999999997955052,10.666012107132866,4.057085714285713,1.8987201803024525,-0.029427606321861876,0.00019888438120743262,0.0006206349206349206,0.05685040268259828,0.04592459846337593,0.04809807145276422,19945.0,0.0,0.018536507936507938,0.13700479507434832,,0.0,1.5876288659793814,0.2422680412371134,0.0,1.1172160099503687,66.15769595646114,83.49211043222886,66.88054060129174,66.15769595646114,79.70634008276664,,48.58345366648356
2025-07-23,KMGZ,18944.99,3840.0,7.018980661837815,0.3212240396787596,0.906923863477625,10.666012107132866,6.831519331241112,1.8987201803024525,0.3087514007777675,0.0002096745403402695,0.0006202380952380952,0.048891974999220086,0.02188783745184472,0.03556009717843307,19970.0,0.0,0.018544444444444443,0.12166957951952392,,0.0,1.5876288659793814,0.2422680412371134,0.0,0.8537705402088642,62.53366661277645,80.15883582376031,58.656845792424164,62.53366661277645,77.37439271463258,,50.0
2025-07-24,KMGZ,19655.0,12690.0,7.018980661837815,1.5165654540480884,0.22272359718761142,10.666012107132866,6.831519331241112,1.205692694466415,0.49327753471339014,0.00021209554766027808,0.0006198412698412699,0.007432464981243918,-0.01828778704477636,-0.013261900118310705,19759.0,0.0,0.018553174603174606,0.0957335359353611,,0.0,1.5876288659793814,0.2422680412371134,0.0,-0.1720677435632778,47.42127391391877,55.62287396740891,44.02375737684401,47.42127391391877,73.0150814974913,,51.20416016568257
2025-07-25,KMGZ,19840.0,7400.0,7.018980661837815,0.9772312613372591,-0.16928911626229462,10.666012107132866,6.831519331241112,1.3793936596565695,0.46480638136683583,0.00021083254311219475,0.000621031746031746,-0.00561500256016385,-0.017425966461853556,-0.02460593798003069,19720.11,0.0,0.018563095238095236,0.08680693804403483,,0.0,1.5876288659793814,0.2422680412371134,0.0,-0.41042645429732594,43.874526999120874,46.44468425988313,44.33587370542237,43.874526999120874,71.39786258781172,,50.3783290713903
2025-07-28,KMGZ,19920.0,6960.0,7.018980661837815,0.8283211985841076,0.5355877390557049,10.666012107132866,6.831519331241112,1.3333679070810895,0.5920716679175667,0.00020691028334455242,0.0006206349206349206,-0.012629025626314783,-0.018659399502772997,-0.02711638458596282,19749.99,0.0,0.018581746031746033,0.0837339500860586,,0.0,1.5876288659793814,0.2422680412371134,0.0,-0.46317546868274884,43.0967398916268,41.56988690083233,43.88931865050182,43.0967398916268,70.82788295485405,,50.74901537659299
2025-07-29,KMGZ,19820.02,3630.0,7.018980661837815,0.07135685094145905,-0.8960836837668035,10.666012107132866,6.831519331241112,1.3382792149576457,0.4991892162827396,0.0001959091782743535,0.0006186507936507937,0.010785755545102738,-0.014657319316129042,-0.022147077305817935,19750.0,0.0,0.018614285714285715,0.07925088972969338,,0.0,1.5876288659793814,0.2422680412371134,0.0,-0.3587613534466187,44.639263097218574,57.94539128755195,45.34147449017053,44.639263097218574,69.98450814888267,,49.2201852497951
2025-07-30,KMGZ,19930.0,1830.0,7.018980661837815,-0.6668469257741368,0.2929650002880353,10.666012107132866,5.995079950799509,1.3669314406675266,0.11997247993836853,0.00019716525704328145,0.000621031746031746,-0.002028350018716381,-0.0053238083291519515,-0.030181159454917686,19700.01,0.0,0.01864126984126984,0.05956671903248672,,0.0,1.5876288659793814,0.2422680412371134,0.0,-0.5275719204011701,42.151843837666284,48.97005433393182,48.754841572591815,42.151843837666284,66.1239996401021,,48.226099421610314
2025-07-31,KMGZ,19862.0,1650.0,7.018980661837815,-0.7703873331859419,-0.1592650338377945,10.666012107132866,5.199316547541066,1.344362377145597,-0.0028192926995494138,0.0001988814885519984,0.0006178571428571429,-0.007661771860759878,-0.0009708909331530395,-0.0026399245668125917,20180.0,0.0,0.018650396825396823,0.08646109620668334,,0.0,1.5876288659793814,0.2422680412371134,0.0,0.05111913475694246,50.76672691475681,45.01085049831397,50.3526872514933,50.76672691475681,71.33404979376094,,47.57528106692842
2025-08-01,KMGZ,19790.0,1930.0,7.018980661837815,-0.5603547652378174,-0.8032786819403387,10.666012107132866,1.0531671330450187,1.3489394466617428,-0.07921701890463059,0.00019224429987352534,0.0006166666666666666,0.03759814139737081,-8.130248562281985e-05,0.04753631784531228,21100.0,0.0,0.01865873015873016,0.09185304426638433,,0.0,1.5876288659793814,0.2422680412371134,0.0,1.1054125527286434,65.99895236342677,74.60077306389941,50.67925050802858,65.99895236342677,72.3191786145864,,46.49470747204585
2025-08-04,KMGZ,19730.0,1090.0,5.667973548842319,-1.0140975804986214,-0.9999999915966388,10.666012107132866,-0.252016129032262,1.3735913183524568,-0.2060149320402394,0.0001950476259981312,0.0006166666666666666,0.024798949508845605,-0.002066777890409415,0.06034847183002277,21289.0,0.0,0.018668253968253966,0.09275667744712346,,0.0,1.5876288659793814,0.2422680412371134,0.0,1.3746190330619747,69.52482403729302,67.17514755435103,49.95035448344146,69.52482403729302,72.4822165449717,,46.13672954461826
2025-08-05,KMGZ,20095.0,5060.0,7.018980661837815,0.5210883934976468,0.5670103081092571,10.666012107132866,-0.9538152610441775,1.3688450488391721,-0.5131324781707082,0.00019668314537853312,0.0006158730158730159,0.0032448857016472766,-0.01919664332515788,0.038805952578427075,21250.0,0.0,0.018671031746031748,0.0686354715893159,,0.0,1.5876288659793814,0.2422680412371134,0.0,0.921971820723139,63.48737769809713,52.6888315035571,43.69511821376564,63.48737769809713,67.93333659581641,,47.08625485471685
2025-08-06,KMGZ,19951.01,1240.0,5.255245377508974,-0.8851643789436436,-0.9701980149990356,10.666012107132866,1.3873850783197916,1.3897318876813918,-0.22051367979549602,0.00020142150735154155,0.0006154761904761904,0.009403879455106318,-0.022613359883964262,0.06688328330821754,21658.0,0.0,0.01867579365079365,0.07256413184651375,,0.0,1.5876288659793814,0.2422680412371134,0.0,1.511927217133603,71.24179076902438,56.99194195352374,42.46481731159739,71.24179076902438,68.70111961944313,,46.82754295288091
2025-08-07,KMGZ,19771.0,2650.0,3.955101380281848,-0.1257177599680425,0.30903654529700697,10.666012107132866,0.10541896638232018,1.4144249093003782,-0.47314628285291016,0.0001942185399730114,0.0006154761904761904,0.0150821143963461,-0.015578733883923272,0.0864708980525429,21850.02,0.0,0.018684126984126984,0.08015708563448308,,0.0,1.5876288659793814,0.2422680412371134,0.0,1.9234983572976865,76.02588220426868,60.86916837307306,45.006343725937164,76.02588220426868,70.15610687841023,,48.254254463762734
2025-08-08,KMGZ,20595.0,9650.0,7.018980661837815,1.2737051451211914,0.3414580603570297,10.666012107132866,-0.45816131306011254,1.4164204918707346,-0.3794859670259499,0.00018446152728387186,0.0006154761904761904,-0.03555755268847045,-0.05405843304546866,0.027892591243829368,21554.46,0.0,0.018694444444444444,0.03483292234592308,,0.0,1.5876288659793814,0.2422680412371134,0.0,0.6926624011673838,60.242927761399216,27.13634328876976,31.745239452980336,60.242927761399216,60.95675476820903,,48.03946084153131
2025-08-11,KMGZ,20280.0,3440.0,4.781239746361356,0.24221937789203019,-0.10843178157929531,10.666012107132866,4.067710965133897,1.5916511835412848,-0.15053861856647624,0.00018925371016828408,0.0006150793650793651,-0.02580567295951917,-0.039198804827650986,0.060436853104160804,21885.0,0.0,0.018705158730158728,0.05058506151967691,,0.0,1.5876288659793814,0.2422680412371134,0.0,1.3764760831541352,69.54842699744508,32.90631279312689,36.64946019791126,69.54842699744508,64.28433071142247,,49.29183240213627
2025-08-12,KMGZ,20222.03,3180.0,3.9335093535736236,0.04338023906835067,-0.17824915764900057,10.666012107132866,2.7876330461226617,1.649177646840426,0.02777502343699247,0.00019443645173699268,0.0006150793650793651,-0.026311936381514557,-0.0389120402506338,0.06101627074414341,21834.44,0.0,0.018719047619047618,0.060872861788348775,,0.0,1.5876288659793814,0.2422680412371134,0.0,1.3886506935817733,69.70291036311671,32.5915571842636,36.74729040516306,69.70291036311671,66.38767429548128,,49.504356377183456
2025-08-13,KMGZ,20200.0,2400.0,3.3422618044440084,-0.3214789830604344,-0.18343195167598886,10.666012107132866,0.6321473003234601,1.6460093400829787,-0.12127686971465908,0.0001922261005703118,0.0006150793650793651,-0.022877377023416627,-0.014099622819424798,0.05314447194719465,21652.1,0.0,0.018741666666666663,0.07285601917334592,,0.0,1.5876288659793814,0.2422680412371134,0.0,1.2232499927669356,67.56714727206732,34.75647027991664,45.544523435652664,67.56714727206732,68.75776313461577,,48.758053686085844
2025-08-14,KMGZ,20130.0,1380.0,2.662933322002121,-0.8748629439365105,-0.8461538396449705,10.666012107132866,1.24800699312968,1.6424246462014909,0.03607634294995028,0.00018927849998324982,0.0006150793650793651,-0.029155873725545855,0.03506734144725948,0.06370604759539186,21790.0,0.0,0.018757936507936508,0.0759229555508244,,0.0,1.5876288659793814,0.2422680412371134,0.0,1.4451677601008603,70.41420469116595,30.85301642876236,63.258993047810755,70.41420469116595,69.34952573523039,,48.63976963083658
2025-08-15,KMGZ,19926.03,7380.0,1.4106439067280314,0.8018247601941164,-0.30942465668651414,10.666012107132866,1.8157908047139681,1.6573697149272777,-0.19496173403844522,0.00017021850148058845,0.0006150793650793651,-0.021946692311753058,0.05527092732889264,0.07718592327174442,21838.0,0.0,0.018767460317460318,0.08779410914003542,,0.0,1.5876288659793814,0.2422680412371134,0.0,1.7284042783703337,73.82789644382856,35.35460153515464,69.84739948358127,73.82789644382856,71.57954057597186,,51.03688648416127
2025-08-18,KMGZ,19819.03,1680.0,-0.086173620899361,-0.6781531727725983,-0.9263643376204536,10.666012107132866,-3.248215586307357,1.6945347461238978,-0.32513827744715396,0.0001736637089781977,0.0006150793650793651,-0.006508353165562983,0.05906769116741732,0.08824094050291859,21939.99,0.0,0.018775396825396824,0.09054709995617574,,0.0,1.5876288659793814,0.2422680412371134,0.0,1.96069014399295,76.43024344937626,45.81799621596592,71.00853702176096,76.43024344937626,72.08250319076348,,48.602332317191085
2025-08-19,KMGZ,19752.14,1040.0,-0.6740673536193355,-1.15772475348251,-0.9999999942811393,10.666012107132866,-2.2730276134122374,1.5748711667409911,-0.48872478865538566,0.0001445543013818399,0.0006150793650793651,-0.0003509846303010695,0.08334949980465049,0.10478426944729215,22192.99,0.0,0.01878968253968254,0.09558415683582513,,0.0,1.5876288659793814,0.2422680412371134,0.0,2.3082953447598196,79.97891720403567,50.15368752767202,77.7712776919388,79.97891720403567,72.9884978305476,,47.24741585667852
2025-08-20,KMGZ,19800.0,1250.0,-0.6837168962612434,-0.8467244379634492,0.07692307633136096,10.666012107132866,-2.323653955611771,1.4904063755116184,-0.6530749559818133,0.00013225323399955298,0.0006150793650793651,-0.0037927849927849927,0.0903883477633478,0.09988755411255419,22149.99,0.0,0.018798809523809523,0.09050519480519481,,0.0,1.5876288659793814,0.2422680412371134,0.0,2.205406517320485,78.9720902395767,47.726250276631326,79.50689524465476,78.9720902395767,72.07488824837685,,48.95795200723469
2025-08-21,KMGZ,19605.0,1420.0,-1.8926361157488736,-0.5755829964346489,-0.94999999525,10.666012107132866,-1.980198019801982,1.4705268634773903,-0.6010039503803435,0.0001281066791384457,0.0006150793650793651,0.021229224201795058,0.08627814818863017,0.1084513228525279,22099.91,0.0,0.018807539682539683,0.10424858150860444,,0.0,1.5876288659793814,0.2422680412371134,0.0,2.3853467555995542,80.70894746889645,64.91593048764351,78.50590035138141,80.70894746889645,74.50289799700964,,47.17874829257869
2025-08-22,KMGZ,19550.0,530.0,-2.435188922310621,-1.4072939132194342,-0.9999999932885907,10.666012107132866,-2.608047690014903,1.2370996092007556,-0.6217731815013493,0.00013828204120982983,0.0006150793650793651,0.02502584947022287,0.10626789570900824,0.10658138371290553,22001.4,0.0,0.018809920634920634,0.10740811614500881,,0.0,1.5876288659793814,0.2422680412371134,0.0,2.346055959156114,80.33924280440759,67.31622900845208,83.04687309777216,80.33924280440759,75.04103041522421,,41.41179009993883
2025-08-25,KMGZ,19751.0,6480.0,-1.5319052392371153,1.2374476122583642,0.684855956274258,10.666012107132866,-1.8871295486356243,1.2179013668697134,-0.7598882488217646,0.0001486141927302207,0.0006154761904761904,0.011763948299181988,0.09230235537601868,0.09242455672326819,21948.0,0.0,0.018810317460317458,0.08998666221842896,,0.0,1.5876288659793814,0.2422680412371134,0.0,2.048595471940911,77.36710450796093,58.61679027024324,79.96107391599736,77.36710450796093,71.98055607339559,,52.06428939425299
2025-08-26,KMGZ,19806.0,3270.0,-1.1716626363383715,0.5535175420773327,0.1478977387566089,10.666012107132866,-0.34325595147692844,1.2384340619655072,-0.4376441900428224,0.0001511765761827217,0.0006170634920634921,0.003899821362453898,0.08000555711833347,0.07984744882503138,21760.0,0.0,0.018809523809523807,0.08485635858301718,,0.0,1.5876288659793814,0.2422680412371134,0.0,1.7843277341274724,74.47103637887038,53.14946525706474,76.91077231407009,74.47103637887038,71.03684157109072,,51.05697950790519
2025-08-27,KMGZ,19786.0,470.0,-1.2742893107982145,-1.3862896895955235,-0.4430172153975498,10.666012107132866,0.27267931474768137,1.2352526905265917,-0.2080646434352727,0.00014983832811440594,0.000623015873015873,0.006176092001880438,0.08807183121302702,0.09005969520696853,21940.0,0.0,0.01880515873015873,0.0808649822144566,,0.0,1.5876288659793814,0.2422680412371134,0.0,1.9989054630603973,76.84079356755676,54.74576082557008,78.94704344476547,76.84079356755676,70.28976234478391,,45.1316253822597
2025-08-28,KMGZ,20081.99,8020.0,0.19527866339087604,1.4913766024303785,0.9955885802179743,10.666012107132866,-0.07070707070706561,1.22853418278105,-0.3120527017810548,0.00014766053506717094,0.0006301587301587302,-0.01920539082037165,0.07423568218595794,0.07357655185582562,21937.35,0.0,0.018812698412698413,0.06426495878400457,,0.0,1.5876288659793814,0.2422680412371134,0.0,1.6525648702384317,72.9391781102174,37.142630138637614,75.37190661905338,72.9391781102174,67.06766456296087,,52.566439215293066
2025-08-29,KMGZ,20100.0,550.0,0.23695802021298354,-1.370253051942255,0.6839275805046768,10.666012107132866,2.4330017852588703,1.2718954092120764,0.07706501331254001,0.00014709917616881758,0.0006214285714285714,-0.02203134920634918,0.07833385453683969,0.06258347547974406,21737.1,0.0,0.018864285714285712,0.06121057806207059,,0.0,1.5876288659793814,0.2422680412371134,0.0,1.4215804937805738,70.118524894691,35.30000101216895,76.47194031328483,70.118524894691,66.45568500294871,,50.6406279545786
2025-09-02,KMGZ,20044.86,1940.0,-0.08071134192220915,-0.05026175622329935,0.2885992626066187,10.666012107132866,2.813299232736566,1.2679529488294172,0.4138505280711935,0.00014640992627850189,0.0006226190476190475,-0.017858520211783965,0.09395144383885046,0.08451470022501431,22118.0,0.0,0.01891031746031746,0.061140635830023694,,0.0,1.5876288659793814,0.2422680412371134,0.0,1.8823951101299479,75.57349966722373,38.03456580862732,80.34630570869685,75.57349966722373,66.44160533966502,,52.58536609037506
2025-09-03,KMGZ,19945.0,550.0,-0.6043879906949681,-1.372559890627498,-0.9999999818181822,10.666012107132866,1.4878234013467662,1.2675040224263798,0.3345991893376657,0.0001428882653495265,0.000621031746031746,-0.012955061040878287,0.09733566504315447,0.0890829484455267,22100.01,0.0,0.01896468253968254,0.055825284214128544,,0.0,1.5876288659793814,0.2422680412371134,0.0,1.9783822506373707,76.62093449668767,41.346507286875145,81.11928128132908,76.62093449668767,65.36318893104047,,50.37141428651149
2025-09-04,KMGZ,19970.0,470.0,-0.4618275972614326,-1.3483448206165098,0.7991215494569485,10.666012107132866,0.7018075330707862,1.2026737269478152,0.10501964522270743,0.00015649839212058145,0.0006281746031746032,-0.01671779554252021,0.09344199116134519,0.09055045763089078,22158.0,0.0,0.01901388888888889,0.05264936611266114,,0.0,1.5876288659793814,0.2422680412371134,0.0,2.00921726738164,76.95071425290186,38.79638310698471,80.22789662344746,76.95071425290186,64.71113323389544,,50.76704232865515
2025-09-05,KMGZ,19759.0,1240.0,-1.5215983413863015,-0.3782147323370628,-0.6230624230814192,10.200549509067503,0.929950470029306,1.1920919972304358,0.35344739819360715,0.0001486937055302953,0.0006285714285714285,0.018110317721400013,0.10028514371992035,0.09941733829149184,22100.0,0.0,0.01906031746031746,0.06584944142392013,,0.0,1.5876288659793814,0.2422680412371134,0.0,2.1955264342106267,78.87347890300333,62.88533321414146,81.77375477558726,78.87347890300333,67.38288416429903,,51.81181952586186
2025-09-08,KMGZ,19720.11,1510.0,-1.7500753640349282,-0.026145231960851865,-0.789413054142029,9.664036282723409,-1.6083565423546275,1.1987978133748216,0.029717197533728413,0.00016164516374581525,0.0006309523809523809,0.0667832714204651,0.09978823455321686,0.09650796291680114,21999.99,0.0,0.019103968253968255,0.06392535667964862,,0.0,1.5876288659793814,0.2422680412371134,0.0,2.134395206352796,78.25582094746693,87.00401240690584,81.66474126308682,78.25582094746693,66.99990202063168,,46.8430517753464
2025-09-09,KMGZ,19749.99,1060.0,-1.0300201358312824,-0.3235857058125752,0.9995999800080645,8.945908464829245,-1.8899999999999917,0.6902974510751982,-0.26495092939561277,0.00015446478500990914,0.0006392857142857143,0.07474721546513613,0.08860842404404826,0.0947805670263268,22000.0,0.0,0.019144047619047616,0.059127672048971895,,0.0,1.5876288659793814,0.2422680412371134,0.0,2.0980995008553593,77.88297491184761,89.34172160549574,79.07771709981368,77.88297491184761,66.03514175803149,,49.813714939282676
2025-09-10,KMGZ,19750.0,840.0,-0.885363970567692,-0.51082453281599,0.9999999885057473,8.379503552880507,-1.4710504338768082,0.6205823338205436,-0.1227507859153236,0.00014712155292735145,0.0006511904761904762,0.07280452581876633,0.09775432991762105,0.11074680630902142,22315.94,0.0,0.01917420634920635,0.058392063492063495,,0.0,1.5876288659793814,0.2422680412371134,0.0,2.433579006220602,81.1555218767411,88.80812959008136,81.21326737659915,81.1555218767411,65.88601022349665,,49.183389609655414
2025-09-11,KMGZ,19700.01,650.0,-1.01190443689835,-0.7046178903429633,-0.1410636824804917,7.914930972856511,-0.9776886437703691,0.6201081612185309,0.2772492081494623,0.00014490051898755703,0.0006480158730158729,0.09627324138595443,0.1004490721542056,0.11531361917183952,22350.0,0.0,0.019203571428571427,0.05486050818357092,,0.0,1.5876288659793814,0.2422680412371134,0.0,2.5295359872721397,82.02027284278755,93.89919161927894,81.80960724979911,82.02027284278755,65.16570439153125,,46.31666160751206
2025-09-12,KMGZ,20180.0,3860.0,1.5035266888566723,1.1315305182017539,-0.1999999998333333,10.188644653666689,-1.351977966950435,0.6208568399028485,0.08921216176197426,0.000153660353672739,0.000626984126984127,0.07964230536284553,0.06399309468749502,0.08976674768354656,22379.99,0.0,0.019251587301587304,0.036360965202070335,,0.0,1.5876288659793814,0.2422680412371134,0.0,1.992750106841848,76.7750050368653,90.58784062619439,72.47466612133718,76.7750050368653,61.284621201009415,,50.48219910261181
2025-09-15,KMGZ,21100.0,13900.0,6.03328704209662,2.412751693748308,0.6666666662222221,10.666012107132866,2.1306746292828693,0.8410482779607857,0.17382464641159143,0.00016306275320086727,0.000625,0.018423706085909836,0.03503533438651922,0.03187943278417214,22180.02,0.0,0.019306349206349206,-0.017091561348077936,,0.0,1.5876288659793814,0.2422680412371134,0.0,0.7764331379227498,61.44033792350218,63.09157813956935,63.24806777846989,61.44033792350218,49.41628501363128,,51.503270029046554
2025-09-16,KMGZ,21289.0,5880.0,5.263419034328116,1.5524196260240006,0.4743363490477534,10.666012107132866,6.831519331241112,1.2869686190494443,0.46504059048444163,0.000167389664214819,0.0006261904761904761,0.024881392805137462,0.024834943002832448,0.009902034361586244,21912.0,0.0,0.01936190476190476,-0.02557936847183172,,0.0,1.5876288659793814,0.2422680412371134,0.0,0.3146483292724537,54.705756633104194,67.22644504117395,59.70231763737824,54.705756633104194,47.502354065620814,,52.254132523618175
2025-09-17,KMGZ,21250.0,3060.0,4.418239675348783,0.899278077574572,-0.5652173888468809,10.666012107132866,6.831519331241112,1.2781026430568503,0.35998786429237944,0.00016290364073365745,0.0006186507936507937,0.024378455648926173,0.029410364145658265,0.033406112044818005,22372.99,0.0,0.01944047619047619,-0.027253505135387417,,0.0,1.5876288659793814,0.2422680412371134,0.0,0.8085114247468722,61.89530568546259,66.91287347667524,61.30779415962591,61.89530568546259,47.12553726510376,,51.45464074893691
2025-09-18,KMGZ,21658.0,5540.0,6.114147552836403,1.4230615899394905,0.8133333315259259,10.666012107132866,6.831519331241112,1.2740918250443538,0.04694438882185383,0.00015609739575384447,0.0006202380952380952,-0.00341448015103484,0.007034353741496597,0.014751921281333048,22400.0,0.0,0.01950793650793651,-0.047067395932731994,,0.0,1.5876288659793814,0.2422680412371134,0.0,0.41655320719054423,56.21597450684321,47.99274419144581,53.28695258356069,56.21597450684321,42.70219411078286,,51.16927541780544
2025-09-19,KMGZ,21850.02,820.0,6.401520694529271,-0.5803045371537041,-0.21903876504779998,10.666012107132866,6.831519331241112,1.3194082381938324,0.23782379162313738,0.00015920336728094127,0.0006238095238095239,-0.00589651141541945,-0.006560993896442277,0.0033719269952940077,22351.09,0.0,0.019560317460317462,-0.05626357793788233,,0.0,1.5876288659793814,0.2422680412371134,0.0,0.17743898708251765,52.659073684896704,46.24707432439807,48.30102408951006,52.659073684896704,40.68391783144928,,48.815556651528915
2025-09-22,KMGZ,21554.46,2440.0,4.760417557944254,0.5735433457202768,-0.5455264751285356,10.666012107132866,6.831519331241112,1.2774200238970193,0.23401603858024403,0.0001662570078603264,0.0006257936507936508,0.010006173405808928,0.0071922574095040215,0.01410004008782548,22281.06,0.0,0.019609920634920636,-0.05561005377607627,,0.0,1.5876288659793814,0.2422680412371134,0.0,0.4028560067112894,56.013589673186296,57.40818639296563,53.344669613895476,56.013589673186296,40.82639688426718,,50.75313274317211
2025-09-23,KMGZ,21885.0,1990.0,6.125060418364234,0.14290734681804845,0.33177570015940255,10.666012107132866,2.153838862559243,1.335342057133346,-0.008422589689907523,0.0001655792379586056,0.0006257936507936508,-0.0006329550028829627,0.0061573824754941366,-0.005221264020801301,22200.99,0.0,0.019659920634920634,-0.07837109212659248,,0.0,1.5876288659793814,0.2422680412371134,0.0,-0.0031194663231839614,49.953208018812326,49.954691003163695,52.96624568932001,49.953208018812326,35.97005388773156,,48.55077872945681
2025-09-24,KMGZ,21834.44,1130.0,5.163429391312309,-0.4230085316329598,-0.6455999967720131,10.666012107132866,2.7995678519423084,1.3506051735872573,-0.03693471946757768,0.00017916852955753606,0.000628968253968254,0.01327527331148303,0.010030095423298564,-0.005163147224555017,22152.0,0.0,0.01970714285714286,-0.07472543240556344,,0.0,1.5876288659793814,0.2422680412371134,0.0,-0.0018983275369671968,49.9715250900239,59.6477646748439,54.38028423533488,49.9715250900239,36.73165563315898,,48.15626205081975
2025-09-25,KMGZ,21652.1,920.0,3.8969412278261872,-0.4018343343842469,-0.9889447186485336,10.666012107132866,2.7503058823529436,1.3602273614984022,-0.053011241052604144,0.00018170049389880908,0.0006376984126984128,0.019862458493157046,0.019998079952727333,0.0029281181293094247,22143.0,0.0,0.019744047619047616,-0.057144276723625834,,0.0,1.5876288659793814,0.2422680412371134,0.0,0.1681137617617,52.5195705276172,64.03221833967201,57.982269551214785,52.5195705276172,40.49215902747507,,48.613301396403585
2025-09-26,KMGZ,21790.0,1530.0,4.448176299829486,0.10681379662489451,0.9999999947368422,10.666012107132866,-0.0272416658971375,1.3868676049678033,-0.41346685108749603,0.0001972326347970375,0.0006313492063492063,0.011097579164754467,0.0042311791123057964,-0.004414070456085141,22125.0,0.0,0.019788095238095237,-0.055483857273978886,,0.0,1.5876288659793814,0.2422680412371134,0.0,0.013841127404012261,50.207615717830855,58.15974852430976,52.26101286783776,50.207615717830855,40.85392765253071,,48.61950703919641
2025-09-29,KMGZ,21838.0,550.0,3.9117856011080288,-0.9162880111555185,0.8399999944000001,10.666012107132866,-0.2746908240816248,1.3662649806153113,-0.1696590991305676,0.00020214027480114726,0.0006246031746031746,0.004364513037562376,-0.010336411301401229,-1.0272177375390823e-05,22271.0,0.0,0.019838095238095238,-0.0645745433182584,,0.0,1.4096989966555185,0.3311036789297659,0.0,0.10637287781258531,51.595051754576374,53.47597475274585,46.918192807493185,51.595051754576374,38.88639107455828,,47.66816497135738
2025-09-30,KMGZ,21939.99,730.0,4.301973815636848,-0.6331628733422516,0.9999999951219513,10.666012107132866,1.315458610422171,1.3649262055512632,0.1074461947751395,0.0002072542780862256,0.000623015873015873,-0.0027456275194943196,0.005936445307881916,0.0051791529520382115,22490.0,0.0,0.01988968253968254,-0.06142243243469385,,0.0,1.4096989966555185,0.3311036789297659,0.0,0.21541206636042318,53.226690464070295,48.464182392289125,52.885409653578144,53.226690464070295,39.56487589598473,,48.58965397484033
2025-10-01,KMGZ,22192.99,670.0,5.239351643430721,-0.5702187626856529,0.7545231350371745,10.666012107132866,0.25126799177519477,1.3549875061186518,0.24109105376764925,0.0002183069607887013,0.0006293650793650793,-0.022607833759561942,-0.004529819533069135,-0.0072277549938782,22475.0,0.0,0.019934920634920635,-0.06363758564078123,,0.0,1.4096989966555185,0.3311036789297659,0.0,-0.045279463254788044,49.32084982308213,34.92921572831905,49.046200997297724,49.32084982308213,39.08763281815967,,48.00584579641461
2025-10-02,KMGZ,22149.99,740.0,4.895876872595295,-0.4708466294024983,0.5579005494038821,10.666012107132866,1.6421305057514823,1.3437100104092703,0.5211156801294867,0.00023437589593894065,0.0006242063492063491,-0.01257242894595316,-0.004830512938638606,-0.004860705665910403,22485.0,0.0,0.01998531746031746,,,0.0,1.4096989966555185,0.3311036789297659,0.0,0.004456515497732962,50.06684769263708,41.60869907952246,48.935850874637325,50.06684769263708,,,48.93997475819184
2025-10-03,KMGZ,22099.91,2570.0,4.527167972535836,0.7741620087542349,0.9507869669419612,10.666012107132866,2.2994998175696724,1.3508165204598437,0.8304847337399698,0.0002336090158439066,0.0006238095238095239,-0.010461638444832338,-0.005764245151023426,-0.005552341720195034,22420.0,0.0,0.020036111111111112,,,0.0,1.4096989966555185,0.3311036789297659,0.0,-0.010076006361416855,49.848860364916106,43.06324804908931,48.59325558730001,49.848860364916106,,,51.180047917047496
2025-10-06,KMGZ,22001.4,720.0,3.65496479208059,-0.6061342129811823,-0.8683544248838143,10.050049802917393,1.4222579164754556,1.3117451987013842,0.8206421281809938,0.00021403746538368028,0.0006174603174603175,-0.015174379844659367,-0.0049477490068813735,6.909933653566e-05,22445.0,0.0,0.02009325396825397,,,0.0,1.4096989966555185,0.3311036789297659,0.0,0.10804061658033826,51.6200419768773,39.835849497289544,48.892829687030314,51.6200419768773,,,49.139928740525384
2025-10-07,KMGZ,21948.0,2320.0,3.1259858711770074,0.7508116265370824,-0.5174157929362856,9.446585300314862,0.7482370180419418,1.3205496750592067,0.47897124432423077,0.0002248020239532646,0.0006158730158730159,0.004531294748626623,-0.004785065349267098,0.00044214745675926273,22400.0,0.0,0.02015198412698413,,,0.0,1.4096989966555185,0.3311036789297659,0.0,0.11587903091411907,51.7374855940164,53.59309059198102,48.95252884257502,51.7374855940164,,,50.12169909842988
2025-10-08,KMGZ,21760.0,910.0,1.9442614651722891,-0.37948873923156123,-0.8357487882330976,8.162782788144785,0.03650867662199353,1.3298300843402628,0.17548808671258348,0.00022356648727626715,0.0006162698412698412,0.012352046860410758,0.0034630077030812327,0.011499241363211947,22450.0,0.0,0.020210317460317463,,,0.0,1.4096989966555185,0.3311036789297659,0.0,0.3482085312326025,55.204211534190506,59.01892225772312,51.979498016015725,55.204211534190506,,,47.30559924426496
2025-10-09,KMGZ,21940.0,1260.0,2.625418182105732,-0.05406711490039314,0.9999999949748745,8.810750719373834,-1.951021471194292,1.3614620463813705,-0.14256629794147097,0.00024519377092839875,0.0006186507936507937,0.006604046750879021,-0.005762753758446558,0.0029765044638336187,22449.99,0.0,0.020268253968253967,,,0.0,1.4096989966555185,0.3311036789297659,0.0,0.16913044598427757,52.53478183178569,55.044888433996896,48.59380269670216,52.53478183178569,,,48.427819448415825
2025-10-10,KMGZ,21937.35,640.0,2.445818032478107,-0.7791793386574767,0.9706634016520201,8.59174342204133,-0.9480365453889639,1.3516375053970078,-0.05414640882727253,0.00025027191922897933,0.0006376984126984128,0.0040448512658396805,0.0009774747720430067,-0.002047738370100846,22338.0,0.0,0.02031111111111111,,,0.0,1.4096989966555185,0.3311036789297659,0.0,0.0635620356078842,50.9533149913564,53.251398888195844,51.06784425857571,50.9533149913564,,,48.05106293580431
2025-10-13,KMGZ,21737.1,890.0,1.0130772916127564,-0.29467930879164683,-0.9317307647513084,7.461733478203331,-0.7355686063879929,1.2806505344833936,-0.05017112188526074,0.0002350624054299116,0.000673015873015873,0.008723037840067737,0.0204033017283815,0.005569628193273321,22300.0,0.0,0.020326190476190477,,,0.0,1.4096989966555185,0.3311036789297659,0.0,0.22361665596148922,53.349227062616066,56.52022324901257,58.12717977236576,53.349227062616066,,,36.392300503078324
2025-10-14,KMGZ,22118.0,4670.0,1.9752852543966761,1.516465114704214,0.9509803898260285,8.749583945168087,-1.201287190815148,0.8698297312087665,-0.06284638985875954,0.0002508823953095129,0.0006686507936507936,-0.008716767281406941,0.0019014141681629702,-0.016648564732882936,22200.0,0.0,0.02035595238095238,,,0.0,1.4096989966555185,0.3311036789297659,0.0,-0.24322767982742433,46.35804621666509,44.274862032921,51.40684585872083,46.35804621666509,,,50.537553177193786
2025-10-15,KMGZ,22100.01,4230.0,1.2957389647787851,1.4175081201277693,0.8462106500316514,8.234451597216655,0.7745580462912294,0.9275286446814758,0.23083284669370324,0.00025578694830601654,0.0006753968253968253,0.006382885401517069,0.0031818620449450656,-0.015848980356526807,22200.0,0.0,0.0203734126984127,,,0.0,1.4096989966555185,0.3311036789297659,0.0,-0.22642696888176833,46.608809768469364,54.890347407304205,51.87643306378049,46.608809768469364,,,51.716286130953755
2025-10-16,KMGZ,22158.0,640.0,1.176056006385255,-0.470978680240162,0.6011964088945764,8.115026404185366,1.562545955882344,0.9256189540605728,0.567224734346653,0.00025481334491505155,0.0006773809523809523,0.005277343558598635,-0.0024115424290485216,-0.020301008987402166,22160.0,0.0,0.020391269841269842,,,0.0,1.4096989966555185,0.3311036789297659,0.0,-0.31997212604202696,45.215105723794046,54.11647071073453,49.823780012551126,45.215105723794046,,,50.4847721709738
2025-10-17,KMGZ,22100.0,800.0,0.6829531438393769,-0.13431209904585986,0.4444444432098765,7.6142279405459385,0.9936189608021895,0.8331271949840713,0.4874640171305935,0.0002560640356481591,0.0006750000000000001,0.009281532356532429,0.0013755422681893253,-0.02044366156719098,22099.0,0.0,0.0203984126984127,,,0.0,1.4096989966555185,0.3311036789297659,0.0,-0.32296951422212883,45.17056050140304,56.90726513958664,51.21391263956864,45.17056050140304,,,50.36844297281805
2025-10-20,KMGZ,21999.99,14340.0,0.19694919067961875,2.7518824962323873,-0.29042872257029584,6.716315552812531,0.7414295710284069,0.8167405294502196,0.3822202254421648,0.00023872478614286226,0.0006746031746031747,0.004790328394954412,0.003946963531628373,-0.025672671949158316,21884.0,0.0,0.020400396825396825,,,0.0,1.4096989966555185,0.3311036789297659,0.0,-0.43284046037495755,43.54364050401224,53.77490767647871,52.15687103150002,43.54364050401224,,,53.07332010765344
2025-10-21,KMGZ,22000.0,9350.0,0.024295691582293673,2.3242054742025107,0.12271247287634635,5.915529636957941,1.2094069586099376,0.7574424943209499,0.5104806338783672,0.00022658212336094623,0.0006793650793650794,-0.007395238095238095,0.006223989898989899,-0.027262503607503537,21848.99,0.0,0.0203984126984127,,,0.0,1.4096989966555185,0.3311036789297659,0.0,-0.46624569306076274,43.05157015210459,45.19714951183881,52.99061284322699,43.05157015210459,,,53.05792350089865
2025-10-22,KMGZ,22315.94,3180.0,1.4358049906447703,1.2457104796045564,0.9999999978537548,6.898586535711974,-0.5335021249660898,0.6787623378575361,0.3448270504884309,0.00020897637349818362,0.0006813492063492064,-0.0008546425061586463,-0.008218876621979138,-0.03993332809969083,21880.0,0.0,0.0203984126984127,,,0.0,1.4096989966555185,0.3311036789297659,0.0,-0.7324825856655306,39.186260565606965,49.79823893681998,47.693341202468446,39.186260565606965,,,50.92292887031239
2025-10-23,KMGZ,22350.0,980.0,1.4842165085343957,0.0686283191530733,0.9999999966666667,6.802684056883278,0.9770583814215472,0.7444183745443778,0.3755849200528515,0.00021441295258539704,0.0006773809523809523,-0.0011842921061041866,-0.014765881005646107,-0.04501099126451469,21799.9,0.0,0.020398015873015873,,,0.0,1.4096989966555185,0.3311036789297659,0.0,-0.8391734536141743,37.671755287720046,49.56560273965036,45.30196660626433,37.671755287720046,,,49.95763571392401
2025-10-24,KMGZ,22379.99,310.0,1.5613932555224908,-1.114607024618053,0.37982532585230516,6.846567635362288,0.8665041971297027,0.7102774835828148,0.45534563760726965,0.00019693560974756692,0.0006750000000000001,-0.004713951170645083,-0.01781623845818285,-0.049045178549415286,21739.0,0.0,0.020403968253968254,,,0.0,1.4096989966555185,0.3311036789297659,0.0,-0.9239390099187264,36.485265922830436,47.077913175696615,44.19447615742676,36.485265922830436,,,47.959168333763955
2025-10-28,KMGZ,22180.02,880.0,0.6102591329030522,-0.022472792089613294,-0.9762814535757015,5.823054764314171,1.2669230769230877,0.7013945314318862,0.4424218141357553,0.00019705426679539104,0.0006797619047619047,0.001137197289229157,-0.013359903556057614,-0.040916447071776885,21725.0,0.0,0.020401587301587303,,,0.0,1.4096989966555185,0.3311036789297659,0.0,-0.7531396897356226,38.891296589578886,51.2037209313533,45.814071738192816,38.891296589578886,,,46.04298847040373
2025-10-29,KMGZ,21912.0,640.0,-0.6261190695191982,-0.3409254397696297,-0.9624873800734982,4.442397713269164,0.818318553781161,0.7376314430481844,0.3052512679346742,0.00021077326060048288,0.0006817460317460318,0.009776362158591147,-0.0011283423738243023,-0.03458950520697516,21601.01,0.0,0.020396825396825396,,,0.0,1.4096989966555185,0.3311036789297659,0.0,-0.6201992214326759,40.802896715725176,57.24948469349784,50.294883722079575,40.802896715725176,,,29.25871029129928
2025-10-30,KMGZ,22372.99,3350.0,1.4652590545438269,1.3143187999230315,0.9913548365777384,6.578419148926651,-0.40000000000000036,0.785014804735353,0.08821129734470527,0.00023927705876898957,0.0006972222222222222,-0.013268805208692861,-0.02378980261608965,-0.04799838678653456,21754.99,0.0,0.02037579365079365,,,0.0,1.4096989966555185,0.3311036789297659,0.0,-0.9019440255887428,36.791628606686686,41.131884468750656,42.04327252311197,36.791628606686686,,,49.77180672535551
2025-10-31,KMGZ,22400.0,950.0,1.5027470813817694,0.00527704222480657,0.32203389721344444,6.418014913371184,0.25564686049524,0.8815790177500636,0.08648226508950199,0.00021453595953724913,0.0006876984126984126,-0.01485138888888889,-0.027701785714285714,-0.05518452380952381,21620.0,0.0,0.02036309523809524,,,0.0,1.4096989966555185,0.3311036789297659,0.0,-1.0529377349572535,34.71109718183054,40.05457779892928,40.65016780249662,34.71109718183054,,,42.93752560020218
2025-11-03,KMGZ,22351.09,820.0,1.2593304752077084,-0.16282326971669867,-0.3368945534098154,6.102552842924229,0.22371364653244186,0.8799169082531999,-0.04911095480114247,0.00021146215800797266,0.0006761904761904762,-0.013492771297997213,-0.035162544791590616,-0.05244490384606577,21634.0,0.0,0.02036190476190476,,,0.0,1.4096989966555185,0.3311036789297659,0.0,-0.9953733746870287,35.49790496397671,40.978881725737104,38.03623291915182,35.49790496397671,,,24.734083265483623
2025-11-04,KMGZ,22281.06,750.0,0.9280462898179332,-0.2151107101996819,-0.9871515091687628,5.628335674548271,-0.12913321230260122,0.8797861341659713,-0.19245493065356656,0.00021542849134789532,0.0006753968253968253,-0.00382809185298662,-0.033658472981087956,-0.05272397184082846,21559.99,0.0,0.020361507936507938,,,0.0,1.4096989966555185,0.3311036789297659,0.0,-1.001237096956789,35.4173895167128,47.70138500106588,38.55817379708116,35.4173895167128,,,7.1311916961095045
2025-11-05,KMGZ,22200.99,1010.0,0.5471416558943681,0.08252080263036109,-0.3312150896979149,5.058981231857267,0.4555451257483023,0.8762692959625316,-0.19462894177217885,0.00021073376522722032,0.0006757936507936508,0.009642491115636361,-0.028730586466339338,-0.04986350628207721,21545.99,0.0,0.02036031746031746,,,0.0,1.4096989966555185,0.3311036789297659,0.0,-0.9411335526109207,36.24652606653773,57.15696777649553,40.28618758698477,36.24652606653773,,,13.613562299974458
2025-11-06,KMGZ,22152.0,910.0,0.28678983184580203,-0.021739926846897656,-0.6176470565527682,4.692250044372855,1.318866374589267,0.8788223967464287,-0.06837448369706219,0.0002163637482024752,0.0006761904761904762,0.011207266676984988,-0.03016774321140512,-0.04811288328260165,21537.19,0.0,0.02035873015873016,,,0.0,1.4096989966555185,0.3311036789297659,0.0,-0.9043498036299297,36.75806662850909,58.235078359752194,39.77952883969715,36.75806662850909,,,13.418203875736273
2025-11-07,KMGZ,22143.0,940.0,0.2140606619946222,0.010695260176080341,-0.2560502409854304,4.517426815795777,-0.9877535367422974,0.8550613922527893,-0.39017486232316345,0.0002002082576280226,0.0006746031746031747,0.012071252120954059,-0.03252440865972908,-0.06019073124259414,21261.0,0.0,0.02035873015873016,,,0.0,1.4096989966555185,0.3311036789297659,0.0,-1.158127189008752,33.294919239076414,58.8270664197077,38.95346989676325,33.294919239076414,,,7.871210925577247
2025-11-10,KMGZ,22125.0,2200.0,0.110912104195993,0.8664173267264572,0.7058823487889274,4.3204383921474365,-1.147321428571424,0.8376722348640198,-0.5057916899629384,0.00018622267966896078,0.0006753968253968253,0.009960317460317461,-0.03236044525154695,-0.06713839117567931,21090.0,0.0,0.02035873015873016,,,0.0,1.4096989966555185,0.3311036789297659,0.0,-1.3041100642825563,31.378864181229773,57.37653154075565,39.01074361285238,31.378864181229773,,,40.61386850549115
2025-11-11,KMGZ,22271.0,3020.0,0.7576062468483087,1.1618252982995687,0.2513624098582337,4.888785749122382,-1.011539034561626,0.8380823192631195,-0.29723630952318986,0.00018662756060841844,0.0006746031746031747,0.004439834919494566,-0.04436724683961569,-0.07195616687442485,21121.9,0.0,0.020359920634920637,,,0.0,1.4096989966555185,0.3311036789297659,0.0,-1.40534022748872,30.0860385252098,53.528871379994115,34.90573291459865,30.0860385252098,,,34.12668161335131
2025-11-12,KMGZ,22490.0,730.0,1.677495621704193,-0.2790826669971861,0.9999999951690821,5.4668038167601445,-0.045150455139930656,0.8169060314088166,-0.04953352571779061,0.00016794106110347242,0.0006746031746031747,-0.00737479444126843,-0.046966953743109746,-0.07207283960419804,21327.03,0.0,0.02036230158730159,,,0.0,1.4096989966555185,0.3311036789297659,0.0,-1.4077917321280338,30.055108119474273,45.21144463262356,34.0433464878654,30.055108119474273,,,43.08752198283843
2025-11-13,KMGZ,22475.0,630.0,1.5844063091713556,-0.4054637845675702,0.8550724596373311,5.276472295738882,1.3017887941033202,0.7517609115619012,0.21670949125560882,0.00018940630656596872,0.0006746031746031747,-0.004485362925296185,-0.052327983473700934,-0.06374463027702738,21500.0,0.0,0.02036309523809524,,,0.0,1.4096989966555185,0.3311036789297659,0.0,-1.2328010222815586,32.30739887717311,47.238715209621105,32.29840147681337,32.30739887717311,,,46.736682346713195
2025-11-14,KMGZ,22485.0,370.0,1.597534797275776,-0.9162869672960946,0.8394950367921835,5.239053360476465,1.4581076200794518,0.7515964046588356,0.5112533944936286,0.00019132649371155313,0.0006746031746031747,-0.004932038025350163,-0.05213356496923875,-0.07084436635005348,21350.0,0.0,0.02036626984126984,,,0.0,1.4096989966555185,0.3311036789297659,0.0,-1.3819792917431812,30.38168805589678,46.9245548887909,32.36086446734063,30.38168805589678,,,48.50750236873072
2025-11-17,KMGZ,22420.0,1880.0,1.2925495662439996,0.7092320508383685,-0.05660377340690637,4.850362864290673,1.544506164476367,0.7504959903021986,0.7303624500491515,0.00018474891214804873,0.0006746031746031747,-0.007038401087464424,-0.05264556235220813,-0.06050899954688982,21520.0,0.0,0.02036626984126984,,,0.0,1.4096989966555185,0.3311036789297659,0.0,-1.1648145805358396,33.20586526656076,45.4467777216574,32.196505190392024,33.20586526656076,,,50.64884586635685
2025-11-18,KMGZ,22445.0,570.0,1.3507349302532274,-0.5055469222818595,0.9411764650519031,4.8086207454508445,1.333333333333342,0.7511676766421083,0.5778652256099847,0.0001807755300062484,0.0006746031746031747,-0.009854680577213434,-0.05434041749320201,-0.0526674505051148,21720.0,0.0,0.02036626984126984,,,0.0,1.4096989966555185,0.3311036789297659,0.0,-1.0000494816760666,35.43369014269726,43.48384580958705,31.655580454258935,35.43369014269726,,,49.19448267569704
2025-11-19,KMGZ,22400.0,1370.0,0.8397485447899262,0.3927716936542934,0.9999999916666668,4.542864397984993,0.7812850792510373,0.7408538497167342,0.7158280366487186,0.00018441624162554362,0.0006746031746031747,-0.012346825396825396,-0.05280481150793657,,,0.0,,,,0.0,1.4096989966555185,0.3311036789297659,0.0,,,41.76351370658473,32.14547314934421,,,,50.697120451630184
2025-11-20,KMGZ,22450.0,980.0,0.6645704836627716,0.057758756824662194,0.9999999948717949,4.3304170242468505,-0.40017785682525675,0.7436690088990273,0.7158280359482354,0.00018768271884134376,0.0006746031746031747,-0.014572365397532434,-0.06724864602114045,,,0.0,,,,0.0,1.4096989966555185,0.3311036789297659,0.0,,,40.243851440498695,27.703678529114285,,,,49.92679467345481
2025-11-21,KMGZ,22449.99,3100.0,0.6451010439715658,1.2093627696877767,0.9999839992000152,4.089670424530116,-0.11123470522803602,0.6746038981414626,0.7448135429951284,0.00018263719173442768,0.0006765873015873017,-0.01637231370439264,-0.07486396359779911,,,0.0,,,,0.0,1.4096989966555185,0.3311036789297659,0.0,,,39.02821222770966,25.520495997660426,,,,51.42710386831465
2025-11-24,KMGZ,22338.0,1820.0,0.07187952545742886,0.6767973671225249,0.3275691244781524,3.442104136879475,-0.15570380253501215,0.6740318387807867,0.7769113354766946,0.00017915336965003564,0.0006805555555555554,-0.014156002903444483,-0.06872141865878766,,,0.0,,,,0.0,1.4096989966555185,0.3311036789297659,0.0,,,40.52682777345197,27.272587286398707,,,,49.920508642900096
2025-11-25,KMGZ,22300.0,2520.0,-0.10022025595298098,0.9808283628009576,0.9999999945355191,2.7620569888176822,-0.36574487065120787,0.683406269844438,0.8537459150537063,0.000175617944915604,0.0006880952380952381,-0.022099946615417466,-0.05790038614848037,,,0.0,,,,0.0,1.4096989966555185,0.3311036789297659,0.0,,,35.25578637682324,30.535517798967543,,,,51.26105531817013
2025-11-26,KMGZ,22200.0,990.0,-0.5589472303197165,0.025576804421200545,0.3333333322222222,2.214127848561191,-0.6460236132769026,0.652469988632639,0.8655106209504295,0.00015424233332133648,0.0006984126984126985,-0.01923546761046754,-0.0457779601029601,,,0.0,,,,0.0,1.4096989966555185,0.3311036789297659,0.0,,,37.122809575112285,34.436495329794944,,,,48.371968839785254
2025-11-27,KMGZ,22200.0,910.0,-0.5806124022549715,-0.07919692071252987,0.999999995,2.0777263658301544,-0.8928571428571397,0.5963303317549782,0.7321772890615406,0.00012136040873531495,0.0006928571428571428,-0.01782711282711283,-0.05251963749463749,,,0.0,,,,0.0,1.4096989966555185,0.3311036789297659,0.0,,,38.055464008034285,32.23688842803048,,,,47.686306546517194
2025-11-28,KMGZ,22160.0,4650.0,-0.715539759269098,1.5724933103643812,0.3320987269434436,1.8427484372055922,-1.1135857461024523,0.3547461718185043,0.7321772890871816,0.00010732546570494228,0.0006952380952380952,-0.01964444444444438,-0.043091580711707066,,,0.0,,,,0.0,1.4096989966555185,0.3311036789297659,0.0,,,36.85372688576399,35.3325871144345,,,,48.284590641477365
2025-12-01,KMGZ,22099.0,5770.0,-0.8682853801370682,1.7677844482975886,0.4190199513356873,1.4674511402299026,-1.2917154974233958,0.3540310344447579,0.5986002346358673,0.00010536314781944913,0.0006821428571428573,-0.019683583847434023,-0.03135327189264471,,,0.0,,,,0.0,1.4096989966555185,0.3311036789297659,0.0,,,36.828017997295525,39.36321698237426,,,,47.77619413817076
2025-12-02,KMGZ,21884.0,1450.0,-1.6864578840820315,0.37156301146777415,-0.44347825894139886,0.3344391994940633,-1.0699256871698481,0.3556532170706849,0.6168904000073743,0.00010048582724890627,0.0006765873015873017,-0.010659629779530163,,,,0.0,,,,0.0,1.4096989966555185,0.3311036789297659,0.0,,,42.9262610770817,,,,,39.120193456640514
2025-12-03,KMGZ,21848.99,5510.0,-1.774681514754657,1.5326101360458202,0.20445504938681924,0.06491341697064372,-1.8654708520179364,0.4075534349650805,0.3281947493119907,0.00010644107107252328,0.0006773809523809523,-0.01474337451085709,,,,0.0,,,,0.0,1.4096989966555185,0.3311036789297659,0.0,,,40.127813732867324,,,,,42.270493218760286
2025-12-04,KMGZ,21880.0,2930.0,-1.400894257776516,0.731411976907058,0.6521739073724008,0.13292762842708988,-1.58112612612612,0.403007191254508,0.30241909274491013,9.909222687812457e-05,0.0006813492063492064,-0.009101928992194001,,,,0.0,,,,0.0,1.4096989966555185,0.3311036789297659,0.0,,,44.00677239481654,,,,,37.32757941842341
2025-12-05,KMGZ,21799.9,1340.0,-1.6702303186483005,-0.19897290533728337,0.30347825955010715,-0.29231966588740477,-1.4414414414414378,0.40445715153172146,0.23285387521939027,9.472585132387134e-05,0.0006769841269841269,-0.011638839369220996,,,,0.0,,,,0.0,1.4096989966555185,0.3311036789297659,0.0,,,42.250392650017254,,,,,25.75340575145098
2025-12-08,KMGZ,21739.0,1750.0,-1.8961972444070898,0.06797289769553251,0.10843373450428219,-0.612396224455038,-1.6249999999999987,0.41010316520503975,0.22712978174072296,0.00010001596357872615,0.0006809523809523809,-0.008210584535729436,,,,0.0,,,,0.0,1.4096989966555185,0.3311036789297659,0.0,,,44.62769311133522,,,,,25.428944433086134
2025-12-09,KMGZ,21725.0,690.0,-1.8902662336929383,-0.8410655677101363,0.36297410178608497,-0.8768363182233164,-1.6290329879179999,0.41258983919991227,0.16501253837444196,0.0001028525359084995,0.0006773809523809523,-0.010973571611229766,,,,0.0,,,,0.0,1.4096989966555185,0.3311036789297659,0.0,,,42.709272612769745,,,,,23.12425212691626
2025-12-10,KMGZ,21601.01,2250.0,-2.375881258221601,0.46733998280558514,-0.8975813911740549,-1.8316214524487748,-0.7265582160482564,0.37350358775218984,0.32630301051993876,0.00010009500281829473,0.0006769841269841269,-0.005922896772360504,,,,0.0,,,,0.0,1.4096989966555185,0.3311036789297659,0.0,,,46.228558618557116,,,,,9.022341703589557
2025-12-11,KMGZ,21754.99,510.0,-1.5246163052088357,-1.1433454121002633,0.7368282502403926,-1.2496591493048208,-1.1349723717206328,0.28145821068419824,0.10589572240776388,7.601878008894909e-05,0.0006761904761904762,-0.01338570256225921,,,,0.0,,,,0.0,1.4096989966555185,0.3311036789297659,0.0,,,41.05200428794431,,,,,26.127919541254865
2025-12-12,KMGZ,21620.0,840.0,-2.0913824822979348,-0.6443558469879466,-0.5519917195378886,-1.9436890237394557,-0.5713436928701965,0.34731647902845253,0.12282659098136225,0.00010578767656337139,0.0006750000000000001,-0.019978804898462623,,,,0.0,,,,0.0,1.4096989966555185,0.3311036789297659,0.0,,,36.63434268466044,,,,,7.152478525113126
2025-12-15,KMGZ,21634.0,870.0,-1.9709799457249395,-0.60926459974579,-0.1523809516553288,-1.9479621721479643,-0.8252331432713089,0.35815985903903386,-0.04826740483623689,0.00012019712345900538,0.0006750000000000001,-0.028519810490835268,,,,0.0,,,,0.0,1.4096989966555185,0.3311036789297659,0.0,,,31.23739415432274,,,,,8.531148787952597
2025-12-17,KMGZ,21559.99,490.0,-2.1936028050882945,-1.0569368744867769,-0.5294901940019867,-2.2759689198021507,-0.4830028980173928,0.3620044395815002,-0.10043034206815908,0.00011848811935323089,0.0006750000000000001,-0.023694582708526306,,,,0.0,,,,0.0,1.4096989966555185,0.3311036789297659,0.0,,,34.23519895188254,,,,,3.4502468205817274
2025-12-18,KMGZ,21545.99,960.0,-2.2063932283233614,-0.38441102171739083,-0.0675584421764039,-2.377141591558819,-0.7595397008055116,0.357111023134398,-0.2789232012257734,0.00013032138914069105,0.0006746031746031747,-0.01353982881390891,,,,0.0,,,,0.0,1.4096989966555185,0.3311036789297659,0.0,,,40.946756401704086,,,,,7.009236946762404
2025-12-19,KMGZ,21537.19,740.0,-2.139428820333303,-0.633998228579632,0.7953250285459876,-2.4118714082914003,-0.2547103121566807,0.3583919883446017,-0.11291861142624322,0.0001286244838704804,0.0006746031746031747,-0.005104955116324122,,,,0.0,,,,0.0,1.4096989966555185,0.3311036789297659,0.0,,,46.803001027210286,,,,,30.431064321381914
2025-12-22,KMGZ,21261.0,3700.0,-3.308729555016326,0.9754375092169294,-0.8491147493659621,-3.658459755807398,-1.0011496213052862,0.3469103307766388,-0.10121925576512418,0.00012483300569032178,0.0006746031746031747,0.0008047191817792923,,,,0.0,,,,0.0,1.4096989966555185,0.3311036789297659,0.0,,,50.9691899342628,,,,,2.683330421684882
2025-12-23,KMGZ,21090.0,1270.0,-3.6424398507500246,-0.09387737125748384,-0.6077930647004542,-4.337508248941254,-1.6604995374653098,0.4179279243529715,-0.1606438617307389,0.00013298354697986115,0.0006753968253968253,0.017008254306938517,,,,0.0,,,,0.0,1.4096989966555185,0.3311036789297659,0.0,,,62.15635608965784,,,,,4.25996940280554
2025-12-24,KMGZ,21121.9,660.0,-3.294941613035928,-0.681716981761707,-0.1480954941511827,-4.162402928008187,-2.514560414162892,0.43203968643311236,-0.25172628433976396,0.0001418627042180943,0.0006757936507936508,0.024937216288788283,,,,0.0,,,,0.0,1.4096989966555185,0.3311036789297659,0.0,,,67.26115593132538,,,,,10.011640556288656
2025-12-25,KMGZ,21327.03,3000.0,-2.1650088520362933,0.9763936001397817,0.045829885300577314,-3.2131897976936,-2.0319582708526296,0.44243363353965937,-0.1754473443696032,0.00014577422237162504,0.0006769841269841269,,,,,0.0,,,,0.0,1.4096989966555185,0.3311036789297659,0.0,,,,,,,,17.292071800683992
2025-12-26,KMGZ,21500.0,2240.0,-1.167531267732299,0.5402721807452749,0.8765159829040089,-2.3522981818816135,-1.016244786152798,0.5194804152346888,-0.15276967887420695,0.00014316194295418795,0.0006753968253968253,,,,,0.0,,,,0.0,1.4096989966555185,0.3311036789297659,0.0,,,,,,,,26.802880194627473
2025-12-29,KMGZ,21350.0,1580.0,-1.751280671664487,0.124530257098127,-0.3013100423523579,-2.987239566269428,-0.17267805131495617,0.5654613587249643,-0.13653148800260267,0.0001515821725113318,0.0006777777777777777,,,,,0.0,,,,0.0,0.786053882725832,0.5959183673469388,0.0,,,,,,,,8.105544156990064
2025-12-30,KMGZ,21520.0,5790.0,-0.6608716339935461,1.4232368274935985,0.6176376856843622,-2.1732012279831947,0.41860683881285166,0.5781997175141133,-0.02697054659988185,0.00016104901110078888,0.0006746031746031747,,,,,0.0,,,,0.0,0.786053882725832,0.5959183673469388,0.0,,,,,,,,38.57220481210456
2025-12-31,KMGZ,21720.0,3060.0,0.6651959799457398,0.7855197484831995,0.5369928388138596,-1.1556162175419094,2.038880986249403,0.617637577146788,0.21811560347708142,0.00016316482895463514,0.0006746031746031747,,,,,0.0,,,,0.0,0.786053882725832,0.5959183673469388,0.0,,,,,,,,42.77095651801194
2025-01-05,KZAP,20300.0,1060.0,-1.7373054543364024,-0.3438556867256112,0.0012210012135514486,0.7868445009709575,1.7907187894073084,0.931279939606789,0.3786916272563708,0.00023410121886416915,0.0005726190476190476,-0.011312876299945264,-0.031030719759168036,-0.04958726053639839,19649.99,0.0,0.01756706349206349,-0.22476761083743835,,0.0,-0.6498449655582168,0.509266258723174,0.0,-0.9353291308883909,36.32704315913544,42.47506933708468,39.476334713342126,36.32704315913544,13.027495638614084,,46.94441649793632
2025-01-06,KZAP,20451.5,1160.0,-0.9611303710502948,-0.18088291939721762,0.9996040322074724,1.355237956804722,2.473498233215543,0.9151282863296066,0.5349270241785048,0.00023840062393059734,0.0005674603174603176,-0.017302612898731765,-0.03407137958794493,-0.05307582175638916,19725.95,0.0,0.01759920634920635,-0.21170074212548534,,0.0,-0.6498449655582168,0.509266258723174,0.0,-1.0086300987492052,35.315993088079075,38.40511064164767,38.41461961925931,35.315993088079075,14.423591311447638,,49.098401347708794
2025-01-08,KZAP,20429.0,1820.0,-0.9992671658054034,0.29135074333717875,0.8340769037813286,1.1549142231343044,2.1543751582777215,0.8463600712255015,0.5854678537094973,0.00023974770965272182,0.0005678571428571428,-0.016137000369844612,-0.03824575212874322,-0.05335653195309811,19699.0,0.0,0.017623015873015874,-0.23748151672420237,,0.0,-0.6498449655582168,0.509266258723174,0.0,-1.0145283266459253,35.23519240014076,39.18639976250829,36.97501637475029,35.23519240014076,11.781063472200016,,49.474631381862686
2025-01-09,KZAP,20361.6,1550.0,-1.2730710817841302,0.1307697161211844,0.45869311836339466,0.7848104068321815,0.8341559723593184,0.8376889259391576,0.6551710206069735,0.00023539503133441245,0.0005825396825396825,-0.010909598459845878,-0.037382795065220756,-0.05979618104667603,19503.0,0.0,0.017628571428571427,-0.22780180732358946,,0.0,-0.6498449655582168,0.509266258723174,0.0,-1.1498369772547645,33.40548327342449,42.75346672472967,37.270823008137675,33.40548327342449,12.720212061614184,,48.88066169310625
2025-01-10,KZAP,20381.79,1600.0,-1.134639878390528,0.08474091102855924,0.9998682411076084,0.7532270632944182,0.15543531726511794,0.8375737351027078,0.5469096451492177,0.00023236221668039128,0.0006321428571428572,-0.007927497241410144,-0.04722706108118138,-0.06467270752295488,19422.0,0.0,0.01758214285714286,-0.2089205118246426,,0.0,-0.6498449655582168,0.509266258723174,0.0,-1.2523016003382812,32.05204709945318,44.82525569685013,33.957630017676586,32.05204709945318,14.736226545183134,,48.60936545816427
2025-01-13,KZAP,20130.0,2390.0,-2.3251969337082996,0.4170368400733118,0.5859030811193697,-0.5203276076690113,0.999900396481479,0.8396408972497706,0.658692659334671,0.0002320274029917292,0.0005884920634920634,-0.0019397913561847988,-0.03387694805194803,-0.05881789735765153,19300.1,0.0,0.017590873015873015,-0.20180826295744328,,0.0,-0.6498449655582168,0.509266258723174,0.0,-1.129281471209171,33.680411859275516,49.03252854565273,38.482192157845404,33.680411859275516,15.561522705021474,,49.63288648172003
2025-01-14,KZAP,20158.0,1710.0,-2.1337517353178317,0.06648950623311431,0.9720666029309648,-0.4915629662969651,-0.8374384236453203,0.7786409757234771,0.7756290753158348,0.00020875211966125672,0.0005805555555555556,-0.008295670354989316,-0.03477326115749074,-0.0750803021999222,19000.0,0.0,0.01763412698412698,-0.20707270987768062,,0.0,-0.6498449655582168,0.509266258723174,0.0,-1.470983949540908,29.264127838508347,44.568345795429906,38.17106193912229,29.264127838508347,14.947096869411581,,49.20353169476299
2025-01-15,KZAP,20160.0,1080.0,-2.077390433330443,-0.3961609400125823,0.9999999952380952,-0.5795558225941364,-1.4351025597144518,0.767673616455732,0.7701215894605331,0.00020252531402475211,0.0005857142857142858,-0.01137420634920635,-0.033873015873015874,-0.07521150793650794,19000.0,0.0,0.017671825396825398,-0.21775515873015874,,0.0,-0.6498449655582168,0.509266258723174,0.0,-1.473740818884497,29.229898879013227,42.432772302819295,38.48355920276607,29.229898879013227,13.761855103240933,,48.5345077911745
2025-01-16,KZAP,20199.95,2009.9999999999998,-1.8418404506165065,0.22501023283691607,0.9989999900100147,-0.4717152828475955,-1.3167555925400198,0.7629366347467672,0.8033062077518865,0.0001992142700895726,0.0005837301587301588,-0.010970222580701771,-0.044423539366571625,-0.07659506959136356,19010.0,0.0,0.017686507936507938,-0.21838151614354537,,0.0,-0.6498449655582168,0.509266258723174,0.0,-1.5028119464928853,28.870390729001695,42.71158591138986,34.8869517722521,28.870390729001695,13.694872059622549,,49.18200192226152
2025-01-17,KZAP,20280.0,1000.0,0.3098139332568424,-0.4731231623257301,0.5789473623268699,-0.15221964917214417,-0.7938963539210975,0.7348512603353586,0.9113675820812105,0.00020134631308807758,0.0005948412698412699,-0.019178531511223743,-0.04334931201277347,-0.0922611956419648,18767.4,0.0,0.017675396825396823,-0.2443997158824082,,0.0,-0.6498449655582168,0.509266258723174,0.0,-1.831985531166749,24.98914475858212,37.16033404501146,35.2461555222055,24.98914475858212,11.147177000829489,,47.43308997041207
2025-01-20,KZAP,20150.0,2020.0,-0.24591948008174394,0.24884202744074282,-0.9998894422647381,-0.923295979564493,-0.4994163908076832,0.7086256912778814,0.8271834063250628,0.00019968947304321852,0.0005884920634920634,-0.018048555476781306,-0.03333950628224818,-0.09706835539012959,18550.0,0.0,0.01766388888888889,-0.20225273839064162,,0.0,-0.6498449655582168,0.509266258723174,0.0,-1.9329926340901025,23.870443123832313,37.908212818241935,38.66920471113913,23.870443123832313,15.508860817568786,,47.55077156992495
2025-01-21,KZAP,20050.01,2440.0,-0.7129924252382158,0.4188739519173855,-0.3938787866852255,-1.4870684137525463,0.09935419771485154,0.6809026098313313,0.5100249016482413,0.00018633435820432053,0.0005857142857142858,-0.015931168570726913,-0.02980751808634248,-0.10244324829454418,18350.0,0.0,0.017654761904761902,-0.1861658943102454,,0.0,-0.6498449655582168,0.509266258723174,0.0,-2.0459288353481258,22.660924108404423,39.32495513806635,39.906322521896065,22.660924108404423,17.50889603824391,,45.488399600344884
2025-01-22,KZAP,19990.0,820.0,-0.9295539853697264,-0.7052675494099334,0.5712682347291281,-1.8364966815018928,-0.5357178291497289,0.6832850054096078,0.23683582372500328,0.00018529980875545582,0.0005888888888888889,-0.011109596663411143,-0.03666218109054527,-0.08233115069439481,18697.0,0.0,0.01764880952380952,-0.1632874312156078,,0.0,-0.6498449655582168,0.509266258723174,0.0,-1.6233373637253312,27.40834545795183,42.61534216346009,37.51857010954141,27.40834545795183,20.695088530623895,,35.92818252943649
2025-01-23,KZAP,20037.99,2020.0,-0.6732618839984834,0.19627973893267775,0.46078260669226345,-1.6296329580123028,-0.8432539682539653,0.6594423977435606,0.15108947162320982,0.00017742649963075886,0.0005944444444444445,-0.014802336578336196,-0.04303237710801673,-0.09165047891945918,18554.7,0.0,0.017626587301587303,-0.17509471431515844,,0.0,-0.6498449655582168,0.509266258723174,0.0,-1.8191532705224696,25.133743628664522,40.087830772184255,35.352454942665815,25.133743628664522,18.999913800144448,,31.924992851836805
2025-01-24,KZAP,19950.99,940.0,-1.0965823724086057,-0.5686922712759274,0.1305905394313519,-2.0716026440521356,-0.8017841628320865,0.6537985847476581,0.043445994959659576,0.00017400635595068306,0.0005976190476190477,-0.006715182752955244,-0.04491531922129956,-0.07188281220869841,18868.2,0.0,0.01761031746031746,-0.15656506726877076,,0.0,-0.6498449655582168,0.509266258723174,0.0,-1.40379891356135,30.105494420856537,45.67308578642989,34.72307699544177,30.105494420856537,21.70901131039188,,21.287982354918785
2025-01-27,KZAP,19845.98,950.0,-1.6720309247375726,-0.5550936041588058,0.025157982442109834,-2.637312472384859,-1.6223372781065004,0.6062721756212311,-0.04622536961944403,0.00016769301567695516,0.000594047619047619,-0.002992228633260271,-0.054947907547131546,-0.100567188258445,18200.1,0.0,0.01763452380952381,-0.1475012372194939,,0.0,-0.6498449655582168,0.509266258723174,0.0,-2.0065094278218827,23.07811506828483,48.29033026909121,31.46288767369714,23.07811506828483,23.132145294154615,,17.97422945401759
2025-01-28,KZAP,19790.0,580.0,-1.9570490207013465,-1.0485264405765988,-0.29662209189610855,-2.9778422557799766,-1.5087841191066986,0.618786348538414,0.15878411532192555,0.00017972257467651015,0.000588095238095238,0.0036781012135357763,-0.052275103467359654,-0.08972860511561878,18363.8,0.0,0.01766190476190476,-0.147178645820801,,0.0,-0.6498449655582168,0.509266258723174,0.0,-1.778771233045077,25.59239837990911,52.99357969165004,32.31538458212368,25.59239837990911,23.183978701111467,,23.998888421896012
2025-01-29,KZAP,19826.85,890.0,-1.7995764102304757,-0.5707883699380797,0.9999999820948974,-2.814266144475505,-1.2968073332631724,0.5697587210607123,0.17823545427974893,0.0001805384515855813,0.0005738095238095239,0.006175961064463357,-0.05357973747300581,-0.0794444685009276,18602.99,0.0,0.017717063492063492,-0.12225057587552324,,0.0,-0.6498449655582168,0.509266258723174,0.0,-1.5626829605647397,28.13834093757468,54.74566925061857,31.897754546042822,28.13834093757468,27.430932987499336,,41.83779394412465
2025-01-30,KZAP,19800.0,2360.0,-1.8536243618836605,0.5548597193734923,-0.999999997368421,-2.9546198915826176,-0.8161580790395306,0.49218725388583895,0.2639818037529028,0.0001707321030396299,0.0005718253968253969,0.002130266955266956,-0.06454397546897539,-0.0750896103896103,18664.99,0.0,0.017765873015873016,-0.13454718614718614,,0.0,-0.6498449655582168,0.509266258723174,0.0,-1.4711795314069391,29.261698743142006,51.903878960180826,28.506205411815277,29.261698743142006,25.276909105415346,,28.623329300938067
2025-01-31,KZAP,19875.0,740.0,-1.2868690547082904,-0.604905658994859,0.9404915790363497,-2.573665316253506,-1.1876939752939353,0.48053398807121384,-0.028174717059234113,0.00016729753180155,0.0005785714285714286,-0.004085456723569946,-0.07905753968253967,-0.0769275396825396,18699.99,0.0,0.01780753968253968,-0.1079699236298293,,0.0,-0.6498449655582168,0.509266258723174,0.0,-1.5097977431956422,28.784393356365022,47.52016793278544,24.36767248569295,28.784393356365022,30.070932479640334,,35.76051412731915
2025-02-03,KZAP,19844.0,1570.0,-1.4042955156149688,0.1472740177774249,-0.13454545405619836,-2.7425119759174965,-0.3808833546605994,0.47108354236983974,0.13380549086176546,0.0001475322442823011,0.0005801587301587301,-0.011697481146594302,-0.08767454206301213,-0.072981708516908,18749.99,0.0,0.017851190476190475,-0.10338441838403034,,0.0,-0.6498449655582168,0.509266258723174,0.0,-1.4268887084340487,29.8147858336759,42.21000633884664,22.111669655605816,29.8147858336759,30.94870968345092,,29.366503772408723
2025-02-04,KZAP,19920.0,1350.0,-0.9225036059823378,-0.1445810809836237,0.22038765175740893,-2.3809848234200204,-0.009976831579994183,0.4440486857807425,0.10186480356210381,0.00013621914436757248,0.0005865079365079364,-0.014189218779881415,-0.07377931248804744,-0.07312286766112067,18820.0,0.0,0.017901984126984127,-0.10828446165614841,,0.0,-0.6498449655582168,0.509266258723174,0.0,-1.4298547168371405,29.777559963496692,40.50422957012859,25.824437094793346,29.777559963496692,30.011244297782135,,30.706881230530392
2025-02-05,KZAP,20006.9,560.0,-0.38205853152764907,-1.024502608642022,0.652048464588886,-1.992980644147448,0.656897422940883,0.41343866941921215,0.20526675229280728,0.00012761090072971326,0.000588095238095238,-0.0180100321163009,-0.08495281533228181,-0.06852913804658034,18995.0,0.0,0.017951587301587302,-0.110861008819021,,0.0,-0.6498449655582168,0.509266258723174,0.0,-1.333332166248912,31.00256686628121,37.93381351542664,22.807709600871316,31.00256686628121,29.52486783304525,,39.10292626535927
2025-02-06,KZAP,19900.0,52890.0,-0.7982715862153844,3.5966497701469895,-0.42853877119528055,-2.658319068442902,0.9081119794622117,0.43248618639351866,0.13567644879160506,0.00014559992722765826,0.0005869047619047619,-0.01170785873813512,-0.06421154781845734,-0.08336775743798357,18599.0,0.0,0.017990873015873016,-0.1041556014197974,,0.0,-0.6498449655582168,0.509266258723174,0.0,-1.6451183424166853,27.149099695572037,42.202860424420415,28.6058023405101,27.149099695572037,30.800098701905842,,49.262199613420734
2025-02-07,KZAP,19852.07,6910.0,-0.48246090396459596,1.5545310433689405,0.09245398744645837,-2.3303800973375317,0.5050505050504972,0.44046087865013434,0.24996869402623317,0.00014062691640281862,0.000590079365079365,-0.018074799883728877,-0.09560446848447884,-0.09117308482188505,18400.0,0.0,0.01802857142857143,-0.101943409932958,,0.0,-0.6498449655582168,0.509266258723174,0.0,-1.8091223588667709,25.247162177789974,37.890775953537556,20.1712591601409,25.247162177789974,31.227456043546642,,45.11991186994203
2025-02-10,KZAP,19670.1,870.0,-1.315811249041574,-0.5176965236212439,-0.5567060464768103,-3.195523432839826,-0.1153710691823906,0.4383709874355219,0.08036117570825488,0.00013998449735571172,0.0005825396825396825,-0.003930300400341577,-0.07883385290969781,-0.11417821142483343,17779.99,0.0,0.018087698412698413,-0.0886443766415111,,0.0,-0.6498449655582168,0.509266258723174,0.0,-2.292501591569801,20.173253816524127,47.62940988447218,24.428264198534077,20.173253816524127,33.86255533172012,,16.297703458182237
2025-02-11,KZAP,19695.68,640.0,-1.145975164902457,-0.6410280844485995,0.9999999895430306,-3.0760538042072314,-0.8763354162467318,0.40023067459396117,-0.004070942775867503,0.0001539273983513401,0.0005805555555555556,-0.0013900988810824654,-0.06795048873822811,-0.13066398907361718,17480.0,0.0,0.01816825396825397,-0.09977849128207825,,0.0,-0.6498449655582168,0.509266258723174,0.0,-2.6388975357399387,17.032318549408732,49.420372250546066,27.4977205190242,17.032318549408732,31.6487959732072,,38.29305320295478
2025-02-12,KZAP,19705.0,490.0,-1.0663745389398094,-0.7525661414822699,-0.1655076449094009,-3.0354550448239226,-1.1261044176706814,0.3999335775853208,0.15185152478125682,0.0001570681484797515,0.0005801587301587301,-0.0032429833093687442,-0.06529129169133602,-0.13193228734951648,17465.0,0.0,0.018255555555555556,-0.08238841523583976,,0.0,-0.6498449655582168,0.509266258723174,0.0,-2.6655467717134633,16.807554827779185,48.11359236561875,28.283068944479805,16.807554827779185,35.138930314875,,26.727334876116778
2025-02-13,KZAP,19725.0,1250.0,-0.943769881468318,0.24846043360965842,0.9849146408502097,-2.942269332037397,-1.5089794021062808,0.40063610385789844,-0.011659697118400546,0.00015929073478403234,0.0005805555555555556,-0.014200784597742773,-0.0645170031383909,-0.11843644305630996,17750.02,0.0,0.018310714285714284,-0.0943013790814172,,0.0,-0.6498449655582168,0.509266258723174,0.0,-2.3819747239815605,19.322572825323192,40.49636178597108,28.514278676159332,19.322572825323192,32.7281942830952,,38.85269344379637
2025-02-14,KZAP,19551.0,980.0,-1.7683087675172724,0.005115079397889733,-0.9999999919678716,-3.7893285876068528,-0.8793969849246186,0.3972493968364068,0.27103098529069747,0.00015890863967473875,0.0005853174603174603,-0.00954455654442228,-0.053560759040458206,-0.12836955100335873,17400.0,0.0,0.018349603174603175,-0.06793929594394149,,0.0,-0.6498449655582168,0.509266258723174,0.0,-2.5906872505705447,17.44499010461991,43.69911610403147,31.90380920608009,17.44499010461991,38.16686242029517,,27.244761089293466
2025-02-17,KZAP,19649.99,2690.0,-1.2268587584165072,1.0251656709785901,0.6632323209992286,-3.3014189408190515,-1.5165672899601912,0.4126709100953522,0.05254018940783154,0.00017215832189319689,0.0005813492063492063,-0.020768417519167356,-0.05488512691173315,-0.14908340589890207,17082.0,0.0,0.018396825396825398,-0.02693087043474985,,0.0,-0.6498449655582168,0.509266258723174,0.0,-3.0259227291028123,13.996825704613064,36.11846155850692,31.48277197144368,13.996825704613064,47.19813214856913,,40.330704784526475
2025-02-18,KZAP,19725.95,690.0,-0.7736016485482501,-0.3354348116709919,0.9999999868334433,-2.9020484662155788,-0.10223638924050649,0.4250730320302421,0.2965278629030393,0.0001690732572709995,0.0005996031746031746,-0.03978828427681097,-0.04973977336657939,-0.13908920850553924,17346.0,0.0,0.018438492063492063,-0.02527578378344346,,0.0,-0.6498449655582168,0.509266258723174,0.0,-2.815926602984246,15.583424439384236,24.840306908557334,33.135053189747936,15.583424439384236,47.57071702926901,,43.68282752154561
2025-02-19,KZAP,19699.0,670.0,-0.8767357870767881,-0.34390547364642077,-0.48235293833910037,-3.0328306627953534,0.15368852459016757,0.4302657903030309,0.29652786236112183,0.0001782021971151267,0.0005916666666666667,-0.038502288690828716,-0.06855944560879329,-0.14562773396361267,17195.0,0.0,0.01851468253968254,-0.03203206961194541,,0.0,-0.6498449655582168,0.509266258723174,0.0,-2.9533128244766194,14.529531382073325,25.524252164346063,27.31979226967213,14.529531382073325,46.051916908127986,,33.867416641262054
2025-02-20,KZAP,19503.0,1290.0,-1.849875646564747,0.31121143727107653,-0.96581001216132,-3.996159886562306,-0.03044912458767257,0.4274413348236673,0.23315880367518194,0.00017424831662293547,0.000588095238095238,-0.028306733762571326,-0.06931413189179687,-0.17219080068267878,16507.24,0.0,0.018585714285714285,-0.04249622896843709,,0.0,-0.6498449655582168,0.509266258723174,0.0,-3.51145080087254,10.843083811489896,31.366740848507213,27.10028380916668,10.843083811489896,43.7149858652765,,25.306051737999322
2025-02-21,KZAP,19422.0,5040.0,-2.2071042682877913,1.6739730240894257,-0.7479954138144572,-4.3834983047370875,-1.125475285171107,0.4672761895887001,-0.156986126927124,0.00019105661440681774,0.0005857142857142858,-0.036730634258646234,-0.09735849883048671,-0.14853672933492204,16898.97,0.0,0.01863095238095238,-0.05386346595171896,,0.0,-0.6498449655582168,0.509266258723174,0.0,-3.0144360677775266,14.079995637195292,26.486545301286647,19.759666716520986,14.079995637195292,41.20793316016062,,22.28839607413167
2025-02-24,KZAP,19300.1,1180.0,-2.686103881844106,0.20114082868419364,-0.9999999959979189,-4.951261984800181,-0.659812797299375,0.46665769924910133,-0.10658521129644112,0.00018160246544779034,0.0005972222222222222,-0.04187143280695224,-0.10718378228240114,-0.17126014363935765,16355.0,0.0,0.018665079365079367,-0.034025078519619376,,0.0,-0.6498449655582168,0.509266258723174,0.0,-3.491896016616209,10.957031881448442,23.758714935528186,17.57122809874545,10.957031881448442,45.60516192699989,,9.802340687523747
2025-02-25,KZAP,19000.0,4019.9999999999995,-4.162211293915783,1.3143180295780426,0.08695652164461248,-6.414704089127128,-1.7806115931865762,0.4716716923305688,-0.43923167469587054,0.0001814235736804203,0.0006238095238095239,-0.037169653299916464,-0.09371169590643275,-0.15029784878863828,16499.0,0.0,0.01866626984126984,0.008184147869674183,,0.0,-0.6498449655582168,0.509266258723174,0.0,-3.05144036620754,13.813535219744317,26.24593771387299,20.622558136313767,13.813535219744317,55.10400038082079,,43.91576246418806
2025-02-26,KZAP,19000.0,900.0,-3.9788447308710033,-0.3001033382169359,-0.5017128589117831,-6.321340652526739,-3.6801776340303016,0.5681053686326116,-0.6218403677336368,0.00017931507568000348,0.0006234126984126985,-0.018866019214703423,-0.07872294486215536,-0.12919191311612369,16899.96,0.0,0.018663492063492063,0.014318776106934002,,0.0,-0.6498449655582168,0.509266258723174,0.0,-2.6079665628705,17.29618266665455,37.366574125709576,24.458344477450233,17.29618266665455,56.47015169431335,,24.394259555089462
2025-02-27,KZAP,19010.0,1980.0,-3.8868246431543145,0.48835138320974303,0.04005943173860737,-6.268662723918607,-3.5484034722574775,0.5629115789582215,-0.6257123518481733,0.00017403891546569463,0.0005984126984126983,-0.026843012658333505,-0.09765258468809232,-0.13309918088224243,16835.0,0.0,0.018685714285714285,0.04180404235865835,,0.0,-0.6498449655582168,0.509266258723174,0.0,-2.6900653110038713,16.60285806053875,32.26305421131151,19.69128107081446,16.60285806053875,62.44405829394396,,40.493587282103675
2025-02-28,KZAP,18767.4,3010.0,-4.725018904134857,0.9071938740262928,-0.47704848554076806,-7.404026750064284,-2.527816233399993,0.5658080167635627,-0.4245384630681879,0.00017328901339812026,0.0005837301587301588,0.0024809363323533783,-0.10280982000449622,-0.12605252004869646,16753.0,0.0,0.018717460317460317,0.060989802783651605,,0.0,-0.6498449655582168,0.509266258723174,0.0,-2.542002248121122,17.869687092086338,52.150952028116116,18.521026504034555,17.869687092086338,66.41123206746316,,35.81534816630926
2025-03-03,KZAP,18550.0,3310.0,-4.725018904134857,0.9579291298828594,0.1428571424489796,-8.35305274818811,-3.3704046957058975,0.5966008466639476,-0.37034907741345,0.00017170721012272507,0.000576984126984127,-0.021793882899071654,-0.07797510482180293,-0.12711650943396227,16540.0,0.0,0.018760714285714287,0.09282507487271638,,0.0,-0.6498449655582168,0.509266258723174,0.0,-2.5643585855380193,17.673668121057467,35.45325459098424,24.66182544824792,17.673668121057467,72.49453286467278,,45.77658470611096
2025-03-04,KZAP,18350.0,2630.0,-4.725018904134857,0.72796509878535,-0.04807234634913228,-9.197044298358684,-3.8865083600603034,0.6265801368322481,-0.1417776497240703,0.00017863708949622482,0.0005765873015873015,-0.002218194498507889,-0.07610349357726742,-0.1163038601271571,16561.11,0.0,0.01881666666666667,0.10042871091215778,,0.0,-0.6498449655582168,0.509266258723174,0.0,-2.3371653074649235,19.74515190588842,48.836138557766375,25.176046120618423,19.74515190588842,73.84218666237993,,45.65313207266649
2025-03-05,KZAP,18697.0,3820.0,-4.725018904134857,1.1012311042950562,0.989090907292562,-7.333943406928575,-3.421052631578947,0.6236698999300159,-0.16878342332281926,0.00018268653409578728,0.0005829365079365079,-0.008044349212291845,-0.13035515902729486,-0.1577727013543468,16100.0,0.0,0.0188734126984127,0.09919196053436974,,0.0,-0.6498449655582168,0.509266258723174,0.0,-3.2085005102415822,12.729389463319334,44.74368621302883,13.170661344052242,12.729389463319334,73.62591583432112,,47.93785961680353
2025-03-06,KZAP,18554.7,1670.0,-4.725018904134857,0.02118076102558428,0.43207590635467064,-7.901649554197625,-1.59473684210526,0.7899546098657143,0.1293773299180498,0.00017645620346461524,0.0005722222222222222,0.002879363982223008,-0.10253070743595445,-0.11097248803858453,16847.0,0.0,0.018936507936507935,0.09666135376558424,,0.0,-0.6498449655582168,0.509266258723174,0.0,-2.2251435571000164,20.831930344684412,52.43154608498728,18.582961495583906,20.831930344684412,73.17982712473975,,46.65808425641298
2025-03-07,KZAP,18868.2,1080.0,-1.7242716344089426,-0.3150804955898161,0.9993062747162561,-6.273659994681929,-2.3950552340873177,0.7945793572135836,0.20778062484126245,0.00018848334156163025,0.0005813492063492063,-0.012018571269573702,-0.14654329023486737,-0.11339587252121361,17087.0,0.0,0.01899365079365079,0.1226439704168414,,0.0,-0.6498449655582168,0.509266258723174,0.0,-2.276063239133305,20.332551655448462,41.98905909950217,10.6816262906487,20.332551655448462,77.52804527589583,,42.50177501756459
2025-03-11,KZAP,18200.1,2850.0,-4.570782330051961,0.8083012598311348,-0.4458276212747567,-9.553668822191124,0.5371015697432702,0.9160411345183886,0.5030515768926673,0.00022906259530762975,0.0006182539682539682,0.027104443270981673,-0.10681890036710937,-0.057800855208540114,17494.0,0.0,0.01900436507936508,0.1858473581123705,,0.0,-0.6498449655582168,0.509266258723174,0.0,-1.1079115799606216,33.96740830734009,68.59387586382117,17.64897328950329,33.96740830734009,85.9247904009108,,48.20903552005453
2025-03-12,KZAP,18363.8,1320.0,-3.3334827267353506,-0.11441018659976664,0.9999999938949939,-8.62097215081701,-1.8862533692722505,1.169467217922754,0.38531462414792,0.00023641294264507707,0.0006154761904761904,0.021711400508972405,-0.09307088877150821,-0.07694228200771805,17300.0,0.0,0.01901309523809524,0.19507014053010094,,0.0,-0.6498449655582168,0.509266258723174,0.0,-1.510107506056591,28.780583612918008,65.22530366655381,20.777030940108688,28.780583612918008,86.90213167604254,,46.71665290317182
2025-03-13,KZAP,18602.99,1820.0,-1.9123028545617453,0.19671005015892382,0.5791617946930764,-7.365990273400577,0.07520435967303118,1.1994361310599613,0.5949290921967453,0.0002498073219373632,0.000628968253968254,0.017932736463929157,-0.1083871545500064,-0.07318747508390386,17595.0,0.0,0.0190031746031746,0.1794793673624508,,0.0,-0.6498449655582168,0.509266258723174,0.0,-1.4312122354020616,29.76053091041565,62.7682553318258,17.31673622489009,29.76053091041565,85.21492648783502,,47.10017194175735
2025-03-14,KZAP,18664.99,830.0,-1.4595230325947284,-0.7430828008487639,-0.40332353836151924,-6.9793126293975885,-0.502807937102201,1.2525731537106832,0.5129432696768481,0.00026659207453657224,0.0006206349206349206,-0.006680734229980284,-0.11578128439227929,-0.07162554046457423,17682.72,0.0,0.01899920634920635,0.174042326991284,,0.0,-0.6498449655582168,0.509266258723174,0.0,-1.3983931698583365,30.173787304055676,45.697216342292265,15.816708727484908,30.173787304055676,84.58564735942474,,45.05599906723294
2025-03-17,KZAP,18699.99,860.0,-1.1236996980953708,-0.7075762134561109,-0.40434911883018654,-5.073343572697414,0.594404652190561,1.2573501890473155,0.34586338073361017,0.00027529038421709166,0.0006202380952380952,-0.019195032345828433,-0.1288515960188062,-0.07569054258152277,17639.87,0.0,0.018999603174603176,0.1745026672264072,,0.0,-0.6498449655582168,0.509266258723174,0.0,-1.4838062014030073,29.105128088216503,37.14945736142349,13.425232998219288,29.105128088216503,84.63976426904742,,43.92606045151714
2025-03-18,KZAP,18749.99,960.0,-0.7574881288025803,-0.5975755740808957,0.9998657651015935,-4.736569472010226,-0.8914999841002302,1.2526040724823524,0.0651323020243216,0.0002581003106918519,0.0006238095238095239,-0.054903995845094075,-0.13009310670595325,-0.05004146734804193,18168.0,0.0,0.019001984126984128,0.16850112040059745,,0.0,-0.6498449655582168,0.509266258723174,0.0,-0.9448728358151267,36.194696726141956,17.743015445634043,13.214733418350145,36.194696726141956,83.92194751498269,,43.23043697896558
2025-03-19,KZAP,18820.0,2770.0,-0.09911737038057963,0.6167204986638471,0.48387096514047867,-4.329274537913841,3.0213570255108735,1.2464892297048287,0.3542709792995916,0.0002607381691061944,0.0006373015873015873,-0.07439529460384933,-0.15788225756118957,-0.06782190383415145,17901.0,0.0,0.018990873015873013,0.16147873083345987,,0.0,-0.6498449655582168,0.509266258723174,0.0,-1.318471898933478,31.193614572222028,11.065324115869574,9.193789604697223,31.193614572222028,83.04787986583024,,47.39699469748436
2025-03-20,KZAP,18995.0,1650.0,0.9144835587739634,-0.05597919843661246,0.944444439197531,-3.3368164138348693,2.484235288992487,1.246151418458616,0.2510451735486886,0.0002501188135172589,0.0006376984126984128,-0.0837717188524967,-0.12643516788043638,-0.04514533576087274,18498.0,0.0,0.018980555555555553,0.13990796659104116,,0.0,-0.6498449655582168,0.509266258723174,0.0,-0.8419962739658392,37.631995462469945,8.716298714616883,13.843063804242984,37.631995462469945,80.1270560955491,,46.15728987477435
2025-03-26,KZAP,18599.0,1810.0,-1.1523283837205296,0.03657224538730053,-0.1500992971233668,-5.298560197816759,2.1072419003611786,1.272772677251887,0.3241017024495795,0.0002597773168011164,0.0006261904761904761,-0.04888027029529662,-0.09465977262815803,-0.021021090590294562,18560.93,0.0,0.01897420634920635,0.17513580120795025,,0.0,-0.6498449655582168,0.509266258723174,0.0,-0.3351023402198131,44.99033014945175,20.36218335459913,20.395577202719533,44.99033014945175,84.71394040177502,,46.21390619514638
2025-03-27,KZAP,18400.0,5410.0,-2.056945962971203,1.092162828645317,-0.7109144532287397,-6.229882513257076,-0.3535496134742133,1.33172968221783,0.37474655069720997,0.00027096753560547403,0.0006277777777777778,-0.05757798481711525,-0.06260540027605245,-0.01162574189095928,18535.0,0.0,0.01896269841269841,0.18888112491373363,,0.0,-0.6498449655582168,0.509266258723174,0.0,-0.13768910604617238,47.935837265655096,16.66800275958746,29.089936049042198,47.935837265655096,86.25283456051629,,47.096880957697394
2025-03-28,KZAP,17779.99,12590.0,-4.725018904134857,1.93681634579002,0.4499749994375353,-9.186912516776351,-1.604225456805064,1.344545272589708,0.31343348381749936,0.0002742203601987167,0.0006416666666666667,-0.04247411594259927,-0.040344887699331644,0.025207667626663186,18565.0,0.0,0.018943650793650794,0.23122900167257748,,0.0,-0.6498449655582168,0.509266258723174,0.0,0.6362473098561411,59.42947230507054,23.451911484264375,36.25957665346199,59.42947230507054,90.192723658678,,49.11927610108841
2025-03-31,KZAP,17480.0,4030.0000000000005,-4.725018904134857,0.7519117207671691,-0.4982938566381666,-10.101566387748754,-5.0352896425731,1.5130996968918715,0.20345533068468774,0.00026796721980733285,0.0006611111111111111,-0.010863126112382406,-0.006727798663324978,0.04516568686208275,18600.0,0.0,0.018907539682539682,0.24564186644146602,,0.0,-0.16868618988958806,0.39846413503648637,0.0,1.0556013169344158,65.32511201028217,42.785578140442084,48.23985747892743,65.32511201028217,91.28517654200057,,50.0
2025-04-01,KZAP,17465.0,5720.0,-4.725018904134857,1.1021139473487043,0.3589743580539119,-9.929389067610709,-5.0352896425731,1.5187017338304045,0.007022366328958673,0.00026976405674042516,0.0006674603174603175,-0.018657109457009255,-0.000789877373795142,0.04611251391672234,18600.0,0.0,0.018874603174603176,0.2490298629004041,,0.0,-0.16868618988958806,0.39846413503648637,0.0,1.0754958623143789,65.59499879284157,37.50469957158417,50.41913972494632,65.59499879284157,91.52548789068655,,47.44044773940165
2025-04-02,KZAP,17750.02,5090.0,-2.722300938767886,0.7921964405627651,0.6012359533673172,-8.116197750416458,-5.0352896425731,1.5176181970370413,-0.11007164989976514,0.0002701935488764425,0.0006357142857142858,-0.0732367275029942,-0.019446499826434437,0.034202005932012156,18691.99,0.0,0.018866666666666667,0.23518086456616205,,0.0,-0.16868618988958806,0.39846413503648637,0.0,0.8252345918541392,62.131671293682075,11.391300474601607,43.604866668159325,62.131671293682075,90.50385846400032,,46.32048015927623
2025-04-03,KZAP,17400.0,3620.0,-4.305505219683708,0.29322195524431605,-0.9999999978448276,-9.673483661360427,-4.564654013656644,1.5826136748976396,0.040195400198371666,0.00027852590579633226,0.0006242063492063491,-0.0320226053639846,0.030895073891625612,0.04422832512315274,18497.77,0.0,0.01886190476190476,0.2608253968253968,,0.0,-0.16868618988958806,0.39846413503648637,0.0,1.0359056549217973,65.0569487771436,29.153795258485054,61.823711483235,65.0569487771436,92.31588087756121,,50.0
2025-04-04,KZAP,17082.0,3150.0,-4.725018904134857,0.15415051093855478,-0.5482912324691066,-10.290667101823292,-5.0352896425731,1.611876261387509,-0.01762170872484592,0.0002828836481761494,0.0006285714285714285,-0.0457899748273036,0.03470472928897586,0.08464639595564252,18850.0,0.0,0.01885436507936508,0.2838677885660762,,0.0,-0.16868618988958806,0.39846413503648637,0.0,1.885162275132777,75.60413570729384,21.813428202665264,63.135139806005114,75.60413570729384,93.66786852790135,,50.0
2025-04-07,KZAP,17346.0,6480.0,-3.832041116683875,0.87546804945324,0.9847981819108861,-9.56534967172113,-3.925705245053579,1.6359759076216551,-0.21727495510617428,0.0002904329499603897,0.0006412698412698412,-0.05204398708635997,0.05318641857873093,0.05547435527883461,18635.01,0.0,0.018837301587301587,0.27528482647296204,,0.0,-0.16868618988958806,0.39846413503648637,1.0,1.272205046854374,68.20747639705185,18.95218957285212,69.1987990104646,68.20747639705185,93.1923567397941,,46.92834310550962
2025-04-08,KZAP,17195.0,4510.0,-4.25245573232927,0.47311221723757385,0.9719919949357106,-10.02157003749991,-0.7665903890160197,1.683123227455523,0.07934345260363625,0.00028613747719626764,0.0006678571428571428,-0.020325539793313908,0.0662590557886429,0.08541197688050697,18987.0,0.0,0.01880436507936508,0.286881136543015,,0.0,-0.16868618988958806,0.39846413503648637,1.0,1.901248512188548,75.78171494580207,36.407423231183024,73.13350853472386,75.78171494580207,93.82734269692553,,47.74985905862646
2025-04-09,KZAP,16507.24,3140.0,-4.725018904134857,0.11103818900138318,-0.539899060079217,-10.290667101823292,-1.5459490409390209,1.6083507364057619,0.201946979979996,0.00027851196412041523,0.0006591269841269841,0.016726958629754395,0.10970493018301569,0.18614588884096359,19890.01,0.0,0.018780555555555557,0.29976442384319046,,0.0,-0.16868618988958806,0.39846413503648637,1.0,4.017849820715124,91.76403489938221,61.96939045449674,83.7456972893589,91.76403489938221,94.46770151929769,,46.945036497328644
2025-04-10,KZAP,16898.97,6740.0,-4.725018904134857,0.8111150469064116,-0.5239419790751328,-10.290667101823292,-5.0352896425731,1.79791176777923,-0.026280022709310846,0.00030481440845925534,0.0006309523809523809,-0.011750899790680464,0.08546028444971152,0.1647318611627414,20000.0,0.0,0.01877222222222222,0.32200310859112086,,0.0,-0.16868618988958806,0.39846413503648637,1.0,3.5679024482518984,89.48004273288691,42.17322623798469,78.30253699199632,89.48004273288691,95.42814943822304,,50.0
2025-04-11,KZAP,16355.0,7910.0,-4.725018904134857,0.9223131699903636,-0.7516629695085079,-10.290667101823292,-2.8794827586206884,1.848843807157883,0.06893158104462811,0.00027377473343785625,0.0006313492063492063,0.008209541400377536,0.12414585911303277,0.19433089754601535,19839.99,0.0,0.0187531746031746,0.3471077540483227,,0.0,-0.16868618988958806,0.39846413503648637,1.0,4.189831627022961,92.51104639847017,56.16366149561129,86.43028950839116,92.51104639847017,96.32131480735346,,50.0
2025-04-14,KZAP,16499.0,3070.0,-4.725018904134857,-0.09767622289619374,-0.24864864797662528,-10.290667101823292,-4.2559419271748,1.8224941309782952,0.02825723363674786,0.00025208375226748865,0.000625,0.0006549467644504062,0.11421049541723066,0.1594509510677415,19439.0,0.0,0.018741666666666667,0.3658016985877932,,0.0,-0.16868618988958806,0.39846413503648637,1.0,3.4569409954526082,88.83666386729378,50.86352548912259,84.62638272762383,88.83666386729378,96.87482208672044,,50.0
2025-04-15,KZAP,16899.96,5000.0,-3.3854035697116105,0.39008361408089604,0.9998499937502064,-9.91224963771933,-4.882970137207421,1.8217224269242172,-0.2184321323407544,0.00024222232084078775,0.0006206349206349206,-0.05046359470673298,0.09289983067021082,0.11369577929967492,19138.0,0.0,0.018732936507936507,0.32193766515818195,,0.0,-0.16868618988958806,0.39846413503648637,1.0,2.495542251460963,81.71752228784818,19.64697926725238,80.10129586981174,81.71752228784818,95.42557069689998,,50.0
2025-04-16,KZAP,16835.0,1690.0,-3.434450840470735,-0.8168285290495667,-0.506918121800445,-10.011114329378634,-1.7158476301250447,1.896936757082714,-0.21286053257785528,0.00023736709996766576,0.0006206349206349206,-0.002430453255453255,0.08563212883212887,0.1336997054747055,19401.11,0.0,0.018727380952380954,0.3272480678480678,,0.0,-0.16868618988958806,0.39846413503648637,1.0,2.915860846199541,85.18918090838604,48.68643168073285,78.34538156193462,85.18918090838604,95.63037842770234,,44.587933347998316
2025-04-17,KZAP,16753.0,3760.0,-3.7745748523016536,-0.017139490397507985,-0.13326110483879683,-10.290667101823292,1.9855530058325854,1.887873768385528,-0.20626434492210088,0.0002333656281534046,0.0006154761904761904,0.016770457908983846,0.11202954756267296,0.16919275469733447,19901.0,0.0,0.01871388888888889,0.33685512083123703,,0.0,-0.16868618988958806,0.39846413503648637,1.0,3.661633873039847,89.99780150360395,61.998326006856686,84.20505614195895,89.99780150360395,95.97884872083306,,46.5183315371733
2025-04-18,KZAP,16540.0,5170.0,-4.725018904134857,0.2831787271259675,0.28027681563918055,-10.290667101823292,-0.8637804552585227,1.8810034597284986,-0.12812817007483368,0.0002314018558462239,0.0006202380952380952,0.05450335550181379,0.11351720888274688,0.19152995575900655,20017.0,0.0,0.018687698412698413,0.36356739074106054,,0.0,-0.16868618988958806,0.39846413503648637,1.0,4.130978784557985,92.2627008384156,82.55854401693692,84.49345653323648,92.2627008384156,96.8131630224415,,47.04467674601497
2025-04-21,KZAP,16561.11,2610.0,-4.325202736578379,-0.49226291098198993,-0.008553846127523045,-10.290667101823292,1.1311525527361699,1.8780844744164293,0.07825978695470401,0.00023140877863464553,0.0006325396825396825,0.041449304122730866,0.1333327108494654,0.22220687134828288,20550.0,0.0,0.018651984126984125,0.36585236591643794,,0.0,-0.16868618988958806,0.39846413503648637,1.0,4.775556150949854,94.61059098261218,76.6051519965514,87.93628890917779,94.61059098261218,96.87620685508482,,46.65933140365346
2025-04-22,KZAP,16100.0,6490.0,-4.725018904134857,0.41864833036891524,-0.9298245597722377,-10.290667101823292,0.376447057397411,1.872118467020227,0.12627874732452443,0.00022930393149370087,0.0006396825396825397,0.08971111111111112,0.22226030020703924,0.2638785196687371,20648.0,0.0,0.018605952380952383,0.4141190821256039,,0.0,-0.16868618988958806,0.39846413503648637,1.0,5.651152696809771,96.74123554804912,92.7476370088687,96.41653841634641,96.74123554804912,97.95718774884199,,50.0
2025-04-23,KZAP,16847.0,6220.0,-1.7017608546166338,0.26857296806585546,0.8872721403429955,-8.709202855965819,-4.7335023278161525,1.894316072530745,-0.2596561633799644,0.00022779307877780368,0.0006353174603174604,0.04647907717072709,0.17402363387669229,0.2279305893800507,21000.0,0.0,0.018582142857142856,0.3522776552228695,,0.0,-0.16868618988958806,0.39846413503648637,1.0,4.895821797740507,94.96690365782715,79.05322149946043,92.98229881518316,94.96690365782715,96.48319210070841,,44.98389270569025
2025-04-24,KZAP,17087.0,3540.0,-0.0475592537510478,-0.3542704951989407,0.20974811463459317,-7.113773575354666,0.07128007128007763,1.8987201803024525,0.019181889048723734,0.00021896771379564345,0.0006384920634920634,0.02924665340122114,0.14801089440965526,0.2054027894825826,20914.0,0.0,0.018568650793650793,0.33922967444385926,,0.0,-0.16868618988958806,0.39846413503648637,1.0,4.422472060663645,93.42253536207123,69.88176320082925,90.0425900693206,93.42253536207123,96.06078715487698,,44.96879923679493
2025-04-25,KZAP,17494.0,6330.0,2.7570493843727286,0.2861032771370122,0.5759151818845478,-4.762792776918996,1.993672775025379,1.8987201803024525,0.08778373294340173,0.00022536923463197252,0.000628968253968254,0.03542074910944524,0.0980912937950608,0.19826044843492827,21287.0,0.0,0.018556746031746032,0.29888606556261466,,0.0,-0.16868618988958806,0.39846413503648637,1.0,4.272398583785842,92.84711969139568,73.41859734216078,81.28865089227862,92.84711969139568,94.42610573571051,,45.35696915941095
2025-04-28,KZAP,17300.0,1330.0,2.033239083527155,-1.2740152010568626,0.9831432788526133,-5.666068440423336,5.767835550181388,1.8987201803024525,0.14691140619247517,0.00022859760958169467,0.0006242063492063491,0.03163115423433343,0.09316539361409304,0.19988197311679975,21078.88,0.0,0.018550396825396828,0.2848773304890357,,0.0,-0.16868618988958806,0.39846413503648637,1.0,4.306469744099805,92.98170111153858,71.27928485706713,80.16338387450904,92.98170111153858,93.72171945925216,,45.040399509823466
2025-04-29,KZAP,17595.0,830.0,3.8839285372297834,-1.7455217208197156,0.9807692288831361,-4.007735790962242,4.461597078939761,1.8987201803024525,0.3452508311885024,0.00024072018245944375,0.000619047619047619,0.048204334632403686,0.08957563532659445,0.22759828380627614,21926.0,0.0,0.018551190476190475,0.2510902579872529,,0.0,-0.16868618988958806,0.39846413503648637,1.0,4.8888394578452985,94.94684148177164,79.84829459204053,79.31174801502945,94.94684148177164,91.66867674507253,,43.978951150008626
2025-04-30,KZAP,17682.72,4290.0,4.5780141896056135,0.03679936659496439,0.5514666648284522,-3.485439855179716,6.831519331241112,1.8987201803024525,0.7273695889195771,0.00029867263454151725,0.0006166666666666666,0.04654463246766168,0.1123902957829801,0.24256184980375775,22300.0,0.0,0.018556349206349205,0.22223943393539533,,0.0,-0.16868618988958806,0.39846413503648637,1.0,5.203250987727373,95.77891592920345,79.0838491813203,84.27538914158464,95.77891592920345,89.45094590266733,,46.41490061959461
2025-05-02,KZAP,17639.87,2760.0,4.393739599333898,-0.37729374217730594,0.805371611934762,-3.580305025273974,4.960645812310793,1.8987201803024525,0.6602084938166686,0.0002929271707809187,0.0006206349206349206,0.04762883201880134,0.1217267867721572,0.26660249832155575,22670.0,0.0,0.018554365079365077,0.26482054918614617,,0.0,-0.16868618988958806,0.39846413503648637,1.0,5.7083884049119025,96.8477786015341,79.58561317955447,86.00822155204845,96.8477786015341,92.56790069930672,,45.684835545614945
2025-05-05,KZAP,18168.0,5750.0,7.018980661837815,0.35667462709429637,0.9135135122790358,-0.6255496480466393,3.235617721074502,1.8987201803024525,0.7793331932767023,0.00027976253022655,0.0006261904761904761,0.018739305634186743,0.11810686555115221,0.2295294882682267,22675.0,0.0,0.01854404761904762,0.24338971399215786,,0.0,-0.16868618988958806,0.39846413503648637,1.0,4.929417549290823,95.06238307732589,63.29879601237738,85.35616153217047,95.06238307732589,91.12203683923516,,45.57666219697842
2025-05-06,KZAP,17901.0,2080.0,5.443849403993283,-0.7492355366445294,-0.32891841967839164,-2.0171178897773623,3.852749514119136,1.8987201803024525,0.8468528593556,0.00027710996037658375,0.0006261904761904761,0.03593698676051617,0.14048487614418986,0.24670284880333898,22649.0,0.0,0.01853373015873016,0.2682804154995332,,0.0,-0.16868618988958806,0.39846413503648637,1.0,5.290260850945646,95.98500743283849,73.70202970357333,89.00687125497531,95.98500743283849,92.77998847325428,,44.67819322927904
2025-05-08,KZAP,18498.0,4440.0,7.018980661837815,0.09812936894704426,0.582446807736108,1.3190355855226397,3.4739884393063525,1.8987201803024525,0.5844405196493989,0.0002899699835385713,0.0006273809523809525,0.0023958556652199214,0.12230350063584737,0.20863732694396828,22699.99,0.0,0.018521825396825398,0.22657796428442709,,0.0,-0.16868618988958806,0.39846413503648637,1.0,4.490435530859608,93.66871670141539,52.091015477575155,86.10983103377924,93.66871670141539,89.81493008116234,,45.41344336479233
2025-05-12,KZAP,18560.93,4970.0,7.018980661837815,0.2108947328380541,0.2634776527113167,1.661703600186193,5.132139812446712,1.8987201803024525,0.5047760354199934,0.0003046602786956497,0.0006198412698412699,0.003934878123281711,0.11381591255061546,0.20168001901143104,22648.0,0.0,0.018517460317460318,0.23286493545958317,,0.0,-0.16868618988958806,0.39846413503648637,1.0,4.344249933703296,93.12819361542772,53.174107189014755,84.55084270850125,93.12819361542772,90.32261002928095,,45.70497764429836
2025-05-13,KZAP,18535.0,2140.0,7.018980661837815,-0.7128113481702553,0.42124541970239776,3.9658787490938483,4.96648705628997,1.8987201803024525,0.4471782329965662,0.0002679208074737159,0.0006162698412698412,-0.005137997396602714,0.13551553902740848,0.20079774632719735,22600.0,0.0,0.018517063492063494,0.23917724917680405,,0.0,-0.16868618988958806,0.39846413503648637,1.0,4.325711792162051,93.05666935009297,46.77977788665978,88.27223404007098,93.05666935009297,90.80948433557191,,45.3066085879025
2025-05-14,KZAP,18565.0,570.0,7.018980661837815,-1.9546377766805505,-0.2192455537046717,4.511189357198626,5.074470503467432,1.8987201803024525,0.3703529945500933,0.0002592643665832901,0.0006226190476190475,0.012223690038004609,0.1224540862435288,0.18806104623822786,22399.99,0.0,0.018509920634920636,0.2325948585835268,,0.0,-0.16868618988958806,0.39846413503648637,1.0,4.058090734367671,91.94468067763657,58.93125484919314,86.13626016353875,91.94468067763657,90.30127340259054,,43.82127152454859
2025-05-15,KZAP,18600.0,2710.0,7.018980661837815,-0.29777818564966724,-0.8383371805119234,4.744818579211663,2.1851607221488267,1.8359347185423998,0.14380118135335185,0.00025447096300287684,0.000625,-0.0012447260624680835,0.16586680747567842,0.19590860215053765,22588.0,0.0,0.0185,0.2468788786482335,,0.0,-0.16868618988958806,0.39846413503648637,1.0,4.222982048419395,92.6476883565609,49.52295578566616,92.15927576225693,92.6476883565609,91.37362430896316,,44.33944703501897
2025-05-16,KZAP,18600.0,2120.0,6.944026769988351,-0.5433103603769476,0.19996799792004993,4.713396485383703,3.904809787162722,1.8379129896979916,0.04191742918664552,0.00024764972170977724,0.0006345238095238095,0.017679070660522274,0.1859870327700973,0.19651944444444444,22599.0,0.0,0.018480555555555552,0.2616832693292371,,0.0,-0.16868618988958806,0.39846413503648637,1.0,4.235816947545461,92.69997323005029,62.600755697245944,94.04566432958403,92.69997323005029,92.37064882697594,,44.7917311338449
2025-05-19,KZAP,18691.99,3470.0,7.018980661837815,0.0967520389485149,0.6981754361467641,5.206569245131405,0.5514109633473874,1.7914731009897045,-0.03457833277656612,0.00023326975932295884,0.0006277777777777778,0.06095777361539711,0.19989039541230522,0.19006961426466026,22590.0,0.0,0.018469444444444445,0.25155063506257663,,0.0,-0.16868618988958806,0.39846413503648637,1.0,4.100294373939222,92.13024697957178,85.02881341465717,95.09134203747995,92.13024697957178,91.70036898998411,,44.92219991158953
2025-05-20,KZAP,18497.77,3520.0,5.468919794305018,0.004270464772124264,0.38896040879708776,4.091034505556646,0.7061068599472087,1.7794939672594199,0.05236122391052337,0.00023032720366745948,0.0006194444444444444,0.07807331565089298,0.21289843709539039,0.19573454141246074,22460.0,0.0,0.01846587301587302,0.2586163914794843,,0.0,-0.16868618988958806,0.39846413503648637,1.0,4.219324718143953,92.63272667589213,90.20334761585553,95.91000174510955,92.63272667589213,92.17319188568732,,45.43897864837775
2025-05-21,KZAP,18850.0,2330.0,6.9362175640208825,-0.4054645978083861,0.9999999976190477,6.049061798855686,-0.20086323172375797,1.8004096172441493,0.04590422172946137,0.00023443991198685178,0.000621031746031746,0.04938999831586047,0.18861862026862025,0.17512005389246776,22498.99,0.0,0.018460317460317458,0.2131585712180539,,0.0,-0.16868618988958806,0.39846413503648637,1.0,3.786177127523725,90.650649924323,80.38148785983392,94.25842553782248,90.650649924323,88.6518270031178,,44.764571891616164
2025-05-22,KZAP,18635.01,1740.0,4.980150281784924,-0.582343170141966,0.49618202063574396,4.913825921610774,1.535146781578245,1.7747131860306506,0.2897533319942053,0.0002486832929873498,0.0006242063492063491,0.04002540976762616,0.20522561111227397,0.19539174335156317,22619.99,0.0,0.018451984126984126,0.2115124972117895,,0.0,-0.16868618988958806,0.39846413503648637,0.0,4.212121912156024,92.60317892527348,75.87708827962716,95.44440228293483,92.60317892527348,88.50143883045789,,45.91455783085427
2025-05-23,KZAP,18987.0,12020.0,6.550921752922834,1.350341972637218,-0.36222930816076454,6.890647711585553,0.18822580645161402,1.817278126505244,0.5566571722237387,0.00026479418504975156,0.0006349206349206349,0.0048571748966084564,0.17992447069047243,0.17290890446345494,22620.0,0.0,0.018432539682539682,0.19657340247838756,,0.0,-0.16868618988958806,0.39846413503648637,0.0,3.7397168870375466,90.4117004647797,53.82181149147252,93.52711589430751,90.4117004647797,87.0558571226401,,47.215240418552774
2025-05-26,KZAP,19890.01,4030.0000000000005,7.018980661837815,0.25753695709394353,0.7802397594602968,10.666012107132866,2.0806451612903176,1.651093481288684,0.44421771100757584,0.00025560898630120157,0.0006353174603174604,-0.027655575518117335,0.1233765780549019,0.11783530821363207,22600.0,0.0,0.018413492063492062,0.1427151066233195,,0.0,-0.16868618988958806,0.39846413503648637,0.0,2.582521225526864,82.48433445355683,31.763814850083904,86.29724590666746,82.48433445355683,80.52758625954021,,47.60536323751205
2025-05-27,KZAP,20000.0,2830.0,7.018980661837815,-0.09595232586281076,0.7777777760493827,10.666012107132866,6.409269425031772,1.6653065515203274,0.46063057567028237,0.00026313679394899137,0.0006226190476190475,-0.008004761904761905,0.10713442063492071,0.12159106349206347,22799.98,0.0,0.01840793650793651,0.1512280158730158,,0.0,-0.16868618988958806,0.39846413503648637,0.0,2.6614364228236203,83.15793288043317,44.771317313954846,83.22528005282263,83.15793288043317,81.70469630073144,,48.19295828241123
2025-05-28,KZAP,19839.99,3800.0,7.018980661837815,0.3071686277120255,-0.2037143178845678,10.666012107132866,6.831519331241112,1.6607850002922708,0.5383940491207413,0.00025624609756696624,0.0006123015873015872,0.005885371560407051,0.1256407812183516,0.13078301650689667,22800.0,0.0,0.01841111111111111,0.17981271418831593,,0.0,-0.16868618988958806,0.39846413503648637,0.0,2.8545759465497325,84.71920579893697,54.542358851189654,86.68571499100604,84.71920579893697,85.25280838067079,,50.0
2025-05-29,KZAP,19439.0,2780.0,4.078260432192146,-0.005381172366964131,-0.29084967272736983,8.764856835584423,5.251936339522545,1.6539735378776157,0.2976511860200183,0.0002507971497807081,0.0006134920634920636,0.05413330446810821,0.1496903580145298,0.11847666246549034,22100.0,0.0,0.01841309523809524,0.2003540278420815,,0.0,-0.16868618988958806,0.39846413503648637,0.0,2.595997235961614,82.60084604772229,82.40761069175973,90.26154821458097,82.60084604772229,87.4356883677808,,48.47711428239399
2025-05-30,KZAP,19138.0,1320.0,2.154438011552101,-0.7537704150795879,-0.6374773403416542,7.085632798880742,4.314406056127695,1.7162585891861433,0.1402448473473955,0.000245399011602577,0.000611904761904762,0.07589902927276738,0.16749991842872236,0.18338080433343784,23000.0,0.0,0.018416666666666668,0.2620534953727895,,0.0,-0.16868618988958806,0.39846413503648637,0.0,3.9597504044121714,91.49671291547196,89.64740278652386,92.3308322631764,91.49671291547196,92.39417384971063,,47.743729796941395
2025-06-02,KZAP,19401.11,1190.0,3.4416900626577296,-0.8574485464332938,0.34071135590949986,8.539444192282284,0.7952809817243445,1.7594813852670137,0.08519524091121758,0.00021766435885515196,0.0006150793650793651,0.07941427909361229,0.14479072118811756,0.15007079651873623,22670.0,0.0,0.01841904761904762,0.22914725981805012,,0.0,-0.16868618988958806,0.39846413503648637,0.0,3.2598470178018664,87.608944429097,90.53281287090394,89.61049458504291,87.608944429097,90.02519696290732,,46.87367766451889
2025-06-03,KZAP,19901.0,2250.0,5.652498668137378,-0.207916826274506,0.999999997983871,10.666012107132866,-2.4580178692720556,1.7719943078530431,-0.0027104397989418105,0.0002441523235766841,0.000601984126984127,0.04788093297935894,0.11765720915755219,0.14622501284134243,23178.0,0.0,0.018440079365079364,0.20984049461501098,,0.0,-0.16868618988958806,0.39846413503648637,0.0,3.1790401613474355,87.07294818693514,79.70099389136223,85.27343018388146,87.07294818693514,88.34690953627735,,46.28954388788508
2025-06-04,KZAP,20017.0,5180.0,5.78395116462826,0.6350234156765175,-0.463999998144,10.666012107132866,-0.495000000000001,1.822935660358171,0.04173400458795584,0.0002704350180569548,0.000594047619047619,0.06040202322073856,0.11712864941783618,0.13055507620110207,23000.0,0.0,0.018468253968253967,0.2039689797798855,,0.0,-0.16868618988958806,0.39846413503648637,0.0,2.849786509307385,84.68196690628602,84.82800148666637,85.17568757858429,84.68196690628602,87.78990901007842,,46.89043001072589
2025-06-05,KZAP,20550.0,2910.0,7.018980661837815,0.05837193858354263,0.8290569055384595,10.666012107132866,0.8921879496915031,1.7353295875683905,-0.010323131463930591,0.0002589159696995663,0.0005968253968253967,0.022671173676283216,0.08780095875333102,0.10077761267524041,23001.0,0.0,0.018492460317460317,0.1664464488471788,,0.0,-0.16868618988958806,0.39846413503648637,0.0,2.224108254221028,79.15782312276306,65.83728313884974,78.88085234745665,79.15782312276306,83.67004224546106,,46.44398948388684
2025-06-09,KZAP,20648.0,1910.0,7.018980661837815,-0.38429974296596286,0.017301038002418553,10.666012107132866,5.71531457379495,1.7344965836673114,0.21365818418923527,0.00026144463232815484,0.0005936507936507937,0.05880334464923771,0.08158541386075288,0.09781143505962375,23050.0,0.0,0.018519444444444443,0.2193850008917425,,0.0,-0.16868618988958806,0.39846413503648637,0.0,2.161783508756949,78.53414736100888,84.23800180826329,77.3202005580814,78.53414736100888,89.20525497718805,,47.0182070171091
2025-06-10,KZAP,21000.0,5860.0,7.018980661837815,0.7583679109804473,-0.9999459520079372,10.666012107132866,6.831519331241112,1.6205324873771738,0.34461385985804976,0.0002471877413523741,0.0006115079365079366,0.05880317460317461,0.07275619047619045,0.08617468253968247,23198.76,0.0,0.018528174603174605,0.19879047619047618,,0.0,-0.16868618988958806,0.39846413503648637,0.0,1.9172743347225245,75.95775064790776,84.23793807154283,74.96637725332378,75.95775064790776,87.2797724728683,,50.0
2025-06-11,KZAP,20914.0,2930.0,7.018980661837815,0.06522127367975662,0.7155963286339534,10.666012107132866,6.831519331241112,1.6392490913368802,0.07648239827456235,0.0002522703637542733,0.000625,0.08086765757273551,0.0772312085319927,0.09393753686677565,23266.0,0.0,0.01852301587301587,0.21197302262781365,,0.0,-0.16868618988958806,0.39846413503648637,0.0,2.0803859155879296,77.69935837862036,90.8786614608286,76.179345652326,77.69935837862036,88.54368707425206,,47.84396080908221
2025-06-12,KZAP,21287.0,3870.0,7.018980661837815,0.32185064690981413,0.999999998137768,10.666012107132866,5.090196472539077,1.647024957486429,0.019601664404578868,0.0002538508579539614,0.0006170634920634921,0.06211006756862561,0.02524629220755495,0.08050059138858875,23395.0,0.0,0.018526984126984128,0.209808747122657,,0.0,-0.16868618988958806,0.39846413503648637,0.0,1.7980514382681656,74.62726712534037,85.43819688506544,59.84756628805378,74.62726712534037,88.34395801281397,,47.763623272746145
2025-06-13,KZAP,21078.88,1700.0,7.018980661837815,-0.5236829541472521,-0.16123943616551697,10.666012107132866,6.344607083978615,1.6632061539315266,0.31240166366093247,0.0002570279038133352,0.0006178571428571429,0.07139576508326873,0.07819591639397962,0.0934069254334648,23438.38,0.0,0.018529761904761903,0.22288893146516978,,0.0,-0.16868618988958806,0.39846413503648637,0.0,2.069236811654531,77.58323227612158,88.40671558873876,76.43547404138687,77.58323227612158,89.50615716557617,,47.114215153832994
2025-06-16,KZAP,21926.0,11640.0,7.018980661837815,1.4001345231099034,0.3400143161488802,10.666012107132866,2.573625304136251,1.7020502251269645,0.11434239532013717,0.0002687996595589731,0.0006198412698412699,0.03221240192480052,0.02099104795495382,0.055492681878005316,23548.99,0.0,0.01852857142857143,0.17412871998019314,,0.0,-0.16868618988958806,0.39846413503648637,0.0,1.272590121781284,68.21248636796689,71.61401858268532,58.337112451319115,68.21248636796689,84.5958154612005,,48.14342210440863
2025-06-17,KZAP,22300.0,5850.0,7.018980661837815,0.6948573821893814,0.33630289457393564,10.666012107132866,6.189461449050748,1.8529175681787813,0.1788850509494295,0.00027667292725702273,0.0006218253968253969,0.012524031959570078,0.02642973699195672,0.030978948679621327,23404.0,0.0,0.01852777777777778,0.21072856253114103,,0.0,-0.16868618988958806,0.39846413503648637,0.0,0.7575123415701985,61.17103738736432,59.13629779201949,60.26447290704968,61.17103738736432,88.42920948486291,,48.243281030902246
2025-06-18,KZAP,22670.0,3940.0,7.018980661837815,0.2995967539026811,0.873417719676334,10.666012107132866,6.190476190476191,1.860738658538981,0.4461348202658041,0.0002793980495801571,0.0006186507936507937,-0.006166352637217216,0.001610651094726967,-0.008293194978329518,22902.0,0.0,0.018526984126984128,0.15195366000098032,,0.0,-0.16868618988958806,0.39846413503648637,0.0,-0.06766628037881126,48.98514519273583,46.05776521328062,51.30017477720996,48.98514519273583,81.8024344559085,,48.48437485095666
2025-06-19,KZAP,22675.0,11540.0,7.018980661837815,1.3742346205348375,0.8114759044543476,10.666012107132866,6.831519331241112,1.8096658919700124,0.47769909847428027,0.0002807070220297033,0.0006158730158730159,-0.015206509774067588,0.0014258767784953042,-0.017513444811956387,22698.0,0.0,0.018527777777777775,0.17814797168407973,,0.0,-0.16868618988958806,0.39846413503648637,0.0,-0.2614003713417184,46.08701239462546,39.81411324502419,51.23238114904913,46.08701239462546,85.06282267678668,,50.0
2025-06-20,KZAP,22649.0,2440.0,7.018980661837815,-0.32142942082517356,-0.9999999929078015,10.666012107132866,6.520411518767322,1.8111628471998635,0.4399942797375962,0.00025907164096242277,0.0006158730158730159,-0.005770656593689619,0.004749023556175088,-0.03389348820193891,22301.0,0.0,0.01852857142857143,0.15746129388662172,,0.0,-0.16868618988958806,0.39846413503648637,0.0,-0.6055746478909,41.01501287304523,46.33540606147442,52.45070947056507,41.01501287304523,82.531049706991,,50.0
2025-06-23,KZAP,22699.99,3320.0,7.018980661837815,-0.01346316204433651,0.32881490970194815,10.666012107132866,6.831519331241112,1.7629218485398008,0.2722421683891392,0.00024252181332336687,0.0006154761904761904,-0.007525884765266416,0.009011542089728907,-0.0054007686380213565,22998.0,0.0,0.018528968253968253,0.1728249657322763,,0.0,-0.16868618988958806,0.39846413503648637,0.0,-0.006891182325275464,49.896632412383646,45.10581430571502,54.0089710834769,49.896632412383646,84.44178478433285,,50.0
2025-06-24,KZAP,22648.0,3040.0,6.291292342689299,-0.027576731403703453,0.3199093201763238,10.666012107132866,3.5300100337498863,1.7577546937571589,0.2700022870997528,0.00023987725579261546,0.0006154761904761904,-0.005639107135848569,0.01432209831065359,0.010126983706469757,23297.0,0.0,0.018528968253968253,0.17674463816139901,,0.0,-0.16868618988958806,0.39846413503648637,0.0,0.31937492102756737,54.776018087715336,46.427759182828865,55.939116151751676,54.776018087715336,84.90110637565571,,47.5250098252854
2025-06-25,KZAP,22600.0,3320.0,5.462728166555616,0.10636490036272808,-0.3700793667687075,10.666012107132866,1.5605381165919363,1.5214815500103296,0.26672357222023046,0.00021187402795805598,0.0006158730158730159,-0.009272864868661329,0.02220675305520438,0.01686965865992415,23400.0,0.0,0.018528571428571426,0.18192400266891423,,0.0,-0.16868618988958806,0.39846413503648637,0.0,0.46105069189461445,56.87199324650184,43.88790440770267,58.77037489768212,56.87199324650184,85.49087594954734,,47.48832609064738
2025-06-26,KZAP,22399.99,4590.0,4.052680486227812,0.36699843706312835,0.045127895760779156,10.666012107132866,-0.30877812086458345,1.5339367021407497,0.01802415493122215,0.00020840127260870271,0.0006154761904761904,0.0013414702270239816,0.033381320298137576,0.026505823676069098,23408.76,0.0,0.018528571428571426,0.17954578214044264,,0.0,-0.16868618988958806,0.39846413503648637,0.0,0.6635239115424019,59.823452750905645,51.34779001812453,62.681657691129345,59.823452750905645,85.22248034491751,,47.92267491972217
2025-06-27,KZAP,22588.0,1050.0,4.307314307053059,-1.1080884305718741,0.8773997579274991,10.666012107132866,-1.2128335170892957,1.5381992490124416,-0.13524544680749154,0.00020739914239431868,0.0006150793650793651,-0.001662729543148279,0.02956530304052447,0.026495335070454602,23605.0,0.0,0.01852857142857143,0.1790814645225306,,0.0,-0.16868618988958806,0.39846413503648637,0.0,0.6633035270071822,59.82027454454031,49.22800200003575,61.36175437709019,59.82027454454031,85.16960312295699,,46.23368402756518
2025-06-30,KZAP,22599.0,3980.0,3.9289396805036847,0.2244003701421048,0.68999999655,10.666012107132866,-0.26932756413086123,1.407120842878578,0.24023450335956859,0.00020639347452293465,0.0006150793650793651,-0.0021501204225218558,0.02263612454406959,0.02970365123614825,23689.0,0.0,0.01852857142857143,0.20427658050609065,,0.0,-0.16868618988958806,0.39846413503648637,0.0,0.7307160404529012,60.7884778097049,48.884156003510874,58.92307716191102,60.7884778097049,87.81964973690224,,48.529361570999185
2025-07-01,KZAP,22590.0,1900.0,3.492934675686852,-0.5581099680622802,0.6850034657299955,10.666012107132866,-0.4448900638282294,1.3110936810629348,0.31247152072917894,0.00017601689823679089,0.0006166666666666666,-0.0026362945045215963,0.0008253098716246125,0.02640440144185164,23605.0,0.0,0.018526984126984128,0.22025875545437307,,0.0,-0.16868618988958806,0.39846413503648637,0.0,0.6613928473408782,59.79271682047539,48.54127357620344,51.012003345190024,59.79271682047539,89.28099150658286,,48.09174866784766
2025-07-02,KZAP,22460.0,4250.0,2.65231906110962,0.24695392575380484,-0.11553784814526753,10.666012107132866,-0.2560932532673976,1.3190092389413404,0.38549034983991326,0.00014670682346473187,0.0006158730158730159,0.012056973950161821,-0.0023902885553152703,0.04625564389602681,23915.0,0.0,0.018526190476190474,0.27200985950331463,,0.0,-0.16868618988958806,0.39846413503648637,0.0,1.0785032815199802,65.63571011548758,58.817303491179494,49.831582964198304,65.63571011548758,93.00234027603993,,49.16995926539647
2025-07-03,KZAP,22498.99,2490.0,2.4503875560951456,-0.36726075470947744,-0.09691690816663504,10.666012107132866,-0.6194690265486691,1.2797575928043101,0.4363986535646013,0.00012094984214897317,0.0006154761904761904,0.010298664052552777,-0.021788045813654476,0.056633580169986666,24190.0,0.0,0.01852579365079365,0.26568828791729115,,0.0,-0.16868618988958806,0.39846413503648637,0.0,1.2965624541439091,68.52354218906778,57.60995193366673,42.76120452515201,68.52354218906778,92.62162480702368,,48.688323980012356
2025-07-04,KZAP,22619.99,3640.0,2.357035748861439,0.09201878945254136,0.1533333325220628,10.666012107132866,0.44196448301985214,1.2835536629154025,0.4079896927791185,0.00011968843403353102,0.0006158730158730159,-0.02606783572795995,0.0037232295679722454,0.04778846875042819,24120.0,0.0,0.018525,0.23858715492113133,,0.0,-0.16868618988958806,0.39846413503648637,0.0,1.1107106983613078,66.07025133999824,32.743126399635685,52.074877540290245,66.07025133999824,90.76491938829372,,49.49779624444384
2025-07-08,KZAP,22620.0,4660.0,2.0020686197412636,0.29198285143475955,0.143208660242706,10.666012107132866,0.14162387108200836,1.1876521269051876,0.26317640769803113,0.0001006908031103958,0.0006154761904761904,0.013719530756599721,0.016941170898067452,0.042483354385078526,24000.0,0.0,0.018524603174603173,0.2185567544524441,,0.0,-0.16868618988958806,0.39846413503648637,0.0,0.9992406701548172,64.5552065688991,59.949251775017856,56.88482611657918,64.5552065688991,89.13302920733362,,49.60909301754058
2025-07-09,KZAP,22600.0,2790.0,1.6460916425318974,-0.29704629325847576,0.6423057920651677,10.666012107132866,0.09292446568431867,1.192654665628333,0.15381814043657238,9.464494665305348e-05,0.0006162698412698412,1.6392751790981954e-05,0.022410928501193986,0.025724817390082803,23600.01,0.0,0.0185234126984127,0.23528966146930747,,0.0,-0.16868618988958806,0.39846413503648637,0.0,0.6471135598076753,59.586571884195024,50.41295055870603,58.843009374531896,59.586571884195024,90.51229792277789,,49.2416651769266
2025-07-10,KZAP,22799.98,9520.0,2.0886718630191288,1.006361798960083,0.2071470246742457,10.666012107132866,0.044267374944673143,1.1614456516109428,0.14527860570360684,8.841950789843148e-05,0.0006170634920634921,0.013492934343217279,0.013715186329110767,0.0034092924204319683,23300.0,0.0,0.01852142857142857,0.2283146456707418,,0.0,-0.16868618988958806,0.39846413503648637,0.0,0.17822410210685727,52.67081695519862,59.795568883853065,55.71932633872764,52.67081695519862,89.95748342056189,,50.11210547754497
2025-07-11,KZAP,22800.0,10190.0,1.651555411667821,0.9983178091785797,-0.9996165548349557,10.666012107132866,1.5137132680320464,1.1515016637518207,0.20981558026750952,8.71163254483092e-05,0.0006154761904761904,0.00567827903091061,0.022321700083542187,0.010254406850459558,23456.08,0.0,0.018521031746031747,0.2600384294068505,,0.0,-0.16868618988958806,0.39846413503648637,0.0,0.3220523112733791,54.81580944667769,54.39737406288177,58.81127149454956,54.81580944667769,92.26532288050112,,50.19044835067237
2025-07-14,KZAP,22100.0,24640.0,-1.8435506297863418,1.8720040495607029,0.7999979991799941,9.978751788662361,1.3378822782711408,1.1102046573293076,0.029275650933845366,7.629180330397592e-05,0.0006154761904761904,0.037670024420024414,0.058915531853767154,0.044827384543561014,23500.0,0.0,0.018521031746031747,0.321182909574086,,0.0,-0.16868618988958806,0.39846413503648637,0.0,1.0484929746083302,65.22844058736078,74.63920359166532,70.9625146549449,65.22844058736078,95.39572996487283,,53.415697969530065
2025-07-15,KZAP,23000.0,31600.0,2.4520200514932595,2.0769117834127075,0.6694490806853939,10.666012107132866,-2.2988073823198008,1.3205473201145712,0.15860858426543162,6.546899804593201e-05,0.0006154761904761904,-0.0009304520358868183,0.01331982401656315,0.01626433747412002,23800.1,0.0,0.018522619047619048,0.2542167529330573,,0.0,-0.16868618988958806,0.39846413503648637,0.0,0.4483318012150305,56.68471642615671,49.74473844349572,55.576026951462566,56.68471642615671,91.88175636029533,,50.701251010389676
2025-07-16,KZAP,22670.0,4120.0,0.2262684229758797,0.03960907006044664,0.2972078649801509,9.605100325123383,1.6799292661361598,1.3286370371791296,0.2638566683539692,6.039732514015355e-05,0.0006174603174603175,0.02021707416976488,0.04193625149662865,0.04794822592615934,24177.02,0.0,0.018528174603174602,0.27078743392078203,,0.0,-0.16868618988958806,0.39846413503648637,0.0,1.1140674849748546,66.11538711416955,64.2624473079843,65.57059942766247,66.11538711416955,92.93016514755791,,50.44160997994726
2025-07-17,KZAP,23178.0,25030.0,2.4035926177941116,1.8438296238397938,0.9172932313584714,10.666012107132866,0.3097345132743401,1.3328266928904646,0.19483708293696583,6.154049432174135e-05,0.000623015873015873,0.0006927355168488999,0.030687887015190925,0.020726051078814478,24088.0,0.0,0.01853531746031746,0.26208457116559625,,0.0,-0.16868618988958806,0.39846413503648637,0.0,0.5420804571559836,58.06027616138668,50.89018622007564,61.75187370010901,58.06027616138668,92.39614544662518,,51.21315271773229
2025-07-18,KZAP,23000.0,5530.0,1.2359700828027242,0.3114704120073738,-0.9999999974937344,9.626796936935852,1.6579839105121952,1.374546144341924,0.33686632427381097,5.418384090904067e-05,0.0006222222222222223,0.014071135265700484,0.035728588681849555,0.06390025879917184,24896.0,0.0,0.01853452380952381,0.2953141097308488,,0.0,-0.16868618988958806,0.39846413503648637,0.0,1.4492484880310192,70.46518649316948,60.187330012188866,63.48439669993871,70.46518649316948,94.25390179320962,,49.66543873191013
2025-07-21,KZAP,23001.0,3270.0,1.1799704288830104,-0.21392644829993152,-0.490645320206882,9.059136612874052,0.8771929824561431,1.3887802930033861,0.3367896357420552,5.716068281786105e-05,0.000621031746031746,0.015913314017403014,0.03047178311087924,0.05098260546642899,24600.0,0.0,0.01853611111111111,0.27525124037050147,,0.0,-0.16868618988958806,0.39846413503648637,0.0,1.1778252759759846,66.9670501408859,61.426609222061636,61.67688936836077,66.9670501408859,93.19043253996087,,49.048757846654105
2025-07-22,KZAP,23050.0,5350.0,1.3639848258021432,0.2783792210178735,0.19993599407978102,8.990785804800831,4.076923076923067,1.388155889353832,0.07866097186468002,5.615215996754761e-05,0.0006206349206349206,0.018547759356815824,0.010906049650518126,0.05955459835416452,24850.0,0.0,0.018536507936507938,0.20298202062459114,,0.0,-0.16868618988958806,0.39846413503648637,0.0,1.3579383184435878,69.3123539051523,63.17308772212997,54.69922556723545,69.3123539051523,87.69406136995693,,50.077357956671264
2025-07-23,KZAP,23198.76,4270.0,1.9663220772273868,0.020107086445113914,0.8159999962908946,8.97908769076417,0.21739130434783593,1.388094813596121,-0.015241645456442554,5.552229581002572e-05,0.0006202380952380952,0.005745834106157961,-0.008586370472264088,0.053840458886595735,24878.0,0.0,0.018544444444444443,0.19293547118158788,,0.0,-0.16868618988958806,0.39846413503648637,0.0,1.2378739345754501,67.75913114262244,54.44467745737895,47.558725519224055,67.75913114262244,86.68117618958462,,48.7331173479328
2025-07-24,KZAP,23266.0,2160.0,2.197886973677383,-0.6791591562967643,0.08148148117969822,8.700703642705069,2.332421702690768,1.3914292068814493,0.08851678080570619,5.7116594919572407e-05,0.0006198412698412699,-0.01874435377463401,-0.004775773320015915,0.0460905114623287,24770.0,0.0,0.018553174603174606,0.14517023973261617,,0.0,-0.16868618988958806,0.39846413503648637,0.0,1.0750335510345523,65.5887384685522,37.44699111759671,48.955938780890854,65.5887384685522,80.87284865702473,,48.11055372130489
2025-07-25,KZAP,23395.0,7580.0,2.7170712133807937,0.5762432423985246,0.10634495039642743,8.982278591046152,0.3796703770817089,1.3894741047339305,-0.07864556923004845,5.858801825309189e-05,0.000621031746031746,-0.032887532015727146,-0.008451940873948781,0.09201480602285801,25981.97,0.0,0.018563095238095236,0.16161991072912743,,0.0,-0.16868618988958806,0.39846413503648637,0.0,2.039985870151612,77.2765220263156,28.65206801715493,47.60796405240317,77.2765220263156,83.06581889930959,,48.44054680958154
2025-07-28,KZAP,23438.38,2120.0,2.7243684038885254,-0.6978511994106261,0.5891999980360068,8.53022799520022,1.7173913043478262,1.3699429111178587,0.1426234203479839,5.584752374345856e-05,0.0006206349206349206,-0.05161726434496662,0.0024962992796903477,0.09041128164337481,25993.0,0.0,0.018581746031746033,0.16126204850050782,,0.0,-0.16868618988958806,0.39846413503648637,0.0,2.006292928680216,76.91957885968108,19.137915108989223,51.62504798713323,76.91957885968108,83.0203176945876,,47.971131456684084
2025-07-29,KZAP,23548.99,2800.0,3.1648633206597414,-0.4196487694630769,0.8658735074147047,8.884996944987545,1.9015694969783947,1.3623267458788153,0.35859248399656163,4.6170803261810196e-05,0.0006186507936507937,-0.026485701674719548,0.013728211305789984,0.09238028347955221,26162.8,0.0,0.018614285714285715,0.18188781202337406,,0.0,-0.16868618988958806,0.39846413503648637,0.0,2.0476652111800786,77.35732946336901,32.4838824126838,55.724045645929635,77.35732946336901,85.48682213150872,,48.62085787500942
2025-07-30,KZAP,23404.0,1700.0,2.446450073926434,-0.9186381182201675,-0.1680467211966535,8.073956398855671,2.164815618221261,1.3632423725828635,0.49177998666354633,4.6170803261810196e-05,0.000621031746031746,-0.007654407739282119,0.01627577337207315,0.11723293969556145,26584.0,0.0,0.01864126984126984,0.21936920625425585,,0.0,-0.16868618988958806,0.39846413503648637,0.0,2.5698643757257367,82.37434638241852,45.01599594113757,56.64500769238,82.37434638241852,89.20388158881663,,48.11517446166115
2025-07-31,KZAP,22902.0,5100.0,0.20913554992549208,0.1799710745696515,-0.2524752472122831,5.4389159163456675,0.8847024582348428,1.374936428859754,0.2949706431660368,5.060027861646705e-05,0.0006178571428571429,0.018664667049249184,0.0741130603066482,0.14282021709478482,26600.0,0.0,0.018650396825396823,0.2787014112928378,,0.0,-0.16868618988958806,0.39846413503648637,0.0,3.1074992572747484,86.5820546226593,63.249833488670546,75.33846459294384,86.5820546226593,93.38548387141815,,48.729716371257695
2025-08-01,KZAP,22698.0,2710.0,-0.7360489287495381,-0.499319429566207,0.32445901092189994,4.231964822341897,-1.5645147425427663,1.4626766199673582,0.2281792974876405,5.6767953827411416e-05,0.0006166666666666666,0.02823480388454608,0.07083640534723008,0.1532506891733696,26600.0,0.0,0.01865873015873016,0.3050206814949083,,0.0,-0.16868618988958806,0.39846413503648637,0.0,3.326662301977598,88.03761877247362,69.27717994015975,74.43357317393927,88.03761877247362,94.71057053674876,,47.81853342819359
2025-08-04,KZAP,22301.0,2680.0,-2.4845426396561847,-0.5104512355465829,-0.9999999988876406,2.0538063662073553,-2.9792690745885864,1.4794158144358187,0.271802109592735,6.245912020957097e-05,0.0006166666666666666,0.055395333275680574,0.10133591829464549,0.2310514895410057,27870.0,0.0,0.018668253968253966,0.3203858388085665,,0.0,-0.16868618988958806,0.39846413503648637,0.0,4.961397543146396,95.15167321462556,82.91815518969008,82.00261691090444,95.15167321462556,95.3640151236448,,46.37167902337778
2025-08-05,KZAP,22998.0,2009.9999999999998,0.5803822435147067,-0.7981323336942078,0.5951903795687568,5.096016921354222,-4.852639132909364,1.527673989219979,-0.046037889791994455,7.382559284506261e-05,0.0006158730158730159,0.026969503662844386,0.06877004832718374,0.15534366518413617,26999.99,0.0,0.018671031746031748,0.23391651655009338,,0.0,-0.16868618988958806,0.39846413503648637,0.0,3.3706395056509972,88.31272642714339,68.51175577515379,73.85183346879236,88.31272642714339,90.40528827182682,,46.26704365439217
2025-08-06,KZAP,23297.0,3590.0,1.847571560535984,-0.15574082574119294,0.6703910595799133,6.18758845971842,-2.3397606436624363,1.6858013105279803,-0.10017451536118407,0.00010763126876076176,0.0006154761904761904,0.01014439586539857,0.050237739224547606,0.16602609929679618,27600.0,0.0,0.01867579365079365,0.2092888245029164,,0.0,-0.16868618988958806,0.39846413503648637,0.0,3.5950967274650463,89.63264842302677,57.50356601422101,68.26825496882081,89.63264842302677,88.29552907626118,,47.054513344765496
2025-08-07,KZAP,23400.0,3550.0,2.232445783389457,-0.16694539867077474,-0.49999999875,6.311264271263038,-0.45718680567424785,1.7062609982604295,0.06751304079412931,0.00011470257229602382,0.0006154761904761904,0.01893275335775336,0.09733583638583643,0.13943553113553114,27100.0,0.0,0.018684126984126984,0.20763415750915748,,0.0,-0.16868618988958806,0.39846413503648637,0.0,3.0363808961301904,86.07853924311368,63.42556881959401,81.11931981974034,86.07853924311368,88.14023976811876,,46.93087949873759
2025-08-08,KZAP,23408.76,2390.0,2.1914963026470065,-0.4780764485248827,0.05109685204722861,6.155462660263086,2.174482577940795,1.6992977367228113,0.018008090486585936,0.00011532534306020673,0.0006154761904761904,0.030298434167786995,0.09736770757125605,0.15650663412614202,27510.0,0.0,0.018694444444444444,0.16007436596995564,,0.0,-0.16868618988958806,0.39846413503648637,0.0,3.3950755822067418,88.46320642213168,70.50296660902451,81.12648723990962,88.46320642213168,82.86861009185431,,47.425311268799206
2025-08-11,KZAP,23605.0,4940.0,2.9758658479344025,0.3247991830838472,0.6239316212652495,6.962679763294294,3.1313772138514384,1.699152239965206,-0.03666434128834833,0.00011565972038712364,0.0006150793650793651,0.0187420147399495,0.09529371610467244,0.14782735556765952,27536.0,0.0,0.018705158730158728,0.19621114490136943,,0.0,-0.16868618988958806,0.39846413503648637,0.0,3.2127082741530035,87.29863062586118,63.30057265628935,80.65571445858436,87.29863062586118,87.01895327097475,,48.40306163083082
2025-08-12,KZAP,23689.0,1230.0,2.4793990000667616,-1.065548162429626,0.9999999947089947,7.0765731565888546,5.847271422806144,1.5257630561187765,0.28812198274222967,0.00011643526718756659,0.0006150793650793651,0.010053059420117971,0.10911100098699617,0.14616718649805321,27594.99,0.0,0.018719047619047618,0.20696361810149644,,0.0,-0.16868618988958806,0.39846413503648637,0.0,3.1778251255020957,87.06474012824643,57.44054603577516,83.62662001451106,87.06474012824643,88.07680406680534,,48.617922286037604
2025-08-13,KZAP,23605.0,1650.0,1.9070791851648272,-0.7259355624475045,-0.31944444222608026,6.550047718892099,3.004609096443178,1.2485057972431508,0.3690839057702773,0.00011974018764864246,0.0006150793650793651,-0.003286792716098016,0.11377037451710191,0.13770823801454496,27298.0,0.0,0.018741666666666663,0.21219038154413072,,0.0,-0.16868618988958806,0.39846413503648637,0.0,3.0000873500051926,85.81553148148635,48.082719164610054,84.54210528633584,85.81553148148635,88.56358042689611,,48.096314217767855
2025-08-14,KZAP,23915.0,12130.0,3.1083246079223814,1.3854691909245804,0.9999999962264151,7.72067190755515,1.322058634158907,1.1984718843753592,0.17111680540907853,0.00011661150101247205,0.0006150793650793651,-0.02879147460085156,0.09915318779473599,0.1318588312110683,27517.0,0.0,0.018757936507936508,0.18732102220496527,,0.0,-0.16868618988958806,0.39846413503648637,0.0,2.8771807552607824,84.89396216384797,31.0729055183095,81.5246875809556,84.89396216384797,86.08494926720172,,49.86084574170009
2025-08-15,KZAP,24190.0,4670.0,3.760888880163935,0.4309472044314467,0.9484240660503609,8.434773704454948,2.200854700854693,1.1318015159780903,0.47111680440436154,0.00011694380380249725,0.0006150793650793651,-0.03341520666417311,0.13899842336135226,0.14286957978175424,28100.0,0.0,0.018767460317460318,0.1375434335977742,,0.0,-0.16868618988958806,0.39846413503648637,0.0,3.1085364564244538,86.5892827939629,28.34852530044326,88.7914550646474,86.5892827939629,79.78489608724529,,49.385754501684694
2025-08-18,KZAP,24120.0,7040.0,3.1210645314949677,0.8413960343097642,0.09808227735172347,7.864285975468486,3.3373830993183917,1.1300453070701397,0.650582247204988,0.00011901437002462609,0.0006150793650793651,-0.028780602937692492,0.10626844349680177,0.16074325989102115,28449.99,0.0,0.018775396825396824,0.11975887230514096,,0.0,-0.16868618988958806,0.39846413503648637,0.0,3.484094736364089,88.9972168338994,31.079479010280586,83.04698635613094,88.9972168338994,77.07093838663161,,50.158397456761584
2025-08-19,KZAP,24000.0,1210.0,2.256212501191503,-0.9646852352375461,-0.2559892066056163,7.0477062591609725,2.1817411565346223,1.1354192366134461,0.5454123784222829,0.00011983755032025517,0.0006150793650793651,-0.011406944444444504,0.13686071428571428,0.2082478174603175,29448.9,0.0,0.01878968253968254,0.09520950396825403,,0.0,-0.16868618988958806,0.39846413503648637,0.0,4.482251233568519,93.63953232725062,42.41019859934543,88.47519808682196,93.63953232725062,72.92175167253771,,48.01275119107499
2025-08-20,KZAP,23600.01,1950.0,0.38831508184772334,-0.3455875041438909,-0.15939130411682884,4.617433899584285,1.312845624551473,1.147488405180491,0.29421453815936066,0.0001275397727046104,0.0006150793650793651,0.021363851625486686,0.13515658230300193,0.22518329048377536,29357.99,0.0,0.018798809523809523,0.13292122716614677,,0.0,-0.16868618988958806,0.39846413503648637,0.0,4.838096089231811,94.79875202817271,65.00243748323972,88.21755214775271,94.79875202817271,79.10338760411456,,46.63573385937543
2025-08-21,KZAP,23300.0,1300.0,-0.974244522826662,-0.7290324823833101,-0.49999999875,3.098840426962998,-0.02113958907011826,1.2155843239712902,0.32622516578121097,0.00014238981998282457,0.0006150793650793651,0.030718948838476735,0.16752796512023982,0.2216658508754002,28903.03,0.0,0.018807539682539683,0.17205099461816198,,0.0,-0.16868618988958806,0.39846413503648637,0.0,4.764188334307405,94.5757066044615,70.74923526651237,92.33374825885159,94.5757066044615,84.34975183544579,,43.4496640936677
2025-08-22,KZAP,23456.08,2670.0,-0.326742105169747,-0.00931971938046194,-0.05820089530884647,3.6664091274551183,-2.5716077775454704,1.2518426335885364,0.02622516678592791,0.00016049036072822494,0.0006150793650793651,0.05828077873930455,0.1607692528996982,0.19409521952490139,28450.0,0.0,0.018809920634920634,0.14298582057690196,,0.0,-0.16868618988958806,0.39846413503648637,0.0,4.184879606415675,92.49043549600093,84.04114309991839,91.60098409645639,92.49043549600093,80.56588703226888,,40.20945295859628
2025-08-25,KZAP,23500.0,2250.0,-0.19296927128771535,-0.1730189260260506,-0.6489722662780434,3.6694557120346576,-3.0339809838776266,1.254724327675591,-0.17509982548591357,0.00016427508842795587,0.0006154761904761904,0.043694224924012155,0.16107195710908484,0.20684925700776763,28803.0,0.0,0.018810317460317458,0.1397889311043567,,0.0,-0.16868618988958806,0.39846413503648637,0.0,4.4528649541487075,93.53370754864552,77.72170166100192,91.63512145073409,93.53370754864552,80.10993565056339,,23.369685971575535
2025-08-26,KZAP,23800.1,5910.0,1.073663817334197,0.7926957597382233,-0.33311111074099087,4.829654609668028,-2.570480928689889,1.2547369801316073,-0.32451073421186694,0.00016417987893465634,0.0006170634920634921,0.0409950060600653,0.13376639928583742,0.19542150883319626,28898.82,0.0,0.018809523809523807,0.1393921456045637,,0.0,-0.16868618988958806,0.39846413503648637,0.0,4.212747338649917,92.60574890148524,76.37453009137846,88.00368944781367,92.60574890148524,80.05278736032153,,37.87473019170479
2025-08-27,KZAP,24177.02,2420.0,2.582558729979451,-0.10018170097048523,0.17743068270700796,6.321434147952351,-0.8329166666666721,1.2825848220367833,-0.33993511503894186,0.00016514076964647845,0.000623015873015873,0.02587023498852306,0.12493498017263224,0.20641697369145487,29622.22,0.0,0.01880515873015873,0.14448951460243373,,0.0,-0.16868618988958806,0.39846413503648637,0.0,4.443781901429372,93.50066777268178,67.83848859619529,86.56563122848553,93.50066777268178,80.77758989280935,,44.18910420744274
2025-08-28,KZAP,24088.0,1890.0,2.0985279071580654,-0.34737199696786253,-0.29597183768962476,5.818936329992224,2.4449565911200954,1.3153938568400825,-0.2725707176741745,0.00017093721757258578,0.0006301587301587302,0.025191027475974338,0.15334961226824395,0.2293004699698987,30064.55,0.0,0.018812698412698413,0.14457397584518142,,0.0,-0.16868618988958806,0.39846413503648637,0.0,4.924605461479642,95.04881319769578,67.41873657747797,90.72379399275148,95.04881319769578,80.78942877895928,,43.64258539409144
2025-08-29,KZAP,24896.0,4680.0,5.2316035317125325,0.6091668487676842,0.7785731936210024,9.230922615101814,3.3819742489270332,1.206233574447081,-0.23176508546209945,0.0001657989835807154,0.0006214285714285714,0.040488911076427186,0.1295455178622435,0.17610679397723097,29750.0,0.0,0.018864285714285712,0.09336271702982826,,0.0,-0.16868618988958806,0.39846413503648637,0.0,3.8069103177070396,90.75554944439705,76.11577061804398,87.3337303227292,90.75554944439705,72.59122682355077,,48.020157593891675
2025-09-02,KZAP,24600.0,3300.0,3.4572158630890573,0.2597915031116384,-0.7059827027884524,7.5652239164542685,6.138792159644746,1.3571994448367994,-0.06441026767612965,0.00017295324694045818,0.0006226190476190475,0.05347800038714673,0.1838950735578785,0.18840553619821918,29699.97,0.0,0.01891031746031746,0.11110251645373595,,0.0,-0.16868618988958806,0.39846413503648637,0.0,4.065329090209327,91.97678839636583,82.13781369896572,93.87128565175945,91.97678839636583,75.66057614829079,,48.36112692788095
2025-09-03,KZAP,24850.0,7400.0,4.0960003641564215,1.0673484378819893,0.8390804578411943,8.46886638747887,4.680851063829783,1.3140517017066091,-0.07581235497821145,0.00016564380663797824,0.000621031746031746,0.04965079923988372,0.16819019114688136,0.19491861725911022,30165.0,0.0,0.01896468253968254,0.10287312765481788,,0.0,-0.16868618988958806,0.39846413503648637,0.0,4.202180678991397,92.56221833101692,80.49732878914332,92.4023046640419,92.56221833101692,74.26625991623345,,49.42046761272164
2025-09-04,KZAP,24878.0,1230.0,3.7004260980088364,-0.8865837570021526,0.988826810118286,8.312832169860615,4.411326002831917,1.168867692902702,0.15862595873822558,0.00013460114948083202,0.0006281746031746032,0.0653766283909925,0.14857724674187808,0.21496352087073808,30698.89,0.0,0.01901388888888889,0.11158067726058726,,0.0,-0.16868618988958806,0.39846413503648637,0.0,4.623360283634524,94.12554490973054,86.5483885521249,90.11691261351325,94.12554490973054,75.73999597740992,,48.05865849197958
2025-09-05,KZAP,24770.0,830.0,3.041873980159944,-1.120457231915503,0.0867579904714247,7.634560445856367,2.8993647686935686,1.1504564902195349,0.3209051842204812,0.00012866983771093438,0.0006285714285714285,0.07068326460580195,0.13536443374281487,0.20177133373063932,30240.0,0.0,0.01906031746031746,0.14946275496472305,,0.0,-0.16868618988958806,0.39846413503648637,0.0,4.346168620771062,93.13555724396477,88.19896935176257,88.24924219381872,93.13555724396477,81.46523068971734,,47.50860801475489
2025-09-08,KZAP,25981.97,12570.0,7.018980661837815,1.6537619238593577,0.9699246858022815,10.666012107132866,2.831285287279983,1.1627840743644817,0.39745114985269103,0.0001365665451717722,0.0006309523809523809,0.020596403711240222,0.09538914584913216,0.08319350957392543,28639.86,0.0,0.019103968253968255,0.15660232477132743,,0.0,-0.16868618988958806,0.39846413503648637,0.0,1.8546345098863521,75.26471574458533,64.50799446156803,80.67757047240495,75.26471574458533,82.41894772657986,,49.39499295598567
2025-09-09,KZAP,25993.0,1740.0,6.55828614625737,-0.380244798092791,0.9299964951747768,10.666012107132866,4.3620260282776435,1.549550838903717,0.435721448288947,0.0001437227844305965,0.0006392857142857143,0.06903436836474289,0.09862811993338864,0.08088288270834822,28593.0,0.0,0.019144047619047616,0.1568182078019784,,0.0,-0.16868618988958806,0.39846413503648637,0.0,1.806084068907576,74.71841736642114,87.70580512865766,81.40826501703992,74.71841736642114,82.44717523415012,,47.81697778586793
2025-09-10,KZAP,26162.8,3140.0,6.879623004961999,0.2962104802183169,0.3189801690680407,10.666012107132866,5.6626016260162615,1.551543369493707,0.7629172878815927,0.00014059752285807946,0.0006511904761904762,0.02885440957486963,0.11909492695432587,0.034459196803361444,27566.0,0.0,0.01917420634920635,0.10957618751548612,,0.0,-0.16868618988958806,0.39846413503648637,0.0,0.8306386362741821,62.20792977528211,69.64819952656555,85.53660028003385,62.20792977528211,75.4058835249636,,48.83128822633577
2025-09-11,KZAP,26584.0,2160.0,7.018980661837815,-0.16402214823430927,0.9851816982590037,10.666012107132866,5.282897384305829,1.551572362227295,0.6588972301269621,0.00013846692556116616,0.0006480158730158729,0.035101413787503165,0.11780506856970892,0.03801129465629165,28105.0,0.0,0.019203571428571427,0.12410188548786955,,0.0,-0.16868618988958806,0.39846413503648637,0.0,0.9052746234725931,63.25483172475481,73.24229873157144,85.30067711549516,63.25483172475481,77.75655848202423,,48.34160936654566
2025-09-12,KZAP,26600.0,1050.0,7.018980661837815,-0.8853382343179591,-0.8433107477611388,10.666012107132866,6.831519331241112,1.5561924807866727,0.6581682077551056,0.00014793324824170656,0.000626984126984127,0.015683103592314118,0.10525359231411863,0.039019089390142016,28150.0,0.0,0.019251587301587304,0.12936652046783625,,0.0,-0.16868618988958806,0.39846413503648637,0.0,0.9264502098355176,63.54964296643368,61.272512455915816,82.83612582477326,63.54964296643368,78.56787510463238,,50.0
2025-09-15,KZAP,26600.0,1850.0,7.018980661837815,-0.23282586238083944,-0.4694960187294641,10.666012107132866,6.831519331241112,1.5514930198103878,0.4721544601085929,0.00014674711876881571,0.000625,0.031095843776106937,0.10332911445279871,0.062272598162071854,28770.0,0.0,0.019306349206349206,0.11239922723475354,,0.0,-0.16868618988958806,0.39846413503648637,0.0,1.4150484002227008,70.03634218262825,70.96893047039002,82.43056694881396,70.03634218262825,75.87554317171485,,50.0
2025-09-16,KZAP,27870.0,8630.0,7.018980661837815,1.3645158720255988,0.5967940810130739,10.666012107132866,2.3786879901716462,1.5491892702311876,0.18427031920224374,0.00014165756667370221,0.0006261904761904761,-0.015098498129068636,0.06908629179694842,0.03810131734071454,29471.5,0.0,0.01936190476190476,0.025671125292599996,,0.0,-0.16868618988958806,0.39846413503648637,0.0,0.9071661625574783,63.28120688711102,39.88720021319848,73.94141706054933,63.28120688711102,58.97107341753382,,48.365481133301955
2025-09-17,KZAP,26999.99,4320.0,6.571897363134465,0.6725271364467177,-0.024500168265134306,10.666012107132866,6.831519331241112,1.8078056000146,0.11762983636990317,0.00015073079863993022,0.0006186507936507937,0.01891244202430245,0.12367729941663638,0.09907845659431366,30200.0,0.0,0.01944047619047619,0.013714306290425013,,0.0,-0.16868618988958806,0.39846413503648637,0.0,2.188405918093228,78.80220063991474,63.41226682103436,86.34938443196573,78.80220063991474,56.33594022341217,,50.0
2025-09-18,KZAP,27600.0,2190.0,7.018980661837815,-0.06411024621950237,0.6977928680852413,10.666012107132866,3.199925084471089,1.8987201803024525,0.04893376890326816,0.0001555464712550278,0.0006202380952380952,-0.01408409247757074,0.08227836438923396,0.08665148378191856,30530.0,0.0,0.01950793650793651,-0.06544635955831608,,0.0,-0.16868618988958806,0.39846413503648637,0.0,1.9272927894175051,76.0673532228096,40.575765302734254,77.49815584923319,76.0673532228096,38.6994799723624,,46.80012778488454
2025-09-19,KZAP,27100.0,2200.0,5.963753626913261,-0.05955443676656945,-0.549448072652743,10.666012107132866,3.821847727956662,1.8987201803024525,-0.008543997131484304,0.00015582166396371726,0.0006238095238095239,0.012237850699935571,0.04339679903941899,0.09999687811163827,30340.0,0.0,0.019560317460317462,-0.00135602266736954,,0.0,-0.16868618988958806,0.39846413503648637,0.0,2.207703611864034,78.99496867947342,58.940929343064084,66.05318651246392,78.99496867947342,52.96481933404071,,46.89006850757224
2025-09-22,KZAP,27510.0,4380.0,7.018980661837815,0.6290361091312415,-0.9738605881805309,10.666012107132866,1.8796992481203034,1.8987201803024525,0.05022853789019484,0.00015003021385864002,0.0006257936507936508,0.018298333939173635,0.02588932812310675,0.045493678056464315,29301.0,0.0,0.019609920634920636,-0.03330748818611415,,0.0,-0.16868618988958806,0.39846413503648637,0.0,1.0624930039313998,65.4187164144952,63.009126018094776,60.074277327765515,65.4187164144952,45.7659400781018,,46.48907304805618
2025-09-23,KZAP,27536.0,2580.0,6.519948758214151,0.09977735705429909,-0.1820391817788649,10.666012107132866,3.421052631578947,1.8987201803024525,-0.05064437600001852,0.00015096015304583667,0.0006257936507936508,0.030046913016610926,-0.012444247299927137,0.037487086918827135,29109.6,0.0,0.019659920634920634,-0.0433522207004049,,0.0,-0.16868618988958806,0.39846413503648637,0.0,0.8942600727471861,63.10109026536681,70.35509179890268,46.148068164632186,63.10109026536681,43.52490595987286,,46.753598038499106
2025-09-24,KZAP,27594.99,1040.0,6.216415101436166,-0.8770679278377123,-0.03553299474348734,10.666012107132866,-1.1984212414782869,1.8987201803024525,-0.20641102855840626,0.0001498546976434407,0.000628968253968254,0.06403681557516677,0.004899835212064574,0.03849218970286163,29201.0,0.0,0.01970714285714286,-0.03973580424381388,,0.0,-0.16868618988958806,0.39846413503648637,0.0,0.9153790963856827,63.39563367565961,86.10193802808863,52.505941695454894,63.39563367565961,44.32919175186188,,44.77560652863729
2025-09-25,KZAP,27298.0,2880.0,4.233803459772643,0.2205424714543839,-0.6737588640536191,10.666012107132866,2.203704519890559,1.8987201803024525,-0.2086175938540769,0.00014904762566906473,0.0006376984126984128,0.07233049790263145,0.01759163329018813,0.009635394098294312,28100.0,0.0,0.019744047619047616,-0.013007939706031146,,0.0,-0.16868618988958806,0.39846413503648637,0.0,0.3090457360721507,54.62244902323079,88.67443398983833,57.11895010543411,54.62244902323079,50.3380647928062,,47.42450195927768
2025-09-26,KZAP,27517.0,1630.0,4.6103316930006155,-0.3827126677366055,-0.1501564921495246,10.666012107132866,-1.0942028985507224,1.8987201803024525,-0.48292794028184893,0.00014235850804545643,0.0006313492063492063,0.04724495311988948,0.03186763001053894,0.0410106836985621,29190.0,0.0,0.019788095238095237,-0.025349401279209156,,0.0,-0.16868618988958806,0.39846413503648637,0.0,0.9682972009551598,64.12924868047254,79.40898556555285,62.16023023606269,64.12924868047254,47.55413856794972,,45.71342651675592
2025-09-29,KZAP,28100.0,3160.0,6.469172206441315,0.2792783058351915,0.6580310869464058,10.666012107132866,1.538745387453866,1.8987201803024525,-0.4030696241812053,0.00014725791789375927,0.0006246031746031746,0.009337658871377733,0.03508282918149466,0.031763328249449246,29550.0,0.0,0.019838095238095238,-0.047601840083601646,,0.0,-0.4279918864097363,0.3286004056795132,0.0,0.773993572086998,61.40565439592145,56.94611552379859,63.26427913215619,61.40565439592145,42.58416385637591,,46.61213025338827
2025-09-30,KZAP,28449.99,4870.0,7.018980661837815,0.7117998437266648,0.26675136067740807,10.666012107132866,2.144674663758628,1.8987201803024525,-0.07669128915581794,0.00014479323220068245,0.000623015873015873,0.009297374434176244,0.04771259031574848,0.019477993863718596,29570.0,0.0,0.01988968253968254,-0.05493319341739167,,0.0,-0.4279918864097363,0.3286004056795132,0.0,0.5158565224037528,57.676660848510785,56.9182317792781,67.45955447545164,57.676660848510785,40.974126288297356,,47.20095665789733
2025-10-01,KZAP,29448.9,12090.0,7.018980661837815,1.6210841262623403,0.5799533744238338,10.666012107132866,3.319254793724591,1.8918256110564957,0.01306681933543664,0.00014196511031855632,0.0006293650793650793,-0.021776754770854948,0.022853508947460025,-0.022783583912666258,29365.01,0.0,0.019934920634920635,-0.08952200905636548,,0.0,-0.4279918864097363,0.3286004056795132,0.0,-0.372135506110022,44.44104317784228,35.464320166109445,59.00032273677272,44.44104317784228,33.68530824939959,,48.644805625376925
2025-10-02,KZAP,29357.99,8350.0,7.018980661837815,1.2509670598535405,-0.21690054554145505,10.666012107132866,6.718284732119861,1.8987201803024525,0.13616409316890085,0.00014413269868149362,0.0006242063492063491,0.0059082120717608546,0.019539973243918825,-0.04921041086759778,28500.0,0.0,0.01998531746031746,,,0.0,-0.4279918864097363,0.3286004056795132,0.0,-0.9274108391574563,36.43700682462269,54.55834474738421,57.81828155254095,36.43700682462269,,,50.0
2025-10-03,KZAP,28903.03,3450.0,4.501843354491723,0.23407230972068346,-0.26387214587774444,10.666012107132866,6.831519331241112,1.8987201803024525,0.22753575687133365,0.0001429212338856432,0.0006238095238095239,0.03708083772375292,-0.0001919664920175014,-0.051625532704625665,27990.0,0.0,0.020036111111111112,,,0.0,-0.4279918864097363,0.3286004056795132,0.0,-0.9781569080931192,35.73477985766128,74.32307826497669,50.63862891892883,35.73477985766128,,,49.349911540220575
2025-10-06,KZAP,28450.0,6370.0,2.5693778047020257,0.7496586523625103,-0.5988538673368856,10.666012107132866,5.036995311988957,1.8987201803024525,0.2047926261256897,0.00014013401308148884,0.0006174603174603175,0.04253269241498592,0.00916508982620577,-0.06181592532150523,27262.99,0.0,0.02009325396825397,,,0.0,-0.4279918864097363,0.3286004056795132,0.0,-1.1922754499775425,32.84143973690146,77.14879323544099,54.06497636392922,32.84143973690146,,,50.374529634787045
2025-10-07,KZAP,28803.0,1940.0,2.581881680337687,-0.4392513903255641,0.5452879742482385,10.666012107132866,1.245551601423478,1.8751685352898821,-0.04658436473096859,0.00013696766777051463,0.0006158730158730159,0.02792726204115647,-0.0002617568358454711,-0.058445911842847045,27700.02,0.0,0.02015198412698413,,,0.0,-0.4279918864097363,0.3286004056795132,0.0,-1.1214653841331803,33.78524330222126,69.09208979785436,50.61301044443193,33.78524330222126,,,48.48401197036003
2025-10-08,KZAP,28898.82,3140.0,2.6879386650853827,0.042282667324035565,0.9947321406367573,10.666012107132866,1.240808871989052,1.8798826299528733,0.0091229579831975,0.00014760090546444524,0.0006162698412698412,0.04054083300435303,-0.04178005432154569,-0.0422811148146731,28261.0,0.0,0.020210317460317463,,,0.0,-0.4279918864097363,0.3286004056795132,0.0,-0.7818138221514471,38.48320550473354,76.14240689317158,35.77389234859032,38.48320550473354,,,49.18686164657481
2025-10-09,KZAP,29622.22,3670.0,4.849552319458805,0.1982513494587589,0.9999999990217274,10.666012107132866,-1.8679135723235873,1.8801541918267197,0.09207871122578219,0.00014545805598263105,0.0006186507936507937,0.03301455904433509,-0.02878591513263755,-0.08279631567328488,27770.0,0.0,0.020268253968253967,,,0.0,-0.4279918864097363,0.3286004056795132,0.0,-1.6331113195247047,27.2918215893933,72.07208199402665,40.26664271448148,27.2918215893933,,,47.61103339695776
2025-10-10,KZAP,30064.55,2430.0,6.009298198111227,-0.25951082022401945,0.6176492089349606,10.666012107132866,0.9000275563824323,1.8987201803024525,0.3354588201384187,0.00014295250372466637,0.0006376984126984128,0.0024663322427170378,-0.03134658726502573,-0.09735034835231372,27748.4,0.0,0.02031111111111111,,,0.0,-0.4279918864097363,0.3286004056795132,0.0,-1.9389178152047655,23.805898070684638,52.1406643595292,39.3655601019924,23.805898070684638,,,47.29826292272907
2025-10-13,KZAP,29750.0,3340.0,4.627942913681514,0.05856828085822115,0.1780258901582118,10.666012107132866,4.018679010470527,1.8987201803024525,0.5117630911009596,0.00015209474194917316,0.000673015873015873,-0.04068666199813257,-0.020283753501400558,-0.07595644257703081,28095.0,0.0,0.020326190476190477,,,0.0,-0.4279918864097363,0.3286004056795132,0.0,-1.489393240241035,29.03600664785059,24.369851360315277,43.30275131144037,29.03600664785059,,,49.12669344339641
2025-10-14,KZAP,29699.97,3090.0,4.107020770494669,-0.05048383958393251,0.2910891731644106,10.666012107132866,4.569420035149374,1.8987201803024525,0.6671390425999791,0.00015735941674052927,0.0006686507936507936,-0.040653500851700435,-0.02551741158444662,-0.05520346232793216,28665.0,0.0,0.02035595238095238,,,0.0,-0.4279918864097363,0.3286004056795132,0.0,-1.0533356674118215,34.7056864941271,24.387109128836,41.42634701725052,34.7056864941271,,,49.708883519770886
2025-10-15,KZAP,30165.0,3770.0,5.291931319093531,0.17967234730729076,0.9999999981651376,10.666012107132866,3.11415477554422,1.6935773729067034,0.6162992823832136,0.00014835031964070247,0.0006753968253968253,-0.0895471547362522,-0.06943491175518773,-0.07348131921258476,28563.0,0.0,0.0203734126984127,,,0.0,-0.4279918864097363,0.3286004056795132,0.0,-1.4373864309154154,29.683151124168294,7.503403057141811,27.065256747715406,29.683151124168294,,,49.287123317463646
2025-10-16,KZAP,30698.89,3780.0,6.53198082865286,0.1823213542280428,0.51017514626107,10.666012107132866,4.381424570276571,1.5042190252361316,0.6173528538888896,0.00014185281089437848,0.0006773809523809523,-0.08788228437329827,-0.10247636402907633,-0.10022803266885083,28247.99,0.0,0.020391269841269842,,,0.0,-0.4279918864097363,0.3286004056795132,0.0,-1.9993831567304658,23.154106283725266,7.83617586083889,18.59503885355845,23.154106283725266,,,48.738002984631336
2025-10-17,KZAP,30240.0,5680.0,4.485857045067315,0.5582957219585306,0.5545559996570806,10.666012107132866,3.634670190147804,1.4812366213588386,0.5193878833367581,0.00013109613581680258,0.0006750000000000001,-0.07250145502645503,-0.11268141534391529,-0.0828984126984127,28350.0,0.0,0.0203984126984127,,,0.0,-0.4279918864097363,0.3286004056795132,0.0,-1.635256562301209,27.266287727428008,11.602493564283423,16.432319823394952,27.266287727428008,,,49.97020146657766
2025-10-20,KZAP,28639.86,6150.0,-1.5192119679276794,0.5941477821917006,-0.278265982589373,9.251143393157646,0.5835776687161509,1.4562060348478236,0.5067692414811822,0.00012025466403388977,0.0006746031746031747,0.0011511594829224318,-0.04705112033086222,-0.02755371391563396,28434.99,0.0,0.020400396825396825,,,0.0,-0.4279918864097363,0.3286004056795132,0.0,-0.4723645472504744,42.96158293049487,51.21356881500168,34.01559854149561,42.96158293049487,,,51.947023348694906
2025-10-21,KZAP,28593.0,2050.0,-1.8489445303551293,-0.5044631618955667,-0.3799793313777848,8.405418217189082,-3.731563025210083,1.8987201803024525,0.4155108669316651,0.00012899773145821978,0.0006793650793650794,0.027329065055882812,-0.025841789074248944,-0.017185038795709207,28684.88,0.0,0.0203984126984127,,,0.0,-0.4279918864097363,0.3286004056795132,0.0,-0.2544999681886109,46.18990103166617,68.73031578189833,41.31080565860144,46.18990103166617,,,49.530802388839945
2025-10-22,KZAP,27566.0,2740.0,-4.725018904134857,-0.21434554882087686,-0.5722772271561611,4.3222898675921115,-3.7271754819954372,1.8987201803024525,0.28129716602322613,0.0001297282484393091,0.0006813492063492064,0.09214138108942578,-0.006825372842551613,0.049760478689528966,29500.0,0.0,0.0203984126984127,,,0.0,-0.4279918864097363,0.3286004056795132,0.0,1.1521461865330231,66.6253323432606,93.19578466528851,48.20407986867226,66.6253323432606,,,50.097264837736326
2025-10-23,KZAP,28105.0,3060.0,-3.53665970955104,-0.10388870867578096,0.31304347798865784,6.162369526546396,-5.0352896425731,1.8987201803024525,-0.033158279041033634,0.00014977284913283753,0.0006773809523809523,0.08286215086283578,-0.0269171020379924,0.08723763614619774,31130.1,0.0,0.020398015873015873,,,0.0,-0.4279918864097363,0.3286004056795132,0.0,1.939608908558359,76.20162242932649,91.33476301751318,40.9284758628294,76.20162242932649,,,49.638172606172525
2025-10-24,KZAP,28150.0,3630.0,-3.4658103259270585,0.06692880645297773,-0.7999879995466795,6.151372680570353,-5.0352896425731,1.8987201803024525,-0.07258461269551605,0.00015429598202310678,0.0006750000000000001,0.07437489427387296,-0.016195882319772197,0.08616832304265691,31150.01,0.0,0.020403968253968254,,,0.0,-0.4279918864097363,0.3286004056795132,0.0,1.917140710211534,75.95628647080831,89.24122353326581,44.7821298682735,75.95628647080831,,,49.213315768335725
2025-10-28,KZAP,28770.0,4500.0,-1.301054887677745,0.23995040820714833,0.9425287345488176,8.047607474078676,-5.0352896425731,1.8987201803024525,-0.3434934125362681,0.00014613620259847394,0.0006797619047619047,0.01503847178774186,-0.017910349322210636,0.02645972656702586,30118.2,0.0,0.020401587301587303,,,0.0,-0.4279918864097363,0.3286004056795132,0.0,0.662555328079084,59.80948401301445,60.83981970879457,44.16039330007572,59.80948401301445,,,49.023277952797834
2025-10-29,KZAP,29471.5,5270.0,1.0422173416989144,0.36730282397331215,-0.09686128912491519,10.311072160212586,0.45440166257795234,1.8987201803024525,-0.09933446910862997,0.00014271221142594785,0.0006817460317460318,-0.015691961597820273,-0.04509821699548851,0.031127528640125555,30990.0,0.0,0.020396825396825396,,,0.0,-0.4279918864097363,0.3286004056795132,0.0,0.7606342747176724,61.215519508506944,39.48619291031446,34.662222335331734,61.215519508506944,,,49.51748224963684
2025-10-30,KZAP,30200.0,4440.0,3.3358417658170443,0.19592699314282594,0.18208955196703053,10.666012107132866,3.0724303151120846,1.8987201803024525,-0.04271086065805605,0.00014606698713309565,0.0006972222222222222,-0.03647074003994534,-0.078905933985073,0.011081159991590456,31150.0,0.0,0.02037579365079365,,,0.0,-0.4279918864097363,0.3286004056795132,0.0,0.33942388700482734,55.073833939877645,26.62964534141129,24.40872792844251,55.073833939877645,,,48.93396313845924
2025-10-31,KZAP,30530.0,3580.0,4.393311525256163,-0.019364345526117818,0.37483787240617655,10.666012107132866,6.831519331241112,1.8987201803024525,0.10816249516658227,0.000150353548497659,0.0006876984126984126,-0.08297201672567706,-0.08566946095175705,-0.01479480175627408,30700.0,0.0,0.02036309523809524,,,0.0,-0.4279918864097363,0.3286004056795132,0.0,-0.20427677376583228,46.93967855927104,8.897601558664697,22.62295258231334,46.93967855927104,,,49.24999677775053
2025-11-03,KZAP,30340.0,3370.0,3.5733670407753064,-0.06740895279044913,0.009591115583941568,10.666012107132866,6.831519331241112,1.8987201803024525,0.12052137405008603,0.00015472271387153918,0.0006761904761904762,-0.04128113836833349,-0.07705341029182487,-0.03980818030574128,29750.0,0.0,0.02036190476190476,,,0.0,-0.4279918864097363,0.3286004056795132,0.0,-0.7298530046309251,39.223865717994244,24.061879247762764,24.914172754120006,39.223865717994244,,,49.514397414525796
2025-11-04,KZAP,29301.0,4059.9999999999995,-0.1920262735360569,0.118861084745898,-0.43580131168153574,7.94056889704175,6.831519331241112,1.8987201803024525,0.28243719707621023,0.00014999546199179773,0.0006753968253968253,0.005121416179522558,-0.035293935360567866,-0.04769880017909346,28499.99,0.0,0.020361507936507938,,,0.0,-0.4279918864097363,0.3286004056795132,0.0,-0.895649170231832,36.87950592843301,54.00715319666871,37.99076709194183,36.87950592843301,,,51.153915629890314
2025-11-05,KZAP,29109.6,3500.0,-1.0977728062214693,-0.029558771579995122,-0.47989179950480393,6.936574526516715,1.8456725755995773,1.8987201803024525,0.00677118783013958,0.00016006433911951043,0.0006757936507936508,0.01244069133795827,-0.000860839035919372,-0.09454890129520349,26950.0,0.0,0.02036031746031746,,,0.0,-0.4279918864097363,0.3286004056795132,0.0,-1.8800543561029774,24.452435780723157,59.07943282049762,50.39308892305032,24.452435780723157,,,49.72540137678696
2025-11-06,KZAP,29201.0,1750.0,-0.7912993958655329,-0.7227048764925768,0.03423423417255093,6.857523939419546,-1.2279660010518723,1.8987201803024525,-0.06983491424583817,0.00015216750004897514,0.0006761904761904762,0.0022427789491879214,0.05178979019526941,-0.0546383781159919,28200.0,0.0,0.02035873015873016,,,0.0,-0.4279918864097363,0.3286004056795132,0.0,-1.0414622281782695,34.86729916220126,51.98316288671292,68.75993370596954,34.86729916220126,,,48.2888992954156
2025-11-07,KZAP,28100.0,4019.9999999999995,-4.5877345198247,0.10896002614029549,-0.8180163777816046,2.702997961056475,-3.307947019867552,1.8987201803024525,-0.09940597780473409,0.00015340659411425443,0.0006746031746031747,0.010861065921030333,0.09426191605942491,-0.03284983336157714,27749.0,0.0,0.02035873015873016,,,0.0,-0.4279918864097363,0.3286004056795132,0.0,-0.5836455759649832,41.333699100514174,57.997189751698265,80.41820383885374,41.333699100514174,,,49.282542128559435
2025-11-10,KZAP,29190.0,5220.0,-0.6111357170023914,0.3701753127167569,0.6555536416004794,6.5345900568866435,-5.0352896425731,1.8987201803024525,-0.3379768278422903,0.00015858257545003712,0.0006753968253968253,-0.044482985040539,0.017517211944729952,-0.07825527006965856,27500.0,0.0,0.02035873015873016,,,0.0,-0.4279918864097363,0.3286004056795132,0.0,-1.5376957550970332,28.44248705203551,22.449229990508883,57.09217921224196,28.44248705203551,,,48.27160631293584
2025-11-11,KZAP,29550.0,3270.0,0.7315926371513047,-0.12354269791167845,-0.15611814329523402,6.96311603492025,-3.7903757415952533,1.8987201803024525,-0.20878432263898278,0.00016109162820946487,0.0006746031746031747,-0.08076760132140838,0.03444723430827491,-0.0843193114978648,27660.0,0.0,0.020359920634920637,,,0.0,-0.4279918864097363,0.3286004056795132,0.0,-1.6651122107087162,26.9124835637502,9.415099154368423,63.047084866460324,26.9124835637502,,,47.235599165059966
2025-11-12,KZAP,29570.0,3320.0,0.8302864792529283,-0.10836791773216967,0.18295629228646942,6.654228653763757,0.8498003481109961,1.8987201803024525,-0.1528476889617224,0.0001622086062173641,0.0006746031746031747,-0.06661210954903886,0.03914721551228991,-0.07031157449903645,28093.0,0.0,0.02036230158730159,,,0.0,-0.4279918864097363,0.3286004056795132,0.0,-1.3707843732982625,30.523946681444023,13.419444934193953,64.64014275102927,30.523946681444023,,,48.348988792106276
2025-11-13,KZAP,29365.01,1620.0,0.14658968308328252,-0.8259053316293994,-0.7674030992879847,5.376594824378824,1.5816088163355113,1.8987201803024525,-0.02027807060346774,0.00016163709712173222,0.0006746031746031747,-0.04096912089732877,0.03117621472435592,-0.06752875259697225,27979.99,0.0,0.02036309523809524,,,0.0,-0.4279918864097363,0.3286004056795132,0.0,-1.3123122623211996,31.27299295587276,24.223189482284614,61.9211086007376,31.27299295587276,,,47.5483945350839
2025-11-14,KZAP,28500.0,2470.0,-2.6658872484023464,-0.37810314203719586,-0.714855432986186,2.155616990931067,0.5616588472997508,1.8987201803024525,-0.18060553729557488,0.00016203923330962064,0.0006746031746031747,-0.028989035087719297,0.029573538011695905,-0.03969960317460318,27949.0,0.0,0.02036626984126984,,,0.0,-0.4279918864097363,0.3286004056795132,0.0,-0.7275716031309697,39.25650198205787,30.953584843415026,61.364621572233645,39.25650198205787,,,47.94280334575182
2025-11-17,KZAP,27990.0,5890.0,-4.0836688570473285,0.5091288551943787,0.34191676458253806,0.16896921593880657,1.4234875444839812,1.8987201803024525,-0.15997334833649113,0.0001753358763849418,0.0006746031746031747,-0.012012606543153115,0.003933927933445675,-0.01679356530393508,28090.0,0.0,0.02036626984126984,,,0.0,-0.4279918864097363,0.3286004056795132,0.0,-0.24627440354194205,46.312590867152416,41.99316062604771,52.152094091003484,46.312590867152416,,,50.24003450103733
2025-11-18,KZAP,27262.99,3660.0,-4.725018904134857,0.03333638604052684,0.1444462278134486,-2.5294148417029416,-4.110996916752308,1.8987201803024525,-0.22270072374007938,0.00017641172474965497,0.0006746031746031747,0.027123484806895866,-0.02576690682158993,0.008831187957746272,28059.0,0.0,0.02036626984126984,,,0.0,-0.4279918864097363,0.3286004056795132,0.0,0.29214791351883534,54.371032348860616,68.6054546047038,41.33746983291054,54.371032348860616,,,48.06827398065066
2025-11-19,KZAP,27700.02,3600.0,-4.3096842457872295,0.01680710150378035,0.06387234035758355,-1.113075198062778,-5.0352896425731,1.8987201803024525,-0.16258784951834288,0.0001744059403464586,0.0006746031746031747,0.03141854398351645,0.0037632985257256488,,,0.0,,,,0.0,-0.4279918864097363,0.3286004056795132,0.0,,,71.15625809821844,52.0895627512536,,,,48.039321747221436
2025-11-20,KZAP,28261.0,1690.0,-2.1974741427437774,-0.7534225309865443,-0.397640655229735,0.7485823196058214,-5.0352896425731,1.8987201803024525,-0.18640463990412004,0.00018104783180324124,0.0006746031746031747,0.007249596589163483,-0.032403347397248886,,,0.0,,,,0.0,-0.4279918864097363,0.3286004056795132,0.0,,,55.495412343472154,38.99575461945118,,,,46.26274645610987
2025-11-21,KZAP,27770.0,2780.0,-4.015419057865908,-0.25570098294410615,0.21927605577965348,-1.397894343879187,-3.7596105024312876,1.8987201803024525,-0.11245215109247012,0.0001784721955755501,0.0006765873015873017,0.013757300758498152,-0.024008039822578896,,,0.0,,,,0.0,-0.4279918864097363,0.3286004056795132,0.0,,,59.97484932421037,41.96519895515901,,,,47.941966474090925
2025-11-24,KZAP,27748.4,2160.0,-4.057683630490449,-0.5080433202432455,0.3349737158372222,-1.6065413468297067,-2.561403508771931,1.8987201803024525,0.07437414666069779,0.00017835665358018494,0.0006805555555555554,0.018223783296071012,-0.017466324825135115,,,0.0,,,,0.0,-0.4279918864097363,0.3286004056795132,0.0,,,62.960061076329296,44.321247367881114,,,,48.255745422298915
2025-11-25,KZAP,28095.0,2040.0,-2.872080432180669,-0.5511761905392996,0.487499999390625,-0.4832961340183053,-0.8631654162200686,1.8987201803024525,0.07298553691163462,0.00017822206658827018,0.0006880952380952381,0.008656203442402111,-0.014340631488402445,,,0.0,,,,0.0,-0.4279918864097363,0.3286004056795132,0.0,,,56.47385212739904,45.45675720913076,,,,48.2622377066792
2025-11-26,KZAP,28665.0,1970.0,-0.8512098705392305,-0.5559826499870074,0.6819986093098843,1.2902598659748443,3.0517929251340226,1.8987201803024525,0.1415962912270699,0.00018061281910653783,0.0006984126984126985,-0.00273067765567762,-0.0381435156113727,,,0.0,,,,0.0,-0.4279918864097363,0.3286004056795132,0.0,,,48.47472318308483,37.010010729404954,,,,48.62169432886407
2025-11-27,KZAP,28563.0,1440.0,-1.021269485990507,-0.8428223063162557,-0.2686449987931436,0.7232633895009535,3.4836797951770526,1.8987201803024525,0.26522154501753004,0.0001907270422985435,0.0006928571428571428,0.029391978967128637,-0.03572769062706832,,,0.0,,,,0.0,-0.4279918864097363,0.3286004056795132,0.0,,,69.96803797182342,37.84082222995856,,,,48.145120722525505
2025-11-28,KZAP,28247.99,1080.0,-1.758955714395112,-1.1154432156328584,-0.467895101164893,-0.8111400370394577,1.0686104525671425,1.8987201803024525,0.29102067630484835,0.00018583531950489726,0.0006952380952380952,0.09863440787389738,-0.01980367859928143,,,0.0,,,,0.0,-0.4279918864097363,0.3286004056795132,0.0,,,94.27004079893732,43.47592254633305,,,,47.306667052865016
2025-12-01,KZAP,28350.0,2200.0,-1.000609910057765,-0.31845336597432866,0.43817519232358776,-0.5203369256226571,1.7212459488656906,1.8987201803024525,0.15358644491593904,0.0001989115412790467,0.0006821428571428573,0.09537253086419747,-0.024467724867724867,,,0.0,,,,0.0,-0.4279918864097363,0.3286004056795132,0.0,,,93.75189635460883,41.80088025726483,,,,48.10550622257508
2025-12-02,KZAP,28434.99,900.0,-0.31974035139606144,-1.0704393037376996,-0.3334117633983727,-0.26654402536303845,2.1680529327817055,1.8987201803024525,0.1742267402132122,0.00019876320125204516,0.0006765873015873017,0.055800979353003335,,,,0.0,,,,0.0,-0.4279918864097363,0.3286004056795132,0.0,,,83.07973832864305,,,,,46.800039974071495
2025-12-03,KZAP,28684.88,1850.0,0.7651604668823159,-0.23282594563251371,0.418314663149327,0.07036489237148867,1.2101441537640145,1.8778610226350232,0.010044387655412634,0.00019022705230015296,0.0006773809523809523,0.07696645529708407,,,,0.0,,,,0.0,-0.4279918864097363,0.3286004056795132,0.0,,,89.92373893719274,,,,,47.014328480879854
2025-12-04,KZAP,29500.0,4200.0,3.7556501461338003,0.6557590646170852,0.9999999989473131,2.8325758208904763,0.06935286935287888,1.886754513957017,-0.04269240157669883,0.00019530153903918676,0.0006813492063492064,0.05254371132633844,,,,0.0,,,,0.0,-0.4279918864097363,0.3286004056795132,0.0,,,81.74757209451728,,,,,46.90021422214353
2025-12-05,KZAP,31130.1,12650.0,7.018980661837815,1.6896443570793906,-0.0366572924637831,8.3085450980041,3.280467737982695,1.8987201803024525,0.2110365979713925,0.0002036968358619333,0.0006769841269841269,-0.017202717971168877,,,,0.0,,,,0.0,-0.4279918864097363,0.3286004056795132,0.0,,,38.471840770381085,,,,,48.13228958113732
2025-12-08,KZAP,31150.01,5090.0,7.018980661837815,0.7792651975604263,0.7169817228631932,7.778038736646899,6.831519331241112,1.8987201803024525,0.29728415971161454,0.00019402398062726733,0.0006809523809523809,-0.04832468237927081,,,,0.0,,,,0.0,-0.4279918864097363,0.3286004056795132,0.0,,,20.617697000277513,,,,,48.304001436644604
2025-12-09,KZAP,30118.2,8620.0,3.1758611361802838,1.3060721962091653,-0.9999418499171889,3.983449313169194,6.831519331241112,1.8987201803024525,0.35304546581953555,0.00018149692587031877,0.0006773809523809523,-0.057106817085129005,,,,0.0,,,,0.0,-0.4279918864097363,0.3286004056795132,0.0,,,16.853568264176737,,,,,49.34458287193896
2025-12-10,KZAP,30990.0,3000.0,5.805433139543535,0.25060006893990205,0.3749956594316664,6.762676205445637,5.919502697205092,1.8987201803024525,0.2197394485157723,0.0001814946059972514,0.0006769841269841269,-0.13374042740361713,,,,0.0,,,,0.0,-0.4279918864097363,0.3286004056795132,0.0,,,2.276798085146087,,,,,47.727056814294606
2025-12-11,KZAP,31150.0,3640.0,6.132412868219752,0.44397126150549826,-0.5999999992,7.051586227862747,6.831519331241112,1.8987201803024525,0.2110756477722402,0.00019671725863598896,0.0006761904761904762,-0.09807725610843589,,,,0.0,,,,0.0,-0.4279918864097363,0.3286004056795132,0.0,,,5.993909863817909,,,,,47.56760040435205
2025-12-12,KZAP,30700.0,2130.0,4.27225793677566,-0.2089586023468717,-0.6151033439627636,5.236376518108492,5.59322033898304,1.8987201803024525,-0.10892435185722242,0.00019170768969042781,0.0006750000000000001,-0.09949758802543819,,,,0.0,,,,0.0,-0.4279918864097363,0.3286004056795132,0.0,,,5.771933906516375,,,,,46.72314168916391
2025-12-15,KZAP,29750.0,3360.0,0.8027747890935512,0.29965789647549856,-0.4503768840684848,1.8747371580365848,-1.3816210034660936,1.8987201803024525,-0.22461356215701853,0.00018183095726529816,0.0006750000000000001,-0.07900445845004668,,,,0.0,,,,0.0,-0.4279918864097363,0.3286004056795132,0.0,,,9.848253279159568,,,,,46.471183551111
2025-12-17,KZAP,28499.99,8290.0,-3.8999502765016367,1.202766302499342,0.09090181814876415,-2.50227676831226,-4.494412682371529,1.8987201803024525,-0.4580852835433541,0.0001918822451132906,0.0006750000000000001,-0.032848343674857484,,,,0.0,,,,0.0,-0.4279918864097363,0.3286004056795132,0.0,,,28.67468839531906,,,,,48.33084308186729
2025-12-18,KZAP,26950.0,13860.0,-4.725018904134857,1.7167230858770548,-0.44940747452196217,-7.825211052148462,-5.0352896425731,1.8987201803024525,-0.2399165499301635,0.0001877589384966233,0.0006746031746031747,0.03903449288806432,,,,0.0,,,,0.0,-0.4279918864097363,0.3286004056795132,0.0,,,75.36137620521257,,,,,50.0
2025-12-19,KZAP,28200.0,7660.0,-3.686155947293461,1.12372814906356,0.4902411016185521,-3.171063509680415,-5.0352896425731,1.8987201803024525,-0.4047971767208892,0.00018700137439181508,0.0006746031746031747,-0.011179947652819936,,,,0.0,,,,0.0,-0.4279918864097363,0.3286004056795132,0.0,,,42.56678299474466,,,,,48.10922690381648
2025-12-22,KZAP,27749.0,14170.0,-4.725018904134857,1.589869326932546,0.0063074082038007805,-4.646471599931493,-5.0352896425731,1.8987201803024525,-0.1867489565571788,0.0001765360675716252,0.0006746031746031747,0.0038261177293962266,,,,0.0,,,,0.0,-0.4279918864097363,0.3286004056795132,0.0,,,53.09765285363722,,,,,50.0
2025-12-23,KZAP,27500.0,10680.0,-4.725018904134857,1.211490529155944,0.19999999989999998,-5.32509978180511,-5.0352896425731,1.8987201803024525,-0.062466806123865924,0.00016731738484364943,0.0006753968253968253,0.0180739898989899,,,,0.0,,,,0.0,-0.4279918864097363,0.3286004056795132,0.0,,,62.86139483506004,,,,,48.6303789122453
2025-12-24,KZAP,27660.0,3270.0,-4.337690848214731,-0.06797287423338941,0.32596685022842203,-4.60092762141999,-5.0352896425731,1.8987201803024525,0.06760857066983103,0.00016819614672131542,0.0006757936507936508,0.011045797610439693,,,,0.0,,,,0.0,-0.4279918864097363,0.3286004056795132,0.0,,,58.12417337729627,,,,,47.56274507898417
2025-12-25,KZAP,28093.0,2830.0,-2.7659070028802972,-0.21248588460362242,0.1121294569321834,-3.088190120709404,-2.9473343674857433,1.8987201803024525,0.1146215770857626,0.000160515591713573,0.0006769841269841269,,,,,0.0,,,,0.0,-0.4279918864097363,0.3286004056795132,0.0,,,,,,,,47.33915359779256
2025-12-26,KZAP,27979.99,2770.0,-3.1022007030778025,-0.23391523070223344,-0.0800399998399136,-3.4791449349978696,4.241187384044531,1.8987201803024525,0.22692896337659177,0.00015239693841292726,0.0006753968253968253,,,,,0.0,,,,0.0,-0.4279918864097363,0.3286004056795132,0.0,,,,,,,,49.04819967492083
2025-12-29,KZAP,27949.0,3910.0,-3.1488377842551687,0.11077423735272826,0.37922560570854136,-3.476684757340319,-0.7801773049645355,1.8987201803024525,0.11287274308489859,0.0001506664268706432,0.0006777777777777777,,,,,0.0,,,,0.0,-0.4279918864097363,0.3286004056795132,0.0,,,,,,,,48.366458558309446
2025-12-30,KZAP,28090.0,1550.0,-2.5753193053660843,-0.8901432637559076,0.8999999955,-2.891896658478512,0.7207466935745366,1.8987201803024525,0.18745638258584668,0.0001330981473214482,0.0006746031746031747,,,,,0.0,,,,0.0,-0.4279918864097363,0.3286004056795132,0.0,,,,,,,,47.85970813765376
2025-12-31,KZAP,28059.0,1200.0,-2.6802010237436114,-1.146075573629724,0.2669322698528595,-2.9826369577761858,2.1454545454545393,1.8987201803024525,0.3274563817058467,0.000135996619980021,0.0006746031746031747,,,,,0.0,,,,0.0,-0.4279918864097363,0.3286004056795132,0.0,,,,,,,,47.8796969797425
2025-01-05,KZTK,43732.99,220.0,1.2870289762741391,-2.1238724122109924,0.7866824625907902,5.837041077651012,1.2208092485549216,0.6073281814406944,0.6988637376553012,0.00016941465559481333,0.0005726190476190476,0.023723073953375418,0.016637118718106855,-0.042330748755751116,42650.0,0.0,0.01756706349206349,0.06763827434963865,,0.0,2.330357142857143,-0.2892857142857143,0.0,-0.7828567208395701,38.46839305129397,66.50199369758603,56.77528088533362,38.46839305129397,67.736876987283,,51.12752294412813
2025-01-06,KZTK,43777.0,260.0,1.3965217716794334,-1.7012296628326447,0.9879602380289426,5.936242505679718,2.374178844568786,0.6084284378605332,0.8587664837458473,0.0001746287493909776,0.0005674603174603176,0.012855800139306317,-0.009522676699114715,-0.015252540291687489,43879.73,0.0,0.01759920634920635,0.0561862414071171,,0.0,2.330357142857143,-0.2892857142857143,0.0,-0.2138946865835077,46.795976107403895,59.362426152400126,47.215914534568654,46.795976107403895,65.43693954463046,,52.49642734280917
2025-01-08,KZTK,43650.0,390.0,1.076512021488372,-0.9564900853374714,-0.753148612712472,5.614723836782619,2.4742989111886216,0.5978384608438134,0.8737853767908806,0.00017860795100490843,0.0005678571428571428,0.08841658075601375,-0.018124386352479135,0.013075724104074617,44990.0,0.0,0.017623015873015874,0.049685432007854746,,0.0,2.330357142857143,-0.2892857142857143,0.0,0.3813332790681612,55.69517590396925,92.49795538899515,44.08289893856986,55.69517590396925,64.09761277807318,,52.73649676943099
2025-01-09,KZTK,44434.0,1720.0,2.88313176233276,0.6815838358316204,0.1610862817851166,7.49334378416306,0.06879873195753117,0.6021272631229807,0.5331744786074708,0.00018592835782913497,0.0005825396825396825,0.04804885465941639,-0.049200112883670565,-0.011642164622972111,44700.0,0.0,0.017628571428571427,0.038821714674377096,,0.0,2.330357142857143,-0.2892857142857143,0.0,-0.1380341772877378,47.930670040743834,79.77757762443585,33.31087443039276,47.930670040743834,61.81046122088475,,53.130025350195226
2025-01-10,KZTK,44497.0,1630.0,2.7128049006402,0.6278406691803549,-0.057279236208497335,7.5904920605238635,1.7961053837342478,0.7147000158638035,0.43347684152289145,0.00019767247961469114,0.0006321428571428572,0.04457593695455117,-0.05734587103428767,-0.015267380064145578,44600.0,0.0,0.01758214285714286,0.059736740420524154,,0.0,2.330357142857143,-0.2892857142857143,0.0,-0.21420649698768776,46.79131818511739,78.14970342447847,30.70852093250931,46.79131818511739,66.15837947765073,,53.35782089699974
2025-01-13,KZTK,44898.98,680.0,3.2376418674570884,-0.24639983956163264,0.6265735029731349,8.513592938487125,1.6423774498606658,0.7145435026695502,0.22506022669677614,0.0001985920136111504,0.0005884920634920634,0.06145610268503494,-0.06588770847726763,-0.026477043703937712,44500.0,0.0,0.017590873015873015,0.05071988510404662,,0.0,2.330357142857143,-0.2892857142857143,0.0,-0.4497417627821968,43.294513354619255,85.20701013431182,28.105749648906652,43.294513354619255,64.3122761425447,,52.35931274863965
2025-01-14,KZTK,44469.0,19130.0,2.1849546677200213,3.090517856715228,0.6089131420605216,7.444664329020697,2.666156601686742,0.7280231596735054,0.19303843477324506,0.00018256774964737157,0.0005805555555555556,0.09220621548558702,-0.05673826694679753,-0.01693701214007832,44500.0,0.0,0.01763412698412698,0.06260968347131068,,0.0,2.330357142857143,-0.2892857142857143,0.0,-0.2492884804816321,46.26762861778383,93.20738150204308,30.898712266073613,46.26762861778383,66.73671354874796,,56.292352586745295
2025-01-15,KZTK,47639.0,10430.0,7.018980661837815,2.4839459268853203,0.724776119186634,10.666012107132866,1.5807387440893717,0.7646425099667974,0.11722901557956085,0.00018233435144297656,0.0005857142857142858,0.005141416521477494,-0.10967383345544883,-0.07310959697053601,44998.0,0.0,0.017671825396825398,0.0029720857210828594,,0.0,2.330357142857143,-0.2892857142857143,0.0,-1.4295758756752133,29.781058511608688,54.02117720784931,17.047859527012598,29.781058511608688,53.937134196872464,,53.50886489107083
2025-01-16,KZTK,46701.0,1520.0,4.511664156507169,0.5579710647403534,-0.9999999989338906,10.666012107132866,6.831519331241112,1.7403401133168221,0.4128139619593821,0.00018885339541737845,0.0005837301587301588,0.026149779600926227,-0.09583076540116911,-0.04914193715643899,45232.0,0.0,0.017686507936507938,0.03237664121600332,,0.0,2.330357142857143,-0.2892857142857143,0.0,-0.9259720828953619,36.45700251188492,68.01041938193461,20.117799499385473,36.45700251188492,60.42765056490084,,50.0
2025-01-17,KZTK,46611.02,1090.0,4.059369701304976,0.22543914113612953,-0.7482833608813998,10.666012107132866,5.101948958005131,1.8250729500578398,0.18059670581558063,0.0002010823132808935,0.0005948412698412699,0.029311674306320742,-0.09726406313578145,-0.046767658698232836,45255.0,0.0,0.017675396825396823,0.025948634081614096,,0.0,2.330357142857143,-0.2892857142857143,0.0,-0.8760842070684175,37.15319042402364,69.92038130198807,19.78166438193169,37.15319042402364,59.031686264355876,,52.660090042631765
2025-01-20,KZTK,47790.0,900.0,6.596127762014246,-0.11531051614890561,0.9847972964655427,10.666012107132866,4.750927028788454,1.8256678420777546,0.042395880881000124,0.0001910973663810672,0.0005884920634920634,0.026169438465907337,-0.09411677054374788,-0.06620960975099394,45470.0,0.0,0.01766388888888889,0.005861203031118284,,0.0,2.330357142857143,-0.2892857142857143,0.0,-1.2845946901591336,31.631541491992277,68.02249201804365,20.525350343927983,31.631541491992277,54.58456023940259,,51.38385152364361
2025-01-21,KZTK,48699.99,11450.0,7.018980661837815,2.5268182503188483,-0.07028165160779941,10.666012107132866,6.438943601836833,1.8837150281124413,0.1140406395794817,0.0002198742506608755,0.0005857142857142858,0.013464218196671424,-0.08848130210675016,-0.07925621192559348,45700.0,0.0,0.017654761904761902,0.008822070578013978,,0.0,2.330357142857143,-0.2892857142857143,0.0,-1.55872735012595,28.186356904949918,59.77607911735468,21.90829977511409,28.186356904949918,55.246458290940936,,50.0
2025-01-22,KZTK,48024.07,1940.0,5.31111171032008,0.6527361022722725,-0.9223535848604765,10.666012107132866,6.831519331241112,1.8987201803024525,-0.021798319154182507,0.00020181491062354204,0.0005888888888888889,0.0007153554322483473,-0.08151674901773215,-0.05979579956442874,46000.0,0.0,0.01764880952380952,0.02478996699467588,,0.0,2.330357142857143,-0.2892857142857143,0.0,-1.1498289616241981,33.405590263999194,50.90614478770157,23.708264118087886,33.405590263999194,58.77843295217646,,50.0
2025-01-23,KZTK,48060.1,2029.9999999999998,5.058305396183838,0.6980838520839209,-0.4672212970595368,10.666012107132866,0.8083083188144213,1.8987201803024525,-0.3512242599636046,0.00020829191884707247,0.0005944444444444445,-0.004176122479317658,-0.08428654242705302,-0.0542702896659186,46299.0,0.0,0.017626587301587303,0.02240424587924187,,0.0,2.330357142857143,-0.2892857142857143,0.0,-1.0337280254662324,34.972759340423536,47.45634320421805,22.98043145278477,34.972759340423536,58.25552653088363,,50.944384277943655
2025-01-24,KZTK,48115.01,540.0,4.960798383806134,-0.8823855907823372,-0.9999999978857904,10.666012107132866,2.9102160553307277,1.8987201803024525,-0.24466851958873384,0.00020233414516685654,0.0005976190476190477,-0.026017848092040014,-0.08742356029994512,-0.06358391281029253,45902.99,0.0,0.01761031746031746,0.00903538647245812,,0.0,2.330357142857143,-0.2892857142857143,0.0,-1.2294240582207607,32.35172670516102,32.77420977726783,22.17521272891923,32.35172670516102,55.294075906380954,,49.7879374860058
2025-01-27,KZTK,49182.13,1930.0,7.018980661837815,0.39131614647872126,0.9999999990628982,10.666012107132866,3.226683303647948,1.8987201803024525,-0.295011846989612,0.00020453282725157602,0.000594047619047619,-0.06759339945938031,-0.10752045648184014,-0.08235579553972333,45999.0,0.0,0.01763452380952381,-0.009956735400545605,,0.0,2.330357142857143,-0.2892857142857143,0.0,-1.6238551964080454,27.402164159177627,13.100842447314665,17.499732368938364,27.402164159177627,51.02668557048323,,50.794153493926586
2025-01-28,KZTK,49500.0,2470.0,7.018980661837815,0.6380139283684292,-0.4245349516975687,10.666012107132866,2.9130152751621674,1.8987201803024525,-0.2919713064701409,0.00020993751860522318,0.000588095238095238,-0.09382016594516594,-0.10330544733044733,-0.08937907647907647,45950.0,0.0,0.01766190476190476,-0.018228116883116843,,0.0,2.330357142857143,-0.2892857142857143,0.0,-1.7714270055145966,25.676400899350828,6.707958554144694,18.411440273747527,25.676400899350828,49.15977859112587,,50.0
2025-01-29,KZTK,48200.0,3910.0,4.251420903630469,0.9092808176754164,-0.7590346925228253,10.666012107132866,1.6427313434766555,1.8987201803024525,-0.3628219664880948,0.00021230433306366738,0.0005738095238095239,-0.09211698445629986,-0.07395731904103273,-0.06319424191530001,46008.0,0.0,0.017717063492063492,0.16566502502799185,,0.0,2.330357142857143,-0.2892857142857143,0.0,-1.2212363693860446,32.45933421450826,7.0151780061180276,25.774394588530413,32.45933421450826,83.57340835785277,,51.636604058141735
2025-01-30,KZTK,47999.99,5270.0,2.760588650945199,1.2077736859972084,0.10607144124675934,10.666012107132866,0.36633713052642847,1.8987201803024525,-0.3301581880205645,0.00021644749678430362,0.0005718253968253969,-0.09879504973582381,-0.06957976389814852,-0.06130734042034536,45910.0,0.0,0.017765873015873016,0.19673716213175008,,0.0,2.330357142857143,-0.2892857142857143,0.0,-1.1815891632411115,32.983012011212324,5.8807483508130645,27.023286115335317,32.983012011212324,87.07251028910224,,52.91614343059285
2025-01-31,KZTK,47003.0,2840.0,0.33127529819706686,0.5279900597400637,-0.993999999006,9.120787587496231,-0.12507256539208145,1.8987201803024525,-0.2154996403593053,0.00021629477368060476,0.0005785714285714286,-0.09241560876391211,-0.045005812487821616,-0.029478284103108533,46454.44,0.0,0.01780753968253968,0.16336381540489306,,0.0,2.330357142857143,-0.2892857142857143,0.0,-0.5128032406148202,42.368065055873984,6.96038746819278,34.69296136993438,42.368065055873984,83.28616309011271,,52.76824464640333
2025-02-03,KZTK,46000.0,19380.0,-1.8264870642226723,2.362659873534294,-0.23599771242581274,6.603348641906711,-2.311149888569075,1.8987201803024525,-0.2142996405833472,0.00014034495014425351,0.0005801587301587301,-0.0791732574189096,-0.01890904071773637,0.007148809523809526,47150.0,0.0,0.017851190476190475,0.17866449965493442,,0.0,2.330357142857143,-0.2892857142857143,0.0,0.25679810603686976,53.84436905979532,9.806027732426708,43.79905583591624,53.84436905979532,85.12198542735139,,55.061801768581915
2025-02-04,KZTK,44999.0,2900.0,-3.597389123926343,0.40460264086813263,-0.038381742718681666,3.3943805721418765,-5.0352896425731,1.8987201803024525,-0.4614991828810894,0.00013619870896073612,0.0005865079365079364,-0.05861830105042899,0.009861208617687094,0.02212112749771864,46800.0,0.0,0.017901984126984127,0.18893759954806755,,0.0,2.330357142857143,-0.2892857142857143,0.0,0.5713935307404411,58.48792850933459,16.264076250784882,54.31874916507321,58.48792850933459,86.25887983840342,,52.386536696648186
2025-02-05,KZTK,43899.99,7770.0,-4.725018904134857,1.3646495220700732,0.21567535550504865,0.7175612081368515,-5.0352896425731,1.8987201803024525,-0.38426854108531194,0.00014011567369446361,0.000588095238095238,-0.03497218161504287,0.04227930792483427,0.038768471176785974,46390.0,0.0,0.017951587301587302,0.24237115002786802,,0.0,2.330357142857143,-0.2892857142857143,0.0,0.9211842688231382,63.47642330001379,27.464310671110592,65.68424399697953,63.47642330001379,91.04735341998057,,50.0
2025-02-06,KZTK,43398.0,12280.0,-4.725018904134857,1.6970398999796967,-0.42308941229462815,-0.7120551959290219,-5.0352896425731,1.8987201803024525,-0.18932653147973716,0.00013517490571242214,0.0005869047619047619,-0.012084818424812203,0.045359021975996214,0.05694345575503809,46650.0,0.0,0.017990873015873016,0.2742960605492024,,0.0,2.330357142857143,-0.2892857142857143,0.0,1.3030734994913562,68.60774234872731,41.94351300017706,66.69630771310469,68.60774234872731,93.13549734586861,,50.0
2025-02-07,KZTK,42796.99,6070.0,-4.725018904134857,0.8269127839581418,-0.9185131872457815,-2.0644763100115164,-5.0352896425731,1.8987201803024525,-0.29515870218801465,0.00012449719612185782,0.000590079365079365,-0.0028411315479992686,0.062428103340467514,0.07524925021262349,46789.0,0.0,0.01802857142857143,0.3303840981685899,,0.0,2.330357142857143,-0.2892857142857143,0.0,1.6877112818277924,73.35338974247092,48.3968480542484,72.01382994236558,73.35338974247092,95.74718637494067,,50.0
2025-02-10,KZTK,42493.0,1770.0,-4.725018904134857,-0.4833312431744678,0.9999999892473119,-2.878481443867509,-5.0352896425731,1.8987201803024525,-0.280061339835971,0.00012618529454981245,0.0005825396825396825,0.0007867896822595245,0.06893116334940694,0.08774149698419048,46990.0,0.0,0.018087698412698413,0.34483867394218803,,0.0,2.330357142857143,-0.2892857142857143,0.0,1.9501959342010182,76.31662646862014,50.95654110949892,73.89749803167939,76.31662646862014,96.24802434722145,,50.0
2025-02-11,KZTK,42493.0,6270.0,-4.725018904134857,0.7814632325987584,-0.9424338002559852,-3.590444764545432,-5.0352896425731,1.8987201803024525,-0.032861799501346045,0.00011611285521112326,0.0005805555555555556,0.029707332113337884,0.07024768134546157,0.08083628795629831,46700.0,0.0,0.01816825396825397,0.33183294345585956,,0.0,2.330357142857143,-0.2892857142857143,0.0,1.8051050290664743,74.70731931864653,70.15476598474096,74.26869912776371,74.70731931864653,95.80013850575202,,50.0
2025-02-12,KZTK,42492.91,1340.0,-4.725018904134857,-0.7616403717300024,-0.2793713448250158,-3.5287599358176513,-5.0352896425731,1.8987201803024525,-0.2136722110088068,0.00011554998346240728,0.0005801587301587301,0.0558263701217524,0.06790323126276672,0.12311132188352772,48500.0,0.0,0.018255555555555556,0.3353485077643185,,0.0,2.330357142857143,-0.2892857142857143,0.0,2.6933797955969805,83.42465968096276,83.08981177674622,73.60526888824556,83.42465968096276,95.92601605724667,,50.0
2025-02-13,KZTK,43000.0,7100.0,-4.725018904134857,0.9836490249724615,-0.49290253524087446,-2.775699140216877,-3.205194351980478,1.544870230707783,-0.31268155107481965,0.00010837844478473561,0.0005805555555555556,0.03658885197489849,0.0677838298265043,0.10773579734219269,48420.0,0.0,0.018310714285714284,-0.1088097379106682,,0.0,2.330357142857143,-0.2892857142857143,0.0,2.3703122731498487,80.56810970499222,74.05713755013485,73.57118874976423,80.56810970499222,29.911716524811517,,52.117454159326485
2025-02-14,KZTK,42799.9,5420.0,-4.725018904134857,0.6357829721774301,-0.8216018302875951,-3.1748739714397662,-0.9170929535923356,1.55472173673917,-0.3266441756640689,9.646398763198019e-05,0.0005853174603174603,0.039112080911070185,0.08904761174898157,0.10571867735876257,48110.01,0.0,0.018349603174603175,-0.23817858042113807,,0.0,2.330357142857143,-0.2892857142857143,0.0,2.327928941526043,80.16688270995684,75.40202256820916,79.1842255625364,80.16688270995684,11.715805962612086,,50.45842408684178
2025-02-17,KZTK,42650.0,15720.0,-4.725018904134857,1.5296876558550818,-0.9999999992891062,-3.496421031650983,0.006799543612778791,1.553998866126918,-0.30726190427243166,9.557084190167203e-05,0.0005813492063492063,0.04041401728725878,0.08465720566069335,0.10762896592791084,48025.0,0.0,0.018396825396825398,-0.22324903468616838,,0.0,2.330357142857143,-0.2892857142857143,0.0,2.36806755231195,80.54701513953144,76.07731370050345,78.10150003197253,80.54701513953144,13.18364367683132,,52.53025364228243
2025-02-18,KZTK,43879.73,2730.0,-2.4991060656053823,-0.5195775361392849,0.9878386693658628,-0.5569675926480667,0.36947261901960626,1.3918651535672493,-0.7072619019797154,6.642790498086427e-05,0.0005996031746031746,0.011149176125358368,0.044523439867554346,0.08571597743757361,48450.0,0.0,0.018438492063492063,-0.24290121706058093,,0.0,2.330357142857143,-0.2892857142857143,0.0,1.907636112593987,75.85198452624115,58.19518841091409,66.42318708272482,75.85198452624115,11.281896841931099,,51.213553720810644
2025-02-19,KZTK,44990.0,3940.0,0.8955950063026933,0.14593556501418048,0.9885605332134981,1.9509299332288979,3.263431624032198,1.4963320514019502,-0.32120740805534564,7.675517395866859e-05,0.0005916666666666667,-0.0028404366755222506,0.024178040622783906,0.052812279007327906,48199.0,0.0,0.01851468253968254,-0.27235221080875116,,0.0,2.330357142857143,-0.2892857142857143,0.0,1.2162700195134273,67.47530455173133,48.397337947709104,59.47001113202549,67.47530455173133,8.881519660473675,,51.86066980860464
2025-02-20,KZTK,44700.0,2680.0,0.34774854567241026,-0.38154889580583484,-0.2667555929720722,1.2395232410203947,5.876486218524457,1.6260910678770237,-0.06762103244764288,7.644366632273341e-05,0.000588095238095238,0.008872994566954298,0.033975050601896234,0.06306752956216047,48349.9,0.0,0.018585714285714285,-0.2741144588260359,,0.0,2.330357142857143,-0.2892857142857143,0.0,1.4317513437386533,70.24623024248974,56.624224774925565,62.88538784134469,70.24623024248974,8.753588587438815,,51.80865445676772
2025-02-21,KZTK,44600.0,870.0,0.25790887675692287,-1.5066233937959814,0.7142897952477539,0.9962781564143055,3.953488372093017,1.625008969126843,-0.022391643993882427,7.874952350148027e-05,0.0005857142857142858,0.011659511353121219,0.040772761406505806,0.055360079009182155,47900.0,0.0,0.01863095238095238,-0.25672966225354116,,0.0,2.330357142857143,-0.2892857142857143,0.0,1.269803896167653,68.17622700945732,58.545256109677545,65.18384647689105,68.17622700945732,10.091250747280995,,50.75829599474592
2025-02-24,KZTK,44500.0,60.0,0.07025938546353772,-2.9357663899985513,-0.0025313917578652363,0.5553441628856453,4.2058509482498785,1.6216896004718884,0.2847866811131874,7.94336006370644e-05,0.0005972222222222222,0.018791403602639558,0.036559630818619585,0.04830233636525777,47480.05,0.0,0.018665079365079367,-0.2594836739789549,,0.0,2.330357142857143,-0.2892857142857143,0.0,1.121507984446898,66.21532849769338,63.33295575784158,63.766842418583195,66.21532849769338,9.86786346545349,,49.52843569993336
2025-02-25,KZTK,44500.0,370.0,0.255336025230741,-2.3616050644052744,-0.665061415881288,0.423002777826642,4.337631887456039,1.5046023584091608,0.4842804026194356,0.00010973891397720638,0.0006238095238095239,0.024007165150704477,0.07696541822721598,0.05665979757446053,47852.01,0.0,0.01866626984126984,-0.2491912867843767,,0.0,2.330357142857143,-0.2892857142857143,0.0,1.297113329132635,68.53067077469103,66.68041133840475,76.10844348906723,68.53067077469103,10.725806246406899,,50.05225513941335
2025-02-26,KZTK,44998.0,11630.0,1.6425047551478988,1.0862206979939526,0.997997916835511,1.445101700307321,1.4135684061866272,1.4857755591030202,0.15370038557000545,0.00010709583548523718,0.0006234126984126985,0.019349005546630996,0.06311330053822498,0.06694031255004632,48850.0,0.0,0.018663492063492063,-0.22161564670951867,,0.0,2.330357142857143,-0.2892857142857143,0.0,1.513125504438542,71.25651872695991,63.69772110427283,72.21617673242459,71.25651872695991,13.353366253828035,,52.591036219931944
2025-02-27,KZTK,45232.0,1350.0,2.3081708083603796,-1.2270350297361718,-0.3373161294811038,1.9093776634989994,0.01778172927318078,1.4417818061664558,0.155587862294408,0.00010119743537567284,0.0005984126984126983,0.020697033845963806,0.05066742396168471,0.062139807468795834,48887.9,0.0,0.018685714285714285,-0.16814121944851518,,0.0,2.330357142857143,-0.2892857142857143,0.0,1.412258228078304,70.00119859197275,64.57300682884006,68.40479087397651,70.00119859197275,19.985030423459143,,48.38137567690086
2025-02-28,KZTK,45255.0,150.0,2.7441930023965138,-2.9357663899985513,-0.23486107750901458,1.9430045509061082,1.190156599552572,1.454099037396892,0.1414757549926017,0.00010463530231173628,0.0005837301587301588,0.01142855945935988,0.04820354749014842,0.0629309763193754,48950.0,0.0,0.018717460317460317,-0.13213378263911907,,0.0,2.330357142857143,-0.2892857142857143,0.0,1.4288821136379115,70.21023600809416,58.38693783614144,67.61762405994935,70.21023600809416,25.690712593363873,,47.36116011877463
2025-03-03,KZTK,45470.0,19230.0,3.407982971436248,1.726829688755684,0.462496450213736,2.425723553589106,1.4686098654708601,1.3927448875171766,-0.048354419558752026,0.00010060073700677395,0.000576984126984127,0.008702695218546328,0.052468272731715664,0.07206840381413177,49600.0,0.0,0.018760714285714287,-0.16174874738620615,,0.0,2.330357142857143,-0.2892857142857143,0.0,1.6208759577721503,72.56226120758629,56.50611031110127,68.97356133868917,72.56226120758629,20.92403721303393,,51.97985676798096
2025-03-04,KZTK,45700.0,14410.0,4.157797580245763,1.438280636332909,0.694665112446037,2.7484367831355225,2.179775280898877,1.3204205104124753,0.04465114883556821,9.967557093818414e-05,0.0005765873015873015,0.0025002214233614674,0.04152199906220694,0.0752509482129832,49998.89,0.0,0.01881666666666667,-0.15855482702927998,,0.0,2.330357142857143,-0.2892857142857143,0.0,1.6877469598801313,73.35380816241319,52.164536889979374,65.43313197444871,73.35380816241319,21.40520584390969,,51.813016511247504
2025-03-05,KZTK,46000.0,1910.0,4.389306039857244,-0.8961929905919047,0.9999999989898174,3.1695104645462076,2.696629213483148,1.2259044025901622,0.31659645450103324,9.172194210343438e-05,0.0005829365079365079,-0.0028423567977915805,0.037847877846790924,0.05949680469289163,49605.03,0.0,0.0188734126984127,-0.15172445824706698,,0.0,2.330357142857143,-0.2892857142857143,0.0,1.3567239693064002,69.29685396078281,48.395984239146784,64.20279942173931,69.29685396078281,22.46105329461957,,50.15439931952696
2025-03-06,KZTK,46299.0,1600.0,4.964896778881175,-0.7344671756375307,0.9979674786606022,3.8064624540270278,2.2267656340281716,1.0764648856205106,0.3169968709318945,9.187774155778942e-05,0.0005722222222222222,-0.011466591868177757,0.021283945631860816,0.05888374736058272,49902.0,0.0,0.018936507936507935,-0.1556018159910889,,0.0,2.330357142857143,-0.2892857142857143,0.0,1.3438425282255033,69.1321674092647,42.36907841391299,58.441618110865164,69.1321674092647,21.857200053683172,,50.107597104795346
2025-03-07,KZTK,45902.99,260.0,3.7919040036619105,-2.342157375061052,0.00623279098093008,2.3951326027839945,2.358949416342404,1.0288541740518964,0.5840535925602357,9.519215124914954e-05,0.0005813492063492063,0.008909807220619057,0.021010732714676093,0.09202264683750577,50998.97,0.0,0.01899365079365079,-0.1527647996634981,,0.0,2.330357142857143,-0.2892857142857143,0.0,2.040150619819528,77.27825777346047,56.649747074234384,58.344138318146946,77.27825777346047,22.297876917822485,,48.791229468215754
2025-03-11,KZTK,45999.0,160.0,3.792618649663387,-2.6632855823335326,0.9793835586085609,2.3117120841660515,1.4318638824439178,0.9884457399692386,0.6322723662582247,0.00012836022473101645,0.0006182539682539682,0.021913156108983735,0.026931320867223867,0.09101780931573054,51059.91,0.0,0.01900436507936508,-0.15046652722264148,,0.0,2.330357142857143,-0.2892857142857143,0.0,2.01903716981988,77.05505122237783,65.35437521891167,60.44072719001107,77.05505122237783,22.659488779579224,,48.7671099311278
2025-03-12,KZTK,45950.0,400.0,3.597893948408858,-1.747013543105291,0.4999999975,2.1999697476092934,1.1634044424895462,0.9571516665948931,0.7356497879371895,0.00013784767622373271,0.0006154761904761904,0.015367415410124877,0.04975453866348861,0.0905623128141354,50984.99,0.0,0.01901309523809524,-0.15161096948028396,,0.0,2.330357142857143,-0.2892857142857143,0.0,2.009466366179453,76.95336504407182,61.06083234842513,68.11433758224406,76.95336504407182,22.478905095037412,,49.61782015813196
2025-03-13,KZTK,46008.0,19080.0,3.4144503813383813,2.3861694464457472,0.23397683388649543,2.1727699443709763,0.547045951859948,0.9597961225462791,0.6967167649479822,0.00014074550143784481,0.000628968253968254,0.005163221303127406,0.049246429192438615,0.07648087164965096,50401.03,0.0,0.0190031746031746,-0.15605347206696973,,0.0,2.330357142857143,-0.2892857142857143,0.0,1.7135898712172826,73.65578387486997,54.03646574590278,67.95205846488915,73.65578387486997,21.787625698988787,,53.63438174719389
2025-03-14,KZTK,45910.0,1480.0,2.5252727864626325,-0.43868944719587644,-0.3772455086055434,1.7652803604978815,0.017391304347835757,0.957461506275843,0.5435121319273178,0.0001408155369478167,0.0006206349206349206,0.012973254607876695,0.05287246294509963,0.08284984614480366,50585.89,0.0,0.01899920634920635,-0.1529981980790573,,0.0,2.330357142857143,-0.2892857142857143,0.0,1.8474135209501,75.1839678461892,59.44238690115867,69.10044223452726,75.1839678461892,22.261384951430923,,50.01626986596547
2025-03-17,KZTK,46454.44,2280.0,3.421715510705117,0.26170590739719357,0.9980854291175046,2.928725597684197,-0.8401909328495161,0.9479169077132867,0.2684695344740887,0.00014042859458965136,0.0006202380952380952,0.004049117240222604,0.054368747971642914,0.06819486090676341,50505.01,0.0,0.018999603174603176,-0.16760077699579984,,0.0,2.330357142857143,-0.2892857142857143,0.0,1.5394858297923282,71.5793676366843,53.25439680289055,69.56763601255044,71.5793676366843,20.06317841399233,,50.47158299407391
2025-03-18,KZTK,47150.0,17410.0,4.6223691108730245,2.294573327113115,-0.12661565651063422,4.440600247370688,1.2013378649190498,0.9467078715190865,0.46684006210140366,0.00014502381052422568,0.0006238095238095239,-0.006564060159235132,0.0470690673971957,0.21206461184332343,58044.79,0.0,0.019001984126984128,-0.20161767156491445,,0.0,2.330357142857143,-0.2892857142857143,0.0,4.562448972624047,93.92017543898497,45.778959316712864,67.25176148612553,93.92017543898497,15.584148805797348,,53.083249277821416
2025-03-19,KZTK,46800.0,1100.0,2.1948114031893584,-0.4671569467392995,0.7772828490483679,3.345232142391484,2.502228309311061,0.9582048879947553,0.24564021907756456,0.00014567462440870222,0.0006373015873015873,-0.005331196581196582,0.046581379731379706,0.24806040903540902,59298.0,0.0,0.018990873015873013,-0.19001245421245422,,0.0,2.330357142857143,-0.2892857142857143,0.0,5.318785641730412,96.05044794824222,46.644019749106405,67.09383520173331,96.05044794824222,17.012899860973796,,51.33236595262696
2025-03-20,KZTK,46390.0,45180.0,1.1601136825103908,3.3788689469313,0.6085106380389317,2.424215297149039,1.8498367791077275,0.8176483506734727,0.30109678938723816,0.000140849665881631,0.0006376984126984128,0.042259734155212704,0.06235319333668655,0.19895412864362524,56499.99,0.0,0.018980555555555553,-0.1920653089575271,,0.0,2.330357142857143,-0.2892857142857143,0.0,4.286974057018763,92.90498206512217,77.01266603172161,71.99165358002327,92.90498206512217,16.752797679723347,,55.82880381250025
2025-03-26,KZTK,46650.0,24610.0,1.2987984797918632,2.771366137968931,-0.4795836667415598,2.616549978387019,0.8302903842809961,0.6769627216262294,0.3760035502177254,0.00013392155066403752,0.0006261904761904761,0.03470839202776502,0.07986042974531724,0.18145430383300154,55999.99,0.0,0.01897420634920635,-0.1859833256775379,,0.0,2.330357142857143,-0.2892857142857143,0.0,3.919271151688409,91.30583584352586,73.0243033258542,76.8729035724312,91.30583584352586,17.532718202331004,,53.87063432255241
2025-03-27,KZTK,46789.0,70.0,1.3537814110772037,-2.9357663899985513,0.9266666635777778,2.7197038436490755,1.6118492703114828,0.6552831272797105,0.35553591859052214,0.00013147528825467405,0.0006277777777777778,0.025003186714283383,0.0779139455939821,0.16176354066058804,55245.0,0.0,0.01896269841269841,-0.17373711752898094,,0.0,2.330357142857143,-0.2892857142857143,0.0,3.50553267687391,89.12254085061606,67.30215182249142,76.36080874055028,89.12254085061606,19.189284391533253,,48.927206958358916
2025-03-28,KZTK,46990.0,390.0,1.770159912896211,-1.3733753761513456,0.9999999958331598,3.1462003791200557,0.7201895018000393,0.6472019359514972,0.34125216548257675,0.0001740799541027956,0.0006416666666666667,0.018808899478781366,0.07166906662005082,0.17797058627806658,56243.0,0.0,0.018943650793650794,-0.18169239512290694,,0.0,2.330357142857143,-0.2892857142857143,0.0,3.8460719579729212,90.9508068297721,63.34442450125262,74.66557543831462,90.9508068297721,18.099977650737216,,49.5283433908507
2025-03-31,KZTK,46700.0,80.0,1.1364530306978882,-2.9357663899985513,-0.9999999966666667,2.462838165625213,-0.33934252386002006,0.6388806201727726,0.5665752959513355,0.00014381274501929284,0.0006611111111111111,0.0342760111824887,0.06594443169844666,0.20137083290846672,56987.0,0.0,0.018907539682539682,-0.1810110473811223,,0.0,1.099787685774947,-0.18895966029723993,0.0,4.33775337561897,93.10320645933959,72.78318709586142,73.04262839625382,93.10320645933959,18.191355146986123,,47.404412568919234
2025-04-01,KZTK,48500.0,71560.0,5.025398593204669,3.8387486709007295,0.9999999995918368,6.409177012247564,-0.21367521367521292,0.6671184175978211,0.21111872680832863,0.00022640811247867746,0.0006674603174603175,-0.009403804614629358,0.029752088856161006,0.18937488136147926,58600.1,0.0,0.018874603174603176,-0.21250420553100963,,0.0,1.099787685774947,-0.18895966029723993,0.0,4.0856967816951455,92.06650896347985,43.796896880658416,61.42676875758497,92.06650896347985,14.334275407490654,,53.944617014349056
2025-04-02,KZTK,48420.0,700.0,3.0505095299141303,-0.7884486834516692,0.977908097275224,4.941141086324913,4.548394050441895,1.0349849954686237,0.2894165991189097,0.00022589417606510355,0.0006357142857142858,-0.004668780610137457,0.029820052221632188,0.1955075588599752,58800.0,0.0,0.018866666666666667,-0.20816309376290787,,0.0,1.099787685774947,-0.18895966029723993,0.0,4.214555405027311,92.61317391133997,47.10968402728215,61.45041461001275,92.61317391133997,14.822363604259458,,50.980962106450846
2025-04-03,KZTK,48110.01,350.0,2.357688060564047,-1.4815800282845015,-0.5982982310118794,4.248995750564612,3.7942122186495286,1.041436047916616,0.5809149519222665,0.00022406940190176333,0.0006242063492063491,-0.007592981609579143,0.1932584510048651,0.19188405018593246,58249.0,0.0,0.01886190476190476,-0.20670938439788702,,0.0,1.099787685774947,-0.18895966029723993,0.0,4.138418947585383,92.29450836846776,45.058919615621406,94.61625238878175,92.29450836846776,14.988850837188512,,50.074243763846226
2025-04-04,KZTK,48025.0,310.0,2.170466845877848,-1.6029367663916534,-0.9999999978947368,4.060411494374091,2.8233345444442115,1.062991722186166,0.275921973004335,0.00023933435558890048,0.0006285714285714285,-0.014577770547747062,0.22149143427282417,0.1971789509018947,58400.0,0.0,0.01885436507936508,-0.20651388930203343,,0.0,1.099787685774947,-0.18895966029723993,0.0,4.249674368583262,92.7560387816974,40.24018211257815,96.37732196097645,92.7560387816974,15.011357186532909,,47.83890487536815
2025-04-07,KZTK,48450.0,1930.0,2.7539388506361115,0.40287517104069515,0.9326798787344627,4.975010933353845,2.2025962970844803,1.0676978472463472,-0.12407802574124431,0.000244997070206846,0.0006412698412698412,-0.015556700574966786,0.15292387709469749,-0.19324411273281247,39999.99,0.0,0.018837301587301587,-0.21637235736399824,,0.0,1.099787685774947,-0.18895966029723993,0.0,-3.9538188869210997,8.531017143558984,39.57746738687809,90.67104394759227,8.531017143558984,13.910707759751206,,50.8439531477114
2025-04-08,KZTK,48199.0,1140.0,1.9562574588770532,-0.12361298259663807,0.668568108152057,4.402916078776467,3.747323340471098,1.075274794321466,0.2624579493389816,0.0002493449693661165,0.0006678571428571428,0.01033944079225776,0.1486710520075994,-0.30760703733397615,34279.0,0.0,0.01880436507936508,-0.21956663712643712,,0.0,1.099787685774947,-0.18895966029723993,0.0,-6.356790350520874,2.1582066248707896,57.638060514483534,90.12917491862471,2.1582066248707896,13.568885045818341,,51.673911093119045
2025-04-09,KZTK,48349.9,1100.0,2.2357769778829044,-0.018018351210168395,0.999999998823391,4.711300706105389,-0.6206185567010358,1.0866802686914638,0.19617157105102562,0.0002503233570966162,0.0006591269841269841,0.007998649103425536,0.12947264684843487,-0.29906882916108535,34797.99,0.0,0.018780555555555557,-0.2202399563522349,,0.0,1.099787685774947,-0.18895966029723993,0.0,-6.177387185891397,2.397603591436992,56.017035289040116,87.32188777818767,2.397603591436992,13.49774245018181,,50.142095707333624
2025-04-10,KZTK,47900.0,1470.0,1.2533778575154537,0.28995005191484313,-0.05770385981259405,3.707029235375197,-0.14477488641057024,1.0825818501408428,0.200589951360659,0.00024887940260672625,0.0006309523809523809,0.01880757282035988,0.1610479843920867,-0.2893358965437254,34940.0,0.0,0.01877222222222222,-0.2182537271763264,,0.0,1.099787685774947,-0.18895966029723993,0.0,-5.9728807042827805,2.702151885980464,63.343554914702594,91.6324225402179,2.702151885980464,13.708515580274744,,47.41724380748741
2025-04-11,KZTK,47480.05,420.0,0.3519176872956808,-0.9808150568048436,-0.9999214822012943,2.768776027957742,-0.43652038318013897,1.0866438246251797,0.30870882560051605,0.0002196533266771412,0.0006313492063492063,0.04154729488599073,0.1871093808167182,-0.29213220432197234,34500.0,0.0,0.0187531746031746,-0.20718964852121774,,0.0,1.099787685774947,-0.18895966029723993,0.0,-6.031636177859584,2.610995604709665,76.65469093005241,94.13729363889797,2.610995604709665,14.933678495608117,,41.763425352444045
2025-04-14,KZTK,47852.01,990.0,1.1349418399637212,-0.12337790114002138,-0.7399499981501149,3.565973936592728,-1.134721499219149,1.1139297562047574,0.3087245287392046,0.00022742610480437135,0.000625,0.0417554672326497,0.21148049004106612,-0.30403856433094445,34199.98,0.0,0.018741666666666667,-0.2093903911268752,,0.0,1.099787685774947,-0.18895966029723993,1.0,-6.281810291862737,2.2552775160264327,76.75968952820568,95.82753308340656,2.2552775160264327,14.682998095466615,,46.85755872393492
2025-04-15,KZTK,48850.0,980.0,3.2319197469415966,-0.1335301703780739,0.9314670049406089,5.519717859384446,-1.2342414860681106,1.1202948228565224,-0.025801446637710935,0.00023279664566381447,0.0006206349206349206,0.012327518643076449,0.1905470508196455,-0.30430100201458954,34900.0,0.0,0.018732936507936507,-0.22427371407450727,,0.0,1.099787685774947,-0.18895966029723993,1.0,-6.2873245812792735,2.2479955572030583,59.00217395398511,94.40978268102744,2.2479955572030583,13.078107420299018,,49.015710231553165
2025-04-16,KZTK,48887.9,70.0,2.9791696045423066,-2.7544541487395744,0.9522239819906989,5.671448248943334,1.3506504284321208,1.1958119906117712,0.02677833271999943,0.0002545071320876754,0.0006206349206349206,0.017600120159086304,0.1783444106547999,-0.30894050117231275,34699.99,0.0,0.018727380952380954,-0.22883471981267672,,0.0,1.099787685774947,-0.18895966029723993,1.0,-6.384808832580858,2.1229919086851288,62.548561504287605,93.3852154013761,2.1229919086851288,12.617026808330412,,48.011226856619146
2025-04-17,KZTK,48950.0,380.0,3.0795413115940242,-1.011586498264705,-0.3818966224552082,5.808609351352051,1.1127220531996995,1.190918540920854,0.01722312935346102,0.0002642753005782802,0.0006154761904761904,0.03869215712502232,0.17991207338229812,-0.30049059981840887,35157.03,0.0,0.01871388888888889,-0.22492184079964977,,0.0,1.099787685774947,-0.18895966029723993,1.0,-6.20726115360643,2.356014386287053,75.18149617024572,93.52601363656892,2.356014386287053,13.011725168620025,,47.22974965253332
2025-04-18,KZTK,49600.0,470.0,4.410719278396986,-0.7398994775807093,0.3229396642743821,7.209652740726309,2.192066805845516,1.1738776698759432,-0.047615423175061816,0.00026209154650186486,0.0006202380952380952,0.026258669354838778,-0.2066946204557092,-0.27695382744495645,36790.0,0.0,0.018687698412698413,-0.23982430875576036,,0.0,1.099787685774947,-0.18895966029723993,1.0,-5.712711083678661,3.144313101329205,68.07725891283579,4.7109341252604855,3.144313101329205,11.562979616419783,,49.38815547936332
2025-04-21,KZTK,49998.89,310.0,5.147023903238324,-0.9968139938157609,0.9995488470611148,8.07063023782569,4.4649279012974885,1.1651223028167847,0.21695680612007345,0.0002896602730615807,0.0006325396825396825,0.016555771171453314,-0.32755319248452397,-0.2306344901386176,39400.0,0.0,0.018651984126984125,-0.24662756794764334,,0.0,1.099787685774947,-0.18895966029723993,1.0,-4.739458203445375,5.500919095275164,61.85543477470456,0.8310534411767323,5.500919095275164,10.949487575962525,,50.23027951210275
2025-04-22,KZTK,49605.03,380.0,4.295942767110236,-0.4314335625652832,-0.9820931401989204,7.3904047857069,4.486499104217345,1.1462699469878022,0.5648565751623194,0.00030839351644168,0.0006396825396825397,0.012900728028128255,-0.311642808732588,-0.1910689062386559,41050.0,0.0,0.018605952380952383,-0.24650437457221,,0.0,1.099787685774947,-0.18895966029723993,1.0,-3.9081138723709388,8.747453069427385,59.39301808325299,1.047497836345962,8.747453069427385,10.960338402267745,,50.77493510357205
2025-04-23,KZTK,49902.0,1250.0,3.8315544757066484,1.0328167543468663,-0.5571327178444764,8.047951204834328,1.5456090071647832,1.1415091486902949,0.18214454613441355,0.0003290795125005824,0.0006353174603174604,0.010577280183445257,-0.3129590114242964,-0.2190149912399732,39900.0,0.0,0.018582142857142856,-0.250325879342559,,0.0,1.099787685774947,-0.18895966029723993,1.0,-4.495311559136076,6.3139552769299945,57.80191101624423,1.0276512744085697,6.3139552769299945,10.628103955303498,,51.58782595876571
2025-04-24,KZTK,50998.97,600.0,5.153899239597343,0.2988529247086899,0.9999999989118252,10.417539792281154,2.0743374127340175,1.14192637375161,-0.11972679383262153,0.0003336341778617684,0.0006384920634920634,-0.012795209618472483,-0.33662090816588264,-0.2293370251353287,40250.0,0.0,0.018568650793650793,-0.26717149522691414,,0.0,1.099787685774947,-0.18895966029723993,1.0,-4.712196121885326,5.586570810775743,41.455983857489485,0.7281941392780711,5.586570810775743,9.267436939899948,,51.09694797410328
2025-04-25,KZTK,51059.91,1230.0,5.2381494425606325,0.8324982191921915,0.8089806938929066,10.537217932280592,4.185842696629205,1.2146680298744046,0.15665253044078517,0.0003240665724679972,0.000628968253968254,0.1336909882376641,-0.3432886586052494,-0.21890805883272835,40829.99,0.0,0.018556746031746032,-0.2556498741667247,,0.0,1.099787685774947,-0.18895966029723993,1.0,-4.4930647162537385,6.321934417942371,97.79055045158394,0.6607189320160967,6.321934417942371,10.180054592019605,,52.38345359701244
2025-04-28,KZTK,50984.99,700.0,4.9897733164178035,0.07410750116770554,0.9017724082390045,10.373585595068713,2.943366935483871,1.2167668174130706,0.2538607363644901,0.00031329722604090526,0.0006242063492063491,0.15993945323799114,-0.3285621932471367,-0.21600086214862227,40917.98,0.0,0.018550396825396828,-0.2495092803626017,,0.0,1.099787685774947,-0.18895966029723993,1.0,-4.431979266617487,6.542499218024217,98.93455436408361,0.8189301208441413,6.542499218024217,10.69834368354759,,51.639695077617986
2025-04-29,KZTK,50401.03,300.0,3.7416123741372718,-0.8472896376145791,-0.9999999974935458,9.141200531005342,1.972243783812,1.200030724795457,0.23430544860006802,0.00023275749995283417,0.000619047619047619,0.11789157462505434,-0.32459561770096923,-0.2110282092990201,40699.99,0.0,0.018551190476190475,-0.23756280582712264,,0.0,1.099787685774947,-0.18895966029723993,1.0,-4.327494854928522,6.936421363650503,96.59102804739197,0.8676240091250564,6.936421363650503,11.773437180611445,,49.98105194579779
2025-04-30,KZTK,50585.89,510.0,3.2062422206204344,-0.2425613187403589,0.9999999979752576,9.585946730625112,1.6046759774160035,0.9468305944871641,0.2307240771411429,0.00027007699628843186,0.0006166666666666666,0.10390763074328582,-0.31806196327373515,-0.21020840870357263,40891.0,0.0,0.018556349206349205,-0.23430382832372224,,0.0,1.099787685774947,-0.18895966029723993,1.0,-4.310269364730781,7.003436271124469,95.02311242098943,0.9541629628259773,7.003436271124469,12.082553430308362,,51.924367260979665
2025-05-02,KZTK,50505.01,860.0,2.8696163840925175,0.43796379975787686,-0.2374654680215114,9.461188282190806,1.3704661135826246,0.9436022922249271,0.5421506203050898,0.00027475213213111585,0.0006206349206349206,0.0907360042533325,-0.2845895586461904,-0.21081271727056358,40795.0,0.0,0.018554365079365077,-0.22601120359423532,,0.0,1.099787685774947,-0.18895966029723993,1.0,-4.3229669784613876,6.9539791255565415,92.9398557812008,1.550528373535398,6.9539791255565415,12.900796439954282,,52.66054523321803
2025-05-05,KZTK,58044.79,7970.0,7.018980661837815,2.5064663208921862,0.99883716420029,10.666012107132866,-0.9685685808948685,0.9264254925455854,0.2946575269184224,0.0002575823679791788,0.0006261904761904761,-0.03415367498188189,-0.3342166197091552,-0.3183692343412323,40641.5,0.0,0.01854404761904762,-0.3292265165114952,,0.0,1.099787685774947,-0.18895966029723993,1.0,-6.5829235347172865,1.8895519623684354,27.927004426926004,0.754167107538184,1.8895519623684354,5.511058464932228,,52.43037670518802
2025-05-06,KZTK,59298.0,8100.0,7.018980661837815,2.340324085118526,-0.514585799107596,10.666012107132866,6.831519331241112,1.8987201803024525,0.33262882097989904,0.00026778312265347674,0.0006261904761904761,-0.04208375774337527,-0.32070405711105654,-0.3322545976416132,40694.98,0.0,0.01853373015873016,-0.350858602514499,,0.0,1.099787685774947,-0.18895966029723993,1.0,-6.874680079846698,1.590939668976965,23.65031390752858,0.918183671659345,1.590939668976965,4.577987383130311,,50.0
2025-05-08,KZTK,56499.99,5270.0,3.7259083967371827,1.910490125460017,-0.7046345917464585,10.666012107132866,6.831519331241112,1.8987201803024525,0.04935717951057896,0.0002652986993865306,0.0006273809523809525,0.03405184110609916,-0.30675954982364556,-0.30172523835318166,40499.0,0.0,0.018521825396825398,-0.31677320060735115,,0.0,1.099787685774947,-0.18895966029723993,1.0,-6.2332031376652175,2.3204708708250035,72.65764938167821,1.1244999784992826,2.3204708708250035,6.126751784417589,,50.0
2025-05-12,KZTK,55999.99,1930.0,1.8081797651678368,0.9059800880043732,0.3310992044554809,10.666012107132866,6.831519331241112,1.8987201803024525,0.10843026065999642,0.00026850806745236936,0.0006198412698412699,0.046873997023843046,-0.2942093954612866,-0.31314054864301183,39501.1,0.0,0.018517460317460318,-0.31098161604766666,,0.0,1.099787685774947,-0.18895966029723993,1.0,-6.473059410756012,2.015710044614333,79.23723089234949,1.349007851192302,2.015710044614333,6.434506722911087,,54.41255705735985
2025-05-13,KZTK,55245.0,1650.0,-0.055478340534848035,0.7492354916067933,-0.25533117391510984,10.666012107132866,6.831519331241112,1.8987201803024525,-0.02534989804395891,0.0002696587644029923,0.0006162698412698412,0.05124659654612139,-0.27388908929487266,-0.29899493479263367,39750.0,0.0,0.018517063492063494,-0.2877282686646928,,0.0,1.099787685774947,-0.18895966029723993,1.0,-6.175834531835641,2.3997845952132835,81.19485086489435,1.8095923358522503,2.3997845952132835,7.82025103766445,,54.82624531121528
2025-05-14,KZTK,56243.0,1320.0,1.175308670679387,0.5260921945871698,0.9645145387064985,10.666012107132866,6.831519331241112,1.8987201803024525,-0.0289230392226786,0.00027044639719820806,0.0006226190476190475,0.035223661512445006,-0.2854342640170529,-0.31965850801468343,39305.5,0.0,0.018509920634920636,-0.3017253282242672,,0.0,1.099787685774947,-0.18895966029723993,1.0,-6.610013501652619,1.859654011541917,73.30987683614147,1.5317059099739738,1.859654011541917,6.956386491718691,,54.446746850140684
2025-05-15,KZTK,56987.0,10560.0,2.290993264342461,2.4404531373692695,0.24607006618157035,10.666012107132866,-3.104137339458035,1.8987201803024525,-0.035787564321436906,0.00026063065967332424,0.000625,-0.30121268788398137,-0.2987525973272657,-0.31993716988085,39809.0,0.0,0.0185,-0.3108832151777306,,0.0,1.099787685774947,-0.18895966029723993,1.0,-6.61586869042754,1.853253162678098,0.02060828842287976,1.2630402152880693,1.853253162678098,6.43985796515577,,53.30798887765019
2025-05-16,KZTK,58600.1,11220.0,4.2989236822930526,2.5010772719017758,-0.24453473401575723,10.666012107132866,-3.8972646632264185,1.8987201803024525,0.11634360873639638,0.0002534613873770639,0.0006345238095238095,-0.4181625088787838,-0.31514025438103294,-0.3273552844382707,40500.01,0.0,0.018480555555555552,-0.33511853527702684,,0.0,1.099787685774947,-0.18895966029723993,1.0,-6.771736666498997,1.6905902818799223,0.0007591602666057184,0.9955772699976995,1.6905902818799223,5.240489935848064,,52.10699640540134
2025-05-19,KZTK,58800.0,9670.0,3.507867537930297,2.2250090734435073,-0.6170533598704194,10.666012107132866,3.7170095074353204,1.8987201803024525,0.20836358028253663,0.00023383161032326,0.0006277777777777778,-0.4113323696145125,-0.31913605442176873,-0.3331123015873016,40299.0,0.0,0.018469444444444445,-0.337060544217687,,0.0,1.099787685774947,-0.18895966029723993,1.0,-6.892701987846112,1.5740986175714455,0.0009205972724024569,0.9393708543823709,1.5740986175714455,5.154093431548512,,53.8776845536478
2025-05-20,KZTK,58249.0,9150.0,1.9876652150030938,1.9986402450519298,-0.3624053733208184,10.666012107132866,5.000018750003354,1.8987201803024525,0.018733067417356565,0.00022279596370299804,0.0006194444444444444,-0.40329947139905936,-0.3152048674655359,-0.3303853909475113,40080.0,0.0,0.01846587301587302,-0.33410417312157686,,0.0,1.099787685774947,-0.18895966029723993,1.0,-6.83540467340566,1.6282580837597094,0.001154918403689642,0.9946424368891149,1.6282580837597094,5.2861593401590685,,54.58934263864606
2025-05-21,KZTK,58400.0,16880.0,1.9242988797248544,2.5753681304132003,0.9999999976019185,10.666012107132866,5.437596162548641,1.8987201803024525,-0.002681772463785148,0.00022026058153659076,0.000621031746031746,-0.41237594042183084,-0.3160879919547727,-0.3319038106110024,40094.9,0.0,0.018460317460317458,-0.3333553218090889,,0.0,1.099787685774947,-0.18895966029723993,1.0,-6.867309411185518,1.5978783508803218,0.0008938727795726464,0.9819520139798865,1.5978783508803218,5.32011555377343,,55.86093512650773
2025-05-22,KZTK,39999.99,8119.999999999999,-4.725018904134857,1.6989129096592452,-0.999999999929086,-10.290667101823292,3.835143929022289,1.8987201803024525,0.004415319315298838,0.0001919113347201065,0.0006242063492063491,-0.14811893704372223,-0.00043585799229777997,-0.012501732639421202,40238.0,0.0,0.018451984126984126,-0.021394467865283612,,0.0,1.099787685774947,-0.18895966029723993,1.0,-0.15609525277836242,47.6602812268776,1.5288211583868783,50.549100429354255,47.6602812268776,48.44544822762861,,50.0
2025-05-23,KZTK,34279.0,8420.0,-4.725018904134857,1.5483920601809582,-0.7571998315628645,-10.290667101823292,-5.0352896425731,1.8987201803024525,-0.24479869390683237,0.00021447034274693072,0.0006349206349206349,0.01502041280537809,0.13944941679551132,0.1499186374229769,40049.91,0.0,0.018432539682539682,0.15382284148701345,,0.0,1.099787685774947,-0.18895966029723993,1.0,3.2566498805625734,87.58810515525903,60.827673158474326,88.8571997531682,87.58810515525903,82.05232654543263,,50.0
2025-05-26,KZTK,34797.99,4520.0,-4.725018904134857,0.22757784954643226,0.5991783561130437,-10.290667101823292,-5.0352896425731,1.8987201803024525,-0.34733171341625385,0.0002183519147427369,0.0006353174603174604,-0.005891651442402003,0.12943513518549019,0.13073161660514093,39987.94,0.0,0.018413492063492062,0.1394176954459836,,0.0,1.099787685774947,-0.18895966029723993,1.0,2.8534959418403254,84.7108150175489,46.25048488328342,87.31578792639867,84.7108150175489,80.05647096797578,,50.0
2025-05-27,KZTK,34940.0,2550.0,-4.725018904134857,-0.6521198931277682,-0.24993725151866103,-10.290667101823292,-5.0352896425731,1.8987201803024525,-0.10408537021956121,0.00021836607187692802,0.0006226190476190475,0.0031567435331315936,0.11207767965037571,0.12249074694941894,39863.0,0.0,0.01840793650793651,0.14897344518039995,,0.0,1.099787685774947,-0.18895966029723993,1.0,2.6803403961334804,83.3161919149455,52.62680205882801,84.21445493137117,83.3161919149455,81.3984265415283,,50.0
2025-05-28,KZTK,34500.0,3220.0,-4.725018904134857,-0.4188323270064652,-0.05721458907698976,-10.290667101823292,-5.0352896425731,1.8987201803024525,-0.08159174585912976,0.00018473644313932945,0.0006123015873015872,0.06334030365769497,0.14101620082815733,0.12651642512077296,39500.0,0.0,0.01841111111111111,0.15266157694962043,,0.0,1.099787685774947,-0.18895966029723993,1.0,2.764927160604016,84.0097848504496,85.86497612955512,89.08298600152271,84.0097848504496,81.89739320862482,,50.0
2025-05-29,KZTK,34199.98,1260.0,-4.725018904134857,-1.3570992274979392,-0.48986394474511846,-10.290667101823292,-5.0352896425731,1.8987201803024525,-0.2930346631949114,0.00018945305912538714,0.0006134920634920636,0.14902761606785297,0.1713420667903574,0.1391606811208382,39589.0,0.0,0.01841309523809524,0.1606700205781703,,0.0,1.099787685774947,-0.18895966029723993,0.0,3.0306058012348784,86.03696418112226,98.55574652016139,92.72094631266906,86.03696418112226,82.94482951225721,,50.0
2025-05-30,KZTK,34900.0,7320.0,-4.725018904134857,0.4023956679857483,0.32567049783473523,-10.290667101823292,-5.0352896425731,1.8987201803024525,-0.19100745215811793,0.0001974877326264126,0.000611904761904762,0.17321617774139264,0.14182493405193977,0.10808820439350517,39315.02,0.0,0.018416666666666668,0.1402689191340337,,0.0,1.099787685774947,-0.18895966029723993,0.0,2.3777169813700043,80.63757170782984,99.26513336121164,89.19795310699473,80.63757170782984,80.17890283957591,,50.0
2025-06-02,KZTK,34699.99,2360.0,-4.725018904134857,-0.9810924526043073,-0.5671490750272985,-10.290667101823292,1.811604772601294,1.8987201803024525,0.02556661372140203,0.00016361902026890856,0.0006150793650793651,0.14685822327863812,0.14216856053128551,0.11976571842843547,39495.0,0.0,0.01841904761904762,0.1414094591031789,,0.0,1.099787685774947,-0.18895966029723993,0.0,2.6230826284062627,82.83317036299724,98.46593400560064,89.24647909811232,82.83317036299724,80.34205897659942,,50.0
2025-06-03,KZTK,35157.03,23170.0,-4.725018904134857,1.303101963172152,-0.41441194724830477,-10.290667101823292,-0.2816254617005187,1.8987201803024525,-0.2076988725066664,0.00016000967426851845,0.000601984126984127,0.141842456438266,0.12756336066695764,0.11075086765177618,39699.0,0.0,0.018440079365079364,0.11882272801078887,,0.0,1.099787685774947,-0.18895966029723993,0.0,2.4336643423623423,81.1563049087496,98.23670613250192,87.00821661215181,81.1563049087496,76.92122224175301,,50.0
2025-06-04,KZTK,36790.0,4270.0,-4.725018904134857,-0.5824372643390402,0.7899989495997483,-10.290667101823292,0.6211505437893505,1.8987201803024525,-0.24059381165259514,0.00015897757559339923,0.000594047619047619,0.10676812960302355,0.0808108024092123,0.0633469131967366,39799.98,0.0,0.018468253968253967,0.06740454876885978,,0.0,1.099787685774947,-0.18895966029723993,0.0,1.4376216981706036,70.31979512643059,95.39140689802935,77.1200995984786,70.31979512643059,67.69073919093623,,49.60833296936178
2025-06-05,KZTK,39400.0,5470.0,-4.725018904134857,-0.1404768821987364,0.6509939966799067,-10.290667101823292,6.6376811594202945,1.8987201803024525,-0.07115110391724755,0.00015762597634818784,0.0005968253968253967,0.035462331802433404,0.0035662094110064536,-0.013215810571267387,39607.9,0.0,0.018492460317460317,-0.00839873499315124,,0.0,1.099787685774947,-0.18895966029723993,0.0,-0.17109931899122727,47.43576186003421,73.44149970314125,52.01732646365018,47.43576186003421,51.37817408223915,,50.0
2025-06-09,KZTK,41050.0,3060.0,-4.725018904134857,-0.5624120202529183,0.5878473757648996,-10.290667101823292,6.831519331241112,1.8987201803024525,0.15702048436775745,0.00017183720848782468,0.0005936507936507937,-0.011617701022755885,-0.03882393809330466,-0.04775208756259304,39850.0,0.0,0.018519444444444443,-0.05709225006283472,,0.0,1.099787685774947,-0.18895966029723993,0.0,-0.8967688343394609,36.863868829064614,42.264953071810595,36.777368573206736,36.863868829064614,40.50347904407152,,50.0
2025-06-10,KZTK,39900.0,1560.0,-4.725018904134857,-1.1637485905897096,-0.20635634501057695,-10.290667101823292,6.831519331241112,1.8987201803024525,0.20945585995379035,0.00018058317230841794,0.0006115079365079366,0.02173550543024227,-0.013884461152882204,-0.025044465329991647,39640.0,0.0,0.018528174603174605,-0.02894636591478697,,0.0,1.099787685774947,-0.18895966029723993,0.0,-0.4196407054336902,43.73843405726493,65.24073641411844,45.62290056957798,43.73843405726493,46.74483900614863,,50.0
2025-06-11,KZTK,40250.0,1690.0,-4.725018904134857,-1.0837062257593464,0.3077821755324536,-10.290667101823292,6.831519331241112,1.8987201803024525,0.28161440595713466,0.00019899305496700126,0.000625,0.010445134575569358,-0.031581159420289856,-0.03422487922705314,39618.0,0.0,0.01852301587301587,-0.042724327122153204,,0.0,1.099787685774947,-0.18895966029723993,0.0,-0.6125377714680533,40.91397689091785,57.71089523219464,39.28336636306226,40.91397689091785,43.66431654035946,,50.0
2025-06-12,KZTK,40829.99,1600.0,-4.725018904134857,-1.13843089868462,0.784612069747823,-10.290667101823292,6.831519331241112,1.8987201803024525,0.42605323051328636,0.00019804573105864176,0.0006170634920634921,-0.007710507236108461,-0.043340112175637484,-0.05572733612315164,39311.1,0.0,0.018526984126984128,-0.05935652154562995,,0.0,1.099787685774947,-0.18895966029723993,0.0,-1.0643432014079162,34.55617408416997,44.976800919206816,35.24923907988475,34.55617408416997,40.01176625629574,,50.0
2025-06-13,KZTK,40917.98,960.0,-4.725018904134857,-1.6492536817278522,0.9816363591744093,-10.290667101823292,6.831519331241112,1.8987201803024525,0.4249758545429012,0.0001969079716741264,0.0006178571428571429,-0.008541990394613421,-0.05211860517800716,-0.05672739531677298,39355.01,0.0,0.018529761904761903,-0.06147306790063505,,0.0,1.099787685774947,-0.18895966029723993,0.0,-1.085356250108476,34.271607367116495,44.39662557345076,32.3656733756232,34.271607367116495,39.55394414065761,,50.0
2025-06-16,KZTK,40699.99,860.0,-4.725018904134857,-1.6312845067848287,-0.5608451449714397,-10.290667101823292,3.852741116751268,1.8987201803024525,0.4911043270418018,0.00019855195888232046,0.0006198412698412699,-0.008026028864376606,-0.04254791102226271,-0.05145192104118794,39360.01,0.0,0.01852857142857143,-0.05152418699084969,,0.0,1.099787685774947,-0.18895966029723993,0.0,-0.9745090136863972,35.78505994995752,44.75647302477488,35.51522403845381,35.78505994995752,41.72059295578889,,50.0
2025-06-17,KZTK,40891.0,1310.0,-4.725018904134857,-1.0503915982856187,0.2933333326814815,-10.290667101823292,-0.8526431181485994,1.8987201803024525,0.2613658228945339,0.00020400961665431448,0.0006218253968253969,-0.03707171383426247,-0.042093129168796796,-0.040441401802624316,39994.93,0.0,0.01852777777777778,-0.05631263514927218,,0.0,1.099787685774947,-0.18895966029723993,0.0,-0.7431581312045453,39.03372375457999,26.299491958333682,35.668325582395354,39.03372375457999,40.67322883952075,,49.364190247579685
2025-06-18,KZTK,40795.0,1660.0,-2.4569970511676873,-0.6374036678379081,0.13178802501140052,-10.290667101823292,2.4837092731829546,1.8987201803024525,0.3613037584329456,0.0002080902364413259,0.0006186507936507937,-0.02869445572811794,-0.03733676590462953,-0.03191097726339791,40249.0,0.0,0.018526984126984128,-0.054127501668232686,,0.0,1.099787685774947,-0.18895966029723993,0.0,-0.5639185147673164,41.62100679559647,31.131594430837957,37.28662802454383,41.62100679559647,41.15018640256592,,49.319796759565925
2025-06-19,KZTK,40641.5,2730.0,0.8312660398102394,-0.02710188067991935,-0.5933152571373973,-10.290667101823292,1.3540372670807432,1.8987201803024525,0.32610492832873506,0.00020894454242501888,0.0006158730158730159,-0.03595097703418724,-0.03838332265635111,-0.024716033624633822,40390.0,0.0,0.018527777777777775,-0.05978162925377903,,0.0,1.099787685774947,-0.18895966029723993,0.0,-0.4127397625060009,43.84035107878227,26.91730463682679,36.927949205852016,43.84035107878227,39.91966991771561,,47.500787009893926
2025-06-20,KZTK,40694.98,1150.0,7.018980661837815,-0.8310148617469133,0.5820515360023004,-10.290667101823292,-0.46164596170608085,1.8987201803024525,0.05051946295169096,0.00021050871949441474,0.0006158730158730159,-0.02484861661830346,-0.033719692773502105,-0.01833149552387761,40703.0,0.0,0.01852857142857143,-0.06793237249995204,,0.0,1.099787685774947,-0.18895966029723993,0.0,-0.27858909332814596,45.83086631217462,33.50553135373263,38.53687702938796,45.83086631217462,38.16833775219434,,42.969537321915375
2025-06-23,KZTK,40499.0,860.0,7.018980661837815,-1.0489466616401903,-0.5037469598141608,-10.290667101823292,-0.5449926902549973,1.8987201803024525,-0.02939750168273081,0.00016341265315294277,0.0006154761904761904,-0.0030520452396041414,-0.03417111454251075,-0.004763196259598021,41056.5,0.0,0.018528968253968253,-0.05632977361384982,,0.0,1.099787685774947,-0.18895966029723993,0.0,0.006505364122568023,50.09758033795125,48.24816604073105,38.379975161768186,50.09758033795125,40.669494776887284,,50.0
2025-06-24,KZTK,39501.1,1230.0,7.018980661837815,-0.4985543888281576,-0.4842961335848309,-10.290667101823292,-0.4938330451678241,1.8987201803024525,-0.017977864651275044,0.00014554959255571153,0.0006154761904761904,0.017121262880844867,-0.010005668108177622,0.02432806610710021,41194.0,0.0,0.018528968253968253,-0.023994502887663166,,0.0,1.099787685774947,-0.18895966029723993,0.0,0.6177652943059081,59.161824912699124,62.23136696215368,47.039176829991966,59.161824912699124,47.859340595769794,,50.0
2025-06-25,KZTK,39750.0,3440.0,7.018980661837815,0.7196572601896088,-0.21428571413265304,-10.290667101823292,-3.399036462791327,1.8987201803024525,-0.17350375790453754,0.00016609370926661142,0.0006158730158730159,0.005223712189278227,-0.0240117475292004,0.007887026055705224,40800.02,0.0,0.018528571428571426,-0.039093253968253965,,0.0,1.099787685774947,-0.18895966029723993,0.0,0.27230936780539666,54.075578132303725,54.07887526490397,41.963872882811216,54.075578132303725,44.47241804070156,,50.0
2025-06-26,KZTK,39305.5,2860.0,5.662849146682877,0.5350076039220649,-0.66332776813393,-10.290667101823292,-2.561588429954653,1.8987201803024525,-0.24271850573334824,0.0001661075589721561,0.0006154761904761904,0.017005528695346,-0.011715776670456625,0.019494097154705726,40800.0,0.0,0.018528571428571426,-0.028442669585802542,,0.0,1.099787685774947,-0.18895966029723993,0.0,0.5161948816127978,57.6816165200697,62.15454621036564,46.414035121890045,57.6816165200697,46.85807494912796,,50.0
2025-06-27,KZTK,39809.0,950.0,6.4047544338765565,-0.5671048918921252,0.43056016993902396,-10.290667101823292,-3.287280243101265,1.8987201803024525,-0.2567210079326548,0.00016541338978203642,0.0006150793650793651,0.007697489330999969,-0.024257573594469093,0.005435858725413852,40763.0,0.0,0.01852857142857143,-0.04124257524122125,,0.0,1.099787685774947,-0.18895966029723993,0.0,0.22080591799646904,53.30725280598099,55.80746762690602,41.875978435386685,53.30725280598099,43.993701772906334,,50.0
2025-06-30,KZTK,40500.01,7840.0,7.018980661837815,1.5434240609386758,-0.2380820859917963,-10.290667101823292,-2.177123566592254,1.8987201803024525,-0.28701928114531006,0.00017225909188921633,0.0006150793650793651,-0.014192942582185413,-0.02545602866674585,0.006113150882114369,41498.0,0.0,0.01852857142857143,-0.06383360942340824,,0.0,1.099787685774947,-0.18895966029723993,0.0,0.23503704867756328,53.519724520269676,40.50169635637432,41.44822191256549,53.519724520269676,39.04549944605138,,50.0
2025-07-01,KZTK,40299.0,1000.0,5.711978254287942,-0.5158117743778781,-0.1271726747723098,-10.290667101823292,0.0024938887380088204,1.8987201803024525,-0.23388630638083718,0.00017098641768354466,0.0006166666666666666,-0.010797770209351704,-0.014226836687428142,0.010282663755097312,41460.0,0.0,0.018526984126984128,-0.06641876721506737,,0.0,1.099787685774947,-0.18895966029723993,0.0,0.32264603984171525,54.824632605150725,42.83074797637597,45.49819348057785,54.824632605150725,38.49139497642755,,43.37156317444798
2025-07-02,KZTK,40080.0,600.0,4.721311895550804,-0.9994020751986117,-0.604010023548847,-10.290667101823292,2.0199437484019533,1.8987201803024525,-0.16246161461833294,0.00017364530903555924,0.0006158730158730159,-0.008494330386845356,-0.00525237382378101,0.0165536498431708,41486.0,0.0,0.018526190476190474,-0.05862218895542248,,0.0,1.099787685774947,-0.18895966029723993,0.0,0.4544107762790207,56.774249273374544,44.42984108797803,48.78105176655001,56.774249273374544,40.17101987870524,,43.765226905834545
2025-07-03,KZTK,40094.9,860.0,0.4938145187640314,-0.6082465418980451,-0.0009680542078979633,-10.290667101823292,0.8301886792452917,1.8987201803024525,-0.24040647650157174,0.00018413587538256823,0.0006154761904761904,-0.017917457239445482,0.0021784221992845413,0.010008758125117912,41238.99,0.0,0.01852579365079365,-0.06123748578323332,,0.0,1.099787685774947,-0.18895966029723993,0.0,0.3168907881737886,54.739093456863905,37.99536159670072,51.508458777232455,54.739093456863905,39.604813120369776,,46.37486080564061
2025-07-04,KZTK,40238.0,1220.0,0.0441074701741241,-0.16231373447350694,-0.16224307509341065,-10.290667101823292,2.0083703298520605,1.8987201803024525,-0.10793453371636533,0.00016989140265397725,0.0006158730158730159,-0.01920879416282642,0.007353373025734971,0.0069914272578160755,41264.73,0.0,0.018525,-0.057518649590492126,,0.0,1.099787685774947,-0.18895966029723993,0.0,0.2534912205634715,53.79505527055263,37.14038712335332,53.403551448898725,53.79505527055263,40.41073246258177,,47.46626003449127
2025-07-08,KZTK,40049.91,1110.0,-0.7207817530401655,-0.1346566726758544,0.25178076295206614,-10.290667101823292,1.0776457584968258,1.4868496360086119,-0.22649518272285224,0.00015706780658157886,0.0006154761904761904,-0.021429116497568894,0.015578510779246534,0.0064464891449550095,41050.0,0.0,0.018524603174603173,-0.05787668282168793,,0.0,1.099787685774947,-0.18895966029723993,0.0,0.24204108723398746,53.62424886866468,35.68924565093155,56.393370461821114,53.62424886866468,40.332909150305674,,47.48822870656095
2025-07-09,KZTK,39987.94,240.0,-0.7014708495966163,-1.6300512544845491,0.25297509832671794,-10.290667101823292,-1.1113577502820382,1.1396746497196866,-0.12852261293407977,0.00014565573064492465,0.0006162698412698412,-0.015408169036774168,0.007320821311752339,0.011782224451187918,41199.8,0.0,0.0185234126984127,-0.049080850377182426,,0.0,1.099787685774947,-0.18895966029723993,0.0,0.35415451667726544,55.29241860542407,39.67778054161273,53.391655753212376,55.29241860542407,42.257973385198795,,41.472138524202364
2025-07-10,KZTK,39863.0,1170.0,-1.0484024601595583,-0.012739007293198181,0.31326599585636883,-10.290667101823292,-0.7718801955383436,0.9493302660070615,-0.05249305831427422,0.00013121324710407795,0.0006170634920634921,-0.007200995522760693,0.01051979207356625,0.0024027366946075684,40697.1,0.0,0.01852142857142857,-0.04346876534272733,,0.0,1.099787685774947,-0.18895966029723993,0.0,0.15707454953888822,52.354375856916626,45.33300431718342,54.55863233978667,52.354375856916626,43.499040864776816,,41.00054472848639
2025-07-11,KZTK,39500.0,660.0,-1.918043731533889,-0.5639343502707469,-0.9999999977777778,-10.290667101823292,-0.5414171656686673,0.9295478871159875,0.13096214556676894,0.00012811498346543726,0.0006154761904761904,0.004500779586096123,0.01898936608398634,0.01646631002612015,40882.0,0.0,0.018521031746031747,-0.034169087803897935,,0.0,1.099787685774947,-0.18895966029723993,0.0,0.45257560908002975,56.74722505227577,53.57166545338582,57.62095317585902,56.74722505227577,45.5729071609133,,34.74926239398244
2025-07-14,KZTK,39589.0,200.0,-1.5923231584311772,-1.7316488150358704,0.264383194191925,-10.290667101823292,-1.4837298509286723,0.8791643303849836,-0.06884424314720702,0.00013455113741541025,0.0006154761904761904,-0.0026218010093391774,0.035235544645839174,0.017094922180564024,40999.0,0.0,0.018521031746031747,-0.036400159115066034,,0.0,1.099787685774947,-0.18895966029723993,0.0,0.4657838850494363,56.94163637539552,48.551493531699776,63.31638501542977,56.94163637539552,45.07368932606446,,40.195416523808476
2025-07-15,KZTK,39315.02,450.0,-2.2133399384464223,-0.9207231926641368,-0.6164488609798544,-10.290667101823292,-1.6129032258064502,0.8793886699907123,0.016481010709860116,0.0001460365325025812,0.0006154761904761904,0.01050315693130675,0.041574268224665756,0.03705359584429767,41500.0,0.0,0.018522619047619048,-0.03452794809093223,,0.0,1.099787685774947,-0.18895966029723993,0.0,0.8851516428477909,62.973753109758704,57.750864832305425,65.45049149733768,62.973753109758704,45.492546927449055,,34.281373133916716
2025-07-16,KZTK,39495.0,500.0,-1.7016350193472343,-0.8153630548634158,0.5730337062555233,-10.290667101823292,-1.8349354592806955,0.8836419146613592,-0.157164914076524,0.00015798512015874767,0.0006174603174603175,0.0005642079467563705,0.03742930162950102,0.022236479150465102,41105.0,0.0,0.018528174603174602,-0.042721737531574204,,0.0,1.099787685774947,-0.18895966029723993,0.0,0.5738172771669643,58.5232326298728,50.799505436722924,64.06140199601128,58.5232326298728,43.66489171347375,,41.19534863816055
2025-07-17,KZTK,39699.0,3120.0,-1.0917685990301171,1.084291270964145,-0.1133333332074074,-10.290667101823292,-1.2327216655821815,0.8832073165718108,-0.09315319249076293,0.000165195601088509,0.000623015873015873,-0.005144321915269546,0.0258174508713785,0.014790459007603646,41022.0,0.0,0.01853531746031746,-0.048408128308377686,,0.0,1.099787685774947,-0.18895966029723993,0.0,0.41736295437760873,56.22793262955792,46.77533297732487,60.04895725679311,56.22793262955792,42.406257935273075,,41.98980768950904
2025-07-18,KZTK,39799.98,3060.0,-0.6510873603020435,1.0648731494252601,-6.666666654488415e-05,-10.290667101823292,-0.4114090760855893,0.8961807872188122,-0.17847305830351817,0.00016554728794938823,0.0006222222222222223,-0.01538620103577953,0.02383571882089244,0.015385342481866151,41149.99,0.0,0.01853452380952381,-0.04821396110715934,,0.0,1.099787685774947,-0.18895966029723993,0.0,0.4298625298983047,56.4124302855219,39.69262437593137,59.34878369521246,56.4124302855219,42.44908274316831,,41.774146020680455
2025-07-21,KZTK,39607.9,180.0,-0.9493458532494257,-1.7683317029584633,-0.999999994794378,-10.290667101823292,0.759443037974683,0.8982349944138127,0.021513607918728413,0.00016489591776622378,0.000621031746031746,-0.009487218320683725,0.023448292063508056,0.015449533166924292,40954.0,0.0,0.01853611111111111,-0.047954837738398946,,0.0,1.099787685774947,-0.18895966029723993,0.0,0.4312112920514375,56.432327923556215,43.73894326863276,59.21144565682675,56.432327923556215,42.50625170031399,,31.900423419491002
2025-07-22,KZTK,39850.0,5150.0,-0.2741948249791368,1.6643132110231582,0.45985108318153245,-10.290667101823292,0.047740533986706524,0.900371662888279,-0.23136302987853216,0.00019733661670110592,0.0006206349206349206,-0.015396256298420613,0.020916464519726823,0.002793479516440621,40700.0,0.0,0.018536507936507938,-0.05408275427695127,,0.0,1.099787685774947,-0.18895966029723993,0.0,0.16528476149128282,52.47724147839147,39.68582977363444,58.31048912813584,52.47724147839147,41.15997131033951,,47.09606408240844
2025-07-23,KZTK,39640.0,860.0,-0.7284561200408528,-0.2043632715206106,-0.3066155665542205,-10.290667101823292,1.3607522010671724,0.9110995647172956,-0.016103041046254818,0.00019191229429488073,0.0006202380952380952,0.005852644034404889,0.013717110742716155,0.008196473819935022,40700.01,0.0,0.018544444444444443,-0.04753407252574765,,0.0,1.099787685774947,-0.18895966029723993,0.0,0.27881142386519236,54.1724454405939,54.519451479005355,55.720023613195956,54.1724454405939,42.59912545296373,,39.759987537199116
2025-07-24,KZTK,39618.0,370.0,-0.8030547154968195,-0.9689314911005259,-0.3894140225076922,-10.290667101823292,0.36713508038992426,0.7286672012584786,-0.19203289560820358,0.00017428436097780692,0.0006198412698412699,0.012827897492481772,0.01895905486683542,0.006284020611121925,40602.0,0.0,0.018553174603174606,-0.05242052944909596,,0.0,1.099787685774947,-0.18895966029723993,0.0,0.2386273300928919,53.57330778969065,59.34342325120623,57.610083021920175,53.57330778969065,41.52393891572528,,25.652793796351226
2025-07-25,KZTK,39311.1,470.0,-1.6118220166450914,-0.655200592246898,-0.9993079550197057,-10.290667101823292,-0.20403536613012863,0.7144456031250223,-0.24724903346826058,0.00017387338202908378,0.000621031746031746,0.024350333248297412,0.029996902810438535,0.006719840116041421,40305.0,0.0,0.018563095238095236,-0.04477039475764194,,0.0,1.099787685774947,-0.18895966029723993,0.0,0.24778468451744876,53.70993938149282,66.89529494869969,61.5119192149473,53.70993938149282,43.21041000823893,,13.826351204358195
2025-07-28,KZTK,39355.01,270.0,-1.6295115901790331,-1.1585066176231331,-0.7723677750151512,-10.290667101823292,-1.2283423258001802,0.6902212954817413,-0.4470972911388927,0.0001898629960692984,0.0006206349206349206,0.031161182821490458,0.04156709910107122,0.005430190440891072,40300.0,0.0,0.018581746031746033,-0.0487827714214543,,0.0,1.099787685774947,-0.18895966029723993,0.0,0.22068681710775612,53.305474104744064,71.00691782989257,65.44811074681917,53.305474104744064,42.323660296309924,,14.969337408886908
2025-07-29,KZTK,39360.01,300.0,-1.6180209987762564,-0.9295329999061918,-0.9766289748903341,-10.290667101823292,-0.6384837368302754,0.622466044817554,-0.40157084718304736,0.00017818296816449997,0.0006186507936507937,0.04001377389252739,0.03139321124884129,0.00018626845224010286,40100.0,0.0,0.018614285714285715,-0.05862118908716093,,0.0,1.099787685774947,-0.18895966029723993,0.0,0.11050255118401252,51.656931337823174,75.87107544255922,61.99621837352286,51.656931337823174,40.171236860960704,,12.173962998988403
2025-07-30,KZTK,39994.93,1370.0,0.4363707359263359,0.7768452653281666,0.9999999984250232,-10.290667101823292,-1.2295859473023807,0.45935957439180475,-0.6888668587974206,0.00017598755321424745,0.000621031746031746,0.02689801035217721,0.012730004940626219,-0.01851450377367078,40000.0,0.0,0.01864126984126984,-0.07700905514307664,,0.0,1.099787685774947,-0.18895966029723993,0.0,-0.28243442697443016,45.77359287208838,68.46820015737921,55.36207474588508,45.77359287208838,36.25378975195884,,46.77194354322293
2025-07-31,KZTK,40249.0,2320.0,1.1018697362838037,1.303601364132258,-0.11195125197411761,-10.290667101823292,0.8953834510595282,0.5956038141222155,-0.4275437458015719,0.00018454959003195225,0.0006178571428571429,0.010610119289170864,0.00943182945095348,-0.02483763129084935,39999.97,0.0,0.018650396825396823,-0.07596160871787408,,0.0,1.099787685774947,-0.18895966029723993,0.0,-0.4152947489491622,43.80261148981576,57.82452088023086,54.162242970413196,43.80261148981576,36.472645491203124,,41.52211401510873
2025-08-01,KZTK,40390.0,930.0,1.364790033409815,0.201865865685671,0.39991427289625175,-10.290667101823292,1.5927103841688162,0.601059998126876,-0.37205119169485695,0.00017665210554121343,0.0006166666666666666,0.007072059228081759,0.0010043286291986468,-0.023560933674451872,40192.0,0.0,0.01865873015873016,-0.08633033479134,,0.0,1.099787685774947,-0.18895966029723993,0.0,-0.388469027671501,44.19920247194472,55.37159729489276,51.07769871525439,44.19920247194472,34.33206649120658,,42.205898604487196
2025-08-04,KZTK,40703.0,780.0,2.11908017979206,0.025975446001839025,0.9999999974875003,-10.086735547433289,2.744517451813877,0.6055175479514768,-0.09220674611166549,0.00018077616749458215,0.0006166666666666666,-0.0016032881336698005,-0.013037593529824445,-0.03139458863646024,40185.0,0.0,0.018668253968253966,-0.09421700995870594,,0.0,1.099787685774947,-0.18895966029723993,0.0,-0.5530682576670702,41.77927580823462,49.26994255519062,45.93159678678311,41.77927580823462,32.744968891169535,,46.850693822990905
2025-08-05,KZTK,41056.5,3240.0,2.984467058330394,1.504076126947294,0.999999998474447,-8.112135070218796,3.425205583736357,0.6240228551815764,0.2622668083888648,0.00018934548639907574,0.0006158730158730159,0.007676886569785076,-0.0216591030478904,-0.040024532409751186,40179.8,0.0,0.018671031746031748,-0.10485772190819503,,0.0,1.099787685774947,-0.18895966029723993,0.0,-0.734398952837817,39.1588630325259,55.793123161124136,42.80755805074372,39.1588630325259,30.665141501107346,,49.85523657978242
2025-08-06,KZTK,41194.0,600.0,2.9615503262084455,-0.18232120068354102,0.9946662373132085,-7.023425196546955,4.310186913062264,0.6360545995507955,0.657592603061821,0.00018735246092519637,0.0006154761904761904,0.0033810605797885496,-0.0273603106208255,-0.05253994862481899,39799.0,0.0,0.01867579365079365,-0.10633797424651915,,0.0,1.099787685774947,-0.18895966029723993,0.0,-0.9973704370383515,35.470473820896174,52.78464725340078,40.77120799450077,35.470473820896174,30.381701179315623,,49.26269213097957
2025-08-07,KZTK,40800.02,340.0,1.9066802970781134,-0.7503035764317173,-0.99994961837845,-7.652679820396378,2.9980550034717,0.6340961806501975,0.6565258508394581,0.0001860660172835034,0.0006154761904761904,0.013737433401546111,-0.02513759909454752,-0.05005715082087993,39520.0,0.0,0.018684126984126984,-0.09943895325607638,,0.0,1.099787685774947,-0.18895966029723993,0.0,-0.9452023738871137,36.190130612560566,59.96138546353033,41.56175390910059,36.190130612560566,31.715153844020165,,47.53698757585943
2025-08-08,KZTK,40800.0,590.0,1.8598593884062808,-0.06559714705429315,-0.9999999974226804,-7.443834367639167,1.3690278019329538,0.6739426921478469,0.4789261775585916,0.00021718881852949076,0.0006154761904761904,0.007684161998132536,-0.025283473389355743,-0.043204493464052335,39799.99,0.0,0.018694444444444444,-0.10283095238095238,,0.0,1.099787685774947,-0.18895966029723993,0.0,-0.8012156742140257,38.207990177215464,55.79818871563999,41.50973309858119,38.207990177215464,31.055608934369822,,44.58652411004247
2025-08-11,KZTK,40763.0,240.0,1.6859812019543698,-0.907919362292117,-0.8916621488742765,-7.332716125972424,1.015102748204999,0.6300995980258829,0.19894332349480517,0.00019972495620938438,0.0006150793650793651,0.009233069185446419,-0.029329432435421326,-0.03504350477927189,40097.0,0.0,0.018705158730158728,-0.11334983520692012,,0.0,1.099787685774947,-0.18895966029723993,0.0,-0.6297385718866818,40.66472098626771,56.8737124250546,40.074810245435806,40.66472098626771,29.059428436568464,,32.25123671639974
2025-08-12,KZTK,41498.0,5160.0,3.4925985333612584,2.16012858393179,0.9999999985673147,-4.021025379883103,0.14740928187111368,0.6324366719940898,-0.17938910577755018,0.00019013131414212362,0.0006150793650793651,-0.013871097823035267,-0.04919574425847258,-0.06084155954733332,39750.0,0.0,0.018719047619047618,-0.14879336437709373,,0.0,1.099787685774947,-0.18895966029723993,0.0,-1.1718022663945864,33.11294050999123,40.72082506609443,33.31229963252254,33.11294050999123,22.925341568312902,,48.615674627975174
2025-08-13,KZTK,41460.0,150.0,2.747268488349361,-1.5260485165856892,0.7733822677208119,-1.7881450913468748,1.0753473871372377,0.7004256843309252,-0.17938910575897665,0.00017478277655045361,0.0006150793650793651,-0.009351325431281945,-0.04832491213562122,-0.06058923058369513,39725.0,0.0,0.018741666666666663,-0.13120013897503044,,0.0,1.099787685774947,-0.18895966029723993,0.0,-1.1665003794309845,33.18343490155088,43.83336670103027,33.597003035328484,33.18343490155088,25.851979531204954,,36.559503227778244
2025-08-14,KZTK,41486.0,1070.0,2.7603809326314366,0.4387215706894949,0.8762039147386566,0.5491041517278671,0.6457251055979052,0.7035574282632233,-0.22364589967745596,0.00017055387450186786,0.0006150793650793651,-0.02209145043384308,-0.0443106896838023,-0.061206714408915126,39724.97,0.0,0.018757936507936508,-0.13182978438318077,,0.0,1.099787685774947,-0.18895966029723993,0.0,-1.1794748291174784,33.01105948776549,35.26126124410528,34.924607067070355,33.01105948776549,25.743149437602746,,41.80558800712459
2025-08-15,KZTK,41238.99,250.0,1.8460986274942532,-1.015227178872585,-0.6802710008664853,2.3585465940839616,1.6813227052339785,0.7016690275002645,0.15158480694596535,0.00016917515314033912,0.0006150793650793651,-0.011732010384555232,-0.03868864997057392,-0.06093677629731328,39499.97,0.0,0.018767460317460318,-0.13372063622834324,,0.0,1.099787685774947,-0.18895966029723993,0.0,-1.17380294217178,33.086358994567114,42.18623108645918,36.82357611051938,33.086358994567114,25.418131811405054,,34.2298307017248
2025-08-18,KZTK,41264.73,2610.0,1.6749868644764674,1.4785424962155576,-0.3359451507836962,8.145828977258283,1.0759558823529414,0.7249926313208,0.21553060625720438,0.00019700672353357168,0.0006150793650793651,-0.009515433507882337,-0.039426071703018886,-0.068811589961763,39200.0,0.0,0.018775396825396824,-0.13201942709912323,,0.0,1.099787685774947,-0.18895966029723993,0.0,-1.3392669907944545,30.92644742857184,43.719343970687454,36.572005789243256,30.92644742857184,25.71042964780983,,53.25213302413341
2025-08-19,KZTK,41050.0,850.0,0.9666785874366618,0.20854438265245145,-0.9999999959016393,7.723579322732972,1.2308466010843233,0.7088291360377147,0.3266740058753205,0.00016344989764070477,0.0006150793650793651,0.007884463391527947,-0.043614316164955626,-0.061420620420315916,39300.0,0.0,0.01878968253968254,-0.13027362585310215,,0.0,1.099787685774947,-0.18895966029723993,0.0,-1.183969380503613,32.951451977124805,55.937601855252225,35.157385542045375,32.951451977124805,26.0126652330403,,51.24034945742946
2025-08-20,KZTK,41199.8,180.0,0.8460161022472235,-1.3437300717197362,0.43030302867311665,7.3650460098008255,-1.079570099763849,0.7199802734790545,-0.07332599301847036,0.00016941750206940468,0.0006150793650793651,-0.00538669632931651,-0.053920058455746926,-0.06709273328072107,39210.1,0.0,0.018798809523809523,-0.1428666843659359,,0.0,1.099787685774947,-0.18895966029723993,0.0,-1.3031507094999175,31.39125991264634,46.60503001703955,31.789286302846975,31.39125991264634,23.884584844836592,,46.48913309009651
2025-08-21,KZTK,40697.1,830.0,-0.5064340703529213,0.33286376966622194,-0.9999999981234753,5.690197067076316,-0.6275928605885106,0.7032095906846986,-0.1419418408280094,0.000186292138108169,0.0006150793650793651,0.004882576171626164,-0.03520231557390718,-0.04822241199530886,39500.0,0.0,0.018807539682539683,-0.11082576201463282,,0.0,1.099787685774947,-0.18895966029723993,0.0,-0.9066511995761957,36.72597284484671,53.839632894322754,38.02246858974256,36.72597284484671,29.531490432669273,,17.936075267964313
2025-08-22,KZTK,40882.0,1700.0,-0.08732934521440662,0.9016909616314405,-0.276204270437465,5.9285513867634005,-1.901605360844627,0.7701268612305938,-0.5171826234004357,0.0002024600944403206,0.0006150793650793651,0.003448064813714683,-0.032371049062613816,-0.057479750878059455,39301.1,0.0,0.018809920634920634,-0.09258984590183283,,0.0,1.099787685774947,-0.18895966029723993,0.0,-1.1011645984045424,34.058266249478784,52.83178547488604,39.007038699243715,34.058266249478784,33.06934724342598,,34.17682443474649
2025-08-25,KZTK,40999.0,1590.0,0.12715729970766237,0.6806462885766338,-0.0064318731285413905,5.849821320050313,-0.8656613559158366,0.7420540487357803,-0.4363692773146317,0.00018476531988313946,0.0006154761904761904,-0.0042118734603283,-0.04364709417031852,-0.05312822765324899,39592.0,0.0,0.018810317460317458,-0.09462950214232868,,0.0,1.099787685774947,-0.18895966029723993,0.0,-1.009731241231506,35.30090198590028,47.431178349335276,35.14641281578219,35.30090198590028,32.6629975281264,,37.424110231830845
2025-08-26,KZTK,41500.0,2680.0,1.3001680661737716,1.1601691559045126,0.999999997801618,6.934116312312985,-0.643963985708873,0.7420029116929019,-0.37046662178360074,0.00018170442592625217,0.0006170634920634921,-0.02239536240198891,-0.055974655765920825,-0.06237627079747554,39691.98,0.0,0.018809523809523807,-0.0894988143048384,,0.0,1.099787685774947,-0.18895966029723993,0.0,-1.204049319815252,32.6858194768416,35.06566455536523,31.13865713567184,32.6858194768416,33.68998680114063,,51.79356875626463
2025-08-27,KZTK,41105.0,230.0,0.16607178814715623,-1.3531377237268234,-0.9753456830561692,5.096217386631208,1.0962241169305775,0.7738848269255448,0.029533376957050717,0.00018665998009905738,0.000623015873015873,-0.01297598537813531,-0.046785192683082205,-0.053034571210392276,39698.0,0.0,0.01880515873015873,-0.0728884387254476,,0.0,1.099787685774947,-0.18895966029723993,0.0,-1.0077633503232262,35.327873891386695,41.332183254434824,34.10330659922883,35.327873891386695,37.11796754525972,,22.767814466986675
2025-08-28,KZTK,41022.0,210.0,-0.16946739054603607,-1.3862896575668984,-0.7799779938995035,4.633676797906827,-0.23009820436021844,0.7514275764646473,-0.2515963653888065,0.0002222780280752465,0.0006301587301587302,-0.013360234055593863,-0.050309123327552434,-0.05103930852434582,39700.0,0.0,0.018812698412698413,-0.056365526511906454,,0.0,1.099787685774947,-0.18895966029723993,0.0,-0.9658392799684682,35.904683066393204,41.069403833260736,32.95006800543342,35.904683066393204,40.66170542035443,,7.572753593576607
2025-08-29,KZTK,41149.99,410.0,-0.052767023880750955,-0.6746836678143383,0.6666333277773346,2.3230214893552597,0.7983369822419872,0.7456624816375909,-0.20759196454401208,0.00023059621197381934,0.0006214285714285714,-0.02366574058773224,-0.06059531132868368,-0.05893404028773751,39501.12,0.0,0.018864285714285712,-0.06193288222076247,,0.0,1.099787685774947,-0.18895966029723993,0.0,-1.1317218438008023,33.64771374095346,34.25353274685429,29.70258137051614,33.64771374095346,39.45472215529481,,38.853543969925255
2025-09-02,KZTK,40954.0,1040.0,-0.6019158353454059,0.4102838163328436,-0.1911181598114255,1.4120226256477628,0.6555207670857488,0.7450284933639926,-0.019024444901052172,0.0002351795479273358,0.0006226190476190475,-0.019117151976937346,-0.05360145794623623,-0.05782324415856426,39360.36,0.0,0.01891031746031746,-0.058527746887526225,,0.0,1.099787685774947,-0.18895966029723993,0.0,-1.1083820122112449,33.96107764082188,37.20080436847714,31.890825846691516,33.96107764082188,40.19151653011461,,26.99611626392934
2025-09-03,KZTK,40700.0,130.0,-1.231521675588032,-1.7047405492725243,-0.5999839969599392,0.60779033764467,-0.10975877460426275,0.7375010463684902,-0.055961702237628995,0.00022856625613932091,0.000621031746031746,-0.017920189345189345,-0.04982473674973679,-0.05237991595491595,39340.0,0.0,0.01896468253968254,-0.048025970125970124,,0.0,1.099787685774947,-0.18895966029723993,0.0,-0.994007861795004,35.516666793199605,37.993544611741484,33.10741481452107,35.516666793199605,42.49055615189559,,8.25966728168831
2025-09-04,KZTK,40700.01,520.0,-1.280100042881695,-0.1347323411425775,-0.5832326322628545,0.6621825681981851,-1.927710843373498,0.7237706127811883,-0.3759585011899404,0.0002839115540765705,0.0006281746031746032,-0.020397274546416738,-0.042697760003475416,-0.04972690345571587,39449.99,0.0,0.01901388888888889,-0.05129409297325438,,0.0,1.099787685774947,-0.18895966029723993,0.0,-0.9382632806697462,36.28633195395251,36.36055167337553,35.46484232497242,36.28633195395251,41.771117461297216,,5.299235289828021
2025-09-05,KZTK,40602.0,360.0,-1.4886013707276442,-0.43286306825965226,-0.42450913895140124,0.39003829747828994,-0.9852572679722615,0.7184680009580947,-0.2975358910312775,0.00027713719282209927,0.0006285714285714285,-0.018024023271197027,-0.045242674533977956,-0.05181732450430544,39272.0,0.0,0.01906031746031746,-0.05508919071544676,,0.0,1.099787685774947,-0.18895966029723993,0.0,-0.9821867999762641,35.679271066259226,37.92451491647046,34.61419311983496,35.679271066259226,40.94006425936521,,5.817406921219631
2025-09-08,KZTK,40305.0,580.0,-2.2001228669927286,0.04405990902375308,-0.9856900209849162,-0.356221476250326,-1.023840865876846,0.6885613454374508,-0.22644212004165704,0.0002509023501904689,0.0006309523809523809,-0.00599409856983359,-0.030877414476521287,-0.04478316438348072,39270.0,0.0,0.019103968253968255,-0.043621706954708475,,0.0,1.099787685774947,-0.18895966029723993,0.0,-0.8343863996307717,37.73921955976954,46.178598551878444,39.53013788249008,37.73921955976954,43.46510345428619,,4.440450784685066
2025-09-09,KZTK,40300.0,300.0,-2.1799471232735423,-0.6061342285745327,-0.23737255725203676,-0.3468606025834513,-2.053439138138302,0.706520293443673,-0.5569067897941072,0.000266546927860159,0.0006392857142857143,-0.00603097896726929,-0.028251630627436998,-0.04333784414510226,39324.99,0.0,0.019144047619047616,-0.04557703139154757,,0.0,1.099787685774947,-0.18895966029723993,0.0,-0.804017612712294,38.16830665849806,46.15272374518696,40.45550727046122,38.16830665849806,43.031771523901355,,8.66272846792296
2025-09-10,KZTK,40100.0,600.0,-2.6467053639483424,0.08701121903537128,-0.9999999966666667,-0.8256632810523695,-1.5969136103921477,0.7065503145736769,-0.5661576692822294,0.0002624251380548518,0.0006511904761904762,-0.0011548163321853369,-0.02315668368760638,-0.04381236096267263,39112.01,0.0,0.01917420634920635,-0.03784235047302379,,0.0,1.099787685774947,-0.18895966029723993,0.0,-0.8139880675218083,38.02722463758379,49.58640339778346,42.26999256268442,38.02722463758379,44.751509478657916,,4.113216818310786
2025-09-11,KZTK,40000.0,880.0,-2.5638494081711345,0.47000307390549456,-0.9919521872830428,-1.0594610166872127,-1.4742014742014753,0.5602665585648453,-0.646160869223575,0.0002685281653983813,0.0006480158730158729,-0.008142063492063492,-0.020621428571428572,-0.041404071428571346,39111.98,0.0,0.019203571428571427,-0.034661904761904755,,0.0,1.099787685774947,-0.18895966029723993,0.0,-0.7633855576025009,38.74529498023141,44.67549764764466,43.181043810458405,38.74529498023141,45.46255576142958,,6.084984002385273
2025-09-12,KZTK,39999.97,110.0,-2.426042055778431,-1.6796358771454791,0.1782662491704481,-1.028382654127122,-1.7199258673400886,0.5602194482423285,-0.7279047802276126,0.0002647082754457166,0.000626984126984127,-0.015113147888333168,-0.025638719670904798,-0.04425335605291386,38999.9,0.0,0.019251587301587304,-0.024185097985351244,,0.0,1.099787685774947,-0.18895966029723993,0.0,-0.8232541703355737,37.89629021628122,39.877284683576285,41.38312667229835,37.89629021628122,47.81639729300306,,26.57915220352845
2025-09-15,KZTK,40192.0,110.0,-1.8629170793321066,-1.6094320724596793,0.9931738250685217,-0.5312816437953891,-1.4827594699768465,0.5589765003178601,-0.6073497026032427,0.00026401043392462205,0.000625,-0.012868116058790872,-0.03390279104741683,-0.05841811274138113,38620.02,0.0,0.019306349206349206,-0.011929184359518757,,0.0,1.099787685774947,-0.18895966029723993,0.0,-1.12088127483579,33.79308394890064,41.406042285840286,38.47320814243857,33.79308394890064,50.58155526654025,,45.690184607767115
2025-09-16,KZTK,40185.0,90.0,-1.8566875206307014,-1.810101210762599,0.9453924882409813,-0.5262143397964295,-0.28036223793573845,0.5686330435564741,-0.21157693339255523,0.0002894279823813065,0.0006261904761904761,-0.005304157557013101,-0.03428806413196111,-0.06104387564656316,38510.01,0.0,0.01936190476190476,-0.011798607333937686,,0.0,1.099787685774947,-0.18895966029723993,0.0,-1.1760532928069625,33.0564731283498,46.663016716614806,38.3393659592861,33.0564731283498,50.61102672232521,,43.60215076827028
2025-09-17,KZTK,40179.8,40.0,-1.707737307086249,-2.453142642472877,0.9985714250051229,-0.5267389026228542,-0.2853598014888381,0.5675127893542062,0.02497607570604845,0.0002915460224958656,0.0006186507936507937,-0.013821520531085856,-0.03148265221638272,-0.0537811150189423,38800.0,0.0,0.01944047619047619,-0.0049523356006814165,,0.0,1.099787685774947,-0.18895966029723993,0.0,-1.0234495832044597,35.11313928381077,40.75461294591646,39.31787577840728,35.11313928381077,52.155155947389446,,46.10447320365166
2025-09-18,KZTK,39799.0,390.0,-2.6063227153300996,0.012903383873570935,-0.9999999973544974,-1.4660589841619074,0.19900249376558765,0.5604861953215768,0.4246903600404064,0.0002881149391947322,0.0006202380952380952,-0.005001406691641371,-0.026615348255938472,-0.05164442234928931,38520.0,0.0,0.01950793650793651,0.013407262137080093,,0.0,1.099787685774947,-0.18895966029723993,0.0,-0.9785538136220969,35.72931107386563,46.87578700098364,41.03565650346127,35.72931107386563,56.2677310006109,,34.76433511007229
2025-09-19,KZTK,39520.0,120.0,-3.2010207105780673,-1.2039690710055446,-0.943732573867023,-2.1865355745472126,-0.5024999999999946,0.5790397773698165,0.4230807980261154,0.00029404089488046023,0.0006238095238095239,0.002036884679647867,-0.019750514105777262,-0.045372058351005766,38499.92,0.0,0.019560317460317462,0.02080660786581838,,0.0,1.099787685774947,-0.18895966029723993,0.0,-0.8467601248042388,37.56493374009607,51.838067889856276,43.495109765656196,37.56493374009607,57.904305047529384,,39.63070582966082
2025-09-22,KZTK,39799.99,190.0,-2.505522252019851,-0.6799003842347393,0.4884398964489924,-1.5713803365316044,-1.1999258999444318,0.5398541520774928,0.19868103341862123,0.00034988998974661316,0.0006257936507936508,-0.010686605547204792,-0.02541285096867118,-0.05478907520254735,38399.86,0.0,0.019609920634920636,0.031321614496935976,,0.0,1.099787685774947,-0.18895966029723993,0.0,-1.044628645965356,34.82416594121437,42.90760532022419,41.46361107500144,34.82416594121437,60.19962899373724,,41.877640807645676
2025-09-23,KZTK,40097.0,720.0,-1.7108409395777675,0.7801576892425093,0.9999999974810448,-0.9552228252064782,-0.975343351910829,0.5574157011755737,0.09773424769471536,0.0003934659300813135,0.0006257936507936508,-0.025516385849632103,-0.03809890959858845,-0.06023727056134902,38469.97,0.0,0.019659920634920634,0.019655535316935792,,0.0,1.099787685774947,-0.18895966029723993,0.0,-1.1591050640962715,33.281889703507545,33.086862716823326,37.02528312134603,33.281889703507545,57.650756663458345,,48.49047231817977
2025-09-24,KZTK,39750.0,480.0,-2.3575891366721615,0.3746929896881935,-0.9999999974842767,-1.8260648512051683,-0.21898718427273423,0.5844434637316787,0.10865574954272805,0.00040419533452614966,0.000628968253968254,-0.014466786463012877,-0.02963296046720567,-0.054021608265947894,38386.0,0.0,0.01970714285714286,0.02825424528301887,,0.0,1.099787685774947,-0.18895966029723993,0.0,-1.0285027803989026,35.04409183945943,40.31554637586915,39.967812936120204,35.04409183945943,59.534196001491026,,14.422717394326035
2025-09-25,KZTK,39725.0,1130.0,-1.5890082064379136,1.2308794516685495,0.799035366563365,-1.8690977200144485,-1.0696917356482705,0.5165878003812532,-0.2910585349551519,0.0004213800373733833,0.0006376984126984128,-0.01609415075868824,-0.031872433745891854,-0.056874318229494444,38250.0,0.0,0.019744047619047616,0.028982955737361017,,0.0,1.099787685774947,-0.18895966029723993,0.0,-1.0884433656911692,34.22989498462614,39.21522964092992,39.181388745956454,34.22989498462614,59.69260955417808,,45.75434874051159
2025-09-26,KZTK,39724.97,40.0,-1.3290412093572235,-2.2380371807444353,0.9997712660123236,-1.84052413906859,-0.1859343199577923,0.48716224282174925,0.06874853782842065,0.00037174250878230935,0.0006313492063492063,-0.008788188669494304,-0.041482856122088706,-0.06852268207352905,37788.99,0.0,0.019788095238095237,0.03775029635642265,,0.0,1.099787685774947,-0.18895966029723993,0.0,-1.3331965146024878,31.004307925815223,44.225123901120924,35.874233478691174,31.004307925815223,61.581840725044835,,44.77262655402369
2025-09-29,KZTK,39499.97,740.0,-1.8342258963392464,0.6797236183183433,-0.3751874988275318,-2.4052286059311165,0.5186487854251132,0.4885434178939541,0.45744930580429,0.0003600465496739193,0.0006246031746031746,-0.008152544510974198,-0.03878729751566898,-0.08307789010376225,37002.0,0.0,0.019838095238095238,0.03650682190441765,,0.0,1.1203703703703705,-0.38981481481481484,0.0,-1.6390277065327856,27.221437708050622,44.66818479768943,36.78988073616259,27.221437708050622,61.31586424936253,,50.249619198239955
2025-09-30,KZTK,39200.0,220.0,-2.3190924653505878,-0.5332976745586872,-0.9999999966666667,-3.1295755355581925,-0.7538192848792091,0.48339261122433963,0.28472382674898516,0.00036048867431530244,0.000623015873015873,0.006889285714285714,-0.02400328798185941,-0.05815498866213152,37700.0,0.0,0.01988968253968254,0.06180187074829932,,0.0,1.1203703703703705,-0.38981481481481484,0.0,-1.1153525630087022,33.86734131485131,55.24406089215337,41.96689848214966,33.86734131485131,66.57459756788762,,35.85115814743035
2025-10-01,KZTK,39300.0,120.0,-1.7346765054542597,-1.011598856758762,-0.801953102788372,-2.882460035127533,-2.2370750928997207,0.49579498301691866,-0.11527617208055718,0.00039892683490346485,0.0006293650793650793,0.006876426753907752,-0.03370486792681449,-0.06064764328123112,37699.99,0.0,0.019934920634920635,0.06174624681933842,,0.0,1.1203703703703705,-0.38981481481481484,0.0,-1.167727735637381,33.1671091358675,55.23508549906116,38.54203380409476,33.1671091358675,66.5634201987187,,18.8063470481147
2025-10-02,KZTK,39210.1,330.0,-1.9039848147096208,0.0,-0.9482051257738405,-3.118848405798796,-1.132075471698113,0.497003313117478,-0.07566679314137623,0.0003673635586621028,0.0006242063492063491,0.00935115904498695,-0.032021693888151515,-0.06614944354007748,37400.0,0.0,0.01998531746031746,,,0.0,1.1203703703703705,-0.38981481481481484,0.0,-1.2833304894716349,31.64794753744367,56.955458976378104,39.12916800903588,31.64794753744367,,,16.744479232375056
2025-10-03,KZTK,39500.0,1490.0,-0.9719299663234635,1.553957815057564,0.5424164510477726,-2.389227165040578,-1.2961611076148571,0.49542494969453416,-0.4251148916088173,0.00037620242844553823,0.0006238095238095239,0.0019573387582881253,-0.04181275668073135,-0.07077028832630099,37496.0,0.0,0.020036111111111112,,,0.0,1.1203703703703705,-0.38981481481481484,0.0,-1.3804227787580692,30.401444961882042,51.78200293780927,35.76285885176157,30.401444961882042,,,49.28145664423444
2025-10-06,KZTK,39301.1,110.0,-1.2324372786667397,-1.0520897053632834,-0.999312711342578,-2.848491709691844,-0.5663188669494335,0.5364109584248669,-0.5165858546017276,0.0003742460358636676,0.0006174603174603175,0.0019279170414189931,-0.035167198578552585,-0.06910231478334568,37374.99,0.0,0.02009325396825397,,,0.0,1.1203703703703705,-0.38981481481481484,0.0,-1.345375644035526,30.848206397702384,51.76126500256758,38.034622183659025,30.848206397702384,,,7.385712718663649
2025-10-07,KZTK,39592.0,460.0,-0.39412307531015167,0.5705441720136116,0.9999999965753424,-2.1518593481842743,-0.5034687368117075,0.5254038046183899,-0.6414108971047369,0.0004168389560928649,0.0006158730158730159,-0.009064962618710835,-0.04454046103589951,-0.08574604353292473,36995.0,0.0,0.02015198412698413,,,0.0,1.1203703703703705,-0.38981481481481484,0.0,-1.6950904259249588,26.560159286463985,44.03248772336025,34.847957641914306,26.560159286463985,,,49.68149603268966
2025-10-08,KZTK,39691.98,110.0,-0.07126741560944165,-0.9162884491529618,0.9928917349284457,-1.8946971622277646,1.0000000000000009,0.5597021022517197,-0.24141089845633495,0.00043664684971823925,0.0006162698412698412,-0.01214119908750196,-0.05046734865402468,-0.06661717345490385,37850.0,0.0,0.020210317460317463,,,0.0,1.1203703703703705,-0.38981481481481484,0.0,-1.2931583392045742,31.520528040628125,41.904761096387354,32.898752996288785,31.520528040628125,,,46.895237106957566
2025-10-09,KZTK,39698.0,150.0,0.017685742723428453,-0.312373980328308,0.9865771745867304,-1.8991304697593265,0.9974045801526721,0.5559220673697546,0.11755806908702857,0.00045525230844122066,0.0006186507936507937,-0.009579560863087791,-0.06228315806161924,-0.04364474648676875,38770.0,0.0,0.020268253968253967,,,0.0,1.1203703703703705,-0.38981481481481484,0.0,-0.8104661848497106,38.07703634621932,43.67480607329865,29.187648113862352,38.07703634621932,,,49.05550778231483
2025-10-10,KZTK,39700.0,150.0,0.11828980084302163,-0.12516286256247813,0.9999999800000005,-1.9109204662666148,1.2443222537050547,0.5540639838094003,0.5045145291591429,0.00045298354213603914,0.0006376984126984128,-0.014150300867618247,-0.08219144376474352,-0.042981136300027985,38800.0,0.0,0.02031111111111111,,,0.0,1.1203703703703705,-0.38981481481481484,0.0,-0.7965225370525472,38.274493746696,40.53070752009316,23.5295177896021,38.274493746696,,,51.44007169377993
2025-10-13,KZTK,39501.12,170.0,-0.37238519105882484,0.0,-0.9900444400442237,-2.511582970948354,0.5063291139240533,0.554082819106214,0.5960312349495883,0.00045339802840159394,0.000673015873015873,-0.009222005085521932,-0.05983001514893761,-0.020607701481448117,39490.0,0.0,0.020326190476190477,,,0.0,1.1203703703703705,-0.38981481481481484,0.0,-0.3264162889021744,45.11934635931928,43.92326479091949,29.93778083798293,45.11934635931928,,,49.74174728306054
2025-10-14,KZTK,39360.36,970.0,-0.698088868996161,1.6843375804316276,-0.6987326724860394,-2.9604917444599916,0.5089424977926971,0.54937964060149,0.5978848892092593,0.0004364049145513501,0.0006686507936507936,-0.004280365861442779,-0.056423097041214704,-0.009186339094895054,39800.0,0.0,0.02035595238095238,,,0.0,1.1203703703703705,-0.38981481481481484,0.0,-0.08643285033558529,48.70379773566743,47.38297070276506,30.99762235199063,48.70379773566743,,,52.41435575606273
2025-10-15,KZTK,39340.0,120.0,-0.6515042674837014,-0.535516831786963,-0.5122478117277789,-2.961796246962874,-0.585067690442509,0.5523970405849984,0.2581383553969829,0.00043866379716438615,0.0006753968253968253,-0.009183072078178789,-0.06355216771168729,0.006571427159238599,40400.01,0.0,0.0203734126984127,,,0.0,1.1203703703703705,-0.38981481481481484,0.0,0.24466626041917225,53.66341732965434,43.950337226980395,28.803971516345268,53.66341732965434,,,41.01195003170605
2025-10-16,KZTK,39449.99,220.0,-0.35711592671293635,0.07061743068428392,0.5659285658592708,-2.878160412866254,-0.8867786389089249,0.5521353126917342,-0.04288955393426208,0.0004401167396782627,0.0006773809523809523,-0.011955761421079271,-0.06376652532014035,0.0011552501958709029,40300.0,0.0,0.020391269841269842,,,0.0,1.1203703703703705,-0.38981481481481484,0.0,0.1308626065674709,51.96193125859612,42.03225459544237,28.73945914952999,51.96193125859612,,,40.41903823241468
2025-10-17,KZTK,39272.0,300.0,-0.7717454059383754,0.3807718745432081,-0.9903002760543416,-3.348767147920743,-0.6247418005944971,0.5207488259332681,-0.12701927567975405,0.0004256942199613911,0.0006750000000000001,-0.010316298942337813,-0.0625397073564267,0.004503553078731248,40249.95,0.0,0.0203984126984127,,,0.0,1.1203703703703705,-0.38981481481481484,0.0,0.20121649360789026,53.01458664880953,43.16387382446558,29.109840158933885,53.01458664880953,,,16.389530368226108
2025-10-20,KZTK,39270.0,320.0,-0.7509471248184398,0.37469286563551274,-0.9999999956521739,-3.3518705944277403,-1.0780856423173835,0.5069399270418193,-0.5250793268906224,0.0003709317110275677,0.0006746031746031747,-0.019944423223835068,-0.07216758127493421,0.00913869153722095,40430.0,0.0,0.020400396825396825,,,0.0,1.1203703703703705,-0.38981481481481484,0.0,0.2986091187477974,54.46719332834385,36.6568761907051,26.280413239698348,54.46719332834385,,,12.453485251438224
2025-10-21,KZTK,39324.99,840.0,-0.570038148490926,1.172719152077576,-0.666696970431577,-3.226848577560968,-0.585097333949014,0.47640265624743067,-0.5270704380122124,0.00032428979712213616,0.0006793650793650794,-0.024119464598537803,-0.05173825740112495,0.004369807204504049,40299.0,0.0,0.0203984126984127,,,0.0,1.1203703703703705,-0.38981481481481484,0.0,0.19840625138766907,52.972584122836196,33.965665878836795,32.488063258769955,52.972584122836196,,,23.65586894567418
2025-10-22,KZTK,39112.01,60.0,-0.9361648304212433,-1.4663316393298311,-0.9999999952825739,-3.7095967162013235,-0.08986198296967451,0.4398940991453372,-0.52066329760132,0.0003134848536592179,0.0006813492063492064,-0.011388456177243024,-0.02297016654290536,0.0035839906605555534,40050.01,0.0,0.0203984126984127,,,0.0,1.1203703703703705,-0.38981481481481484,0.0,0.18189482745095015,52.72571747825331,42.42294631530478,42.336846994969356,52.72571747825331,,,9.030607391432852
2025-10-23,KZTK,39111.98,680.0,-0.8891538534152187,1.1284640141855993,0.10653924598618804,-3.725488243570632,-0.579537366548033,0.4153700685693164,-0.6182137343122791,0.0004061994487963286,0.0006773809523809523,-0.018556944594907903,-0.02220555241053622,0.007959535956372343,40221.1,0.0,0.020398015873015873,,,0.0,1.1203703703703705,-0.38981481481481484,0.0,0.27383293169412365,54.09827890184553,37.57099822659942,42.61120300556855,54.09827890184553,,,45.518724972831976
2025-10-24,KZTK,38999.9,130.0,-0.9966246429484618,-0.5260919000953638,-0.22370238999008332,-3.992148474104176,-0.8568063008380866,0.41574394672309767,-0.7100915982868956,0.00040550035467007303,0.0006750000000000001,-0.016242651919498287,-0.0016753646030920211,0.008803542534520856,40138.99,0.0,0.020403968253968254,,,0.0,1.1203703703703705,-0.38981481481481484,0.0,0.2915670332786571,54.362385603140154,39.11534802976443,50.09405593622904,54.362385603140154,,,28.727335193545454
2025-10-28,KZTK,38620.02,340.0,-1.9401446588662208,0.4353174544138136,-0.9999459403212729,-4.965389149755603,-0.6928600529639395,0.4178872369851148,-0.5567720210740439,0.00043373719807705846,0.0006797619047619047,-0.009118924242375946,0.01629286906302565,0.0218298771046974,40251.0,0.0,0.020401587301587303,,,0.0,1.1203703703703705,-0.38981481481481484,0.0,0.5652738342948228,58.39875072820855,43.994950878834224,56.651173161608256,58.39875072820855,,,16.675426869518102
2025-10-29,KZTK,38510.01,110.0,-2.1016558122561384,-0.693145523745881,-0.9999411683385439,-5.20924282990681,-1.6551566080977964,0.45092012625161493,-0.5567612100078637,0.0004611390117400815,0.0006817460317460318,-0.0044520312575873355,0.03480632337540292,0.025539023490256118,40279.0,0.0,0.020396825396825396,,,0.0,1.1203703703703705,-0.38981481481481484,0.0,0.6432096946262676,59.5301539102706,47.26216747626272,63.169857666713256,59.5301539102706,,,14.863092534833815
2025-10-30,KZTK,38800.0,120.0,-1.3431987292067273,-0.48550666514345553,0.9999999965517241,-4.477759376635229,-2.0724226503299747,0.42688296549817084,-0.6234100495892572,0.00045073164333404067,0.0006972222222222222,-0.014061372934053346,0.024389952544591722,0.02859353624611362,40700.01,0.0,0.02037579365079365,,,0.0,1.1203703703703705,-0.38981481481481484,0.0,0.7073905208260585,60.45438534737813,40.59123063455499,59.544998402022486,60.45438534737813,,,48.27038895545546
2025-10-31,KZTK,38520.0,140.0,-2.034339089137288,-0.3313564126959623,-0.8951511311525051,-5.060199300698874,-0.7977345066131902,0.46108840042635346,-0.2234100512223975,0.0005045512873358356,0.0006876984126984126,-0.010387520397567126,0.03064615042278586,0.05414365450229937,41390.0,0.0,0.02036309523809524,,,0.0,1.1203703703703705,-0.38981481481481484,0.0,1.2442446217099847,67.84257931970225,43.11455655965798,61.73739616815425,67.84257931970225,,,16.44209490108263
2025-11-03,KZTK,38499.92,610.0,-2.05841310977522,1.3382835305115712,-0.04638172336999498,-5.065968594147815,-1.513551602347929,0.4830633663334299,-0.4237481266501361,0.0005626204452790273,0.0006761904761904762,-0.021843133608490373,0.03586736968276368,0.05470526420883601,41390.0,0.0,0.02036190476190476,,,0.0,1.1203703703703705,-0.38981481481481484,0.0,1.2560450553137479,67.99684974038087,35.4214449958658,63.53162931336085,67.99684974038087,,,45.768752546885565
2025-11-04,KZTK,38399.86,690.0,-1.9954679597480904,1.4615163157378261,-0.22031831142046168,-5.22492296563826,-1.2820032871879272,0.4424623978619837,-0.3882839933261184,0.0005574491613061073,0.0006753968253968253,-0.039779324186565546,0.0351902844784677,0.06459010386624335,41661.99,0.0,0.020361507936507938,,,0.0,1.1203703703703705,-0.38981481481481484,0.0,1.4637433780162046,70.645862294954,24.845029550977365,63.30094567339447,70.645862294954,,,43.29248114580198
2025-11-05,KZTK,38469.97,160.0,-1.609104402830572,-0.19782536809024928,0.8823813331124115,-4.944882452370555,-0.5700670274122022,0.43484398377808986,-0.23235846754595615,0.0005041151136587884,0.0006757936507936508,-0.02339022917384943,0.026799813966004615,0.07140034676687063,42000.0,0.0,0.02036031746031746,,,0.0,1.1203703703703705,-0.38981481481481484,0.0,1.6068388734091563,72.39426063311126,34.42890080149637,60.39454229745013,72.39426063311126,,,47.49941695431045
2025-11-06,KZTK,38386.0,70.0,-1.6950492968168296,-0.8574476039376852,0.5392771588598297,-5.126674453786747,-0.10397296702857606,0.39298687970767654,0.1441060327442349,0.0004986254512615852,0.0006761904761904762,-0.02124516887357251,0.03353347607717426,0.07379017829747783,42000.0,0.0,0.02035873015873016,,,0.0,1.1203703703703705,-0.38981481481481484,0.0,1.657053547359543,72.99230360392474,35.808518095306084,62.73391102580222,72.99230360392474,,,46.474197360527434
2025-11-07,KZTK,38250.0,130.0,-1.9970236412859923,-0.23841050538086114,0.2521122461782606,-5.039862284111322,-1.067010309278349,0.3820006078291952,0.051961465205856025,0.0005103230510987062,0.0006746031746031747,-0.02559603174603175,0.03510599439775905,0.0964517273576097,42718.0,0.0,0.02035873015873016,,,0.0,1.1203703703703705,-0.38981481481481484,0.0,2.1332135957526135,78.24375469837858,33.03710411430855,63.272185005612656,78.24375469837858,,,45.25281361613583
2025-11-10,KZTK,37788.99,1800.0,-3.0991328980000175,2.389594727637015,-0.4030282273407437,-6.150693380868263,-0.7009345794392496,0.3816889558625607,0.28141414067200915,0.0005446750608267642,0.0006753968253968253,-0.011126332381342717,0.05087016714801756,0.10618632965895755,42571.0,0.0,0.02035873015873016,,,0.0,1.1203703703703705,-0.38981481481481484,0.0,2.3377551604354876,80.26045573602659,42.60378918264236,68.4691043158238,80.26045573602659,,,51.44512798119019
2025-11-11,KZTK,37002.0,1670.0,-4.416641734875534,2.1475775396174286,-0.7232152773978546,-7.68205091561556,-1.846575265610939,0.4412780057859179,0.21008483987785942,0.0005531115907652735,0.0006746031746031747,0.006707250058555337,0.07427905023151901,0.1294765746896564,42546.25,0.0,0.020359920634920637,,,0.0,1.1203703703703705,-0.38981481481481484,0.0,2.8271252459259935,84.50476213966289,55.11697073584079,75.38372684907213,84.50476213966289,,,49.56054892829871
2025-11-12,KZTK,37700.0,5600.0,-1.8137441523465045,3.069838507275305,0.006510407274272328,-5.548561790504445,-3.6402736884978193,0.6019515985830852,0.10950544668238082,0.0005326625503087935,0.0006746031746031747,-0.022073281125005263,0.06529054460864811,0.1082849132668098,42550.0,0.0,0.02036230158730159,,,0.0,1.1203703703703705,-0.38981481481481484,0.0,2.3818501898450095,80.67626233377455,35.27297069135407,72.85313182748745,80.67626233377455,,,53.29084138611923
2025-11-13,KZTK,37699.99,100.0,-0.9296380738136845,-0.9555071035101799,0.7538385773290284,-4.4792102759521075,-2.0014832348452583,0.7786679194777981,-0.06566873848524701,0.0005324634238906897,0.0006746031746031747,0.0006060302752722837,0.08359256101356304,0.1175682410832142,42900.0,0.0,0.02036309523809524,,,0.0,1.1203703703703705,-0.38981481481481484,0.0,2.5769096630777777,82.43563680196608,50.829013187030505,77.832923649389,82.43563680196608,,,42.17120252312426
2025-11-14,KZTK,37400.0,630.0,-1.6831809898924517,0.8850365970116801,-0.9999999966101695,-5.134471003680824,-1.7871359349763027,0.779314879589151,-0.02275645479140729,0.000526988297401861,0.0006746031746031747,0.033256016042780744,0.09239838086749852,0.11893854299295477,42610.0,0.0,0.02036626984126984,,,0.0,1.1203703703703705,-0.38981481481481484,0.0,2.605702179508311,82.68437403376001,72.20907359446093,79.9836600575911,82.68437403376001,,,33.75370238142894
2025-11-17,KZTK,37496.0,1430.0,-1.303145189216247,1.5288555940606972,0.8969581158427797,-4.781969157562569,-2.2222222222222254,0.7808668717359355,-0.27317890334909334,0.0005277669945050514,0.0006746031746031747,0.03139609050362197,0.09681840992139684,0.13389018418049248,43280.0,0.0,0.02036626984126984,,,0.0,1.1203703703703705,-0.38981481481481484,0.0,2.919863147609948,85.21945405179987,71.14324712817623,81.0026650193961,85.21945405179987,,,50.33011214783758
2025-11-18,KZTK,37374.99,100.0,-1.4403763621984889,-1.1939170216819857,0.3580371343288032,-4.834637379154034,-0.7753316508326891,0.7879256811851381,-0.0131816347123886,0.0005110129744588478,0.0006746031746031747,0.05319446701747173,0.10945961212934366,0.1405704956267611,43390.0,0.0,0.02036626984126984,,,0.0,1.1203703703703705,-0.38981481481481484,0.0,3.0602285486288996,86.24912116561553,82.02007986783745,83.69659811843391,86.24912116561553,,,41.60005841473857
2025-11-19,KZTK,36995.0,390.0,-2.361184989544732,0.4446847149052691,-0.7631828208525876,-5.597512763957336,1.0080265931571297,0.7863923198672598,0.20306884763294297,0.0005539846368676894,0.0006746031746031747,0.07240280293132705,0.12100204457058764,,,0.0,,,,0.0,1.1203703703703705,-0.38981481481481484,0.0,,,88.69491668423296,85.87964970528539,,,,44.40227009078604
2025-11-20,KZTK,37850.0,3530.0,0.17009759526176527,2.6475894519675665,0.256578578061647,-3.1372548077807973,-1.8700265251989423,0.7990918261379898,0.04913020200757097,0.0005870983910281457,0.0006746031746031747,0.06393495837789107,0.11432643790232958,,,0.0,,,,0.0,1.1203703703703705,-0.38981481481481484,0.0,,,86.06749409459526,84.64852154109235,,,,52.052311933967715
2025-11-21,KZTK,38770.0,2670.0,2.583180265156584,1.989934218288483,0.16571428561959184,0.03234582792582122,0.39790461482882566,0.9866442588083356,-0.050321797845905306,0.00048035429526019217,0.0006765873015873017,0.03600834397812087,0.08375440397378107,,,0.0,,,,0.0,1.1203703703703705,-0.38981481481481484,0.0,,,73.74105401274058,77.87390291243173,,,,50.956672588588596
2025-11-24,KZTK,38800.0,780.0,2.4355537006500354,0.7593950778182866,0.041082754502000426,0.14567254523600345,3.663101604278074,1.1443841479177963,0.182821058600047,0.000492093307112702,0.0006805555555555554,0.033913099329078635,0.08227227949599084,,,0.0,,,,0.0,1.1203703703703705,-0.38981481481481484,0.0,,,72.57977178408038,77.496597520476,,,,51.63371246811708
2025-11-25,KZTK,39490.0,1220.0,4.182331120625056,0.8919967958315475,0.9717912539184891,1.95751357356806,3.4777042884574394,1.1431117647308562,0.011645986331891086,0.00046511110753797195,0.0006880952380952381,0.020358256460345597,0.06321852719394502,,,0.0,,,,0.0,1.1203703703703705,-0.38981481481481484,0.0,,,64.35392559226194,72.24717154978609,,,,51.456766881069925
2025-11-26,KZTK,39800.0,1140.0,4.787216741230564,0.6090632559085152,0.3634555206362942,2.7625533580887858,5.658891146191625,1.1869862343001332,0.13439681024982825,0.0004464768265183893,0.0006984126984126985,0.009113482093004707,0.06364301866475233,,,0.0,,,,0.0,1.1203703703703705,-0.38981481481481484,0.0,,,56.790891243183836,72.37199027714185,,,,51.43163834223988
2025-11-27,KZTK,40400.01,2620.0,6.121990422175191,1.378688459376618,0.2933376679813199,4.389484860242899,6.831519331241112,1.191967666668341,0.35972447854760464,0.00042150564825461977,0.0006928571428571428,-0.012076062604935,0.04047136002565341,,,0.0,,,,0.0,1.1203703703703705,-0.38981481481481484,0.0,,,41.949531996919525,65.08332861437324,,,,52.44521825572447
2025-11-28,KZTK,40300.0,220.0,5.206521624045409,-1.2062388952999825,-0.4999999975,3.852696522708758,6.737146631439894,1.222879117158433,0.36707629653153917,0.0003477609176103977,0.0006952380952380952,-0.005352260821615697,0.05973469514356611,,,0.0,,,,0.0,1.1203703703703705,-0.38981481481481484,0.0,,,46.62922119497883,71.20976985265595,,,,49.858584504698776
2025-12-01,KZTK,40249.95,760.0,5.0320131345850685,0.03344787687107507,-0.39740518882754616,3.7674981282823277,3.9463502708279696,1.2083921023715896,0.2339334399076208,0.00029481291418053816,0.0006821428571428573,-0.006150027579152843,0.06381058690460374,,,0.0,,,,0.0,1.1203703703703705,-0.38981481481481484,0.0,,,46.069215002762746,72.42116688271696,,,,50.43287465530361
2025-12-02,KZTK,40430.0,1060.0,5.356767379101942,0.31963321551437107,0.051005621206416156,4.201314467608847,3.736984536082466,1.209394174142139,0.14623585124171154,0.00029573305308407734,0.0006765873015873017,-0.007821453011083236,,,,0.0,,,,0.0,1.1203703703703705,-0.38981481481481484,0.0,,,44.899304866759245,,,,,50.66762092782435
2025-12-03,KZTK,40299.0,260.0,4.789086762013403,-1.2636884410458198,-0.4480459336024354,3.8078673820239453,2.3803494555583615,1.2046639743484757,-0.03792127530070305,0.0002960475952374885,0.0006773809523809523,-0.0038899410241776057,,,,0.0,,,,0.0,1.1203703703703705,-0.38981481481481484,0.0,,,47.65782974118664,,,,,48.291405205102265
2025-12-04,KZTK,40050.01,270.0,4.092343008457785,-1.22594828573339,-0.99999999599984,3.1703415646247546,1.2537688442211037,1.2117883448057192,-0.200221566148449,0.00029667847191424405,0.0006813492063492064,0.01284121674307253,,,,0.0,,,,0.0,1.1203703703703705,-0.38981481481481484,0.0,,,59.352494582324496,,,,,45.40790216884991
2025-12-05,KZTK,40221.1,2920.0,4.492604343202189,1.1549642432368439,-0.35554013353345354,3.6397478863250217,-0.8663364192236567,1.2229746575513785,-0.4588890989446809,0.0002846308240151422,0.0006769841269841269,0.025675352629215067,,,,0.0,,,,0.0,1.1203703703703705,-0.38981481481481484,0.0,,,67.71834142572504,,,,,49.32442975040908
2025-12-08,KZTK,40138.99,260.0,3.8095250722302874,-1.4423795440794953,0.25179142705035856,3.2363077467635266,-0.19578163771712953,1.216142899875584,-0.42999712615137164,0.00025082397538906423,0.0006809523809523809,0.027786397075788734,,,,0.0,,,,0.0,1.1203703703703705,-0.38981481481481484,0.0,,,69.00710655036968,,,,,46.94813997153323
2025-12-09,KZTK,40251.0,1280.0,3.9084236803790793,0.3302412645375621,0.001996007980047888,3.511702463262456,-0.2756773610898877,1.1725437475042189,-0.3001578029757907,0.0002517451901897954,0.0006773809523809523,0.03167660664449621,,,,0.0,,,,0.0,1.1203703703703705,-0.38981481481481484,0.0,,,71.30554517428061,,,,,48.54569636382694
2025-12-10,KZTK,40279.0,150.0,3.5063944926000747,-1.81373077642174,-0.5082644617597841,3.486614930482919,-0.4427405392035566,1.0292178656776427,-0.30995972562106433,0.00023760209092089923,0.0006769841269841269,0.039351185668454594,,,,0.0,,,,0.0,1.1203703703703705,-0.38981481481481484,0.0,,,75.52699898108044,,,,,39.73532222929205
2025-12-11,KZTK,40700.01,2160.0,3.731232231733239,1.0314720752944382,0.4569801318450648,4.56280851262796,-0.04962902305267747,0.972199988402724,-0.32200343125253417,0.00023889132993848276,0.0006761904761904762,0.02856657204372274,,,,0.0,,,,0.0,1.1203703703703705,-0.38981481481481484,0.0,,,69.47615677477144,,,,,50.48365394186329
2025-12-12,KZTK,41390.0,1010.0,5.117324775541761,0.0933318242897794,0.9710430571877288,6.111826634965781,1.6229708806564602,0.981247144243662,-0.030607405683553156,0.0002448325876494672,0.0006750000000000001,0.028711235172977138,,,,0.0,,,,0.0,1.1203703703703705,-0.38981481481481484,0.0,,,69.56269142795033,,,,,50.80432571141404
2025-12-15,KZTK,41390.0,480.0,4.757242822258471,-0.7683692483731005,0.6585770368580364,5.989903415115197,2.906186056572291,0.9811672279311191,0.2347092324606833,0.0002482236159474733,0.0006750000000000001,0.025159255839728178,,,,0.0,,,,0.0,1.1203703703703705,-0.38981481481481484,0.0,,,67.39903236755534,,,,,50.66557392388772
2025-12-17,KZTK,41661.99,1270.0,5.013762380847806,0.3499480771549811,0.6411659165506124,6.624620019942125,3.116695263134428,0.9863568592458926,0.31606635442221886,0.00024583003203531884,0.0006750000000000001,0.01784962225160157,,,,0.0,,,,0.0,1.1203703703703705,-0.38981481481481484,0.0,,,62.71340721110784,,,,,51.98140190404073
2025-12-18,KZTK,42000.0,1980.0,5.565823183972183,0.6486948542544405,0.5547424822451064,7.310274445715274,3.505478124767092,0.9675046183185418,0.44390033613633173,0.00020886562675919112,0.0006746031746031747,0.009717857142857143,,,,0.0,,,,0.0,1.1203703703703705,-0.38981481481481484,0.0,,,57.209058669737466,,,,,52.406844116013204
2025-12-19,KZTK,42000.0,70.0,5.0110939946160205,-2.754552800545744,-0.9999999966666667,7.035238808762151,4.272697931924818,0.895492066978296,0.6565017249373098,0.00017851035318731072,0.0006746031746031747,0.018050396825396827,,,,0.0,,,,0.0,1.1203703703703705,-0.38981481481481484,0.0,,,62.84584469162058,,,,,49.0621216485393
2025-12-22,KZTK,42718.0,2350.0,5.901606543102722,0.8200132910434909,0.9729339823137582,8.867963395632424,3.194077839292908,0.8139289029358026,0.3651056992349635,0.0001698616200235751,0.0006746031746031747,-0.005909557455799087,,,,0.0,,,,0.0,1.1203703703703705,-0.38981481481481484,0.0,,,46.2379192438475,,,,,52.84846808597867
2025-12-23,KZTK,42571.0,1780.0,4.4001325335809875,0.5422114875056241,0.5669172923805755,8.07550974980961,3.2085044696786635,0.7374296538854985,0.3654838842601694,0.00016663580802030683,0.0006753968253968253,0.013273974523606317,,,,0.0,,,,0.0,1.1203703703703705,-0.38981481481481484,0.0,,,59.64688219535332,,,,,53.05338743600166
2025-12-24,KZTK,42546.25,3600.0,3.821067145194394,1.1856229314410744,0.5866290007784765,7.715735755787535,2.85334621889346,0.755599740125291,0.3471519353646773,0.0001676280111927131,0.0006757936507936508,0.01645199491123339,,,,0.0,,,,0.0,1.1203703703703705,-0.38981481481481484,0.0,,,61.78628955072462,,,,,53.82673518887395
2025-12-25,KZTK,42550.0,1630.0,3.09868744840274,0.393269456063238,-0.287171817965184,7.182789612180433,2.122462225160149,0.6972558616462773,0.33624455221025007,0.00014936167868457743,0.0006769841269841269,,,,,0.0,,,,0.0,1.1203703703703705,-0.38981481481481484,0.0,,,,,,,,52.70645855011103
2025-12-26,KZTK,42900.0,100.0,3.585419104918161,-2.4552942365556545,0.46947368322216065,7.834852172252525,1.3095238095238049,0.6948726951025959,0.167861692168192,0.00014077441214544118,0.0006753968253968253,,,,,0.0,,,,0.0,1.1203703703703705,-0.38981481481481484,0.0,,,,,,,,49.64668327622562
2025-12-29,KZTK,42610.0,1410.0,2.5905782170949303,0.3091879743273769,-0.3220338977592646,7.0882150374943675,2.1428571428571352,0.6495370377965325,0.4617564281459575,0.0002295227178884563,0.0006777777777777777,,,,,0.0,,,,0.0,1.1203703703703705,-0.38981481481481484,0.0,,,,,,,,53.08571592934253
2025-12-30,KZTK,43280.0,810.0,4.023083831629559,-0.36344165184740657,0.7079959505212571,8.573760261636634,-0.25282082494498814,0.6751962542750505,0.20276285213135292,0.00022118785838774936,0.0006746031746031747,,,,,0.0,,,,0.0,1.1203703703703705,-0.38981481481481484,0.0,,,,,,,,51.494692236534995
2025-12-31,KZTK,43390.0,2040.0,4.047300517898323,0.5602282633838667,0.69499999982625,8.69053942439247,1.6654530079161844,0.7262284024199698,0.23097858375948926,0.00024158436037958293,0.0006746031746031747,,,,,0.0,,,,0.0,1.1203703703703705,-0.38981481481481484,0.0,,,,,,,,52.92196588829526
2025-01-05,KZTO,819.63,2870.0,0.011150191870528296,-2.5537470158637263,-0.340852087612523,-0.01914886460382644,0.3671970624234966,0.48919810162183586,0.2748030550152857,0.00021328888454783616,0.0005726190476190476,0.009713558251894154,0.017421420336005276,-0.042724756597489116,799.01,0.0,0.01756706349206349,-0.06188197387845735,,0.0,-1.7194570135746607,0.44954128440366975,0.0,-0.7911355367533188,38.350883764751345,57.20608782497452,57.057714887419785,38.350883764751345,39.46570325562252,,41.088795023829384
2025-01-06,KZTO,823.0,10320.0,0.4291399687710678,-1.0337259878630527,0.5423339720059566,0.39351069041288367,-0.8815846756639045,0.486089931412877,0.14102770724888056,0.0002190546231203254,0.0005674603174603176,0.007984014156492893,0.008323993230341956,-0.0364327421936778,807.5,0.0,0.01759920634920635,-0.06472710515149761,,0.0,-1.7194570135746607,0.44954128440366975,0.0,-0.658928957447603,40.24282898501287,56.00685618273491,53.75807105818397,40.24282898501287,38.85365915230753,,38.55606743072267
2025-01-08,KZTO,825.0,55860.0,0.6640524784255003,0.655034779146334,0.030927831863105288,0.6248121607392793,0.367077647288383,0.4772346293918645,0.31675507322461793,0.00021807923033350407,0.0005678571428571428,0.009151767676767677,0.0021942640692640698,-0.04334422799422803,803.78,0.0,0.017623015873015874,-0.06715003607503608,,0.0,-1.7194570135746607,0.44954128440366975,0.0,-0.804151748904864,38.16640729921938,56.817410444379455,51.51426957059131,38.16640729921938,38.335187531024985,,45.59493339949249
2025-01-09,KZTO,824.99,53340.0,0.6271941070320021,0.33006198676120796,-0.33889810702869155,0.6070341993042535,0.36496350364962904,0.4758768273406727,0.2551582156550808,0.0001997473886942145,0.0005825396825396825,0.018859932722609225,-0.0007101041147780946,-0.04551981859520374,801.98,0.0,0.017628571428571427,-0.06839286355948135,,0.0,-1.7194570135746607,0.44954128440366975,0.0,-0.8498648342325831,37.521253733070246,63.377868726620214,50.44842508797473,37.521253733070246,38.07025836596408,,42.78401960158831
2025-01-10,KZTO,828.5,6140.0,0.8902177405946607,-1.8317933610122128,0.9999998175182815,1.0168633635556985,0.14445253702355387,0.4668623502312709,0.0011717298022533517,0.00019883433975994246,0.0006321428571428572,0.010935103600885145,-0.02256863211387955,-0.05560266186740236,797.0,0.0,0.01758214285714286,-0.06770987417497673,,0.0,-1.7194570135746607,0.44954128440366975,0.0,-1.0617235702656045,34.59172829752415,58.04809568982123,42.48086629225114,34.59172829752415,38.215762016866975,,42.885103627539735
2025-01-13,KZTO,830.0,37090.0,1.0461640879408527,-0.03327671151251092,0.16527544530255175,1.194687121645145,1.0365853658536484,0.4718963204902763,0.17870228534922555,0.00023740087403414028,0.0005884920634920634,0.001885943775100402,-0.023144563970166378,-0.05192822241346337,801.5,0.0,0.017590873015873015,-0.07245957161981258,,0.0,-1.7194570135746607,0.44954128440366975,0.0,-0.9845169652112713,35.64719228324562,51.73167904299386,42.274335846640845,35.64719228324562,37.208396236215854,,43.04957117685167
2025-01-14,KZTO,832.0,19470.0,1.2422782505991858,-0.705777760458423,0.33333322222225925,1.4166009616044837,1.2652050315386187,0.4718630746560542,0.2799277919322405,0.00021927489676575845,0.0005805555555555556,0.0007393925518924863,-0.02913973595848595,-0.05729758852258852,799.0,0.0,0.01763412698412698,-0.07836146978021982,,0.0,-1.7194570135746607,0.44954128440366975,0.0,-1.0973370385247532,34.10986212407251,50.92310300406753,40.14172870619719,34.10986212407251,35.97205497992532,,44.54216180122886
2025-01-15,KZTO,835.0,286730.0,1.5653784147448009,1.9838862767956222,-0.603849226065573,1.7671386541250789,1.0935601458080146,0.4718369452470194,0.23812764197550101,0.00022466877547792542,0.0005857142857142858,-0.008929690618762476,-0.04703814989069479,-0.05787541821119671,801.43,0.0,0.017671825396825398,-0.06815573852295408,,0.0,-1.7194570135746607,0.44954128440366975,0.0,-1.1094782832278647,33.94632720702769,44.126615689512796,34.019873907555045,33.94632720702769,38.12075121482915,,48.12877309839558
2025-01-16,KZTO,843.0,20770.0,2.1132261648070134,-0.7355649158616941,0.4214581848572511,2.513208513364411,1.21212121212122,0.47230783396525944,0.11117223038976538,0.0002232681621934028,0.0005837301587301588,-0.020117268259617047,-0.04318690193752467,-0.06763905835169182,800.89,0.0,0.017686507936507938,-0.07264142518217251,,0.0,-1.7194570135746607,0.44954128440366975,0.0,-1.3146299853226562,31.24311186118832,36.54365403743196,35.300609410060176,31.24311186118832,37.17004056160088,,43.45584295755966
2025-01-17,KZTO,839.99,4480.0,1.7073224229781847,-2.2694412642379556,-0.367132802948793,2.12550673044941,2.1830567643244203,0.507067079283889,0.2632434887669539,0.00020017081742038873,0.0005948412698412699,-0.013883860262319903,-0.06107002523367155,-0.04504477027031879,817.0,0.0,0.017675396825396823,-0.06922616199418097,,0.0,-1.7194570135746607,0.44954128440366975,0.0,-0.8398832114950532,37.66175668252847,40.71212863674542,29.557224473577982,37.66175668252847,37.89302293239916,,43.60284913872588
2025-01-20,KZTO,834.0,142970.0,0.916683671214474,1.2879800466347535,-0.557267228490715,1.3900236804513677,1.3868436934218575,0.5165319707470838,-0.010183035326460999,0.000246309343594893,0.0005884920634920634,-0.0005746231586159539,-0.04406942160557268,-0.04644086730615508,810.0,0.0,0.01766388888888889,-0.06471103973963686,,0.0,-1.7194570135746607,0.44954128440366975,0.0,-0.8692177300834024,37.249438903031,49.99585795142668,35.00517565347401,37.249438903031,38.85710549037618,,41.657913119052324
2025-01-21,KZTO,835.06,7490.0,0.911101642684299,-1.7555003531144167,0.21833531745049892,1.432366546329441,0.48192771084336616,0.529775689125928,-0.15469157008511433,0.0002318641101650017,0.0005857142857142858,0.007742722307949423,-0.049759179874538026,-0.039281950370261325,817.0,0.0,0.017654761904761902,-0.06360466532392495,,0.0,-1.7194570135746607,0.44954128440366975,0.0,-0.7187959638752761,39.382129896170376,55.83895723101793,33.1287392757207,39.382129896170376,39.09471031251294,,33.63307189955682
2025-01-22,KZTO,830.0,18030.0,0.16162365264293668,-0.7826150168231584,-0.8176845198099805,0.8126831887228533,0.36778846153846523,0.5140477434916825,-0.1776911510394664,0.00023863266120609285,0.0005888888888888889,0.02118451424746602,-0.04605903614457829,-0.03692591795754446,814.0,0.0,0.01764880952380952,-0.054099698795180715,,0.0,-1.7194570135746607,0.44954128440366975,0.0,-0.6692914703970012,40.09340163843225,64.88717966511707,34.34336065970086,40.09340163843225,41.15626597188842,,10.094559835589411
2025-01-23,KZTO,828.53,13540.0,-0.051444652179884545,-0.759228695464806,-0.7349998162500595,0.6259439648865976,-0.5988023952095856,0.5266042028189812,-0.2204582097883479,0.0002514888564356707,0.0005944444444444445,0.020574054009213905,-0.05034662088468405,-0.037601723989456125,811.98,0.0,0.017626587301587303,-0.05597977608650545,,0.0,-1.7194570135746607,0.44954128440366975,0.0,-0.683491374913922,39.88893841258263,64.49354809448613,32.937903265790325,39.88893841258263,40.74577221706769,,8.460601769356007
2025-01-24,KZTO,830.81,283760.0,0.17252043343233484,2.6464119963705337,-0.4853272589924157,0.8988904007044514,-1.7164887307236087,0.5144189236835106,-0.45174981000981,0.0002522633018464018,0.0005976190476190477,0.011164256587996139,-0.04756969729579255,-0.04927820783236396,804.5,0.0,0.01761031746031746,-0.05329305594482945,,0.0,-1.7194570135746607,0.44954128440366975,0.0,-0.928835375756358,36.41721337335049,58.20554498089402,33.8448770676039,36.41721337335049,41.33276892751469,,44.91452197949925
2025-01-27,KZTO,835.99,316190.0,0.7461095718246727,2.3914620750555646,0.1979999802000038,1.4277632338612958,-1.092870153216119,0.5144719174178658,-0.4753887012185346,0.00024692795055521427,0.000594047619047619,0.006688994006155982,-0.056567575673514746,-0.05483592574016894,804.89,0.0,0.01763452380952381,-0.046872115424597814,,0.0,-1.7194570135746607,0.44954128440366975,0.0,-1.0456130603229954,34.81076122662277,55.104221360523134,30.952258825912814,34.81076122662277,42.74534198933317,,46.77149605033415
2025-01-28,KZTO,844.0,18200.0,1.5111112632491563,-0.4634560072150822,0.05871029271315898,2.243700906437947,0.2386091127098311,0.4603487542967626,-0.3243352594803908,0.0002437142514998704,0.000588095238095238,-0.002890873015873016,-0.06279434100654485,-0.06644152561498529,802.83,0.0,0.01766190476190476,-0.0560905909125104,,0.0,-1.7194570135746607,0.44954128440366975,0.0,-1.2894676610548221,31.56834576319701,48.36178052683988,29.032734205339956,31.56834576319701,40.72161671273654,,31.39277192133581
2025-01-29,KZTO,850.03,228120.0,2.1739770702249244,2.4281541465405327,-0.13672153638357493,2.9504643321259563,1.0705817546044605,0.4519714380739918,-0.3562602644278588,0.0002635211411872316,0.0005738095238095239,-0.014704742274268906,-0.0701902799182251,-0.07658557401522145,799.99,0.0,0.017717063492063492,-0.034854450015676296,,0.0,-1.7194570135746607,0.44954128440366975,0.0,-1.502612427299235,28.872849114587734,40.15401789469533,26.84684131685143,28.872849114587734,45.419453141200904,,47.7269120339223
2025-01-30,KZTO,848.0,97540.0,1.5383519870611413,1.5785450647130943,-0.5448915986925948,2.477136979447096,2.4132530120482,0.46927568406684134,-0.2200676677425777,0.0002638545537883606,0.0005718253968253969,-0.01589193620844564,-0.04894906409104522,-0.0731904013177598,801.0,0.0,0.017765873015873016,-0.03044234052111405,,0.0,-1.7194570135746607,0.44954128440366975,0.0,-1.431273720857039,29.75975975432422,39.351383922761364,33.39282499861837,29.75975975432422,46.40873114600695,,44.68936145998913
2025-01-31,KZTO,842.5,145940.0,0.7427376312631228,1.9814777274763797,-0.36487712785467336,1.735988410409078,2.349945083461069,0.47778906169072277,-0.18204602423108476,0.0002628078745806034,0.0005785714285714286,-0.012308600631152532,-0.050966540671659365,-0.05875709457868211,808.0,0.0,0.01780753968253968,-0.023968803871697072,,0.0,-1.7194570135746607,0.44954128440366975,0.0,-1.128003895077915,33.697536109488055,41.7897606462106,32.73712463533512,33.697536109488055,47.86513112785953,,46.783479003675616
2025-02-03,KZTO,844.0,113050.0,0.8454902649640192,1.362948804950493,-0.7837837731921112,1.8400834485858293,1.407060579434538,0.49194420892411833,-0.15795599800353627,0.000244360932374929,0.0005801587301587301,-0.03137014594147296,-0.0443778229143158,-0.0669862615662379,802.53,0.0,0.017851190476190475,-0.022695781614383546,,0.0,-1.7194570135746607,0.44954128440366975,0.0,-1.3009135466040238,31.42017639613054,29.535675050559696,34.90220401095275,31.42017639613054,48.15203864829583,,36.81098851894037
2025-02-04,KZTO,844.0,51900.0,0.7910386883733522,0.13788963233732182,0.15611813248114562,1.7463050880555009,0.9581454323616345,0.49013335387434603,-0.35431274868195933,0.0002357030524318512,0.0005865079365079364,-0.030179359437297826,-0.04792875385541262,-0.06511762393741069,804.15,0.0,0.017901984126984127,-0.01981085157601744,,0.0,-1.7194570135746607,0.44954128440366975,0.0,-1.261650097251533,31.930011353849196,30.240059744787786,33.7269171504265,31.930011353849196,48.80265171838937,,35.448817832373535
2025-02-05,KZTO,840.0,30440.0,0.2826687249442621,-0.547337412855925,0.0,1.2342682261540567,0.0,0.4871167097567252,-0.334831180728362,0.00021149819512671696,0.000588095238095238,-0.029122619047619036,-0.045724999999999974,-0.05499920634920635,808.88,0.0,0.017951587301587302,-0.012600396825396824,,0.0,-1.7194570135746607,0.44954128440366975,0.0,-1.0490438806298774,34.76406274823789,30.87304752609278,34.45405710635703,34.76406274823789,50.430055544102245,,23.14301626975426
2025-02-06,KZTO,837.0,37670.0,-0.12441332720100039,-0.1665124157557007,-0.12994347835340553,0.8581180611777292,-1.1799583544110148,0.5042242809849049,-0.30748687345164705,0.0002181291106000723,0.0005869047619047619,-0.03996287335722819,-0.05119145331967913,-0.05024893753200205,810.0,0.0,0.017990873015873016,-0.007765646868066224,,0.0,-1.7194570135746607,0.44954128440366975,0.0,-0.9492321588504777,36.13431368485171,24.74840531403362,32.66443577516398,36.13431368485171,51.52096326080115,,19.485953574014385
2025-02-07,KZTO,834.6,115740.0,-0.4523143714721592,1.130208792007247,-0.19999995000000112,0.5547354568790003,-1.297169811320753,0.5138521500245946,-0.22449724938380916,0.0002237789161636294,0.000590079365079365,-0.024045000456449035,-0.04798836739584407,-0.04956463660949648,808.28,0.0,0.01802857142857143,-0.015029655209795423,,0.0,-1.7194570135746607,0.44954128440366975,0.0,-0.9348537613494476,36.33364073817358,34.01282942593479,33.70735201716043,36.33364073817358,49.881700632137665,,32.01435151162231
2025-02-10,KZTO,820.0,346770.0,-2.1715587785420327,2.0467865401128162,-0.6527011768080961,-1.2639110128968145,-0.9376854599406514,0.5128574447414458,-0.19152181381287467,0.0001834447078019018,0.0005825396825396825,-0.028505497483546277,-0.03336243708865655,-0.032734039876113036,807.99,0.0,0.018087698412698413,0.003764276035617499,,0.0,-1.7194570135746607,0.44954128440366975,0.0,-0.5812125458355827,41.369102632119215,31.246073640657862,38.66121865130587,41.369102632119215,54.11479875605204,,38.429285129423526
2025-02-11,KZTO,821.0,204460.0,-1.7459115397226233,1.006623587296823,0.37952426271724016,-1.029190330960682,-2.843601895734593,0.6482761623952925,-0.16530529453607168,0.0001835801418846603,0.0005805555555555556,-0.019370345880942712,-0.038062568393171306,-0.03899651218993487,803.9,0.0,0.01816825396825397,0.0164626795622837,,0.0,-1.7194570135746607,0.44954128440366975,0.0,-0.7127983925090456,39.468069243222835,37.033978353871724,37.03772769359811,39.468069243222835,56.945389267152514,,40.96397706474604
2025-02-12,KZTO,817.99,69660.0,-1.9685466196832881,-0.41313906634324415,0.3303571305670709,-1.3419062370654327,-2.7251184834123254,0.6459237735907531,-0.12062406848885276,0.00017650579428312203,0.0005801587301587301,-0.020310342575112054,-0.0332827266536227,-0.035358454123997726,804.0,0.0,0.018255555555555556,0.01847172752335039,,0.0,-1.7194570135746607,0.44954128440366975,0.0,-0.6363562260826985,40.56895206692458,36.417356424137246,38.68898184545977,40.56895206692458,57.38957684004069,,34.06707465652405
2025-02-13,KZTO,805.99,85910.0,-3.339642544543752,0.027256680106644286,-0.3340744672554486,-2.768134511819444,-2.620238095238092,0.6411842390216026,-0.05455264237543859,0.0001789698512719694,0.0005805555555555556,-0.00792127957789069,-0.010058156660142117,-0.018298307183889213,806.0,0.0,0.018310714285714284,0.03415983727593611,,0.0,-1.7194570135746607,0.44954128440366975,0.0,-0.2778917464021689,45.84125397076627,44.82959677247835,47.01997444959945,45.84125397076627,60.81201687320904,,32.31942073689028
2025-02-14,KZTO,816.96,55030.0,-1.8937270644295192,-0.5109156315687967,0.6959999652000053,-1.389275809149137,-3.7048984468339263,0.6594254830225627,-0.09537884015584722,0.00016220353624744711,0.0005853174603174603,-0.027378469307817177,-0.030253519668737138,-0.025767347005390556,810.9,0.0,0.018349603174603175,0.0380724539757148,,0.0,-1.7194570135746607,0.44954128440366975,0.0,-0.434829754188789,43.514300898482354,31.93360578665122,39.7493569929492,43.514300898482354,61.65063742770916,,40.100643759062095
2025-02-17,KZTO,799.01,388020.0,-4.005724827272827,1.4422609227718428,-0.4113712221712687,-3.5430950013017957,-2.113587347232204,0.7470207132705422,0.08382114288415407,0.0001298994519970883,0.0005813492063492063,0.00015405490385623187,-0.006213467782452229,-0.006031523335524543,808.89,0.0,0.018396825396825398,0.08593415131483154,,0.0,-1.7194570135746607,0.44954128440366975,0.0,-0.02014447699151069,49.69783652365612,50.51009557165733,48.42847660438338,49.69783652365612,71.23665735138344,,46.52658911583328
2025-02-18,KZTO,807.5,34360.0,-2.397830508350013,-0.9818994819517388,0.7573221123579756,-2.220760802787792,-2.5597560975609723,0.870791489637444,0.13208713381151957,0.00013045263117168277,0.0005996031746031746,-0.01351282372598162,-0.01097554548135044,-0.02770164995822893,800.02,0.0,0.018438492063492063,0.07016881050665877,,0.0,-1.7194570135746607,0.44954128440366975,0.0,-0.4754729505204444,42.91588682220272,40.965191348940735,46.68450492263784,42.91588682220272,68.23418491245376,,43.73557883045616
2025-02-19,KZTO,803.78,26350.0,-2.8147397564323433,-1.2473231054819067,-0.0439999956000059,-2.6570881609554604,-1.6443361753958552,0.913931672202175,0.20764670373966668,0.00013944052360355044,0.0005916666666666667,-0.005941939553861999,-0.004980611728629808,-0.02321746190717112,800.0,0.0,0.01851468253968254,0.05314941392989556,,0.0,-1.7194570135746607,0.44954128440366975,0.0,-0.3812520658964658,44.30602649203349,46.2151961502603,48.88077060694309,44.30602649203349,64.81417083438917,,41.60571211109965
2025-02-20,KZTO,801.98,18770.0,-3.0030245002393094,-1.5865294782636266,0.3784721565152622,-2.8618382075277524,-1.7371850511620046,0.9108037671568847,0.13277527850625132,0.00013007058391518403,0.000588095238095238,-0.004387707566629774,-0.004903172663530835,-0.021054603784205542,800.0,0.0,0.018585714285714285,0.05679768684608768,,0.0,-1.7194570135746607,0.44954128440366975,0.0,-0.335806512913044,44.97987381538171,47.30742923528573,48.90918732344743,44.97987381538171,65.56170041451472,,43.244905682227824
2025-02-21,KZTO,797.0,22280.0,-3.5839508619110796,-1.4151010223175735,0.08539944119380258,-3.454733976091926,-0.49752478318589866,0.910919972180621,0.27528460326039345,0.00012961521783118145,0.0005857142857142858,0.02206751558423453,0.0009745269960765683,-0.013612131803788015,801.0,0.0,0.01863095238095238,-0.03548930463444264,,0.0,-1.7194570135746607,0.44954128440366975,0.0,-0.17942674342084058,47.311195245078984,65.45297325971477,51.06676251949742,47.311195245078984,45.27738540733887,,45.268985303145186
2025-02-24,KZTO,801.5,6830.0,-2.94943871678097,-2.4326078675399083,0.8681317727327676,-2.89490971562637,-2.4432040736388605,0.9104916675534712,0.15316449845915295,0.00014651644533236725,0.0005972222222222222,0.007598766202259652,-0.00988418590143484,-0.019288909683232828,801.0,0.0,0.018665079365079367,-0.03239659665904208,,0.0,-1.7194570135746607,0.44954128440366975,0.0,-0.2987060928872281,45.53136367450438,55.7387238771518,47.08362316013384,45.53136367450438,45.97015457862205,,44.66181347450277
2025-02-25,KZTO,799.0,19370.0,-3.0635296796806553,-1.1689542677326912,0.48936166047985874,-3.1967912702279215,0.31163564911578234,0.9077682592076333,0.4090650974399602,0.00019690741533492044,0.0006238095238095239,0.019569033216123327,-0.006664399944374913,-0.01741470538570038,800.0,0.0,0.01866626984126984,-0.02922438911734907,,0.0,-1.7194570135746607,0.44954128440366975,0.0,-0.25932567777776083,46.117943701064675,63.841226236771796,48.26310491263077,46.117943701064675,46.68235091048812,,46.86287729467819
2025-02-26,KZTO,801.43,14680.0,-2.720987349647735,-1.4461919895356727,0.989451372420727,-2.8924175903989897,-1.0526315789473717,0.8654438233299347,0.3554730070643369,0.00017579638255005124,0.0006234126984126985,0.012765813226912514,-0.0072322166835114944,-0.015506634945590203,803.96,0.0,0.018663492063492063,-0.03100969333288962,,0.0,-1.7194570135746607,0.44954128440366975,0.0,-0.2192336738865245,46.71622840402129,59.30113117056421,48.054922340861054,46.71622840402129,46.28134485353245,,46.34106956417433
2025-02-27,KZTO,800.89,2880.0,-2.39037769054923,-2.9212059815135722,0.9038460748386185,-2.953633981248143,-0.2923685585608071,0.8455118526368379,0.5621632806684834,0.00018687935524852402,0.0005984126984126983,0.010954634789233527,-0.0004617221476028669,-0.017924061624300092,801.5,0.0,0.018685714285714285,-0.02783110689655376,,0.0,-1.7194570135746607,0.44954128440366975,0.0,-0.27002817170601745,45.9584143514709,58.06152185947789,50.53960591407548,45.9584143514709,46.99560371699154,,45.4327218640297
2025-02-28,KZTO,817.0,366080.0,-0.24094948472525496,2.1009768727635056,0.19627824111036277,-1.0010827335068693,-0.1359136138058381,0.8469314899690797,0.6672380643331547,0.00020004178517452498,0.0005837301587301588,-0.018189956966058556,-0.02293171931767405,-0.04130007965650566,798.55,0.0,0.018717460317460317,-0.04166385343202969,,0.0,-1.7194570135746607,0.44954128440366975,0.0,-0.7612005027729354,38.77641472582628,37.814302265531175,42.35063135629022,38.77641472582628,43.8999988347484,,49.6796161631031
2025-03-03,KZTO,810.0,5620.0,-0.8453812203658762,-2.075525957726535,-0.5037593606196021,-1.7946422269139852,2.509410288582181,0.984092552894166,0.6894138243164668,0.0002007670346905655,0.000576984126984127,-0.009239991181657865,-0.025390432098765455,-0.018785405643738956,809.98,0.0,0.018760714285714287,-0.03569484126984128,,0.0,-1.7194570135746607,0.44954128440366975,0.0,-0.28812656422502847,45.688833185644384,43.91075920846199,41.4716021450661,45.688833185644384,45.23140679828036,,45.85558031930566
2025-03-04,KZTO,817.0,9540.0,0.21147846213302882,-1.3284347017810625,-0.24487593069708963,-0.9475700382827026,1.0605115408608867,0.9931582433972935,0.41503559764599274,0.000293941632144794,0.0005765873015873015,-0.020314179343708057,-0.03396854782304599,-0.022488637290901677,814.0,0.0,0.01881666666666667,-0.04664275077227954,,0.0,-1.7194570135746607,0.44954128440366975,0.0,-0.3659381452270507,44.53287340194904,36.41484852940853,38.45035211336312,44.53287340194904,42.79603496717096,,44.34611061405935
2025-03-05,KZTO,814.0,5540.0,-0.05935176573563512,-1.7661500021009517,-0.0012515642989269831,-1.3121826446111888,2.252816020025028,1.020765189751245,0.2681880794106031,0.0003493802755212748,0.0005829365079365079,-0.02022757205257204,-0.03043592196092196,-0.0188734126984127,814.0,0.0,0.0188734126984127,-0.04425922643422642,,0.0,-1.7194570135746607,0.44954128440366975,0.0,-0.28997575129080166,45.66130291504759,36.47147712819003,39.685222957989744,45.66130291504759,43.323705595253706,,44.16747303154134
2025-03-06,KZTO,811.98,38860.0,-0.25536202672530145,0.2470035336401262,-0.04121648494531762,-1.5568571401011952,1.5684464020563338,1.0193015829275995,0.07004749206667227,0.00038082593446352663,0.0005722222222222222,-0.016587183093883403,-0.02681813547483578,-0.018911876787957502,812.0,0.0,0.018936507936507935,-0.04078254689594746,,0.0,-1.7194570135746607,0.44954128440366975,0.0,-0.2907839512373477,45.64927145197027,38.88396915577228,40.963618584519814,45.64927145197027,44.09607262079993,,42.09003741409392
2025-03-07,KZTO,804.5,60450.0,-1.1117174083498997,0.6888538222637409,0.4241724240118379,-2.504522596093759,1.3847095106693796,1.018438913887678,-0.11896501989011495,0.0003790946762438943,0.0005813492063492063,0.0012469568498623814,-0.017696163199068728,-0.007185074037901879,814.0,0.0,0.01899365079365079,-0.03506653521362968,,0.0,-1.7194570135746607,0.44954128440366975,0.0,-0.04438265933334292,49.33429944885168,51.28113450768236,44.23797012552633,49.33429944885168,45.37198431313927,,44.43107155220963
2025-03-11,KZTO,804.89,15220.0,-0.8596756318876457,-0.6903479781729127,0.6552300706920358,-2.4313936905815243,-1.5299877600979173,1.0328108272444645,-0.07338618330981991,0.00038708164731264663,0.0006182539682539682,-0.006041204659337279,-0.019427745287880195,-0.003971254964939478,816.99,0.0,0.01900436507936508,-0.03569341753689304,,0.0,-1.7194570135746607,0.44954128440366975,0.0,0.02314548012648645,50.347176622301724,46.14554989919426,43.611639598212484,50.347176622301724,45.231725259883035,,38.14470445126941
2025-03-12,KZTO,802.83,17110.0,-0.8670257247065943,-0.3514291004445159,0.6936291557888963,-2.674502522469923,-0.6308641975308671,0.9648926499851012,0.15841170295250767,0.000385984224786394,0.0006154761904761904,-0.0014867686807917787,-0.011950018787705165,-0.0050873575352192255,814.01,0.0,0.01901309523809524,-0.035961059003774186,,0.0,-1.7194570135746607,0.44954128440366975,0.0,-0.0003058493685036257,49.99541225948532,49.35215905284617,46.32848958834988,49.99541225948532,45.171865915541446,,42.268966809356115
2025-03-13,KZTO,799.99,22090.0,-0.9853428870182704,0.05897065578678191,0.1766784348245914,-3.013367718798837,-1.734394124846994,0.9642538347746582,0.34611272024970485,0.0003949369243601113,0.000628968253968254,0.007972956368303794,-0.011461682755161436,0.004134614619190666,818.5,0.0,0.0190031746031746,-0.03114811100317324,,0.0,-1.7194570135746607,0.44954128440366975,0.0,0.19346443066273314,52.898712358205714,55.99916477759075,46.506854409220935,52.898712358205714,46.250273584605175,,43.94471095232709
2025-03-14,KZTO,801.0,27360.0,-0.7718706305107825,0.2774994561736161,0.7777777345679036,-2.8857012447925863,-1.7211302211302182,0.9640759260277939,0.3816987200744085,0.0004017287010713912,0.0006206349206349206,0.00809071696094168,-0.01640272427322995,0.015944613875512763,828.99,0.0,0.01899920634920635,-0.03441219457820581,,0.0,-1.7194570135746607,0.44954128440366975,0.0,0.4416138313277436,56.585721510449915,56.081059994456425,44.70702988598696,56.585721510449915,45.51846527653024,,45.961513380901906
2025-03-17,KZTO,808.0,136530.0,0.10214138058397403,1.884960078473206,-0.04509283580409474,-2.021071733607717,-1.35225005542009,0.910076573189689,0.5454975639770527,0.0003940158708022694,0.0006202380952380952,-0.002806243124312465,-0.010893552569542645,0.007213268112525473,829.18,0.0,0.018999603174603176,-0.03940119047619048,,0.0,-1.7194570135746607,0.44954128440366975,0.0,0.258152497329402,53.864564196459,48.421445191556735,46.71447623566014,53.864564196459,44.40376650501283,,48.26143426366855
2025-03-18,KZTO,802.53,5880.0,-0.5331373800086828,-1.260017623753315,-0.9969134264022518,-2.639232470850251,0.43505282784337407,0.8768813696715767,0.45164451201386624,0.00038283955170449903,0.0006238095238095239,0.003632849061272343,0.0009395228215767978,0.04413584249631976,853.2,0.0,0.019001984126984128,-0.0319788040856505,,0.0,-1.7194570135746607,0.44954128440366975,0.0,1.0339624280068385,65.03043903626025,52.96175682393754,51.05391703592173,65.03043903626025,46.0638659968065,,43.191094435765585
2025-03-19,KZTO,804.15,12400.0,-0.7648866585016332,-0.4304187400368113,-0.7889907739848753,-2.445378896649513,-0.29320776752103095,0.7356052951785809,0.12121581259500872,0.0004510271729803633,0.0006373015873015873,-0.0035053317167195175,-0.0011062002025208247,0.044181420710421915,854.95,0.0,0.018990873015873013,-0.027122470043790665,,0.0,-1.7194570135746607,0.44954128440366975,0.0,1.0349201085508721,65.0435049943892,47.92873351288335,50.30301260107451,65.0435049943892,47.1550195549611,,25.492239749184776
2025-03-20,KZTO,808.88,55660.0,-0.18429025391943538,1.13222732454852,-0.47466957738603754,-1.8865827724506394,0.16441837001606174,0.6957801830720979,-0.1753081733597456,0.00044200086064295974,0.0006376984126984128,-0.009257239679242937,-0.009495592533983884,0.03791292679040427,854.9,0.0,0.018980555555555553,-0.03796457574887008,,0.0,-1.7194570135746607,0.44954128440366975,0.0,0.903207737062623,63.22600248806056,43.89876719843876,47.22582736401383,63.22600248806056,44.72422469428353,,28.38779045403887
2025-03-26,KZTO,810.0,41880.0,-0.0590290718925235,0.8477741542201209,-0.7181112954114672,-1.7312429707189845,1.1112638907986305,0.7002118815566982,-0.30557777580187134,0.0004376575862626243,0.0006261904761904761,-0.00817200176366843,-0.008426807760141094,0.039704805996472636,857.53,0.0,0.01897420634920635,-0.042486243386243336,,0.0,-1.7194570135746607,0.44954128440366975,0.0,0.9408583534089305,63.74965819564553,44.65460963322721,47.61717026462488,63.74965819564553,43.71720434552607,,19.504773644806924
2025-03-27,KZTO,808.28,350840.0,-0.29061107384675855,2.9567109913045875,-0.4677520057763312,-1.9312745862053928,1.1235955056179803,0.6978722195196001,-0.6047555817977456,0.00043226007636900174,0.0006277777777777778,1.1292252174130522e-05,-0.0025903011175601887,0.045012656662275656,859.99,0.0,0.01896269841269841,-0.040315152850536565,,0.0,-1.7194570135746607,0.44954128440366975,0.0,1.0523858762267926,65.281398541074,50.40935118907005,49.75815256924276,65.281398541074,44.20013399983762,,46.927688794063585
2025-03-28,KZTO,807.99,14800.0,-0.27345233408717196,-0.20898902985605583,-0.45636359487603523,-1.8345879202772146,0.03465346534652358,0.682953457517754,-0.6892874157921928,0.00041514961638951725,0.0006416666666666667,-0.002103188320341098,-0.005898222264066232,0.047901235900491446,862.0,0.0,0.018943650793650794,-0.041379630479278756,,0.0,-1.7194570135746607,0.44954128440366975,0.0,1.1130801397215957,66.1021141837611,48.9172617290226,48.54410819016228,66.1021141837611,43.96321248566846,,11.96777248492215
2025-03-31,KZTO,803.9,1090000.0,-0.78093339569924,4.090312694727633,0.356211110651992,-2.3101857872258624,0.6803483981907332,0.6733114310173144,-0.5811774494869495,0.00036507944281939436,0.0006611111111111111,-0.008023693176320986,0.004854716836769982,0.05460906686056273,863.0,0.0,0.018907539682539682,-0.03303547966559846,,0.0,-0.5577342047930284,0.2962962962962963,1.0,1.254023775396495,67.97045277634271,44.75810328405975,52.489418488187845,67.97045277634271,45.82690760135981,,51.089179375846165
2025-04-01,KZTO,804.0,7100.0,-0.41061429561567486,-1.0154244820186649,0.33333329629630043,-1.8786646790145873,-0.031088727227501778,0.6800609556804954,-0.35213707255957605,0.000355291310993282,0.0006674603174603175,-0.0081727434257285,0.017826137171286435,0.04393634209902867,854.5,0.0,0.018874603174603176,-0.03161610992655765,,0.0,-0.5577342047930284,0.2962962962962963,1.0,1.0297705645743567,64.97322149106691,44.65409219749376,57.20327867678606,64.97322149106691,46.145241362093195,,14.665601607930872
2025-04-02,KZTO,806.0,39950.0,-0.16627988760994528,0.7120961356403267,-0.13936780607989516,-1.6269389801991556,-0.6033033330036575,0.6770559996214607,-0.19053649782310844,0.0003434556599484965,0.0006357142857142858,-0.010665200480523062,0.015518432195045038,0.04192737799834574,855.0,0.0,0.018866666666666667,-0.03173916459884202,,0.0,-0.5577342047930284,0.2962962962962963,1.0,0.9875586027679134,64.39466178499036,42.9224083566923,56.371672911623286,64.39466178499036,46.11763004891369,,13.465554709752572
2025-04-03,KZTO,810.9,39640.0,0.44252677726300843,0.4720220644749035,0.38823524844290663,-1.012685540520818,-0.4938271604938316,0.6786419458837138,-0.07478779995679405,0.0003327123192362185,0.0006242063492063491,-0.0154364348255025,0.03892140478833052,0.049703886334408004,866.5,0.0,0.01886190476190476,-0.036584888043267594,,0.0,-0.5577342047930284,0.2962962962962963,1.0,1.1509570790063677,66.60946587689594,39.65868407191437,64.56431051890421,66.60946587689594,45.03239795967027,,20.91045342313516
2025-04-04,KZTO,808.89,36700.0,0.4053146946857908,0.39496056019171627,0.4949494532870829,-1.2509607064925856,0.3241450982332861,0.51661058458925,0.09640965088705353,0.00033880606178255903,0.0006285714285714285,-0.012984663036177131,0.0437017532844834,0.050512297878515494,865.0,0.0,0.01885436507936508,-0.03162110315488182,,0.0,-0.5577342047930284,0.2962962962962963,1.0,1.1679432646789503,66.8357573213267,41.3262432787187,66.15353263695182,66.8357573213267,46.144120922958095,,31.763302474218886
2025-04-07,KZTO,800.02,80000.0,-0.7014844671372242,0.915351773196158,0.3336116770934579,-2.326059576487507,0.1113875171722345,0.4825225891379241,0.28667226051967715,0.0002488733440584569,0.0006412698412698412,-0.0032392850893013156,0.05537169774128662,0.06237316815095499,864.99,0.0,0.018837301587301587,-0.020488561476439186,,0.0,-0.5577342047930284,0.2962962962962963,1.0,1.4171615572115024,70.06294275156255,48.11619862767573,69.87855725615327,70.06294275156255,48.64976909122425,,42.234169593215235
2025-04-08,KZTO,800.0,2810.0,-0.6710470512714157,-2.598560824896465,0.9969230002366951,-2.29675384727983,-0.4826470954098716,0.49548310923039734,0.2821523738079703,0.00020200139610674776,0.0006678571428571428,0.0017829365079365537,0.058733928571428534,0.08119563492063492,880.0,0.0,0.01880436507936508,-0.02396071428571426,,0.0,-0.5577342047930284,0.2962962962962963,1.0,1.8126555573853635,74.7928259940413,51.6590665608299,70.90753015642628,74.7928259940413,47.866953894636985,,43.32971079913708
2025-04-09,KZTO,800.0,59690.0,-0.6673501975431112,0.4573836222427748,-0.1666666597222225,-2.2885843634268572,-0.497512437810943,0.49197733787308473,0.4148703145960493,0.0001618442513158831,0.0006591269841269841,-0.0012535714285714285,0.06185178571428573,0.10490694444444451,898.95,0.0,0.018780555555555557,-0.021542063492063487,,0.0,-0.5577342047930284,0.2962962962962963,1.0,2.3108729678704765,80.00367046099952,49.516713856227604,71.84294076655688,80.00367046099952,48.41216380597299,,41.6677206534291
2025-04-10,KZTO,801.0,32890.0,-0.509471541493776,-0.1488807615614789,-0.12499999218750048,-2.1366886527290645,-0.7444168734491274,0.4907884660440819,0.4094105438675838,0.00015791193142188303,0.0006309523809523809,-0.006171771892277567,0.06302742553950419,0.0995673533083645,895.79,0.0,0.01877222222222222,-0.0241701578384163,,0.0,-0.5577342047930284,0.2962962962962963,1.0,2.198678520482586,78.90497604225753,46.0539644409451,72.19086622513555,78.90497604225753,47.81976336693914,,38.63543531809414
2025-04-11,KZTO,801.0,2860.0,-0.5036413655284174,-2.498618562236688,0.9999998546511839,-2.1236945777377807,-1.220865704772467,0.44967383631648883,0.30676349574150236,0.0001508131317972125,0.0006313492063492063,0.008109002140181938,0.06428221419654004,0.0773766630996968,878.0,0.0,0.0187531746031746,-0.024031425004458706,,0.0,-0.5577342047930284,0.2962962962962963,1.0,1.7324120664287448,73.87433365613005,56.09377324868458,72.55928500904815,73.87433365613005,47.8510213623171,,42.95981097018646
2025-04-14,KZTO,800.0,47630.0,-0.6273160510543541,0.31398831255597925,-0.4974874059367195,-2.236028822455628,-0.9754107480621554,0.4494111294491592,0.4077735760143225,0.00014883453464908082,0.000625,0.014390476190476193,0.05499444444444445,0.07998333333333335,878.98,0.0,0.018741666666666667,-0.02526071428571429,,0.0,-0.5577342047930284,0.2962962962962963,1.0,1.7871829129097014,74.50359177688924,60.40314542124923,69.76181820705013,74.50359177688924,47.57411070561525,,39.53801219144133
2025-04-15,KZTO,803.96,41730.0,-0.12349304200345278,0.08917019242105828,-0.10399999479999662,-1.7287417948614534,-0.002499937501565519,0.4467873059458276,0.2415537594082871,0.00014115678589192004,0.0006206349206349206,0.009359612063144531,0.050348047146782114,-0.023670993127668866,799.99,0.0,0.018732936507936507,-0.03149949000463583,,0.0,-0.5577342047930284,0.2962962962962963,1.0,-0.3907815754338301,44.164983908188105,56.961309047109964,68.30333636226177,44.164983908188105,46.17141101327579,,31.511721747270155
2025-04-16,KZTO,801.5,3160.0,-0.4330663138627468,-2.533138276072517,0.0,-1.9132399893990972,0.495000000000001,0.45334921956867136,0.021369160400948748,0.00013852514297065506,0.0006206349206349206,0.009957182712968738,0.06796143342344216,-0.011865247452692868,807.0,0.0,0.018727380952380954,-0.02653609204962917,,0.0,-0.5577342047930284,0.2962962962962963,1.0,-0.14272155019034208,47.86048400971883,57.37436736989642,73.62187100954843,47.86048400971883,47.2869759176767,,25.974017813742968
2025-04-17,KZTO,798.55,12620.0,-0.8052794850936688,-1.1484527317547044,-0.27142853265307976,-2.261706374891809,0.1875000000000071,0.4585776359027829,0.05470249234539325,0.00019605070463710823,0.0006154761904761904,0.0161812976247624,0.07007126065795848,-0.008132209595168966,807.0,0.0,0.01871388888888889,-0.025242890014937784,,0.0,-0.5577342047930284,0.2962962962962963,1.0,-0.06428368691033723,49.03586421900278,61.60570211558943,74.21915685247544,49.03586421900278,47.5781247904249,,15.115863068249707
2025-04-18,KZTO,809.98,49250.0,0.6453112946171734,0.2548589178733156,0.8365383945081447,-0.855450688110693,-0.30586766541823573,0.41678209215771694,0.02541678425227739,0.00021035088836212043,0.0006202380952380952,0.005479534679868626,0.05476922542081187,-0.021132203215286152,808.0,0.0,0.018687698412698413,-0.03775856679000894,,0.0,-0.5577342047930284,0.2962962962962963,1.0,-0.3374370170220338,44.95566399319967,54.25816366078114,69.69200331646839,44.95566399319967,44.770214636180455,,34.02794437522587
2025-04-21,KZTO,814.0,17490.0,1.1280995428937017,-0.8221087479398844,0.2727272479338866,-0.30177837422897,1.12109862671661,0.5085120592265968,-0.007275507776330436,0.00015656026935673758,0.0006325396825396825,-0.0031543816543816655,0.06793266838266838,-0.023565989040989038,810.0,0.0,0.018651984126984125,-0.04391916364416364,,0.0,-0.5577342047930284,0.2962962962962963,1.0,-0.38857525004705856,44.1976305879441,48.17603577034738,73.6136666415149,44.1976305879441,43.39911603063346,,25.15861889179013
2025-04-22,KZTO,814.0,9790.0,1.1176638671756631,-1.4023720153229189,-0.32269095522337266,-0.29774000145123186,1.750000000000007,0.5174028757393505,0.14676742299779078,0.00016386870841302516,0.0006396825396825397,0.002382223782223782,0.09121713174213181,-0.017377451152451154,815.0,0.0,0.018605952380952383,-0.04512901407901408,,0.0,-0.5577342047930284,0.2962962962962963,1.0,-0.2585428990956977,46.129614813333056,52.08141169727105,79.70449101552046,46.129614813333056,43.13096775604626,,28.160307877147847
2025-04-23,KZTO,812.0,13670.0,0.8772976742717646,-1.0268415656194343,-0.1999999583333515,-0.5367696017046456,1.2488183491715876,0.502428709654735,0.10302923091311558,0.00015733639852128777,0.0006353174603174604,0.017796264367816103,0.09005830596606455,-0.01749839901477833,812.88,0.0,0.018582142857142856,-0.04414423918992891,,0.0,-0.5577342047930284,0.2962962962962963,1.0,-0.2610842319863104,46.09172547657101,62.67817840921086,79.42781132921921,46.09172547657101,43.349201085604086,,23.52005045833024
2025-04-24,KZTO,814.0,10690.0,1.133192575630171,-1.1801586462613087,0.8533005248654166,-0.2868093803112698,1.3100436681222627,0.5055085005988825,0.06302923924644528,0.00016636308186003705,0.0006384920634920634,0.015539124839124778,0.06551891989391989,-0.022254154479154478,811.0,0.0,0.018568650793650793,-0.04887827405327411,,0.0,-0.5577342047930284,0.2962962962962963,1.0,-0.36101123812583596,44.60590518245057,61.17602187206865,72.91940990323454,44.60590518245057,42.302611654869736,,38.0404453029165
2025-04-25,KZTO,816.99,23910.0,1.5904400548573707,-0.052150137552832064,0.9244443759670846,0.17630998432730347,1.9347567466032167,0.5051249661721149,0.2879750507501445,0.00018014145953921854,0.000628968253968254,0.041214481890260404,0.06278639917490395,-0.027124782360220062,809.99,0.0,0.018556746031746032,-0.050559856870078856,,0.0,-0.5577342047930284,0.2962962962962963,1.0,-0.46335192107733636,43.09414357771909,76.48614142908134,72.11975125426724,43.09414357771909,41.932457545706924,,46.06934217395527
2025-04-28,KZTO,814.01,8830.0,1.2005062346760462,-1.1682278032640336,0.0033333327777748385,-0.02963229661921532,0.8654534679868542,0.5101067832296178,0.3055562470419325,0.00018804330132551894,0.0006242063492063491,0.04718549227096979,-0.030300756586586902,-0.022444697878209397,810.84,0.0,0.018550396825396828,-0.04864273889131659,,0.0,-0.5577342047930284,0.2962962962962963,1.0,-0.3650148988585697,44.54655693944693,79.38152585707032,39.73274474447005,44.54655693944693,42.35452829953145,,36.89479427484696
2025-04-29,KZTO,818.5,432980.0,1.623172584522389,3.0405565943565316,0.2867331973276457,0.5354020574857354,0.0012285012285007113,0.5028215577383396,0.2516774640107102,0.00021312788476855,0.000619047619047619,0.04135453088789983,-0.027123504329445075,-0.03137953500887221,808.0,0.0,0.018551190476190475,-0.051751444522015695,,0.0,-0.5577342047930284,0.2962962962962963,1.0,-0.5527519537806154,41.78389218305881,76.5571702582047,40.85521289618832,41.78389218305881,41.67070834996063,,50.23733647872342
2025-04-30,KZTO,828.99,23650.0,2.1810757225541355,-0.18302568854824083,0.5516542503947234,1.9774867952102413,0.5528255528255421,0.5142510448185066,0.3735622945209139,0.0002128165345532749,0.0006166666666666666,0.031307197700127305,-0.039584984998957434,-0.04400900846641268,807.89,0.0,0.018556349206349205,-0.06425528513182134,,0.0,-0.5577342047930284,0.2962962962962963,1.0,-0.8181199865114933,37.968817017214775,71.09170277538419,36.51788804417371,37.968817017214775,38.95491986443291,,44.46917421627884
2025-05-02,KZTO,829.18,12400.0,2.1210167977501397,-0.6511465855079929,0.7822704848723815,2.076305406952992,2.092364532019708,0.5787761101304004,0.5238931362665288,0.00024163866500827294,0.0006206349206349206,0.03404131842627472,-0.03857545070344878,-0.04698003863637313,805.61,0.0,0.018554365079365077,-0.06809189567470936,,0.0,-0.5577342047930284,0.2962962962962963,1.0,-0.8805466929008847,37.0906936168336,72.65174769887842,36.862257817065405,37.0906936168336,38.13435015488999,,47.63026606285017
2025-05-05,KZTO,853.2,134640.0,5.043475936274211,1.878768945942296,0.8795986327893464,5.143473977613361,1.864864864864857,0.5687002971727714,0.5096871282679218,0.0002332967331231945,0.0006261904761904761,0.007201809992632724,-0.06363568917018289,-0.07316195666733644,806.6,0.0,0.01854404761904762,-0.09306892706449674,,0.0,-0.5577342047930284,0.2962962962962963,1.0,-1.430676047410878,29.767256316362,55.46209248230658,28.778824918677444,29.767256316362,32.97367240440428,,49.78561033534218
2025-05-06,KZTO,854.95,205400.0,4.547903678311842,2.301123361280569,0.799042985737523,5.308252519990305,4.432122792200643,0.8357061716120495,0.5007179796323741,0.00024173052935912278,0.0006261904761904761,0.006304644196216749,-0.059698116918561146,-0.07695819942593882,805.0,0.0,0.01853373015873016,-0.09396497820349659,,0.0,-0.5577342047930284,0.2962962962962963,1.0,-1.5104419597433263,28.77647053676159,54.835652005422816,29.9784248992238,28.77647053676159,32.79510511236249,,50.926148720104
2025-05-08,KZTO,854.9,27870.0,3.5410810288742858,0.30371640813751033,0.07188352394144122,5.119880390873041,5.029422242970005,0.7719055894348064,0.6598599102243238,0.00023374783824177327,0.0006273809523809525,-0.003586144949655275,-0.06210631267557514,-0.07338204296613172,808.0,0.0,0.018521825396825398,-0.09726662215203855,,0.0,-0.5577342047930284,0.2962962962962963,1.0,-1.4353004577901924,29.709281144856845,47.87180118342697,29.241354061279413,29.709281144856845,32.141458627514865,,49.50247909019026
2025-05-12,KZTO,857.53,15350.0,3.764435122968351,-0.4377280648812882,0.4153845662266753,5.4344635257862866,4.44715943799634,0.7719830870391362,0.6168899755470829,0.00023331453126709584,0.0006198412698412699,-0.006076524575289018,-0.06722001615381494,-0.07571662536124882,808.48,0.0,0.018517460317460318,-0.10189900236263655,,0.0,-0.5577342047930284,0.2962962962962963,1.0,-1.484354247682793,29.09834350804029,46.1207724014813,27.71210022689903,29.09834350804029,31.236067923884637,,48.66757650906571
2025-05-13,KZTO,859.99,14830.0,3.833017871093731,-0.32718048739331906,0.9919996032001659,5.742380100978164,3.4427435795365335,0.7680071095242025,0.5896360387134733,0.0002450001774733515,0.0006162698412698412,0.0044404903840705315,-0.07110052839300272,-0.0719944295079474,814.0,0.0,0.018517063492063494,-0.09818265695042228,,0.0,-0.5577342047930284,0.2962962962962963,1.0,-1.4061441944806234,30.075892950299266,53.529331661300205,26.585129272199588,30.075892950299266,31.961324846443624,,48.81268746291833
2025-05-14,KZTO,862.0,31100.0,3.9210223512101954,0.6387061215032603,0.9999999375000038,6.035982799382412,3.7157191442147797,0.7663557905814021,0.6315818623790301,0.00025387440057219067,0.0006226190476190475,0.00035250064449600426,-0.07230590358339775,-0.07883474662099951,810.0,0.0,0.018509920634920636,-0.10387212923065589,,0.0,-0.5577342047930284,0.2962962962962963,1.0,-1.5498716033586415,28.294034410536263,50.65012719691082,26.241077807213976,28.294034410536263,30.854679248039258,,49.94037779333166
2025-05-15,KZTO,863.0,12570.0,3.9211494026876728,-0.4925189221451493,0.5873014319308496,6.184907324480103,1.0314111579934337,0.7623700088358651,0.6556621233211617,0.00025823358261256265,0.000625,-0.0008210745093711379,-0.0766815671614339,-0.0828684820393974,807.45,0.0,0.0185,-0.10203719306958009,,0.0,-0.5577342047930284,0.2962962962962963,0.0,-1.6346276651323814,27.273771660741662,49.82192878338033,25.01646540211617,27.273771660741662,31.20927310864472,,48.08925486437738
2025-05-16,KZTO,854.5,13000.0,2.688974110639688,-0.2335498638244592,-0.41666663194444736,5.169684450553402,0.9415755307327967,0.7560115143634422,0.613313812559827,0.00026194246241382097,0.0006345238095238095,0.02671463192064421,-0.0674842168445299,-0.07350688674338467,807.48,0.0,0.018480555555555552,-0.09491053828006721,,0.0,-0.5577342047930284,0.2962962962962963,0.0,-1.4379236508852715,29.67642376897525,68.35633278296072,27.634443509255185,29.67642376897525,32.60720997347736,,48.13987488178251
2025-05-19,KZTO,855.0,27560.0,2.5806447681359272,0.6023315643974517,0.9999997500000625,5.2264304261761145,-0.04678909814013199,0.8145702832083258,0.5156037813826493,0.00029889779874068216,0.0006277777777777778,0.04826858813700924,-0.07069465329991645,-0.07541681286549715,806.31,0.0,0.018469444444444445,-0.09381242690058479,,0.0,-0.5577342047930284,0.2962962962962963,0.0,-1.478054646004763,29.176386105182285,79.8774649780471,26.701624044321505,29.176386105182285,32.82547095335664,,49.302025047892435
2025-05-20,KZTO,866.5,28470.0,3.8815920025240542,0.5503493826469948,0.9999999200000065,6.589583519870676,-0.2950334099098506,0.8041108099842558,0.6325268181373267,0.00023973340380395745,0.0006194444444444444,0.030664559118511757,-0.08205367859203691,-0.08494019500087016,808.9,0.0,0.01846587301587302,-0.10771208519953465,,0.0,-0.5577342047930284,0.2962962962962963,0.0,-1.6781580937616802,26.75879719152434,70.71745063500506,23.56593987098654,26.75879719152434,30.11991151474693,,49.12809735948068
2025-05-21,KZTO,865.0,52570.0,3.5489389059310588,0.938310263696108,0.4306151029162924,6.365677112182601,0.7569855463435582,0.8173469068951038,0.6341268814972947,0.0002487335456435946,0.000621031746031746,0.011899536654738967,-0.08228400311955225,-0.08192852555280297,810.1,0.0,0.018460317460317458,-0.11004522203871916,,0.0,-0.5577342047930284,0.2962962962962963,0.0,-1.614877482787981,27.509452729186723,58.709607359292846,23.505069029222486,27.509452729186723,29.67836863550175,,49.60748323126078
2025-05-22,KZTO,864.99,81060.0,3.236983307033936,1.3713538918326402,0.9985703360564463,6.095307234681597,0.34802784222738303,0.7903559128683411,0.5202499145805526,0.00023269652243628963,0.0006242063492063491,0.013054946588977918,-0.07879626585278443,-0.07971280795153703,812.0,0.0,0.018451984126984126,-0.10990974924565602,,0.0,-0.5577342047930284,0.2962962962962963,0.0,-1.5683212567575073,28.06998545157624,59.49797174542197,24.43845568640901,28.06998545157624,29.70390420551119,,50.14568370812368
2025-05-23,KZTO,880.0,164570.0,4.751354747404876,1.9344889971696055,0.9999999285714337,7.795790400495302,0.23059096176130112,0.7927394467772405,0.6025036954056718,0.00021527435861510037,0.0006349206349206349,-0.09401608946608946,-0.09416439393939391,-0.09456890331890333,813.0,0.0,0.018432539682539682,-0.12550692640692634,,0.0,-0.5577342047930284,0.2962962962962963,0.0,-1.8804746347232784,24.447777741276905,6.673429483183657,20.51394427486669,24.447777741276905,26.849531209299066,,50.4351206823038
2025-05-26,KZTO,898.95,102060.0,6.359953038777371,1.3777070026430158,0.8950524290328665,9.769426517963561,2.9842012873025237,0.8502249214299891,0.885837007508848,0.00022126545447597135,0.0006353174603174604,-0.10536139715911955,-0.1073713601053081,-0.11181134511427357,814.99,0.0,0.018413492063492062,-0.14111303637312314,,0.0,-0.5577342047930284,0.2962962962962963,0.0,-2.2427694583433553,20.658053992617376,4.934835539188248,17.53136598262115,20.658053992617376,24.173639412978353,,50.434771213775406
2025-05-27,KZTO,895.79,79960.0,5.465392411808258,1.0595510487801965,0.06013985172868526,9.118358027045549,5.1403508771929785,0.9214822617331812,0.8648475433154088,0.00022193351970390158,0.0006226190476190475,-0.10217397511321474,-0.10863529336612868,-0.10866346514746131,814.94,0.0,0.01840793650793651,-0.1391130003807936,,0.0,-0.5577342047930284,0.2962962962962963,0.0,-2.176626818519589,21.31609686886094,5.374487328958666,17.26462312364906,21.31609686886094,24.506203295246753,,50.482634646142245
2025-05-28,KZTO,878.0,104760.0,3.0385234412734703,1.313412500638858,-0.5612110328560311,6.755091054608023,3.380265435660701,0.9401276723030564,0.6768755296611446,0.00021023455545454258,0.0006123015873015872,-0.08276315941714575,-0.0932209323136999,-0.09346805871931155,812.1,0.0,0.01841111111111111,-0.12076947517807429,,0.0,-0.5577342047930284,0.2962962962962963,0.0,-1.857343902732099,24.705032322239735,8.945509554437942,20.740785102050474,24.705032322239735,27.697950408245852,,50.54488048684627
2025-05-29,KZTO,878.98,114070.0,2.880998598141984,1.3428054320789828,0.9985703360564463,6.699139984094858,1.5028901734104094,1.0907086905528725,0.47851030250668,0.00021162822398885288,0.0006134920634920636,-0.08149716726133142,-0.09421372986618327,-0.09233969197522239,814.0,0.0,0.01841309523809524,-0.11505183373621732,,0.0,-0.5577342047930284,0.2962962962962963,0.0,-1.8336348808093277,24.970599539134152,9.24091119488103,20.502133005035727,24.970599539134152,28.74364188495736,,50.55657054696416
2025-05-30,KZTO,799.99,89180.0,-4.725018904134857,0.7569224241974281,0.4140773358226154,-3.0661022787164884,1.617359738262869,1.0790415069197887,0.47851030250668,0.000186811409732114,0.000611904761904762,0.015761147232594367,-0.004974107597972038,-0.0022789649453951906,812.9,0.0,0.018416666666666668,-0.02508871732424431,,0.0,-0.5577342047930284,0.2962962962962963,0.0,0.0587035479118415,50.880462195563815,61.32477825560393,48.88315730804341,50.880462195563815,47.612846291377295,,51.4637098647433
2025-06-02,KZTO,807.0,186760.0,-4.725018904134857,1.4960898221480803,0.40199995980000225,-2.1674453163390184,-5.0352896425731,1.8987201803024525,0.3613257839569163,0.0002490144181261078,0.0006150793650793651,0.0042882294801439725,-0.010520600991325926,-0.010984103381129404,813.0,0.0,0.01841904761904762,-0.03510395645246946,,0.0,-0.5577342047930284,0.2962962962962963,0.0,-0.1242071228383716,48.13775496614892,53.42239479585429,46.8508328511942,48.13775496614892,45.36360957652269,,50.534769059838354
2025-06-03,KZTO,807.0,380720.0,-4.725018904134857,1.748401408791042,-0.1758530068337963,-2.086091204821817,-5.0352896425731,1.8987201803024525,0.26271529011034345,0.00021923658438617542,0.000601984126984127,0.0019355977459137312,-0.00904710420723429,-0.013483449873133886,811.0,0.0,0.018440079365079364,-0.035073437776597674,,0.0,-0.5577342047930284,0.2962962962962963,0.0,-0.17672290379518232,47.351637307474526,51.766678815888625,47.39000572318945,47.351637307474526,45.37043952503551,,50.411384909421734
2025-06-04,KZTO,808.0,10650.0,-4.70246996872615,-2.022813904456153,-0.5572858112029115,-1.8674202165824512,-5.0352896425731,1.8987201803024525,0.21551671839784708,0.0002181220234691259,0.000594047619047619,-0.0005811763319188948,-0.00795982241081251,-0.015993006443501493,810.0,0.0,0.018468253968253967,-0.03021123683796951,,0.0,-0.5577342047930284,0.2962962962962963,0.0,-0.2294532169269376,46.56362765653982,49.991233132406585,47.78825491100168,46.56362765653982,46.460633802205855,,50.0
2025-06-05,KZTO,810.0,25330.0,-4.39267470118978,-0.9616702655112498,-0.33222031181630957,-1.6223085958339818,-5.0352896425731,1.8987201803024525,0.216301762728471,0.00021271340441218411,0.0005968253968253967,-0.002028042328042289,-0.00922526455026455,-0.016640608465608466,811.5,0.0,0.018492460317460317,-0.030264373897707232,,0.0,-0.5577342047930284,0.2962962962962963,0.0,-0.24306050429143658,46.36054055449012,48.97027139060982,47.32477951643511,46.36054055449012,46.448699278666346,,47.47486365192841
2025-06-09,KZTO,815.0,98140.0,-3.6181955516047797,0.8526606495579379,0.0010010009007997995,-1.008092745784083,-5.0352896425731,1.8987201803024525,-0.04985636684608018,0.00021816149868681832,0.0005936507936507937,-0.011680226896484566,-0.012963857240237596,-0.025206561008861678,809.55,0.0,0.018519444444444443,-0.036489663063589445,,0.0,-0.5577342047930284,0.2962962962962963,0.0,-0.42304662821903277,43.68815288722382,42.22188817916791,45.95848992156411,43.68815288722382,45.0536821860915,,48.76468453914682
2025-06-10,KZTO,812.88,88050.0,-3.641241590472842,0.2842426758042201,0.26209384389214047,-1.2469121553704785,1.8762734534181646,1.8987201803024525,-0.1324716338304433,0.0002218975613665228,0.0006115079365079366,-0.009240254755578062,-0.010422943467318948,-0.02084093909485849,811.0,0.0,0.018528174603174605,-0.03033546754397067,,0.0,-0.5577342047930284,0.2962962962962963,0.0,-0.33131703213882935,45.04654614815643,43.91057595346118,46.886545741392496,45.04654614815643,46.432732362402064,,49.60529272292845
2025-06-11,KZTO,811.0,5330.0,-3.668677058147326,-2.7150152231732103,0.46586342263297115,-1.4639371042150897,0.7286245353159915,1.8987201803024525,-0.16045285701201567,0.00021202907218728902,0.000625,-0.009741354001526611,-0.011591268862662176,-0.01975606149570391,810.0,0.0,0.01852301587301587,-0.03406543655686689,,0.0,-0.5577342047930284,0.2962962962962963,0.0,-0.3085217956462453,45.38534302600202,43.56248256306672,46.459514162426856,45.38534302600202,45.59612228231159,,46.351773087804276
2025-06-12,KZTO,809.99,20100.0,-3.7594517515223913,-1.387658419803024,0.37781222825351296,-1.6124753949742932,0.4956629491945419,1.8987201803024525,-0.032109571118662174,0.00022753429364293114,0.0006170634920634921,-0.007279284473823587,-0.007995353342594677,-0.019749221438555887,809.0,0.0,0.018526984126984128,-0.02420122788112024,,0.0,-0.5577342047930284,0.2962962962962963,0.0,-0.3083780736997018,45.38748050030066,45.2782399211871,47.77523593202384,45.38748050030066,47.81276318623289,,47.80173079472303
2025-06-13,KZTO,810.84,18040.0,-3.5721347541284976,-1.4957862621577935,0.7595627031762044,-1.509541571205606,0.24628712871286318,1.8987201803024525,0.15491003677262274,0.00022699978899988759,0.0006178571428571429,-0.010294470872064518,-0.010403075587691608,-0.022278960266954292,807.8,0.0,0.018529761904761903,-0.030207349638587646,,0.0,-0.5577342047930284,0.2962962962962963,0.0,-0.3615324525003629,44.59817808957334,43.17899138081873,46.89381172171614,44.59817808957334,46.461506878719355,,48.0228500792479
2025-06-16,KZTO,808.0,23320.0,-3.854414381541918,-1.2390674643167772,0.06363027035296524,-1.8575621076837412,0.10370370370371695,1.8987201803024525,0.37326663977112556,0.00022523976039764634,0.0006198412698412699,-0.0030876984126984126,-0.006753151029388652,-0.021102828854314054,805.92,0.0,0.01852857142857143,-0.024315134370579944,,0.0,-0.5577342047930284,0.2962962962962963,0.0,-0.33681980867917627,44.96482805902253,48.223035598188005,48.2305613295076,44.96482805902253,47.7871004241058,,48.348967687941794
2025-06-17,KZTO,807.89,73070.0,-3.8043186317846187,-0.09696340696598865,0.6731215590145936,-1.8747692045640374,-0.8588957055214674,1.8987201803024525,0.3857924936615586,0.00019020143709045888,0.0006218253968253969,-0.0023510517648657964,-0.009092926346251348,-0.019010516764521007,807.5,0.0,0.01852777777777778,-0.022299892759052763,,0.0,-0.5577342047930284,0.2962962962962963,0.0,-0.2928565551837655,45.61841945788413,48.74243122731002,47.37322893967389,45.61841945788413,48.241287874604275,,49.55307993307754
2025-06-18,KZTO,805.61,91840.0,-3.895429282511361,0.13166639847226652,0.47706965592199835,-2.1392694313128287,-0.613866745399072,1.8987201803024525,0.4679980366860493,0.00018907514263549787,0.0006186507936507937,0.007335897110796238,-0.007496744870248194,-0.017906336419036113,806.11,0.0,0.018526984126984128,-0.02061398529616616,,0.0,-0.5577342047930284,0.2962962962962963,0.0,-0.26965573315056485,45.963964478510746,55.555574032242795,47.957959162159966,45.963964478510746,48.62147777760377,,49.859930233924395
2025-06-19,KZTO,806.6,319010.0,-3.5354954672230847,1.3278194536182049,-0.13043476079685778,-2.0301969765562866,-0.6646115906288497,1.8987201803024525,0.47023928334385473,0.000163721095507721,0.0006158730158730159,0.0011370497955360058,-0.00687630825451929,-0.016779699424194872,808.01,0.0,0.018527777777777775,-0.021335247108182933,,0.0,-0.5577342047930284,0.2962962962962963,0.0,-0.2459830563815785,46.316937333903915,51.20361689987058,48.18540406547563,46.316937333903915,48.45880354282446,,50.62412906716375
2025-06-20,KZTO,805.0,77550.0,-3.1158837510490742,-0.1333780867511095,-0.3775933348828968,-2.105730839468312,-0.4185236854776009,1.8987201803024525,0.3685898855337805,0.00016205644898339798,0.0006158730158730159,-3.390269151133055e-05,-0.007303778467908957,-0.014801863354037267,808.0,0.0,0.01852857142857143,-0.02154399585921322,,0.0,-0.5577342047930284,0.2962962962962963,0.0,-0.204425150680567,46.937461249396414,50.37745740534238,48.028689791809754,46.937461249396414,48.411728045408246,,48.684230329592545
2025-06-23,KZTO,808.0,51880.0,-2.484599535938628,-0.5353669560427503,-0.2727272479338866,-1.7156070254131468,-0.7202407380000997,1.8987201803024525,0.1411586779219603,0.0001636369496147225,0.0006154761904761904,-0.003720548483419748,-0.009247842998585573,-0.022241839541096965,805.0,0.0,0.018528968253968253,-0.011891623448059045,,0.0,-0.5577342047930284,0.2962962962962963,0.0,-0.36075247904957586,44.60974142718743,47.777127194626225,47.31651397766284,44.60974142718743,50.5900328701681,,47.61036161381988
2025-06-24,KZTO,808.48,63600.0,-1.8507207815367508,-0.27826247628689205,0.06001445697654241,-1.6573184950668853,0.0,1.8987201803024525,0.07388717426458993,0.0001620909794944866,0.0006154761904761904,-0.005762223682929294,-0.011085008120274322,-0.020359563939699524,807.0,0.0,0.018528968253968253,-0.01740986385582667,,0.0,-0.5577342047930284,0.2962962962962963,0.0,-0.3212024712777203,45.19682020607711,46.34132556386221,46.64449618500817,45.19682020607711,49.34444442472671,,47.74712192393586
2025-06-25,KZTO,814.0,72370.0,-0.6377205576142605,-0.08454981125333269,0.799799719739768,-0.9776952799343307,0.07302974414833407,1.8987201803024525,-0.04873424614302031,0.00015093303709524987,0.0006158730158730159,-0.009343530868530896,-0.01911274423774424,-0.02604699894699895,807.88,0.0,0.018528571428571426,-0.009547799422799475,,0.0,-0.5577342047930284,0.2962962962962963,0.0,-0.44070574623576403,43.427663934583535,43.83878401439518,43.725433094217145,43.427663934583535,51.118953720767834,,47.61984937912664
2025-06-26,KZTO,810.0,33410.0,-0.7143395894411282,-0.8127560782751196,0.0010010009007997995,-1.5655661834312302,1.0414468539367672,1.8987201803024525,0.01581176662053363,0.00015427426307224116,0.0006154761904761904,-0.002954717813051118,-0.01569144620811293,-0.024701410934744265,805.0,0.0,0.018528571428571426,0.010267239858906527,,0.0,-0.5577342047930284,0.2962962962962963,0.0,-0.41243251339840575,43.84488992238618,48.31677258016323,44.965379221245975,43.84488992238618,55.568864791049656,,46.6868067232687
2025-06-27,KZTO,807.45,17600.0,-0.5832387086472063,-1.4187135804807147,-0.5095094585075531,-1.8704812282446712,0.4215224398710582,1.8987201803024525,0.042098918960065145,0.000152557716795689,0.0006150793650793651,0.002556055586517168,-0.014873822424505235,-0.02342051520217976,803.5,0.0,0.01852857142857143,0.009824845707680524,,0.0,-0.5577342047930284,0.2962962962962963,0.0,-0.3855185821227455,44.24286794604973,52.20386594684777,45.262690318987076,44.24286794604973,55.470218457942586,,45.46549481068909
2025-06-30,KZTO,807.48,60590.0,-0.036567010330079336,-0.11515707293042095,0.46133327182223527,-2.475843881006629,0.3043478260869703,1.8987201803024525,0.01571569423513388,0.00016307746144878958,0.0006150793650793651,0.0037567175480683955,-0.012960152219603869,-0.01664617186449556,809.0,0.0,0.01852857142857143,0.007262356254732566,,0.0,-1.2962962962962963,0.44135802469135804,0.0,-0.2431774013436319,46.35879639343534,53.04885959629444,45.95984128070113,46.35879639343534,54.89800278747732,,45.976631932267054
2025-07-01,KZTO,806.31,19750.0,-0.23005595321293387,-1.1455090141633857,-0.11950969157205164,-2.5857732059343306,-0.06435643564356441,0.3652450349422727,0.16252779818635826,0.00010013420738145667,0.0006166666666666666,0.0076861220958972624,-0.013234154667559539,-0.018936255995124083,805.98,0.0,0.018526984126984128,0.03240054480995442,,0.0,-1.2962962962962963,0.44135802469135804,0.0,-0.2912962023828198,45.64164596473263,55.799553423193785,45.859918533445125,45.64164596473263,60.43281160893761,,32.7632598309359
2025-07-02,KZTO,808.9,81480.0,0.07591282673604255,0.3708178254150742,0.07272726611569895,-2.2859927393692643,-0.26840490797547245,0.31053211636680295,0.12662296847663945,0.00010177660908739662,0.0006158730158730159,0.004386771669149068,-0.014087164373723263,-0.019033051645679866,808.49,0.0,0.018526190476190474,0.021538604552135306,,0.0,-1.2962962962962963,0.44135802469135804,0.0,-0.2933300537109254,45.61137160980901,53.49160723851206,45.54906108673308,45.61137160980901,58.06532727705358,,37.330744341334444
2025-07-03,KZTO,810.1,148750.0,0.17090893543022648,0.9727270137170444,-0.22403000950812918,-2.115542400012581,-0.6265356265356292,0.3189331233520496,-0.018791522248174375,0.00010421342020073326,0.0006154761904761904,-0.0006113277216412629,-0.015580367797038606,-0.022846247915699218,806.6,0.0,0.01852579365079365,0.02672325834748991,,0.0,-1.2962962962962963,0.44135802469135804,0.0,-0.3734521899182428,44.421537907319106,49.96995417432992,45.00574984315265,44.421537907319106,59.20073227982153,,33.83737874598711
2025-07-04,KZTO,812.0,69330.0,0.386794732562245,0.11021212582019321,-0.33444534324892783,-1.8311926226627702,0.01234567901233774,0.31942982447336343,-0.06379772432996017,9.762891680590339e-05,0.0006158730158730159,-0.0006167077175697863,-0.021608784893267653,-0.023451108374384237,808.0,0.0,0.018525,0.032090695128626175,,0.0,-1.2962962962962963,0.44135802469135804,0.0,-0.3861613998894714,44.23335372643619,49.96615731186155,42.8256503112541,44.23335372643619,60.36589373470118,,23.83503174329265
2025-07-08,KZTO,813.0,55420.0,0.4940988604354678,-0.1817347390099187,-0.7499999062500118,-1.742418695191772,0.563502384048542,0.31894184286231214,-0.02878490127823511,9.367990683099721e-05,0.0006154761904761904,-0.0032027631347742325,-0.020368169038833244,-0.026126079189363258,806.82,0.0,0.018524603174603173,0.026367593568792792,,0.0,-1.2962962962962963,0.44135802469135804,0.0,-0.4423673648625936,43.403171909727305,48.14193744531743,43.27231796398708,43.403171909727305,59.12314243769538,,18.722029864765418
2025-07-09,KZTO,814.99,8740.0,0.7729616278542218,-1.9607484456625945,-0.20080317252948268,-1.4814167067907402,0.6836082627433404,0.2872131358777606,-0.2710515368926845,9.118776395350241e-05,0.0006162698412698412,-0.005522700132458546,-0.021711335011024596,-0.03274444608532546,803.4,0.0,0.0185234126984127,0.024391967084219687,,0.0,-1.2962962962962963,0.44135802469135804,0.0,-0.5814311990736746,41.36592059759561,46.50950213646055,42.78877970058347,41.36592059759561,58.69133285706929,,21.116171425305705
2025-07-10,KZTO,814.94,26550.0,0.7962461664130064,-0.781498127006448,0.959999680000143,-1.5311030636995764,1.0765090349865503,0.28643445870945444,-0.28731023308417075,0.00010655241338042907,0.0006170634920634921,-0.007921616519825658,-0.02518293125874304,-0.03255927184823429,803.5,0.0,0.01852142857142857,0.01979509534444246,,0.0,-1.2962962962962963,0.44135802469135804,0.0,-0.5775403541247914,41.42255434884014,44.82936152285829,41.54558580671127,41.42255434884014,57.681519500207,,41.72910870720982
2025-07-11,KZTO,812.1,16309.999999999998,0.4302858821275685,-1.268747861013141,-0.5466665208889157,-1.889699072838898,0.7466930399307792,0.28068070588742794,-0.1098557503072819,7.994236656592018e-05,0.0006154761904761904,-0.00567953923103538,-0.02357514629913044,-0.02886458549556995,803.7,0.0,0.018521031746031747,0.02717707677332721,,0.0,-1.2962962962962963,0.44135802469135804,0.0,-0.49990832518388767,42.55709296458597,46.399371554115056,42.12010389638207,42.55709296458597,59.29966816694999,,16.97774239772544
2025-07-14,KZTO,814.0,19330.0,0.6625157059761166,-1.0988686291142284,0.6666665555555741,-1.6550453099069835,0.24688310085174692,0.29121373536669576,-0.1743830525834392,8.927294317111362e-05,0.0006154761904761904,-0.00617045942045942,-0.019127426777426775,-0.027169680394680353,806.96,0.0,0.018521031746031747,0.01363386958386957,,0.0,-1.2962962962962963,0.44135802469135804,0.0,-0.46429530981941386,43.08026323561587,46.05488493346861,43.72012757908885,43.08026323561587,56.31807368160756,,35.676243630869486
2025-07-15,KZTO,812.9,28670.0,0.5205108235564978,-0.7046767608774822,0.35085002305254237,-1.8182879095655708,0.24630541871921707,0.2947555544722638,0.02583932717746118,9.312049589104671e-05,0.0006154761904761904,-0.007225413178762327,-0.02149725600290548,-0.027121462693824004,805.91,0.0,0.018522619047619048,0.024817714600089476,,0.0,-1.2962962962962963,0.44135802469135804,0.0,-0.4632821688945707,43.09516990418017,45.31592255072584,42.86575817113808,43.09516990418017,58.78450332060402,,34.483518304649785
2025-07-16,KZTO,813.0,17740.0,0.5201427598339675,-1.1847046244428956,0.33333322222225925,-1.8226492478714968,-0.012300123001229846,0.2842774881797305,0.246009313037972,8.672543752350565e-05,0.0006174603174603175,-0.00556716745738886,-0.018529498330697582,-0.02711366045803317,806.02,0.0,0.018528174603174602,-0.01716017688748317,,0.0,-1.2962962962962963,0.44135802469135804,0.0,-0.4631182298380711,43.09758210999071,46.47827419640377,43.936303075695506,43.09758210999071,49.400798334310906,,39.80065759646749
2025-07-17,KZTO,811.0,13230.0,0.25924144141679617,-1.3999908466151199,-0.33222031181630957,-2.058898675732441,-0.24417477515061847,0.2841242820948964,0.3528365919883204,8.703659960694555e-05,0.000623015873015873,-0.004337013876656293,-0.018399607089033695,-0.0173515936625369,811.96,0.0,0.01853531746031746,0.00872369991975417,,0.0,-1.2962962962962963,0.44135802469135804,0.0,-0.2579995865614917,46.137715770939714,47.34310328300416,43.98329477890458,46.137715770939714,55.224496172315526,,40.96356090817243
2025-07-18,KZTO,810.0,69490.0,0.10160546306217157,0.4882722794315404,0.7777776913580343,-2.183866825501218,-0.483471175792094,0.28212534176459225,0.09439259362502987,9.659320521273574e-05,0.0006222222222222223,-0.004337345679012346,-0.015436199294532627,-0.017336992945326247,810.97,0.0,0.01853452380952381,0.019876058201058172,,0.0,-1.2962962962962963,0.44135802469135804,0.0,-0.25769279913953963,46.14229015624859,47.342869778948405,45.05815661458633,46.14229015624859,57.699363194235296,,42.400694475483434
2025-07-21,KZTO,811.5,35380.0,0.17258752727915394,-0.1867631158892134,0.7435895529257541,-1.9923015590439501,-0.2585888437384609,0.28339827433368675,0.35928143607441987,9.74497363001737e-05,0.000621031746031746,-0.007661838746589265,-0.01872820907783933,-0.020384539946600944,810.0,0.0,0.01853611111111111,0.03199837528973388,,0.0,-1.2962962962962963,0.44135802469135804,0.0,-0.32172726226280646,45.18902110257515,45.010803764482766,43.86443509848288,45.18902110257515,60.345948009149986,,44.546397619461686
2025-07-22,KZTO,809.55,10130.0,-0.12845039982256845,-1.222406719307415,-0.14705878027686375,-2.218196527135202,-0.30712530712531105,0.2807077030170534,0.37466603554845584,9.908599298572032e-05,0.0006206349206349206,-0.0075843694027546114,-0.02055236859983939,-0.0179312334012723,810.04,0.0,0.018536507936507938,0.034475901735532194,,0.0,-1.2962962962962963,0.44135802469135804,0.0,-0.2701788636848001,45.956168748788095,45.06493828827861,43.205928300820936,45.956168748788095,60.88000613049065,,41.837723219590664
2025-07-23,KZTO,811.0,13690.0,0.03281557255818921,-0.8186092842827508,0.9999996644296427,-2.0416419937452384,-0.4121048099397284,0.275964861977789,0.2750842748825747,0.00010929172220824214,0.0006202380952380952,-0.007416850155598614,-0.02219823899555712,-0.013612261953692285,815.0,0.0,0.018544444444444443,0.020844264380639216,,0.0,-1.2962962962962963,0.44135802469135804,0.0,-0.17942947810524154,47.31115434343999,45.18203825056081,42.61382940363186,47.31115434343999,57.91259273904552,,44.168066229002
2025-07-24,KZTO,810.0,18630.0,-0.11267051162469667,-0.393404127328343,0.49999987500003124,-2.1620314533810663,-0.24600246002459691,0.2783816214741752,0.4084175633240513,0.00011678027996289559,0.0006198412698412699,-0.0079016754850088,-0.020723412698412644,-0.009911199294532632,817.0,0.0,0.018553174603174606,0.015412918871252235,,0.0,-1.2962962962962963,0.44135802469135804,0.0,-0.1016634714560477,48.47552058479515,44.84328455971968,43.14430200372604,48.47552058479515,56.71284379808468,,44.12759782645519
2025-07-25,KZTO,809.0,8050.000000000001,-0.19727603425707652,-1.056319592986753,0.13793101070154312,-2.277586751820384,-0.12330456226880004,0.2310915528153627,0.5748616006873195,0.00011507079183932411,0.000621031746031746,-0.004318574273549563,-0.015461711009084264,-0.008674343692977808,817.0,0.0,0.018563095238095236,0.01715516265426649,,0.0,-1.2962962962962963,0.44135802469135804,0.0,-0.07567490282250709,48.8650714325167,47.35608023316033,45.04888203530313,48.8650714325167,57.09862287419298,,44.68493348880578
2025-07-28,KZTO,807.8,8940.0,-0.34650330540993285,-0.7819258157439386,0.39999990000000224,-2.4256033697646795,-0.12345679012345512,0.20514399722510895,0.44689226455602127,0.00011547018588141842,0.0006206349206349206,-0.002843286979725398,-0.015276195978102373,-0.0036027908448185465,819.9,0.0,0.018581746031746033,0.013719059998349485,,0.0,-1.2962962962962963,0.44135802469135804,0.0,0.030887576344284535,50.46330038499421,48.39532845089646,45.11633234362418,50.46330038499421,56.33699606208813,,44.16774509730826
2025-07-29,KZTO,805.92,21240.0,-0.583547858041909,0.08342240021100006,-0.6648450519408075,-2.6510747791269007,-0.4559457794208299,0.19508366394493362,0.37817433397087086,0.0001146636162930384,0.0006186507936507937,-0.004229647749510712,-0.01281679122115391,-0.007347658753793307,815.0,0.0,0.018614285714285715,0.027034636074004748,,0.0,-1.2962962962962963,0.44135802469135804,0.0,-0.047798857669185436,49.28306627430542,47.41866764157937,46.01213492453455,49.28306627430542,59.268623086343354,,42.99943765341134
2025-07-30,KZTO,807.5,7920.0,-0.4049371097326211,-0.9030698471535158,0.02040815910038043,-2.573079653345943,-0.44839725773577754,0.20203696612770347,0.2746170796380822,0.0001214235897198296,0.000621031746031746,-0.003701734728979311,-0.0074267801857584685,-0.000684613494520616,822.0,0.0,0.01864126984126984,0.015239393827706511,,0.0,-1.2962962962962963,0.44135802469135804,0.0,0.0922037495966235,51.382703608990475,47.790378677131244,47.98360334925146,51.382703608990475,56.67437533570507,,40.89255902618219
2025-07-31,KZTO,806.11,12090.0,-0.5876336343585754,-0.45100610914649875,-0.3010032941465978,-2.735347306020796,-0.4315659679408168,0.20437954522463508,0.07869877857222969,0.0001322015441820828,0.0006178571428571429,-0.0008844286188836163,-0.006924617563714257,-0.0039005487897689484,818.0,0.0,0.018650396825396823,0.014473544066123549,,0.0,-1.2962962962962963,0.44135802469135804,0.0,0.024631144486921493,50.369460442853274,49.77721814402171,48.16769160846275,50.369460442853274,56.50449992892547,,32.64701765532464
2025-08-01,KZTO,808.01,16890.0,-0.37413996418069173,-0.07387521910170702,0.06809077862606297,-2.497287084725679,-0.4802469135802401,0.19404311860629722,-0.08150185525709612,0.00013859597259258864,0.0006166666666666666,-0.006804169674742738,-0.010496683003098136,-0.0039435657424482,819.9,0.0,0.01865873015873016,0.004386021075096683,,0.0,-1.2962962962962963,0.44135802469135804,0.0,0.023727280668295336,50.35590319901216,45.61076151172763,46.85957924840135,50.35590319901216,54.254164538921735,,33.311815767928024
2025-08-04,KZTO,808.0,60380.0,-0.3983097646769301,1.2490837624192241,0.06666665777777896,-2.379453489845333,-0.12237330037082605,0.1988855436479726,-0.09546990167219216,0.00014661583516242796,0.0006166666666666666,-0.00864668788307402,-0.010439136413641407,-0.002059343077164908,821.42,0.0,0.018668253968253966,-0.00048730944523023983,,0.0,-1.2962962962962963,0.44135802469135804,0.0,0.0633181997667178,50.949658778247986,44.323676760630754,46.88062383669303,50.949658778247986,53.160181347968475,,41.72948726672403
2025-08-05,KZTO,805.0,6370.0,-0.7032639999565761,-0.9999713821676449,-0.49999987500003124,-2.5111502247517166,0.02475860361477178,0.1902582027051524,-0.1621365501166368,0.00014454543033815784,0.0006158730158730159,0.001892356797791581,-0.0005538302277432721,0.0005339371980676751,820.46,0.0,0.018671031746031748,-0.003057625948930283,,0.0,-1.2962962962962963,0.44135802469135804,0.0,0.11780769905359297,51.766380097694956,51.7361995096301,50.50579349621055,51.766380097694956,52.58189360332124,,17.659558989447124
2025-08-06,KZTO,807.0,69660.0,-0.40865487499432435,1.4342226065078088,-0.45404909426304924,-2.2364489669788554,-0.11415525114154557,0.2018318382104907,-0.1291675147284816,0.00017938178369685982,0.0006154761904761904,-0.00434013099663655,-0.0005977119844220204,-0.0014638977400129975,820.89,0.0,0.01867579365079365,-0.019133044196612985,,0.0,-1.2962962962962963,0.44135802469135804,0.0,0.07582958104084646,51.137247542902564,47.34090963180376,50.48968455708683,51.137247542902564,48.95557874497473,,35.924477304734026
2025-08-07,KZTO,807.88,3610.0,-0.2304962959585213,-1.5678601358484867,0.19900492562065486,-2.0695186531479806,-0.06191950464395912,0.2021150522988778,-0.2240589654011675,0.00016440974745418846,0.0006154761904761904,-0.002320731017729317,-0.0017159566366527733,-0.004795925766124276,819.1,0.0,0.018684126984126984,-0.011653713796092615,,0.0,-1.2962962962962963,0.44135802469135804,0.0,0.005817658115795492,50.08726478313227,48.763816403146656,50.079153218295104,50.08726478313227,50.643728941276414,,31.907674981112276
2025-08-08,KZTO,805.0,130820.0,-0.5473581437206116,2.0644184333605797,0.3333331111112593,-2.398903400285975,0.21957301112751626,0.20502242966024625,-0.12405732144771697,0.00018296295650085446,0.0006154761904761904,-0.0010878191856452447,0.005480745341614881,0.012311766735679824,829.96,0.0,0.018694444444444444,-0.011883747412008306,,0.0,-1.2962962962962963,0.44135802469135804,0.0,0.3652811558642326,55.457389370283025,49.63368290627431,52.71863175167947,55.457389370283025,50.59181050942614,,47.27207648857754
2025-08-11,KZTO,803.5,17120.0,-0.5989523107072351,-0.011325788318561281,-0.7008544013442575,-2.4572286643774315,-0.3725201420774482,0.20565576715822873,-0.07100885495067771,0.00017150026848874553,0.0006150793650793651,0.0025251009966317994,0.0012477007832794994,0.009297330379984394,826.0,0.0,0.018705158730158728,-0.012388780731126717,,0.0,-1.2962962962962963,0.44135802469135804,0.0,0.3019424071671736,54.51678909613818,52.18206216064433,51.16700414534966,54.51678909613818,50.47782050930888,,20.403795424940157
2025-08-12,KZTO,809.0,99570.0,0.12322917594330399,1.767352106073429,0.040832662863677156,-1.7616408274319115,-0.5569306930693019,0.19708560836105338,-0.22451306677508498,0.00017083858139100872,0.0006150793650793651,-0.005770081621441263,0.0029716022131967747,0.01718948142915999,838.05,0.0,0.018719047619047618,-0.024381572389977832,,0.0,-1.2962962962962963,0.44135802469135804,0.0,0.46777074553580433,56.970862423786514,46.33580966137513,51.79934360117906,56.970862423786514,47.77213269261418,,43.34774422351606
2025-08-13,KZTO,805.98,14050.0,-0.24259167452562275,-0.19088462631214229,-0.6360293533061222,-2.068615847513714,0.496894409937898,0.25759880958829134,-0.11634655920234331,0.0001721882470172657,0.0006150793650793651,-0.006276468812294814,0.0018039976178068715,0.035875073202808985,850.0,0.0,0.018741666666666663,-0.005000751466124054,,0.0,-1.2962962962962963,0.44135802469135804,0.0,0.860388754992484,62.62665538825124,45.98054474427291,51.371108419391035,62.62665538825124,52.14424705219922,,17.52629102063546
2025-08-14,KZTO,808.49,31140.0,0.0908786809625613,0.6995894653763359,-0.1033883489671335,-1.7270975447315942,-0.1263940520446094,0.26894079293763434,-0.1527426110109579,0.00018824445713439182,0.0006150793650793651,-0.009247396479072207,0.0009932842225767544,0.028849331361795967,846.98,0.0,0.018757936507936508,-0.015201562132189608,,0.0,-1.2962962962962963,0.44135802469135804,0.0,0.7127652379002897,60.531455502016776,43.90561059164074,51.073645801930965,60.531455502016776,49.84289572472953,,31.867438180775704
2025-08-15,KZTO,806.6,24720.0,-0.13931767567541356,0.3741046129093487,-0.3599999280000053,-1.901878466704759,0.07550626330643517,0.2755981151570226,-0.2132212659285156,0.00018296546071800505,0.0006150793650793651,-0.006670735283120576,0.00524286373529485,0.028777791356231746,844.95,0.0,0.018767460317460318,-0.012858474923153857,,0.0,-1.2962962962962963,0.44135802469135804,0.0,0.711262053258273,60.509906010259705,45.704220799052706,52.63154706276411,60.509906010259705,50.371802345505515,,21.801822800865686
2025-08-18,KZTO,808.0,9880.0,0.07173800519742858,-0.5429936123999622,-0.14040110590226415,-1.644990886650641,0.19875776397515477,0.27896630016355617,-0.35188787375076847,0.00018773220156480513,0.0006150793650793651,-0.004362922363664893,0.0022866650950809815,0.05053153386767249,864.0,0.0,0.018775396825396824,-0.020701265126512682,,0.0,-1.2962962962962963,0.44135802469135804,0.0,1.168347447530863,66.84113246848801,47.32487068048143,51.54816141947347,66.84113246848801,48.601790960377315,,18.823830542265526
2025-08-19,KZTO,806.82,15650.0,-0.04507131331748997,0.01156823065822778,0.21333326222227927,-1.6658870353802362,0.5600497822028538,0.27852688428739447,-0.23979721466236983,0.00019537825087610804,0.0006150793650793651,-0.0042056625600093555,0.004299548226370116,0.04464454070713825,858.0,0.0,0.01878968253968254,-0.01822790006858206,,0.0,-1.2962962962962963,0.44135802469135804,0.0,1.0446510955837138,65.17613978075339,47.43555006349684,52.28606167503571,65.17613978075339,49.159827519675794,,32.55059807018602
2025-08-20,KZTO,803.4,22600.0,-0.4625712248329198,0.3286264768432633,-0.9999997826087429,-1.7320496001781582,-0.26946847960444,0.27540523422370056,-0.2052970947906494,0.00018651034879396919,0.0006150793650793651,0.00017542586862975785,0.00639393085339693,0.055983366229240064,863.48,0.0,0.018798809523809523,-0.010287647735220572,,0.0,-1.2962962962962963,0.44135802469135804,0.0,1.2829002856544462,68.34646849108411,50.525176242890915,53.052776265689474,68.34646849108411,50.95201673025886,,12.182075913921292
2025-08-21,KZTO,803.5,9060.0,-0.42191632475107277,-0.6296367530644765,-0.7311824025901081,-1.408222491392915,-0.32010719868980075,0.28567536559839485,-0.27809118065117355,0.000190117040843596,0.0006150793650793651,0.007428142254620209,0.019772197034798197,0.06379358041702474,869.87,0.0,0.018807539682539683,-0.008011206428225753,,0.0,-1.2962962962962963,0.44135802469135804,0.0,1.4470069826744847,70.4371889866228,55.61986181851466,57.901432256178396,70.4371889866228,51.46558161413023,,8.254724475509661
2025-08-22,KZTO,803.7,27280.0,-0.3786005314626702,0.516830180268301,-0.8831384905560452,-1.139948408735064,-0.6171999653675431,0.28537147379930783,-0.40364999137576846,0.00018688640110680555,0.0006150793650793651,0.0059385209477594465,0.014577227199203624,0.059067396772071915,866.29,0.0,0.018809920634920634,-0.005716824419204097,,0.0,-1.2962962962962963,0.44135802469135804,0.0,1.3477013338362769,69.18155273615538,54.5795562425798,56.03144071802003,69.18155273615538,51.98288064872523,,10.784530540333815
2025-08-25,KZTO,806.96,3800.0,0.046136314942923334,-1.4985001293514095,0.04746834691957578,-0.46779565344624247,-0.3595338457723751,0.2850128093453007,-0.5082777038869765,0.00017797552360789652,0.0006154761904761904,0.0006529394269851837,0.0253443758743376,0.05534453532048941,866.8,0.0,0.018810317460317458,-0.017399321734245445,,0.0,-1.2962962962962963,0.44135802469135804,0.0,1.2694772952128595,68.17197524889882,50.862109257971035,59.882174515693556,68.17197524889882,49.34682373035032,,22.58135229638512
2025-08-26,KZTO,805.91,9230.0,-0.08210873581641039,-0.611046874328615,0.3433733905501743,-0.28595371975054207,-0.12871287128712883,0.2996995524996249,-0.4707038133226084,0.00023384480042701775,0.0006170634920634921,0.002006387741118041,0.04150477069399813,0.052029651780802696,863.0,0.0,0.018809523809523807,-0.017352754167476638,,0.0,-1.2962962962962963,0.44135802469135804,0.0,1.1998256088922847,67.25839753851183,51.81657380865284,65.42740922396338,67.25839753851183,49.35733383918185,,31.966467410166395
2025-08-27,KZTO,806.02,70730.0,-0.07009134852060137,1.4695454893906512,-0.350684883467829,-0.301649067573278,-0.11278847822315807,0.2964524672814603,-0.4446957876570295,0.00023579304966461973,0.000623015873015873,0.008017750051891287,0.03760569281631915,0.05559746155221644,865.99,0.0,0.01880515873015873,-0.016711801964030132,,0.0,-1.2962962962962963,0.44135802469135804,0.0,1.274791731857038,68.24112205191531,56.03031989080911,64.12101788432625,68.24112205191531,49.50199949263967,,32.3184381409929
2025-08-28,KZTO,811.96,99000.0,0.6753516781372143,1.7616108374335053,0.4170661153340296,0.4287777132615965,0.3261140154344089,0.2928996845599553,-0.31483280782884665,0.00022058539554973227,0.0006301587301587302,0.0030853769284122545,0.02742373109317295,0.03667033030792816,857.01,0.0,0.018812698412698413,-0.013714135734264884,,0.0,-1.2962962962962963,0.44135802469135804,0.0,0.8770985421590052,62.86101905259483,52.576572351960934,60.61349441468843,62.86101905259483,50.17865686771109,,45.72183251514937
2025-08-29,KZTO,810.97,10310.0,0.4612053738492064,-0.6555916312474056,0.0038022808869208574,0.2628785151923519,1.0528935905413928,0.33388456579246556,-0.08518310424401912,0.00021633811583933362,0.0006214285714285714,0.004304190949266874,0.052182891759446966,0.047747302877154146,864.99,0.0,0.018864285714285712,-0.009179619242956391,,0.0,-1.2962962962962963,0.44135802469135804,0.0,1.1098457290620645,66.05861611575904,53.43360645158324,68.883803910265,66.05861611575904,51.20201964344565,,31.187600611629403
2025-09-02,KZTO,810.0,18400.0,0.3367320560075174,-0.07635684717692794,-0.0012515642989269831,0.1414835722232064,0.9045663804902349,0.33223790743471837,0.09220505004457409,0.00021499404281946928,0.0006226190476190475,0.009074206349206321,0.04604457671957672,0.007027954144620801,831.01,0.0,0.01891031746031746,-0.005534038800705472,,0.0,-1.2962962962962963,0.44135802469135804,0.0,0.25425871638392206,53.806501184731005,56.76368214453041,66.91955655860176,53.806501184731005,52.02407529228745,,38.36285227125708
2025-09-03,KZTO,810.04,32740.000000000004,0.3404955650879516,0.6116479417052185,-0.6527544820109505,0.1468072157274848,0.37672251412708135,0.33366510546405126,0.08246106780087353,0.00021899403516154896,0.000621031746031746,0.002944979808953238,0.05275419362006821,0.030366214699959995,850.0,0.0,0.01896468253968254,0.00558092549613471,,0.0,-1.2962962962962963,0.44135802469135804,0.0,0.7446376947120581,60.987400053331456,52.477742014423065,69.06334554393271,60.987400053331456,54.521816791394706,,33.39847939710731
2025-09-04,KZTO,815.0,138780.0,0.9367173938786857,1.9124635639439644,0.999999856938504,0.7878247806260387,0.5124641709371991,0.32124017988382264,-0.11676450671135144,0.00018288413523126563,0.0006281746031746032,0.005390941182198852,0.05411166131074106,0.03378365712338102,858.03,0.0,0.01901388888888889,0.007650754698607445,,0.0,-1.2962962962962963,0.44135802469135804,0.0,0.8164443282920849,62.00750054960936,54.19608681395873,69.48764726600656,62.00750054960936,54.984821102923135,,48.31909016987131
2025-09-05,KZTO,817.0,8690.0,1.0130500641234501,-0.858249333255447,0.6655517281686083,1.0104751520863509,1.1141162750303968,0.3436816218436319,0.15337244136991518,0.0001833811934168455,0.0006285714285714285,-0.001972438363350236,0.047128096403800154,0.04519916846379515,869.5,0.0,0.01906031746031746,0.010868253482543534,,0.0,-1.2962962962962963,0.44135802469135804,0.0,1.0563048258185328,65.33467267233732,49.009497166881076,67.27085026216928,65.33467267233732,55.702810113100476,,43.380330769374496
2025-09-08,KZTO,817.0,23610.0,1.0013193084475955,0.14124520999719725,0.4067796035621999,1.0076021163767557,0.6207202325237748,0.34625952917225583,0.2030695639368309,0.0001819684709972417,0.0006309523809523809,0.00035909541295095406,0.04776741077499946,0.04510655806182127,869.46,0.0,0.019103968253968255,0.011250618309339239,,0.0,-1.2962962962962963,0.44135802469135804,0.0,1.0543589141172376,65.30822477694551,50.65478057875438,67.47722439366576,65.30822477694551,55.78798310029591,,43.45805629591847
2025-09-09,KZTO,819.9,8240.0,1.231927348967352,-0.9114220514732091,0.9599998080000293,1.3579258259450606,0.7435540155616094,0.3327829160825897,0.2836650284718867,0.00018027590500682873,0.0006392857142857143,-0.0013234963323053555,0.03940310055233219,0.029776552454132056,860.01,0.0,0.019144047619047616,0.013424962103392425,,0.0,-1.2962962962962963,0.44135802469135804,0.0,0.7322478266247543,60.81038270971033,49.46737033781544,64.72598563639558,60.81038270971033,56.27166365784299,,45.5928003657093
2025-09-10,KZTO,815.0,18550.0,0.5917021174802756,-0.09995492338982011,-0.2690354988533638,0.7494803898239275,1.2222222222222134,0.3324610579906588,0.47591530293167794,0.00019977285359343465,0.0006511904761904762,0.0035545452332262596,0.049432671146168096,0.0294147507060084,854.6,0.0,0.01917420634920635,0.023287769013535867,,0.0,-1.2962962962962963,0.44135802469135804,0.0,0.7246457188677723,60.70162814950556,52.906685208658246,68.01159078261654,60.70162814950556,58.449401796598444,,46.625308904436665
2025-09-11,KZTO,822.0,177800.0,1.411818970688021,2.2642394097447824,0.9999998987854354,1.6082553182192663,0.6123154412127851,0.3377194986529296,0.5526590995631954,0.0002152893314448568,0.0006480158730158729,-0.0044674284555671585,0.02946981230448383,0.020942413972888426,855.0,0.0,0.019203571428571427,0.027657499131039327,,0.0,-1.2962962962962963,0.44135802469135804,0.0,0.5466266320815966,58.12668200730293,47.2513338083572,61.328501325389375,58.12668200730293,59.40432176695928,,50.31067191474303
2025-09-12,KZTO,818.0,41130.0,0.5757347446231568,0.6926601124236889,0.11111109876543349,1.00219397172147,0.8588957055214674,0.3697131155127002,0.5526591079325816,0.000201745023670183,0.000626984126984127,-0.0017691456126052428,0.044277527457600815,0.02109071098692125,851.0,0.0,0.019251587301587304,0.058558387666395005,,0.0,-1.2962962962962963,0.44135802469135804,0.0,0.5497426200130061,58.17218016581328,49.15291990757707,66.34259678158685,58.17218016581328,65.91975713342107,,48.192427622723876
2025-09-15,KZTO,819.9,43850.0,0.7541899060558267,0.7566969787886902,0.40200280371919,1.2022431571664436,0.1223990208078396,0.3881952599286494,0.4417709820519466,0.00020279201195612766,0.000625,0.009155106458975906,0.00033932186852056803,0.029358122070635765,859.8,0.0,0.019306349206349206,0.05589774667642404,,0.0,-1.2962962962962963,0.44135802469135804,0.0,0.7234558490275457,60.684596419334284,56.8197229271526,50.83364102931787,60.684596419334284,65.37800036632443,,47.43237886661074
2025-09-16,KZTO,821.42,7430.0,0.8709081122699661,-1.0185474942465516,0.8369097515150429,1.3067590465902408,0.35495716034270597,0.38364441769919577,0.4408156220833447,0.0002001602264762261,0.0006261904761904761,0.002461424640952825,0.02153308907957692,0.017878483833454535,852.01,0.0,0.01936190476190476,0.08187897846663525,,0.0,-1.2962962962962963,0.44135802469135804,0.0,0.48224792965509344,57.18366905866185,52.13720721994049,58.53045261901334,57.18366905866185,70.48060791586397,,45.966136386580445
2025-09-17,KZTO,820.46,14460.0,0.7349070193419608,-0.3526897211727599,0.6211292129090825,1.1593547708059866,0.18538846200755188,0.3838011620593148,0.41619761078634737,0.00020447710701414613,0.0006186507936507937,0.01831458947342344,0.0324723377013823,0.016551528294812518,849.99,0.0,0.01944047619047619,0.12640581106456342,,0.0,-1.2962962962962963,0.44135802469135804,0.0,0.4543661987187547,56.77359288288796,63.01982091126301,62.36888148106004,56.77359288288796,78.11428241422442,,45.81235080972799
2025-09-18,KZTO,820.89,5830.0,0.7552133671929385,-1.2610549172171335,0.9498744486530091,1.1959935916332065,0.6699386503067561,0.3829390781288315,0.5942305531388367,0.0002036196534009464,0.0006202380952380952,0.03231944779446699,0.045842407021647255,0.008522615697596499,843.9,0.0,0.01950793650793651,0.12963770084907852,,0.0,-1.2962962962962963,0.44135802469135804,0.0,0.2856642533799896,54.27450441263465,71.67540765454716,66.85379920827509,54.27450441263465,78.6090773796113,,46.70912176623561
2025-09-19,KZTO,819.1,32119.999999999996,0.4886581085182337,0.5530595382203961,0.3666666055555733,0.9623036178160629,-0.1350364963503714,0.36399708481153015,0.5842054631123513,0.00019742228921975304,0.0006238095238095239,0.030887754901333823,0.04805751134132896,0.005955492575087221,840.0,0.0,0.019560317460317462,0.12764214425240242,,0.0,-1.2962962962962963,0.44135802469135804,0.0,0.2317243630838107,53.47027702782439,70.84775428563538,67.57064774869977,53.47027702782439,78.30452948286724,,47.925778636380734
2025-09-22,KZTO,829.96,60690.0,1.7842160228775956,1.0574529901455327,-0.44784388224900123,2.297684774157006,0.13447432762836442,0.37078004787108965,0.6353165644703793,0.0002007114278585097,0.0006257936507936508,0.014912698680448942,0.022728389568592654,-0.013706021651837142,834.86,0.0,0.019609920634920636,0.10614443128641875,,0.0,-1.2962962962962963,0.44135802469135804,0.0,-0.1813995385934946,47.28168983595633,60.75519636113641,58.955868098553665,47.28168983595633,74.82671236350578,,48.35091332703426
2025-09-23,KZTO,826.0,8119.999999999999,1.1179134836041371,-0.9539914448160024,-0.6323256858528248,1.7417656991737245,1.2269788998658493,0.46070452627413455,0.46534722727674105,0.00021330477557166038,0.0006257936507936508,0.042859207694377184,0.02109096717783161,-0.022069121603443646,824.01,0.0,0.019659920634920634,0.10745879069141782,,0.0,-1.2962962962962963,0.44135802469135804,0.0,-0.35712336343470197,44.66355179466318,77.31088329622868,58.372772021895734,44.66355179466318,75.04959925730248,,45.24992103646632
2025-09-24,KZTO,838.05,16600.0,2.5761391693886035,-0.23892149718819058,0.2424964153169843,3.2147068217005033,0.5575710355238517,0.47808308509255887,0.17150013980316756,0.00018273473779043345,0.000628968253968254,0.02065923046982655,0.006643380679639014,-0.02811952875297241,831.0,0.0,0.01970714285714286,0.11476054978819886,,0.0,-1.2962962962962963,0.44135802469135804,0.0,-0.4842533382423744,42.7868732981956,64.54859015601842,53.144006366701056,42.7868732981956,76.26366270017459,,43.077071914391595
2025-09-25,KZTO,850.0,70700.0,3.970121591750698,1.2101194557416326,0.41839760128204495,4.6436718451268515,2.143919264802663,0.559771307953848,0.09577358028474792,0.00022642085416572203,0.0006376984126984128,0.012726283846872103,-0.01244297385620915,-0.04574404761904764,827.9,0.0,0.019744047619047616,0.08492787114845937,,0.0,-1.2962962962962963,0.44135802469135804,0.0,-0.8545762907425214,37.45500728137254,59.274196390071545,46.14853291618675,37.45500728137254,71.05012497903935,,47.68071282373469
2025-09-26,KZTO,846.98,25330.0,3.1320651364144836,0.18366440721808966,-0.6819443970871992,4.107461020997626,3.546151128653041,0.6211148686576162,-0.010521789189444908,0.00023816510427172467,0.0006313492063492063,0.023900431533212103,0.001468273580418419,-0.04455845581331545,826.0,0.0,0.019788095238095237,0.07119249391957305,,0.0,-1.2962962962962963,0.44135802469135804,0.0,-0.8296648669870713,37.80580699766726,66.61343518282715,51.24793692982741,37.80580699766726,68.43419404722965,,45.00645658421385
2025-09-29,KZTO,844.95,115460.0,2.627547140931716,1.700597945869606,-0.43333331269840936,3.783955139563995,3.4037358075936996,0.6256959254633003,-0.22024398971799944,0.0002418615131853375,0.0006246031746031746,0.02213807516082937,-0.0053694760044973745,-0.046999465733390866,822.0,0.0,0.019838095238095238,0.07665459952547198,,0.0,-1.3342541436464088,0.5,0.0,-0.8809548912738889,37.08497897997044,65.49799946117739,48.73808590168782,37.08497897997044,69.48976858047841,,47.20265534683203
2025-09-30,KZTO,864.0,43620.0,4.557526781905616,0.5780671042006578,0.6571428383673475,5.864037162142655,1.8061111378861572,0.6295572956103408,-0.21734187580788103,0.0002357985503913669,0.000623015873015873,0.0001300264550264025,-0.030014484126984115,-0.053917460317460295,834.6,0.0,0.01988968253968254,0.05300958994709,,0.0,-1.3342541436464088,0.5,0.0,-1.0263144440208243,35.073985839324315,50.493139505006845,39.83345701295291,35.073985839324315,64.78537317451567,,46.28898054659957
2025-10-01,KZTO,858.0,18190.0,3.5589271824824418,-0.4568949302002234,0.04347825897920613,4.9802696088783005,4.600484261501214,0.7723186839721848,0.04055182903615342,0.0002616971247918692,0.0006293650793650793,0.0027298867798867805,-0.030291106116106144,-0.05373445443445443,829.0,0.0,0.019934920634920635,0.06490110722610723,,0.0,-1.3342541436464088,0.5,0.0,-1.022469160105013,35.12654312362658,52.32629328281946,39.736138423427086,35.12654312362658,67.19440757455854,,46.351356185991115
2025-10-02,KZTO,863.48,5470.0,4.057332173165673,-1.4981630209737908,0.34918917031410085,5.588139732823668,2.3805262215858214,0.8028518233488068,0.0007481977685977872,0.0002838518458521295,0.0006242063492063491,-0.0001852214111814905,-0.041101815466539626,-0.05991675767896759,829.0,0.0,0.01998531746031746,,,0.0,-1.3342541436464088,0.5,0.0,-1.1523705099322827,33.37167489290371,50.2706706610933,36.003062815527606,33.37167489290371,,,44.554453722596435
2025-10-03,KZTO,869.87,20790.0,4.449422666399198,-0.01385259712484469,0.6723076405917207,6.351815066269374,1.5858823529411703,0.8034288430702046,-0.013093488424991029,0.00034875699923897144,0.0006238095238095239,-0.017889770652648167,-0.05420850439976343,-0.07259568897906843,824.15,0.0,0.020036111111111112,,,0.0,-1.3342541436464088,0.5,0.0,-1.4187777412035814,29.91672174096749,38.01377643866612,31.697506262298596,29.91672174096749,,,46.07678926914901
2025-10-06,KZTO,866.29,24870.0,3.8701812022382724,0.11356978565699334,-0.451666629027787,5.839468222998493,2.702543153321213,0.8094967715115021,0.25775691911079296,0.0003519349318137075,0.0006174603174603175,-0.004662160143043802,-0.06282527159239717,-0.06776782022204883,824.99,0.0,0.02009325396825397,,,0.0,-1.3342541436464088,0.5,0.0,-1.317335504625758,31.208250842524,47.11434075040817,29.023376297579933,31.208250842524,,,46.637176380012995
2025-10-07,KZTO,866.8,7610.0,3.7340267623442385,-1.098608963011189,0.6857142367346909,5.818937189998357,2.52559323036865,0.823098695061124,0.2540902558449174,0.00036148616814902747,0.0006158730158730159,-0.04450408728327507,-0.05538110016041484,-0.06500662187502289,827.92,0.0,0.02015198412698413,,,0.0,-1.3342541436464088,0.5,0.0,-1.2593177435691763,31.960434923862845,22.43886072530942,31.325869527295204,31.960434923862845,,,45.97963853226806
2025-10-08,KZTO,863.0,5150.0,3.2195362633758258,-1.489073042103311,0.1983967538283073,5.325422594967604,0.3240740740740655,0.8246536992966689,0.2598045355183861,0.0003396787523043788,0.0006162698412698412,-0.018337143868748736,-0.05481016939800257,-0.05856489451709617,829.9,0.0,0.020210317460317463,,,0.0,-1.3342541436464088,0.5,0.0,-1.123965424875235,33.75169469654369,37.71664638557118,31.506521904003083,33.75169469654369,,,44.45904905925016
2025-10-09,KZTO,865.99,6520.0,3.4891752638908624,-1.2531970018477168,0.6633332227777993,5.663666011272864,0.5827505827505908,0.816444568004233,0.29078823448820634,0.0003692327140925406,0.0006186507936507937,-0.012523934910168915,-0.06037320360658882,-0.059518129832871344,832.0,0.0,0.020268253968253967,,,0.0,-1.3342541436464088,0.5,0.0,-1.1439946193881563,33.48351081022416,41.64196300732448,29.77073208834029,33.48351081022416,,,45.36186566825818
2025-10-10,KZTO,857.01,22190.0,1.8180714670675384,0.12974004426937852,-0.661900701269917,4.5408468154082735,0.29068420808819884,0.8056101734503163,0.35361704498094604,0.00039697537073306327,0.0006376984126984128,0.01120448118069413,-0.055083077988199274,-0.05649505295543031,826.0,0.0,0.02031111111111111,,,0.0,-1.3342541436464088,0.5,0.0,-1.0804743177336358,34.337620495452335,58.23316584488594,31.420098671063435,34.337620495452335,,,46.041392501359915
2025-10-13,KZTO,864.99,76610.0,2.477751965331464,1.3688250414273802,0.9999999332888637,5.453069081681937,-1.4783818271695837,0.8412131627649984,0.08677537660861852,0.00041700761865306324,0.000673015873015873,0.0017966580538503647,-0.04936668747615578,-0.0665348171655164,825.02,0.0,0.020326190476190477,,,0.0,-1.3342541436464088,0.5,0.0,-1.2914278849167342,31.54294354754881,51.66873964399103,33.25655461266292,31.54294354754881,,,47.82277667539238
2025-10-14,KZTO,831.01,26370.0,-2.0734646061268776,0.3023250934442987,-0.8979646974772134,1.0538765817026847,-0.15006522065358352,0.8554216845743328,0.3771086890719486,0.0004208030551089733,0.0006686507936507936,0.0315155476229633,-0.016658029171043143,-0.02673373363508886,825.71,0.0,0.02035595238095238,,,0.0,-1.3342541436464088,0.5,0.0,-0.4551352815445118,43.21508294920441,71.21242804582084,44.6143673526007,43.21508294920441,,,45.345277862469025
2025-10-15,KZTO,850.0,20170.0,0.21532363992846884,-0.06339126630893133,-0.16009280371014317,3.3242532656862314,-4.1289801568989315,1.2708975840687635,0.060372902229567774,0.000495247707083385,0.0006753968253968253,0.002024066293183967,-0.03894437441643324,-0.03886753034547155,834.28,0.0,0.0203734126984127,,,0.0,-1.3342541436464088,0.5,0.0,-0.7100882511529311,39.50692433052133,51.829033641191046,36.73625407333704,39.50692433052133,,,44.8861014604799
2025-10-16,KZTO,858.03,73940.0,1.076914790198099,1.2356652321092811,-0.13113112675572017,4.256750285142912,-1.5063731170335992,1.3628949663444574,-0.011325009278122323,0.0005569666435502531,0.0006773809523809523,-0.006919043470563491,-0.053721513150555844,-0.04490090237160092,837.0,0.0,0.020391269841269842,,,0.0,-1.3342541436464088,0.5,0.0,-0.8368602872706793,37.70434894644241,45.53032704817255,31.852543408355526,37.70434894644241,,,47.17448105155516
2025-10-17,KZTO,869.5,22240.0,2.2795176164432256,-0.056383649479819414,0.5915032438111423,5.4781209610128405,-0.9191792053026004,1.372863324861471,-0.1702178791848262,0.0005589364392583686,0.0006750000000000001,-0.024664294157379262,-0.06542565673576312,-0.055476043520724376,839.0,0.0,0.0203984126984127,,,0.0,-1.3342541436464088,0.5,0.0,-1.0590630902639215,34.62785455095228,33.621557347104904,28.243062100326235,34.62785455095228,,,45.856456147560486
2025-10-20,KZTO,869.46,5410.0,2.0193929131391024,-1.4125139548265446,0.9017287623540775,5.394060449645481,1.4573925625138484,1.3900406008752602,0.08046290983138564,0.0005893565889720103,0.0006746031746031747,-0.014503201494523787,-0.0620120984508174,-0.044978870820750264,848.09,0.0,0.020400396825396825,,,0.0,-1.3342541436464088,0.5,0.0,-0.8384985451153469,37.681263931458496,40.29081351931282,29.269989518690632,37.681263931458496,,,45.890753834771886
2025-10-21,KZTO,860.01,13550.0,0.6331195780325949,-0.4612003243648463,-0.6511012642201505,4.2257938370288235,0.5167689799882025,1.3704771470086072,0.0608086756444284,0.0005766846028755943,0.0006793650793650794,-0.012697455511314652,-0.04924177635531371,-0.02621229858346055,855.01,0.0,0.0203984126984127,,,0.0,-1.3342541436464088,0.5,0.0,-0.444178989953043,43.37647248184038,41.52297385669214,33.297283846250906,43.37647248184038,,,44.58608385483948
2025-10-22,KZTO,854.6,16950.0,-0.057484484531537546,-0.2373194899591296,-0.855072339844588,3.531823115779184,3.4897293654709394,1.3938929271375367,0.110181362295841,0.0005877503024892203,0.0006813492063492064,-0.00880544764282187,-0.04067091417501553,-0.014337097463215005,859.78,0.0,0.0203984126984127,,,0.0,-1.3342541436464088,0.5,0.0,-0.1946595804418267,47.083421020970896,44.213106418841285,36.14899322038152,47.083421020970896,,,47.09661244944987
2025-10-23,KZTO,855.0,14450.0,-0.06236665092890602,-0.3968925920076934,0.0,3.5246782142459967,0.5411764705882449,1.3735758386826247,-0.02881454493104798,0.0005570315604565498,0.0006773809523809523,-0.016403884711779476,-0.04814709690893901,-0.014398015873015878,860.13,0.0,0.020398015873015873,,,0.0,-1.3342541436464088,0.5,0.0,-0.19593958618555782,47.064286694051525,39.0070063319982,33.65528429789182,47.064286694051525,,,45.60992713087877
2025-10-24,KZTO,851.0,14870.0,-0.6087839521904704,-0.32010251939769363,-0.5046024682340989,3.0060098820704577,-0.35313450578651207,1.3380279005126867,-0.002588319579903936,0.0005470618332842944,0.0006750000000000001,-0.016348588495327623,-0.044770853151287954,-0.003952734411430063,865.0,0.0,0.020403968253968254,,,0.0,-1.3342541436464088,0.5,0.0,0.023534630384128105,50.353013589978815,39.04415091763305,34.77117979183221,50.353013589978815,,,41.90810430449295
2025-10-28,KZTO,859.8,59680.0,0.3859354609731548,1.135127905609815,0.18399999263999664,4.033764793789653,-2.127659574468088,1.3400037091202,-0.22180946198895218,0.0005572666304449879,0.0006797619047619047,-0.032424999723080605,-0.05390946981025478,-0.010992422379512364,867.89,0.0,0.020401587301587303,,,0.0,-1.3342541436464088,0.5,0.0,-0.12438192000965505,48.135136650829864,28.919731158413107,31.79265818235693,48.135136650829864,,,46.84020223483094
2025-10-29,KZTO,852.01,3720.0,-0.8787217081714855,-1.6401389988286996,-0.32370430554763346,2.954822548618361,-1.111034435166669,1.3565653852727075,-0.36535521593176834,0.0005661144591744398,0.0006817460317460318,-0.03627576563115084,-0.03508144030744853,0.011234258745379564,878.96,0.0,0.020396825396825396,,,0.0,-1.3342541436464088,0.5,0.0,0.3426407681553482,55.12158557762713,26.737322751366253,38.06430845055417,55.12158557762713,,,35.40279507847818
2025-10-30,KZTO,849.99,17910.0,-1.0581139465705758,0.019166289090431287,0.5988571086367377,2.6336190460167432,-0.9302217416076508,1.2734129312528872,-0.29987582419726494,0.0006791328780747357,0.0006972222222222222,-0.02573270915232057,-0.02955237400552052,0.03846019265492758,900.0,0.0,0.02037579365079365,,,0.0,-1.3342541436464088,0.5,0.0,0.9147067806559731,63.38627228809888,32.95180366262219,39.99621135243515,63.38627228809888,,,46.07083441572661
2025-10-31,KZTO,843.9,12550.0,-1.7312941952537428,-0.32847168255622045,0.1814516007088933,1.8660840418702036,-0.5394336531710731,1.2655413471057848,-0.009089934500999819,0.0006646720029261117,0.0006876984126984126,-0.022337766971938677,-0.020070660877219686,0.046054726778731486,899.95,0.0,0.02036309523809524,,,0.0,-1.3342541436464088,0.5,0.0,1.0742816502431207,65.57855555162391,35.1026944910933,43.379597536427994,65.57855555162391,,,45.536329809885345
2025-11-03,KZTO,840.0,20240.0,-2.1334482100155285,0.14946779947687994,-0.0020120722321840512,1.2921482961053972,-1.2982456140350873,1.2636130441716538,0.02720038564077884,0.000630885096119207,0.0006761904761904762,-0.020044047619047618,-0.004633730158730122,0.07844761904761904,923.0,0.0,0.02036190476190476,,,0.0,-1.3342541436464088,0.5,0.0,1.7549147839012516,74.13407610480695,36.591599145285834,49.00806619775581,74.13407610480695,,,45.77263058822527
2025-11-04,KZTO,834.86,18570.0,-2.583182204773142,0.06335443394512008,-0.5134327975050157,0.6546319391794931,-1.292596944770863,1.2497187715834035,0.12771846484116184,0.0006240159782620368,0.0006753968253968253,-0.018780367576124366,0.009869116578428292,0.12773517893314684,958.5,0.0,0.020361507936507938,,,0.0,-1.3342541436464088,0.5,0.0,2.7905353779742987,84.21511028313363,37.42317989318572,54.32163078065485,84.21511028313363,,,44.663065026469845
2025-11-05,KZTO,824.01,7340.0,-3.6918960272795385,-0.8648522080848885,-0.49965442296790474,-0.8604242202628938,-2.9006745754826646,1.252581365948436,-0.011768093187840644,0.0006341993397397999,0.0006757936507936508,0.009476388953902008,0.029137445136183604,0.14673716922066948,961.7,0.0,0.02036031746031746,,,0.0,-1.3342541436464088,0.5,0.0,3.1898014912864476,87.14545187383973,57.04210674104742,61.21267779887043,87.14545187383973,,,42.3526963568788
2025-11-06,KZTO,831.0,9170.0,-2.7963381959066873,-0.6422543887077358,0.46666663555555765,-0.04616065904673583,-3.286346404384921,1.2757324316271323,-0.04695811667189489,0.0007371747990623171,0.0006761904761904762,-0.0057805483926422555,0.020781135751532856,0.13248122170649246,958.01,0.0,0.02035873015873016,,,0.0,-1.3342541436464088,0.5,0.0,2.8902583029444897,84.99431167332693,46.32846262058168,58.26216976809266,84.99431167332693,,,45.948103456933474
2025-11-07,KZTO,827.9,11460.0,-3.095001061545631,-0.4193294571684171,0.05333332977777499,-0.5665488167564376,-2.2341439311050704,1.297720747098442,-0.0733962112881309,0.0007435156708679599,0.0006746031746031747,-0.002045146641818918,0.03053281030413537,0.13063776700276278,952.91,0.0,0.02035873015873016,,,0.0,-1.3342541436464088,0.5,0.0,2.851523992301859,84.69548479044965,48.958205417731186,61.69807039987648,84.69548479044965,,,45.305442606397
2025-11-10,KZTO,826.0,12660.0,-3.2255497581038837,-0.31974493764768697,0.4285713673469475,-0.8159170866221052,-1.89595923687641,1.2922999850532289,-0.09901986547435457,0.0007324939472743226,0.0006753968253968253,-0.005612725316115175,0.03643293650793649,0.12914490180252894,949.49,0.0,0.02035873015873016,,,0.0,-1.3342541436464088,0.5,0.0,2.8201561999191993,84.4499306016268,46.44628327384241,63.72384372039125,84.4499306016268,,,46.434437489261065
2025-11-11,KZTO,822.0,20440.0,-3.5891597742190964,0.2505456040896528,0.6033713136652786,-1.3407978625363204,-1.6666666666666718,1.277855917191768,-0.012903177558528245,0.0007162030699025435,0.0006746031746031747,0.0002644537133588338,0.05501067373421392,0.15908046865948325,969.5,0.0,0.020359920634920637,,,0.0,-1.3342541436464088,0.5,0.0,3.449156491358165,88.7902597885471,50.58799872334833,69.76684554977486,88.7902597885471,,,47.78917022394508
2025-11-12,KZTO,834.6,69120.0,-1.659197427069611,1.4688953103390732,0.21666665763889115,0.14254215004025364,-1.5403780274537038,1.2522337765359732,0.21045764467553063,0.000723588459626013,0.0006746031746031747,-0.01137685004507442,0.06407557398468611,0.1274929584174911,958.0,0.0,0.02036230158730159,,,0.0,-1.3342541436464088,0.5,0.0,2.785445887747907,84.17447430014776,42.43094929366417,72.49882248054126,84.17447430014776,,,48.54879169184926
2025-11-13,KZTO,829.0,2990.0,-2.1874895609505556,-1.671668419598335,-0.492537246602815,-0.5510252146485959,1.2851785779298908,0.9711187801199095,0.3537218607968898,0.0006472416432243182,0.0006746031746031747,-0.0022873705171654784,0.07129932793382739,0.11715198316962491,943.0,0.0,0.02036309523809524,,,0.0,-1.3342541436464088,0.5,0.0,2.5681633329944833,82.35952300478976,48.78734603493668,74.56272804498659,82.35952300478976,,,44.853125781736814
2025-11-14,KZTO,829.0,108060.0,-2.159104707810316,1.9975626724236217,-0.3693820095020353,-0.577505614318451,-0.24067388688326918,0.8228135283436877,0.16188108436521528,0.0007159458586493971,0.0006746031746031747,0.00024381785283474023,0.09910351494437743,0.12004386284871808,945.4,0.0,0.02036626984126984,,,0.0,-1.3342541436464088,0.5,0.0,2.628926944709204,82.88297607732673,50.57343719063919,81.51369788064302,82.88297607732673,,,48.57019528578625
2025-11-17,KZTO,824.15,14020.0,-2.037206225022427,-0.0446377430187214,-0.578384131707649,-1.169530775521937,0.13286628819906277,0.7845952915516458,0.0773380165092532,0.0007085005157373778,0.0006746031746031747,-0.001136215379192965,0.1487299332453158,0.12788344198303406,946.33,0.0,0.02036626984126984,,,0.0,-1.3342541436464088,0.5,0.0,2.793650652257706,84.23994169018736,49.59952991485082,90.1368650020824,84.23994169018736,,,32.32048276636162
2025-11-18,KZTO,824.99,15050.0,-1.7136585420878245,0.05567418426939495,-0.5566666357407414,-1.0773889312101836,-0.2239709443099258,0.704015756746299,-0.12405308330166612,0.0006992527676272063,0.0006746031746031747,-0.0033580803673041483,0.15142459159197125,0.13116283960248096,950.0,0.0,0.02036626984126984,,,0.0,-1.3342541436464088,0.5,0.0,2.862556715344237,84.78109309838374,48.032484738059054,90.48312922484038,84.78109309838374,,,19.83686300509629
2025-11-19,KZTO,827.92,18950.0,-1.2681998781484012,0.25668087773386195,-0.22896934657553036,-0.769231863403273,0.36374695863747863,0.7064890506277439,-0.35606067318287005,0.000702868239518229,0.0006746031746031747,-0.006087594001107291,0.14284220015123006,,,0.0,,,,0.0,-1.3342541436464088,0.5,0.0,,,46.11300741243697,89.3410524855344,,,,22.594127397816855
2025-11-20,KZTO,829.9,7900.0,-0.9078400336972045,-0.6385158146249544,0.9999998387097034,-0.5308253400029396,-0.8003834172058522,0.6910529655029706,-0.4451878740257545,0.0006675520801955238,0.0006746031746031747,0.0018412363700350152,0.13393616949450785,,,0.0,,,,0.0,-1.3342541436464088,0.5,0.0,,,51.700164519035205,88.02998513435425,,,,41.82968982383563
2025-11-21,KZTO,832.0,25980.0,-0.566629717527285,0.5722036324493847,0.21212119926538184,-0.2932942322975365,0.10856453558503176,0.6891349421875742,-0.14668045696325074,0.0006640772165531539,0.0006765873015873017,0.0025544566544566548,0.12692862484737485,,,0.0,,,,0.0,-1.3342541436464088,0.5,0.0,,,52.20273971198465,86.90248481325933,,,,36.20131965560461
2025-11-24,KZTO,826.0,33410.0,-1.1865952796047767,0.8034744150948613,-0.515151483930213,-1.1355233497019404,0.3618817852834688,0.6936728530458582,-0.0303798152097673,0.0006680362884007551,0.0006805555555555554,0.012281752757600215,0.1594482580037665,,,0.0,,,,0.0,-1.3342541436464088,0.5,0.0,,,58.97091861222737,91.45052410365349,,,,32.20555198204381
2025-11-25,KZTO,825.02,4300.0,-1.1695482268067496,-1.343528297476217,-0.5954300675114214,-1.3842570133218768,0.22447370017593116,0.7023482261369899,-0.017733285654280097,0.0006626170849547251,0.0006880952380952381,0.024517720378495936,0.1469145268532211,,,0.0,,,,0.0,-1.3342541436464088,0.5,0.0,,,66.99985434358643,89.89729995257686,,,,18.720546146514355
2025-11-26,KZTO,825.71,3490.0,-0.6658753878136145,-1.4266530747395874,-0.4299999283333331,-1.3158262404598973,0.0036364077140360607,0.6453406151374337,-0.02548597200841609,0.0006692626859612826,0.0006984126984126985,0.03206040689273083,0.12780102150184164,,,0.0,,,,0.0,-1.3342541436464088,0.5,0.0,,,71.5267140633529,87.04761800693588,,,,21.030310567095203
2025-11-27,KZTO,834.28,5670.0,0.3920037866700674,-0.9413680841625033,0.8921416878165042,-0.32181725915042136,-0.2669340032853351,0.6263633588687939,-0.06569208835997664,0.0005408441603769188,0.0006928571428571428,0.027152579431670387,0.11896134389428849,,,0.0,,,,0.0,-1.3342541436464088,0.5,0.0,,,68.62314193594676,85.5123139184224,,,,37.51367877521714
2025-11-28,KZTO,837.0,38440.0,0.8117949332638412,1.0583305123558142,0.2128562636230276,-0.055660913481449095,0.5277744306543042,0.6801213476834289,-0.0872637185386165,0.0006427627096318505,0.0006952380952380952,0.024239964157706087,0.11641055214200381,,,0.0,,,,0.0,-1.3342541436464088,0.5,0.0,,,66.82626076888053,85.04203743967614,,,,39.99792239564122
2025-12-01,KZTO,839.0,33380.0,1.0287678775454905,0.8313965156137845,-0.06542055856406793,-0.03991662086674071,0.6009615384615419,0.6695312700149445,-0.08711670566708736,0.0006140042535559291,0.0006821428571428573,0.02759601897572696,0.11809718296535937,,,0.0,,,,0.0,-1.3342541436464088,0.5,0.0,,,68.89204801872633,85.35438411666838,,,,36.3904915001119
2025-12-02,KZTO,848.09,11340.0,2.0987736558323467,-0.24822278949300602,0.652727213388441,1.0300049150161945,1.57384987893463,0.6645411500102888,0.002829479406141669,0.0006046792309140152,0.0006765873015873017,0.019952531163864518,,,,0.0,,,,0.0,-1.3342541436464088,0.5,0.0,,,64.0907584002346,,,,,42.45614491130572
2025-12-03,KZTO,855.01,118920.0,2.8991464460546896,2.187682449641267,0.2653222512723525,1.8087874086734081,2.796295847373398,0.6905172291990556,0.25246093558611415,0.0006412716731314215,0.0006773809523809523,0.02461771749443946,,,,0.0,,,,0.0,-1.3342541436464088,0.5,0.0,,,67.0622381153409,,,,,48.63445502288336
2025-12-04,KZTO,859.78,9540.0,2.8343142158426584,-0.4210650313719354,0.9119998176000256,2.242123984422319,3.548461324193708,0.6270284445527499,0.39152537150725125,0.0005378461997299189,0.0006813492063492064,0.043390916622450884,,,,0.0,,,,0.0,-1.3342541436464088,0.5,0.0,,,77.5730940311052,,,,,46.857929560043516
2025-12-05,KZTO,860.13,91110.0,2.816838703825033,1.8355063998501326,-0.722702683170198,2.2384276794835882,3.05652778443688,0.6141310187740491,0.39549699746395556,0.0005161940841643351,0.0006769841269841269,0.042908819513993786,,,,0.0,,,,0.0,-1.3342541436464088,0.5,0.0,,,77.33544057917752,,,,,48.345560517785614
2025-12-08,KZTO,865.0,23930.0,2.9701645727912234,0.3419190086827708,-0.49999997433265014,2.4455779205348,2.7634408602150495,0.6016403051679492,0.20838520810531042,0.0004967945076202772,0.0006809523809523809,0.06367146756583172,,,,0.0,,,,0.0,-1.3342541436464088,0.5,0.0,,,85.97806030547943,,,,,45.8765198585118
2025-12-09,KZTO,867.89,15220.0,3.169121079381787,-0.2577539542985838,0.002553191380712938,2.6728802883300866,3.0989272943980906,0.5985421076373709,0.12146932495159395,0.0004994978755600007,0.0006773809523809523,0.1010244570667375,,,,0.0,,,,0.0,-1.3342541436464088,0.5,0.0,,,94.6237882031882,,,,,45.35958428862914
2025-12-10,KZTO,878.96,19310.0,4.332821282671876,0.12242199140937844,0.9200967966043139,3.8732888347019463,2.334657878291213,0.5744410552630799,-0.008565479449951648,0.0004977333318169352,0.0006769841269841269,0.09075818286690909,,,,0.0,,,,0.0,-1.3342541436464088,0.5,0.0,,,92.94396289081293,,,,,46.00149102777778
2025-12-11,KZTO,900.0,73390.0,6.567608351532557,1.457585451572261,0.36218677990462883,6.297631610052555,2.8011368288090255,0.5469748950924447,0.12238942961644064,0.000522022787147676,0.0006761904761904762,0.061081349206349195,,,,0.0,,,,0.0,-1.3342541436464088,0.5,0.0,,,85.07316685517874,,,,,46.97923869166055
2025-12-12,KZTO,899.95,10500.0,5.793543451499628,-0.599881083963253,0.9899999010000191,5.977733544146294,4.677940868594299,0.6842870036290213,0.012426822077361288,0.00040479451307579635,0.0006750000000000001,0.05547390423806605,,,,0.0,,,,0.0,-1.3342541436464088,0.5,0.0,,,82.94954816003465,,,,,45.72882541692062
2025-12-15,KZTO,923.0,22570.0,7.018980661837815,0.27842029713282807,0.3953488288509775,8.640047371654152,4.62953274505018,0.6844649786000958,0.3549673389114047,0.0004050884741453557,0.0006750000000000001,0.025325685308431798,,,,0.0,,,,0.0,-1.3342541436464088,0.5,0.0,,,67.50218060278043,,,,,46.860724167267314
2025-12-17,KZTO,958.5,110770.0,7.018980661837815,1.7561969367484533,0.3308240310414839,10.666012107132866,6.705202312138736,0.795422353717244,0.5340370995481303,0.00044124570802392995,0.0006750000000000001,0.008101264997391756,,,,0.0,,,,0.0,-1.3342541436464088,0.5,0.0,,,56.08839389314576,,,,,49.49902602353828
2025-12-18,KZTO,961.7,23440.0,7.018980661837815,0.11278258657068461,-0.2076502637682001,10.666012107132866,6.831519331241112,1.0718201878362532,0.5996912674802843,0.00045525389706112853,0.0006746031746031747,-0.007224734596968709,,,,0.0,,,,0.0,-1.3342541436464088,0.5,0.0,,,45.31639724872001,,,,,47.62535557785337
2025-12-19,KZTO,958.01,7440.0,7.018980661837815,-1.1288376309513155,-0.7471838864600918,10.666012107132866,6.831519331241112,1.0722522283206282,0.37414185540578165,0.0004513404276373127,0.0006746031746031747,-0.019046069510325874,,,,0.0,,,,0.0,-1.3342541436464088,0.5,0.0,,,37.247694710260795,,,,,45.795788014108524
2025-12-22,KZTO,952.91,43650.0,7.018980661837815,0.6404909974525228,-0.7989454903709838,10.666012107132866,6.445555555555549,1.0968502577714687,0.15226772213283754,0.00046001792592182983,0.0006746031746031747,-0.011262471243057804,,,,0.0,,,,0.0,-1.3342541436464088,0.5,0.0,,,42.50984006863398,,,,,47.12233671155316
2025-12-23,KZTO,949.49,22640.0,6.922552993682938,-0.01599330575078826,-0.8169058750588236,9.954001142400632,5.8847713761875475,1.1282822451832786,-0.20552135614136305,0.0004605639447961669,0.0006753968253968253,-0.006708658010557681,,,,0.0,,,,0.0,-1.3342541436464088,0.5,0.0,,,45.67765609276198,,,,,45.64857844992895
2025-12-24,KZTO,969.5,45200.0,7.018980661837815,0.6929252042062289,0.9565216975425348,10.666012107132866,2.86998916576382,1.107202889146678,-0.4479722969233233,0.00045584588562672514,0.0006757936507936508,-0.023492825626038622,,,,0.0,,,,0.0,-1.3342541436464088,0.5,0.0,,,34.36354638580234,,,,,46.255870875206
2025-12-25,KZTO,958.0,91050.0,6.660317032389172,1.3741757871053994,-0.1999999900000005,10.22536425001675,1.147626499739185,1.1316875955352892,-0.3228327636231131,0.00046316995021343646,0.0006769841269841269,,,,,0.0,,,,0.0,-1.3342541436464088,0.5,0.0,,,,,,,,46.335248028084756
2025-12-26,KZTO,943.0,47790.0,4.1815756417622465,0.7019736057334768,-0.19964428191097672,7.895766346215784,-0.384735364458777,1.2079918309151523,-0.32130270886947315,0.00045545826870201615,0.0006753968253968253,,,,,0.0,,,,0.0,-1.3342541436464088,0.5,0.0,,,,,,,,45.91323531064514
2025-12-29,KZTO,945.4,78910.0,4.150819196532414,1.0129790592552708,-0.26342160832420974,7.9156215784443535,-1.5667894907151259,1.3114918926154855,-0.21179478795965015,0.00036312465977186495,0.0006777777777777777,,,,,0.0,,,,0.0,-1.4843304843304843,0.35327635327635326,0.0,,,,,,,,46.80206851627099
2025-12-30,KZTO,946.33,60220.0,3.5320419494047246,0.742675751812866,-0.41246104634077385,7.646231903957556,-0.7881122036708654,1.3124398400521735,-0.10469001155029534,0.0003597638165265306,0.0006746031746031747,,,,,0.0,,,,0.0,-1.4843304843304843,0.35327635327635326,0.0,,,,,,,,46.958159235560174
2025-12-31,KZTO,950.0,53500.0,3.3906250756268665,0.45951624785657097,-0.8124999746093758,7.783054665840661,-0.33281024550021465,1.314955610938977,-0.023801045806685385,0.00035636084935358286,0.0006746031746031747,,,,,0.0,,,,0.0,-1.4843304843304843,0.35327635327635326,0.0,,,,,,,,46.75489299072377
