date,ticker,close,R30,Y_target,Y_attr,pre_agm
2025-01-05,AIRA,819.7,-0.15543457599663832,27.606515343840687,48.61534741816598,0.0
2025-01-06,AIRA,819.0,-0.1018482905982906,35.029735274807905,46.901153104144264,0.0
2025-01-08,AIRA,817.02,-0.07374159314162622,39.267618992867796,49.173709280865616,0.0
2025-01-09,AIRA,808.04,-0.07831863627684622,38.56443212447559,48.06166850245941,0.0
2025-01-10,AIRA,800.0,-0.0467071428571428,43.50315937952352,50.10989233569173,0.0
2025-01-13,AIRA,806.0,-0.05543206408287053,42.12263924472621,49.023112287363105,0.0
2025-01-14,AIRA,802.0,-0.05379372798163322,42.3809989010375,47.79619390206663,0.0
2025-01-15,AIRA,805.98,-0.047424424716907804,43.38925450433301,49.84116431925931,0.0
2025-01-16,AIRA,802.0,-0.028908453073665047,46.34858895828334,46.25881105858489,0.0
2025-01-17,AIRA,801.99,-0.026391216224641214,46.75337851150332,48.653165148796035,0.0
2025-01-20,AIRA,793.98,-0.028973997455855334,46.33805514829533,47.87230567797982,0.0
2025-01-21,AIRA,793.0,-0.05296371524650213,42.512048963317945,45.794221722579884,0.0
2025-01-22,AIRA,786.0,-0.0557404125772447,42.0740615531094,45.43229465790949,0.0
2025-01-23,AIRA,783.11,-0.0471371286048525,43.43486901954998,50.022352535441826,0.0
2025-01-24,AIRA,781.99,-0.04702245828053256,43.45307854090191,49.948944634392255,0.0
2025-01-27,AIRA,785.84,-0.061969248435401886,41.09616824404666,48.230646085186144,0.0
2025-01-28,AIRA,782.0,-0.06497648276701985,40.62650491916209,49.24918755442182,0.0
2025-01-29,AIRA,777.0,-0.07725374302874302,38.727621614955616,50.59410632132451,0.0
2025-01-30,AIRA,775.0,-0.01581748591909883,48.4577632670565,50.294207343443276,0.0
2025-01-31,AIRA,779.01,-0.007550931936811117,49.792958633929516,46.496542973879095,0.0
2025-02-03,AIRA,770.01,-0.010072070724498927,49.385630768678645,48.02055471387839,0.0
2025-02-04,AIRA,763.62,-0.0017159229971027562,50.73570657433875,49.002542768417,0.0
2025-02-05,AIRA,759.0,0.009294789510006837,52.512717158304646,50.01386084202599,0.0
2025-02-06,AIRA,747.0,0.015476329126027921,53.50785690158637,52.13734684373527,0.0
2025-02-07,AIRA,735.0,0.021427210884353738,54.463242110345234,48.49806400955386,0.0
2025-02-10,AIRA,724.5,0.026770824706694275,55.31836337946076,52.543522458098515,0.0
2025-02-11,AIRA,710.0,0.04521202772188687,58.24232751068402,46.04773859876789,0.0
2025-02-12,AIRA,705.0,0.05409905437352244,59.632281938821066,45.4434997368151,0.0
2025-02-13,AIRA,699.0,0.06874221847537301,61.888221612726156,44.64488067775756,0.0
2025-02-14,AIRA,707.98,0.03545135165462933,56.70057995605313,46.52939774442299,0.0
2025-02-17,AIRA,706.69,0.01458793454034641,53.364991068396414,44.15313229764594,0.0
2025-02-18,AIRA,750.0,-0.061091825396825415,41.23351270588474,47.216614530279905,0.0
2025-02-19,AIRA,771.17,-0.07838475009936453,38.554308945332416,47.89186367269346,0.0
2025-02-20,AIRA,759.0,-0.07260415960850744,39.44307199043452,49.16699687072181,0.0
2025-02-21,AIRA,776.7,-0.07875712722323389,38.497310030359955,47.76712601565591,0.0
2025-02-24,AIRA,775.5,-0.07346843204077247,39.30972993701187,49.47537674971054,0.0
2025-02-25,AIRA,773.0,-0.07041271227335263,39.781874996843186,48.860030159984646,0.0
2025-02-26,AIRA,782.0,-0.07876579385377339,38.49598382418741,51.721080730676185,0.0
2025-02-27,AIRA,793.0,-0.08703375968294005,37.23881859877503,49.85327912561354,0.0
2025-02-28,AIRA,795.0,-0.09306966157532197,36.33171518251288,49.85012111088055,0.0
2025-03-03,AIRA,785.0,-0.09515561874431304,36.02043792471967,46.908462178770264,0.0
2025-03-04,AIRA,765.0,-0.0697970588235294,39.87723448199449,49.51465418343615,0.0
2025-03-05,AIRA,756.06,-0.059954808354842015,41.41169478364335,50.268719530007466,0.0
2025-03-06,AIRA,760.0,-0.07156808688387635,39.60312703513018,48.550429617496675,0.0
2025-03-07,AIRA,758.99,-0.06784804940232816,40.17962304873032,49.17454131589749,0.0
2025-03-11,AIRA,751.0,-0.06487653551877925,40.64208745968149,46.9499813624334,0.0
2025-03-12,AIRA,745.0,-0.0565969878555449,41.939196171162195,48.62440274461351,0.0
2025-03-13,AIRA,730.74,-0.03096365302231138,46.018452231882065,48.77161359963162,0.0
2025-03-14,AIRA,776.51,-0.09814821924021874,35.5759173382211,47.274035358062456,0.0
2025-03-17,AIRA,787.0,-0.10161713811742398,35.06374367282605,47.67747457894192,0.0
2025-03-18,AIRA,776.0,-0.08472363361152022,37.58842705001209,50.40057576269524,0.0
2025-03-19,AIRA,775.98,-0.07998471306329696,38.309630464960655,48.92774200567185,0.0
2025-03-20,AIRA,779.68,-0.07372096187609725,39.27079898484287,48.85949147193355,0.0
2025-03-26,AIRA,772.0,-0.042290268525372154,44.20603053952469,50.69108246040592,0.0
2025-03-27,AIRA,764.0,-0.024054321449347608,47.12955186539157,48.90325585277728,0.0
2025-03-28,AIRA,757.0,-0.001770599274496236,50.72687404479787,47.4098333321526,0.0
2025-03-31,AIRA,755.0,-0.009649261536844306,49.45393772522911,47.28207154465723,0.0
2025-04-01,AIRA,756.01,-0.016599500993415058,48.3315380753291,47.51811948207644,0.0
2025-04-02,AIRA,759.85,-0.03182975148603894,45.879429519518645,47.02020275902423,0.0
2025-04-03,AIRA,746.07,-0.0046273155142470285,50.26534362227733,47.394674191389846,0.0
2025-04-04,AIRA,730.0,0.00859768971515542,52.40035391553432,48.349576972116665,0.0
2025-04-07,AIRA,718.01,0.027136988464368992,55.376850192322145,49.361887962979075,0.0
2025-04-08,AIRA,725.0,0.026395634920634896,55.25841958013853,46.23384864787134,0.0
2025-04-09,AIRA,718.0,0.03273755029402663,56.26947178113411,49.40928507228712,0.0
2025-04-10,AIRA,730.0,0.005679832572298357,51.929783313185915,46.689349904229275,0.0
2025-04-11,AIRA,733.0,0.007154055956170569,52.16758329613273,48.497528690710766,0.0
2025-04-14,AIRA,733.0,0.004450693497044109,51.731449400584175,47.28863740113101,0.0
2025-04-15,AIRA,735.0,0.004328287981859472,51.711694953360045,49.51669873017834,0.0
2025-04-16,AIRA,738.8,0.00045236999510155085,51.08593478203299,48.38237087061244,0.0
2025-04-17,AIRA,735.89,-0.0008987262966536208,50.867712599957024,46.18083355894387,0.0
2025-04-18,AIRA,725.03,0.014386795056537366,53.332637377027915,45.40877805323846,0.0
2025-04-21,AIRA,726.0,0.013730935983208698,53.22712179008816,48.05549515156792,0.0
2025-04-22,AIRA,725.0,0.00208370279146141,51.34936342254193,48.02482156909811,0.0
2025-04-23,AIRA,720.0,0.0077095238095237426,52.25715828774236,49.66594429118704,0.0
2025-04-24,AIRA,721.91,0.0050076952882707505,51.821334359197046,48.750889294113996,0.0
2025-04-25,AIRA,716.55,0.028125271971184748,55.534632564315146,46.76546913676277,0.0
2025-04-28,AIRA,717.0,0.025968431626485967,55.190147014975764,48.08669626776054,0.0
2025-04-29,AIRA,722.0,0.05208592863738294,59.31869058307176,48.786026053968016,0.0
2025-04-30,AIRA,715.05,0.055494416474372484,59.84918295182047,49.28715149256607,0.0
2025-05-02,AIRA,721.98,0.01799789398598297,53.913037385740246,48.79227420931745,0.0
2025-05-05,AIRA,725.0,0.018931814449917844,54.062977197245466,47.317218076875335,0.0
2025-05-06,AIRA,728.65,-0.039202089453315964,44.69886197996241,48.20762740669237,1.0
2025-05-08,AIRA,737.0,-0.04717854181473585,43.428293082648096,49.829570062483704,1.0
2025-05-12,AIRA,754.0,-0.02792064334133304,46.50738139323894,50.82942068778459,1.0
2025-05-13,AIRA,760.11,-0.046315671588260096,43.565354323487334,51.38983362606413,1.0
2025-05-14,AIRA,770.0,-0.06273069985569979,40.977089291095126,49.22665171446273,1.0
2025-05-15,AIRA,761.99,-0.05392041234136932,42.36100618197257,47.65253755254317,1.0
2025-05-16,AIRA,757.73,-0.05217329571365933,42.63694561947678,49.132514190123715,1.0
2025-05-19,AIRA,750.0,-0.04620277777777772,43.583294083170834,49.69240370461263,1.0
2025-05-20,AIRA,756.69,-0.056381003386302184,41.97319105290852,48.91311945432021,1.0
2025-05-21,AIRA,750.04,-0.05171187737712182,42.7098993186532,47.233740682583985,1.0
2025-05-22,AIRA,751.02,-0.04910363122027057,43.12287028066654,50.19220311255806,1.0
2025-05-23,AIRA,757.77,-0.06364414742631416,40.834380121846216,49.353448430249166,1.0
2025-05-26,AIRA,754.99,-0.06714261430352168,40.28925695120246,46.788464946022835,1.0
2025-05-27,AIRA,747.85,-0.06226699915418919,41.04959224067838,47.890103940946624,1.0
2025-05-28,AIRA,751.99,-0.06811921893169383,40.13750578930163,47.101318318709446,1.0
2025-05-29,AIRA,750.0,-0.061093095238095224,41.23331383635086,47.62789274423055,1.0
2025-05-30,AIRA,751.95,-0.05159706429948806,42.728057068580256,46.662728999677256,1.0
2025-06-02,AIRA,752.97,-0.05318802911897466,42.476621761977256,47.687402422116406,1.0
2025-06-03,AIRA,749.0,-0.039628330366414485,44.630775475247766,48.07592328590162,1.0
2025-06-04,AIRA,749.01,-0.023688477997305606,47.18847284074607,49.910531426977634,1.0
2025-06-05,AIRA,749.51,-0.025710509442888888,46.86291669488505,49.00216209185486,1.0
2025-06-09,AIRA,740.0,-0.021222147147147145,47.58588442825515,50.18121146360985,1.0
2025-06-10,AIRA,738.93,-0.015726826708245382,48.47239788996331,47.0215938643775,1.0
2025-06-11,AIRA,738.93,-0.021121367543674743,47.60213037147276,48.00812372016354,1.0
2025-06-12,AIRA,750.0,-0.029526984126984127,46.249196308026306,47.607054255557244,1.0
2025-06-13,AIRA,748.92,-0.02950556706419137,46.25263735325689,48.534435780266215,1.0
2025-06-16,AIRA,773.0,-0.04702792459804099,43.45221045554517,47.845667795711854,1.0
2025-06-17,AIRA,768.0,-0.043358506944444514,44.03581444538365,49.28017683605311,1.0
2025-06-18,AIRA,748.37,-0.023030104241366058,47.294526956698526,47.71419691238255,1.0
2025-06-19,AIRA,752.17,-0.038709385658974776,44.77758984203727,47.938754924982184,1.0
2025-06-20,AIRA,713.59,0.015678746499090068,53.54040038069812,49.733370672521175,0.0
2025-06-23,AIRA,715.88,0.013627259046696639,53.21043942298578,48.232394204751266,0.0
2025-06-24,AIRA,746.91,-0.017016068440068324,48.26430843742958,48.0358836121674,0.0
2025-06-25,AIRA,738.98,-0.003764978367866172,50.4046709763984,48.54824619440854,0.0
2025-06-26,AIRA,735.95,0.0005623994254267441,51.103704464193555,48.02765824655897,0.0
2025-06-27,AIRA,735.0,0.015485034013605445,53.50925648406473,47.43813720953343,0.0
2025-06-30,AIRA,732.2,0.03687978694345798,56.927095265674055,50.50609771365569,0.0
2025-07-01,AIRA,729.2,0.034682012033191344,56.57846451885925,48.01492043536125,0.0
2025-07-02,AIRA,728.0,0.024056227106227106,54.884315944297455,48.22752591880784,0.0
2025-07-03,AIRA,725.1,0.023358084434987627,54.77256427041923,48.66853291659253,0.0
2025-07-04,AIRA,728.0,0.00923598901098906,52.50324026416615,48.115505203619165,0.0
2025-07-08,AIRA,723.51,0.01808857425210829,53.92759914226297,49.50833935291132,0.0
2025-07-09,AIRA,718.2,0.018764250905040337,54.03608040585476,46.58619824293031,0.0
2025-07-10,AIRA,715.05,0.016427176421229303,53.66070216503323,48.080324885806654,0.0
2025-07-11,AIRA,714.61,0.015609473004811348,53.529263332130505,48.892127943617396,0.0
2025-07-14,AIRA,717.99,0.021855575170499138,54.531895815212586,47.50492695648192,0.0
2025-07-15,AIRA,727.0,0.021147257155957336,54.41836489793111,47.602954926046614,0.0
2025-07-16,AIRA,726.79,0.001298735508412075,51.22261486897748,49.681522383337466,0.0
2025-07-17,AIRA,733.13,-0.0022489835222709274,50.64959289665762,48.96904438848882,0.0
2025-07-18,AIRA,745.1,-0.017326632251343732,48.21419075463359,49.05949716693085,0.0
2025-07-21,AIRA,744.1,-0.013563661171586945,48.82165796533327,48.336267511268986,0.0
2025-07-22,AIRA,738.0,-0.007709949670925269,49.767265550622355,49.3670827932519,0.0
2025-07-23,AIRA,741.0,-0.012471569950517318,48.998030532259385,49.475044685093685,0.0
2025-07-24,AIRA,737.01,-0.004387830849358433,50.30403753795323,49.25568810431231,0.0
2025-07-25,AIRA,741.75,-0.003396260051037603,50.464242806677504,50.49763081130583,0.0
2025-07-28,AIRA,740.7,-0.006012554726224299,50.041523548271485,46.879248820978475,0.0
2025-07-29,AIRA,750.97,-0.01324789291563867,48.872651669787764,48.27408420678341,0.0
2025-07-30,AIRA,748.93,-0.0011897056096326353,50.820710492585064,48.978817296798226,0.0
2025-07-31,AIRA,745.0,0.00818181793970386,52.3333092522816,48.89917735123852,0.0
2025-08-01,AIRA,736.99,0.017990342420273614,53.91182469856034,48.72945972519284,0.0
2025-08-04,AIRA,738.0,0.011142044134727063,52.81034408228204,47.379519216873895,0.0
2025-08-05,AIRA,738.9,0.009465387255186385,52.54021142154725,48.56881577831501,0.0
2025-08-06,AIRA,748.04,0.006657076249211757,52.08742829457399,49.71026747236786,0.0
2025-08-07,AIRA,749.89,-0.0038552854206976746,50.39008037116284,48.93027094739417,0.0
2025-08-08,AIRA,750.0,-0.0026944444444444438,50.57762758718795,51.48235136511312,0.0
2025-08-11,AIRA,760.0,0.010242209690893903,52.66538773107112,49.72174307551546,0.0
2025-08-12,AIRA,772.77,0.01653076797938401,53.67735003096731,48.00051824974048,0.0
2025-08-13,AIRA,768.0,0.03203958333333333,56.15843839164022,48.50879913292126,0.0
2025-08-14,AIRA,759.0,0.05237513332078551,59.36378835643836,46.82150833209508,0.0
2025-08-15,AIRA,755.47,0.04930936602905238,58.88493188404933,47.65241560854953,0.0
2025-08-18,AIRA,748.21,0.06751053894129962,61.70028434753271,48.61651336572934,0.0
2025-08-19,AIRA,750.0,0.07774365079365077,63.25061632210325,49.66277342410292,0.0
2025-08-20,AIRA,744.98,0.09666737748792231,66.0447451466731,46.61331318349987,0.0
2025-08-21,AIRA,740.04,0.09572680981208223,65.90828782726474,49.94677921581966,0.0
2025-08-22,AIRA,739.0,0.09485719709173701,65.78188955855883,46.45110203968471,0.0
2025-08-25,AIRA,746.98,0.06234312707635019,60.90804811191855,48.3125240230052,0.0
2025-08-26,AIRA,755.84,0.03827927805330428,57.14873999560371,48.90125554110378,0.0
2025-08-27,AIRA,741.2,0.07401729135079102,62.68904395743537,50.01495657439933,0.0
2025-08-28,AIRA,745.07,0.061622696919283744,60.797127352224166,47.640438199821205,0.0
2025-08-29,AIRA,746.0,0.05887029873611645,60.372336893422855,49.06174182965034,0.0
2025-09-02,AIRA,747.8,0.05356895507244537,59.54978176860217,48.67369438201579,0.0
2025-09-03,AIRA,745.99,0.05500413741768948,59.773015361335716,49.17687690939766,0.0
2025-09-04,AIRA,745.5,0.07136840487368656,62.287748472223925,49.35965632012784,0.0
2025-09-05,AIRA,747.45,0.07131362059573974,62.27943085381536,47.848596031198646,0.0
2025-09-08,AIRA,753.0,0.06441528805413266,61.22645622833288,46.96519403726509,0.0
2025-09-09,AIRA,750.01,0.06613481532944646,61.4899538994787,48.48805783040804,0.0
2025-09-10,AIRA,755.0,0.08812380689582676,64.79570262758654,49.54606670004282,0.0
2025-09-11,AIRA,762.0,0.09634760967379072,65.99838306212997,51.38867255503828,0.0
2025-09-12,AIRA,764.99,0.09697215418522948,66.08890511054949,50.71692385695004,0.0
2025-09-15,AIRA,764.0,0.09294495969417435,65.50315834352145,49.84328099920287,0.0
2025-09-16,AIRA,760.0,0.0925065162907268,65.43909866973637,48.85394121855423,0.0
2025-09-17,AIRA,759.69,0.09564594063744039,65.89654298955999,46.811605435344205,0.0
2025-09-18,AIRA,766.99,0.1146398359532429,68.59917101285149,51.5923711968013,0.0
2025-09-19,AIRA,761.01,0.11836165465568634,69.11498694148197,50.91677925196376,0.0
2025-09-22,AIRA,762.0,0.12605937070366202,70.16675911342767,48.194468764404895,0.0
2025-09-23,AIRA,782.0,0.07624800775382617,63.02564089586436,54.39985911367852,0.0
2025-09-24,AIRA,800.01,0.05777938856121442,60.20353378951522,50.18518927149812,0.0
2025-09-25,AIRA,807.0,0.0484096078952027,58.74407007537174,49.02638629585051,0.0
2025-09-26,AIRA,812.99,0.044197931650304355,58.08284014236222,49.50125457944948,0.0
2025-09-29,AIRA,806.9,0.05893250830633413,60.38195555395354,48.64178157258701,0.0
2025-09-30,AIRA,812.77,0.050523841581532586,59.07483322566021,49.62262621660253,0.0
2025-10-01,AIRA,822.4,0.0278520443456242,55.49102199100705,52.93649517357073,0.0
2025-10-02,AIRA,831.0,0.026946090481920808,55.3463601777642,50.30341964804857,0.0
2025-10-03,AIRA,824.8,0.02385331662894714,54.851841098589645,47.89180556196657,0.0
2025-10-06,AIRA,823.0,0.026346600223726625,55.250584208972555,45.159627831432864,0.0
2025-10-07,AIRA,807.6,0.059516168423783614,60.47216016260458,50.122577954803305,0.0
2025-10-08,AIRA,798.99,0.07109245228648794,62.24584464397416,48.63916097305088,0.0
2025-10-09,AIRA,810.0,0.059978659611992946,60.543587562960134,47.8362985810619,0.0
2025-10-10,AIRA,805.0,0.06276963423050379,60.9736621220484,46.59573337082019,0.0
2025-10-13,AIRA,803.99,0.07668994156525283,63.092176235443695,48.30805873728433,0.0
2025-10-14,AIRA,802.0,0.07690090547440921,63.12392037715446,50.114884578267336,0.0
2025-10-15,AIRA,801.17,0.07926836120725032,63.47937155078229,51.49353976678792,0.0
2025-10-16,AIRA,812.88,0.07448128207291185,62.75915894053035,50.77481048885237,0.0
2025-10-17,AIRA,815.0,0.05929483883532969,60.43796205351053,48.94097054485181,0.0
2025-10-20,AIRA,815.89,0.05203583845141749,59.31087806048778,49.64699428909827,0.0
2025-10-21,AIRA,813.97,0.04847390446315338,58.754140817686086,49.30172226035964,0.0
2025-10-22,AIRA,836.01,0.017747064030334547,53.872754756592165,47.60073685199901,0.0
2025-10-23,AIRA,850.05,0.0007183890443419848,51.12889620810792,50.152224636249834,0.0
2025-10-24,AIRA,853.9,-0.005648142044810246,50.10040406736438,48.77164955951124,0.0
2025-10-28,AIRA,849.76,-0.0013020768515778665,50.80255868841713,47.979410509530155,0.0
2025-10-29,AIRA,845.02,0.010253336729514784,52.66718049017803,46.32867168823289,0.0
2025-10-30,AIRA,847.12,0.013716188594933038,53.22474887284101,47.915569084076864,0.0
2025-10-31,AIRA,869.88,0.002766531836903615,51.459605674481345,52.07542730248691,0.0
2025-11-03,AIRA,865.97,0.001613452352082989,51.27343413188626,50.46014186673357,0.0
2025-11-04,AIRA,873.0,-0.06508086647029943,40.610232715825965,50.449526829255454,0.0
2025-11-05,AIRA,857.0,-0.07636965234946566,38.86329669206769,49.31959364812046,0.0
2025-11-06,AIRA,862.0,-0.08876940301255849,36.977023953954834,47.61241070531722,0.0
2025-11-07,AIRA,862.0,-0.06212207122601554,41.072260761846536,50.27035968676968,0.0
2025-11-10,AIRA,865.01,-0.028462682714191938,46.42023848185579,49.515452837960204,0.0
2025-11-11,AIRA,870.46,0.0066258110471784926,52.08238534608343,51.20314861038838,0.0
2025-11-12,AIRA,870.0,0.030189422550629466,55.86381696300092,48.08391274778951,0.0
2025-11-13,AIRA,861.7,0.02872591485822593,55.63047268366943,49.42171038625166,0.0
2025-11-14,AIRA,870.0,0.02213947728516696,54.57738717313377,47.74989799177174,0.0
2025-11-17,AIRA,861.0,0.017961256291134337,53.90715378607573,49.05585645784197,0.0
2025-11-18,AIRA,861.22,0.03625108693168015,56.82743377501669,49.47137766293605,0.0
2025-11-19,AIRA,871.94,,,47.82415937026775,0.0
2025-11-20,AIRA,871.94,,,48.983601985780396,0.0
2025-11-21,AIRA,875.0,,,48.42717939730748,0.0
2025-11-24,AIRA,871.88,,,47.41921796422845,0.0
2025-11-25,AIRA,881.99,,,47.077267837950956,0.0
2025-11-26,AIRA,880.0,,,48.28811193943835,0.0
2025-11-27,AIRA,881.0,,,49.09451724487788,0.0
2025-11-28,AIRA,890.0,,,46.84511937322848,0.0
2025-12-01,AIRA,879.95,,,51.7983804879913,0.0
2025-12-02,AIRA,874.99,,,48.604667422747276,0.0
2025-12-03,AIRA,870.03,,,49.92842261552625,0.0
2025-12-04,AIRA,867.9,,,48.542024098621944,0.0
2025-12-05,AIRA,868.0,,,47.419016278637066,0.0
2025-12-08,AIRA,866.5,,,47.94052703715175,0.0
2025-12-09,AIRA,865.99,,,47.58270563983503,0.0
2025-12-10,AIRA,870.92,,,48.028299458254104,0.0
2025-12-11,AIRA,876.0,,,47.91636901698508,0.0
2025-12-12,AIRA,890.0,,,47.729900202335564,0.0
2025-12-15,AIRA,885.0,,,47.94293214860796,0.0
2025-12-17,AIRA,833.96,,,48.14048578923339,0.0
2025-12-18,AIRA,809.0,,,41.910934448006785,0.0
2025-12-19,AIRA,803.03,,,46.5494965567569,0.0
2025-12-22,AIRA,826.0,,,49.60264811409052,0.0
2025-12-23,AIRA,858.0,,,49.085481769602694,0.0
2025-12-24,AIRA,893.95,,,48.41153295084365,0.0
2025-12-25,AIRA,913.98,,,50.29518135722774,0.0
2025-12-26,AIRA,904.0,,,47.23188554817422,0.0
2025-12-29,AIRA,906.98,,,46.049954598599854,0.0
2025-12-30,AIRA,894.0,,,49.00836845007684,0.0
2025-12-31,AIRA,909.98,,,49.54165546561177,0.0
2025-01-05,KCEL,3411.59,-0.021550543335772773,47.532949641837504,50.58874017408539,0.0
2025-01-06,KCEL,3380.0,-0.0036938809054193646,50.41615790468802,51.33336091644428,0.0
2025-01-08,KCEL,3432.6,-0.01983999425674836,47.80873427322361,49.790350328891314,0.0
2025-01-09,KCEL,3399.99,-0.00881678080565782,49.58843490333594,50.21211688242083,0.0
2025-01-10,KCEL,3412.0,-0.011280853290906046,49.190359371731496,50.00435430619005,0.0
2025-01-13,KCEL,3418.01,-0.022421169006815178,47.39263903022097,50.18929110862341,0.0
2025-01-14,KCEL,3420.0,-0.01471892230576447,48.635115488805084,48.88018411609075,0.0
2025-01-15,KCEL,3434.5,-0.025678813313552724,46.868017927313254,47.97598245391195,0.0
2025-01-16,KCEL,3439.01,-0.02437738699763315,47.07752713630427,46.67366484221087,0.0
2025-01-17,KCEL,3474.0,-0.034658701373468215,45.42579558657598,55.38512998489933,0.0
2025-01-20,KCEL,3424.0,-0.020292393561786085,47.7357821501741,50.17417638272281,0.0
2025-01-21,KCEL,3409.99,-0.015892293393123973,48.44568770279162,47.067894989692974,0.0
2025-01-22,KCEL,3429.81,-0.021675271631039935,47.51284590432541,49.601090451004694,0.0
2025-01-23,KCEL,3439.97,-0.024333041136940434,47.0846679805261,48.41819612864624,0.0
2025-01-24,KCEL,3407.55,-0.016304393849512096,48.37916895761152,52.43165767396725,0.0
2025-01-27,KCEL,3424.99,-0.027847692315125155,46.51911126756885,50.078567116905674,0.0
2025-01-28,KCEL,3425.0,-0.02382832811956896,47.16594832318406,50.90453291835752,0.0
2025-01-29,KCEL,3440.0,-0.029344970468807675,46.2784412866521,46.902045681466596,0.0
2025-01-30,KCEL,3429.0,-0.027214691913510836,46.620908113092064,49.4372957942485,0.0
2025-01-31,KCEL,3442.99,-0.03377912252187404,45.566761975517686,49.217659800160156,0.0
2025-02-03,KCEL,3367.99,-0.013988352403630812,48.75307807649987,50.796370622048435,0.0
2025-02-04,KCEL,3396.13,-0.017056904580559258,48.257718244811024,47.77134308779452,0.0
2025-02-05,KCEL,3424.99,-0.023934086520563058,47.148915446654605,52.022563416157396,0.0
2025-02-06,KCEL,3426.34,-0.027429515999348134,46.586357679487904,52.51958637213987,0.0
2025-02-07,KCEL,3450.56,-0.034130305639829876,45.510470692305844,48.19810671981505,0.0
2025-02-10,KCEL,3460.93,-0.035692792997101985,45.26015999040445,52.02002852205707,0.0
2025-02-11,KCEL,3473.99,-0.0434964788623958,44.013839750111714,51.2997562660959,0.0
2025-02-12,KCEL,3450.5,-0.03289111561931443,45.709151180540914,51.0129443116329,0.0
2025-02-13,KCEL,3403.04,-0.03536605304165014,45.312484387076125,50.86179385031099,0.0
2025-02-14,KCEL,3429.68,-0.031094232411150037,45.99748812246457,49.75476157817987,0.0
2025-02-17,KCEL,3398.0,-0.02604838513784953,46.8085424647347,47.16776028450516,0.0
2025-02-18,KCEL,3427.0,-0.04935766335033187,43.08260563190982,48.85722754953112,0.0
2025-02-19,KCEL,3424.99,-0.05179361182122776,42.69697416911609,50.84588044029342,0.0
2025-02-20,KCEL,3429.95,-0.038119526731959855,44.871876282472456,50.943013819174745,0.0
2025-02-21,KCEL,3433.5,-0.028384847822921153,46.432750556970035,54.02514173826073,0.0
2025-02-24,KCEL,3401.5,-0.03292349477004776,45.70395803606404,52.5893238653832,0.0
2025-02-25,KCEL,3429.97,-0.032622660130397704,45.75221111512216,53.088075691791055,0.0
2025-02-26,KCEL,3407.0,-0.026588352644648504,46.72166144861163,52.57391258518881,0.0
2025-02-27,KCEL,3416.0,-0.030105503512880626,46.1562601477692,50.51171707306835,0.0
2025-02-28,KCEL,3415.0,-0.030491984475586244,46.09418881366734,47.50311792536143,0.0
2025-03-03,KCEL,3415.0,-0.03896569232378164,44.73663197173386,51.006892777440214,0.0
2025-03-04,KCEL,3416.0,-0.037844769711163156,44.915807651832345,48.348678762769175,0.0
2025-03-05,KCEL,3416.0,-0.041707136351808484,44.29900618001597,49.79696239652118,0.0
2025-03-06,KCEL,3416.9,-0.04875008164366937,43.178923786546214,52.090621491496016,0.0
2025-03-07,KCEL,3412.0,-0.04595730847243157,43.62230697621398,49.58076581134347,0.0
2025-03-11,KCEL,3390.01,-0.02877129792027119,46.37063257692994,48.622559669034835,0.0
2025-03-12,KCEL,3403.88,-0.04701937042993512,43.45356891263494,47.73667091352863,0.0
2025-03-13,KCEL,3400.0,-0.0451384687208217,43.75250353548717,49.17808158765949,0.0
2025-03-14,KCEL,3396.6,-0.03801822536822534,44.888072603030274,47.24614030221267,0.0
2025-03-17,KCEL,3388.0,-0.03818496326905418,44.86141469986255,50.51657374924746,0.0
2025-03-18,KCEL,3381.0,-0.03467781967859608,45.422732382342176,47.38359861895485,0.0
2025-03-19,KCEL,3399.0,-0.03754338846159233,44.964005135771785,49.89447260696557,0.0
2025-03-20,KCEL,3404.5,-0.030347863530294814,46.117334160758475,48.161490081561325,0.0
2025-03-26,KCEL,3394.0,-0.033408502165352426,45.626181146065264,48.49688368539962,0.0
2025-03-27,KCEL,3395.0,-0.04161365570283099,44.313914635618815,48.27970576456623,0.0
2025-03-28,KCEL,3400.0,-0.04394659197012145,43.942166889884476,47.13948587677927,0.0
2025-03-31,KCEL,3386.0,-0.037758691484075395,44.929572481781,50.2798040279031,0.0
2025-04-01,KCEL,3400.0,-0.04108048552754435,44.39896504160631,48.43444786794876,0.0
2025-04-02,KCEL,3345.0,-0.02780538116591931,46.525914699467435,51.4206487056969,0.0
2025-04-03,KCEL,3385.97,-0.03007582573580583,46.16102708532816,47.4716823541187,0.0
2025-04-04,KCEL,3372.0,-0.04554475653843981,43.68789238407438,48.389626925250404,0.0
2025-04-07,KCEL,3321.04,-0.023369014544688482,47.239930491090675,50.31453442711792,0.0
2025-04-08,KCEL,3311.01,-0.014579068266610127,48.65769609903145,50.11943999282829,0.0
2025-04-09,KCEL,3362.95,-0.028578500811952415,46.40162138413679,50.88498860996718,0.0
2025-04-10,KCEL,3400.01,-0.03969569009437564,44.62001746125678,48.641931392263245,0.0
2025-04-11,KCEL,3353.0,-0.031875751400072906,45.8720475688929,50.09476643867902,0.0
2025-04-14,KCEL,3382.1,-0.03447153863970112,45.455785304306964,48.33032932643086,0.0
2025-04-15,KCEL,3380.0,-0.03826548088663473,44.848542672870316,48.482620183454095,0.0
2025-04-16,KCEL,3376.99,-0.034652805664920745,45.42674022538345,51.89760411989168,0.0
2025-04-17,KCEL,3374.79,-0.048283136160570964,43.25298240268718,48.74465302099548,0.0
2025-04-18,KCEL,3346.0,-0.042895707976356515,44.109541150664384,53.154868056170876,0.0
2025-04-21,KCEL,3351.0,-0.03703455649344187,45.045399962601564,49.00582772338342,0.0
2025-04-22,KCEL,3338.0,-0.04170661145824421,44.29908988808498,48.68198686910585,0.0
2025-04-23,KCEL,3315.03,-0.039701107089744135,44.61915233546208,50.154329158991104,0.0
2025-04-24,KCEL,3320.0,-0.033625879709313376,45.59132888640291,51.43463524977131,0.0
2025-04-25,KCEL,3356.9,-0.029552009518892003,46.24517556359686,47.148554872064494,0.0
2025-04-28,KCEL,3308.55,-0.014182924669920915,48.72165975636386,50.134102803441024,0.0
2025-04-29,KCEL,3311.14,-0.024920597991426825,46.99006574467919,51.73548352156197,1.0
2025-04-30,KCEL,3332.0,-0.015450106709350436,48.51706890270129,53.182827481923944,1.0
2025-05-02,KCEL,3323.0,-0.012836640132028336,48.93906876004164,47.954250486587924,1.0
2025-05-05,KCEL,3328.0,-0.0202267399267399,47.746368603951225,53.25499370527851,1.0
2025-05-06,KCEL,3335.94,-0.023941501281711977,47.147721290151814,52.621940210505194,1.0
2025-05-08,KCEL,3365.8,-0.03302060726146387,45.68838316642088,50.09900177596219,1.0
2025-05-12,KCEL,3345.01,-0.023273798863533514,47.25526851869551,50.78553082219922,1.0
2025-05-13,KCEL,3318.1,-0.013725164513732492,48.795577584197446,51.11017188631347,1.0
2025-05-14,KCEL,3314.99,-0.013083056602148216,48.89927217569578,52.226787717150444,1.0
2025-05-15,KCEL,3322.17,-0.018521070565323317,48.021470919566966,49.98052392937443,1.0
2025-05-16,KCEL,3324.5,-0.015625990959375745,48.48867556364381,51.659675806446984,1.0
2025-05-19,KCEL,3315.1,-0.00854515860088012,49.632320089330754,49.11296767990486,1.0
2025-05-20,KCEL,3348.0,-0.017958107185526595,48.11229676309991,51.10233848182769,1.0
2025-05-21,KCEL,3282.0,0.00798697077856133,52.30189410853997,50.278390647148285,1.0
2025-05-22,KCEL,3305.99,0.0066569847446701184,52.087413535329816,49.026021754134185,1.0
2025-05-23,KCEL,3325.0,0.009838137009189642,52.60027998679945,48.8691480426352,1.0
2025-05-26,KCEL,3330.0,0.023928850278850278,54.86393038021093,46.69953333503933,1.0
2025-05-27,KCEL,3328.87,0.022485820232338753,54.63287345042557,46.89261342684834,1.0
2025-05-28,KCEL,3309.0,0.03326613276921528,56.353517569642776,47.120395560315316,1.0
2025-05-29,KCEL,3328.9,0.02637647489017533,55.255357984238415,52.383308808626424,1.0
2025-05-30,KCEL,3313.98,0.030171435856583318,55.86095068209875,47.55062085173634,1.0
2025-06-02,KCEL,3323.21,0.028761238911144568,55.636107782781565,49.104867220260104,1.0
2025-06-03,KCEL,3275.0,0.0440332030776687,58.05691715628332,51.27111150325653,1.0
2025-06-04,KCEL,3265.0,0.046723170227764385,58.47966512777116,50.28157193225922,1.0
2025-06-05,KCEL,3289.4,0.0245549039434991,54.96410904208284,47.97449926355975,1.0
2025-06-09,KCEL,3260.89,0.045883218632200344,58.347791501797516,53.11884981878971,1.0
2025-06-10,KCEL,3245.02,0.04710162120702065,58.53904293273364,50.005194269995606,1.0
2025-06-11,KCEL,3270.01,0.03651962925650966,56.870009901666876,47.94054122150792,1.0
2025-06-12,KCEL,3319.99,0.02062674826377616,54.334907132173306,48.90483209541489,1.0
2025-06-13,KCEL,3323.0,0.013970990427468005,53.265745506743244,48.14430139484578,0.0
2025-06-16,KCEL,3290.05,0.024008776028154093,54.87672199920133,46.86958641453708,0.0
2025-06-17,KCEL,3342.35,0.007400087347059634,52.20726018109792,48.79226124276812,0.0
2025-06-18,KCEL,3342.0,0.0001743922943204801,51.04104034993844,49.10313951228979,0.0
2025-06-19,KCEL,3322.4,0.012022426893544162,52.95212108414593,52.5930857231468,0.0
2025-06-20,KCEL,3317.9,0.00018808669855715013,51.043252087054825,47.03393245849385,0.0
2025-06-23,KCEL,3317.0,0.0016700067234209533,51.28256603779205,48.44425428472543,0.0
2025-06-24,KCEL,3329.1,-0.003870351811085736,50.38764613886709,47.435104142256485,0.0
2025-06-25,KCEL,3334.0,-0.016728931356585826,48.31064870749388,47.56424092242456,0.0
2025-06-26,KCEL,3332.98,0.005176941355783643,51.84864376901388,48.600839781239436,0.0
2025-06-27,KCEL,3322.1,0.001928368458849191,51.32428293592317,47.28905939704044,0.0
2025-06-30,KCEL,3333.99,-0.0017288809675921751,50.733613318603666,48.849204241619276,0.0
2025-07-01,KCEL,3348.0,-0.012239648404164477,49.03548918686604,48.419666615160146,0.0
2025-07-02,KCEL,3349.7,-0.01127479482881908,49.19133802244105,46.89269758012062,0.0
2025-07-03,KCEL,3368.8,-0.015527693437067721,48.50454380616053,46.85253492454049,0.0
2025-07-04,KCEL,3389.0,-0.02177374594275604,47.49697435952587,48.579796997122116,0.0
2025-07-08,KCEL,3419.0,-0.033151687117276535,45.6673619592898,49.38830007010344,0.0
2025-07-09,KCEL,3471.0,-0.044740641162832176,43.81578981475429,51.40828982787605,0.0
2025-07-10,KCEL,3465.0,-0.04031075036075036,44.52180969226419,54.89120204825651,0.0
2025-07-11,KCEL,3480.0,-0.05427965243568693,42.3043262514889,49.277794488589514,0.0
2025-07-14,KCEL,3478.0,-0.054288714322224985,42.302896752807065,47.97992936923515,0.0
2025-07-15,KCEL,3475.0,-0.05479024494689968,42.2238012270565,48.46887751937995,0.0
2025-07-16,KCEL,3480.0,-0.05789599069512863,41.734902010485186,60.69879812250321,0.0
2025-07-17,KCEL,3479.6,-0.0592296501422349,41.52545222704397,50.761385274651275,0.0
2025-07-18,KCEL,3477.85,-0.04178164487569973,44.28712416709677,48.78452477875022,0.0
2025-07-21,KCEL,3431.0,-0.028154298228569578,46.469814377959246,49.982243523621776,0.0
2025-07-22,KCEL,3470.9,-0.04559000991005949,43.68069715107843,47.27131512419829,0.0
2025-07-23,KCEL,3457.99,-0.03849534077439329,44.81179970204624,48.68092776174854,0.0
2025-07-24,KCEL,3450.0,-0.03597346445824704,45.21522139745866,48.61471432084452,0.0
2025-07-25,KCEL,3449.98,-0.034528405181920976,45.44667303625759,49.05617457113864,0.0
2025-07-28,KCEL,3431.0,-0.031405995521690655,45.94744127833484,46.78909997953773,0.0
2025-07-29,KCEL,3430.0,-0.025934985422740562,46.82679100693504,48.27322574792816,0.0
2025-07-30,KCEL,3429.01,-0.025934920195162137,46.82680150375126,48.34124807999414,0.0
2025-07-31,KCEL,3404.5,-0.024087318546648175,47.124237903402175,49.889801999164916,0.0
2025-08-01,KCEL,3423.9,-0.03439809170550427,45.46755485694349,47.332263023053734,0.0
2025-08-04,KCEL,3380.0,-0.030171212548135654,46.14570600682807,53.25543548615221,0.0
2025-08-05,KCEL,3384.0,-0.033150937183383994,45.66748222140945,47.73643601231328,0.0
2025-08-06,KCEL,3377.9,-0.026935363205842673,46.66583775143799,47.60811280767666,0.0
2025-08-07,KCEL,3340.0,-0.01628891740328866,48.381666968960914,50.15203004124513,0.0
2025-08-08,KCEL,3411.99,-0.049465343538521445,43.06554084310789,47.25550462241597,0.0
2025-08-11,KCEL,3390.06,-0.03746293882844612,44.97687240254347,46.94233352650441,0.0
2025-08-12,KCEL,3390.0,-0.037604003371260006,44.95431071728239,48.1642182181443,0.0
2025-08-13,KCEL,3369.05,-0.03152271770479326,45.92870614632919,47.042212211038766,0.0
2025-08-14,KCEL,3373.99,-0.03920257327330913,44.698784684617685,48.15125469491746,0.0
2025-08-15,KCEL,3378.9,-0.040662159775863946,44.465718672664764,48.71956798411014,0.0
2025-08-18,KCEL,3377.99,-0.04186309098671755,44.27413655218354,49.21736070825877,0.0
2025-08-19,KCEL,3368.99,-0.03629938129212757,45.16304831454036,48.97395087792933,0.0
2025-08-20,KCEL,3380.0,-0.04217159058889828,44.22494949305232,50.81006544548308,0.0
2025-08-21,KCEL,3389.5,-0.04230658083905247,44.20343025569479,48.90426781365672,0.0
2025-08-22,KCEL,3355.56,-0.029392356949574455,46.270827233650145,50.24022803715729,0.0
2025-08-25,KCEL,3353.6,-0.0287399453229128,46.37567177555702,47.70835354747271,0.0
2025-08-26,KCEL,3348.97,-0.02029654817821031,47.73511223744111,47.80531877125963,0.0
2025-08-27,KCEL,3343.0,-0.02373785391412516,47.18052013367731,47.29241000718862,0.0
2025-08-28,KCEL,3338.0,-0.03169166785547846,45.901589918682056,46.78565259305674,0.0
2025-08-29,KCEL,3397.0,-0.03804297279111824,44.8841158216957,48.263583341148475,0.0
2025-09-02,KCEL,3398.0,-0.048624855423825344,43.198781971756894,46.67631945144876,0.0
2025-09-03,KCEL,3377.0,-0.01807632008780217,48.09322379875499,47.11769127999059,0.0
2025-09-04,KCEL,3389.0,-0.018718816596177176,47.989570584631394,47.633075850217594,0.0
2025-09-05,KCEL,3389.9,-0.011832965621030167,49.101176876007784,47.917090783380374,0.0
2025-09-08,KCEL,3394.9,-0.01819083384647469,48.074748199558556,52.41064028870696,0.0
2025-09-09,KCEL,3387.0,-0.015308795183263803,48.53988179359477,49.765615197250526,0.0
2025-09-10,KCEL,3404.89,-0.030857403163200264,46.03551135191216,46.79925028007869,0.0
2025-09-11,KCEL,3404.0,-0.030328718314587846,46.120408945260074,47.0724368899965,0.0
2025-09-12,KCEL,3385.99,-0.020429972352931158,47.7135986393522,47.85344272623309,0.0
2025-09-15,KCEL,3370.01,-0.02111940020619791,47.6024475166281,48.75938547346508,0.0
2025-09-16,KCEL,3341.12,-0.013711105030078278,48.79784795527419,50.027032282866685,0.0
2025-09-17,KCEL,3335.0,-0.016411990433354777,48.361802308452376,51.62111863070318,0.0
2025-09-18,KCEL,3350.0,-0.018421369343757443,48.037555306417936,50.19709567696573,0.0
2025-09-19,KCEL,3348.0,-0.010599743983614953,49.300385739394834,47.85911418105865,0.0
2025-09-22,KCEL,3307.0,4.233216217636518e-05,51.019711554782646,50.54511424409304,0.0
2025-09-23,KCEL,3326.47,-0.01760669303930114,48.16899861917184,47.661496687519325,0.0
2025-09-24,KCEL,3325.98,-0.009508644970805575,49.47665550492238,49.70581973418852,0.0
2025-09-25,KCEL,3325.99,-0.009518520783428686,49.475059977814176,49.29138046361244,0.0
2025-09-26,KCEL,3305.01,-0.006211736921478982,50.009340330756714,47.87331787460704,0.0
2025-09-29,KCEL,3304.92,-0.013486958145518178,48.834044585688716,49.821903077146004,0.0
2025-09-30,KCEL,3300.0,-0.01079877344877345,49.26823378000058,48.29803535542179,0.0
2025-10-01,KCEL,3310.0,-0.017765736344890475,48.143335853191026,48.125621685636425,0.0
2025-10-02,KCEL,3301.0,-0.013323699768708923,48.860409333709526,48.91415857777062,0.0
2025-10-03,KCEL,3309.85,-0.016368271178787933,48.368858776408544,48.16524230659073,0.0
2025-10-06,KCEL,3320.05,-0.024918482503968786,46.99040631987617,50.27701361322153,0.0
2025-10-07,KCEL,3320.3,-0.022952935848214194,47.30695924218765,48.72457049959402,0.0
2025-10-08,KCEL,3343.99,-0.010036842061168408,49.391322052831086,48.60393689859076,0.0
2025-10-09,KCEL,3326.51,-0.018215051061904696,48.070841072004576,49.75402940112836,0.0
2025-10-10,KCEL,3295.01,-0.018790630141402444,47.97798604779703,51.23180185110598,0.0
2025-10-13,KCEL,3331.85,-0.0211815711205772,47.592425331656095,46.72970418993494,0.0
2025-10-14,KCEL,3297.03,-0.012479166303786022,48.996803631104655,51.55476862868263,0.0
2025-10-15,KCEL,3380.0,-0.039234359443974826,44.69370656490184,47.534133730445646,0.0
2025-10-16,KCEL,3390.0,-0.036615458631830314,45.112460500159436,46.97961643634508,0.0
2025-10-17,KCEL,3414.4,-0.05097479507891882,42.826503254129904,48.98081210397242,0.0
2025-10-20,KCEL,3398.0,-0.02864348099255404,46.39117663009335,49.107143811751186,0.0
2025-10-21,KCEL,3399.99,-0.01686604936793225,48.28851923858837,49.90792955481067,0.0
2025-10-22,KCEL,3365.11,-0.009435918158858312,49.48840521367972,49.96778161447154,0.0
2025-10-23,KCEL,3366.13,-0.008850630596749095,49.58296593704027,46.82764660833368,0.0
2025-10-24,KCEL,3382.0,-0.015377356781466775,48.52881334699599,47.525551522074345,0.0
2025-10-28,KCEL,3363.9,-0.01829094191973888,48.05859723842856,48.43747992985495,0.0
2025-10-29,KCEL,3360.0,-0.014444444444444444,48.67943276445751,46.590547850541306,0.0
2025-10-30,KCEL,3345.1,-0.003963728241687767,50.37255954360346,51.027432844846146,0.0
2025-10-31,KCEL,3353.64,-0.0020665577445061444,50.67906347055781,49.62681348975529,0.0
2025-11-03,KCEL,3378.0,-0.011480910090501565,49.158043647512365,47.26050753652844,0.0
2025-11-04,KCEL,3371.99,-0.01463491918624462,48.648678432344376,47.04430512222071,0.0
2025-11-05,KCEL,3333.3,-0.010550219359336506,49.30838622218365,49.86979771074127,0.0
2025-11-06,KCEL,3359.9,-0.016766361338229636,48.30460781853642,47.96385995092016,0.0
2025-11-07,KCEL,3360.0,-0.010537301587301588,49.31047303664461,48.245931996234575,0.0
2025-11-10,KCEL,3349.88,-0.015009284805463752,48.588235812172684,48.81354438600198,0.0
2025-11-11,KCEL,3325.91,-0.012362109509544314,49.01570982508983,50.53772712384179,0.0
2025-11-12,KCEL,3330.0,-0.01135329257829258,49.178657975156106,47.98594245364962,0.0
2025-11-13,KCEL,3317.18,-0.004439931587042187,50.295619568845076,49.94311582250129,0.0
2025-11-14,KCEL,3322.99,-0.0017053650537139885,50.73741212312508,48.63043778450847,0.0
2025-11-17,KCEL,3321.99,0.00010639864960467274,51.03005886514178,49.906712558524745,0.0
2025-11-18,KCEL,3304.03,0.0035348448580518332,51.583632218902665,48.64655297494055,0.0
2025-11-19,KCEL,3311.0,,,47.170528451387526,0.0
2025-11-20,KCEL,3378.01,,,48.731983808219994,0.0
2025-11-21,KCEL,3333.34,,,50.1601708085602,0.0
2025-11-24,KCEL,3300.02,,,50.325103207091146,0.0
2025-11-25,KCEL,3329.0,,,47.42758885548066,0.0
2025-11-26,KCEL,3323.0,,,48.00418819216537,0.0
2025-11-27,KCEL,3316.25,,,48.72229380610218,0.0
2025-11-28,KCEL,3335.0,,,47.79026948102569,0.0
2025-12-01,KCEL,3310.0,,,49.77670924732015,0.0
2025-12-02,KCEL,3369.99,,,47.50687290359823,0.0
2025-12-03,KCEL,3412.0,,,46.880783381578055,0.0
2025-12-04,KCEL,3402.0,,,47.625784121920724,0.0
2025-12-05,KCEL,3405.0,,,47.15522740590556,0.0
2025-12-08,KCEL,3399.0,,,48.17550405914356,0.0
2025-12-09,KCEL,3371.0,,,47.96212010643326,0.0
2025-12-10,KCEL,3380.0,,,46.74058423589486,0.0
2025-12-11,KCEL,3400.0,,,46.9453673926955,0.0
2025-12-12,KCEL,3415.0,,,48.01305100784547,0.0
2025-12-15,KCEL,3408.0,,,46.824882127902455,0.0
2025-12-17,KCEL,3391.3,,,49.92567318909972,0.0
2025-12-18,KCEL,3366.0,,,50.09444905834407,0.0
2025-12-19,KCEL,3371.97,,,46.94906912642329,0.0
2025-12-22,KCEL,3393.0,,,46.7855006924776,0.0
2025-12-23,KCEL,3367.8,,,48.54824695779686,0.0
2025-12-24,KCEL,3352.51,,,48.130481951966516,0.0
2025-12-25,KCEL,3360.0,,,49.1112555002397,0.0
2025-12-26,KCEL,3370.0,,,48.715960475091144,0.0
2025-12-29,KCEL,3385.0,,,48.800979112187676,0.0
2025-12-30,KCEL,3390.0,,,47.921128980285914,0.0
2025-12-31,KCEL,3383.0,,,47.57568291950782,0.0
2025-01-05,KEGC,1522.0,-0.0418771817575037,44.271889679539974,47.435870185004575,0.0
2025-01-06,KEGC,1520.8,-0.04113944832711268,44.389557771634514,49.69570375367305,0.0
2025-01-08,KEGC,1515.02,-0.03809799310103926,44.87531904343393,49.91112461995505,0.0
2025-01-09,KEGC,1512.0,-0.03352142857142855,45.60807505730633,47.58476026752145,0.0
2025-01-10,KEGC,1514.0,-0.03475519437629741,45.410335481583076,47.04115832324688,0.0
2025-01-13,KEGC,1516.0,-0.03507108409766721,45.35972984978326,47.985118970711895,0.0
2025-01-14,KEGC,1512.0,-0.03582195767195767,45.23947833874386,46.935589634975784,0.0
2025-01-15,KEGC,1519.48,-0.037073199551141356,45.03921752601433,48.41277638353256,0.0
2025-01-16,KEGC,1515.15,-0.034945525195525254,45.37984328271288,46.70832126080253,0.0
2025-01-17,KEGC,1511.0,-0.03223529093525784,45.81435583522214,48.457878462768235,0.0
2025-01-20,KEGC,1514.0,-0.03483694040804344,45.397238828039555,47.16658625730993,0.0
2025-01-21,KEGC,1512.0,-0.0348505291005291,45.39506182506236,48.572575748936394,0.0
2025-01-22,KEGC,1511.0,-0.03485595710819073,45.39419222543176,48.06849208098342,0.0
2025-01-23,KEGC,1512.99,-0.033489216929013785,45.61323960241282,49.65973015586865,0.0
2025-01-24,KEGC,1513.95,-0.03409038615479221,45.51686882741105,48.25576740718219,0.0
2025-01-27,KEGC,1506.0,-0.03689083191045342,45.068395553702835,52.456610064162554,0.0
2025-01-28,KEGC,1507.97,-0.03488373278235611,45.38974243856615,47.36818129621011,0.0
2025-01-29,KEGC,1507.99,-0.03727952743413207,45.00621007878728,48.33164833188385,0.0
2025-01-30,KEGC,1507.0,-0.042782462266038934,44.127585853930675,50.80575534294745,0.0
2025-01-31,KEGC,1510.79,-0.038187605740694665,44.86099224763682,48.857507373637176,0.0
2025-02-03,KEGC,1508.0,-0.040994426550461094,44.41269611489681,48.138675472544634,0.0
2025-02-04,KEGC,1502.0,-0.03187668452645151,45.871897824990135,52.97112226421154,0.0
2025-02-05,KEGC,1492.0,-0.02465400017022001,47.03298788750217,51.933344659219266,0.0
2025-02-06,KEGC,1486.0,-0.02202855807643829,47.4559075044327,47.839581234778066,0.0
2025-02-07,KEGC,1487.0,-0.021088423479681016,47.60744115344784,48.378801364649476,0.0
2025-02-10,KEGC,1486.98,-0.025061564907204133,46.967371922829116,49.00354730612816,0.0
2025-02-11,KEGC,1487.94,-0.02519138662145238,46.94647344102828,47.99174451182984,0.0
2025-02-12,KEGC,1490.0,-0.022953542132736763,47.30686156485417,48.679073444870376,0.0
2025-02-13,KEGC,1493.0,-0.025678430293751792,46.86807957161382,47.6386892488487,0.0
2025-02-14,KEGC,1487.0,-0.021712077956042315,47.506913605497495,48.25206040974673,0.0
2025-02-17,KEGC,1485.0,-0.021763828763828763,47.49857273271783,49.14478204177698,0.0
2025-02-18,KEGC,1485.0,-0.028539502164502163,46.407890082235916,46.66947605561152,0.0
2025-02-19,KEGC,1484.0,-0.029949992512728382,46.18123959079499,48.06320175898118,0.0
2025-02-20,KEGC,1487.97,-0.03276610770762477,45.72920150410494,49.87314158673824,0.0
2025-02-21,KEGC,1488.0,-0.030727726574500767,46.05633304710975,47.976782857127404,0.0
2025-02-24,KEGC,1489.5,-0.031085354625233777,45.99891337823139,47.99309390464525,0.0
2025-02-25,KEGC,1484.5,-0.025746094698123993,46.85718961762627,51.153873474992245,0.0
2025-02-26,KEGC,1490.0,-0.03432121018429739,45.47987532976791,48.21119150221259,0.0
2025-02-27,KEGC,1489.0,-0.03413232274776935,45.510147402259996,48.12173820194459,0.0
2025-02-28,KEGC,1489.0,-0.03449986461564702,45.4512463251244,47.50191365459135,0.0
2025-03-03,KEGC,1488.0,-0.03193947772657443,45.86182122757371,48.166448439751534,0.0
2025-03-04,KEGC,1486.0,-0.028910879318079858,46.348199024350485,47.976332974653054,0.0
2025-03-05,KEGC,1485.0,-0.03166802549302549,45.905384334175196,50.286588581692726,0.0
2025-03-06,KEGC,1488.99,-0.03370490799292202,45.57865930706531,47.3635808892101,0.0
2025-03-07,KEGC,1489.0,-0.031082300894389542,45.99940363120291,48.340541638142284,0.0
2025-03-11,KEGC,1477.0,-0.021712557361017078,47.50683633735141,52.87268450853034,0.0
2025-03-12,KEGC,1482.0,-0.025760733564680935,46.854833668112214,47.581420144562315,0.0
2025-03-13,KEGC,1478.49,-0.021803328814566026,47.4922064545285,48.94783258092942,0.0
2025-03-14,KEGC,1469.3,-0.01103623078260998,49.229874834010765,52.61914651080013,0.0
2025-03-17,KEGC,1480.0,-0.016972576147576145,48.27132734991017,49.64498297525415,0.0
2025-03-18,KEGC,1473.1,-0.009226680345842255,49.52220988474317,50.128200745808336,0.0
2025-03-19,KEGC,1481.01,-0.01558778998469837,48.4948423395224,49.33887892216305,0.0
2025-03-20,KEGC,1482.0,-0.01418973234367977,48.720560513665326,49.57169401150135,0.0
2025-03-26,KEGC,1480.0,-0.011535017160017164,49.149303703740664,48.25273048100158,0.0
2025-03-27,KEGC,1482.45,-0.01191355678903485,49.088159480089125,48.88776917774567,0.0
2025-03-28,KEGC,1476.61,-0.006570715489135579,49.95133772858079,50.02025342407988,0.0
2025-03-31,KEGC,1477.49,-0.009763653767914209,49.435456871588904,48.687074923417256,1.0
2025-04-01,KEGC,1483.0,-0.014134212075479793,48.72952546950681,51.425051183893956,1.0
2025-04-02,KEGC,1482.0,-0.012793792172739541,48.94598890055224,47.18283954358147,1.0
2025-04-03,KEGC,1482.0,-0.012114266435319064,49.055740626076,46.963214753927,1.0
2025-04-04,KEGC,1480.0,-0.012104365079365072,49.05733988613258,46.93936684914447,1.0
2025-04-07,KEGC,1470.0,-0.0052386621315192675,50.16656605094737,52.212041188944134,1.0
2025-04-08,KEGC,1467.03,-0.0004543654201896903,50.939487558568494,52.296457600623924,1.0
2025-04-09,KEGC,1466.87,-0.042552259932903166,44.16427133826067,51.65182582060084,1.0
2025-04-10,KEGC,1470.0,-0.04938446712018141,43.078357708173364,47.75244376921578,1.0
2025-04-11,KEGC,1471.0,-0.04798498969494891,43.30028491011011,49.11031894718852,1.0
2025-04-14,KEGC,1473.99,-0.04688975450986778,43.47415395926587,47.22287604851235,1.0
2025-04-15,KEGC,1466.67,-0.03991697927147579,44.58467894595529,52.44641648237322,1.0
2025-04-16,KEGC,1466.0,-0.03646953647761969,45.135813924000054,48.65291645625604,1.0
2025-04-17,KEGC,1465.5,-0.03475619526896394,45.4101751232332,48.696282520175856,1.0
2025-04-18,KEGC,1468.39,-0.037340781040610685,44.996411835230944,49.68306817688907,1.0
2025-04-21,KEGC,1471.0,-0.03225497528945863,45.81119760527127,48.98570770993442,1.0
2025-04-22,KEGC,1466.0,-0.030215775027609942,46.13854860797297,47.82596895075261,1.0
2025-04-23,KEGC,1467.0,-0.03289707128250073,45.70819597185173,48.702222504623535,1.0
2025-04-24,KEGC,1471.0,-0.04033615589222318,44.51775406030563,47.50102782365581,1.0
2025-04-25,KEGC,1473.0,-0.038923344809750106,44.743398624220625,47.06409350905941,1.0
2025-04-28,KEGC,1472.0,-0.03893083160800552,44.74220230459018,46.953373472342726,1.0
2025-04-29,KEGC,1474.35,-0.029369517196439952,46.27449710025113,48.81306345857564,1.0
2025-04-30,KEGC,1481.0,-0.03206073813275029,45.842363195481475,50.130681070878175,1.0
2025-05-02,KEGC,1483.0,-0.03379374471523825,45.56441795124082,48.65419778245034,1.0
2025-05-05,KEGC,1487.5,-0.034443207282913224,45.460325221264064,50.88101534864671,1.0
2025-05-06,KEGC,1486.05,-0.034394569296040435,45.468119320519264,51.44462828114673,1.0
2025-05-08,KEGC,1489.1,-0.0363983951369368,45.147200182376615,47.61463231499616,1.0
2025-05-12,KEGC,1491.01,-0.03931544289302989,44.68075327399571,48.515755005226936,1.0
2025-05-13,KEGC,1492.9,-0.04356897587735392,44.002294138569,49.095709838413164,1.0
2025-05-14,KEGC,1494.88,-0.04318079722702174,44.06412159660727,48.16780435747047,0.0
2025-05-15,KEGC,1491.0,-0.043650905432595574,43.98924711598726,49.09769358789168,0.0
2025-05-16,KEGC,1490.03,-0.045352497731216426,43.71846426734203,48.814312245787434,0.0
2025-05-19,KEGC,1491.0,-0.045967767717415606,43.620644507589226,49.18625421976174,0.0
2025-05-20,KEGC,1492.0,-0.04394174432954593,43.94293866021046,48.9399062122352,0.0
2025-05-21,KEGC,1489.99,-0.04327256452237829,44.0495036196119,48.33232816816512,0.0
2025-05-22,KEGC,1489.99,-0.041734019576886515,44.29471898679812,49.68154048244162,0.0
2025-05-23,KEGC,1493.95,-0.04781772660311941,43.32682743471928,49.54795002053348,0.0
2025-05-26,KEGC,1432.0,-0.0029106987674026447,50.54269028702032,53.737344585977446,0.0
2025-05-27,KEGC,1425.0,0.0019499582289055906,51.32776888891818,51.436852584056766,0.0
2025-05-28,KEGC,1428.0,0.001196732026143791,51.20614319235278,47.56070973834149,0.0
2025-05-29,KEGC,1432.5,-0.006894770630765396,49.89897804936948,47.34257811229799,0.0
2025-05-30,KEGC,1435.6,-0.005599726014674405,50.10822694178606,49.297843518399,0.0
2025-06-02,KEGC,1439.99,-0.010009266995571134,49.395776888950344,50.872040017834955,0.0
2025-06-03,KEGC,1441.99,-0.012885255822613753,48.93121715392263,49.188348945311716,0.0
2025-06-04,KEGC,1441.0,-0.01083466618199443,49.262435598146894,48.642062443998626,0.0
2025-06-05,KEGC,1450.99,-0.021924599753293795,47.4726615586344,48.025366354170984,0.0
2025-06-09,KEGC,1448.98,-0.020175782006039557,47.75458555702208,46.96679244222641,0.0
2025-06-10,KEGC,1446.0,-0.01576192287426727,48.46673247571103,48.03755138456884,0.0
2025-06-11,KEGC,1438.98,-0.01087871226907419,49.255320334801084,53.02605172316072,0.0
2025-06-12,KEGC,1443.0,-0.014992680592680656,48.59091653337848,48.77547848113644,0.0
2025-06-13,KEGC,1442.0,-0.014639331946370852,48.647965953637865,47.9489022586781,0.0
2025-06-16,KEGC,1458.4,-0.021360441971632393,47.56359176274563,52.53683813824135,0.0
2025-06-17,KEGC,1461.0,-0.027418948208989283,46.588057234462084,46.91308813581156,0.0
2025-06-18,KEGC,1460.4,-0.026326217213809722,46.76383670771116,49.30976570927936,0.0
2025-06-19,KEGC,1463.85,-0.029355389896505726,46.276767079590236,48.7123574401773,0.0
2025-06-20,KEGC,1462.48,-0.028429561527581342,46.42556270712224,48.250398480255356,0.0
2025-06-23,KEGC,1462.48,-0.02843679605332278,46.42439975134754,47.1738316696578,0.0
2025-06-24,KEGC,1460.0,-0.0268166394868449,46.68493594062435,48.21418617221873,0.0
2025-06-25,KEGC,1455.5,-0.02368143985866418,47.18960644661653,48.96201984022255,0.0
2025-06-26,KEGC,1458.0,-0.02675902410346855,46.69420444329371,49.414427956016446,0.0
2025-06-27,KEGC,1453.5,-0.023206934001670815,47.26603990203081,49.94691493037499,0.0
2025-06-30,KEGC,1449.99,-0.02196997447273036,47.465348841541775,48.39944077791781,0.0
2025-07-01,KEGC,1450.0,-0.022182156540777195,47.43115443198992,47.13271955463649,0.0
2025-07-02,KEGC,1453.99,-0.025053057923697,46.96874139997383,47.0685765018206,0.0
2025-07-03,KEGC,1453.02,-0.024802376216759632,47.00909885760054,49.82085426486253,0.0
2025-07-04,KEGC,1455.3,-0.025602578506149904,46.88028756306391,48.55009291517623,0.0
2025-07-08,KEGC,1450.05,-0.022696873096329978,47.34821485334826,50.89333900503833,0.0
2025-07-09,KEGC,1454.2,-0.02622524188284403,46.780083977444406,47.16972103847661,0.0
2025-07-10,KEGC,1454.01,-0.026788221784680186,46.68950742635489,48.36590059937369,0.0
2025-07-11,KEGC,1456.0,-0.02883009768009767,46.36118208715943,48.95385344131028,0.0
2025-07-14,KEGC,1449.0,-0.026112474120082815,46.798229495998314,50.503608403128425,0.0
2025-07-15,KEGC,1454.0,-0.02917598906137421,46.305594605826734,47.974437659571144,0.0
2025-07-16,KEGC,1452.1,-0.02754959186093916,46.56704714921083,48.19550683247901,0.0
2025-07-17,KEGC,1450.0,-0.02612152435686918,46.796773186434955,50.68649114635781,0.0
2025-07-18,KEGC,1452.0,-0.025490446674537516,46.898335342017454,47.58312730546427,0.0
2025-07-21,KEGC,1446.01,-0.022692375590609864,47.348939502576116,50.251481966472845,0.0
2025-07-22,KEGC,1446.58,-0.021356953400982717,47.564154096825796,49.718964504049254,0.0
2025-07-23,KEGC,1450.0,-0.020089272030651348,47.76853554884808,48.288000267743506,0.0
2025-07-24,KEGC,1449.98,-0.022946338646816666,47.30802210595016,49.087143235465874,0.0
2025-07-25,KEGC,1448.1,-0.022768605907247864,47.33665723691976,49.98788640861112,0.0
2025-07-28,KEGC,1447.61,-0.021766305408926278,47.49817356598685,48.32676466477877,0.0
2025-07-29,KEGC,1454.27,-0.026020063183393914,46.81310001880321,49.401174691177964,0.0
2025-07-30,KEGC,1448.01,-0.010740771916531715,49.27760350173931,49.79112369792084,0.0
2025-07-31,KEGC,1449.01,-0.01244616082978602,49.002134415403134,47.96453007701552,0.0
2025-08-01,KEGC,1448.0,-0.013479172147680435,48.8353019391496,48.191247917315806,0.0
2025-08-04,KEGC,1448.0,-0.013833999824607557,48.77800267361193,47.8441004895602,0.0
2025-08-05,KEGC,1447.99,-0.013353315463460705,48.85562661994923,47.78395292871453,0.0
2025-08-06,KEGC,1447.9,-0.012528960305949488,48.988761339132346,48.49747086865739,0.0
2025-08-07,KEGC,1448.0,-0.013159265105673945,48.88696468217504,47.26713023350395,0.0
2025-08-08,KEGC,1446.0,-0.012124596588289533,49.05407210908678,47.23889592967099,0.0
2025-08-11,KEGC,1446.7,-0.013583156932965216,48.81850965629576,48.66534411447431,0.0
2025-08-12,KEGC,1445.0,-0.009791711978909146,49.430923897513566,46.7857768335186,0.0
2025-08-13,KEGC,1444.7,-0.008358888235158396,49.66241556592033,47.36034318920637,0.0
2025-08-14,KEGC,1444.5,-0.0046354027592344724,50.264036947519095,47.05394119285271,0.0
2025-08-15,KEGC,1443.9,0.005243897809833708,51.859447504786395,48.481527207259205,0.0
2025-08-18,KEGC,1445.0,0.001992769264568567,51.33468125677234,48.238048186917496,0.0
2025-08-19,KEGC,1444.0,0.006141065382755134,52.00419249761345,48.226370404891235,0.0
2025-08-20,KEGC,1443.0,0.007528286803286811,52.22793349555125,47.76932361266699,0.0
2025-08-21,KEGC,1441.99,0.008931903725528333,52.45422788481224,48.33287249186977,0.0
2025-08-22,KEGC,1440.99,0.008261745372477047,52.346195393432446,49.234077146395876,0.0
2025-08-25,KEGC,1438.0,0.011579112303243072,52.880735430918904,49.41139510716324,0.0
2025-08-26,KEGC,1438.51,0.010032820004561602,52.63165014075673,49.43399334871182,0.0
2025-08-27,KEGC,1439.0,0.010395675182280455,52.69011307788365,47.886753967998544,0.0
2025-08-28,KEGC,1439.0,0.012459018057072259,53.02241228329143,47.76037618557503,0.0
2025-08-29,KEGC,1441.9,0.009639771432534389,52.56831433055942,47.8381482805664,0.0
2025-09-02,KEGC,1440.0,0.011645238095238094,52.89138422888973,48.52528883251923,0.0
2025-09-03,KEGC,1442.5,0.008418333058237738,52.371440024195856,48.93795632359972,0.0
2025-09-04,KEGC,1447.76,0.004636439894887434,51.76142509758992,48.63856535798737,0.0
2025-09-05,KEGC,1443.61,0.009264507111415972,52.50783655756274,47.63952940157632,0.0
2025-09-08,KEGC,1442.01,0.00873217712643833,52.42203343013342,47.76639344657578,0.0
2025-09-09,KEGC,1443.0,0.009961981486981488,52.62023584829073,48.29630372369564,0.0
2025-09-10,KEGC,1443.5,0.005425724374728526,51.888785187990585,49.556220953236924,0.0
2025-09-11,KEGC,1459.45,-0.02584991080299333,46.84048196737367,50.189387974569456,0.0
2025-09-12,KEGC,1458.0,-0.02919671761708799,46.30226365316764,47.719286710647765,0.0
2025-09-15,KEGC,1455.5,-0.03545200362063983,45.29871918408983,47.85395888052871,0.0
2025-09-16,KEGC,1455.0,-0.03956809032891513,44.640396830384866,48.77874525992236,0.0
2025-09-17,KEGC,1455.69,-0.04292761974439224,44.10445657319748,46.85280489209247,0.0
2025-09-18,KEGC,1456.8,-0.0440823461729557,43.92055528526518,47.84457919586774,0.0
2025-09-19,KEGC,1456.0,-0.04497240537240538,43.778918378922114,47.983862069508085,0.0
2025-09-22,KEGC,1455.5,-0.045374262785384395,43.715003074348985,48.18035604104268,0.0
2025-09-23,KEGC,1454.11,-0.05240159767448429,42.60086119359687,47.445682707980616,0.0
2025-09-24,KEGC,1457.9,-0.05804996472421199,41.710705169903136,49.08846192723534,0.0
2025-09-25,KEGC,1459.7,-0.05253160670653143,42.580316043475335,47.88675887102503,0.0
2025-09-26,KEGC,1464.9,-0.057463021854246545,41.80296386212128,47.098605352892875,0.0
2025-09-29,KEGC,1478.57,-0.06992026923053385,39.8581440652989,48.79624395522759,0.0
2025-09-30,KEGC,1475.01,-0.0689876547568201,40.0027211178537,49.337053546652236,0.0
2025-10-01,KEGC,1480.0,-0.07466465036465036,39.125437424124335,47.60289278098502,0.0
2025-10-02,KEGC,1480.99,-0.07602215768206103,38.91667162214688,47.05886786630528,0.0
2025-10-03,KEGC,1481.99,-0.07804594923417539,38.60619571300477,49.30146772079216,0.0
2025-10-06,KEGC,1480.0,-0.07954595667095668,38.37667008740577,48.504969895489836,0.0
2025-10-07,KEGC,1481.7,-0.08204035559219304,37.99613474814617,47.797699482519604,0.0
2025-10-08,KEGC,1480.0,-0.08035220935220934,38.25351318899284,48.25317958372085,0.0
2025-10-09,KEGC,1481.02,-0.08335315491489889,37.79644724461985,47.80778206699081,0.0
2025-10-10,KEGC,1484.0,-0.0887882000598981,36.97419287037897,49.8197744968568,0.0
2025-10-13,KEGC,1483.0,-0.08423043862184118,37.6632351260296,50.256344511849896,0.0
2025-10-14,KEGC,1484.0,-0.08183169362084458,38.02791159484118,49.361989839492004,0.0
2025-10-15,KEGC,1482.0,-0.07637881080907397,38.86189031981102,48.1417501118834,0.0
2025-10-16,KEGC,1482.0,-0.0790957232825654,38.445509288574655,51.50127324424179,0.0
2025-10-17,KEGC,1484.5,-0.07732667137136655,38.71643759608237,48.629571003954254,0.0
2025-10-20,KEGC,1482.15,-0.07260159103650914,39.44346851138397,50.114770690875545,0.0
2025-10-21,KEGC,1485.0,-0.0735903318903319,39.29093569712022,50.20062155487302,0.0
2025-10-22,KEGC,1479.01,-0.07043864231146467,39.77786035081944,51.12246681413852,0.0
2025-10-23,KEGC,1449.75,-0.03746992482283481,44.975755022689356,49.08921526998045,0.0
2025-10-24,KEGC,1443.5,-0.034605561603466006,45.434310015197276,48.467925277506524,0.0
2025-10-28,KEGC,1432.0,-0.023194883390972778,47.2679811841269,50.983098495437524,0.0
2025-10-29,KEGC,1425.6,-0.016959676126342728,48.273409205932474,48.18386599453874,0.0
2025-10-30,KEGC,1421.5,-0.002444031427789775,50.61808274066435,49.48853322243682,0.0
2025-10-31,KEGC,1421.0,5.2105324888567645e-05,51.02129001358523,47.51816918937609,0.0
2025-11-03,KEGC,1419.0,0.006403422933655506,52.04651383954994,45.8301762748018,0.0
2025-11-04,KEGC,1418.0,0.014194204334296013,53.30165614354874,48.88787518754531,0.0
2025-11-05,KEGC,1406.5,0.021729977598338814,54.511768135876714,51.24067295045457,0.0
2025-11-06,KEGC,1402.0,0.02743014287978625,55.42366460784519,47.53991940490276,0.0
2025-11-07,KEGC,1411.84,0.024023069478622573,54.879009509151345,51.585690524730175,0.0
2025-11-10,KEGC,1409.71,0.0266651258116467,55.30147750060728,47.50427078954612,0.0
2025-11-11,KEGC,1404.52,0.044060664333609556,58.0612389851721,46.428732000790575,0.0
2025-11-12,KEGC,1402.59,0.05265262080627036,59.4070441461682,47.112006920959196,0.0
2025-11-13,KEGC,1399.0,0.06255327359678682,60.94038207231619,47.14429567235572,0.0
2025-11-14,KEGC,1398.0,0.07620025376388037,63.01844832565027,45.73293242492718,0.0
2025-11-17,KEGC,1396.02,0.08635139896003675,64.53395872205941,48.846501712096035,0.0
2025-11-18,KEGC,1392.01,0.0967234062386434,66.0528654084468,50.9463301125735,0.0
2025-11-19,KEGC,1390.0,,,47.24138747162186,0.0
2025-11-20,KEGC,1390.99,,,46.40034644158843,0.0
2025-11-21,KEGC,1387.59,,,50.90579557499193,0.0
2025-11-24,KEGC,1382.38,,,50.33260107245698,0.0
2025-11-25,KEGC,1388.23,,,49.22172643450301,0.0
2025-11-26,KEGC,1392.77,,,49.827476008680165,0.0
2025-11-27,KEGC,1399.0,,,48.121584388021816,0.0
2025-11-28,KEGC,1395.0,,,48.37648482857279,0.0
2025-12-01,KEGC,1399.99,,,47.94204563954734,0.0
2025-12-02,KEGC,1404.78,,,48.5204744754406,0.0
2025-12-03,KEGC,1406.01,,,48.76673388826604,0.0
2025-12-04,KEGC,1405.0,,,50.25699333323113,0.0
2025-12-05,KEGC,1425.0,,,49.38061081799515,0.0
2025-12-08,KEGC,1423.0,,,48.87216570912705,0.0
2025-12-09,KEGC,1428.0,,,47.96798488320978,0.0
2025-12-10,KEGC,1430.5,,,46.9685775896383,0.0
2025-12-11,KEGC,1446.99,,,49.9540013560043,0.0
2025-12-12,KEGC,1450.01,,,47.45809463939241,0.0
2025-12-15,KEGC,1456.98,,,47.63000514326291,0.0
2025-12-17,KEGC,1467.0,,,51.15084490334852,0.0
2025-12-18,KEGC,1465.7,,,50.52885760279718,0.0
2025-12-19,KEGC,1469.0,,,51.4417538002535,0.0
2025-12-22,KEGC,1474.5,,,52.679937601935436,0.0
2025-12-23,KEGC,1476.0,,,51.629585597221606,0.0
2025-12-24,KEGC,1495.0,,,50.82165232476285,0.0
2025-12-25,KEGC,1505.0,,,49.73519874453765,0.0
2025-12-26,KEGC,1515.0,,,50.345258873672876,0.0
2025-12-29,KEGC,1533.0,,,50.95261011558868,0.0
2025-12-30,KEGC,1545.0,,,50.3386066341848,0.0
2025-12-31,KEGC,1555.0,,,49.7142793960491,0.0
2025-01-05,KMGZ,14654.7,-0.10622599202693629,34.388566691209924,49.03330266845722,0.0
2025-01-06,KMGZ,14629.99,-0.09490547928582488,36.05770365102968,49.09207235499093,0.0
2025-01-08,KMGZ,14843.03,-0.11490975584457158,33.133580108263594,49.44988373175806,0.0
2025-01-09,KMGZ,15000.0,-0.12489523809523809,31.71963129998835,49.47058090403182,0.0
2025-01-10,KMGZ,15567.0,-0.1514550791968358,28.123482309663338,54.74049964678986,0.0
2025-01-13,KMGZ,15751.0,-0.14704170153469717,28.703652168620675,55.215447665016,0.0
2025-01-14,KMGZ,15980.0,-0.15648456503168642,27.471098165752174,56.588942785026276,0.0
2025-01-15,KMGZ,15775.0,-0.1498778475838301,28.329999623429003,56.691017482608174,0.0
2025-01-16,KMGZ,15485.0,-0.10099293350964322,35.155655785206406,51.587628559681235,0.0
2025-01-17,KMGZ,15193.0,-0.08737920779097309,37.1866529048799,49.678703197701985,0.0
2025-01-20,KMGZ,14899.99,-0.07256258345177113,39.44949044233606,50.3472635822673,0.0
2025-01-21,KMGZ,14799.99,-0.05873519506721673,41.60307057738801,52.4548417342839,0.0
2025-01-22,KMGZ,14588.99,-0.03749185554687211,44.97224733033678,50.91523469664768,0.0
2025-01-23,KMGZ,14610.0,-0.03044109791075906,46.1023608358325,51.1870080410515,0.0
2025-01-24,KMGZ,14502.0,-0.013610869108366003,48.81403452060112,51.81320040455862,0.0
2025-01-27,KMGZ,14480.02,-0.009348623651927372,49.502508546738724,49.96955489133886,0.0
2025-01-28,KMGZ,14344.92,0.0008171108059757091,51.14483911035749,48.807507890979856,0.0
2025-01-29,KMGZ,14149.99,0.01408790598141323,53.28455529677255,47.45738667960569,0.0
2025-01-30,KMGZ,13929.9,0.028903521595717904,55.658804077264676,52.10189984571069,0.0
2025-01-31,KMGZ,13840.0,0.02915850077988808,55.69947129570002,47.35133546457945,0.0
2025-02-03,KMGZ,13545.49,0.04892454078196262,58.82470317278398,50.86639332076465,0.0
2025-02-04,KMGZ,13738.98,0.03748931857525435,57.023664644562025,48.67778526651957,0.0
2025-02-05,KMGZ,13526.0,0.05398320495037187,59.61425674797697,51.57297270473303,0.0
2025-02-06,KMGZ,13720.0,0.04097414156138646,57.574725405051694,51.82114439014649,0.0
2025-02-07,KMGZ,13700.0,0.03693493222106361,56.93583422765847,48.82506478094002,0.0
2025-02-10,KMGZ,13400.0,0.06847946576640607,61.84815883418212,51.05662150628324,0.0
2025-02-11,KMGZ,13316.84,0.10822509460392982,67.69930604901995,49.47176755585311,0.0
2025-02-12,KMGZ,13424.0,0.08871703085684016,64.88311095447395,49.61236929204016,0.0
2025-02-13,KMGZ,13329.0,0.1070550295810424,67.53371962241623,44.35184061430259,0.0
2025-02-14,KMGZ,13306.0,0.10520368105807382,67.27082157552815,44.736221983248676,0.0
2025-02-17,KMGZ,13355.43,0.08976741940847102,65.03763515286802,47.48933412551523,0.0
2025-02-18,KMGZ,13499.0,0.08705080343987856,64.63734967278285,50.5018613837131,0.0
2025-02-19,KMGZ,13399.0,0.08954562046800457,65.00503214805437,48.417649134557436,0.0
2025-02-20,KMGZ,13391.0,0.0764049510865507,63.0492751796927,47.71156756287816,0.0
2025-02-21,KMGZ,13483.0,0.07889927086313275,63.424051563620964,48.503205204280476,0.0
2025-02-24,KMGZ,13712.02,0.05338703257758113,59.52145642229609,50.90775807687732,0.0
2025-02-25,KMGZ,13761.17,0.04665012404093638,58.46820156225924,50.00414788354143,0.0
2025-02-26,KMGZ,13689.45,0.05742064572144445,60.14797006340784,49.30227168712115,0.0
2025-02-27,KMGZ,14195.0,0.013299491772757056,53.15769459985199,47.74943604657081,0.0
2025-02-28,KMGZ,14133.99,0.017932487786366007,53.90253381307658,51.522744821300094,0.0
2025-03-03,KMGZ,14082.0,0.028462691480512108,55.58847720152813,47.11742967016233,0.0
2025-03-04,KMGZ,14192.0,0.01345503570086434,53.18272585939842,48.947177249590084,0.0
2025-03-05,KMGZ,14299.5,0.0054980688219201795,51.90045759035499,49.01665368202594,0.0
2025-03-06,KMGZ,14422.78,-0.0021415488509502582,50.66694884090662,51.19874245693306,0.0
2025-03-07,KMGZ,14560.0,-0.011782112332112333,49.10939095796938,51.475094960774264,0.0
2025-03-11,KMGZ,14600.0,-0.0094838171341596,49.480666671835536,52.98320751704345,0.0
2025-03-12,KMGZ,14610.0,-0.004981609954043219,50.20809914054807,50.814279889274246,0.0
2025-03-13,KMGZ,14600.03,0.006234444771580059,52.01925601820688,49.01059130326055,0.0
2025-03-14,KMGZ,14580.0,0.0077497648442092885,52.263647017784045,48.60386335522327,0.0
2025-03-17,KMGZ,14490.01,0.020682218991151014,54.34380240853818,50.40282718508975,0.0
2025-03-18,KMGZ,14450.0,0.022105282309002033,54.571908307944526,46.264372174184544,0.0
2025-03-19,KMGZ,14500.0,0.009147058018609742,52.4889068869811,55.08768461592813,0.0
2025-03-20,KMGZ,14498.99,0.0037113698820094194,51.61212544175011,49.22480622186271,0.0
2025-03-26,KMGZ,14529.0,2.2283429856214537e-05,51.016473487321065,49.99951972457891,0.0
2025-03-27,KMGZ,14453.0,0.008159698321543611,52.32974300594746,49.852049323765684,0.0
2025-03-28,KMGZ,14560.0,-0.002458760683760653,50.61570319650816,47.90783021570908,0.0
2025-03-31,KMGZ,15000.0,-0.03224087301587302,45.8134602223265,52.12630701341614,0.0
2025-04-01,KMGZ,14860.0,-0.020220498194791596,47.74737507525555,48.31868978602843,1.0
2025-04-02,KMGZ,15000.0,-0.029534000000000015,46.248069086695985,49.41798359457857,1.0
2025-04-03,KMGZ,14950.0,-0.020868593725115462,47.642880416220166,52.3297873452331,1.0
2025-04-04,KMGZ,14800.01,-0.022233416850276057,47.42289388656837,51.643149579806874,1.0
2025-04-07,KMGZ,14923.0,-0.02372907937997062,47.18193338913827,48.79755507964041,1.0
2025-04-08,KMGZ,14846.9,-0.02095296175611239,47.62927896833538,46.785576881553695,1.0
2025-04-09,KMGZ,14663.02,-0.005892351079260796,50.060945651412624,46.693178041685215,1.0
2025-04-10,KMGZ,14798.0,-0.014920350347644575,48.60259421971705,48.293093949144435,1.0
2025-04-11,KMGZ,14700.0,-0.06630419501133787,40.4196845757739,49.29390119765189,1.0
2025-04-14,KMGZ,14660.0,-0.025904013187812644,46.83177527778551,48.35114201865103,1.0
2025-04-15,KMGZ,14731.0,-0.010654734077687373,49.29150237626751,49.281259803490556,1.0
2025-04-16,KMGZ,14649.03,-0.010674288017217374,49.288343549991346,50.057658536683135,1.0
2025-04-17,KMGZ,14652.0,-0.018850389025389023,47.96834626339265,49.39743745340732,1.0
2025-04-18,KMGZ,14747.0,-0.014822505492104393,48.618391471285655,50.21652328084277,1.0
2025-04-21,KMGZ,14650.0,-0.009095670133810067,49.543376250432964,47.02065183798538,1.0
2025-04-22,KMGZ,14648.0,-0.009935826766534032,49.40764142900328,47.34108419068433,1.0
2025-04-23,KMGZ,14665.01,-0.0027628559967861448,50.56657531288119,48.93338884456207,1.0
2025-04-24,KMGZ,14665.0,0.0076161429329090445,52.2421006456963,51.29478175166913,1.0
2025-04-25,KMGZ,14739.0,0.02554326075297476,55.1221798257044,49.61900036571474,1.0
2025-04-28,KMGZ,14815.0,0.05398419649218673,59.614411034518646,47.9262901825666,1.0
2025-04-29,KMGZ,14968.5,0.06372091427712481,61.11986410166419,52.95528156357427,1.0
2025-04-30,KMGZ,14970.0,0.050247926010751655,59.031713259819504,49.16332496458244,1.0
2025-05-02,KMGZ,15065.0,0.07524981679916129,62.875176336242845,48.930622892788755,1.0
2025-05-05,KMGZ,15044.0,0.10149716482445154,66.74122338827316,49.13289404601028,1.0
2025-05-06,KMGZ,14908.0,0.10831091701057491,67.71143416043434,48.07200596974788,1.0
2025-05-08,KMGZ,14828.0,0.15291059974479856,73.66818071927982,48.83502734193682,1.0
2025-05-12,KMGZ,14805.0,0.08448828098615332,64.25787810876078,50.18797899983155,1.0
2025-05-13,KMGZ,14845.0,0.09263147136815882,65.4573612093633,49.39832508913986,1.0
2025-05-14,KMGZ,14800.02,0.08919128517426067,64.95291806201342,50.33099232991903,1.0
2025-05-15,KMGZ,14800.0,0.10210810810810811,66.82881304776126,48.29645464756428,1.0
2025-05-16,KMGZ,14840.0,0.10119599430967355,66.69800253299,50.115397212853935,0.0
2025-05-19,KMGZ,14839.99,0.09871459678469387,66.34083353157594,49.0096026490222,0.0
2025-05-20,KMGZ,14920.0,0.11484511894123153,68.62774328555705,46.82492607138974,0.0
2025-05-21,KMGZ,14750.0,0.13415798762442824,71.25074449893967,47.073069117711185,0.0
2025-05-22,KMGZ,14850.0,0.12168269600769602,69.57127442490493,48.079296297426964,0.0
2025-05-23,KMGZ,14815.0,0.13440039990571553,71.28282676477407,47.16191565780966,0.0
2025-05-26,KMGZ,14852.0,0.15112596390203445,73.44382772053673,48.67623796183465,0.0
2025-05-27,KMGZ,14855.0,0.17573544955736137,76.42839663638395,47.59292549534085,0.0
2025-05-28,KMGZ,14001.0,0.23849125300573765,82.94744137839585,50.72566758224142,0.0
2025-05-29,KMGZ,14555.0,0.18392287178354683,77.36833363436266,49.69536015470543,0.0
2025-05-30,KMGZ,14850.0,0.15559006734006733,74.0027308043055,48.72886026647762,0.0
2025-06-02,KMGZ,14767.0,0.15947761385586265,74.48318960373544,48.897532500467186,0.0
2025-06-03,KMGZ,14650.0,0.18292510834823122,77.25522075151716,49.31466679686447,0.0
2025-06-04,KMGZ,14804.0,0.17039961957943583,75.80146841485868,51.24569559497599,0.0
2025-06-05,KMGZ,14790.0,0.2127441860652308,80.46322621514388,51.63969892998681,0.0
2025-06-09,KMGZ,14775.0,0.24706431190073322,83.71692876137111,48.50976738169662,0.0
2025-06-10,KMGZ,14897.0,0.25320371772413974,84.25061625727075,54.615342709278394,0.0
2025-06-11,KMGZ,15049.0,0.28754383242255194,86.97712035691085,48.82750051005162,0.0
2025-06-12,KMGZ,15388.99,0.2707064223538831,85.69414862671883,50.583927316646296,0.0
2025-06-13,KMGZ,15889.6,0.2351204243806071,82.63707151391658,55.367551323501274,0.0
2025-06-16,KMGZ,16199.99,0.20493020848425572,79.65710347573338,52.84394258210736,0.0
2025-06-17,KMGZ,16000.0,0.22709722222222223,81.88041540928906,47.606839311031116,0.0
2025-06-18,KMGZ,16478.16,0.18682604072530523,77.69518776537598,55.9072009252272,0.0
2025-06-19,KMGZ,16849.9,0.15595990464170234,74.0486903734941,53.583064465357744,0.0
2025-06-20,KMGZ,16799.0,0.15594609968280426,74.04697578398459,55.26731078521229,0.0
2025-06-23,KMGZ,17370.0,0.13835070935109797,71.80260712106934,50.86522773049312,0.0
2025-06-24,KMGZ,16330.0,0.20321077455068567,79.47643138887457,49.62070420042459,0.0
2025-06-25,KMGZ,16495.0,0.18007706664357165,76.93015819756066,51.866976175203504,0.0
2025-06-26,KMGZ,16394.0,0.23772371599365624,82.87715997265406,50.217564272792124,0.0
2025-06-27,KMGZ,16585.0,0.20426310779964685,79.58714783265158,51.06513028756998,0.0
2025-06-30,KMGZ,16616.0,0.1984929740697434,78.97460104293025,50.70466011673428,0.0
2025-07-01,KMGZ,16579.0,0.1998818463211732,79.12326375982728,50.10066950023042,0.0
2025-07-02,KMGZ,16909.0,0.17196408097688184,75.98645290873087,53.2257607242754,0.0
2025-07-03,KMGZ,17001.12,0.15351640121636803,73.74406072851788,46.54649562366401,0.0
2025-07-04,KMGZ,16931.0,0.15205145738586018,73.56032702511325,45.13783412410618,0.0
2025-07-08,KMGZ,17079.22,0.13797668903897556,71.75363914426434,48.05484521841599,0.0
2025-07-09,KMGZ,17370.0,0.12137296035858212,69.52887948544266,51.90079941789448,0.0
2025-07-10,KMGZ,17739.0,0.0866705213693798,64.58115057919875,53.15120244089754,0.0
2025-07-11,KMGZ,17597.89,0.0924076079943008,65.42463971143452,44.589590178908054,0.0
2025-07-14,KMGZ,17500.0,0.11010753968253968,67.96477755542257,48.969814046090505,0.0
2025-07-15,KMGZ,17434.0,0.11753336351518925,69.00059756410646,47.59311197193901,0.0
2025-07-16,KMGZ,17394.0,0.11899051000071179,69.20167753414933,48.159867451291134,0.0
2025-07-17,KMGZ,17600.0,0.12248684163059172,69.68118639356396,49.74774985690484,0.0
2025-07-18,KMGZ,17600.0,0.12351093073593075,69.82083531976411,50.07305756835506,0.0
2025-07-21,KMGZ,18209.99,0.08222561363448176,63.92131601675298,53.34642095647388,0.0
2025-07-22,KMGZ,18699.0,0.04809807145276422,58.695263913404595,54.79326551890304,0.0
2025-07-23,KMGZ,18944.99,0.03556009717843307,56.71783434424572,53.53041682994281,0.0
2025-07-24,KMGZ,19655.0,-0.013261900118310702,48.870389583299016,50.81976693404777,0.0
2025-07-25,KMGZ,19840.0,-0.02460593798003069,47.04072634970373,44.04035146325462,0.0
2025-07-28,KMGZ,19920.0,-0.027116384585962817,46.63672009010003,54.50378807733152,0.0
2025-07-29,KMGZ,19820.02,-0.022147077305817935,47.436807495184446,47.585719310331605,0.0
2025-07-30,KMGZ,19930.0,-0.030181159454917686,46.144108371453626,51.61151737801984,0.0
2025-07-31,KMGZ,19862.0,-0.0026399245668125917,50.58643554228222,43.41788451613697,0.0
2025-08-01,KMGZ,19790.0,0.04753631784531228,58.607214899806635,46.73292558579162,0.0
2025-08-04,KMGZ,19730.0,0.06034847183002277,60.6006692012721,48.58517145269445,0.0
2025-08-05,KMGZ,20095.0,0.038805952578427075,57.23207847002625,52.20063210167073,0.0
2025-08-06,KMGZ,19951.01,0.06688328330821754,61.60443883096621,48.626234655056585,0.0
2025-08-07,KMGZ,19771.0,0.0864708980525429,64.55163357973596,49.314001235978786,0.0
2025-08-08,KMGZ,20595.0,0.027892591243829368,55.49749432313964,54.16438447179806,0.0
2025-08-11,KMGZ,20280.0,0.0604368531041608,60.614306843080456,47.48346590313197,0.0
2025-08-12,KMGZ,20222.03,0.06101627074414341,60.703672636285354,47.06213288586032,0.0
2025-08-13,KMGZ,20200.0,0.05314447194719464,59.483679850245366,46.8197173083464,0.0
2025-08-14,KMGZ,20130.0,0.06370604759539186,61.117580775764935,48.835292462091296,0.0
2025-08-15,KMGZ,19926.03,0.07718592327174442,63.166789505062916,48.996929784143894,0.0
2025-08-18,KMGZ,19819.03,0.08824094050291859,64.81296950490025,49.6835433085763,0.0
2025-08-19,KMGZ,19752.14,0.10478426944729215,67.21111193602613,49.99428619594763,0.0
2025-08-20,KMGZ,19800.0,0.09988755411255419,66.50990324514765,48.536992820198456,0.0
2025-08-21,KMGZ,19605.0,0.1084513228525279,67.73127066676899,49.84240819044296,0.0
2025-08-22,KMGZ,19550.0,0.10658138371290553,67.46656454547029,50.07857907631452,0.0
2025-08-25,KMGZ,19751.0,0.09242455672326819,65.42711757229117,47.43852155168655,0.0
2025-08-26,KMGZ,19806.0,0.07984744882503136,63.566094623155855,49.01147725238903,0.0
2025-08-27,KMGZ,19786.0,0.09005969520696853,65.08057633386862,46.81792545132106,0.0
2025-08-28,KMGZ,20081.99,0.07357655185582562,62.62239309562705,49.984051149048476,0.0
2025-08-29,KMGZ,20100.0,0.06258347547974405,60.94502826238932,48.477474490489804,0.0
2025-09-02,KMGZ,20044.86,0.08451470022501431,64.2617996384204,48.40096838381893,0.0
2025-09-03,KMGZ,19945.0,0.0890829484455267,64.936977237977,50.0965356560117,0.0
2025-09-04,KMGZ,19970.0,0.09055045763089078,65.15262414219124,49.156691485105355,0.0
2025-09-05,KMGZ,19759.0,0.09941733829149184,66.44217705515558,47.881065515226204,0.0
2025-09-08,KMGZ,19720.11,0.09650796291680114,66.02163598964374,49.51265483667821,0.0
2025-09-09,KMGZ,19749.99,0.0947805670263268,65.77074059318308,49.72042869096592,0.0
2025-09-10,KMGZ,19750.0,0.11074680630902142,68.05466724759991,49.88920010245385,0.0
2025-09-11,KMGZ,19700.01,0.11531361917183952,68.69289849274871,46.943263624393964,0.0
2025-09-12,KMGZ,20180.0,0.08976674768354657,65.03753643486685,49.77919472886024,0.0
2025-09-15,KMGZ,21100.0,0.03187943278417214,56.13295271430664,56.55032831680556,0.0
2025-09-16,KMGZ,21289.0,0.00990203436158624,52.610576284486854,52.24717264444007,0.0
2025-09-17,KMGZ,21250.0,0.033406112044818,56.37576849580478,49.3247130070468,0.0
2025-09-18,KMGZ,21658.0,0.014751921281333048,53.39136657292005,53.5256183816566,0.0
2025-09-19,KMGZ,21850.02,0.0033719269952940077,51.557334438458504,44.69255256308699,0.0
2025-09-22,KMGZ,21554.46,0.01410004008782548,53.28650742156873,48.29369840674527,0.0
2025-09-23,KMGZ,21885.0,-0.005221264020801301,50.169377150733126,50.93959828614666,0.0
2025-09-24,KMGZ,21834.44,-0.005163147224555013,50.17876736437896,46.7496305744099,0.0
2025-09-25,KMGZ,21652.1,0.002928118129309421,51.48569162555098,49.28457038791124,0.0
2025-09-26,KMGZ,21790.0,-0.004414070456085141,50.299797980166424,50.20306365730645,0.0
2025-09-29,KMGZ,21838.0,-1.0272177375390823e-05,51.01121541838922,48.77555186771642,0.0
2025-09-30,KMGZ,21939.99,0.0051791529520382115,51.84900062313815,50.17295323718336,0.0
2025-10-01,KMGZ,22192.99,-0.0072277549938782,49.845175850159336,49.07312199064174,0.0
2025-10-02,KMGZ,22149.99,-0.004860705665910403,50.22763410054992,48.81497648471307,0.0
2025-10-03,KMGZ,22099.91,-0.005552341720195034,50.11588310723303,50.60932635476334,0.0
2025-10-06,KMGZ,22001.4,6.909933653565653e-05,51.02403470337029,48.763919330576456,0.0
2025-10-07,KMGZ,21948.0,0.0004421474567592662,51.084283834669364,49.12989924985268,0.0
2025-10-08,KMGZ,21760.0,0.01149924136321195,52.86787278546412,49.16471803188586,0.0
2025-10-09,KMGZ,21940.0,0.0029765044638336152,51.493502796859104,49.00392739019544,0.0
2025-10-10,KMGZ,21937.35,-0.0020477383701008496,50.68210368195758,49.287061269050895,0.0
2025-10-13,KMGZ,21737.1,0.005569628193273321,51.912003120724236,49.77756092640752,0.0
2025-10-14,KMGZ,22118.0,-0.016648564732882936,48.32361938137456,50.056857499708514,0.0
2025-10-15,KMGZ,22100.01,-0.015848980356526807,48.45267935323497,48.510329551562265,0.0
2025-10-16,KMGZ,22158.0,-0.020301008987402166,47.73439295344394,46.94258264541056,0.0
2025-10-17,KMGZ,22100.0,-0.02044366156719098,47.711391409139715,47.39588611959654,0.0
2025-10-20,KMGZ,21999.99,-0.025672671949158316,46.86900633718897,52.77452567074789,0.0
2025-10-21,KMGZ,22000.0,-0.027262503607503537,46.61321821530199,51.00947556114653,0.0
2025-10-22,KMGZ,22315.94,-0.03993332809969083,44.58206835573332,49.749926045512524,0.0
2025-10-23,KMGZ,22350.0,-0.04501099126451469,43.772780404216995,48.79792457391614,0.0
2025-10-24,KMGZ,22379.99,-0.049045178549415286,43.1321364457807,48.59064129127338,0.0
2025-10-28,KMGZ,22180.02,-0.040916447071776885,44.42513880718349,50.10510559116521,0.0
2025-10-29,KMGZ,21912.0,-0.03458950520697516,45.43688273680529,49.99240817332283,0.0
2025-10-30,KMGZ,22372.99,-0.04799838678653456,43.29815912822504,49.794259849956376,0.0
2025-10-31,KMGZ,22400.0,-0.05518452380952381,42.161648159468434,48.31389258362833,0.0
2025-11-03,KMGZ,22351.09,-0.05244490384606577,42.594017294227385,47.09197339735046,0.0
2025-11-04,KMGZ,22281.06,-0.05272397184082845,42.54992154465266,49.95016133857827,0.0
2025-11-05,KMGZ,22200.99,-0.04986350628207721,43.0024557049856,47.506001524770255,0.0
2025-11-06,KMGZ,22152.0,-0.04811288328260165,43.279992417771,48.490848846755775,0.0
2025-11-07,KMGZ,22143.0,-0.06019073124259414,41.37470463068719,47.367180546100826,0.0
2025-11-10,KMGZ,22125.0,-0.06713839117567931,40.28991357433356,46.895146802027924,0.0
2025-11-11,KMGZ,22271.0,-0.07195616687442485,39.54314920042773,49.458224867856615,0.0
2025-11-12,KMGZ,22490.0,-0.07207283960419804,39.52512355042995,49.00634479576637,0.0
2025-11-13,KMGZ,22475.0,-0.06374463027702738,40.81869093146807,47.672978381316,0.0
2025-11-14,KMGZ,22485.0,-0.07084436635005348,39.71506163540416,48.28185425105422,0.0
2025-11-17,KMGZ,22420.0,-0.06050899954688982,41.324819030051124,49.161649112963694,0.0
2025-11-18,KMGZ,22445.0,-0.0526674505051148,42.55885156987815,48.60178556396033,0.0
2025-11-19,KMGZ,22400.0,,,48.804411025650126,0.0
2025-11-20,KMGZ,22450.0,,,48.895675341741494,0.0
2025-11-21,KMGZ,22449.99,,,49.538590994470965,0.0
2025-11-24,KMGZ,22338.0,,,48.40743804091718,0.0
2025-11-25,KMGZ,22300.0,,,49.28152100871229,0.0
2025-11-26,KMGZ,22200.0,,,48.15874818629144,0.0
2025-11-27,KMGZ,22200.0,,,49.353123029442784,0.0
2025-11-28,KMGZ,22160.0,,,49.04279272599844,0.0
2025-12-01,KMGZ,22099.0,,,48.61502559641729,0.0
2025-12-02,KMGZ,21884.0,,,48.21281627356596,0.0
2025-12-03,KMGZ,21848.99,,,49.70812861368355,0.0
2025-12-04,KMGZ,21880.0,,,47.05147290982184,0.0
2025-12-05,KMGZ,21799.9,,,48.33296773655773,0.0
2025-12-08,KMGZ,21739.0,,,48.374693695057395,0.0
2025-12-09,KMGZ,21725.0,,,48.346430847816706,0.0
2025-12-10,KMGZ,21601.01,,,50.738538414404005,0.0
2025-12-11,KMGZ,21754.99,,,48.5651663966643,0.0
2025-12-12,KMGZ,21620.0,,,46.9636414713778,0.0
2025-12-15,KMGZ,21634.0,,,46.495700483937995,0.0
2025-12-17,KMGZ,21559.99,,,46.624875131845315,0.0
2025-12-18,KMGZ,21545.99,,,46.95063188756483,0.0
2025-12-19,KMGZ,21537.19,,,48.349401438095484,0.0
2025-12-22,KMGZ,21261.0,,,51.48326594567299,0.0
2025-12-23,KMGZ,21090.0,,,47.67258844786508,0.0
2025-12-24,KMGZ,21121.9,,,45.68722923523252,0.0
2025-12-25,KMGZ,21327.03,,,49.28818874115271,0.0
2025-12-26,KMGZ,21500.0,,,48.021796977204346,0.0
2025-12-29,KMGZ,21350.0,,,47.21709817120492,0.0
2025-12-30,KMGZ,21520.0,,,47.50603343831641,0.0
2025-12-31,KMGZ,21720.0,,,47.05940616943305,0.0
2025-01-05,KZAP,20300.0,-0.04958726053639839,43.046221841539,47.63470497619843,0.0
2025-01-06,KZAP,20451.5,-0.053075821756389155,42.49434236303326,49.563183414193915,0.0
2025-01-08,KZAP,20429.0,-0.05335653195309811,42.450014204890884,47.64546449756844,0.0
2025-01-09,KZAP,20361.6,-0.05979618104667603,41.43657127703005,47.49268645148738,0.0
2025-01-10,KZAP,20381.79,-0.06467270752295488,40.67387163908929,49.44009374718896,0.0
2025-01-13,KZAP,20130.0,-0.05881789735765153,41.59008526214129,47.23646037775435,0.0
2025-01-14,KZAP,20158.0,-0.0750803021999222,39.06147326245644,49.42278807563276,0.0
2025-01-15,KZAP,20160.0,-0.07521150793650794,39.04128996365674,50.06695528377588,0.0
2025-01-16,KZAP,20199.95,-0.07659506959136356,38.82868703343294,49.603354820221185,0.0
2025-01-17,KZAP,20280.0,-0.0922611956419648,36.45266887527179,47.07181795822385,0.0
2025-01-20,KZAP,20150.0,-0.09706835539012959,35.736038257242704,50.412553758235994,0.0
2025-01-21,KZAP,20050.01,-0.10244324829454418,34.94227191005985,48.27120453319135,0.0
2025-01-22,KZAP,19990.0,-0.08233115069439481,37.95186712137833,47.559951998622886,0.0
2025-01-23,KZAP,20037.99,-0.09165047891945918,36.54415121216458,47.376930871983205,0.0
2025-01-24,KZAP,19950.99,-0.07188281220869841,39.5544837718696,48.53584737100956,0.0
2025-01-27,KZAP,19845.98,-0.100567188258445,35.21840861825982,47.79005691401673,0.0
2025-01-28,KZAP,19790.0,-0.08972860511561878,36.83267016922336,46.10380509393175,0.0
2025-01-29,KZAP,19826.85,-0.07944446850092758,38.39218323890499,50.191503945324875,0.0
2025-01-30,KZAP,19800.0,-0.0750896103896103,39.06004126580851,50.856957514005536,0.0
2025-01-31,KZAP,19875.0,-0.0769275396825396,38.777661477025354,49.432414071517876,0.0
2025-02-03,KZAP,19844.0,-0.072981708516908,39.3848033647214,47.54429834585549,0.0
2025-02-04,KZAP,19920.0,-0.07312286766112067,39.363025454956876,48.60539503833375,0.0
2025-02-05,KZAP,20006.9,-0.06852913804658034,40.07386600369041,47.91213766925604,0.0
2025-02-06,KZAP,19900.0,-0.08336775743798357,37.79422839365151,52.71718999592704,0.0
2025-02-07,KZAP,19852.07,-0.09117308482188505,36.61573021532938,50.419744093936565,0.0
2025-02-10,KZAP,19670.1,-0.11417821142483343,33.238414036091854,47.31410676082112,0.0
2025-02-11,KZAP,19695.68,-0.13066398907361718,30.91768565589642,50.127611193717826,0.0
2025-02-12,KZAP,19705.0,-0.13193228734951648,30.742880956812545,46.79916031248538,0.0
2025-02-13,KZAP,19725.0,-0.11843644305630996,32.63054614154184,49.11834880451749,0.0
2025-02-14,KZAP,19551.0,-0.12836955100335873,31.235308669350204,50.371545800900414,0.0
2025-02-17,KZAP,19649.99,-0.14908340589890207,28.434367680130947,47.175687066167136,0.0
2025-02-18,KZAP,19725.95,-0.13908920850553924,29.766889122609854,49.653396271661705,0.0
2025-02-19,KZAP,19699.0,-0.14562773396361267,28.891033347823168,47.18407923848837,0.0
2025-02-20,KZAP,19503.0,-0.17219080068267878,25.495430851589695,50.63070436107551,0.0
2025-02-21,KZAP,19422.0,-0.14853672933492204,28.50632056267405,52.36971798715214,0.0
2025-02-24,KZAP,19300.1,-0.17126014363935765,25.609853837137344,50.60236156192293,0.0
2025-02-25,KZAP,19000.0,-0.15029784878863828,28.274916581099692,49.12489177379754,0.0
2025-02-26,KZAP,19000.0,-0.12919191311612369,31.12126281235731,46.32693639393783,0.0
2025-02-27,KZAP,19010.0,-0.13309918088224243,30.58253908425031,47.65619318923251,0.0
2025-02-28,KZAP,18767.4,-0.12605252004869646,31.557858013962225,49.014031259057575,0.0
2025-03-03,KZAP,18550.0,-0.12711650943396224,31.40951901698157,47.34905742102934,0.0
2025-03-04,KZAP,18350.0,-0.1163038601271571,32.93426127683091,45.74155294086087,0.0
2025-03-05,KZAP,18697.0,-0.1577727013543468,27.30553195514105,49.83225610872748,0.0
2025-03-06,KZAP,18554.7,-0.11097248803858453,33.699760613775155,46.929122912498116,0.0
2025-03-07,KZAP,18868.2,-0.11339587252121361,33.35071105634847,49.91059419919776,0.0
2025-03-11,KZAP,18200.1,-0.057800855208540114,41.749854432472745,48.64484639914256,0.0
2025-03-12,KZAP,18363.8,-0.07694228200771805,38.775399480485085,49.965004404346715,0.0
2025-03-13,KZAP,18602.99,-0.07318747508390386,39.35305928746702,47.18813724475284,0.0
2025-03-14,KZAP,18664.99,-0.07162554046457423,39.59424559635079,46.38832065991357,0.0
2025-03-17,KZAP,18699.99,-0.07569054258152277,38.96763224837717,46.504004251922574,0.0
2025-03-18,KZAP,18749.99,-0.05004146734804193,42.974266783190465,49.958577959649865,0.0
2025-03-19,KZAP,18820.0,-0.06782190383415145,40.18368466937614,47.25128066315696,0.0
2025-03-20,KZAP,18995.0,-0.04514533576087275,43.75141130688214,48.267720574102015,0.0
2025-03-26,KZAP,18599.0,-0.021021090590294562,47.618295789838506,47.39763786076995,0.0
2025-03-27,KZAP,18400.0,-0.01162574189095928,49.134649006572204,51.23558075360123,0.0
2025-03-28,KZAP,17779.99,0.025207667626663186,55.0685188777055,47.75270319131022,0.0
2025-03-31,KZAP,17480.0,0.04516568686208275,58.23504319303662,48.587175026434075,0.0
2025-04-01,KZAP,17465.0,0.046112513916722345,58.38380313693739,47.954312822111476,0.0
2025-04-02,KZAP,17750.02,0.034202005932012156,56.50223372374402,47.33434194855185,0.0
2025-04-03,KZAP,17400.0,0.04422832512315274,58.087622611627566,50.78087584464457,0.0
2025-04-04,KZAP,17082.0,0.08464639595564252,64.28134499425309,46.975149285064845,0.0
2025-04-07,KZAP,17346.0,0.05547435527883461,59.84606726329884,49.803869646085374,1.0
2025-04-08,KZAP,17195.0,0.08541197688050697,64.3948728808561,49.47370410682282,1.0
2025-04-09,KZAP,16507.24,0.18614588884096359,77.6189156109489,45.87305378275439,1.0
2025-04-10,KZAP,16898.97,0.1647318611627414,75.12321466516555,49.039477322759545,1.0
2025-04-11,KZAP,16355.0,0.19433089754601535,78.52445584809092,50.67083076503163,1.0
2025-04-14,KZAP,16499.0,0.1594509510677415,74.47991433001005,44.25895122683795,1.0
2025-04-15,KZAP,16899.96,0.11369577929967492,68.46759131508782,49.871834702931416,1.0
2025-04-16,KZAP,16835.0,0.1336997054747055,71.19003437199731,45.95523922358798,1.0
2025-04-17,KZAP,16753.0,0.16919275469733447,75.65810542454116,46.10980386089756,1.0
2025-04-18,KZAP,16540.0,0.19152995575900655,78.21760402191026,47.58111049556036,1.0
2025-04-21,KZAP,16561.11,0.22220687134828288,81.40675276334552,45.7932408761301,1.0
2025-04-22,KZAP,16100.0,0.2638785196687371,85.14458886219333,50.667977902575736,1.0
2025-04-23,KZAP,16847.0,0.2279305893800507,81.96018871294537,48.329495414483894,1.0
2025-04-24,KZAP,17087.0,0.2054027894825826,79.706552652586,48.700865957385936,1.0
2025-04-25,KZAP,17494.0,0.19826044843492827,78.94963609541038,47.16423637812996,1.0
2025-04-28,KZAP,17300.0,0.19988197311679975,79.1232772964409,50.32250664849106,1.0
2025-04-29,KZAP,17595.0,0.22759828380627614,81.92841194875034,51.64071788607297,1.0
2025-04-30,KZAP,17682.72,0.24256184980375775,83.3163481447014,48.58492824228144,1.0
2025-05-02,KZAP,17639.87,0.26660249832155575,85.36589553712555,48.42844303575336,1.0
2025-05-05,KZAP,18168.0,0.2295294882682267,82.11247442945712,53.124426397114355,1.0
2025-05-06,KZAP,17901.0,0.24670284880333898,83.68505783669667,44.966688235823185,1.0
2025-05-08,KZAP,18498.0,0.20863732694396828,80.0425970693264,52.85734068608126,1.0
2025-05-12,KZAP,18560.93,0.20168001901143104,79.31458577482935,51.4864613529778,1.0
2025-05-13,KZAP,18535.0,0.20079774632719735,79.22087607114045,52.09931468580932,1.0
2025-05-14,KZAP,18565.0,0.18806104623822786,77.83320691775035,45.186676906381095,1.0
2025-05-15,KZAP,18600.0,0.19590860215053765,78.69591030067978,47.1816113038083,1.0
2025-05-16,KZAP,18600.0,0.19651944444444444,78.76202393267275,50.31533481891857,1.0
2025-05-19,KZAP,18691.99,0.19006961426466026,78.05636929107719,51.23927299598778,1.0
2025-05-20,KZAP,18497.77,0.19573454141246074,78.67704363271713,50.19850171055316,1.0
2025-05-21,KZAP,18850.0,0.17512005389246776,76.35666783959716,52.50755073501756,1.0
2025-05-22,KZAP,18635.01,0.19539174335156317,78.63985170320554,49.19765398179715,0.0
2025-05-23,KZAP,18987.0,0.17290890446345494,76.09770092346557,49.042728118647574,0.0
2025-05-26,KZAP,19890.01,0.11783530821363207,69.04232402061955,53.42074800218664,0.0
2025-05-27,KZAP,20000.0,0.12159106349206347,69.55873571875993,52.62819039593903,0.0
2025-05-28,KZAP,19839.99,0.13078301650689667,70.80186928439434,45.5807519408508,0.0
2025-05-29,KZAP,19439.0,0.11847666246549034,69.13085137963108,46.59513072433283,0.0
2025-05-30,KZAP,19138.0,0.18338080433343784,77.30693081135007,47.598377986807535,0.0
2025-06-02,KZAP,19401.11,0.15007079651873623,73.31060619122674,49.138000125298454,0.0
2025-06-03,KZAP,19901.0,0.14622501284134243,72.8214691379851,51.27801813214104,0.0
2025-06-04,KZAP,20017.0,0.13055507620110207,70.77140485866401,47.611216910265256,0.0
2025-06-05,KZAP,20550.0,0.10077761267524041,66.63791413023169,52.29447556685405,0.0
2025-06-09,KZAP,20648.0,0.09781143505962375,66.21036610872123,46.76494577376274,0.0
2025-06-10,KZAP,21000.0,0.08617468253968247,64.50781369818543,49.426368367996105,0.0
2025-06-11,KZAP,20914.0,0.09393753686677565,65.647972735722,51.580742070708844,0.0
2025-06-12,KZAP,21287.0,0.08050059138858875,63.66380237661482,54.80936707813919,0.0
2025-06-13,KZAP,21078.88,0.09340692543346478,65.57059392494824,44.55109412362493,0.0
2025-06-16,KZAP,21926.0,0.055492681878005316,59.84891355616357,55.082821023417125,0.0
2025-06-17,KZAP,22300.0,0.03097894867962133,55.98959362918485,52.80991172441309,0.0
2025-06-18,KZAP,22670.0,-0.008293194978329518,49.6730296050522,53.35564952660457,0.0
2025-06-19,KZAP,22675.0,-0.017513444811956387,48.18404533246856,56.800092008237144,0.0
2025-06-20,KZAP,22649.0,-0.03389348820193891,45.54842900379582,47.711554181328914,0.0
2025-06-23,KZAP,22699.99,-0.0054007686380213565,50.1403736434796,52.0323249393002,0.0
2025-06-24,KZAP,22648.0,0.010126983706469757,52.64682242120558,50.92736612180023,0.0
2025-06-25,KZAP,22600.0,0.016869658659924146,53.73180631486883,46.13924409873986,0.0
2025-06-26,KZAP,22399.99,0.026505823676069094,55.27602595082226,49.0808453455368,0.0
2025-06-27,KZAP,22588.0,0.026495335070454606,55.2743500991687,49.54878751989459,0.0
2025-06-30,KZAP,22599.0,0.02970365123614825,55.78639290824483,47.7948832160068,0.0
2025-07-01,KZAP,22590.0,0.026404401441851643,55.25982037596534,47.55920050850453,0.0
2025-07-02,KZAP,22460.0,0.04625564389602681,58.40627767284977,48.027737363058094,0.0
2025-07-03,KZAP,22498.99,0.056633580169986666,60.025974313398066,47.5444289693996,0.0
2025-07-04,KZAP,22619.99,0.04778846875042819,58.64674376242647,49.119008500494004,0.0
2025-07-08,KZAP,22620.0,0.042483354385078526,57.8128048424986,49.193328868211694,0.0
2025-07-09,KZAP,22600.0,0.025724817390082803,55.151205557639216,46.76414532878802,0.0
2025-07-10,KZAP,22799.98,0.0034092924204319683,51.56336594558325,49.85204983822057,0.0
2025-07-11,KZAP,22800.0,0.010254406850459561,52.66735290487898,50.64887193604953,0.0
2025-07-14,KZAP,22100.0,0.044827384543561014,58.18185459918024,48.795007893650705,0.0
2025-07-15,KZAP,23000.0,0.016264337474120025,53.63453119365924,50.36041875677185,0.0
2025-07-16,KZAP,22670.0,0.04794822592615934,58.67178260471317,48.36465277987905,0.0
2025-07-17,KZAP,23178.0,0.020726051078814478,54.35083111870212,51.0407679586983,0.0
2025-07-18,KZAP,23000.0,0.06390025879917184,61.14740520359639,50.25416686770783,0.0
2025-07-21,KZAP,23001.0,0.05098260546642899,59.14649772812033,47.44741729930246,0.0
2025-07-22,KZAP,23050.0,0.05955459835416452,60.47809701057646,49.01004639728581,0.0
2025-07-23,KZAP,23198.76,0.053840458886595735,59.59204309862886,47.12329661086191,0.0
2025-07-24,KZAP,23266.0,0.046090511462328704,58.38034796119553,48.8480009124914,0.0
2025-07-25,KZAP,23395.0,0.09201480602285801,65.36718963097495,49.551451610096414,0.0
2025-07-28,KZAP,23438.38,0.09041128164337481,65.1321990259611,47.42297288187808,0.0
2025-07-29,KZAP,23548.99,0.09238028347955221,65.42064476090282,48.0559495291845,0.0
2025-07-30,KZAP,23404.0,0.11723293969556145,68.9590505594881,47.11702881398346,0.0
2025-07-31,KZAP,22902.0,0.14282021709478482,72.38376118711955,47.65637265002676,0.0
2025-08-01,KZAP,22698.0,0.1532506891733696,73.71079615740487,48.32894872616834,0.0
2025-08-04,KZAP,22301.0,0.2310514895410057,82.25650022781105,50.04139333692374,0.0
2025-08-05,KZAP,22998.0,0.15534366518413617,73.97208119145691,47.38222113981496,0.0
2025-08-06,KZAP,23297.0,0.16602609929679618,75.27920850262133,46.69850710567137,0.0
2025-08-07,KZAP,23400.0,0.13943553113553114,71.94434354820444,47.383635911245975,0.0
2025-08-08,KZAP,23408.76,0.15650663412614202,74.1165355340891,48.60853752714856,0.0
2025-08-11,KZAP,23605.0,0.14782735556765952,73.02594912863188,47.175667890003766,0.0
2025-08-12,KZAP,23689.0,0.14616718649805321,72.81407159927132,50.11264121459054,0.0
2025-08-13,KZAP,23605.0,0.13770823801454496,71.71846088032817,46.56586180449782,0.0
2025-08-14,KZAP,23915.0,0.1318588312110683,70.94540066749703,51.14835242737839,0.0
2025-08-15,KZAP,24190.0,0.14286957978175424,72.3901381298337,49.26146333948494,0.0
2025-08-18,KZAP,24120.0,0.16074325989102115,74.6383442069434,49.968537166697836,0.0
2025-08-19,KZAP,24000.0,0.2082478174603175,80.00235218812126,46.71061168407935,0.0
2025-08-20,KZAP,23600.01,0.22518329048377536,81.69616677399235,47.24905370977808,0.0
2025-08-21,KZAP,23300.0,0.2216658508754002,81.35376870807679,46.897406448195916,0.0
2025-08-22,KZAP,23456.08,0.19409521952490139,78.49875805004703,47.94042633902514,0.0
2025-08-25,KZAP,23500.0,0.20684925700776763,79.85734872218853,48.4578021723523,0.0
2025-08-26,KZAP,23800.1,0.19542150883319626,78.64308298623334,49.03621228320445,0.0
2025-08-27,KZAP,24177.02,0.20641697369145487,79.81237061159041,49.09217899648938,0.0
2025-08-28,KZAP,24088.0,0.2293004699698987,82.0907236386052,46.765204310009096,0.0
2025-08-29,KZAP,24896.0,0.17610679397723097,76.47160663489099,49.936242934155345,0.0
2025-09-02,KZAP,24600.0,0.18840553619821918,77.87159657186902,48.93626794917958,0.0
2025-09-03,KZAP,24850.0,0.19491861725911022,78.58844223863441,49.801653749400565,0.0
2025-09-04,KZAP,24878.0,0.21496352087073808,80.68772356713882,49.9891774028183,0.0
2025-09-05,KZAP,24770.0,0.20177133373063932,79.32426681434993,49.342566734638176,0.0
2025-09-08,KZAP,25981.97,0.08319350957392543,64.06545606664501,57.95823532795436,0.0
2025-09-09,KZAP,25993.0,0.08088288270834822,63.72093954838671,51.45085065841019,0.0
2025-09-10,KZAP,26162.8,0.034459196803361444,56.54308260339677,51.59207372688244,0.0
2025-09-11,KZAP,26584.0,0.03801129465629165,57.10631997491005,53.59882442364804,0.0
2025-09-12,KZAP,26600.0,0.03901908939014202,57.265792592491515,46.12411804694111,0.0
2025-09-15,KZAP,26600.0,0.062272598162071854,60.89719411015197,44.49768975480436,0.0
2025-09-16,KZAP,27870.0,0.038101317340714536,57.12057114546485,55.585897279761056,0.0
2025-09-17,KZAP,26999.99,0.09907845659431366,66.39332519975709,48.38428090905625,0.0
2025-09-18,KZAP,27600.0,0.08665148378191856,64.57833609383523,52.29139808044494,0.0
2025-09-19,KZAP,27100.0,0.09999687811163827,66.52563968968789,46.262874620903034,0.0
2025-09-22,KZAP,27510.0,0.045493678056464315,58.28659236779089,49.502342193287014,0.0
2025-09-23,KZAP,27536.0,0.037487086918827135,57.02331117555294,45.72964604263062,0.0
2025-09-24,KZAP,27594.99,0.03849218970286164,57.182435034102355,47.021545482252385,0.0
2025-09-25,KZAP,27298.0,0.009635394098294309,52.567608920416895,48.4292139707369,0.0
2025-09-26,KZAP,27517.0,0.0410106836985621,57.580494155792806,46.48683005555062,0.0
2025-09-29,KZAP,28100.0,0.031763328249449246,56.114474308337655,50.80165528735727,0.0
2025-09-30,KZAP,28449.99,0.019477993863718596,54.150631746440794,51.983925472721154,0.0
2025-10-01,KZAP,29448.9,-0.022783583912666258,47.33424401125036,57.178190574134206,0.0
2025-10-02,KZAP,29357.99,-0.04921041086759778,43.10594436199277,48.46939523670366,0.0
2025-10-03,KZAP,28903.03,-0.051625532704625665,42.72355459210914,46.89243187843802,0.0
2025-10-06,KZAP,28450.0,-0.06181592532150523,41.12015822249558,49.61780690729159,0.0
2025-10-07,KZAP,28803.0,-0.058445911842847045,41.64850089489887,47.28520182946626,0.0
2025-10-08,KZAP,28898.82,-0.042281114814673094,44.20748971161887,48.94330908183676,0.0
2025-10-09,KZAP,29622.22,-0.08279631567328488,37.88109693604842,50.68168984591566,0.0
2025-10-10,KZAP,30064.55,-0.09735034835231372,35.6941937723114,49.831262929185996,0.0
2025-10-13,KZAP,29750.0,-0.07595644257703081,38.92676840675684,49.695573422763566,0.0
2025-10-14,KZAP,29699.97,-0.05520346232793216,42.158663365308165,49.484239209728614,0.0
2025-10-15,KZAP,30165.0,-0.07348131921258476,39.30774287259561,51.15600665703231,0.0
2025-10-16,KZAP,30698.89,-0.10022803266885083,35.268435098617466,51.035436834596375,0.0
2025-10-17,KZAP,30240.0,-0.0828984126984127,37.865570787637694,48.96738416568684,0.0
2025-10-20,KZAP,28639.86,-0.02755371391563396,46.566384261004416,48.30406887457884,0.0
2025-10-21,KZAP,28593.0,-0.017185038795709207,48.23704016312352,46.36779788166923,0.0
2025-10-22,KZAP,27566.0,0.049760478689528966,58.95550129232301,46.29106006258003,0.0
2025-10-23,KZAP,28105.0,0.08723763614619774,64.66494550590919,48.00136089598284,0.0
2025-10-24,KZAP,28150.0,0.08616832304265691,64.50687265512093,49.53125381345214,0.0
2025-10-28,KZAP,28770.0,0.02645972656702586,55.268660543375326,48.75991466293908,0.0
2025-10-29,KZAP,29471.5,0.031127528640125555,56.01325484110171,48.41028462126226,0.0
2025-10-30,KZAP,30200.0,0.011081159991590456,52.80053758600343,49.41827498059797,0.0
2025-10-31,KZAP,30530.0,-0.01479480175627408,48.62286434624297,49.33142856919619,0.0
2025-11-03,KZAP,30340.0,-0.03980818030574128,44.60205278720259,48.38844743419227,0.0
2025-11-04,KZAP,29301.0,-0.04769880017909346,43.3457018755649,47.81676735497483,0.0
2025-11-05,KZAP,29109.6,-0.09454890129520349,36.110855608886126,47.633657247361676,0.0
2025-11-06,KZAP,29201.0,-0.0546383781159919,42.24774769157105,48.192537129973275,0.0
2025-11-07,KZAP,28100.0,-0.03284983336157714,45.71577238903101,49.5314662551519,0.0
2025-11-10,KZAP,29190.0,-0.07825527006965856,38.57413552435337,46.79152062304425,0.0
2025-11-11,KZAP,29550.0,-0.0843193114978648,37.64975048483969,47.47851999948099,0.0
2025-11-12,KZAP,29570.0,-0.07031157449903645,39.797535075058896,48.82163944428832,0.0
2025-11-13,KZAP,29365.01,-0.06752875259697225,40.22923388055955,48.707369514893365,0.0
2025-11-14,KZAP,28500.0,-0.03969960317460318,44.61939251916587,48.33175032403303,0.0
2025-11-17,KZAP,27990.0,-0.01679356530393508,48.300217354920676,47.96197369017485,0.0
2025-11-18,KZAP,27262.99,0.008831187957746272,52.43799349916767,45.708029860206594,0.0
2025-11-19,KZAP,27700.02,,,46.78023310710519,0.0
2025-11-20,KZAP,28261.0,,,46.09148136945547,0.0
2025-11-21,KZAP,27770.0,,,47.6651125296928,0.0
2025-11-24,KZAP,27748.4,,,47.738761504008046,0.0
2025-11-25,KZAP,28095.0,,,47.72625899910925,0.0
2025-11-26,KZAP,28665.0,,,47.47253603275343,0.0
2025-11-27,KZAP,28563.0,,,46.45544425208875,0.0
2025-11-28,KZAP,28247.99,,,46.499964323389875,0.0
2025-12-01,KZAP,28350.0,,,47.68910010294396,0.0
2025-12-02,KZAP,28434.99,,,46.639257886838664,0.0
2025-12-03,KZAP,28684.88,,,47.59949701803957,0.0
2025-12-04,KZAP,29500.0,,,50.134250322923734,0.0
2025-12-05,KZAP,31130.1,,,50.132124790205914,0.0
2025-12-08,KZAP,31150.01,,,52.81398636635829,0.0
2025-12-09,KZAP,30118.2,,,50.57321205453059,0.0
2025-12-10,KZAP,30990.0,,,50.733724201504344,0.0
2025-12-11,KZAP,31150.0,,,47.676871595232974,0.0
2025-12-12,KZAP,30700.0,,,47.277107910536095,0.0
2025-12-15,KZAP,29750.0,,,48.232678221061406,0.0
2025-12-17,KZAP,28499.99,,,49.05300930361317,0.0
2025-12-18,KZAP,26950.0,,,50.68718039525603,0.0
2025-12-19,KZAP,28200.0,,,47.69624652627014,0.0
2025-12-22,KZAP,27749.0,,,49.35668592296102,0.0
2025-12-23,KZAP,27500.0,,,48.24657299406924,0.0
2025-12-24,KZAP,27660.0,,,47.6575845984058,0.0
2025-12-25,KZAP,28093.0,,,47.89597414067067,0.0
2025-12-26,KZAP,27979.99,,,46.47989445809471,0.0
2025-12-29,KZAP,27949.0,,,47.94349808484484,0.0
2025-12-30,KZAP,28090.0,,,49.4800373494934,0.0
2025-12-31,KZAP,28059.0,,,48.56737467829282,0.0
2025-01-05,KZTK,43732.99,-0.042330748755751116,44.199577798519165,50.5754845165198,0.0
2025-01-06,KZTK,43777.0,-0.015252540291687485,48.54896357723326,51.40708955918111,0.0
2025-01-08,KZTK,43650.0,0.013075724104074617,53.1216814955651,48.53422996633877,0.0
2025-01-09,KZTK,44434.0,-0.011642164622972111,49.131996270914954,49.7709769238525,0.0
2025-01-10,KZTK,44497.0,-0.015267380064145578,48.546567836636086,48.96769174788368,0.0
2025-01-13,KZTK,44898.98,-0.026477043703937712,46.7395694982534,47.252798356566885,0.0
2025-01-14,KZTK,44469.0,-0.016937012140078322,48.27706682343834,53.11434973859253,0.0
2025-01-15,KZTK,47639.0,-0.07310959697053601,39.36507266566852,60.27351971027502,0.0
2025-01-16,KZTK,46701.0,-0.04914193715643899,43.1167981224284,49.89913408251596,0.0
2025-01-17,KZTK,46611.02,-0.046767658698232836,43.49354675324733,48.92980989291704,0.0
2025-01-20,KZTK,47790.0,-0.06620960975099394,40.43440714714204,52.18626289814166,0.0
2025-01-21,KZTK,48699.99,-0.0792562119255935,38.42096578010154,53.07502901895822,0.0
2025-01-22,KZTK,48024.07,-0.05979579956442874,41.43663110769039,49.88706165222216,0.0
2025-01-23,KZTK,48060.1,-0.0542702896659186,42.305803227573065,48.12824972095431,0.0
2025-01-24,KZTK,48115.01,-0.06358391281029252,40.843785929390286,48.851669266803086,0.0
2025-01-27,KZTK,49182.13,-0.08235579553972333,37.9481163664329,53.66918709413503,0.0
2025-01-28,KZTK,49500.0,-0.08937907647907647,36.88524484069465,46.56856383547718,0.0
2025-01-29,KZTK,48200.0,-0.06319424191530001,40.904650326652224,50.19680746301331,0.0
2025-01-30,KZTK,47999.99,-0.06130734042034536,41.19976505223308,50.492506528731575,0.0
2025-01-31,KZTK,47003.0,-0.029478284103108533,46.25702091468449,50.55455678502575,0.0
2025-02-03,KZTK,46000.0,0.007148809523809526,52.16673718676388,52.299132614030604,0.0
2025-02-04,KZTK,44999.0,0.022121127497718645,54.57444710555753,47.35394207747598,0.0
2025-02-05,KZTK,43899.99,0.038768471176785974,57.22614894157595,48.05514615542597,0.0
2025-02-06,KZTK,43398.0,0.05694345575503809,60.07402019746577,50.909157136418614,0.0
2025-02-07,KZTK,42796.99,0.07524925021262349,62.8750908592694,51.58449192659757,0.0
2025-02-10,KZTK,42493.0,0.08774149698419048,64.73931873087832,46.89911822901222,0.0
2025-02-11,KZTK,42493.0,0.08083628795629832,63.713977577325444,51.60105395920872,0.0
2025-02-12,KZTK,42492.91,0.12311132188352772,69.76638648919075,41.410321186919006,0.0
2025-02-13,KZTK,43000.0,0.10773579734219269,67.63011487376204,49.07465621279314,0.0
2025-02-14,KZTK,42799.9,0.10571867735876257,67.34406270369936,50.556452360481856,0.0
2025-02-17,KZTK,42650.0,0.10762896592791084,67.6149976452543,52.684431435523685,0.0
2025-02-18,KZTK,43879.73,0.08571597743757361,64.43990831173883,50.07525051024301,0.0
2025-02-19,KZTK,44990.0,0.052812279007327906,59.431925655617015,48.67888783251706,0.0
2025-02-20,KZTK,44700.0,0.06306752956216047,61.019466918836905,46.88375941795962,0.0
2025-02-21,KZTK,44600.0,0.055360079009182155,59.82831758905773,48.854979519787314,0.0
2025-02-24,KZTK,44500.0,0.04830233636525778,58.72726655546001,51.24261601072905,0.0
2025-02-25,KZTK,44500.0,0.05665979757446053,60.03004004293773,50.23061030675252,0.0
2025-02-26,KZTK,44998.0,0.06694031255004632,61.613156715398475,49.488811597402446,0.0
2025-02-27,KZTK,45232.0,0.062139807468795834,60.87675544636668,46.70887140958424,0.0
2025-02-28,KZTK,45255.0,0.0629309763193754,60.998472711786775,52.16213412625108,0.0
2025-03-03,KZTK,45470.0,0.07206840381413177,62.393961903064366,50.547227598113345,0.0
2025-03-04,KZTK,45700.0,0.07525094821298321,62.87534702454217,50.3113902128256,0.0
2025-03-05,KZTK,46000.0,0.05949680469289163,60.46916863952341,50.496211586736436,0.0
2025-03-06,KZTK,46299.0,0.05888374736058272,60.37441634812664,50.717322268292584,0.0
2025-03-07,KZTK,45902.99,0.09202264683750576,65.36833684492252,51.30797395824443,0.0
2025-03-11,KZTK,45999.0,0.09101780931573054,65.22117072557732,54.258866789141244,0.0
2025-03-12,KZTK,45950.0,0.0905623128141354,65.15436372170875,49.698725245400134,0.0
2025-03-13,KZTK,46008.0,0.07648087164965096,63.06070590345261,52.386370048514614,0.0
2025-03-14,KZTK,45910.0,0.08284984614480366,64.01430626378107,46.5931161400232,0.0
2025-03-17,KZTK,46454.44,0.06819486090676342,61.80474599495254,49.42362578205977,0.0
2025-03-18,KZTK,47150.0,0.21206461184332343,80.3940897738314,52.19191837977523,0.0
2025-03-19,KZTK,46800.0,0.24806040903540902,83.80449711641913,47.27835185075895,0.0
2025-03-20,KZTK,46390.0,0.19895412864362524,79.02404828380035,52.65959396516107,0.0
2025-03-26,KZTK,46650.0,0.18145430383300154,77.0877546308982,52.94817493566341,0.0
2025-03-27,KZTK,46789.0,0.16176354066058804,74.76296536250007,54.30841251020676,0.0
2025-03-28,KZTK,46990.0,0.17797058627806658,76.68765012697823,50.753908516500914,0.0
2025-03-31,KZTK,46700.0,0.20137083290846672,79.28178148439491,51.89703507016906,0.0
2025-04-01,KZTK,48500.0,0.18937488136147926,77.9793640141556,64.84047872956896,0.0
2025-04-02,KZTK,48420.0,0.1955075588599752,78.65242240775645,49.49587164995083,0.0
2025-04-03,KZTK,48110.01,0.19188405018593246,78.25657019539005,47.632045083072455,0.0
2025-04-04,KZTK,48025.0,0.1971789509018947,78.83323628824401,49.930972558988984,0.0
2025-04-07,KZTK,48450.0,-0.19324411273281247,22.997891013558764,48.38121148225078,0.0
2025-04-08,KZTK,48199.0,-0.30760703733397615,12.481897859696339,46.69933793260787,0.0
2025-04-09,KZTK,48349.9,-0.29906882916108535,13.097298098355775,48.893875643204844,0.0
2025-04-10,KZTK,47900.0,-0.2893358965437254,13.830040889538592,48.465097314903076,0.0
2025-04-11,KZTK,47480.05,-0.29213220432197234,13.616066428998769,49.872955947385215,0.0
2025-04-14,KZTK,47852.01,-0.30403856433094445,12.736027219798174,49.01607543162447,1.0
2025-04-15,KZTK,48850.0,-0.30430100201458954,12.717188139170876,48.51160144544959,1.0
2025-04-16,KZTK,48887.9,-0.30894050117231275,12.388056529429663,54.022266942907834,1.0
2025-04-17,KZTK,48950.0,-0.3004905998184088,12.993063869007004,46.26820638852155,1.0
2025-04-18,KZTK,49600.0,-0.27695382744495645,14.811629290772983,49.6710908572005,1.0
2025-04-21,KZTK,49998.89,-0.2306344901386176,18.998817164082958,51.128014277541965,1.0
2025-04-22,KZTK,49605.03,-0.1910689062386559,23.247795911588497,49.14673661324756,1.0
2025-04-23,KZTK,49902.0,-0.2190149912399732,20.18149354668116,49.79327948336352,1.0
2025-04-24,KZTK,50998.97,-0.2293370251353287,19.128201162533763,51.13158129976135,1.0
2025-04-25,KZTK,51059.91,-0.21890805883272835,20.192628664069584,50.53959055866537,1.0
2025-04-28,KZTK,50984.99,-0.21600086214862227,20.497120502814425,49.728946151295155,1.0
2025-04-29,KZTK,50401.03,-0.2110282092990201,21.025812491850647,49.227225929768125,1.0
2025-04-30,KZTK,50585.89,-0.21020840870357263,21.113927819695753,49.29768360966616,1.0
2025-05-02,KZTK,50505.01,-0.21081271727056358,21.048948234552867,47.92570880337702,1.0
2025-05-05,KZTK,58044.79,-0.3183692343412323,11.741679676535815,60.11899875873489,1.0
2025-05-06,KZTK,59298.0,-0.3322545976416132,10.843134735999621,50.666603750861114,1.0
2025-05-08,KZTK,56499.99,-0.30172523835318166,12.903122091520563,51.82901485162685,1.0
2025-05-12,KZTK,55999.99,-0.31314054864301183,12.09643353600422,48.89703876345747,1.0
2025-05-13,KZTK,55245.0,-0.29899493479263367,13.102734880580103,48.861714360610456,1.0
2025-05-14,KZTK,56243.0,-0.31965850801468343,11.655603046008745,48.398886038173686,1.0
2025-05-15,KZTK,56987.0,-0.31993716988085,11.637070698611968,51.59232968984266,1.0
2025-05-16,KZTK,58600.1,-0.3273552844382707,11.153066148532604,52.37094522799768,1.0
2025-05-19,KZTK,58800.0,-0.3331123015873016,10.789660653763262,52.24692988205119,1.0
2025-05-20,KZTK,58249.0,-0.3303853909475113,10.960478501826776,51.862502618511854,1.0
2025-05-21,KZTK,58400.0,-0.3319038106110024,10.865071762872635,54.4758597681342,1.0
2025-05-22,KZTK,39999.99,-0.012501732639421205,48.99315890736946,55.48457541423808,1.0
2025-05-23,KZTK,34279.0,0.1499186374229769,73.2913601222528,52.95760996592016,1.0
2025-05-26,KZTK,34797.99,0.13073161660514093,70.79500127098382,39.554692182590266,1.0
2025-05-27,KZTK,34940.0,0.12249074694941894,69.68171963162648,38.49955454550995,1.0
2025-05-28,KZTK,34500.0,0.12651642512077296,70.22855788900664,37.77877380866283,1.0
2025-05-29,KZTK,34199.98,0.1391606811208382,71.90847439441781,38.43564622271718,0.0
2025-05-30,KZTK,34900.0,0.10808820439350517,67.67995629229334,39.2042931934292,0.0
2025-06-02,KZTK,34699.99,0.11976571842843547,69.30835746254162,40.599506242879684,0.0
2025-06-03,KZTK,35157.03,0.11075086765177618,68.05523790043674,48.285316217484265,0.0
2025-06-04,KZTK,36790.0,0.0633469131967366,61.062407674938434,39.91068664692677,0.0
2025-06-05,KZTK,39400.0,-0.013215810571267387,48.877832810014674,39.33020394702854,0.0
2025-06-09,KZTK,41050.0,-0.04775208756259304,43.33724456250569,38.260674822523086,0.0
2025-06-10,KZTK,39900.0,-0.025044465329991644,46.97012466351305,36.338891006174215,0.0
2025-06-11,KZTK,40250.0,-0.03422487922705314,45.49531340860372,35.92653402213333,0.0
2025-06-12,KZTK,40829.99,-0.05572733612315164,42.076121326689815,39.94214125931247,0.0
2025-06-13,KZTK,40917.98,-0.05672739531677298,41.91867438674844,41.97944024772903,0.0
2025-06-16,KZTK,40699.99,-0.05145192104118794,42.75101435695298,41.05845523012207,0.0
2025-06-17,KZTK,40891.0,-0.040441401802624316,44.50095382513065,46.67939074818007,0.0
2025-06-18,KZTK,40795.0,-0.0319109772633979,45.86639473333796,48.1151446327755,0.0
2025-06-19,KZTK,40641.5,-0.024716033624633826,47.02300013198764,48.30645574710787,0.0
2025-06-20,KZTK,40694.98,-0.01833149552387761,48.05205462780872,52.02965229882909,0.0
2025-06-23,KZTK,40499.0,-0.004763196259598021,50.243389011269166,39.57312165193136,0.0
2025-06-24,KZTK,39501.1,0.02432806610710021,54.92781594399256,44.070529669873956,0.0
2025-06-25,KZTK,39750.0,0.00788702605570522,52.285779345431806,46.50758636072525,0.0
2025-06-26,KZTK,39305.5,0.019494097154705722,54.1532157238505,48.50188774911113,0.0
2025-06-27,KZTK,39809.0,0.005435858725413856,51.89042032550204,50.80902947307592,0.0
2025-06-30,KZTK,40500.01,0.006113150882114369,51.99968939174897,48.9216702227457,0.0
2025-07-01,KZTK,40299.0,0.010282663755097315,52.671905550205864,46.00883318252799,0.0
2025-07-02,KZTK,40080.0,0.016553649843170797,53.68102719125487,46.29387137157663,0.0
2025-07-03,KZTK,40094.9,0.010008758125117912,52.627773053011936,48.18758822963668,0.0
2025-07-04,KZTK,40238.0,0.0069914272578160755,52.14135505623213,47.3539769294756,0.0
2025-07-08,KZTK,40049.91,0.0064464891449550095,52.05346064418266,48.542215443041734,0.0
2025-07-09,KZTK,39987.94,0.011782224451187921,52.91344346698157,49.44069882115716,0.0
2025-07-10,KZTK,39863.0,0.0024027366946075684,51.40087291325845,48.28585118455162,0.0
2025-07-11,KZTK,39500.0,0.016466310026120153,53.66699129684653,50.024815955346675,0.0
2025-07-14,KZTK,39589.0,0.017094922180564028,53.767998953430386,49.29896167795001,0.0
2025-07-15,KZTK,39315.02,0.03705359584429767,56.95463757957431,47.21941877808379,0.0
2025-07-16,KZTK,39495.0,0.022236479150465102,54.59292862279469,47.7800784935991,0.0
2025-07-17,KZTK,39699.0,0.014790459007603646,53.39756467733262,49.58409703882948,0.0
2025-07-18,KZTK,39799.98,0.015385342481866151,53.49322762735572,49.73792610266892,0.0
2025-07-21,KZTK,39607.9,0.015449533166924292,53.50354857982076,50.440122779687705,0.0
2025-07-22,KZTK,39850.0,0.0027934795164406244,51.463956073452934,48.363435437250295,0.0
2025-07-23,KZTK,39640.0,0.008196473819935018,52.33567214068938,46.917034354720265,0.0
2025-07-24,KZTK,39618.0,0.006284020611121929,52.027253208734734,46.5204005121837,0.0
2025-07-25,KZTK,39311.1,0.006719840116041421,52.09755171961139,49.99148545586981,0.0
2025-07-28,KZTK,39355.01,0.005430190440891075,51.88950577064979,48.620643221603586,0.0
2025-07-29,KZTK,39360.01,0.00018626845224010632,51.04295842844954,49.879855039509756,0.0
2025-07-30,KZTK,39994.93,-0.01851450377367078,48.0225303003988,49.0211874116716,0.0
2025-07-31,KZTK,40249.0,-0.024837631290849357,47.00342287617202,50.263007723984785,0.0
2025-08-01,KZTK,40390.0,-0.023560933674451872,47.20901636204175,47.74767884507271,0.0
2025-08-04,KZTK,40703.0,-0.03139458863646024,45.94927226433029,48.85986821507055,0.0
2025-08-05,KZTK,41056.5,-0.04002453240975118,44.5675053483132,51.387503780803975,0.0
2025-08-06,KZTK,41194.0,-0.05253994862481899,42.578997868881245,49.102575609025436,0.0
2025-08-07,KZTK,40800.02,-0.05005715082087993,42.9717827490464,49.641083112065225,0.0
2025-08-08,KZTK,40800.0,-0.043204493464052335,44.06034683020744,49.90319527387302,0.0
2025-08-11,KZTK,40763.0,-0.0350435047792719,45.364147684681164,49.29265217437612,0.0
2025-08-12,KZTK,41498.0,-0.06084155954733332,41.272712358029054,54.43876421685661,0.0
2025-08-13,KZTK,41460.0,-0.06058923058369513,41.31224636569705,49.138004180696754,0.0
2025-08-14,KZTK,41486.0,-0.061206714408915126,41.21552112454322,47.89694135275005,0.0
2025-08-15,KZTK,41238.99,-0.06093677629731328,41.25779705660735,47.91899108648384,0.0
2025-08-18,KZTK,41264.73,-0.068811589961763,40.03003491251487,50.7031960318798,0.0
2025-08-19,KZTK,41050.0,-0.061420620420315916,41.1820297699358,50.22110913135463,0.0
2025-08-20,KZTK,41199.8,-0.06709273328072107,40.29701280726397,48.568373854758086,0.0
2025-08-21,KZTK,40697.1,-0.04822241199530886,43.262615616791464,50.50853488258616,0.0
2025-08-22,KZTK,40882.0,-0.057479750878059455,41.8003335108121,49.24896336509472,0.0
2025-08-25,KZTK,40999.0,-0.053128227653249,42.4860658030909,49.172718740389435,0.0
2025-08-26,KZTK,41500.0,-0.06237627079747554,41.032503316193356,49.54943388716012,0.0
2025-08-27,KZTK,41105.0,-0.053034571210392276,42.50085743385154,49.970394576199745,0.0
2025-08-28,KZTK,41022.0,-0.05103930852434582,42.816294243032274,48.97459844450924,0.0
2025-08-29,KZTK,41149.99,-0.05893404028773751,41.5718513108565,47.38146372820223,0.0
2025-09-02,KZTK,40954.0,-0.05782324415856426,41.746335429880546,48.078466309729286,0.0
2025-09-03,KZTK,40700.0,-0.05237991595491595,42.60428777493207,48.050641196141285,0.0
2025-09-04,KZTK,40700.01,-0.04972690345571587,43.02409658687666,48.011412347654314,0.0
2025-09-05,KZTK,40602.0,-0.05181732450430544,42.693224529286354,46.69765662626783,0.0
2025-09-08,KZTK,40305.0,-0.04478316438348072,43.809024270248976,50.41160474135268,0.0
2025-09-09,KZTK,40300.0,-0.043337844145102264,44.03910559709457,46.09763308187727,0.0
2025-09-10,KZTK,40100.0,-0.04381236096267263,43.96353826598582,50.49050407682432,0.0
2025-09-11,KZTK,40000.0,-0.04140407142857135,44.34734321710838,50.86276536255221,0.0
2025-09-12,KZTK,39999.97,-0.04425335605291386,43.89333437970074,49.04324767717047,0.0
2025-09-15,KZTK,40192.0,-0.05841811274138113,41.652867337249724,51.49503189688965,0.0
2025-09-16,KZTK,40185.0,-0.06104387564656316,41.241022314027006,51.24040940352968,0.0
2025-09-17,KZTK,40179.8,-0.05378111501894231,42.382989555062665,52.82092752667216,0.0
2025-09-18,KZTK,39799.0,-0.05164442234928931,42.72056712982669,50.420551745439795,0.0
2025-09-19,KZTK,39520.0,-0.045372058351005766,43.71535363227335,49.57274920960204,0.0
2025-09-22,KZTK,39799.99,-0.05478907520254735,42.22398565918168,47.81700012083517,0.0
2025-09-23,KZTK,40097.0,-0.06023727056134902,41.36740891726829,49.589517268221094,0.0
2025-09-24,KZTK,39750.0,-0.05402160826594789,42.34503772206375,50.745649920148814,0.0
2025-09-25,KZTK,39725.0,-0.056874318229494444,41.895556970332194,47.92704053733088,0.0
2025-09-26,KZTK,39724.97,-0.06852268207352905,40.07486803219232,52.674945135626885,0.0
2025-09-29,KZTK,39499.97,-0.08307789010376225,37.83828324082102,48.68778213825799,0.0
2025-09-30,KZTK,39200.0,-0.05815498866213152,41.694203068763606,50.03413269155967,0.0
2025-10-01,KZTK,39300.0,-0.06064764328123112,41.30309347291082,48.804452433531765,0.0
2025-10-02,KZTK,39210.1,-0.06614944354007748,40.443773152977215,50.28070883077015,0.0
2025-10-03,KZTK,39500.0,-0.07077028832630099,39.72652504715432,47.809673307542695,0.0
2025-10-06,KZTK,39301.1,-0.06910231478334568,39.9849366859349,49.97585723371397,0.0
2025-10-07,KZTK,39592.0,-0.08574604353292473,37.43353619303708,49.10223349469224,0.0
2025-10-08,KZTK,39691.98,-0.06661717345490385,40.37098054478954,50.15185711495717,0.0
2025-10-09,KZTK,39698.0,-0.043644746486768755,43.99022787978617,49.20197627369661,0.0
2025-10-10,KZTK,39700.0,-0.04298113630002799,44.09592993143987,49.15811075481684,0.0
2025-10-13,KZTK,39501.12,-0.020607701481448117,47.684942535155365,50.24388704482911,0.0
2025-10-14,KZTK,39360.36,-0.009186339094895054,49.52872750892019,52.16650907843857,0.0
2025-10-15,KZTK,39340.0,0.006571427159238599,52.073613347590495,47.15360257860343,0.0
2025-10-16,KZTK,39449.99,0.0011552501958709029,51.19944456852015,46.88495297113309,0.0
2025-10-17,KZTK,39272.0,0.004503553078731251,51.739979991541944,50.58825023561807,0.0
2025-10-20,KZTK,39270.0,0.00913869153722095,52.48755840530536,50.57132059121069,0.0
2025-10-21,KZTK,39324.99,0.004369807204504049,51.71839560462074,51.178585203013164,0.0
2025-10-22,KZTK,39112.01,0.0035839906605555534,51.59156503583701,50.16949382991071,0.0
2025-10-23,KZTK,39111.98,0.007959535956372343,52.29747065432622,49.773620853263715,0.0
2025-10-24,KZTK,38999.9,0.008803542534520856,52.43353724009337,46.63670065782966,0.0
2025-10-28,KZTK,38620.02,0.0218298771046974,54.52777768369602,50.7598509593017,0.0
2025-10-29,KZTK,38510.01,0.025539023490256118,55.121502366413345,49.98038492602316,0.0
2025-10-30,KZTK,38800.0,0.02859353624611362,55.60935358712856,49.992522618393465,0.0
2025-10-31,KZTK,38520.0,0.05414365450229937,59.6392206489493,49.74129065694111,0.0
2025-11-03,KZTK,38499.92,0.05470526420883601,59.72656056564502,49.955858398318284,0.0
2025-11-04,KZTK,38399.86,0.06459010386624336,61.2532750236946,50.391122523380275,0.0
2025-11-05,KZTK,38469.97,0.07140034676687063,62.29259771350746,48.520059803523175,0.0
2025-11-06,KZTK,38386.0,0.07379017829747783,62.65470477080483,47.84569559462107,0.0
2025-11-07,KZTK,38250.0,0.0964517273576097,66.01348211342047,48.43261570541893,0.0
2025-11-10,KZTK,37788.99,0.10618632965895755,67.41049750942327,52.90652451325731,0.0
2025-11-11,KZTK,37002.0,0.1294765746896564,70.62700955376529,53.36485114564588,0.0
2025-11-12,KZTK,37700.0,0.1082849132668098,67.70775965717421,50.932784808714544,0.0
2025-11-13,KZTK,37699.99,0.1175682410832142,69.00541896041032,48.306998893627174,0.0
2025-11-14,KZTK,37400.0,0.11893854299295477,69.19451876323,51.10602104065268,0.0
2025-11-17,KZTK,37496.0,0.13389018418049248,71.21527697321152,49.036664725974525,0.0
2025-11-18,KZTK,37374.99,0.1405704956267611,72.092165170309,48.6418635891609,0.0
2025-11-19,KZTK,36995.0,,,50.13979237047352,0.0
2025-11-20,KZTK,37850.0,,,50.45657208807802,0.0
2025-11-21,KZTK,38770.0,,,51.49167553664739,0.0
2025-11-24,KZTK,38800.0,,,49.606314253944504,0.0
2025-11-25,KZTK,39490.0,,,50.68212655005901,0.0
2025-11-26,KZTK,39800.0,,,50.25155093535308,0.0
2025-11-27,KZTK,40400.01,,,52.820584656806645,0.0
2025-11-28,KZTK,40300.0,,,45.455546239910575,0.0
2025-12-01,KZTK,40249.95,,,46.28996244721436,0.0
2025-12-02,KZTK,40430.0,,,48.95870847545891,0.0
2025-12-03,KZTK,40299.0,,,45.62631894820175,0.0
2025-12-04,KZTK,40050.01,,,49.19564075452257,0.0
2025-12-05,KZTK,40221.1,,,49.274613853728994,0.0
2025-12-08,KZTK,40138.99,,,50.2972613574236,0.0
2025-12-09,KZTK,40251.0,,,48.71911181303213,0.0
2025-12-10,KZTK,40279.0,,,47.44965374223961,0.0
2025-12-11,KZTK,40700.01,,,49.425099282093214,0.0
2025-12-12,KZTK,41390.0,,,50.5522103258507,0.0
2025-12-15,KZTK,41390.0,,,48.64228621589197,0.0
2025-12-17,KZTK,41661.99,,,49.08752515408585,0.0
2025-12-18,KZTK,42000.0,,,50.403885644605275,0.0
2025-12-19,KZTK,42000.0,,,50.70367445689864,0.0
2025-12-22,KZTK,42718.0,,,52.74362845705783,0.0
2025-12-23,KZTK,42571.0,,,48.80546631583195,0.0
2025-12-24,KZTK,42546.25,,,49.28125727504561,0.0
2025-12-25,KZTK,42550.0,,,47.72395145000402,0.0
2025-12-26,KZTK,42900.0,,,51.254317123230464,0.0
2025-12-29,KZTK,42610.0,,,47.68476850186602,0.0
2025-12-30,KZTK,43280.0,,,47.81366065418158,0.0
2025-12-31,KZTK,43390.0,,,48.25361316212034,0.0
2025-01-05,KZTO,819.63,-0.042724756597489116,44.136781339214984,50.2988194307946,0.0
2025-01-06,KZTO,823.0,-0.03643274219367779,45.14170283052486,47.79266957447317,0.0
2025-01-08,KZTO,825.0,-0.04334422799422803,44.03808877787124,49.28406490977561,0.0
2025-01-09,KZTO,824.99,-0.04551981859520374,43.69185760135304,47.99907974332685,0.0
2025-01-10,KZTO,828.5,-0.05560266186740236,42.095761118940125,51.9223872295688,0.0
2025-01-13,KZTO,830.0,-0.05192822241346337,42.675689576931575,48.87987740451657,0.0
2025-01-14,KZTO,832.0,-0.057297588522588525,41.828977916641854,48.43197498752894,0.0
2025-01-15,KZTO,835.0,-0.05787541821119671,41.73813525424276,52.23253738137574,0.0
2025-01-16,KZTO,843.0,-0.06763905835169182,40.21209282547819,48.04894649509046,0.0
2025-01-17,KZTO,839.99,-0.0450447702703188,43.76740723196069,49.30508494732879,0.0
2025-01-20,KZTO,834.0,-0.04644086730615508,43.5454616590075,50.9308560861811,0.0
2025-01-21,KZTO,835.06,-0.039281950370261325,44.6861037037779,49.95012047415432,0.0
2025-01-22,KZTO,830.0,-0.03692591795754446,45.06278167493968,49.054010172655374,0.0
2025-01-23,KZTO,828.53,-0.037601723989456125,44.95467526226212,48.50170383338036,0.0
2025-01-24,KZTO,830.81,-0.04927820783236395,43.09519852503389,53.03116854552054,0.0
2025-01-27,KZTO,835.99,-0.05483592574016894,42.21659896330354,50.90390919767655,0.0
2025-01-28,KZTO,844.0,-0.06644152561498529,40.39831159202152,48.610840997840754,0.0
2025-01-29,KZTO,850.03,-0.07658557401522145,38.83014471905513,52.243725973686864,0.0
2025-01-30,KZTO,848.0,-0.0731904013177598,39.352607915463054,51.44094678389782,0.0
2025-01-31,KZTO,842.5,-0.05875709457868211,41.59963196101565,51.952805600573114,0.0
2025-02-03,KZTO,844.0,-0.0669862615662379,40.313569409231256,51.545876634028765,0.0
2025-02-04,KZTO,844.0,-0.06511762393741069,40.60450314550619,48.929835310640456,0.0
2025-02-05,KZTO,840.0,-0.05499920634920635,42.19085802886565,48.15190107030105,0.0
2025-02-06,KZTO,837.0,-0.05024893753200205,42.94140938785305,47.46338423308917,0.0
2025-02-07,KZTO,834.6,-0.04956463660949648,43.049806675517935,49.75086891793202,0.0
2025-02-10,KZTO,820.0,-0.032734039876113036,45.734345165007504,52.83069405173722,0.0
2025-02-11,KZTO,821.0,-0.03899651218993487,44.731707429202956,48.259021310570816,0.0
2025-02-12,KZTO,817.99,-0.035358454123997726,45.31370140751285,48.26557870305343,0.0
2025-02-13,KZTO,805.99,-0.018298307183889213,48.05740897767082,46.471866495973984,0.0
2025-02-14,KZTO,816.96,-0.025767347005390556,46.85376931896576,47.6960586669464,0.0
2025-02-17,KZTO,799.01,-0.006031523335524543,50.03845866254424,50.57611610391647,0.0
2025-02-18,KZTO,807.5,-0.02770164995822893,46.54259473158095,48.47938450693259,0.0
2025-02-19,KZTO,803.78,-0.02321746190717112,47.26434392550029,47.070538303464325,0.0
2025-02-20,KZTO,801.98,-0.021054603784205542,47.61289314878761,48.43650496837323,0.0
2025-02-21,KZTO,797.0,-0.013612131803788015,48.813830613086175,47.70390328461501,0.0
2025-02-24,KZTO,801.5,-0.019288909683232824,47.89761259206771,50.469257176344,0.0
2025-02-25,KZTO,799.0,-0.01741470538570038,48.199978475139844,47.98710398451362,0.0
2025-02-26,KZTO,801.43,-0.015506634945590203,48.507943333509616,51.00787198638437,0.0
2025-02-27,KZTO,800.89,-0.017924061624300092,48.117789918705355,51.703103575727894,0.0
2025-02-28,KZTO,817.0,-0.04130007965650566,44.363931752201914,50.433670317811085,0.0
2025-03-03,KZTO,810.0,-0.018785405643738953,47.97882882557428,48.63148923100054,0.0
2025-03-04,KZTO,817.0,-0.022488637290901673,47.38176748707226,47.22399226635574,0.0
2025-03-05,KZTO,814.0,-0.0188734126984127,47.964632324657785,49.47512971519779,0.0
2025-03-06,KZTO,811.98,-0.018911876787957502,47.95842774922046,48.33926798245661,0.0
2025-03-07,KZTO,804.5,-0.007185074037901879,49.852072040345554,47.76244735162939,0.0
2025-03-11,KZTO,804.89,-0.003971254964939478,50.37134346684894,47.56907776812728,0.0
2025-03-12,KZTO,802.83,-0.0050873575352192255,50.191013054335244,47.29767171869748,0.0
2025-03-13,KZTO,799.99,0.004134614619190662,51.68043783475705,48.68660832053979,0.0
2025-03-14,KZTO,801.0,0.015944613875512763,53.583140395221996,47.215388193731854,0.0
2025-03-17,KZTO,808.0,0.007213268112525477,52.17713254861147,51.25810068345212,0.0
2025-03-18,KZTO,802.53,0.04413584249631976,58.07306982701954,50.023227700109295,0.0
2025-03-19,KZTO,804.15,0.044181420710421915,58.08024205171493,49.07515716554871,0.0
2025-03-20,KZTO,808.88,0.03791292679040427,57.0907463610289,50.35042362031661,0.0
2025-03-26,KZTO,810.0,0.039704805996472636,57.37421377178767,50.675087227780715,0.0
2025-03-27,KZTO,808.28,0.045012656662275656,58.210985831935325,53.15587882088392,0.0
2025-03-28,KZTO,807.99,0.047901235900491446,58.664418293419615,47.32723417041294,0.0
2025-03-31,KZTO,803.9,0.05460906686056273,59.711604593692854,49.17908100852041,1.0
2025-04-01,KZTO,804.0,0.04393634209902868,58.04167227215928,48.628779579837826,1.0
2025-04-02,KZTO,806.0,0.04192737799834574,57.725140783288545,48.860515659311666,1.0
2025-04-03,KZTO,810.9,0.049703886334408004,58.94665033298393,47.845800900642175,1.0
2025-04-04,KZTO,808.89,0.050512297878515494,59.07302946001033,47.076099482187814,1.0
2025-04-07,KZTO,800.02,0.06237316815095499,60.91267093600094,48.506359408542906,1.0
2025-04-08,KZTO,800.0,0.08119563492063492,63.76765462609833,53.46544994177523,1.0
2025-04-09,KZTO,800.0,0.10490694444444451,67.22858236658715,48.20490479741652,1.0
2025-04-10,KZTO,801.0,0.0995673533083645,66.46379140467829,47.430226453166675,1.0
2025-04-11,KZTO,801.0,0.0773766630996968,63.19546680695053,53.3635766875407,1.0
2025-04-14,KZTO,800.0,0.07998333333333335,63.586431698637554,48.46565113684293,1.0
2025-04-15,KZTO,803.96,-0.023670993127668866,47.191289066666364,47.87238965393117,1.0
2025-04-16,KZTO,801.5,-0.011865247452692868,49.095962575465705,50.686541089383226,1.0
2025-04-17,KZTO,798.55,-0.008132209595168962,49.69904008612256,46.68172288399059,1.0
2025-04-18,KZTO,809.98,-0.021132203215286152,47.60038360764759,47.21773677441706,1.0
2025-04-21,KZTO,814.0,-0.02356598904098904,47.208202077812295,48.81928443422248,1.0
2025-04-22,KZTO,814.0,-0.017377451152451154,48.20599012058188,47.149331417649854,1.0
2025-04-23,KZTO,812.0,-0.01749839901477833,48.18647318216628,47.132693785839166,1.0
2025-04-24,KZTO,814.0,-0.022254154479154478,47.4195520793495,48.94259428915832,1.0
2025-04-25,KZTO,816.99,-0.027124782360220062,46.63536934630157,48.00009660013964,1.0
2025-04-28,KZTO,814.01,-0.022444697878209394,47.38884766303788,48.7387574738713,1.0
2025-04-29,KZTO,818.5,-0.03137953500887221,45.95168862705059,51.489126682837444,1.0
2025-04-30,KZTO,828.99,-0.04400900846641269,43.932230111422285,46.99941946293774,1.0
2025-05-02,KZTO,829.18,-0.046980038636373136,43.45981518175597,47.51230134038205,1.0
2025-05-05,KZTO,853.2,-0.07316195666733644,39.356995584024475,54.13000288686621,1.0
2025-05-06,KZTO,854.95,-0.07695819942593882,38.77295723723789,54.537420753215216,1.0
2025-05-08,KZTO,854.9,-0.07338204296613172,39.32305112412357,49.17299101315331,1.0
2025-05-12,KZTO,857.53,-0.07571662536124882,38.963623127993976,48.62951742496648,1.0
2025-05-13,KZTO,859.99,-0.0719944295079474,39.53723740408404,49.58140696993027,1.0
2025-05-14,KZTO,862.0,-0.07883474662099951,38.485432975566944,50.26559931306761,1.0
2025-05-15,KZTO,863.0,-0.0828684820393974,37.87012215989419,47.897213493619105,0.0
2025-05-16,KZTO,854.5,-0.07350688674338468,39.303800736860595,46.864302644684614,0.0
2025-05-19,KZTO,855.0,-0.07541681286549715,39.00971555996773,49.22242487321179,0.0
2025-05-20,KZTO,866.5,-0.08494019500087016,37.55559758053332,50.099661771350874,0.0
2025-05-21,KZTO,865.0,-0.08192852555280297,38.01316391447801,49.262340382749905,0.0
2025-05-22,KZTO,864.99,-0.07971280795153703,38.35117088563072,51.214002693508625,0.0
2025-05-23,KZTO,880.0,-0.09456890331890333,36.10787318029174,55.20880122936015,0.0
2025-05-26,KZTO,898.95,-0.11181134511427357,33.57873305998842,54.308704757494404,0.0
2025-05-27,KZTO,895.79,-0.10866346514746131,34.034000953963385,50.42157315094437,0.0
2025-05-28,KZTO,878.0,-0.09346805871931155,36.27217484755311,50.65888347704872,0.0
2025-05-29,KZTO,878.98,-0.09233969197522239,36.44091759392567,50.804497309907916,0.0
2025-05-30,KZTO,799.99,-0.0022789649453951906,50.6447494050437,46.431444992807805,0.0
2025-06-02,KZTO,807.0,-0.010984103381129401,49.238295437721675,46.83498922856295,0.0
2025-06-03,KZTO,807.0,-0.013483449873133886,48.83461113311075,49.86253273134232,0.0
2025-06-04,KZTO,808.0,-0.015993006443501497,48.42943069818979,46.39902032280858,0.0
2025-06-05,KZTO,810.0,-0.016640608465608466,48.32490348581012,44.45162337108481,0.0
2025-06-09,KZTO,815.0,-0.025206561008861678,46.94403076335437,48.39652562914326,0.0
2025-06-10,KZTO,812.88,-0.020840939094858485,47.647338851901246,48.14786612445518,0.0
2025-06-11,KZTO,811.0,-0.01975606149570391,47.822269975757656,47.66214775388469,0.0
2025-06-12,KZTO,809.99,-0.019749221438555887,47.823373074986755,47.990098129392074,0.0
2025-06-13,KZTO,810.84,-0.022278960266954296,47.41555473078416,48.50968944391422,0.0
2025-06-16,KZTO,808.0,-0.021102828854314054,47.60511891343805,47.11183290641083,0.0
2025-06-17,KZTO,807.89,-0.019010516764521004,47.94251659433,47.39878698835753,0.0
2025-06-18,KZTO,805.61,-0.017906336419036113,48.12064984877075,47.475535377729734,0.0
2025-06-19,KZTO,806.6,-0.016779699424194872,48.30245517392364,49.5048756665995,0.0
2025-06-20,KZTO,805.0,-0.014801863354037267,48.62172422196165,46.39155490444583,0.0
2025-06-23,KZTO,808.0,-0.022241839541096965,47.4215365922064,45.94875578011057,0.0
2025-06-24,KZTO,808.48,-0.020359563939699524,47.72495133664204,47.97930347742103,0.0
2025-06-25,KZTO,814.0,-0.026046998946998953,46.80876552860121,47.48051543556996,0.0
2025-06-26,KZTO,810.0,-0.024701410934744268,47.02535445067813,48.038819790048706,0.0
2025-06-27,KZTO,807.45,-0.023420515202179755,47.23163461124469,47.27558644781345,0.0
2025-06-30,KZTO,807.48,-0.01664617186449556,48.324005578940884,47.34162031754625,0.0
2025-07-01,KZTO,806.31,-0.01893625599512408,47.95449521427819,47.597712665981675,0.0
2025-07-02,KZTO,808.9,-0.01903305164567987,47.93888165613344,48.94824651798365,0.0
2025-07-03,KZTO,810.1,-0.022846247915699218,47.32414785013776,49.40894561979843,0.0
2025-07-04,KZTO,812.0,-0.023451108374384237,47.22670664397684,47.55871441656714,0.0
2025-07-08,KZTO,813.0,-0.026126079189363258,46.79604025230347,49.06634639346807,0.0
2025-07-09,KZTO,814.99,-0.03274444608532546,45.732676005330305,48.934456927385824,0.0
2025-07-10,KZTO,814.94,-0.03255927184823429,45.76237944735481,49.31252763617587,0.0
2025-07-11,KZTO,812.1,-0.02886458549556995,46.35563921419006,47.383106364749345,0.0
2025-07-14,KZTO,814.0,-0.027169680394680346,46.62814778538709,47.8832656114636,0.0
2025-07-15,KZTO,812.9,-0.027121462693824,46.6359032989549,48.28941908734746,0.0
2025-07-16,KZTO,813.0,-0.02711366045803318,46.63715825474829,48.8179568466488,0.0
2025-07-17,KZTO,811.0,-0.0173515936625369,48.21016272556463,47.09926762136573,0.0
2025-07-18,KZTO,810.0,-0.017336992945326243,48.21251884407467,46.96383052916194,0.0
2025-07-21,KZTO,811.5,-0.020384539946600944,47.72092416245532,47.028092609427105,0.0
2025-07-22,KZTO,809.55,-0.017931233401272298,48.11663276886264,47.53549699075534,0.0
2025-07-23,KZTO,811.0,-0.013612261953692289,48.81380959571314,50.04746739676245,0.0
2025-07-24,KZTO,810.0,-0.009911199294532628,49.41162010300387,47.310614829838855,0.0
2025-07-25,KZTO,809.0,-0.008674343692977808,49.61144796617304,49.02712404168535,0.0
2025-07-28,KZTO,807.8,-0.003602790844818543,50.43087489150791,48.11431406479172,0.0
2025-07-29,KZTO,805.92,-0.007347658753793307,49.82580239115105,48.96362545911884,0.0
2025-07-30,KZTO,807.5,-0.000684613494520616,50.90229742700196,48.31372546034616,0.0
2025-07-31,KZTO,806.11,-0.0039005487897689484,50.38276729648786,46.67239738508085,0.0
2025-08-01,KZTO,808.01,-0.0039435657424482,50.37581715378,48.50583702835047,0.0
2025-08-04,KZTO,808.0,-0.002059343077164908,50.680228978221265,50.072970420120015,0.0
2025-08-05,KZTO,805.0,0.0005339371980676751,51.099107859363635,46.90220260002653,0.0
2025-08-06,KZTO,807.0,-0.0014638977400129975,50.77641870220836,51.03156190537478,0.0
2025-08-07,KZTO,807.88,-0.004795925766124276,50.23810080408593,49.57088247283031,0.0
2025-08-08,KZTO,805.0,0.012311766735679824,52.99870613922874,49.46620210667041,0.0
2025-08-11,KZTO,803.5,0.00929733037998439,52.51312666700974,49.031167118670346,0.0
2025-08-12,KZTO,809.0,0.01718948142915999,53.78319041740356,50.92162827504772,0.0
2025-08-13,KZTO,805.98,0.035875073202808985,56.76780161701692,48.34760297171106,0.0
2025-08-14,KZTO,808.49,0.028849331361795967,55.650160172643595,48.9407458158686,0.0
2025-08-15,KZTO,806.6,0.028777791356231746,55.638748275551755,48.121404270570686,0.0
2025-08-18,KZTO,808.0,0.05053153386767249,59.076035173159305,47.22071248622412,0.0
2025-08-19,KZTO,806.82,0.04464454070713825,58.153099580037136,48.71132919256605,0.0
2025-08-20,KZTO,803.4,0.055983366229240064,59.92509669354924,50.499840540384966,0.0
2025-08-21,KZTO,803.5,0.06379358041702474,61.1310239584516,48.532713069861295,0.0
2025-08-22,KZTO,803.7,0.059067396772071915,60.40280885222504,50.637817767866565,0.0
2025-08-25,KZTO,806.96,0.05534453532048941,59.82590310549638,49.28749613986934,0.0
2025-08-26,KZTO,805.91,0.05202965178080269,59.3099130981856,48.27427310376196,0.0
2025-08-27,KZTO,806.02,0.05559746155221644,59.86518554730144,50.823099946310805,0.0
2025-08-28,KZTO,811.96,0.03667033030792816,56.89389840360764,48.99419792280979,0.0
2025-08-29,KZTO,810.97,0.04774730287715414,58.640291084297004,48.22897081122969,0.0
2025-09-02,KZTO,810.0,0.007027954144620801,52.147246099836906,48.28972024117594,0.0
2025-09-03,KZTO,810.04,0.030366214699959992,55.89198770420475,49.8920183547414,0.0
2025-09-04,KZTO,815.0,0.03378365712338102,56.43576975530819,51.29214378284486,0.0
2025-09-05,KZTO,817.0,0.04519916846379515,58.240306200527606,47.44661823403772,0.0
2025-09-08,KZTO,817.0,0.04510655806182127,58.22574821789422,47.641056397438334,0.0
2025-09-09,KZTO,819.9,0.029776552454132053,55.79801398124794,49.44371552025036,0.0
2025-09-10,KZTO,815.0,0.029414750706008404,55.740333491847096,47.207971220645,0.0
2025-09-11,KZTO,822.0,0.020942413972888423,54.38552352454724,52.7750792104072,0.0
2025-09-12,KZTO,818.0,0.021090710986921255,54.40929954642812,49.41257001966545,0.0
2025-09-15,KZTO,819.9,0.029358122070635765,55.731304027650665,47.93641682260788,0.0
2025-09-16,KZTO,821.42,0.01787848383345453,53.89386106441093,48.550396861976594,0.0
2025-09-17,KZTO,820.46,0.016551528294812518,53.68068625596537,46.84888136527368,0.0
2025-09-18,KZTO,820.89,0.008522615697596499,52.3882515096019,50.09864353809627,0.0
2025-09-19,KZTO,819.1,0.005955492575087221,51.97425569246107,48.05556193566711,0.0
2025-09-22,KZTO,829.96,-0.013706021651837142,48.79866883692156,49.904854405636726,0.0
2025-09-23,KZTO,826.0,-0.022069121603443646,47.449370390503674,47.70534784091051,0.0
2025-09-24,KZTO,838.05,-0.028119528752972408,46.475404359009715,48.971577482693576,0.0
2025-09-25,KZTO,850.0,-0.04574404761904764,43.65620733129383,50.19405499581136,0.0
2025-09-26,KZTO,846.98,-0.04455845581331545,43.84477853310385,48.75301098215316,0.0
2025-09-29,KZTO,844.95,-0.046999465733390866,43.4567299449366,51.275442191432184,0.0
2025-09-30,KZTO,864.0,-0.053917460317460295,42.36147202781753,48.84104040943349,0.0
2025-10-01,KZTO,858.0,-0.05373445443445443,42.39035402544089,48.55226880480267,0.0
2025-10-02,KZTO,863.48,-0.05991675767896759,41.41766162581174,50.18310215223098,0.0
2025-10-03,KZTO,869.87,-0.07259568897906843,39.444379641360776,48.160777369211125,0.0
2025-10-06,KZTO,866.29,-0.06776782022204883,40.19208679297171,47.16665888031321,0.0
2025-10-07,KZTO,866.8,-0.06500662187502289,40.62180637184244,48.3527231065398,0.0
2025-10-08,KZTO,863.0,-0.058564894517096164,41.62981360726024,50.19920939722949,0.0
2025-10-09,KZTO,865.99,-0.05951812983287135,41.48018678042948,48.474280079096374,0.0
2025-10-10,KZTO,857.01,-0.05649505295543031,41.95523926638114,48.83980295934308,0.0
2025-10-13,KZTO,864.99,-0.0665348171655164,40.38379455454811,50.574213086090616,0.0
2025-10-14,KZTO,831.01,-0.02673373363508886,46.69827295614997,50.499246694192784,0.0
2025-10-15,KZTO,850.0,-0.03886753034547155,44.75231744002205,47.493753939367494,0.0
2025-10-16,KZTO,858.03,-0.044900902371600916,43.790293081124226,50.09428622639699,0.0
2025-10-17,KZTO,869.5,-0.055476043520724376,42.11570972229575,46.85458781409112,0.0
2025-10-20,KZTO,869.46,-0.044978870820750264,43.777889887187264,49.77138178153685,0.0
2025-10-21,KZTO,860.01,-0.02621229858346055,46.78216664721244,48.10498512409995,0.0
2025-10-22,KZTO,854.6,-0.014337097463215005,48.696765608085805,49.627086696100896,0.0
2025-10-23,KZTO,855.0,-0.014398015873015878,48.68692934238968,48.09610433385428,0.0
2025-10-24,KZTO,851.0,-0.003952734411430063,50.37433579271045,47.36182431716197,0.0
2025-10-28,KZTO,859.8,-0.010992422379512364,49.23695159286489,49.73106163721658,0.0
2025-10-29,KZTO,852.01,0.011234258745379564,52.82519650572224,47.32476189113606,0.0
2025-10-30,KZTO,849.99,0.03846019265492758,57.177371659763544,47.0128813841899,0.0
2025-10-31,KZTO,843.9,0.046054726778731486,58.37472830449204,48.479652735161686,0.0
2025-11-03,KZTO,840.0,0.07844761904761904,63.35630889381068,47.86002874060345,0.0
2025-11-04,KZTO,834.86,0.12773517893314684,70.3929855905751,47.67749779128607,0.0
2025-11-05,KZTO,824.01,0.14673716922066948,72.88693256246098,45.72825803415025,0.0
2025-11-06,KZTO,831.0,0.13248122170649246,71.02824729069349,47.82899642595487,0.0
2025-11-07,KZTO,827.9,0.13063776700276278,70.78245871476457,47.266389371333524,0.0
2025-11-10,KZTO,826.0,0.12914490180252894,70.58251980798168,47.778890932053045,0.0
2025-11-11,KZTO,822.0,0.15908046865948325,74.4343754458028,47.30534776720424,0.0
2025-11-12,KZTO,834.6,0.1274929584174911,70.36034841473716,49.608622318204084,0.0
2025-11-13,KZTO,829.0,0.11715198316962491,68.9478494698841,47.07250584028717,0.0
2025-11-14,KZTO,829.0,0.12004386284871808,69.34658394355938,52.06679115618952,0.0
2025-11-17,KZTO,824.15,0.12788344198303406,70.41295251173582,48.00682789126968,0.0
2025-11-18,KZTO,824.99,0.13116283960248096,70.85259150661717,48.12390454368064,0.0
2025-11-19,KZTO,827.92,,,47.59076301723324,0.0
2025-11-20,KZTO,829.9,,,50.05879004529095,0.0
2025-11-21,KZTO,832.0,,,48.96886854825607,0.0
2025-11-24,KZTO,826.0,,,49.67900950085158,0.0
2025-11-25,KZTO,825.02,,,47.523259056056744,0.0
2025-11-26,KZTO,825.71,,,47.015825708050585,0.0
2025-11-27,KZTO,834.28,,,48.98897429322572,0.0
2025-11-28,KZTO,837.0,,,49.57987823983271,0.0
2025-12-01,KZTO,839.0,,,49.35953033363081,0.0
2025-12-02,KZTO,848.09,,,46.7904427376482,0.0
2025-12-03,KZTO,855.01,,,51.664485415131885,0.0
2025-12-04,KZTO,859.78,,,48.32900068649487,0.0
2025-12-05,KZTO,860.13,,,51.86073277592691,0.0
2025-12-08,KZTO,865.0,,,48.147543886693185,0.0
2025-12-09,KZTO,867.89,,,48.267224955203005,0.0
2025-12-10,KZTO,878.96,,,49.250159256556856,0.0
2025-12-11,KZTO,900.0,,,53.56982878341589,0.0
2025-12-12,KZTO,899.95,,,51.282360193749035,0.0
2025-12-15,KZTO,923.0,,,52.45981727596574,0.0
2025-12-17,KZTO,958.5,,,56.121498549992765,0.0
2025-12-18,KZTO,961.7,,,42.666017380334466,0.0
2025-12-19,KZTO,958.01,,,44.18043359476103,0.0
2025-12-22,KZTO,952.91,,,48.6268756086502,0.0
2025-12-23,KZTO,949.49,,,47.78886385906347,0.0
2025-12-24,KZTO,969.5,,,55.14179864990519,0.0
2025-12-25,KZTO,958.0,,,49.118707367888994,0.0
2025-12-26,KZTO,943.0,,,48.22642294659235,0.0
2025-12-29,KZTO,945.4,,,48.9374760894668,0.0
2025-12-30,KZTO,946.33,,,48.61350097090639,0.0
2025-12-31,KZTO,950.0,,,49.795944305837146,0.0
